[0.000000] (-) TimerEvent: {}
[0.000145] (px4_msgs) JobQueued: {'identifier': 'px4_msgs', 'dependencies': OrderedDict()}
[0.000169] (px4_ros_com) JobQueued: {'identifier': 'px4_ros_com', 'dependencies': OrderedDict([('px4_msgs', '/home/mustardking/ws_sensor_combined/install/px4_msgs')])}
[0.000480] (px4_msgs) JobStarted: {'identifier': 'px4_msgs'}
[0.007494] (px4_msgs) JobProgress: {'identifier': 'px4_msgs', 'progress': 'cmake'}
[0.008594] (px4_msgs) JobProgress: {'identifier': 'px4_msgs', 'progress': 'build'}
[0.009057] (px4_msgs) Command: {'cmd': ['/usr/bin/cmake', '--build', '/home/mustardking/ws_sensor_combined/build/px4_msgs', '--', '-j4', '-l4'], 'cwd': '/home/mustardking/ws_sensor_combined/build/px4_msgs', 'env': OrderedDict([('GJS_DEBUG_TOPICS', 'JS ERROR;JS LOG'), ('LESSOPEN', '| /usr/bin/lesspipe %s'), ('USER', 'mustardking'), ('XDG_SESSION_TYPE', 'wayland'), ('GIT_ASKPASS', '/usr/share/code/resources/app/extensions/git/dist/askpass.sh'), ('SHLVL', '2'), ('HOME', '/home/mustardking'), ('CHROME_DESKTOP', 'code.desktop'), ('OLDPWD', '/home/mustardking/ws_sensor_combined'), ('TERM_PROGRAM_VERSION', '1.105.1'), ('DESKTOP_SESSION', 'ubuntu'), ('GIO_LAUNCHED_DESKTOP_FILE', '/usr/share/applications/code.desktop'), ('GNOME_SHELL_SESSION_MODE', 'ubuntu'), ('GTK_MODULES', 'gail:atk-bridge'), ('VSCODE_GIT_ASKPASS_MAIN', '/usr/share/code/resources/app/extensions/git/dist/askpass-main.js'), ('VSCODE_GIT_ASKPASS_NODE', '/usr/share/code/code'), ('MANAGERPID', '1371'), ('SYSTEMD_EXEC_PID', '1484'), ('IM_CONFIG_CHECK_ENV', '1'), ('VSCODE_PYTHON_AUTOACTIVATE_GUARD', '1'), ('DBUS_SESSION_BUS_ADDRESS', 'unix:path=/run/user/1000/bus'), ('COLORTERM', 'truecolor'), ('GIO_LAUNCHED_DESKTOP_FILE_PID', '2089'), ('IM_CONFIG_PHASE', '1'), ('WAYLAND_DISPLAY', 'wayland-0'), ('LOGNAME', 'mustardking'), ('JOURNAL_STREAM', '8:27332'), ('_', '/usr/bin/colcon'), ('XDG_SESSION_CLASS', 'user'), ('USERNAME', 'mustardking'), ('TERM', 'xterm-256color'), ('GNOME_DESKTOP_SESSION_ID', 'this-is-deprecated'), ('PATH', '/opt/gcc-arm-none-eabi-9-2020-q2-update/bin:/home/mustardking/.local/bin:/opt/gcc-arm-none-eabi-9-2020-q2-update/bin:/home/mustardking/.local/bin:/usr/local/sbin:/usr/local/bin:/usr/sbin:/usr/bin:/sbin:/bin:/usr/games:/usr/local/games:/snap/bin:/snap/bin'), ('SESSION_MANAGER', 'local/hektors-mac:@/tmp/.ICE-unix/1460,unix/hektors-mac:/tmp/.ICE-unix/1460'), ('INVOCATION_ID', 'ef6132173e1549938973bc73c166080a'), ('XDG_MENU_PREFIX', 'gnome-'), ('GNOME_SETUP_DISPLAY', ':1'), ('XDG_RUNTIME_DIR', '/run/user/1000'), ('GDK_BACKEND', 'x11'), ('DISPLAY', ':0'), ('LANG', 'en_US.UTF-8'), ('XDG_CURRENT_DESKTOP', 'Unity'), ('XMODIFIERS', '@im=ibus'), ('XDG_SESSION_DESKTOP', 'ubuntu'), ('XAUTHORITY', '/run/user/1000/.mutter-Xwaylandauth.Q6BCF3'), ('LS_COLORS', 'rs=0:di=01;34:ln=01;36:mh=00:pi=40;33:so=01;35:do=01;35:bd=40;33;01:cd=40;33;01:or=40;31;01:mi=00:su=37;41:sg=30;43:ca=30;41:tw=30;42:ow=34;42:st=37;44:ex=01;32:*.tar=01;31:*.tgz=01;31:*.arc=01;31:*.arj=01;31:*.taz=01;31:*.lha=01;31:*.lz4=01;31:*.lzh=01;31:*.lzma=01;31:*.tlz=01;31:*.txz=01;31:*.tzo=01;31:*.t7z=01;31:*.zip=01;31:*.z=01;31:*.dz=01;31:*.gz=01;31:*.lrz=01;31:*.lz=01;31:*.lzo=01;31:*.xz=01;31:*.zst=01;31:*.tzst=01;31:*.bz2=01;31:*.bz=01;31:*.tbz=01;31:*.tbz2=01;31:*.tz=01;31:*.deb=01;31:*.rpm=01;31:*.jar=01;31:*.war=01;31:*.ear=01;31:*.sar=01;31:*.rar=01;31:*.alz=01;31:*.ace=01;31:*.zoo=01;31:*.cpio=01;31:*.7z=01;31:*.rz=01;31:*.cab=01;31:*.wim=01;31:*.swm=01;31:*.dwm=01;31:*.esd=01;31:*.jpg=01;35:*.jpeg=01;35:*.mjpg=01;35:*.mjpeg=01;35:*.gif=01;35:*.bmp=01;35:*.pbm=01;35:*.pgm=01;35:*.ppm=01;35:*.tga=01;35:*.xbm=01;35:*.xpm=01;35:*.tif=01;35:*.tiff=01;35:*.png=01;35:*.svg=01;35:*.svgz=01;35:*.mng=01;35:*.pcx=01;35:*.mov=01;35:*.mpg=01;35:*.mpeg=01;35:*.m2v=01;35:*.mkv=01;35:*.webm=01;35:*.webp=01;35:*.ogm=01;35:*.mp4=01;35:*.m4v=01;35:*.mp4v=01;35:*.vob=01;35:*.qt=01;35:*.nuv=01;35:*.wmv=01;35:*.asf=01;35:*.rm=01;35:*.rmvb=01;35:*.flc=01;35:*.avi=01;35:*.fli=01;35:*.flv=01;35:*.gl=01;35:*.dl=01;35:*.xcf=01;35:*.xwd=01;35:*.yuv=01;35:*.cgm=01;35:*.emf=01;35:*.ogv=01;35:*.ogx=01;35:*.aac=00;36:*.au=00;36:*.flac=00;36:*.m4a=00;36:*.mid=00;36:*.midi=00;36:*.mka=00;36:*.mp3=00;36:*.mpc=00;36:*.ogg=00;36:*.ra=00;36:*.wav=00;36:*.oga=00;36:*.opus=00;36:*.spx=00;36:*.xspf=00;36:'), ('VSCODE_GIT_IPC_HANDLE', '/run/user/1000/vscode-git-fdd1aba908.sock'), ('TERM_PROGRAM', 'vscode'), ('SSH_AGENT_LAUNCHER', 'gnome-keyring'), ('SSH_AUTH_SOCK', '/run/user/1000/keyring/ssh'), ('ORIGINAL_XDG_CURRENT_DESKTOP', 'ubuntu:GNOME'), ('SHELL', '/bin/bash'), ('QT_ACCESSIBILITY', '1'), ('GDMSESSION', 'ubuntu'), ('LESSCLOSE', '/usr/bin/lesspipe %s %s'), ('GJS_DEBUG_OUTPUT', 'stderr'), ('VSCODE_GIT_ASKPASS_EXTRA_ARGS', ''), ('QT_IM_MODULE', 'ibus'), ('PWD', '/home/mustardking/ws_sensor_combined/build/px4_msgs'), ('LC_ALL', 'en_US.UTF-8'), ('XDG_CONFIG_DIRS', '/etc/xdg/xdg-ubuntu:/etc/xdg'), ('XDG_DATA_DIRS', '/usr/share/ubuntu:/home/mustardking/.local/share/flatpak/exports/share:/var/lib/flatpak/exports/share:/usr/local/share/:/usr/share/:/var/lib/snapd/desktop'), ('COLCON', '1')]), 'shell': False}
[0.101008] (-) TimerEvent: {}
[0.205751] (-) TimerEvent: {}
[0.310531] (-) TimerEvent: {}
[0.415393] (-) TimerEvent: {}
[0.516281] (-) TimerEvent: {}
[0.590965] (px4_msgs) StdoutLine: {'line': b'[  0%] Built target px4_msgs__cpp\n'}
[0.616397] (-) TimerEvent: {}
[0.662549] (px4_msgs) StdoutLine: {'line': b'\x1b[35m\x1b[1mConsolidate compiler generated dependencies of target px4_msgs__rosidl_generator_c\x1b[0m\n'}
[0.716538] (-) TimerEvent: {}
[0.724640] (px4_msgs) StdoutLine: {'line': b'\x1b[35m\x1b[1mConsolidate compiler generated dependencies of target px4_msgs__rosidl_typesupport_cpp\x1b[0m\n'}
[0.766784] (px4_msgs) StdoutLine: {'line': b'[  0%] Built target ament_cmake_python_copy_px4_msgs\n'}
[0.788598] (px4_msgs) StdoutLine: {'line': b'[ 12%] Built target px4_msgs__rosidl_generator_c\n'}
[0.817812] (px4_msgs) StdoutLine: {'line': b'\x1b[35m\x1b[1mConsolidate compiler generated dependencies of target px4_msgs__rosidl_typesupport_fastrtps_cpp\x1b[0m\n'}
[0.817916] (-) TimerEvent: {}
[0.863012] (px4_msgs) StdoutLine: {'line': b'[ 24%] Built target px4_msgs__rosidl_typesupport_cpp\n'}
[0.918031] (-) TimerEvent: {}
[0.918552] (px4_msgs) StdoutLine: {'line': b'\x1b[35m\x1b[1mConsolidate compiler generated dependencies of target px4_msgs__rosidl_typesupport_introspection_cpp\x1b[0m\n'}
[0.926896] (px4_msgs) StdoutLine: {'line': b'running egg_info\n'}
[0.932678] (px4_msgs) StdoutLine: {'line': b'writing px4_msgs.egg-info/PKG-INFO\n'}
[0.933119] (px4_msgs) StdoutLine: {'line': b'writing dependency_links to px4_msgs.egg-info/dependency_links.txt\n'}
[0.933525] (px4_msgs) StdoutLine: {'line': b'writing top-level names to px4_msgs.egg-info/top_level.txt\n'}
[0.951264] (px4_msgs) StdoutLine: {'line': b"reading manifest file 'px4_msgs.egg-info/SOURCES.txt'\n"}
[0.953143] (px4_msgs) StdoutLine: {'line': b"writing manifest file 'px4_msgs.egg-info/SOURCES.txt'\n"}
[0.973649] (px4_msgs) StdoutLine: {'line': b'[ 24%] Built target ament_cmake_python_build_px4_msgs_egg\n'}
[1.003799] (px4_msgs) StdoutLine: {'line': b'\x1b[35m\x1b[1mConsolidate compiler generated dependencies of target px4_msgs__rosidl_typesupport_fastrtps_c\x1b[0m\n'}
[1.018115] (-) TimerEvent: {}
[1.074931] (px4_msgs) StdoutLine: {'line': b'[ 36%] Built target px4_msgs__rosidl_typesupport_fastrtps_cpp\n'}
[1.086330] (px4_msgs) StdoutLine: {'line': b'[ 49%] Built target px4_msgs__rosidl_typesupport_introspection_cpp\n'}
[1.098777] (px4_msgs) StdoutLine: {'line': b'\x1b[35m\x1b[1mConsolidate compiler generated dependencies of target px4_msgs__rosidl_typesupport_introspection_c\x1b[0m\n'}
[1.118219] (-) TimerEvent: {}
[1.133116] (px4_msgs) StdoutLine: {'line': b'\x1b[35m\x1b[1mConsolidate compiler generated dependencies of target px4_msgs__rosidl_typesupport_c\x1b[0m\n'}
[1.143271] (px4_msgs) StdoutLine: {'line': b'[ 62%] Built target px4_msgs__rosidl_typesupport_introspection_c\n'}
[1.149220] (px4_msgs) StdoutLine: {'line': b'[ 75%] Built target px4_msgs__rosidl_typesupport_fastrtps_c\n'}
[1.165734] (px4_msgs) StdoutLine: {'line': b'[ 88%] Built target px4_msgs__rosidl_typesupport_c\n'}
[1.174544] (px4_msgs) StdoutLine: {'line': b'[ 88%] Built target px4_msgs\n'}
[1.190081] (px4_msgs) StdoutLine: {'line': b'[ 88%] Built target px4_msgs__py\n'}
[1.218312] (-) TimerEvent: {}
[1.264191] (px4_msgs) StdoutLine: {'line': b'\x1b[35m\x1b[1mConsolidate compiler generated dependencies of target px4_msgs__rosidl_generator_py\x1b[0m\n'}
[1.319103] (-) TimerEvent: {}
[1.376474] (px4_msgs) StdoutLine: {'line': b'[100%] Built target px4_msgs__rosidl_generator_py\n'}
[1.382363] (px4_msgs) StdoutLine: {'line': b'\x1b[35m\x1b[1mConsolidate compiler generated dependencies of target px4_msgs__rosidl_typesupport_introspection_c__pyext\x1b[0m\n'}
[1.382443] (px4_msgs) StdoutLine: {'line': b'\x1b[35m\x1b[1mConsolidate compiler generated dependencies of target px4_msgs__rosidl_typesupport_fastrtps_c__pyext\x1b[0m\n'}
[1.382594] (px4_msgs) StdoutLine: {'line': b'\x1b[35m\x1b[1mConsolidate compiler generated dependencies of target px4_msgs__rosidl_typesupport_c__pyext\x1b[0m\n'}
[1.392289] (px4_msgs) StdoutLine: {'line': b'[100%] Built target px4_msgs__rosidl_typesupport_fastrtps_c__pyext\n'}
[1.392360] (px4_msgs) StdoutLine: {'line': b'[100%] Built target px4_msgs__rosidl_typesupport_introspection_c__pyext\n'}
[1.392700] (px4_msgs) StdoutLine: {'line': b'[100%] Built target px4_msgs__rosidl_typesupport_c__pyext\n'}
[1.398684] (px4_msgs) CommandEnded: {'returncode': 0}
[1.399921] (px4_msgs) JobProgress: {'identifier': 'px4_msgs', 'progress': 'install'}
[1.403765] (px4_msgs) Command: {'cmd': ['/usr/bin/cmake', '--install', '/home/mustardking/ws_sensor_combined/build/px4_msgs'], 'cwd': '/home/mustardking/ws_sensor_combined/build/px4_msgs', 'env': OrderedDict([('GJS_DEBUG_TOPICS', 'JS ERROR;JS LOG'), ('LESSOPEN', '| /usr/bin/lesspipe %s'), ('USER', 'mustardking'), ('XDG_SESSION_TYPE', 'wayland'), ('GIT_ASKPASS', '/usr/share/code/resources/app/extensions/git/dist/askpass.sh'), ('SHLVL', '2'), ('HOME', '/home/mustardking'), ('CHROME_DESKTOP', 'code.desktop'), ('OLDPWD', '/home/mustardking/ws_sensor_combined'), ('TERM_PROGRAM_VERSION', '1.105.1'), ('DESKTOP_SESSION', 'ubuntu'), ('GIO_LAUNCHED_DESKTOP_FILE', '/usr/share/applications/code.desktop'), ('GNOME_SHELL_SESSION_MODE', 'ubuntu'), ('GTK_MODULES', 'gail:atk-bridge'), ('VSCODE_GIT_ASKPASS_MAIN', '/usr/share/code/resources/app/extensions/git/dist/askpass-main.js'), ('VSCODE_GIT_ASKPASS_NODE', '/usr/share/code/code'), ('MANAGERPID', '1371'), ('SYSTEMD_EXEC_PID', '1484'), ('IM_CONFIG_CHECK_ENV', '1'), ('VSCODE_PYTHON_AUTOACTIVATE_GUARD', '1'), ('DBUS_SESSION_BUS_ADDRESS', 'unix:path=/run/user/1000/bus'), ('COLORTERM', 'truecolor'), ('GIO_LAUNCHED_DESKTOP_FILE_PID', '2089'), ('IM_CONFIG_PHASE', '1'), ('WAYLAND_DISPLAY', 'wayland-0'), ('LOGNAME', 'mustardking'), ('JOURNAL_STREAM', '8:27332'), ('_', '/usr/bin/colcon'), ('XDG_SESSION_CLASS', 'user'), ('USERNAME', 'mustardking'), ('TERM', 'xterm-256color'), ('GNOME_DESKTOP_SESSION_ID', 'this-is-deprecated'), ('PATH', '/opt/gcc-arm-none-eabi-9-2020-q2-update/bin:/home/mustardking/.local/bin:/opt/gcc-arm-none-eabi-9-2020-q2-update/bin:/home/mustardking/.local/bin:/usr/local/sbin:/usr/local/bin:/usr/sbin:/usr/bin:/sbin:/bin:/usr/games:/usr/local/games:/snap/bin:/snap/bin'), ('SESSION_MANAGER', 'local/hektors-mac:@/tmp/.ICE-unix/1460,unix/hektors-mac:/tmp/.ICE-unix/1460'), ('INVOCATION_ID', 'ef6132173e1549938973bc73c166080a'), ('XDG_MENU_PREFIX', 'gnome-'), ('GNOME_SETUP_DISPLAY', ':1'), ('XDG_RUNTIME_DIR', '/run/user/1000'), ('GDK_BACKEND', 'x11'), ('DISPLAY', ':0'), ('LANG', 'en_US.UTF-8'), ('XDG_CURRENT_DESKTOP', 'Unity'), ('XMODIFIERS', '@im=ibus'), ('XDG_SESSION_DESKTOP', 'ubuntu'), ('XAUTHORITY', '/run/user/1000/.mutter-Xwaylandauth.Q6BCF3'), ('LS_COLORS', 'rs=0:di=01;34:ln=01;36:mh=00:pi=40;33:so=01;35:do=01;35:bd=40;33;01:cd=40;33;01:or=40;31;01:mi=00:su=37;41:sg=30;43:ca=30;41:tw=30;42:ow=34;42:st=37;44:ex=01;32:*.tar=01;31:*.tgz=01;31:*.arc=01;31:*.arj=01;31:*.taz=01;31:*.lha=01;31:*.lz4=01;31:*.lzh=01;31:*.lzma=01;31:*.tlz=01;31:*.txz=01;31:*.tzo=01;31:*.t7z=01;31:*.zip=01;31:*.z=01;31:*.dz=01;31:*.gz=01;31:*.lrz=01;31:*.lz=01;31:*.lzo=01;31:*.xz=01;31:*.zst=01;31:*.tzst=01;31:*.bz2=01;31:*.bz=01;31:*.tbz=01;31:*.tbz2=01;31:*.tz=01;31:*.deb=01;31:*.rpm=01;31:*.jar=01;31:*.war=01;31:*.ear=01;31:*.sar=01;31:*.rar=01;31:*.alz=01;31:*.ace=01;31:*.zoo=01;31:*.cpio=01;31:*.7z=01;31:*.rz=01;31:*.cab=01;31:*.wim=01;31:*.swm=01;31:*.dwm=01;31:*.esd=01;31:*.jpg=01;35:*.jpeg=01;35:*.mjpg=01;35:*.mjpeg=01;35:*.gif=01;35:*.bmp=01;35:*.pbm=01;35:*.pgm=01;35:*.ppm=01;35:*.tga=01;35:*.xbm=01;35:*.xpm=01;35:*.tif=01;35:*.tiff=01;35:*.png=01;35:*.svg=01;35:*.svgz=01;35:*.mng=01;35:*.pcx=01;35:*.mov=01;35:*.mpg=01;35:*.mpeg=01;35:*.m2v=01;35:*.mkv=01;35:*.webm=01;35:*.webp=01;35:*.ogm=01;35:*.mp4=01;35:*.m4v=01;35:*.mp4v=01;35:*.vob=01;35:*.qt=01;35:*.nuv=01;35:*.wmv=01;35:*.asf=01;35:*.rm=01;35:*.rmvb=01;35:*.flc=01;35:*.avi=01;35:*.fli=01;35:*.flv=01;35:*.gl=01;35:*.dl=01;35:*.xcf=01;35:*.xwd=01;35:*.yuv=01;35:*.cgm=01;35:*.emf=01;35:*.ogv=01;35:*.ogx=01;35:*.aac=00;36:*.au=00;36:*.flac=00;36:*.m4a=00;36:*.mid=00;36:*.midi=00;36:*.mka=00;36:*.mp3=00;36:*.mpc=00;36:*.ogg=00;36:*.ra=00;36:*.wav=00;36:*.oga=00;36:*.opus=00;36:*.spx=00;36:*.xspf=00;36:'), ('VSCODE_GIT_IPC_HANDLE', '/run/user/1000/vscode-git-fdd1aba908.sock'), ('TERM_PROGRAM', 'vscode'), ('SSH_AGENT_LAUNCHER', 'gnome-keyring'), ('SSH_AUTH_SOCK', '/run/user/1000/keyring/ssh'), ('ORIGINAL_XDG_CURRENT_DESKTOP', 'ubuntu:GNOME'), ('SHELL', '/bin/bash'), ('QT_ACCESSIBILITY', '1'), ('GDMSESSION', 'ubuntu'), ('LESSCLOSE', '/usr/bin/lesspipe %s %s'), ('GJS_DEBUG_OUTPUT', 'stderr'), ('VSCODE_GIT_ASKPASS_EXTRA_ARGS', ''), ('QT_IM_MODULE', 'ibus'), ('PWD', '/home/mustardking/ws_sensor_combined/build/px4_msgs'), ('LC_ALL', 'en_US.UTF-8'), ('XDG_CONFIG_DIRS', '/etc/xdg/xdg-ubuntu:/etc/xdg'), ('XDG_DATA_DIRS', '/usr/share/ubuntu:/home/mustardking/.local/share/flatpak/exports/share:/var/lib/flatpak/exports/share:/usr/local/share/:/usr/share/:/var/lib/snapd/desktop'), ('COLCON', '1')]), 'shell': False}
[1.408282] (px4_msgs) StdoutLine: {'line': b'-- Install configuration: ""\n'}
[1.408603] (px4_msgs) StdoutLine: {'line': b'-- Up-to-date: /home/mustardking/ws_sensor_combined/install/px4_msgs/share/ament_index/resource_index/rosidl_interfaces/px4_msgs\n'}
[1.408703] (px4_msgs) StdoutLine: {'line': b'-- Up-to-date: /home/mustardking/ws_sensor_combined/install/px4_msgs/include/px4_msgs/px4_msgs\n'}
[1.408750] (px4_msgs) StdoutLine: {'line': b'-- Up-to-date: /home/mustardking/ws_sensor_combined/install/px4_msgs/include/px4_msgs/px4_msgs/srv\n'}
[1.408818] (px4_msgs) StdoutLine: {'line': b'-- Up-to-date: /home/mustardking/ws_sensor_combined/install/px4_msgs/include/px4_msgs/px4_msgs/srv/vehicle_command.h\n'}
[1.408855] (px4_msgs) StdoutLine: {'line': b'-- Up-to-date: /home/mustardking/ws_sensor_combined/install/px4_msgs/include/px4_msgs/px4_msgs/srv/detail\n'}
[1.408894] (px4_msgs) StdoutLine: {'line': b'-- Up-to-date: /home/mustardking/ws_sensor_combined/install/px4_msgs/include/px4_msgs/px4_msgs/srv/detail/vehicle_command__functions.h\n'}
[1.408922] (px4_msgs) StdoutLine: {'line': b'-- Up-to-date: /home/mustardking/ws_sensor_combined/install/px4_msgs/include/px4_msgs/px4_msgs/srv/detail/vehicle_command__struct.h\n'}
[1.408948] (px4_msgs) StdoutLine: {'line': b'-- Up-to-date: /home/mustardking/ws_sensor_combined/install/px4_msgs/include/px4_msgs/px4_msgs/srv/detail/vehicle_command__functions.c\n'}
[1.409010] (px4_msgs) StdoutLine: {'line': b'-- Up-to-date: /home/mustardking/ws_sensor_combined/install/px4_msgs/include/px4_msgs/px4_msgs/srv/detail/vehicle_command__type_support.h\n'}
[1.409044] (px4_msgs) StdoutLine: {'line': b'-- Up-to-date: /home/mustardking/ws_sensor_combined/install/px4_msgs/include/px4_msgs/px4_msgs/msg\n'}
[1.409085] (px4_msgs) StdoutLine: {'line': b'-- Up-to-date: /home/mustardking/ws_sensor_combined/install/px4_msgs/include/px4_msgs/px4_msgs/msg/estimator_aid_source3d.h\n'}
[1.409112] (px4_msgs) StdoutLine: {'line': b'-- Up-to-date: /home/mustardking/ws_sensor_combined/install/px4_msgs/include/px4_msgs/px4_msgs/msg/estimator_states.h\n'}
[1.409161] (px4_msgs) StdoutLine: {'line': b'-- Up-to-date: /home/mustardking/ws_sensor_combined/install/px4_msgs/include/px4_msgs/px4_msgs/msg/camera_status.h\n'}
[1.409203] (px4_msgs) StdoutLine: {'line': b'-- Up-to-date: /home/mustardking/ws_sensor_combined/install/px4_msgs/include/px4_msgs/px4_msgs/msg/system_power.h\n'}
[1.409237] (px4_msgs) StdoutLine: {'line': b'-- Up-to-date: /home/mustardking/ws_sensor_combined/install/px4_msgs/include/px4_msgs/px4_msgs/msg/vehicle_angular_acceleration_setpoint.h\n'}
[1.409265] (px4_msgs) StdoutLine: {'line': b'-- Up-to-date: /home/mustardking/ws_sensor_combined/install/px4_msgs/include/px4_msgs/px4_msgs/msg/satellite_info.h\n'}
[1.409290] (px4_msgs) StdoutLine: {'line': b'-- Up-to-date: /home/mustardking/ws_sensor_combined/install/px4_msgs/include/px4_msgs/px4_msgs/msg/orb_test.h\n'}
[1.409313] (px4_msgs) StdoutLine: {'line': b'-- Up-to-date: /home/mustardking/ws_sensor_combined/install/px4_msgs/include/px4_msgs/px4_msgs/msg/neural_control.h\n'}
[1.409337] (px4_msgs) StdoutLine: {'line': b'-- Up-to-date: /home/mustardking/ws_sensor_combined/install/px4_msgs/include/px4_msgs/px4_msgs/msg/register_ext_component_request.h\n'}
[1.409362] (px4_msgs) StdoutLine: {'line': b'-- Up-to-date: /home/mustardking/ws_sensor_combined/install/px4_msgs/include/px4_msgs/px4_msgs/msg/rate_ctrl_status.h\n'}
[1.409387] (px4_msgs) StdoutLine: {'line': b'-- Up-to-date: /home/mustardking/ws_sensor_combined/install/px4_msgs/include/px4_msgs/px4_msgs/msg/logger_status.h\n'}
[1.409419] (px4_msgs) StdoutLine: {'line': b'-- Up-to-date: /home/mustardking/ws_sensor_combined/install/px4_msgs/include/px4_msgs/px4_msgs/msg/sensor_accel_fifo.h\n'}
[1.409442] (px4_msgs) StdoutLine: {'line': b'-- Up-to-date: /home/mustardking/ws_sensor_combined/install/px4_msgs/include/px4_msgs/px4_msgs/msg/airspeed_validated.h\n'}
[1.409466] (px4_msgs) StdoutLine: {'line': b'-- Up-to-date: /home/mustardking/ws_sensor_combined/install/px4_msgs/include/px4_msgs/px4_msgs/msg/ulog_stream.h\n'}
[1.409538] (px4_msgs) StdoutLine: {'line': b'-- Up-to-date: /home/mustardking/ws_sensor_combined/install/px4_msgs/include/px4_msgs/px4_msgs/msg/fuel_tank_status.h\n'}
[1.409571] (px4_msgs) StdoutLine: {'line': b'-- Up-to-date: /home/mustardking/ws_sensor_combined/install/px4_msgs/include/px4_msgs/px4_msgs/msg/control_allocator_status.h\n'}
[1.409608] (px4_msgs) StdoutLine: {'line': b'-- Up-to-date: /home/mustardking/ws_sensor_combined/install/px4_msgs/include/px4_msgs/px4_msgs/msg/parameter_set_used_request.h\n'}
[1.409635] (px4_msgs) StdoutLine: {'line': b'-- Up-to-date: /home/mustardking/ws_sensor_combined/install/px4_msgs/include/px4_msgs/px4_msgs/msg/arming_check_reply.h\n'}
[1.409673] (px4_msgs) StdoutLine: {'line': b'-- Up-to-date: /home/mustardking/ws_sensor_combined/install/px4_msgs/include/px4_msgs/px4_msgs/msg/estimator_bias3d.h\n'}
[1.409698] (px4_msgs) StdoutLine: {'line': b'-- Up-to-date: /home/mustardking/ws_sensor_combined/install/px4_msgs/include/px4_msgs/px4_msgs/msg/dataman_request.h\n'}
[1.409784] (px4_msgs) StdoutLine: {'line': b'-- Up-to-date: /home/mustardking/ws_sensor_combined/install/px4_msgs/include/px4_msgs/px4_msgs/msg/estimator_event_flags.h\n'}
[1.409820] (px4_msgs) StdoutLine: {'line': b'-- Up-to-date: /home/mustardking/ws_sensor_combined/install/px4_msgs/include/px4_msgs/px4_msgs/msg/vehicle_local_position.h\n'}
[1.409854] (px4_msgs) StdoutLine: {'line': b'-- Up-to-date: /home/mustardking/ws_sensor_combined/install/px4_msgs/include/px4_msgs/px4_msgs/msg/vehicle_attitude.h\n'}
[1.409888] (px4_msgs) StdoutLine: {'line': b'-- Up-to-date: /home/mustardking/ws_sensor_combined/install/px4_msgs/include/px4_msgs/px4_msgs/msg/vehicle_angular_velocity.h\n'}
[1.409914] (px4_msgs) StdoutLine: {'line': b'-- Up-to-date: /home/mustardking/ws_sensor_combined/install/px4_msgs/include/px4_msgs/px4_msgs/msg/collision_constraints.h\n'}
[1.409938] (px4_msgs) StdoutLine: {'line': b'-- Up-to-date: /home/mustardking/ws_sensor_combined/install/px4_msgs/include/px4_msgs/px4_msgs/msg/transponder_report.h\n'}
[1.409962] (px4_msgs) StdoutLine: {'line': b'-- Up-to-date: /home/mustardking/ws_sensor_combined/install/px4_msgs/include/px4_msgs/px4_msgs/msg/offboard_control_mode.h\n'}
[1.409988] (px4_msgs) StdoutLine: {'line': b'-- Up-to-date: /home/mustardking/ws_sensor_combined/install/px4_msgs/include/px4_msgs/px4_msgs/msg/mount_orientation.h\n'}
[1.410012] (px4_msgs) StdoutLine: {'line': b'-- Up-to-date: /home/mustardking/ws_sensor_combined/install/px4_msgs/include/px4_msgs/px4_msgs/msg/yaw_estimator_status.h\n'}
[1.410047] (px4_msgs) StdoutLine: {'line': b'-- Up-to-date: /home/mustardking/ws_sensor_combined/install/px4_msgs/include/px4_msgs/px4_msgs/msg/orbit_status.h\n'}
[1.410083] (px4_msgs) StdoutLine: {'line': b'-- Up-to-date: /home/mustardking/ws_sensor_combined/install/px4_msgs/include/px4_msgs/px4_msgs/msg/ulog_stream_ack.h\n'}
[1.410116] (px4_msgs) StdoutLine: {'line': b'-- Up-to-date: /home/mustardking/ws_sensor_combined/install/px4_msgs/include/px4_msgs/px4_msgs/msg/actuator_motors.h\n'}
[1.410140] (px4_msgs) StdoutLine: {'line': b'-- Up-to-date: /home/mustardking/ws_sensor_combined/install/px4_msgs/include/px4_msgs/px4_msgs/msg/task_stack_info.h\n'}
[1.410163] (px4_msgs) StdoutLine: {'line': b'-- Up-to-date: /home/mustardking/ws_sensor_combined/install/px4_msgs/include/px4_msgs/px4_msgs/msg/sensor_gnss_relative.h\n'}
[1.410186] (px4_msgs) StdoutLine: {'line': b'-- Up-to-date: /home/mustardking/ws_sensor_combined/install/px4_msgs/include/px4_msgs/px4_msgs/msg/vehicle_status.h\n'}
[1.410271] (px4_msgs) StdoutLine: {'line': b'-- Up-to-date: /home/mustardking/ws_sensor_combined/install/px4_msgs/include/px4_msgs/px4_msgs/msg/vehicle_optical_flow_vel.h\n'}
[1.410320] (px4_msgs) StdoutLine: {'line': b'-- Up-to-date: /home/mustardking/ws_sensor_combined/install/px4_msgs/include/px4_msgs/px4_msgs/msg/landing_gear_wheel.h\n'}
[1.410348] (px4_msgs) StdoutLine: {'line': b'-- Up-to-date: /home/mustardking/ws_sensor_combined/install/px4_msgs/include/px4_msgs/px4_msgs/msg/autotune_attitude_control_status.h\n'}
[1.410423] (px4_msgs) StdoutLine: {'line': b'-- Up-to-date: /home/mustardking/ws_sensor_combined/install/px4_msgs/include/px4_msgs/px4_msgs/msg/gps_inject_data.h\n'}
[1.410512] (px4_msgs) StdoutLine: {'line': b'-- Up-to-date: /home/mustardking/ws_sensor_combined/install/px4_msgs/include/px4_msgs/px4_msgs/msg/internal_combustion_engine_status.h\n'}
[1.410542] (px4_msgs) StdoutLine: {'line': b'-- Up-to-date: /home/mustardking/ws_sensor_combined/install/px4_msgs/include/px4_msgs/px4_msgs/msg/mode_completed.h\n'}
[1.410566] (px4_msgs) StdoutLine: {'line': b'-- Up-to-date: /home/mustardking/ws_sensor_combined/install/px4_msgs/include/px4_msgs/px4_msgs/msg/gimbal_device_information.h\n'}
[1.410590] (px4_msgs) StdoutLine: {'line': b'-- Up-to-date: /home/mustardking/ws_sensor_combined/install/px4_msgs/include/px4_msgs/px4_msgs/msg/mavlink_tunnel.h\n'}
[1.410614] (px4_msgs) StdoutLine: {'line': b'-- Up-to-date: /home/mustardking/ws_sensor_combined/install/px4_msgs/include/px4_msgs/px4_msgs/msg/debug_value.h\n'}
[1.410638] (px4_msgs) StdoutLine: {'line': b'-- Up-to-date: /home/mustardking/ws_sensor_combined/install/px4_msgs/include/px4_msgs/px4_msgs/msg/vehicle_command_ack.h\n'}
[1.410662] (px4_msgs) StdoutLine: {'line': b'-- Up-to-date: /home/mustardking/ws_sensor_combined/install/px4_msgs/include/px4_msgs/px4_msgs/msg/mission.h\n'}
[1.410690] (px4_msgs) StdoutLine: {'line': b'-- Up-to-date: /home/mustardking/ws_sensor_combined/install/px4_msgs/include/px4_msgs/px4_msgs/msg/hover_thrust_estimate.h\n'}
[1.410719] (px4_msgs) StdoutLine: {'line': b'-- Up-to-date: /home/mustardking/ws_sensor_combined/install/px4_msgs/include/px4_msgs/px4_msgs/msg/failure_detector_status.h\n'}
[1.410743] (px4_msgs) StdoutLine: {'line': b'-- Up-to-date: /home/mustardking/ws_sensor_combined/install/px4_msgs/include/px4_msgs/px4_msgs/msg/heater_status.h\n'}
[1.410774] (px4_msgs) StdoutLine: {'line': b'-- Up-to-date: /home/mustardking/ws_sensor_combined/install/px4_msgs/include/px4_msgs/px4_msgs/msg/esc_report.h\n'}
[1.410798] (px4_msgs) StdoutLine: {'line': b'-- Up-to-date: /home/mustardking/ws_sensor_combined/install/px4_msgs/include/px4_msgs/px4_msgs/msg/sensor_gyro_fifo.h\n'}
[1.410824] (px4_msgs) StdoutLine: {'line': b'-- Up-to-date: /home/mustardking/ws_sensor_combined/install/px4_msgs/include/px4_msgs/px4_msgs/msg/health_report.h\n'}
[1.410848] (px4_msgs) StdoutLine: {'line': b'-- Up-to-date: /home/mustardking/ws_sensor_combined/install/px4_msgs/include/px4_msgs/px4_msgs/msg/actuator_test.h\n'}
[1.410883] (px4_msgs) StdoutLine: {'line': b'-- Up-to-date: /home/mustardking/ws_sensor_combined/install/px4_msgs/include/px4_msgs/px4_msgs/msg/fixed_wing_lateral_guidance_status.h\n'}
[1.410913] (px4_msgs) StdoutLine: {'line': b'-- Up-to-date: /home/mustardking/ws_sensor_combined/install/px4_msgs/include/px4_msgs/px4_msgs/msg/geofence_status.h\n'}
[1.410937] (px4_msgs) StdoutLine: {'line': b'-- Up-to-date: /home/mustardking/ws_sensor_combined/install/px4_msgs/include/px4_msgs/px4_msgs/msg/gpio_out.h\n'}
[1.410961] (px4_msgs) StdoutLine: {'line': b'-- Up-to-date: /home/mustardking/ws_sensor_combined/install/px4_msgs/include/px4_msgs/px4_msgs/msg/follow_target_estimator.h\n'}
[1.410984] (px4_msgs) StdoutLine: {'line': b'-- Up-to-date: /home/mustardking/ws_sensor_combined/install/px4_msgs/include/px4_msgs/px4_msgs/msg/vehicle_rates_setpoint.h\n'}
[1.411008] (px4_msgs) StdoutLine: {'line': b'-- Up-to-date: /home/mustardking/ws_sensor_combined/install/px4_msgs/include/px4_msgs/px4_msgs/msg/home_position.h\n'}
[1.411031] (px4_msgs) StdoutLine: {'line': b'-- Up-to-date: /home/mustardking/ws_sensor_combined/install/px4_msgs/include/px4_msgs/px4_msgs/msg/position_controller_landing_status.h\n'}
[1.411054] (px4_msgs) StdoutLine: {'line': b'-- Up-to-date: /home/mustardking/ws_sensor_combined/install/px4_msgs/include/px4_msgs/px4_msgs/msg/rover_speed_setpoint.h\n'}
[1.411079] (px4_msgs) StdoutLine: {'line': b'-- Up-to-date: /home/mustardking/ws_sensor_combined/install/px4_msgs/include/px4_msgs/px4_msgs/msg/rc_channels.h\n'}
[1.411102] (px4_msgs) StdoutLine: {'line': b'-- Up-to-date: /home/mustardking/ws_sensor_combined/install/px4_msgs/include/px4_msgs/px4_msgs/msg/rover_rate_setpoint.h\n'}
[1.411125] (px4_msgs) StdoutLine: {'line': b'-- Up-to-date: /home/mustardking/ws_sensor_combined/install/px4_msgs/include/px4_msgs/px4_msgs/msg/gimbal_manager_set_manual_control.h\n'}
[1.411149] (px4_msgs) StdoutLine: {'line': b'-- Up-to-date: /home/mustardking/ws_sensor_combined/install/px4_msgs/include/px4_msgs/px4_msgs/msg/vehicle_imu_status.h\n'}
[1.411171] (px4_msgs) StdoutLine: {'line': b'-- Up-to-date: /home/mustardking/ws_sensor_combined/install/px4_msgs/include/px4_msgs/px4_msgs/msg/ekf2_timestamps.h\n'}
[1.411194] (px4_msgs) StdoutLine: {'line': b'-- Up-to-date: /home/mustardking/ws_sensor_combined/install/px4_msgs/include/px4_msgs/px4_msgs/msg/takeoff_status.h\n'}
[1.411217] (px4_msgs) StdoutLine: {'line': b'-- Up-to-date: /home/mustardking/ws_sensor_combined/install/px4_msgs/include/px4_msgs/px4_msgs/msg/rover_throttle_setpoint.h\n'}
[1.411241] (px4_msgs) StdoutLine: {'line': b'-- Up-to-date: /home/mustardking/ws_sensor_combined/install/px4_msgs/include/px4_msgs/px4_msgs/msg/orb_test_large.h\n'}
[1.411264] (px4_msgs) StdoutLine: {'line': b'-- Up-to-date: /home/mustardking/ws_sensor_combined/install/px4_msgs/include/px4_msgs/px4_msgs/msg/rtl_time_estimate.h\n'}
[1.411369] (px4_msgs) StdoutLine: {'line': b'-- Up-to-date: /home/mustardking/ws_sensor_combined/install/px4_msgs/include/px4_msgs/px4_msgs/msg/actuator_controls_status.h\n'}
[1.411417] (px4_msgs) StdoutLine: {'line': b'-- Up-to-date: /home/mustardking/ws_sensor_combined/install/px4_msgs/include/px4_msgs/px4_msgs/msg/sensor_gps.h\n'}
[1.411446] (px4_msgs) StdoutLine: {'line': b'-- Up-to-date: /home/mustardking/ws_sensor_combined/install/px4_msgs/include/px4_msgs/px4_msgs/msg/battery_status.h\n'}
[1.411475] (px4_msgs) StdoutLine: {'line': b'-- Up-to-date: /home/mustardking/ws_sensor_combined/install/px4_msgs/include/px4_msgs/px4_msgs/msg/flight_phase_estimation.h\n'}
[1.411507] (px4_msgs) StdoutLine: {'line': b'-- Up-to-date: /home/mustardking/ws_sensor_combined/install/px4_msgs/include/px4_msgs/px4_msgs/msg/tiltrotor_extra_controls.h\n'}
[1.411534] (px4_msgs) StdoutLine: {'line': b'-- Up-to-date: /home/mustardking/ws_sensor_combined/install/px4_msgs/include/px4_msgs/px4_msgs/msg/airspeed.h\n'}
[1.411558] (px4_msgs) StdoutLine: {'line': b'-- Up-to-date: /home/mustardking/ws_sensor_combined/install/px4_msgs/include/px4_msgs/px4_msgs/msg/goto_setpoint.h\n'}
[1.411582] (px4_msgs) StdoutLine: {'line': b'-- Up-to-date: /home/mustardking/ws_sensor_combined/install/px4_msgs/include/px4_msgs/px4_msgs/msg/rpm.h\n'}
[1.411605] (px4_msgs) StdoutLine: {'line': b'-- Up-to-date: /home/mustardking/ws_sensor_combined/install/px4_msgs/include/px4_msgs/px4_msgs/msg/adc_report.h\n'}
[1.411633] (px4_msgs) StdoutLine: {'line': b'-- Up-to-date: /home/mustardking/ws_sensor_combined/install/px4_msgs/include/px4_msgs/px4_msgs/msg/telemetry_status.h\n'}
[1.411666] (px4_msgs) StdoutLine: {'line': b'-- Up-to-date: /home/mustardking/ws_sensor_combined/install/px4_msgs/include/px4_msgs/px4_msgs/msg/vehicle_global_position.h\n'}
[1.411697] (px4_msgs) StdoutLine: {'line': b'-- Up-to-date: /home/mustardking/ws_sensor_combined/install/px4_msgs/include/px4_msgs/px4_msgs/msg/battery_info.h\n'}
[1.411820] (px4_msgs) StdoutLine: {'line': b'-- Up-to-date: /home/mustardking/ws_sensor_combined/install/px4_msgs/include/px4_msgs/px4_msgs/msg/magnetometer_bias_estimate.h\n'}
[1.411851] (px4_msgs) StdoutLine: {'line': b'-- Up-to-date: /home/mustardking/ws_sensor_combined/install/px4_msgs/include/px4_msgs/px4_msgs/msg/vehicle_attitude_setpoint.h\n'}
[1.411879] (px4_msgs) StdoutLine: {'line': b'-- Up-to-date: /home/mustardking/ws_sensor_combined/install/px4_msgs/include/px4_msgs/px4_msgs/msg/estimator_sensor_bias.h\n'}
[1.411908] (px4_msgs) StdoutLine: {'line': b'-- Up-to-date: /home/mustardking/ws_sensor_combined/install/px4_msgs/include/px4_msgs/px4_msgs/msg/sensor_selection.h\n'}
[1.411931] (px4_msgs) StdoutLine: {'line': b'-- Up-to-date: /home/mustardking/ws_sensor_combined/install/px4_msgs/include/px4_msgs/px4_msgs/msg/estimator_innovations.h\n'}
[1.411955] (px4_msgs) StdoutLine: {'line': b'-- Up-to-date: /home/mustardking/ws_sensor_combined/install/px4_msgs/include/px4_msgs/px4_msgs/msg/wheel_encoders.h\n'}
[1.411978] (px4_msgs) StdoutLine: {'line': b'-- Up-to-date: /home/mustardking/ws_sensor_combined/install/px4_msgs/include/px4_msgs/px4_msgs/msg/open_drone_id_operator_id.h\n'}
[1.412001] (px4_msgs) StdoutLine: {'line': b'-- Up-to-date: /home/mustardking/ws_sensor_combined/install/px4_msgs/include/px4_msgs/px4_msgs/msg/qshell_req.h\n'}
[1.412026] (px4_msgs) StdoutLine: {'line': b'-- Up-to-date: /home/mustardking/ws_sensor_combined/install/px4_msgs/include/px4_msgs/px4_msgs/msg/button_event.h\n'}
[1.412057] (px4_msgs) StdoutLine: {'line': b'-- Up-to-date: /home/mustardking/ws_sensor_combined/install/px4_msgs/include/px4_msgs/px4_msgs/msg/sensors_status.h\n'}
[1.412081] (px4_msgs) StdoutLine: {'line': b'-- Up-to-date: /home/mustardking/ws_sensor_combined/install/px4_msgs/include/px4_msgs/px4_msgs/msg/tune_control.h\n'}
[1.412106] (px4_msgs) StdoutLine: {'line': b'-- Up-to-date: /home/mustardking/ws_sensor_combined/install/px4_msgs/include/px4_msgs/px4_msgs/msg/sensor_correction.h\n'}
[1.412130] (px4_msgs) StdoutLine: {'line': b'-- Up-to-date: /home/mustardking/ws_sensor_combined/install/px4_msgs/include/px4_msgs/px4_msgs/msg/fixed_wing_lateral_setpoint.h\n'}
[1.412153] (px4_msgs) StdoutLine: {'line': b'-- Up-to-date: /home/mustardking/ws_sensor_combined/install/px4_msgs/include/px4_msgs/px4_msgs/msg/debug_vect.h\n'}
[1.412185] (px4_msgs) StdoutLine: {'line': b'-- Up-to-date: /home/mustardking/ws_sensor_combined/install/px4_msgs/include/px4_msgs/px4_msgs/msg/sensor_preflight_mag.h\n'}
[1.412209] (px4_msgs) StdoutLine: {'line': b'-- Up-to-date: /home/mustardking/ws_sensor_combined/install/px4_msgs/include/px4_msgs/px4_msgs/msg/camera_capture.h\n'}
[1.412232] (px4_msgs) StdoutLine: {'line': b'-- Up-to-date: /home/mustardking/ws_sensor_combined/install/px4_msgs/include/px4_msgs/px4_msgs/msg/debug_key_value.h\n'}
[1.412255] (px4_msgs) StdoutLine: {'line': b'-- Up-to-date: /home/mustardking/ws_sensor_combined/install/px4_msgs/include/px4_msgs/px4_msgs/msg/open_drone_id_self_id.h\n'}
[1.412288] (px4_msgs) StdoutLine: {'line': b'-- Up-to-date: /home/mustardking/ws_sensor_combined/install/px4_msgs/include/px4_msgs/px4_msgs/msg/generator_status.h\n'}
[1.412322] (px4_msgs) StdoutLine: {'line': b'-- Up-to-date: /home/mustardking/ws_sensor_combined/install/px4_msgs/include/px4_msgs/px4_msgs/msg/actuator_servos.h\n'}
[1.412358] (px4_msgs) StdoutLine: {'line': b'-- Up-to-date: /home/mustardking/ws_sensor_combined/install/px4_msgs/include/px4_msgs/px4_msgs/msg/estimator_status.h\n'}
[1.412387] (px4_msgs) StdoutLine: {'line': b'-- Up-to-date: /home/mustardking/ws_sensor_combined/install/px4_msgs/include/px4_msgs/px4_msgs/msg/trajectory_setpoint.h\n'}
[1.412427] (px4_msgs) StdoutLine: {'line': b'-- Up-to-date: /home/mustardking/ws_sensor_combined/install/px4_msgs/include/px4_msgs/px4_msgs/msg/navigator_status.h\n'}
[1.412456] (px4_msgs) StdoutLine: {'line': b'-- Up-to-date: /home/mustardking/ws_sensor_combined/install/px4_msgs/include/px4_msgs/px4_msgs/msg/esc_status.h\n'}
[1.412494] (px4_msgs) StdoutLine: {'line': b'-- Up-to-date: /home/mustardking/ws_sensor_combined/install/px4_msgs/include/px4_msgs/px4_msgs/msg/position_setpoint_triplet.h\n'}
[1.412520] (px4_msgs) StdoutLine: {'line': b'-- Up-to-date: /home/mustardking/ws_sensor_combined/install/px4_msgs/include/px4_msgs/px4_msgs/msg/vehicle_land_detected.h\n'}
[1.412562] (px4_msgs) StdoutLine: {'line': b'-- Up-to-date: /home/mustardking/ws_sensor_combined/install/px4_msgs/include/px4_msgs/px4_msgs/msg/parameter_set_value_response.h\n'}
[1.412600] (px4_msgs) StdoutLine: {'line': b'-- Up-to-date: /home/mustardking/ws_sensor_combined/install/px4_msgs/include/px4_msgs/px4_msgs/msg/vehicle_acceleration.h\n'}
[1.412632] (px4_msgs) StdoutLine: {'line': b'-- Up-to-date: /home/mustardking/ws_sensor_combined/install/px4_msgs/include/px4_msgs/px4_msgs/msg/sensor_accel.h\n'}
[1.412664] (px4_msgs) StdoutLine: {'line': b'-- Up-to-date: /home/mustardking/ws_sensor_combined/install/px4_msgs/include/px4_msgs/px4_msgs/msg/manual_control_setpoint.h\n'}
[1.412690] (px4_msgs) StdoutLine: {'line': b'-- Up-to-date: /home/mustardking/ws_sensor_combined/install/px4_msgs/include/px4_msgs/px4_msgs/msg/position_setpoint.h\n'}
[1.412728] (px4_msgs) StdoutLine: {'line': b'-- Up-to-date: /home/mustardking/ws_sensor_combined/install/px4_msgs/include/px4_msgs/px4_msgs/msg/gimbal_device_set_attitude.h\n'}
[1.412763] (px4_msgs) StdoutLine: {'line': b'-- Up-to-date: /home/mustardking/ws_sensor_combined/install/px4_msgs/include/px4_msgs/px4_msgs/msg/open_drone_id_arm_status.h\n'}
[1.412792] (px4_msgs) StdoutLine: {'line': b'-- Up-to-date: /home/mustardking/ws_sensor_combined/install/px4_msgs/include/px4_msgs/px4_msgs/msg/parameter_set_value_request.h\n'}
[1.412831] (px4_msgs) StdoutLine: {'line': b'-- Up-to-date: /home/mustardking/ws_sensor_combined/install/px4_msgs/include/px4_msgs/px4_msgs/msg/uavcan_parameter_request.h\n'}
[1.412866] (px4_msgs) StdoutLine: {'line': b'-- Up-to-date: /home/mustardking/ws_sensor_combined/install/px4_msgs/include/px4_msgs/px4_msgs/msg/landing_target_pose.h\n'}
[1.412892] (px4_msgs) StdoutLine: {'line': b'-- Up-to-date: /home/mustardking/ws_sensor_combined/install/px4_msgs/include/px4_msgs/px4_msgs/msg/ping.h\n'}
[1.412915] (px4_msgs) StdoutLine: {'line': b'-- Up-to-date: /home/mustardking/ws_sensor_combined/install/px4_msgs/include/px4_msgs/px4_msgs/msg/gimbal_controls.h\n'}
[1.412939] (px4_msgs) StdoutLine: {'line': b'-- Up-to-date: /home/mustardking/ws_sensor_combined/install/px4_msgs/include/px4_msgs/px4_msgs/msg/mavlink_log.h\n'}
[1.412962] (px4_msgs) StdoutLine: {'line': b'-- Up-to-date: /home/mustardking/ws_sensor_combined/install/px4_msgs/include/px4_msgs/px4_msgs/msg/iridiumsbd_status.h\n'}
[1.412985] (px4_msgs) StdoutLine: {'line': b'-- Up-to-date: /home/mustardking/ws_sensor_combined/install/px4_msgs/include/px4_msgs/px4_msgs/msg/gpio_request.h\n'}
[1.413008] (px4_msgs) StdoutLine: {'line': b'-- Up-to-date: /home/mustardking/ws_sensor_combined/install/px4_msgs/include/px4_msgs/px4_msgs/msg/timesync_status.h\n'}
[1.413041] (px4_msgs) StdoutLine: {'line': b'-- Up-to-date: /home/mustardking/ws_sensor_combined/install/px4_msgs/include/px4_msgs/px4_msgs/msg/input_rc.h\n'}
[1.413082] (px4_msgs) StdoutLine: {'line': b'-- Up-to-date: /home/mustardking/ws_sensor_combined/install/px4_msgs/include/px4_msgs/px4_msgs/msg/rover_attitude_setpoint.h\n'}
[1.413122] (px4_msgs) StdoutLine: {'line': b'-- Up-to-date: /home/mustardking/ws_sensor_combined/install/px4_msgs/include/px4_msgs/px4_msgs/msg/lateral_control_configuration.h\n'}
[1.413164] (px4_msgs) StdoutLine: {'line': b'-- Up-to-date: /home/mustardking/ws_sensor_combined/install/px4_msgs/include/px4_msgs/px4_msgs/msg/gpio_in.h\n'}
[1.413195] (px4_msgs) StdoutLine: {'line': b'-- Up-to-date: /home/mustardking/ws_sensor_combined/install/px4_msgs/include/px4_msgs/px4_msgs/msg/actuator_armed.h\n'}
[1.413235] (px4_msgs) StdoutLine: {'line': b'-- Up-to-date: /home/mustardking/ws_sensor_combined/install/px4_msgs/include/px4_msgs/px4_msgs/msg/actuator_outputs.h\n'}
[1.413271] (px4_msgs) StdoutLine: {'line': b'-- Up-to-date: /home/mustardking/ws_sensor_combined/install/px4_msgs/include/px4_msgs/px4_msgs/msg/rc_parameter_map.h\n'}
[1.413302] (px4_msgs) StdoutLine: {'line': b'-- Up-to-date: /home/mustardking/ws_sensor_combined/install/px4_msgs/include/px4_msgs/px4_msgs/msg/estimator_aid_source2d.h\n'}
[1.413346] (px4_msgs) StdoutLine: {'line': b'-- Up-to-date: /home/mustardking/ws_sensor_combined/install/px4_msgs/include/px4_msgs/px4_msgs/msg/airspeed_wind.h\n'}
[1.413383] (px4_msgs) StdoutLine: {'line': b'-- Up-to-date: /home/mustardking/ws_sensor_combined/install/px4_msgs/include/px4_msgs/px4_msgs/msg/internal_combustion_engine_control.h\n'}
[1.413416] (px4_msgs) StdoutLine: {'line': b'-- Up-to-date: /home/mustardking/ws_sensor_combined/install/px4_msgs/include/px4_msgs/px4_msgs/msg/trajectory_setpoint6dof.h\n'}
[1.413461] (px4_msgs) StdoutLine: {'line': b'-- Up-to-date: /home/mustardking/ws_sensor_combined/install/px4_msgs/include/px4_msgs/px4_msgs/msg/orb_test_medium.h\n'}
[1.413491] (px4_msgs) StdoutLine: {'line': b'-- Up-to-date: /home/mustardking/ws_sensor_combined/install/px4_msgs/include/px4_msgs/px4_msgs/msg/gimbal_manager_status.h\n'}
[1.413526] (px4_msgs) StdoutLine: {'line': b'-- Up-to-date: /home/mustardking/ws_sensor_combined/install/px4_msgs/include/px4_msgs/px4_msgs/msg/wind.h\n'}
[1.413561] (px4_msgs) StdoutLine: {'line': b'-- Up-to-date: /home/mustardking/ws_sensor_combined/install/px4_msgs/include/px4_msgs/px4_msgs/msg/estimator_bias.h\n'}
[1.413584] (px4_msgs) StdoutLine: {'line': b'-- Up-to-date: /home/mustardking/ws_sensor_combined/install/px4_msgs/include/px4_msgs/px4_msgs/msg/rover_speed_status.h\n'}
[1.413619] (px4_msgs) StdoutLine: {'line': b'-- Up-to-date: /home/mustardking/ws_sensor_combined/install/px4_msgs/include/px4_msgs/px4_msgs/msg/cellular_status.h\n'}
[1.413650] (px4_msgs) StdoutLine: {'line': b'-- Up-to-date: /home/mustardking/ws_sensor_combined/install/px4_msgs/include/px4_msgs/px4_msgs/msg/event.h\n'}
[1.413691] (px4_msgs) StdoutLine: {'line': b'-- Up-to-date: /home/mustardking/ws_sensor_combined/install/px4_msgs/include/px4_msgs/px4_msgs/msg/dronecan_node_status.h\n'}
[1.413726] (px4_msgs) StdoutLine: {'line': b'-- Up-to-date: /home/mustardking/ws_sensor_combined/install/px4_msgs/include/px4_msgs/px4_msgs/msg/can_interface_status.h\n'}
[1.413773] (px4_msgs) StdoutLine: {'line': b'-- Up-to-date: /home/mustardking/ws_sensor_combined/install/px4_msgs/include/px4_msgs/px4_msgs/msg/vehicle_air_data.h\n'}
[1.413973] (px4_msgs) StdoutLine: {'line': b'-- Up-to-date: /home/mustardking/ws_sensor_combined/install/px4_msgs/include/px4_msgs/px4_msgs/msg/normalized_unsigned_setpoint.h\n'}
[1.414020] (px4_msgs) StdoutLine: {'line': b'-- Up-to-date: /home/mustardking/ws_sensor_combined/install/px4_msgs/include/px4_msgs/px4_msgs/msg/vehicle_command.h\n'}
[1.414285] (px4_msgs) StdoutLine: {'line': b'-- Up-to-date: /home/mustardking/ws_sensor_combined/install/px4_msgs/include/px4_msgs/px4_msgs/msg/open_drone_id_system.h\n'}
[1.414411] (px4_msgs) StdoutLine: {'line': b'-- Up-to-date: /home/mustardking/ws_sensor_combined/install/px4_msgs/include/px4_msgs/px4_msgs/msg/arming_check_request.h\n'}
[1.414530] (px4_msgs) StdoutLine: {'line': b'-- Up-to-date: /home/mustardking/ws_sensor_combined/install/px4_msgs/include/px4_msgs/px4_msgs/msg/velocity_limits.h\n'}
[1.414582] (px4_msgs) StdoutLine: {'line': b'-- Up-to-date: /home/mustardking/ws_sensor_combined/install/px4_msgs/include/px4_msgs/px4_msgs/msg/onboard_computer_status.h\n'}
[1.414623] (px4_msgs) StdoutLine: {'line': b'-- Up-to-date: /home/mustardking/ws_sensor_combined/install/px4_msgs/include/px4_msgs/px4_msgs/msg/config_overrides.h\n'}
[1.414673] (px4_msgs) StdoutLine: {'line': b'-- Up-to-date: /home/mustardking/ws_sensor_combined/install/px4_msgs/include/px4_msgs/px4_msgs/msg/led_control.h\n'}
[1.414709] (px4_msgs) StdoutLine: {'line': b'-- Up-to-date: /home/mustardking/ws_sensor_combined/install/px4_msgs/include/px4_msgs/px4_msgs/msg/manual_control_switches.h\n'}
[1.414799] (px4_msgs) StdoutLine: {'line': b'-- Up-to-date: /home/mustardking/ws_sensor_combined/install/px4_msgs/include/px4_msgs/px4_msgs/msg/navigator_mission_item.h\n'}
[1.414851] (px4_msgs) StdoutLine: {'line': b'-- Up-to-date: /home/mustardking/ws_sensor_combined/install/px4_msgs/include/px4_msgs/px4_msgs/msg/register_ext_component_reply.h\n'}
[1.414912] (px4_msgs) StdoutLine: {'line': b'-- Up-to-date: /home/mustardking/ws_sensor_combined/install/px4_msgs/include/px4_msgs/px4_msgs/msg/estimator_selector_status.h\n'}
[1.414977] (px4_msgs) StdoutLine: {'line': b'-- Up-to-date: /home/mustardking/ws_sensor_combined/install/px4_msgs/include/px4_msgs/px4_msgs/msg/estimator_aid_source1d.h\n'}
[1.415046] (px4_msgs) StdoutLine: {'line': b'-- Up-to-date: /home/mustardking/ws_sensor_combined/install/px4_msgs/include/px4_msgs/px4_msgs/msg/power_button_state.h\n'}
[1.415109] (px4_msgs) StdoutLine: {'line': b'-- Up-to-date: /home/mustardking/ws_sensor_combined/install/px4_msgs/include/px4_msgs/px4_msgs/msg/estimator_gps_status.h\n'}
[1.415161] (px4_msgs) StdoutLine: {'line': b'-- Up-to-date: /home/mustardking/ws_sensor_combined/install/px4_msgs/include/px4_msgs/px4_msgs/msg/unregister_ext_component.h\n'}
[1.415219] (px4_msgs) StdoutLine: {'line': b'-- Up-to-date: /home/mustardking/ws_sensor_combined/install/px4_msgs/include/px4_msgs/px4_msgs/msg/debug_array.h\n'}
[1.415338] (px4_msgs) StdoutLine: {'line': b'-- Up-to-date: /home/mustardking/ws_sensor_combined/install/px4_msgs/include/px4_msgs/px4_msgs/msg/parameter_update.h\n'}
[1.415514] (px4_msgs) StdoutLine: {'line': b'-- Up-to-date: /home/mustardking/ws_sensor_combined/install/px4_msgs/include/px4_msgs/px4_msgs/msg/sensor_gyro.h\n'}
[1.415600] (px4_msgs) StdoutLine: {'line': b'-- Up-to-date: /home/mustardking/ws_sensor_combined/install/px4_msgs/include/px4_msgs/px4_msgs/msg/sensor_mag.h\n'}
[1.415712] (px4_msgs) StdoutLine: {'line': b'-- Up-to-date: /home/mustardking/ws_sensor_combined/install/px4_msgs/include/px4_msgs/px4_msgs/msg/vtol_vehicle_status.h\n'}
[1.415825] (px4_msgs) StdoutLine: {'line': b'-- Up-to-date: /home/mustardking/ws_sensor_combined/install/px4_msgs/include/px4_msgs/px4_msgs/msg/rtl_status.h\n'}
[1.415860] (px4_msgs) StdoutLine: {'line': b'-- Up-to-date: /home/mustardking/ws_sensor_combined/install/px4_msgs/include/px4_msgs/px4_msgs/msg/action_request.h\n'}
[1.415954] (px4_msgs) StdoutLine: {'line': b'-- Up-to-date: /home/mustardking/ws_sensor_combined/install/px4_msgs/include/px4_msgs/px4_msgs/msg/vehicle_optical_flow.h\n'}
[1.416015] (px4_msgs) StdoutLine: {'line': b'-- Up-to-date: /home/mustardking/ws_sensor_combined/install/px4_msgs/include/px4_msgs/px4_msgs/msg/mission_result.h\n'}
[1.416087] (px4_msgs) StdoutLine: {'line': b'-- Up-to-date: /home/mustardking/ws_sensor_combined/install/px4_msgs/include/px4_msgs/px4_msgs/msg/parameter_reset_request.h\n'}
[1.416124] (px4_msgs) StdoutLine: {'line': b'-- Up-to-date: /home/mustardking/ws_sensor_combined/install/px4_msgs/include/px4_msgs/px4_msgs/msg/rover_rate_status.h\n'}
[1.416178] (px4_msgs) StdoutLine: {'line': b'-- Up-to-date: /home/mustardking/ws_sensor_combined/install/px4_msgs/include/px4_msgs/px4_msgs/msg/gimbal_device_attitude_status.h\n'}
[1.416216] (px4_msgs) StdoutLine: {'line': b'-- Up-to-date: /home/mustardking/ws_sensor_combined/install/px4_msgs/include/px4_msgs/px4_msgs/msg/sensor_airflow.h\n'}
[1.416313] (px4_msgs) StdoutLine: {'line': b'-- Up-to-date: /home/mustardking/ws_sensor_combined/install/px4_msgs/include/px4_msgs/px4_msgs/msg/sensor_uwb.h\n'}
[1.416419] (px4_msgs) StdoutLine: {'line': b'-- Up-to-date: /home/mustardking/ws_sensor_combined/install/px4_msgs/include/px4_msgs/px4_msgs/msg/rover_steering_setpoint.h\n'}
[1.416505] (px4_msgs) StdoutLine: {'line': b'-- Up-to-date: /home/mustardking/ws_sensor_combined/install/px4_msgs/include/px4_msgs/px4_msgs/msg/camera_trigger.h\n'}
[1.416572] (px4_msgs) StdoutLine: {'line': b'-- Up-to-date: /home/mustardking/ws_sensor_combined/install/px4_msgs/include/px4_msgs/px4_msgs/msg/longitudinal_control_configuration.h\n'}
[1.416598] (px4_msgs) StdoutLine: {'line': b'-- Up-to-date: /home/mustardking/ws_sensor_combined/install/px4_msgs/include/px4_msgs/px4_msgs/msg/obstacle_distance.h\n'}
[1.416630] (px4_msgs) StdoutLine: {'line': b'-- Up-to-date: /home/mustardking/ws_sensor_combined/install/px4_msgs/include/px4_msgs/px4_msgs/msg/fixed_wing_longitudinal_setpoint.h\n'}
[1.416655] (px4_msgs) StdoutLine: {'line': b'-- Up-to-date: /home/mustardking/ws_sensor_combined/install/px4_msgs/include/px4_msgs/px4_msgs/msg/sensor_gnss_status.h\n'}
[1.416678] (px4_msgs) StdoutLine: {'line': b'-- Up-to-date: /home/mustardking/ws_sensor_combined/install/px4_msgs/include/px4_msgs/px4_msgs/msg/gimbal_manager_information.h\n'}
[1.416701] (px4_msgs) StdoutLine: {'line': b'-- Up-to-date: /home/mustardking/ws_sensor_combined/install/px4_msgs/include/px4_msgs/px4_msgs/msg/sensor_combined.h\n'}
[1.416744] (px4_msgs) StdoutLine: {'line': b'-- Up-to-date: /home/mustardking/ws_sensor_combined/install/px4_msgs/include/px4_msgs/px4_msgs/msg/pps_capture.h\n'}
[1.416805] (px4_msgs) StdoutLine: {'line': b'-- Up-to-date: /home/mustardking/ws_sensor_combined/install/px4_msgs/include/px4_msgs/px4_msgs/msg/position_controller_status.h\n'}
[1.416862] (px4_msgs) StdoutLine: {'line': b'-- Up-to-date: /home/mustardking/ws_sensor_combined/install/px4_msgs/include/px4_msgs/px4_msgs/msg/sensor_optical_flow.h\n'}
[1.416943] (px4_msgs) StdoutLine: {'line': b'-- Up-to-date: /home/mustardking/ws_sensor_combined/install/px4_msgs/include/px4_msgs/px4_msgs/msg/gpio_config.h\n'}
[1.417032] (px4_msgs) StdoutLine: {'line': b'-- Up-to-date: /home/mustardking/ws_sensor_combined/install/px4_msgs/include/px4_msgs/px4_msgs/msg/uavcan_parameter_value.h\n'}
[1.417118] (px4_msgs) StdoutLine: {'line': b'-- Up-to-date: /home/mustardking/ws_sensor_combined/install/px4_msgs/include/px4_msgs/px4_msgs/msg/rosidl_generator_c__visibility_control.h\n'}
[1.417169] (px4_msgs) StdoutLine: {'line': b'-- Up-to-date: /home/mustardking/ws_sensor_combined/install/px4_msgs/include/px4_msgs/px4_msgs/msg/px4io_status.h\n'}
[1.417363] (px4_msgs) StdoutLine: {'line': b'-- Up-to-date: /home/mustardking/ws_sensor_combined/install/px4_msgs/include/px4_msgs/px4_msgs/msg/launch_detection_status.h\n'}
[1.417447] (px4_msgs) StdoutLine: {'line': b'-- Up-to-date: /home/mustardking/ws_sensor_combined/install/px4_msgs/include/px4_msgs/px4_msgs/msg/vehicle_torque_setpoint.h\n'}
[1.417515] (px4_msgs) StdoutLine: {'line': b'-- Up-to-date: /home/mustardking/ws_sensor_combined/install/px4_msgs/include/px4_msgs/px4_msgs/msg/vehicle_odometry.h\n'}
[1.417568] (px4_msgs) StdoutLine: {'line': b'-- Up-to-date: /home/mustardking/ws_sensor_combined/install/px4_msgs/include/px4_msgs/px4_msgs/msg/vehicle_constraints.h\n'}
[1.417629] (px4_msgs) StdoutLine: {'line': b'-- Up-to-date: /home/mustardking/ws_sensor_combined/install/px4_msgs/include/px4_msgs/px4_msgs/msg/differential_pressure.h\n'}
[1.417653] (px4_msgs) StdoutLine: {'line': b'-- Up-to-date: /home/mustardking/ws_sensor_combined/install/px4_msgs/include/px4_msgs/px4_msgs/msg/qshell_retval.h\n'}
[1.417688] (px4_msgs) StdoutLine: {'line': b'-- Up-to-date: /home/mustardking/ws_sensor_combined/install/px4_msgs/include/px4_msgs/px4_msgs/msg/actuator_servos_trim.h\n'}
[1.417812] (px4_msgs) StdoutLine: {'line': b'-- Up-to-date: /home/mustardking/ws_sensor_combined/install/px4_msgs/include/px4_msgs/px4_msgs/msg/sensor_baro.h\n'}
[1.417885] (px4_msgs) StdoutLine: {'line': b'-- Up-to-date: /home/mustardking/ws_sensor_combined/install/px4_msgs/include/px4_msgs/px4_msgs/msg/irlock_report.h\n'}
[1.417985] (px4_msgs) StdoutLine: {'line': b'-- Up-to-date: /home/mustardking/ws_sensor_combined/install/px4_msgs/include/px4_msgs/px4_msgs/msg/vehicle_imu.h\n'}
[1.418071] (px4_msgs) StdoutLine: {'line': b'-- Up-to-date: /home/mustardking/ws_sensor_combined/install/px4_msgs/include/px4_msgs/px4_msgs/msg/cpuload.h\n'}
[1.418146] (px4_msgs) StdoutLine: {'line': b'-- Up-to-date: /home/mustardking/ws_sensor_combined/install/px4_msgs/include/px4_msgs/px4_msgs/msg/gps_dump.h\n'}
[1.418290] (px4_msgs) StdoutLine: {'line': b'-- Up-to-date: /home/mustardking/ws_sensor_combined/install/px4_msgs/include/px4_msgs/px4_msgs/msg/log_message.h\n'}
[1.418533] (px4_msgs) StdoutLine: {'line': b'-- Up-to-date: /home/mustardking/ws_sensor_combined/install/px4_msgs/include/px4_msgs/px4_msgs/msg/landing_gear.h\n'}
[1.418634] (px4_msgs) StdoutLine: {'line': b'-- Up-to-date: /home/mustardking/ws_sensor_combined/install/px4_msgs/include/px4_msgs/px4_msgs/msg/estimator_status_flags.h\n'}
[1.418693] (px4_msgs) StdoutLine: {'line': b'-- Up-to-date: /home/mustardking/ws_sensor_combined/install/px4_msgs/include/px4_msgs/px4_msgs/msg/mag_worker_data.h\n'}
[1.418736] (px4_msgs) StdoutLine: {'line': b'-- Up-to-date: /home/mustardking/ws_sensor_combined/install/px4_msgs/include/px4_msgs/px4_msgs/msg/pwm_input.h\n'}
[1.418830] (px4_msgs) StdoutLine: {'line': b'-- Up-to-date: /home/mustardking/ws_sensor_combined/install/px4_msgs/include/px4_msgs/px4_msgs/msg/fixed_wing_runway_control.h\n'}
[1.419009] (px4_msgs) StdoutLine: {'line': b'-- Up-to-date: /home/mustardking/ws_sensor_combined/install/px4_msgs/include/px4_msgs/px4_msgs/msg/distance_sensor_mode_change_request.h\n'}
[1.419109] (-) TimerEvent: {}
[1.419526] (px4_msgs) StdoutLine: {'line': b'-- Up-to-date: /home/mustardking/ws_sensor_combined/install/px4_msgs/include/px4_msgs/px4_msgs/msg/follow_target.h\n'}
[1.419692] (px4_msgs) StdoutLine: {'line': b'-- Up-to-date: /home/mustardking/ws_sensor_combined/install/px4_msgs/include/px4_msgs/px4_msgs/msg/sensor_gyro_fft.h\n'}
[1.419806] (px4_msgs) StdoutLine: {'line': b'-- Up-to-date: /home/mustardking/ws_sensor_combined/install/px4_msgs/include/px4_msgs/px4_msgs/msg/landing_target_innovations.h\n'}
[1.419852] (px4_msgs) StdoutLine: {'line': b'-- Up-to-date: /home/mustardking/ws_sensor_combined/install/px4_msgs/include/px4_msgs/px4_msgs/msg/fixed_wing_lateral_status.h\n'}
[1.419876] (px4_msgs) StdoutLine: {'line': b'-- Up-to-date: /home/mustardking/ws_sensor_combined/install/px4_msgs/include/px4_msgs/px4_msgs/msg/vehicle_magnetometer.h\n'}
[1.419934] (px4_msgs) StdoutLine: {'line': b'-- Up-to-date: /home/mustardking/ws_sensor_combined/install/px4_msgs/include/px4_msgs/px4_msgs/msg/radio_status.h\n'}
[1.419979] (px4_msgs) StdoutLine: {'line': b'-- Up-to-date: /home/mustardking/ws_sensor_combined/install/px4_msgs/include/px4_msgs/px4_msgs/msg/follow_target_status.h\n'}
[1.420066] (px4_msgs) StdoutLine: {'line': b'-- Up-to-date: /home/mustardking/ws_sensor_combined/install/px4_msgs/include/px4_msgs/px4_msgs/msg/pure_pursuit_status.h\n'}
[1.420123] (px4_msgs) StdoutLine: {'line': b'-- Up-to-date: /home/mustardking/ws_sensor_combined/install/px4_msgs/include/px4_msgs/px4_msgs/msg/rover_position_setpoint.h\n'}
[1.420167] (px4_msgs) StdoutLine: {'line': b'-- Up-to-date: /home/mustardking/ws_sensor_combined/install/px4_msgs/include/px4_msgs/px4_msgs/msg/gimbal_manager_set_attitude.h\n'}
[1.420223] (px4_msgs) StdoutLine: {'line': b'-- Up-to-date: /home/mustardking/ws_sensor_combined/install/px4_msgs/include/px4_msgs/px4_msgs/msg/figure_eight_status.h\n'}
[1.420337] (px4_msgs) StdoutLine: {'line': b'-- Up-to-date: /home/mustardking/ws_sensor_combined/install/px4_msgs/include/px4_msgs/px4_msgs/msg/message_format_response.h\n'}
[1.420379] (px4_msgs) StdoutLine: {'line': b'-- Up-to-date: /home/mustardking/ws_sensor_combined/install/px4_msgs/include/px4_msgs/px4_msgs/msg/distance_sensor.h\n'}
[1.420431] (px4_msgs) StdoutLine: {'line': b'-- Up-to-date: /home/mustardking/ws_sensor_combined/install/px4_msgs/include/px4_msgs/px4_msgs/msg/gripper.h\n'}
[1.420465] (px4_msgs) StdoutLine: {'line': b'-- Up-to-date: /home/mustardking/ws_sensor_combined/install/px4_msgs/include/px4_msgs/px4_msgs/msg/power_monitor.h\n'}
[1.420553] (px4_msgs) StdoutLine: {'line': b'-- Up-to-date: /home/mustardking/ws_sensor_combined/install/px4_msgs/include/px4_msgs/px4_msgs/msg/tecs_status.h\n'}
[1.420577] (px4_msgs) StdoutLine: {'line': b'-- Up-to-date: /home/mustardking/ws_sensor_combined/install/px4_msgs/include/px4_msgs/px4_msgs/msg/vehicle_thrust_setpoint.h\n'}
[1.420601] (px4_msgs) StdoutLine: {'line': b'-- Up-to-date: /home/mustardking/ws_sensor_combined/install/px4_msgs/include/px4_msgs/px4_msgs/msg/vehicle_control_mode.h\n'}
[1.420625] (px4_msgs) StdoutLine: {'line': b'-- Up-to-date: /home/mustardking/ws_sensor_combined/install/px4_msgs/include/px4_msgs/px4_msgs/msg/geofence_result.h\n'}
[1.420687] (px4_msgs) StdoutLine: {'line': b'-- Up-to-date: /home/mustardking/ws_sensor_combined/install/px4_msgs/include/px4_msgs/px4_msgs/msg/message_format_request.h\n'}
[1.420737] (px4_msgs) StdoutLine: {'line': b'-- Up-to-date: /home/mustardking/ws_sensor_combined/install/px4_msgs/include/px4_msgs/px4_msgs/msg/dataman_response.h\n'}
[1.420783] (px4_msgs) StdoutLine: {'line': b'-- Up-to-date: /home/mustardking/ws_sensor_combined/install/px4_msgs/include/px4_msgs/px4_msgs/msg/vehicle_local_position_setpoint.h\n'}
[1.420834] (px4_msgs) StdoutLine: {'line': b'-- Up-to-date: /home/mustardking/ws_sensor_combined/install/px4_msgs/include/px4_msgs/px4_msgs/msg/rover_attitude_status.h\n'}
[1.420868] (px4_msgs) StdoutLine: {'line': b'-- Up-to-date: /home/mustardking/ws_sensor_combined/install/px4_msgs/include/px4_msgs/px4_msgs/msg/failsafe_flags.h\n'}
[1.420914] (px4_msgs) StdoutLine: {'line': b'-- Up-to-date: /home/mustardking/ws_sensor_combined/install/px4_msgs/include/px4_msgs/px4_msgs/msg/sensor_hygrometer.h\n'}
[1.421009] (px4_msgs) StdoutLine: {'line': b'-- Up-to-date: /home/mustardking/ws_sensor_combined/install/px4_msgs/include/px4_msgs/px4_msgs/msg/sensors_status_imu.h\n'}
[1.421069] (px4_msgs) StdoutLine: {'line': b'-- Up-to-date: /home/mustardking/ws_sensor_combined/install/px4_msgs/include/px4_msgs/px4_msgs/msg/detail\n'}
[1.421092] (px4_msgs) StdoutLine: {'line': b'-- Up-to-date: /home/mustardking/ws_sensor_combined/install/px4_msgs/include/px4_msgs/px4_msgs/msg/detail/mode_completed__functions.h\n'}
[1.421116] (px4_msgs) StdoutLine: {'line': b'-- Up-to-date: /home/mustardking/ws_sensor_combined/install/px4_msgs/include/px4_msgs/px4_msgs/msg/detail/vehicle_optical_flow__functions.h\n'}
[1.421139] (px4_msgs) StdoutLine: {'line': b'-- Up-to-date: /home/mustardking/ws_sensor_combined/install/px4_msgs/include/px4_msgs/px4_msgs/msg/detail/estimator_selector_status__struct.h\n'}
[1.421162] (px4_msgs) StdoutLine: {'line': b'-- Up-to-date: /home/mustardking/ws_sensor_combined/install/px4_msgs/include/px4_msgs/px4_msgs/msg/detail/pure_pursuit_status__struct.h\n'}
[1.421185] (px4_msgs) StdoutLine: {'line': b'-- Up-to-date: /home/mustardking/ws_sensor_combined/install/px4_msgs/include/px4_msgs/px4_msgs/msg/detail/dataman_response__functions.h\n'}
[1.421208] (px4_msgs) StdoutLine: {'line': b'-- Up-to-date: /home/mustardking/ws_sensor_combined/install/px4_msgs/include/px4_msgs/px4_msgs/msg/detail/orb_test__struct.h\n'}
[1.421409] (px4_msgs) StdoutLine: {'line': b'-- Up-to-date: /home/mustardking/ws_sensor_combined/install/px4_msgs/include/px4_msgs/px4_msgs/msg/detail/iridiumsbd_status__struct.h\n'}
[1.421546] (px4_msgs) StdoutLine: {'line': b'-- Up-to-date: /home/mustardking/ws_sensor_combined/install/px4_msgs/include/px4_msgs/px4_msgs/msg/detail/sensors_status__type_support.h\n'}
[1.421684] (px4_msgs) StdoutLine: {'line': b'-- Up-to-date: /home/mustardking/ws_sensor_combined/install/px4_msgs/include/px4_msgs/px4_msgs/msg/detail/sensors_status__struct.h\n'}
[1.421803] (px4_msgs) StdoutLine: {'line': b'-- Up-to-date: /home/mustardking/ws_sensor_combined/install/px4_msgs/include/px4_msgs/px4_msgs/msg/detail/estimator_aid_source2d__type_support.h\n'}
[1.421890] (px4_msgs) StdoutLine: {'line': b'-- Up-to-date: /home/mustardking/ws_sensor_combined/install/px4_msgs/include/px4_msgs/px4_msgs/msg/detail/actuator_outputs__type_support.h\n'}
[1.421988] (px4_msgs) StdoutLine: {'line': b'-- Up-to-date: /home/mustardking/ws_sensor_combined/install/px4_msgs/include/px4_msgs/px4_msgs/msg/detail/airspeed_validated__functions.h\n'}
[1.422032] (px4_msgs) StdoutLine: {'line': b'-- Up-to-date: /home/mustardking/ws_sensor_combined/install/px4_msgs/include/px4_msgs/px4_msgs/msg/detail/fuel_tank_status__struct.h\n'}
[1.422067] (px4_msgs) StdoutLine: {'line': b'-- Up-to-date: /home/mustardking/ws_sensor_combined/install/px4_msgs/include/px4_msgs/px4_msgs/msg/detail/message_format_response__type_support.h\n'}
[1.422133] (px4_msgs) StdoutLine: {'line': b'-- Up-to-date: /home/mustardking/ws_sensor_combined/install/px4_msgs/include/px4_msgs/px4_msgs/msg/detail/sensor_gyro_fifo__type_support.h\n'}
[1.422157] (px4_msgs) StdoutLine: {'line': b'-- Up-to-date: /home/mustardking/ws_sensor_combined/install/px4_msgs/include/px4_msgs/px4_msgs/msg/detail/collision_constraints__functions.c\n'}
[1.422180] (px4_msgs) StdoutLine: {'line': b'-- Up-to-date: /home/mustardking/ws_sensor_combined/install/px4_msgs/include/px4_msgs/px4_msgs/msg/detail/gps_dump__functions.h\n'}
[1.422214] (px4_msgs) StdoutLine: {'line': b'-- Up-to-date: /home/mustardking/ws_sensor_combined/install/px4_msgs/include/px4_msgs/px4_msgs/msg/detail/cellular_status__type_support.h\n'}
[1.422238] (px4_msgs) StdoutLine: {'line': b'-- Up-to-date: /home/mustardking/ws_sensor_combined/install/px4_msgs/include/px4_msgs/px4_msgs/msg/detail/fixed_wing_lateral_setpoint__type_support.h\n'}
[1.422282] (px4_msgs) StdoutLine: {'line': b'-- Up-to-date: /home/mustardking/ws_sensor_combined/install/px4_msgs/include/px4_msgs/px4_msgs/msg/detail/failsafe_flags__struct.h\n'}
[1.422328] (px4_msgs) StdoutLine: {'line': b'-- Up-to-date: /home/mustardking/ws_sensor_combined/install/px4_msgs/include/px4_msgs/px4_msgs/msg/detail/tune_control__struct.h\n'}
[1.422383] (px4_msgs) StdoutLine: {'line': b'-- Up-to-date: /home/mustardking/ws_sensor_combined/install/px4_msgs/include/px4_msgs/px4_msgs/msg/detail/arming_check_reply__functions.c\n'}
[1.422407] (px4_msgs) StdoutLine: {'line': b'-- Up-to-date: /home/mustardking/ws_sensor_combined/install/px4_msgs/include/px4_msgs/px4_msgs/msg/detail/position_setpoint__type_support.h\n'}
[1.422431] (px4_msgs) StdoutLine: {'line': b'-- Up-to-date: /home/mustardking/ws_sensor_combined/install/px4_msgs/include/px4_msgs/px4_msgs/msg/detail/flight_phase_estimation__struct.h\n'}
[1.422462] (px4_msgs) StdoutLine: {'line': b'-- Up-to-date: /home/mustardking/ws_sensor_combined/install/px4_msgs/include/px4_msgs/px4_msgs/msg/detail/orb_test_medium__type_support.h\n'}
[1.422487] (px4_msgs) StdoutLine: {'line': b'-- Up-to-date: /home/mustardking/ws_sensor_combined/install/px4_msgs/include/px4_msgs/px4_msgs/msg/detail/system_power__functions.h\n'}
[1.422553] (px4_msgs) StdoutLine: {'line': b'-- Up-to-date: /home/mustardking/ws_sensor_combined/install/px4_msgs/include/px4_msgs/px4_msgs/msg/detail/actuator_controls_status__struct.h\n'}
[1.422589] (px4_msgs) StdoutLine: {'line': b'-- Up-to-date: /home/mustardking/ws_sensor_combined/install/px4_msgs/include/px4_msgs/px4_msgs/msg/detail/gimbal_controls__functions.c\n'}
[1.422633] (px4_msgs) StdoutLine: {'line': b'-- Up-to-date: /home/mustardking/ws_sensor_combined/install/px4_msgs/include/px4_msgs/px4_msgs/msg/detail/gimbal_manager_set_manual_control__struct.h\n'}
[1.422684] (px4_msgs) StdoutLine: {'line': b'-- Up-to-date: /home/mustardking/ws_sensor_combined/install/px4_msgs/include/px4_msgs/px4_msgs/msg/detail/actuator_motors__type_support.h\n'}
[1.422734] (px4_msgs) StdoutLine: {'line': b'-- Up-to-date: /home/mustardking/ws_sensor_combined/install/px4_msgs/include/px4_msgs/px4_msgs/msg/detail/magnetometer_bias_estimate__functions.h\n'}
[1.422793] (px4_msgs) StdoutLine: {'line': b'-- Up-to-date: /home/mustardking/ws_sensor_combined/install/px4_msgs/include/px4_msgs/px4_msgs/msg/detail/rate_ctrl_status__functions.c\n'}
[1.422835] (px4_msgs) StdoutLine: {'line': b'-- Up-to-date: /home/mustardking/ws_sensor_combined/install/px4_msgs/include/px4_msgs/px4_msgs/msg/detail/sensor_combined__functions.h\n'}
[1.422954] (px4_msgs) StdoutLine: {'line': b'-- Up-to-date: /home/mustardking/ws_sensor_combined/install/px4_msgs/include/px4_msgs/px4_msgs/msg/detail/qshell_retval__type_support.h\n'}
[1.422993] (px4_msgs) StdoutLine: {'line': b'-- Up-to-date: /home/mustardking/ws_sensor_combined/install/px4_msgs/include/px4_msgs/px4_msgs/msg/detail/debug_value__functions.h\n'}
[1.423040] (px4_msgs) StdoutLine: {'line': b'-- Up-to-date: /home/mustardking/ws_sensor_combined/install/px4_msgs/include/px4_msgs/px4_msgs/msg/detail/camera_trigger__functions.h\n'}
[1.423064] (px4_msgs) StdoutLine: {'line': b'-- Up-to-date: /home/mustardking/ws_sensor_combined/install/px4_msgs/include/px4_msgs/px4_msgs/msg/detail/offboard_control_mode__type_support.h\n'}
[1.423090] (px4_msgs) StdoutLine: {'line': b'-- Up-to-date: /home/mustardking/ws_sensor_combined/install/px4_msgs/include/px4_msgs/px4_msgs/msg/detail/vehicle_control_mode__functions.h\n'}
[1.423142] (px4_msgs) StdoutLine: {'line': b'-- Up-to-date: /home/mustardking/ws_sensor_combined/install/px4_msgs/include/px4_msgs/px4_msgs/msg/detail/sensor_gyro_fft__struct.h\n'}
[1.423169] (px4_msgs) StdoutLine: {'line': b'-- Up-to-date: /home/mustardking/ws_sensor_combined/install/px4_msgs/include/px4_msgs/px4_msgs/msg/detail/mavlink_tunnel__functions.c\n'}
[1.423194] (px4_msgs) StdoutLine: {'line': b'-- Up-to-date: /home/mustardking/ws_sensor_combined/install/px4_msgs/include/px4_msgs/px4_msgs/msg/detail/satellite_info__functions.c\n'}
[1.423222] (px4_msgs) StdoutLine: {'line': b'-- Up-to-date: /home/mustardking/ws_sensor_combined/install/px4_msgs/include/px4_msgs/px4_msgs/msg/detail/lateral_control_configuration__functions.h\n'}
[1.423414] (px4_msgs) StdoutLine: {'line': b'-- Up-to-date: /home/mustardking/ws_sensor_combined/install/px4_msgs/include/px4_msgs/px4_msgs/msg/detail/autotune_attitude_control_status__type_support.h\n'}
[1.423497] (px4_msgs) StdoutLine: {'line': b'-- Up-to-date: /home/mustardking/ws_sensor_combined/install/px4_msgs/include/px4_msgs/px4_msgs/msg/detail/obstacle_distance__struct.h\n'}
[1.423522] (px4_msgs) StdoutLine: {'line': b'-- Up-to-date: /home/mustardking/ws_sensor_combined/install/px4_msgs/include/px4_msgs/px4_msgs/msg/detail/tecs_status__functions.h\n'}
[1.423546] (px4_msgs) StdoutLine: {'line': b'-- Up-to-date: /home/mustardking/ws_sensor_combined/install/px4_msgs/include/px4_msgs/px4_msgs/msg/detail/rc_channels__functions.c\n'}
[1.423569] (px4_msgs) StdoutLine: {'line': b'-- Up-to-date: /home/mustardking/ws_sensor_combined/install/px4_msgs/include/px4_msgs/px4_msgs/msg/detail/sensor_gyro_fifo__struct.h\n'}
[1.423593] (px4_msgs) StdoutLine: {'line': b'-- Up-to-date: /home/mustardking/ws_sensor_combined/install/px4_msgs/include/px4_msgs/px4_msgs/msg/detail/dataman_response__functions.c\n'}
[1.423617] (px4_msgs) StdoutLine: {'line': b'-- Up-to-date: /home/mustardking/ws_sensor_combined/install/px4_msgs/include/px4_msgs/px4_msgs/msg/detail/fuel_tank_status__functions.h\n'}
[1.423640] (px4_msgs) StdoutLine: {'line': b'-- Up-to-date: /home/mustardking/ws_sensor_combined/install/px4_msgs/include/px4_msgs/px4_msgs/msg/detail/gpio_out__type_support.h\n'}
[1.423665] (px4_msgs) StdoutLine: {'line': b'-- Up-to-date: /home/mustardking/ws_sensor_combined/install/px4_msgs/include/px4_msgs/px4_msgs/msg/detail/vehicle_air_data__functions.c\n'}
[1.423691] (px4_msgs) StdoutLine: {'line': b'-- Up-to-date: /home/mustardking/ws_sensor_combined/install/px4_msgs/include/px4_msgs/px4_msgs/msg/detail/orb_test_large__type_support.h\n'}
[1.423785] (px4_msgs) StdoutLine: {'line': b'-- Up-to-date: /home/mustardking/ws_sensor_combined/install/px4_msgs/include/px4_msgs/px4_msgs/msg/detail/debug_array__functions.h\n'}
[1.423871] (px4_msgs) StdoutLine: {'line': b'-- Up-to-date: /home/mustardking/ws_sensor_combined/install/px4_msgs/include/px4_msgs/px4_msgs/msg/detail/yaw_estimator_status__functions.h\n'}
[1.423965] (px4_msgs) StdoutLine: {'line': b'-- Up-to-date: /home/mustardking/ws_sensor_combined/install/px4_msgs/include/px4_msgs/px4_msgs/msg/detail/ping__struct.h\n'}
[1.423996] (px4_msgs) StdoutLine: {'line': b'-- Up-to-date: /home/mustardking/ws_sensor_combined/install/px4_msgs/include/px4_msgs/px4_msgs/msg/detail/vehicle_local_position_setpoint__type_support.h\n'}
[1.424019] (px4_msgs) StdoutLine: {'line': b'-- Up-to-date: /home/mustardking/ws_sensor_combined/install/px4_msgs/include/px4_msgs/px4_msgs/msg/detail/uavcan_parameter_request__functions.c\n'}
[1.424042] (px4_msgs) StdoutLine: {'line': b'-- Up-to-date: /home/mustardking/ws_sensor_combined/install/px4_msgs/include/px4_msgs/px4_msgs/msg/detail/config_overrides__struct.h\n'}
[1.424076] (px4_msgs) StdoutLine: {'line': b'-- Up-to-date: /home/mustardking/ws_sensor_combined/install/px4_msgs/include/px4_msgs/px4_msgs/msg/detail/landing_gear_wheel__struct.h\n'}
[1.424099] (px4_msgs) StdoutLine: {'line': b'-- Up-to-date: /home/mustardking/ws_sensor_combined/install/px4_msgs/include/px4_msgs/px4_msgs/msg/detail/estimator_innovations__functions.h\n'}
[1.424136] (px4_msgs) StdoutLine: {'line': b'-- Up-to-date: /home/mustardking/ws_sensor_combined/install/px4_msgs/include/px4_msgs/px4_msgs/msg/detail/vehicle_command_ack__type_support.h\n'}
[1.424215] (px4_msgs) StdoutLine: {'line': b'-- Up-to-date: /home/mustardking/ws_sensor_combined/install/px4_msgs/include/px4_msgs/px4_msgs/msg/detail/dataman_request__struct.h\n'}
[1.424309] (px4_msgs) StdoutLine: {'line': b'-- Up-to-date: /home/mustardking/ws_sensor_combined/install/px4_msgs/include/px4_msgs/px4_msgs/msg/detail/camera_status__struct.h\n'}
[1.424350] (px4_msgs) StdoutLine: {'line': b'-- Up-to-date: /home/mustardking/ws_sensor_combined/install/px4_msgs/include/px4_msgs/px4_msgs/msg/detail/collision_constraints__struct.h\n'}
[1.424438] (px4_msgs) StdoutLine: {'line': b'-- Up-to-date: /home/mustardking/ws_sensor_combined/install/px4_msgs/include/px4_msgs/px4_msgs/msg/detail/position_setpoint_triplet__functions.c\n'}
[1.424489] (px4_msgs) StdoutLine: {'line': b'-- Up-to-date: /home/mustardking/ws_sensor_combined/install/px4_msgs/include/px4_msgs/px4_msgs/msg/detail/position_controller_landing_status__functions.h\n'}
[1.424537] (px4_msgs) StdoutLine: {'line': b'-- Up-to-date: /home/mustardking/ws_sensor_combined/install/px4_msgs/include/px4_msgs/px4_msgs/msg/detail/rover_throttle_setpoint__functions.c\n'}
[1.424648] (px4_msgs) StdoutLine: {'line': b'-- Up-to-date: /home/mustardking/ws_sensor_combined/install/px4_msgs/include/px4_msgs/px4_msgs/msg/detail/led_control__functions.c\n'}
[1.424672] (px4_msgs) StdoutLine: {'line': b'-- Up-to-date: /home/mustardking/ws_sensor_combined/install/px4_msgs/include/px4_msgs/px4_msgs/msg/detail/uavcan_parameter_value__functions.h\n'}
[1.424695] (px4_msgs) StdoutLine: {'line': b'-- Up-to-date: /home/mustardking/ws_sensor_combined/install/px4_msgs/include/px4_msgs/px4_msgs/msg/detail/satellite_info__struct.h\n'}
[1.424734] (px4_msgs) StdoutLine: {'line': b'-- Up-to-date: /home/mustardking/ws_sensor_combined/install/px4_msgs/include/px4_msgs/px4_msgs/msg/detail/camera_status__functions.h\n'}
[1.424771] (px4_msgs) StdoutLine: {'line': b'-- Up-to-date: /home/mustardking/ws_sensor_combined/install/px4_msgs/include/px4_msgs/px4_msgs/msg/detail/power_button_state__type_support.h\n'}
[1.424808] (px4_msgs) StdoutLine: {'line': b'-- Up-to-date: /home/mustardking/ws_sensor_combined/install/px4_msgs/include/px4_msgs/px4_msgs/msg/detail/failsafe_flags__functions.c\n'}
[1.424836] (px4_msgs) StdoutLine: {'line': b'-- Up-to-date: /home/mustardking/ws_sensor_combined/install/px4_msgs/include/px4_msgs/px4_msgs/msg/detail/rover_throttle_setpoint__type_support.h\n'}
[1.424946] (px4_msgs) StdoutLine: {'line': b'-- Up-to-date: /home/mustardking/ws_sensor_combined/install/px4_msgs/include/px4_msgs/px4_msgs/msg/detail/vehicle_command_ack__struct.h\n'}
[1.424979] (px4_msgs) StdoutLine: {'line': b'-- Up-to-date: /home/mustardking/ws_sensor_combined/install/px4_msgs/include/px4_msgs/px4_msgs/msg/detail/camera_status__functions.c\n'}
[1.425028] (px4_msgs) StdoutLine: {'line': b'-- Up-to-date: /home/mustardking/ws_sensor_combined/install/px4_msgs/include/px4_msgs/px4_msgs/msg/detail/gpio_in__struct.h\n'}
[1.425065] (px4_msgs) StdoutLine: {'line': b'-- Up-to-date: /home/mustardking/ws_sensor_combined/install/px4_msgs/include/px4_msgs/px4_msgs/msg/detail/tiltrotor_extra_controls__functions.h\n'}
[1.425097] (px4_msgs) StdoutLine: {'line': b'-- Up-to-date: /home/mustardking/ws_sensor_combined/install/px4_msgs/include/px4_msgs/px4_msgs/msg/detail/sensor_selection__functions.c\n'}
[1.425133] (px4_msgs) StdoutLine: {'line': b'-- Up-to-date: /home/mustardking/ws_sensor_combined/install/px4_msgs/include/px4_msgs/px4_msgs/msg/detail/task_stack_info__functions.h\n'}
[1.425166] (px4_msgs) StdoutLine: {'line': b'-- Up-to-date: /home/mustardking/ws_sensor_combined/install/px4_msgs/include/px4_msgs/px4_msgs/msg/detail/estimator_bias__type_support.h\n'}
[1.425205] (px4_msgs) StdoutLine: {'line': b'-- Up-to-date: /home/mustardking/ws_sensor_combined/install/px4_msgs/include/px4_msgs/px4_msgs/msg/detail/open_drone_id_operator_id__type_support.h\n'}
[1.425234] (px4_msgs) StdoutLine: {'line': b'-- Up-to-date: /home/mustardking/ws_sensor_combined/install/px4_msgs/include/px4_msgs/px4_msgs/msg/detail/mission_result__functions.c\n'}
[1.425441] (px4_msgs) StdoutLine: {'line': b'-- Up-to-date: /home/mustardking/ws_sensor_combined/install/px4_msgs/include/px4_msgs/px4_msgs/msg/detail/collision_constraints__type_support.h\n'}
[1.425609] (px4_msgs) StdoutLine: {'line': b'-- Up-to-date: /home/mustardking/ws_sensor_combined/install/px4_msgs/include/px4_msgs/px4_msgs/msg/detail/gimbal_device_information__struct.h\n'}
[1.425731] (px4_msgs) StdoutLine: {'line': b'-- Up-to-date: /home/mustardking/ws_sensor_combined/install/px4_msgs/include/px4_msgs/px4_msgs/msg/detail/mission_result__struct.h\n'}
[1.425839] (px4_msgs) StdoutLine: {'line': b'-- Up-to-date: /home/mustardking/ws_sensor_combined/install/px4_msgs/include/px4_msgs/px4_msgs/msg/detail/debug_vect__functions.c\n'}
[1.425965] (px4_msgs) StdoutLine: {'line': b'-- Up-to-date: /home/mustardking/ws_sensor_combined/install/px4_msgs/include/px4_msgs/px4_msgs/msg/detail/camera_trigger__type_support.h\n'}
[1.426080] (px4_msgs) StdoutLine: {'line': b'-- Up-to-date: /home/mustardking/ws_sensor_combined/install/px4_msgs/include/px4_msgs/px4_msgs/msg/detail/sensor_baro__functions.h\n'}
[1.426159] (px4_msgs) StdoutLine: {'line': b'-- Up-to-date: /home/mustardking/ws_sensor_combined/install/px4_msgs/include/px4_msgs/px4_msgs/msg/detail/register_ext_component_reply__type_support.h\n'}
[1.426269] (px4_msgs) StdoutLine: {'line': b'-- Up-to-date: /home/mustardking/ws_sensor_combined/install/px4_msgs/include/px4_msgs/px4_msgs/msg/detail/estimator_bias__functions.h\n'}
[1.426425] (px4_msgs) StdoutLine: {'line': b'-- Up-to-date: /home/mustardking/ws_sensor_combined/install/px4_msgs/include/px4_msgs/px4_msgs/msg/detail/actuator_servos_trim__functions.c\n'}
[1.426529] (px4_msgs) StdoutLine: {'line': b'-- Up-to-date: /home/mustardking/ws_sensor_combined/install/px4_msgs/include/px4_msgs/px4_msgs/msg/detail/longitudinal_control_configuration__functions.c\n'}
[1.436343] (px4_msgs) StdoutLine: {'line': b'-- Up-to-date: /home/mustardking/ws_sensor_combined/install/px4_msgs/include/px4_msgs/px4_msgs/msg/detail/event__type_support.h\n'}
[1.436421] (px4_msgs) StdoutLine: {'line': b'-- Up-to-date: /home/mustardking/ws_sensor_combined/install/px4_msgs/include/px4_msgs/px4_msgs/msg/detail/vehicle_angular_acceleration_setpoint__struct.h\n'}
[1.436486] (px4_msgs) StdoutLine: {'line': b'-- Up-to-date: /home/mustardking/ws_sensor_combined/install/px4_msgs/include/px4_msgs/px4_msgs/msg/detail/vehicle_rates_setpoint__type_support.h\n'}
[1.436604] (px4_msgs) StdoutLine: {'line': b'-- Up-to-date: /home/mustardking/ws_sensor_combined/install/px4_msgs/include/px4_msgs/px4_msgs/msg/detail/px4io_status__struct.h\n'}
[1.436680] (px4_msgs) StdoutLine: {'line': b'-- Up-to-date: /home/mustardking/ws_sensor_combined/install/px4_msgs/include/px4_msgs/px4_msgs/msg/detail/vehicle_angular_acceleration_setpoint__functions.c\n'}
[1.436721] (px4_msgs) StdoutLine: {'line': b'-- Up-to-date: /home/mustardking/ws_sensor_combined/install/px4_msgs/include/px4_msgs/px4_msgs/msg/detail/control_allocator_status__struct.h\n'}
[1.436753] (px4_msgs) StdoutLine: {'line': b'-- Up-to-date: /home/mustardking/ws_sensor_combined/install/px4_msgs/include/px4_msgs/px4_msgs/msg/detail/vehicle_control_mode__functions.c\n'}
[1.436777] (px4_msgs) StdoutLine: {'line': b'-- Up-to-date: /home/mustardking/ws_sensor_combined/install/px4_msgs/include/px4_msgs/px4_msgs/msg/detail/hover_thrust_estimate__functions.c\n'}
[1.436800] (px4_msgs) StdoutLine: {'line': b'-- Up-to-date: /home/mustardking/ws_sensor_combined/install/px4_msgs/include/px4_msgs/px4_msgs/msg/detail/collision_constraints__functions.h\n'}
[1.436822] (px4_msgs) StdoutLine: {'line': b'-- Up-to-date: /home/mustardking/ws_sensor_combined/install/px4_msgs/include/px4_msgs/px4_msgs/msg/detail/vtol_vehicle_status__functions.c\n'}
[1.436845] (px4_msgs) StdoutLine: {'line': b'-- Up-to-date: /home/mustardking/ws_sensor_combined/install/px4_msgs/include/px4_msgs/px4_msgs/msg/detail/debug_vect__struct.h\n'}
[1.436868] (px4_msgs) StdoutLine: {'line': b'-- Up-to-date: /home/mustardking/ws_sensor_combined/install/px4_msgs/include/px4_msgs/px4_msgs/msg/detail/navigator_mission_item__functions.h\n'}
[1.436891] (px4_msgs) StdoutLine: {'line': b'-- Up-to-date: /home/mustardking/ws_sensor_combined/install/px4_msgs/include/px4_msgs/px4_msgs/msg/detail/tiltrotor_extra_controls__struct.h\n'}
[1.436914] (px4_msgs) StdoutLine: {'line': b'-- Up-to-date: /home/mustardking/ws_sensor_combined/install/px4_msgs/include/px4_msgs/px4_msgs/msg/detail/rover_rate_setpoint__type_support.h\n'}
[1.436937] (px4_msgs) StdoutLine: {'line': b'-- Up-to-date: /home/mustardking/ws_sensor_combined/install/px4_msgs/include/px4_msgs/px4_msgs/msg/detail/vehicle_local_position__functions.c\n'}
[1.436959] (px4_msgs) StdoutLine: {'line': b'-- Up-to-date: /home/mustardking/ws_sensor_combined/install/px4_msgs/include/px4_msgs/px4_msgs/msg/detail/airspeed__functions.h\n'}
[1.436982] (px4_msgs) StdoutLine: {'line': b'-- Up-to-date: /home/mustardking/ws_sensor_combined/install/px4_msgs/include/px4_msgs/px4_msgs/msg/detail/vehicle_acceleration__functions.c\n'}
[1.437006] (px4_msgs) StdoutLine: {'line': b'-- Up-to-date: /home/mustardking/ws_sensor_combined/install/px4_msgs/include/px4_msgs/px4_msgs/msg/detail/position_controller_landing_status__struct.h\n'}
[1.437049] (px4_msgs) StdoutLine: {'line': b'-- Up-to-date: /home/mustardking/ws_sensor_combined/install/px4_msgs/include/px4_msgs/px4_msgs/msg/detail/geofence_status__functions.c\n'}
[1.437482] (px4_msgs) StdoutLine: {'line': b'-- Up-to-date: /home/mustardking/ws_sensor_combined/install/px4_msgs/include/px4_msgs/px4_msgs/msg/detail/gpio_config__type_support.h\n'}
[1.437523] (px4_msgs) StdoutLine: {'line': b'-- Up-to-date: /home/mustardking/ws_sensor_combined/install/px4_msgs/include/px4_msgs/px4_msgs/msg/detail/esc_report__functions.c\n'}
[1.437561] (px4_msgs) StdoutLine: {'line': b'-- Up-to-date: /home/mustardking/ws_sensor_combined/install/px4_msgs/include/px4_msgs/px4_msgs/msg/detail/dataman_response__type_support.h\n'}
[1.437586] (px4_msgs) StdoutLine: {'line': b'-- Up-to-date: /home/mustardking/ws_sensor_combined/install/px4_msgs/include/px4_msgs/px4_msgs/msg/detail/estimator_gps_status__struct.h\n'}
[1.437622] (px4_msgs) StdoutLine: {'line': b'-- Up-to-date: /home/mustardking/ws_sensor_combined/install/px4_msgs/include/px4_msgs/px4_msgs/msg/detail/vehicle_angular_velocity__functions.h\n'}
[1.437665] (px4_msgs) StdoutLine: {'line': b'-- Up-to-date: /home/mustardking/ws_sensor_combined/install/px4_msgs/include/px4_msgs/px4_msgs/msg/detail/gpio_in__functions.h\n'}
[1.437693] (px4_msgs) StdoutLine: {'line': b'-- Up-to-date: /home/mustardking/ws_sensor_combined/install/px4_msgs/include/px4_msgs/px4_msgs/msg/detail/sensor_gps__type_support.h\n'}
[1.437726] (px4_msgs) StdoutLine: {'line': b'-- Up-to-date: /home/mustardking/ws_sensor_combined/install/px4_msgs/include/px4_msgs/px4_msgs/msg/detail/debug_value__type_support.h\n'}
[1.437769] (px4_msgs) StdoutLine: {'line': b'-- Up-to-date: /home/mustardking/ws_sensor_combined/install/px4_msgs/include/px4_msgs/px4_msgs/msg/detail/vehicle_attitude__type_support.h\n'}
[1.437894] (px4_msgs) StdoutLine: {'line': b'-- Up-to-date: /home/mustardking/ws_sensor_combined/install/px4_msgs/include/px4_msgs/px4_msgs/msg/detail/input_rc__type_support.h\n'}
[1.437920] (px4_msgs) StdoutLine: {'line': b'-- Up-to-date: /home/mustardking/ws_sensor_combined/install/px4_msgs/include/px4_msgs/px4_msgs/msg/detail/vehicle_global_position__functions.h\n'}
[1.437943] (px4_msgs) StdoutLine: {'line': b'-- Up-to-date: /home/mustardking/ws_sensor_combined/install/px4_msgs/include/px4_msgs/px4_msgs/msg/detail/mission__struct.h\n'}
[1.437966] (px4_msgs) StdoutLine: {'line': b'-- Up-to-date: /home/mustardking/ws_sensor_combined/install/px4_msgs/include/px4_msgs/px4_msgs/msg/detail/rover_speed_status__functions.c\n'}
[1.437989] (px4_msgs) StdoutLine: {'line': b'-- Up-to-date: /home/mustardking/ws_sensor_combined/install/px4_msgs/include/px4_msgs/px4_msgs/msg/detail/rover_steering_setpoint__functions.h\n'}
[1.438016] (px4_msgs) StdoutLine: {'line': b'-- Up-to-date: /home/mustardking/ws_sensor_combined/install/px4_msgs/include/px4_msgs/px4_msgs/msg/detail/actuator_servos_trim__functions.h\n'}
[1.438039] (px4_msgs) StdoutLine: {'line': b'-- Up-to-date: /home/mustardking/ws_sensor_combined/install/px4_msgs/include/px4_msgs/px4_msgs/msg/detail/estimator_status_flags__functions.c\n'}
[1.438062] (px4_msgs) StdoutLine: {'line': b'-- Up-to-date: /home/mustardking/ws_sensor_combined/install/px4_msgs/include/px4_msgs/px4_msgs/msg/detail/radio_status__type_support.h\n'}
[1.438084] (px4_msgs) StdoutLine: {'line': b'-- Up-to-date: /home/mustardking/ws_sensor_combined/install/px4_msgs/include/px4_msgs/px4_msgs/msg/detail/vehicle_air_data__type_support.h\n'}
[1.438107] (px4_msgs) StdoutLine: {'line': b'-- Up-to-date: /home/mustardking/ws_sensor_combined/install/px4_msgs/include/px4_msgs/px4_msgs/msg/detail/camera_status__type_support.h\n'}
[1.438130] (px4_msgs) StdoutLine: {'line': b'-- Up-to-date: /home/mustardking/ws_sensor_combined/install/px4_msgs/include/px4_msgs/px4_msgs/msg/detail/sensor_optical_flow__struct.h\n'}
[1.438152] (px4_msgs) StdoutLine: {'line': b'-- Up-to-date: /home/mustardking/ws_sensor_combined/install/px4_msgs/include/px4_msgs/px4_msgs/msg/detail/mission__functions.c\n'}
[1.438175] (px4_msgs) StdoutLine: {'line': b'-- Up-to-date: /home/mustardking/ws_sensor_combined/install/px4_msgs/include/px4_msgs/px4_msgs/msg/detail/velocity_limits__functions.c\n'}
[1.438197] (px4_msgs) StdoutLine: {'line': b'-- Up-to-date: /home/mustardking/ws_sensor_combined/install/px4_msgs/include/px4_msgs/px4_msgs/msg/detail/sensors_status__functions.c\n'}
[1.438223] (px4_msgs) StdoutLine: {'line': b'-- Up-to-date: /home/mustardking/ws_sensor_combined/install/px4_msgs/include/px4_msgs/px4_msgs/msg/detail/vehicle_acceleration__type_support.h\n'}
[1.438253] (px4_msgs) StdoutLine: {'line': b'-- Up-to-date: /home/mustardking/ws_sensor_combined/install/px4_msgs/include/px4_msgs/px4_msgs/msg/detail/gimbal_device_attitude_status__functions.c\n'}
[1.438275] (px4_msgs) StdoutLine: {'line': b'-- Up-to-date: /home/mustardking/ws_sensor_combined/install/px4_msgs/include/px4_msgs/px4_msgs/msg/detail/rover_position_setpoint__struct.h\n'}
[1.438298] (px4_msgs) StdoutLine: {'line': b'-- Up-to-date: /home/mustardking/ws_sensor_combined/install/px4_msgs/include/px4_msgs/px4_msgs/msg/detail/sensor_gnss_status__functions.c\n'}
[1.438320] (px4_msgs) StdoutLine: {'line': b'-- Up-to-date: /home/mustardking/ws_sensor_combined/install/px4_msgs/include/px4_msgs/px4_msgs/msg/detail/wind__struct.h\n'}
[1.438344] (px4_msgs) StdoutLine: {'line': b'-- Up-to-date: /home/mustardking/ws_sensor_combined/install/px4_msgs/include/px4_msgs/px4_msgs/msg/detail/vehicle_odometry__functions.c\n'}
[1.438367] (px4_msgs) StdoutLine: {'line': b'-- Up-to-date: /home/mustardking/ws_sensor_combined/install/px4_msgs/include/px4_msgs/px4_msgs/msg/detail/ulog_stream_ack__struct.h\n'}
[1.438390] (px4_msgs) StdoutLine: {'line': b'-- Up-to-date: /home/mustardking/ws_sensor_combined/install/px4_msgs/include/px4_msgs/px4_msgs/msg/detail/velocity_limits__type_support.h\n'}
[1.438412] (px4_msgs) StdoutLine: {'line': b'-- Up-to-date: /home/mustardking/ws_sensor_combined/install/px4_msgs/include/px4_msgs/px4_msgs/msg/detail/vehicle_torque_setpoint__functions.c\n'}
[1.438436] (px4_msgs) StdoutLine: {'line': b'-- Up-to-date: /home/mustardking/ws_sensor_combined/install/px4_msgs/include/px4_msgs/px4_msgs/msg/detail/airspeed_wind__struct.h\n'}
[1.438458] (px4_msgs) StdoutLine: {'line': b'-- Up-to-date: /home/mustardking/ws_sensor_combined/install/px4_msgs/include/px4_msgs/px4_msgs/msg/detail/vehicle_magnetometer__struct.h\n'}
[1.438480] (px4_msgs) StdoutLine: {'line': b'-- Up-to-date: /home/mustardking/ws_sensor_combined/install/px4_msgs/include/px4_msgs/px4_msgs/msg/detail/debug_value__struct.h\n'}
[1.438503] (px4_msgs) StdoutLine: {'line': b'-- Up-to-date: /home/mustardking/ws_sensor_combined/install/px4_msgs/include/px4_msgs/px4_msgs/msg/detail/position_controller_landing_status__type_support.h\n'}
[1.438526] (px4_msgs) StdoutLine: {'line': b'-- Up-to-date: /home/mustardking/ws_sensor_combined/install/px4_msgs/include/px4_msgs/px4_msgs/msg/detail/parameter_set_used_request__functions.c\n'}
[1.438548] (px4_msgs) StdoutLine: {'line': b'-- Up-to-date: /home/mustardking/ws_sensor_combined/install/px4_msgs/include/px4_msgs/px4_msgs/msg/detail/estimator_event_flags__functions.h\n'}
[1.438570] (px4_msgs) StdoutLine: {'line': b'-- Up-to-date: /home/mustardking/ws_sensor_combined/install/px4_msgs/include/px4_msgs/px4_msgs/msg/detail/sensor_preflight_mag__functions.c\n'}
[1.438593] (px4_msgs) StdoutLine: {'line': b'-- Up-to-date: /home/mustardking/ws_sensor_combined/install/px4_msgs/include/px4_msgs/px4_msgs/msg/detail/failsafe_flags__functions.h\n'}
[1.438616] (px4_msgs) StdoutLine: {'line': b'-- Up-to-date: /home/mustardking/ws_sensor_combined/install/px4_msgs/include/px4_msgs/px4_msgs/msg/detail/parameter_set_value_response__functions.c\n'}
[1.438639] (px4_msgs) StdoutLine: {'line': b'-- Up-to-date: /home/mustardking/ws_sensor_combined/install/px4_msgs/include/px4_msgs/px4_msgs/msg/detail/action_request__functions.c\n'}
[1.438662] (px4_msgs) StdoutLine: {'line': b'-- Up-to-date: /home/mustardking/ws_sensor_combined/install/px4_msgs/include/px4_msgs/px4_msgs/msg/detail/unregister_ext_component__type_support.h\n'}
[1.438685] (px4_msgs) StdoutLine: {'line': b'-- Up-to-date: /home/mustardking/ws_sensor_combined/install/px4_msgs/include/px4_msgs/px4_msgs/msg/detail/fixed_wing_lateral_status__struct.h\n'}
[1.438709] (px4_msgs) StdoutLine: {'line': b'-- Up-to-date: /home/mustardking/ws_sensor_combined/install/px4_msgs/include/px4_msgs/px4_msgs/msg/detail/offboard_control_mode__struct.h\n'}
[1.438732] (px4_msgs) StdoutLine: {'line': b'-- Up-to-date: /home/mustardking/ws_sensor_combined/install/px4_msgs/include/px4_msgs/px4_msgs/msg/detail/neural_control__functions.h\n'}
[1.438754] (px4_msgs) StdoutLine: {'line': b'-- Up-to-date: /home/mustardking/ws_sensor_combined/install/px4_msgs/include/px4_msgs/px4_msgs/msg/detail/goto_setpoint__functions.h\n'}
[1.438777] (px4_msgs) StdoutLine: {'line': b'-- Up-to-date: /home/mustardking/ws_sensor_combined/install/px4_msgs/include/px4_msgs/px4_msgs/msg/detail/gimbal_manager_information__functions.c\n'}
[1.438800] (px4_msgs) StdoutLine: {'line': b'-- Up-to-date: /home/mustardking/ws_sensor_combined/install/px4_msgs/include/px4_msgs/px4_msgs/msg/detail/manual_control_switches__type_support.h\n'}
[1.438822] (px4_msgs) StdoutLine: {'line': b'-- Up-to-date: /home/mustardking/ws_sensor_combined/install/px4_msgs/include/px4_msgs/px4_msgs/msg/detail/vehicle_local_position__struct.h\n'}
[1.438846] (px4_msgs) StdoutLine: {'line': b'-- Up-to-date: /home/mustardking/ws_sensor_combined/install/px4_msgs/include/px4_msgs/px4_msgs/msg/detail/vehicle_global_position__struct.h\n'}
[1.438868] (px4_msgs) StdoutLine: {'line': b'-- Up-to-date: /home/mustardking/ws_sensor_combined/install/px4_msgs/include/px4_msgs/px4_msgs/msg/detail/tecs_status__functions.c\n'}
[1.438891] (px4_msgs) StdoutLine: {'line': b'-- Up-to-date: /home/mustardking/ws_sensor_combined/install/px4_msgs/include/px4_msgs/px4_msgs/msg/detail/gripper__type_support.h\n'}
[1.438913] (px4_msgs) StdoutLine: {'line': b'-- Up-to-date: /home/mustardking/ws_sensor_combined/install/px4_msgs/include/px4_msgs/px4_msgs/msg/detail/vehicle_optical_flow__type_support.h\n'}
[1.438935] (px4_msgs) StdoutLine: {'line': b'-- Up-to-date: /home/mustardking/ws_sensor_combined/install/px4_msgs/include/px4_msgs/px4_msgs/msg/detail/heater_status__functions.c\n'}
[1.438958] (px4_msgs) StdoutLine: {'line': b'-- Up-to-date: /home/mustardking/ws_sensor_combined/install/px4_msgs/include/px4_msgs/px4_msgs/msg/detail/timesync_status__struct.h\n'}
[1.438981] (px4_msgs) StdoutLine: {'line': b'-- Up-to-date: /home/mustardking/ws_sensor_combined/install/px4_msgs/include/px4_msgs/px4_msgs/msg/detail/parameter_set_used_request__struct.h\n'}
[1.439003] (px4_msgs) StdoutLine: {'line': b'-- Up-to-date: /home/mustardking/ws_sensor_combined/install/px4_msgs/include/px4_msgs/px4_msgs/msg/detail/open_drone_id_system__functions.c\n'}
[1.439025] (px4_msgs) StdoutLine: {'line': b'-- Up-to-date: /home/mustardking/ws_sensor_combined/install/px4_msgs/include/px4_msgs/px4_msgs/msg/detail/vehicle_global_position__type_support.h\n'}
[1.439048] (px4_msgs) StdoutLine: {'line': b'-- Up-to-date: /home/mustardking/ws_sensor_combined/install/px4_msgs/include/px4_msgs/px4_msgs/msg/detail/differential_pressure__functions.h\n'}
[1.439071] (px4_msgs) StdoutLine: {'line': b'-- Up-to-date: /home/mustardking/ws_sensor_combined/install/px4_msgs/include/px4_msgs/px4_msgs/msg/detail/gripper__functions.h\n'}
[1.439093] (px4_msgs) StdoutLine: {'line': b'-- Up-to-date: /home/mustardking/ws_sensor_combined/install/px4_msgs/include/px4_msgs/px4_msgs/msg/detail/logger_status__functions.c\n'}
[1.439116] (px4_msgs) StdoutLine: {'line': b'-- Up-to-date: /home/mustardking/ws_sensor_combined/install/px4_msgs/include/px4_msgs/px4_msgs/msg/detail/radio_status__functions.c\n'}
[1.439138] (px4_msgs) StdoutLine: {'line': b'-- Up-to-date: /home/mustardking/ws_sensor_combined/install/px4_msgs/include/px4_msgs/px4_msgs/msg/detail/orb_test_large__functions.c\n'}
[1.439161] (px4_msgs) StdoutLine: {'line': b'-- Up-to-date: /home/mustardking/ws_sensor_combined/install/px4_msgs/include/px4_msgs/px4_msgs/msg/detail/autotune_attitude_control_status__struct.h\n'}
[1.439184] (px4_msgs) StdoutLine: {'line': b'-- Up-to-date: /home/mustardking/ws_sensor_combined/install/px4_msgs/include/px4_msgs/px4_msgs/msg/detail/normalized_unsigned_setpoint__functions.h\n'}
[1.439207] (px4_msgs) StdoutLine: {'line': b'-- Up-to-date: /home/mustardking/ws_sensor_combined/install/px4_msgs/include/px4_msgs/px4_msgs/msg/detail/vehicle_magnetometer__functions.h\n'}
[1.439229] (px4_msgs) StdoutLine: {'line': b'-- Up-to-date: /home/mustardking/ws_sensor_combined/install/px4_msgs/include/px4_msgs/px4_msgs/msg/detail/message_format_request__functions.c\n'}
[1.439252] (px4_msgs) StdoutLine: {'line': b'-- Up-to-date: /home/mustardking/ws_sensor_combined/install/px4_msgs/include/px4_msgs/px4_msgs/msg/detail/vehicle_acceleration__functions.h\n'}
[1.439329] (px4_msgs) StdoutLine: {'line': b'-- Up-to-date: /home/mustardking/ws_sensor_combined/install/px4_msgs/include/px4_msgs/px4_msgs/msg/detail/parameter_update__functions.c\n'}
[1.439377] (px4_msgs) StdoutLine: {'line': b'-- Up-to-date: /home/mustardking/ws_sensor_combined/install/px4_msgs/include/px4_msgs/px4_msgs/msg/detail/debug_key_value__struct.h\n'}
[1.439404] (px4_msgs) StdoutLine: {'line': b'-- Up-to-date: /home/mustardking/ws_sensor_combined/install/px4_msgs/include/px4_msgs/px4_msgs/msg/detail/fixed_wing_longitudinal_setpoint__functions.h\n'}
[1.439431] (px4_msgs) StdoutLine: {'line': b'-- Up-to-date: /home/mustardking/ws_sensor_combined/install/px4_msgs/include/px4_msgs/px4_msgs/msg/detail/sensor_gnss_relative__type_support.h\n'}
[1.439457] (px4_msgs) StdoutLine: {'line': b'-- Up-to-date: /home/mustardking/ws_sensor_combined/install/px4_msgs/include/px4_msgs/px4_msgs/msg/detail/gimbal_manager_status__functions.h\n'}
[1.439481] (px4_msgs) StdoutLine: {'line': b'-- Up-to-date: /home/mustardking/ws_sensor_combined/install/px4_msgs/include/px4_msgs/px4_msgs/msg/detail/fixed_wing_runway_control__functions.c\n'}
[1.439504] (px4_msgs) StdoutLine: {'line': b'-- Up-to-date: /home/mustardking/ws_sensor_combined/install/px4_msgs/include/px4_msgs/px4_msgs/msg/detail/sensors_status_imu__functions.c\n'}
[1.439528] (px4_msgs) StdoutLine: {'line': b'-- Up-to-date: /home/mustardking/ws_sensor_combined/install/px4_msgs/include/px4_msgs/px4_msgs/msg/detail/adc_report__type_support.h\n'}
[1.439551] (px4_msgs) StdoutLine: {'line': b'-- Up-to-date: /home/mustardking/ws_sensor_combined/install/px4_msgs/include/px4_msgs/px4_msgs/msg/detail/open_drone_id_self_id__functions.h\n'}
[1.439574] (px4_msgs) StdoutLine: {'line': b'-- Up-to-date: /home/mustardking/ws_sensor_combined/install/px4_msgs/include/px4_msgs/px4_msgs/msg/detail/parameter_update__type_support.h\n'}
[1.439597] (px4_msgs) StdoutLine: {'line': b'-- Up-to-date: /home/mustardking/ws_sensor_combined/install/px4_msgs/include/px4_msgs/px4_msgs/msg/detail/heater_status__struct.h\n'}
[1.439621] (px4_msgs) StdoutLine: {'line': b'-- Up-to-date: /home/mustardking/ws_sensor_combined/install/px4_msgs/include/px4_msgs/px4_msgs/msg/detail/gimbal_device_set_attitude__struct.h\n'}
[1.439645] (px4_msgs) StdoutLine: {'line': b'-- Up-to-date: /home/mustardking/ws_sensor_combined/install/px4_msgs/include/px4_msgs/px4_msgs/msg/detail/sensors_status_imu__struct.h\n'}
[1.439668] (px4_msgs) StdoutLine: {'line': b'-- Up-to-date: /home/mustardking/ws_sensor_combined/install/px4_msgs/include/px4_msgs/px4_msgs/msg/detail/rover_attitude_status__type_support.h\n'}
[1.439691] (px4_msgs) StdoutLine: {'line': b'-- Up-to-date: /home/mustardking/ws_sensor_combined/install/px4_msgs/include/px4_msgs/px4_msgs/msg/detail/rover_speed_status__type_support.h\n'}
[1.439714] (px4_msgs) StdoutLine: {'line': b'-- Up-to-date: /home/mustardking/ws_sensor_combined/install/px4_msgs/include/px4_msgs/px4_msgs/msg/detail/message_format_request__struct.h\n'}
[1.439737] (px4_msgs) StdoutLine: {'line': b'-- Up-to-date: /home/mustardking/ws_sensor_combined/install/px4_msgs/include/px4_msgs/px4_msgs/msg/detail/orb_test_large__struct.h\n'}
[1.439760] (px4_msgs) StdoutLine: {'line': b'-- Up-to-date: /home/mustardking/ws_sensor_combined/install/px4_msgs/include/px4_msgs/px4_msgs/msg/detail/esc_status__struct.h\n'}
[1.439783] (px4_msgs) StdoutLine: {'line': b'-- Up-to-date: /home/mustardking/ws_sensor_combined/install/px4_msgs/include/px4_msgs/px4_msgs/msg/detail/vehicle_land_detected__functions.h\n'}
[1.439825] (px4_msgs) StdoutLine: {'line': b'-- Up-to-date: /home/mustardking/ws_sensor_combined/install/px4_msgs/include/px4_msgs/px4_msgs/msg/detail/distance_sensor__functions.c\n'}
[1.439848] (px4_msgs) StdoutLine: {'line': b'-- Up-to-date: /home/mustardking/ws_sensor_combined/install/px4_msgs/include/px4_msgs/px4_msgs/msg/detail/mount_orientation__type_support.h\n'}
[1.439871] (px4_msgs) StdoutLine: {'line': b'-- Up-to-date: /home/mustardking/ws_sensor_combined/install/px4_msgs/include/px4_msgs/px4_msgs/msg/detail/gpio_config__struct.h\n'}
[1.439894] (px4_msgs) StdoutLine: {'line': b'-- Up-to-date: /home/mustardking/ws_sensor_combined/install/px4_msgs/include/px4_msgs/px4_msgs/msg/detail/geofence_status__functions.h\n'}
[1.439917] (px4_msgs) StdoutLine: {'line': b'-- Up-to-date: /home/mustardking/ws_sensor_combined/install/px4_msgs/include/px4_msgs/px4_msgs/msg/detail/button_event__type_support.h\n'}
[1.439940] (px4_msgs) StdoutLine: {'line': b'-- Up-to-date: /home/mustardking/ws_sensor_combined/install/px4_msgs/include/px4_msgs/px4_msgs/msg/detail/satellite_info__functions.h\n'}
[1.439964] (px4_msgs) StdoutLine: {'line': b'-- Up-to-date: /home/mustardking/ws_sensor_combined/install/px4_msgs/include/px4_msgs/px4_msgs/msg/detail/estimator_selector_status__functions.c\n'}
[1.439987] (px4_msgs) StdoutLine: {'line': b'-- Up-to-date: /home/mustardking/ws_sensor_combined/install/px4_msgs/include/px4_msgs/px4_msgs/msg/detail/battery_info__type_support.h\n'}
[1.440011] (px4_msgs) StdoutLine: {'line': b'-- Up-to-date: /home/mustardking/ws_sensor_combined/install/px4_msgs/include/px4_msgs/px4_msgs/msg/detail/telemetry_status__functions.h\n'}
[1.440035] (px4_msgs) StdoutLine: {'line': b'-- Up-to-date: /home/mustardking/ws_sensor_combined/install/px4_msgs/include/px4_msgs/px4_msgs/msg/detail/pps_capture__struct.h\n'}
[1.440058] (px4_msgs) StdoutLine: {'line': b'-- Up-to-date: /home/mustardking/ws_sensor_combined/install/px4_msgs/include/px4_msgs/px4_msgs/msg/detail/wind__functions.h\n'}
[1.440081] (px4_msgs) StdoutLine: {'line': b'-- Up-to-date: /home/mustardking/ws_sensor_combined/install/px4_msgs/include/px4_msgs/px4_msgs/msg/detail/fixed_wing_runway_control__struct.h\n'}
[1.440104] (px4_msgs) StdoutLine: {'line': b'-- Up-to-date: /home/mustardking/ws_sensor_combined/install/px4_msgs/include/px4_msgs/px4_msgs/msg/detail/mavlink_log__type_support.h\n'}
[1.440127] (px4_msgs) StdoutLine: {'line': b'-- Up-to-date: /home/mustardking/ws_sensor_combined/install/px4_msgs/include/px4_msgs/px4_msgs/msg/detail/landing_target_pose__functions.h\n'}
[1.440150] (px4_msgs) StdoutLine: {'line': b'-- Up-to-date: /home/mustardking/ws_sensor_combined/install/px4_msgs/include/px4_msgs/px4_msgs/msg/detail/internal_combustion_engine_control__functions.h\n'}
[1.440175] (px4_msgs) StdoutLine: {'line': b'-- Up-to-date: /home/mustardking/ws_sensor_combined/install/px4_msgs/include/px4_msgs/px4_msgs/msg/detail/system_power__type_support.h\n'}
[1.440198] (px4_msgs) StdoutLine: {'line': b'-- Up-to-date: /home/mustardking/ws_sensor_combined/install/px4_msgs/include/px4_msgs/px4_msgs/msg/detail/register_ext_component_reply__functions.h\n'}
[1.440222] (px4_msgs) StdoutLine: {'line': b'-- Up-to-date: /home/mustardking/ws_sensor_combined/install/px4_msgs/include/px4_msgs/px4_msgs/msg/detail/rate_ctrl_status__type_support.h\n'}
[1.440244] (px4_msgs) StdoutLine: {'line': b'-- Up-to-date: /home/mustardking/ws_sensor_combined/install/px4_msgs/include/px4_msgs/px4_msgs/msg/detail/wind__type_support.h\n'}
[1.440267] (px4_msgs) StdoutLine: {'line': b'-- Up-to-date: /home/mustardking/ws_sensor_combined/install/px4_msgs/include/px4_msgs/px4_msgs/msg/detail/goto_setpoint__functions.c\n'}
[1.440290] (px4_msgs) StdoutLine: {'line': b'-- Up-to-date: /home/mustardking/ws_sensor_combined/install/px4_msgs/include/px4_msgs/px4_msgs/msg/detail/geofence_status__type_support.h\n'}
[1.440313] (px4_msgs) StdoutLine: {'line': b'-- Up-to-date: /home/mustardking/ws_sensor_combined/install/px4_msgs/include/px4_msgs/px4_msgs/msg/detail/fixed_wing_lateral_status__functions.h\n'}
[1.440336] (px4_msgs) StdoutLine: {'line': b'-- Up-to-date: /home/mustardking/ws_sensor_combined/install/px4_msgs/include/px4_msgs/px4_msgs/msg/detail/sensor_uwb__functions.h\n'}
[1.440359] (px4_msgs) StdoutLine: {'line': b'-- Up-to-date: /home/mustardking/ws_sensor_combined/install/px4_msgs/include/px4_msgs/px4_msgs/msg/detail/vehicle_attitude_setpoint__type_support.h\n'}
[1.440383] (px4_msgs) StdoutLine: {'line': b'-- Up-to-date: /home/mustardking/ws_sensor_combined/install/px4_msgs/include/px4_msgs/px4_msgs/msg/detail/estimator_aid_source2d__functions.h\n'}
[1.440410] (px4_msgs) StdoutLine: {'line': b'-- Up-to-date: /home/mustardking/ws_sensor_combined/install/px4_msgs/include/px4_msgs/px4_msgs/msg/detail/vehicle_control_mode__type_support.h\n'}
[1.440443] (px4_msgs) StdoutLine: {'line': b'-- Up-to-date: /home/mustardking/ws_sensor_combined/install/px4_msgs/include/px4_msgs/px4_msgs/msg/detail/actuator_test__functions.c\n'}
[1.440526] (px4_msgs) StdoutLine: {'line': b'-- Up-to-date: /home/mustardking/ws_sensor_combined/install/px4_msgs/include/px4_msgs/px4_msgs/msg/detail/estimator_selector_status__functions.h\n'}
[1.440580] (px4_msgs) StdoutLine: {'line': b'-- Up-to-date: /home/mustardking/ws_sensor_combined/install/px4_msgs/include/px4_msgs/px4_msgs/msg/detail/mount_orientation__struct.h\n'}
[1.440603] (px4_msgs) StdoutLine: {'line': b'-- Up-to-date: /home/mustardking/ws_sensor_combined/install/px4_msgs/include/px4_msgs/px4_msgs/msg/detail/transponder_report__struct.h\n'}
[1.440626] (px4_msgs) StdoutLine: {'line': b'-- Up-to-date: /home/mustardking/ws_sensor_combined/install/px4_msgs/include/px4_msgs/px4_msgs/msg/detail/task_stack_info__functions.c\n'}
[1.440649] (px4_msgs) StdoutLine: {'line': b'-- Up-to-date: /home/mustardking/ws_sensor_combined/install/px4_msgs/include/px4_msgs/px4_msgs/msg/detail/qshell_req__functions.c\n'}
[1.440676] (px4_msgs) StdoutLine: {'line': b'-- Up-to-date: /home/mustardking/ws_sensor_combined/install/px4_msgs/include/px4_msgs/px4_msgs/msg/detail/orbit_status__type_support.h\n'}
[1.440721] (px4_msgs) StdoutLine: {'line': b'-- Up-to-date: /home/mustardking/ws_sensor_combined/install/px4_msgs/include/px4_msgs/px4_msgs/msg/detail/sensor_accel_fifo__type_support.h\n'}
[1.440768] (px4_msgs) StdoutLine: {'line': b'-- Up-to-date: /home/mustardking/ws_sensor_combined/install/px4_msgs/include/px4_msgs/px4_msgs/msg/detail/goto_setpoint__struct.h\n'}
[1.440848] (px4_msgs) StdoutLine: {'line': b'-- Up-to-date: /home/mustardking/ws_sensor_combined/install/px4_msgs/include/px4_msgs/px4_msgs/msg/detail/estimator_status_flags__type_support.h\n'}
[1.440972] (px4_msgs) StdoutLine: {'line': b'-- Up-to-date: /home/mustardking/ws_sensor_combined/install/px4_msgs/include/px4_msgs/px4_msgs/msg/detail/position_setpoint__functions.c\n'}
[1.441011] (px4_msgs) StdoutLine: {'line': b'-- Up-to-date: /home/mustardking/ws_sensor_combined/install/px4_msgs/include/px4_msgs/px4_msgs/msg/detail/navigator_mission_item__type_support.h\n'}
[1.441039] (px4_msgs) StdoutLine: {'line': b'-- Up-to-date: /home/mustardking/ws_sensor_combined/install/px4_msgs/include/px4_msgs/px4_msgs/msg/detail/rpm__struct.h\n'}
[1.441081] (px4_msgs) StdoutLine: {'line': b'-- Up-to-date: /home/mustardking/ws_sensor_combined/install/px4_msgs/include/px4_msgs/px4_msgs/msg/detail/gimbal_manager_status__type_support.h\n'}
[1.441107] (px4_msgs) StdoutLine: {'line': b'-- Up-to-date: /home/mustardking/ws_sensor_combined/install/px4_msgs/include/px4_msgs/px4_msgs/msg/detail/follow_target__functions.c\n'}
[1.441147] (px4_msgs) StdoutLine: {'line': b'-- Up-to-date: /home/mustardking/ws_sensor_combined/install/px4_msgs/include/px4_msgs/px4_msgs/msg/detail/estimator_aid_source3d__functions.c\n'}
[1.441200] (px4_msgs) StdoutLine: {'line': b'-- Up-to-date: /home/mustardking/ws_sensor_combined/install/px4_msgs/include/px4_msgs/px4_msgs/msg/detail/gimbal_manager_set_manual_control__functions.c\n'}
[1.441261] (px4_msgs) StdoutLine: {'line': b'-- Up-to-date: /home/mustardking/ws_sensor_combined/install/px4_msgs/include/px4_msgs/px4_msgs/msg/detail/mag_worker_data__type_support.h\n'}
[1.441403] (px4_msgs) StdoutLine: {'line': b'-- Up-to-date: /home/mustardking/ws_sensor_combined/install/px4_msgs/include/px4_msgs/px4_msgs/msg/detail/qshell_retval__functions.h\n'}
[1.441491] (px4_msgs) StdoutLine: {'line': b'-- Up-to-date: /home/mustardking/ws_sensor_combined/install/px4_msgs/include/px4_msgs/px4_msgs/msg/detail/follow_target__struct.h\n'}
[1.441555] (px4_msgs) StdoutLine: {'line': b'-- Up-to-date: /home/mustardking/ws_sensor_combined/install/px4_msgs/include/px4_msgs/px4_msgs/msg/detail/follow_target_estimator__type_support.h\n'}
[1.441594] (px4_msgs) StdoutLine: {'line': b'-- Up-to-date: /home/mustardking/ws_sensor_combined/install/px4_msgs/include/px4_msgs/px4_msgs/msg/detail/vehicle_odometry__type_support.h\n'}
[1.441673] (px4_msgs) StdoutLine: {'line': b'-- Up-to-date: /home/mustardking/ws_sensor_combined/install/px4_msgs/include/px4_msgs/px4_msgs/msg/detail/landing_target_pose__type_support.h\n'}
[1.441745] (px4_msgs) StdoutLine: {'line': b'-- Up-to-date: /home/mustardking/ws_sensor_combined/install/px4_msgs/include/px4_msgs/px4_msgs/msg/detail/trajectory_setpoint__type_support.h\n'}
[1.441792] (px4_msgs) StdoutLine: {'line': b'-- Up-to-date: /home/mustardking/ws_sensor_combined/install/px4_msgs/include/px4_msgs/px4_msgs/msg/detail/estimator_bias3d__type_support.h\n'}
[1.441893] (px4_msgs) StdoutLine: {'line': b'-- Up-to-date: /home/mustardking/ws_sensor_combined/install/px4_msgs/include/px4_msgs/px4_msgs/msg/detail/can_interface_status__type_support.h\n'}
[1.442017] (px4_msgs) StdoutLine: {'line': b'-- Up-to-date: /home/mustardking/ws_sensor_combined/install/px4_msgs/include/px4_msgs/px4_msgs/msg/detail/vehicle_optical_flow__struct.h\n'}
[1.442074] (px4_msgs) StdoutLine: {'line': b'-- Up-to-date: /home/mustardking/ws_sensor_combined/install/px4_msgs/include/px4_msgs/px4_msgs/msg/detail/debug_array__type_support.h\n'}
[1.442130] (px4_msgs) StdoutLine: {'line': b'-- Up-to-date: /home/mustardking/ws_sensor_combined/install/px4_msgs/include/px4_msgs/px4_msgs/msg/detail/yaw_estimator_status__struct.h\n'}
[1.442182] (px4_msgs) StdoutLine: {'line': b'-- Up-to-date: /home/mustardking/ws_sensor_combined/install/px4_msgs/include/px4_msgs/px4_msgs/msg/detail/open_drone_id_system__type_support.h\n'}
[1.442248] (px4_msgs) StdoutLine: {'line': b'-- Up-to-date: /home/mustardking/ws_sensor_combined/install/px4_msgs/include/px4_msgs/px4_msgs/msg/detail/irlock_report__functions.h\n'}
[1.442304] (px4_msgs) StdoutLine: {'line': b'-- Up-to-date: /home/mustardking/ws_sensor_combined/install/px4_msgs/include/px4_msgs/px4_msgs/msg/detail/distance_sensor__type_support.h\n'}
[1.442361] (px4_msgs) StdoutLine: {'line': b'-- Up-to-date: /home/mustardking/ws_sensor_combined/install/px4_msgs/include/px4_msgs/px4_msgs/msg/detail/rover_speed_setpoint__type_support.h\n'}
[1.442436] (px4_msgs) StdoutLine: {'line': b'-- Up-to-date: /home/mustardking/ws_sensor_combined/install/px4_msgs/include/px4_msgs/px4_msgs/msg/detail/gpio_config__functions.h\n'}
[1.442489] (px4_msgs) StdoutLine: {'line': b'-- Up-to-date: /home/mustardking/ws_sensor_combined/install/px4_msgs/include/px4_msgs/px4_msgs/msg/detail/gpio_out__struct.h\n'}
[1.442553] (px4_msgs) StdoutLine: {'line': b'-- Up-to-date: /home/mustardking/ws_sensor_combined/install/px4_msgs/include/px4_msgs/px4_msgs/msg/detail/battery_info__functions.c\n'}
[1.442728] (px4_msgs) StdoutLine: {'line': b'-- Up-to-date: /home/mustardking/ws_sensor_combined/install/px4_msgs/include/px4_msgs/px4_msgs/msg/detail/button_event__functions.h\n'}
[1.442819] (px4_msgs) StdoutLine: {'line': b'-- Up-to-date: /home/mustardking/ws_sensor_combined/install/px4_msgs/include/px4_msgs/px4_msgs/msg/detail/manual_control_setpoint__struct.h\n'}
[1.442877] (px4_msgs) StdoutLine: {'line': b'-- Up-to-date: /home/mustardking/ws_sensor_combined/install/px4_msgs/include/px4_msgs/px4_msgs/msg/detail/fixed_wing_runway_control__type_support.h\n'}
[1.442937] (px4_msgs) StdoutLine: {'line': b'-- Up-to-date: /home/mustardking/ws_sensor_combined/install/px4_msgs/include/px4_msgs/px4_msgs/msg/detail/sensor_correction__type_support.h\n'}
[1.443014] (px4_msgs) StdoutLine: {'line': b'-- Up-to-date: /home/mustardking/ws_sensor_combined/install/px4_msgs/include/px4_msgs/px4_msgs/msg/detail/esc_status__functions.c\n'}
[1.443081] (px4_msgs) StdoutLine: {'line': b'-- Up-to-date: /home/mustardking/ws_sensor_combined/install/px4_msgs/include/px4_msgs/px4_msgs/msg/detail/vehicle_constraints__functions.h\n'}
[1.443133] (px4_msgs) StdoutLine: {'line': b'-- Up-to-date: /home/mustardking/ws_sensor_combined/install/px4_msgs/include/px4_msgs/px4_msgs/msg/detail/fixed_wing_longitudinal_setpoint__struct.h\n'}
[1.443213] (px4_msgs) StdoutLine: {'line': b'-- Up-to-date: /home/mustardking/ws_sensor_combined/install/px4_msgs/include/px4_msgs/px4_msgs/msg/detail/esc_report__struct.h\n'}
[1.443345] (px4_msgs) StdoutLine: {'line': b'-- Up-to-date: /home/mustardking/ws_sensor_combined/install/px4_msgs/include/px4_msgs/px4_msgs/msg/detail/telemetry_status__struct.h\n'}
[1.443431] (px4_msgs) StdoutLine: {'line': b'-- Up-to-date: /home/mustardking/ws_sensor_combined/install/px4_msgs/include/px4_msgs/px4_msgs/msg/detail/debug_value__functions.c\n'}
[1.443499] (px4_msgs) StdoutLine: {'line': b'-- Up-to-date: /home/mustardking/ws_sensor_combined/install/px4_msgs/include/px4_msgs/px4_msgs/msg/detail/camera_trigger__struct.h\n'}
[1.443616] (px4_msgs) StdoutLine: {'line': b'-- Up-to-date: /home/mustardking/ws_sensor_combined/install/px4_msgs/include/px4_msgs/px4_msgs/msg/detail/gimbal_manager_set_attitude__functions.h\n'}
[1.443692] (px4_msgs) StdoutLine: {'line': b'-- Up-to-date: /home/mustardking/ws_sensor_combined/install/px4_msgs/include/px4_msgs/px4_msgs/msg/detail/normalized_unsigned_setpoint__struct.h\n'}
[1.443786] (px4_msgs) StdoutLine: {'line': b'-- Up-to-date: /home/mustardking/ws_sensor_combined/install/px4_msgs/include/px4_msgs/px4_msgs/msg/detail/heater_status__functions.h\n'}
[1.443847] (px4_msgs) StdoutLine: {'line': b'-- Up-to-date: /home/mustardking/ws_sensor_combined/install/px4_msgs/include/px4_msgs/px4_msgs/msg/detail/telemetry_status__functions.c\n'}
[1.443885] (px4_msgs) StdoutLine: {'line': b'-- Up-to-date: /home/mustardking/ws_sensor_combined/install/px4_msgs/include/px4_msgs/px4_msgs/msg/detail/onboard_computer_status__functions.c\n'}
[1.444158] (px4_msgs) StdoutLine: {'line': b'-- Up-to-date: /home/mustardking/ws_sensor_combined/install/px4_msgs/include/px4_msgs/px4_msgs/msg/detail/follow_target_status__type_support.h\n'}
[1.444220] (px4_msgs) StdoutLine: {'line': b'-- Up-to-date: /home/mustardking/ws_sensor_combined/install/px4_msgs/include/px4_msgs/px4_msgs/msg/detail/vehicle_angular_acceleration_setpoint__type_support.h\n'}
[1.444256] (px4_msgs) StdoutLine: {'line': b'-- Up-to-date: /home/mustardking/ws_sensor_combined/install/px4_msgs/include/px4_msgs/px4_msgs/msg/detail/tune_control__functions.h\n'}
[1.444288] (px4_msgs) StdoutLine: {'line': b'-- Up-to-date: /home/mustardking/ws_sensor_combined/install/px4_msgs/include/px4_msgs/px4_msgs/msg/detail/dataman_response__struct.h\n'}
[1.444380] (px4_msgs) StdoutLine: {'line': b'-- Up-to-date: /home/mustardking/ws_sensor_combined/install/px4_msgs/include/px4_msgs/px4_msgs/msg/detail/sensor_accel_fifo__functions.h\n'}
[1.444418] (px4_msgs) StdoutLine: {'line': b'-- Up-to-date: /home/mustardking/ws_sensor_combined/install/px4_msgs/include/px4_msgs/px4_msgs/msg/detail/register_ext_component_request__struct.h\n'}
[1.444452] (px4_msgs) StdoutLine: {'line': b'-- Up-to-date: /home/mustardking/ws_sensor_combined/install/px4_msgs/include/px4_msgs/px4_msgs/msg/detail/mount_orientation__functions.h\n'}
[1.444515] (px4_msgs) StdoutLine: {'line': b'-- Up-to-date: /home/mustardking/ws_sensor_combined/install/px4_msgs/include/px4_msgs/px4_msgs/msg/detail/mag_worker_data__struct.h\n'}
[1.444635] (px4_msgs) StdoutLine: {'line': b'-- Up-to-date: /home/mustardking/ws_sensor_combined/install/px4_msgs/include/px4_msgs/px4_msgs/msg/detail/register_ext_component_reply__functions.c\n'}
[1.444671] (px4_msgs) StdoutLine: {'line': b'-- Up-to-date: /home/mustardking/ws_sensor_combined/install/px4_msgs/include/px4_msgs/px4_msgs/msg/detail/vehicle_status__struct.h\n'}
[1.444709] (px4_msgs) StdoutLine: {'line': b'-- Up-to-date: /home/mustardking/ws_sensor_combined/install/px4_msgs/include/px4_msgs/px4_msgs/msg/detail/gpio_request__struct.h\n'}
[1.444734] (px4_msgs) StdoutLine: {'line': b'-- Up-to-date: /home/mustardking/ws_sensor_combined/install/px4_msgs/include/px4_msgs/px4_msgs/msg/detail/rtl_time_estimate__functions.c\n'}
[1.444770] (px4_msgs) StdoutLine: {'line': b'-- Up-to-date: /home/mustardking/ws_sensor_combined/install/px4_msgs/include/px4_msgs/px4_msgs/msg/detail/gpio_in__functions.c\n'}
[1.444805] (px4_msgs) StdoutLine: {'line': b'-- Up-to-date: /home/mustardking/ws_sensor_combined/install/px4_msgs/include/px4_msgs/px4_msgs/msg/detail/differential_pressure__type_support.h\n'}
[1.445125] (px4_msgs) StdoutLine: {'line': b'-- Up-to-date: /home/mustardking/ws_sensor_combined/install/px4_msgs/include/px4_msgs/px4_msgs/msg/detail/mission_result__type_support.h\n'}
[1.445361] (px4_msgs) StdoutLine: {'line': b'-- Up-to-date: /home/mustardking/ws_sensor_combined/install/px4_msgs/include/px4_msgs/px4_msgs/msg/detail/estimator_status__struct.h\n'}
[1.445693] (px4_msgs) StdoutLine: {'line': b'-- Up-to-date: /home/mustardking/ws_sensor_combined/install/px4_msgs/include/px4_msgs/px4_msgs/msg/detail/trajectory_setpoint6dof__functions.c\n'}
[1.445888] (px4_msgs) StdoutLine: {'line': b'-- Up-to-date: /home/mustardking/ws_sensor_combined/install/px4_msgs/include/px4_msgs/px4_msgs/msg/detail/manual_control_switches__struct.h\n'}
[1.445928] (px4_msgs) StdoutLine: {'line': b'-- Up-to-date: /home/mustardking/ws_sensor_combined/install/px4_msgs/include/px4_msgs/px4_msgs/msg/detail/rover_rate_status__struct.h\n'}
[1.445953] (px4_msgs) StdoutLine: {'line': b'-- Up-to-date: /home/mustardking/ws_sensor_combined/install/px4_msgs/include/px4_msgs/px4_msgs/msg/detail/position_controller_status__struct.h\n'}
[1.445976] (px4_msgs) StdoutLine: {'line': b'-- Up-to-date: /home/mustardking/ws_sensor_combined/install/px4_msgs/include/px4_msgs/px4_msgs/msg/detail/sensor_preflight_mag__type_support.h\n'}
[1.446000] (px4_msgs) StdoutLine: {'line': b'-- Up-to-date: /home/mustardking/ws_sensor_combined/install/px4_msgs/include/px4_msgs/px4_msgs/msg/detail/camera_trigger__functions.c\n'}
[1.446023] (px4_msgs) StdoutLine: {'line': b'-- Up-to-date: /home/mustardking/ws_sensor_combined/install/px4_msgs/include/px4_msgs/px4_msgs/msg/detail/actuator_test__functions.h\n'}
[1.446046] (px4_msgs) StdoutLine: {'line': b'-- Up-to-date: /home/mustardking/ws_sensor_combined/install/px4_msgs/include/px4_msgs/px4_msgs/msg/detail/wheel_encoders__struct.h\n'}
[1.446069] (px4_msgs) StdoutLine: {'line': b'-- Up-to-date: /home/mustardking/ws_sensor_combined/install/px4_msgs/include/px4_msgs/px4_msgs/msg/detail/vehicle_control_mode__struct.h\n'}
[1.446092] (px4_msgs) StdoutLine: {'line': b'-- Up-to-date: /home/mustardking/ws_sensor_combined/install/px4_msgs/include/px4_msgs/px4_msgs/msg/detail/sensor_accel__functions.c\n'}
[1.446115] (px4_msgs) StdoutLine: {'line': b'-- Up-to-date: /home/mustardking/ws_sensor_combined/install/px4_msgs/include/px4_msgs/px4_msgs/msg/detail/pwm_input__struct.h\n'}
[1.446141] (px4_msgs) StdoutLine: {'line': b'-- Up-to-date: /home/mustardking/ws_sensor_combined/install/px4_msgs/include/px4_msgs/px4_msgs/msg/detail/radio_status__struct.h\n'}
[1.446164] (px4_msgs) StdoutLine: {'line': b'-- Up-to-date: /home/mustardking/ws_sensor_combined/install/px4_msgs/include/px4_msgs/px4_msgs/msg/detail/vehicle_optical_flow_vel__type_support.h\n'}
[1.446187] (px4_msgs) StdoutLine: {'line': b'-- Up-to-date: /home/mustardking/ws_sensor_combined/install/px4_msgs/include/px4_msgs/px4_msgs/msg/detail/rover_rate_status__functions.h\n'}
[1.446212] (px4_msgs) StdoutLine: {'line': b'-- Up-to-date: /home/mustardking/ws_sensor_combined/install/px4_msgs/include/px4_msgs/px4_msgs/msg/detail/gimbal_manager_status__functions.c\n'}
[1.446236] (px4_msgs) StdoutLine: {'line': b'-- Up-to-date: /home/mustardking/ws_sensor_combined/install/px4_msgs/include/px4_msgs/px4_msgs/msg/detail/rover_attitude_status__functions.c\n'}
[1.446258] (px4_msgs) StdoutLine: {'line': b'-- Up-to-date: /home/mustardking/ws_sensor_combined/install/px4_msgs/include/px4_msgs/px4_msgs/msg/detail/airspeed_wind__functions.h\n'}
[1.446281] (px4_msgs) StdoutLine: {'line': b'-- Up-to-date: /home/mustardking/ws_sensor_combined/install/px4_msgs/include/px4_msgs/px4_msgs/msg/detail/uavcan_parameter_value__functions.c\n'}
[1.446305] (px4_msgs) StdoutLine: {'line': b'-- Up-to-date: /home/mustardking/ws_sensor_combined/install/px4_msgs/include/px4_msgs/px4_msgs/msg/detail/gimbal_device_attitude_status__type_support.h\n'}
[1.446328] (px4_msgs) StdoutLine: {'line': b'-- Up-to-date: /home/mustardking/ws_sensor_combined/install/px4_msgs/include/px4_msgs/px4_msgs/msg/detail/magnetometer_bias_estimate__type_support.h\n'}
[1.446350] (px4_msgs) StdoutLine: {'line': b'-- Up-to-date: /home/mustardking/ws_sensor_combined/install/px4_msgs/include/px4_msgs/px4_msgs/msg/detail/figure_eight_status__functions.c\n'}
[1.446375] (px4_msgs) StdoutLine: {'line': b'-- Up-to-date: /home/mustardking/ws_sensor_combined/install/px4_msgs/include/px4_msgs/px4_msgs/msg/detail/position_setpoint_triplet__type_support.h\n'}
[1.446398] (px4_msgs) StdoutLine: {'line': b'-- Up-to-date: /home/mustardking/ws_sensor_combined/install/px4_msgs/include/px4_msgs/px4_msgs/msg/detail/logger_status__type_support.h\n'}
[1.446420] (px4_msgs) StdoutLine: {'line': b'-- Up-to-date: /home/mustardking/ws_sensor_combined/install/px4_msgs/include/px4_msgs/px4_msgs/msg/detail/failure_detector_status__functions.c\n'}
[1.446443] (px4_msgs) StdoutLine: {'line': b'-- Up-to-date: /home/mustardking/ws_sensor_combined/install/px4_msgs/include/px4_msgs/px4_msgs/msg/detail/pure_pursuit_status__functions.h\n'}
[1.446466] (px4_msgs) StdoutLine: {'line': b'-- Up-to-date: /home/mustardking/ws_sensor_combined/install/px4_msgs/include/px4_msgs/px4_msgs/msg/detail/cpuload__functions.h\n'}
[1.446489] (px4_msgs) StdoutLine: {'line': b'-- Up-to-date: /home/mustardking/ws_sensor_combined/install/px4_msgs/include/px4_msgs/px4_msgs/msg/detail/adc_report__functions.h\n'}
[1.446513] (px4_msgs) StdoutLine: {'line': b'-- Up-to-date: /home/mustardking/ws_sensor_combined/install/px4_msgs/include/px4_msgs/px4_msgs/msg/detail/parameter_set_used_request__type_support.h\n'}
[1.446536] (px4_msgs) StdoutLine: {'line': b'-- Up-to-date: /home/mustardking/ws_sensor_combined/install/px4_msgs/include/px4_msgs/px4_msgs/msg/detail/gpio_request__functions.h\n'}
[1.446559] (px4_msgs) StdoutLine: {'line': b'-- Up-to-date: /home/mustardking/ws_sensor_combined/install/px4_msgs/include/px4_msgs/px4_msgs/msg/detail/px4io_status__functions.c\n'}
[1.446581] (px4_msgs) StdoutLine: {'line': b'-- Up-to-date: /home/mustardking/ws_sensor_combined/install/px4_msgs/include/px4_msgs/px4_msgs/msg/detail/action_request__struct.h\n'}
[1.446604] (px4_msgs) StdoutLine: {'line': b'-- Up-to-date: /home/mustardking/ws_sensor_combined/install/px4_msgs/include/px4_msgs/px4_msgs/msg/detail/vehicle_attitude__functions.h\n'}
[1.446627] (px4_msgs) StdoutLine: {'line': b'-- Up-to-date: /home/mustardking/ws_sensor_combined/install/px4_msgs/include/px4_msgs/px4_msgs/msg/detail/input_rc__struct.h\n'}
[1.446650] (px4_msgs) StdoutLine: {'line': b'-- Up-to-date: /home/mustardking/ws_sensor_combined/install/px4_msgs/include/px4_msgs/px4_msgs/msg/detail/sensor_gyro_fft__functions.h\n'}
[1.446673] (px4_msgs) StdoutLine: {'line': b'-- Up-to-date: /home/mustardking/ws_sensor_combined/install/px4_msgs/include/px4_msgs/px4_msgs/msg/detail/sensor_gyro__struct.h\n'}
[1.446696] (px4_msgs) StdoutLine: {'line': b'-- Up-to-date: /home/mustardking/ws_sensor_combined/install/px4_msgs/include/px4_msgs/px4_msgs/msg/detail/arming_check_request__struct.h\n'}
[1.446718] (px4_msgs) StdoutLine: {'line': b'-- Up-to-date: /home/mustardking/ws_sensor_combined/install/px4_msgs/include/px4_msgs/px4_msgs/msg/detail/cpuload__functions.c\n'}
[1.446741] (px4_msgs) StdoutLine: {'line': b'-- Up-to-date: /home/mustardking/ws_sensor_combined/install/px4_msgs/include/px4_msgs/px4_msgs/msg/detail/system_power__functions.c\n'}
[1.446764] (px4_msgs) StdoutLine: {'line': b'-- Up-to-date: /home/mustardking/ws_sensor_combined/install/px4_msgs/include/px4_msgs/px4_msgs/msg/detail/tiltrotor_extra_controls__type_support.h\n'}
[1.446786] (px4_msgs) StdoutLine: {'line': b'-- Up-to-date: /home/mustardking/ws_sensor_combined/install/px4_msgs/include/px4_msgs/px4_msgs/msg/detail/arming_check_reply__struct.h\n'}
[1.446812] (px4_msgs) StdoutLine: {'line': b'-- Up-to-date: /home/mustardking/ws_sensor_combined/install/px4_msgs/include/px4_msgs/px4_msgs/msg/detail/ulog_stream__struct.h\n'}
[1.446834] (px4_msgs) StdoutLine: {'line': b'-- Up-to-date: /home/mustardking/ws_sensor_combined/install/px4_msgs/include/px4_msgs/px4_msgs/msg/detail/estimator_selector_status__type_support.h\n'}
[1.446857] (px4_msgs) StdoutLine: {'line': b'-- Up-to-date: /home/mustardking/ws_sensor_combined/install/px4_msgs/include/px4_msgs/px4_msgs/msg/detail/flight_phase_estimation__functions.c\n'}
[1.446882] (px4_msgs) StdoutLine: {'line': b'-- Up-to-date: /home/mustardking/ws_sensor_combined/install/px4_msgs/include/px4_msgs/px4_msgs/msg/detail/follow_target_status__functions.c\n'}
[1.446905] (px4_msgs) StdoutLine: {'line': b'-- Up-to-date: /home/mustardking/ws_sensor_combined/install/px4_msgs/include/px4_msgs/px4_msgs/msg/detail/battery_status__struct.h\n'}
[1.446927] (px4_msgs) StdoutLine: {'line': b'-- Up-to-date: /home/mustardking/ws_sensor_combined/install/px4_msgs/include/px4_msgs/px4_msgs/msg/detail/vehicle_roi__type_support.h\n'}
[1.446950] (px4_msgs) StdoutLine: {'line': b'-- Up-to-date: /home/mustardking/ws_sensor_combined/install/px4_msgs/include/px4_msgs/px4_msgs/msg/detail/geofence_result__type_support.h\n'}
[1.446972] (px4_msgs) StdoutLine: {'line': b'-- Up-to-date: /home/mustardking/ws_sensor_combined/install/px4_msgs/include/px4_msgs/px4_msgs/msg/detail/debug_vect__functions.h\n'}
[1.446995] (px4_msgs) StdoutLine: {'line': b'-- Up-to-date: /home/mustardking/ws_sensor_combined/install/px4_msgs/include/px4_msgs/px4_msgs/msg/detail/ulog_stream_ack__type_support.h\n'}
[1.447017] (px4_msgs) StdoutLine: {'line': b'-- Up-to-date: /home/mustardking/ws_sensor_combined/install/px4_msgs/include/px4_msgs/px4_msgs/msg/detail/rtl_status__functions.h\n'}
[1.447040] (px4_msgs) StdoutLine: {'line': b'-- Up-to-date: /home/mustardking/ws_sensor_combined/install/px4_msgs/include/px4_msgs/px4_msgs/msg/detail/rover_position_setpoint__functions.h\n'}
[1.447063] (px4_msgs) StdoutLine: {'line': b'-- Up-to-date: /home/mustardking/ws_sensor_combined/install/px4_msgs/include/px4_msgs/px4_msgs/msg/detail/mavlink_tunnel__struct.h\n'}
[1.447086] (px4_msgs) StdoutLine: {'line': b'-- Up-to-date: /home/mustardking/ws_sensor_combined/install/px4_msgs/include/px4_msgs/px4_msgs/msg/detail/sensor_selection__struct.h\n'}
[1.447108] (px4_msgs) StdoutLine: {'line': b'-- Up-to-date: /home/mustardking/ws_sensor_combined/install/px4_msgs/include/px4_msgs/px4_msgs/msg/detail/magnetometer_bias_estimate__struct.h\n'}
[1.447131] (px4_msgs) StdoutLine: {'line': b'-- Up-to-date: /home/mustardking/ws_sensor_combined/install/px4_msgs/include/px4_msgs/px4_msgs/msg/detail/gimbal_manager_information__struct.h\n'}
[1.447155] (px4_msgs) StdoutLine: {'line': b'-- Up-to-date: /home/mustardking/ws_sensor_combined/install/px4_msgs/include/px4_msgs/px4_msgs/msg/detail/follow_target_status__functions.h\n'}
[1.447178] (px4_msgs) StdoutLine: {'line': b'-- Up-to-date: /home/mustardking/ws_sensor_combined/install/px4_msgs/include/px4_msgs/px4_msgs/msg/detail/estimator_status__functions.h\n'}
[1.447200] (px4_msgs) StdoutLine: {'line': b'-- Up-to-date: /home/mustardking/ws_sensor_combined/install/px4_msgs/include/px4_msgs/px4_msgs/msg/detail/vehicle_optical_flow_vel__functions.h\n'}
[1.447224] (px4_msgs) StdoutLine: {'line': b'-- Up-to-date: /home/mustardking/ws_sensor_combined/install/px4_msgs/include/px4_msgs/px4_msgs/msg/detail/pure_pursuit_status__type_support.h\n'}
[1.447246] (px4_msgs) StdoutLine: {'line': b'-- Up-to-date: /home/mustardking/ws_sensor_combined/install/px4_msgs/include/px4_msgs/px4_msgs/msg/detail/rover_position_setpoint__type_support.h\n'}
[1.447272] (px4_msgs) StdoutLine: {'line': b'-- Up-to-date: /home/mustardking/ws_sensor_combined/install/px4_msgs/include/px4_msgs/px4_msgs/msg/detail/vehicle_constraints__type_support.h\n'}
[1.447375] (px4_msgs) StdoutLine: {'line': b'-- Up-to-date: /home/mustardking/ws_sensor_combined/install/px4_msgs/include/px4_msgs/px4_msgs/msg/detail/estimator_innovations__type_support.h\n'}
[1.447408] (px4_msgs) StdoutLine: {'line': b'-- Up-to-date: /home/mustardking/ws_sensor_combined/install/px4_msgs/include/px4_msgs/px4_msgs/msg/detail/sensor_airflow__functions.c\n'}
[1.447432] (px4_msgs) StdoutLine: {'line': b'-- Up-to-date: /home/mustardking/ws_sensor_combined/install/px4_msgs/include/px4_msgs/px4_msgs/msg/detail/flight_phase_estimation__type_support.h\n'}
[1.447455] (px4_msgs) StdoutLine: {'line': b'-- Up-to-date: /home/mustardking/ws_sensor_combined/install/px4_msgs/include/px4_msgs/px4_msgs/msg/detail/estimator_aid_source1d__functions.h\n'}
[1.447481] (px4_msgs) StdoutLine: {'line': b'-- Up-to-date: /home/mustardking/ws_sensor_combined/install/px4_msgs/include/px4_msgs/px4_msgs/msg/detail/hover_thrust_estimate__type_support.h\n'}
[1.447515] (px4_msgs) StdoutLine: {'line': b'-- Up-to-date: /home/mustardking/ws_sensor_combined/install/px4_msgs/include/px4_msgs/px4_msgs/msg/detail/failure_detector_status__type_support.h\n'}
[1.447553] (px4_msgs) StdoutLine: {'line': b'-- Up-to-date: /home/mustardking/ws_sensor_combined/install/px4_msgs/include/px4_msgs/px4_msgs/msg/detail/distance_sensor_mode_change_request__struct.h\n'}
[1.447578] (px4_msgs) StdoutLine: {'line': b'-- Up-to-date: /home/mustardking/ws_sensor_combined/install/px4_msgs/include/px4_msgs/px4_msgs/msg/detail/adc_report__struct.h\n'}
[1.447602] (px4_msgs) StdoutLine: {'line': b'-- Up-to-date: /home/mustardking/ws_sensor_combined/install/px4_msgs/include/px4_msgs/px4_msgs/msg/detail/obstacle_distance__type_support.h\n'}
[1.447628] (px4_msgs) StdoutLine: {'line': b'-- Up-to-date: /home/mustardking/ws_sensor_combined/install/px4_msgs/include/px4_msgs/px4_msgs/msg/detail/vehicle_attitude_setpoint__functions.c\n'}
[1.447651] (px4_msgs) StdoutLine: {'line': b'-- Up-to-date: /home/mustardking/ws_sensor_combined/install/px4_msgs/include/px4_msgs/px4_msgs/msg/detail/actuator_servos_trim__type_support.h\n'}
[1.447677] (px4_msgs) StdoutLine: {'line': b'-- Up-to-date: /home/mustardking/ws_sensor_combined/install/px4_msgs/include/px4_msgs/px4_msgs/msg/detail/longitudinal_control_configuration__functions.h\n'}
[1.447734] (px4_msgs) StdoutLine: {'line': b'-- Up-to-date: /home/mustardking/ws_sensor_combined/install/px4_msgs/include/px4_msgs/px4_msgs/msg/detail/uavcan_parameter_request__functions.h\n'}
[1.447792] (px4_msgs) StdoutLine: {'line': b'-- Up-to-date: /home/mustardking/ws_sensor_combined/install/px4_msgs/include/px4_msgs/px4_msgs/msg/detail/qshell_retval__struct.h\n'}
[1.447817] (px4_msgs) StdoutLine: {'line': b'-- Up-to-date: /home/mustardking/ws_sensor_combined/install/px4_msgs/include/px4_msgs/px4_msgs/msg/detail/airspeed__type_support.h\n'}
[1.447840] (px4_msgs) StdoutLine: {'line': b'-- Up-to-date: /home/mustardking/ws_sensor_combined/install/px4_msgs/include/px4_msgs/px4_msgs/msg/detail/lateral_control_configuration__struct.h\n'}
[1.448093] (px4_msgs) StdoutLine: {'line': b'-- Up-to-date: /home/mustardking/ws_sensor_combined/install/px4_msgs/include/px4_msgs/px4_msgs/msg/detail/vehicle_roi__functions.h\n'}
[1.448119] (px4_msgs) StdoutLine: {'line': b'-- Up-to-date: /home/mustardking/ws_sensor_combined/install/px4_msgs/include/px4_msgs/px4_msgs/msg/detail/vehicle_constraints__functions.c\n'}
[1.448142] (px4_msgs) StdoutLine: {'line': b'-- Up-to-date: /home/mustardking/ws_sensor_combined/install/px4_msgs/include/px4_msgs/px4_msgs/msg/detail/sensor_uwb__functions.c\n'}
[1.448170] (px4_msgs) StdoutLine: {'line': b'-- Up-to-date: /home/mustardking/ws_sensor_combined/install/px4_msgs/include/px4_msgs/px4_msgs/msg/detail/estimator_innovations__struct.h\n'}
[1.448246] (px4_msgs) StdoutLine: {'line': b'-- Up-to-date: /home/mustardking/ws_sensor_combined/install/px4_msgs/include/px4_msgs/px4_msgs/msg/detail/position_controller_status__functions.c\n'}
[1.448319] (px4_msgs) StdoutLine: {'line': b'-- Up-to-date: /home/mustardking/ws_sensor_combined/install/px4_msgs/include/px4_msgs/px4_msgs/msg/detail/parameter_set_value_request__type_support.h\n'}
[1.448363] (px4_msgs) StdoutLine: {'line': b'-- Up-to-date: /home/mustardking/ws_sensor_combined/install/px4_msgs/include/px4_msgs/px4_msgs/msg/detail/camera_capture__functions.c\n'}
[1.448388] (px4_msgs) StdoutLine: {'line': b'-- Up-to-date: /home/mustardking/ws_sensor_combined/install/px4_msgs/include/px4_msgs/px4_msgs/msg/detail/estimator_aid_source1d__struct.h\n'}
[1.448470] (px4_msgs) StdoutLine: {'line': b'-- Up-to-date: /home/mustardking/ws_sensor_combined/install/px4_msgs/include/px4_msgs/px4_msgs/msg/detail/button_event__struct.h\n'}
[1.448522] (px4_msgs) StdoutLine: {'line': b'-- Up-to-date: /home/mustardking/ws_sensor_combined/install/px4_msgs/include/px4_msgs/px4_msgs/msg/detail/fixed_wing_lateral_guidance_status__functions.h\n'}
[1.448557] (px4_msgs) StdoutLine: {'line': b'-- Up-to-date: /home/mustardking/ws_sensor_combined/install/px4_msgs/include/px4_msgs/px4_msgs/msg/detail/orb_test__functions.h\n'}
[1.448581] (px4_msgs) StdoutLine: {'line': b'-- Up-to-date: /home/mustardking/ws_sensor_combined/install/px4_msgs/include/px4_msgs/px4_msgs/msg/detail/figure_eight_status__functions.h\n'}
[1.448604] (px4_msgs) StdoutLine: {'line': b'-- Up-to-date: /home/mustardking/ws_sensor_combined/install/px4_msgs/include/px4_msgs/px4_msgs/msg/detail/vehicle_global_position__functions.c\n'}
[1.448628] (px4_msgs) StdoutLine: {'line': b'-- Up-to-date: /home/mustardking/ws_sensor_combined/install/px4_msgs/include/px4_msgs/px4_msgs/msg/detail/log_message__struct.h\n'}
[1.448651] (px4_msgs) StdoutLine: {'line': b'-- Up-to-date: /home/mustardking/ws_sensor_combined/install/px4_msgs/include/px4_msgs/px4_msgs/msg/detail/generator_status__type_support.h\n'}
[1.448674] (px4_msgs) StdoutLine: {'line': b'-- Up-to-date: /home/mustardking/ws_sensor_combined/install/px4_msgs/include/px4_msgs/px4_msgs/msg/detail/mission__functions.h\n'}
[1.448698] (px4_msgs) StdoutLine: {'line': b'-- Up-to-date: /home/mustardking/ws_sensor_combined/install/px4_msgs/include/px4_msgs/px4_msgs/msg/detail/mission__type_support.h\n'}
[1.448721] (px4_msgs) StdoutLine: {'line': b'-- Up-to-date: /home/mustardking/ws_sensor_combined/install/px4_msgs/include/px4_msgs/px4_msgs/msg/detail/hover_thrust_estimate__functions.h\n'}
[1.448744] (px4_msgs) StdoutLine: {'line': b'-- Up-to-date: /home/mustardking/ws_sensor_combined/install/px4_msgs/include/px4_msgs/px4_msgs/msg/detail/sensor_mag__functions.c\n'}
[1.448767] (px4_msgs) StdoutLine: {'line': b'-- Up-to-date: /home/mustardking/ws_sensor_combined/install/px4_msgs/include/px4_msgs/px4_msgs/msg/detail/power_button_state__struct.h\n'}
[1.448790] (px4_msgs) StdoutLine: {'line': b'-- Up-to-date: /home/mustardking/ws_sensor_combined/install/px4_msgs/include/px4_msgs/px4_msgs/msg/detail/vehicle_command__functions.h\n'}
[1.448814] (px4_msgs) StdoutLine: {'line': b'-- Up-to-date: /home/mustardking/ws_sensor_combined/install/px4_msgs/include/px4_msgs/px4_msgs/msg/detail/action_request__functions.h\n'}
[1.448837] (px4_msgs) StdoutLine: {'line': b'-- Up-to-date: /home/mustardking/ws_sensor_combined/install/px4_msgs/include/px4_msgs/px4_msgs/msg/detail/ekf2_timestamps__functions.h\n'}
[1.448863] (px4_msgs) StdoutLine: {'line': b'-- Up-to-date: /home/mustardking/ws_sensor_combined/install/px4_msgs/include/px4_msgs/px4_msgs/msg/detail/tiltrotor_extra_controls__functions.c\n'}
[1.448886] (px4_msgs) StdoutLine: {'line': b'-- Up-to-date: /home/mustardking/ws_sensor_combined/install/px4_msgs/include/px4_msgs/px4_msgs/msg/detail/button_event__functions.c\n'}
[1.448909] (px4_msgs) StdoutLine: {'line': b'-- Up-to-date: /home/mustardking/ws_sensor_combined/install/px4_msgs/include/px4_msgs/px4_msgs/msg/detail/vehicle_roi__struct.h\n'}
[1.448932] (px4_msgs) StdoutLine: {'line': b'-- Up-to-date: /home/mustardking/ws_sensor_combined/install/px4_msgs/include/px4_msgs/px4_msgs/msg/detail/vehicle_optical_flow_vel__functions.c\n'}
[1.448955] (px4_msgs) StdoutLine: {'line': b'-- Up-to-date: /home/mustardking/ws_sensor_combined/install/px4_msgs/include/px4_msgs/px4_msgs/msg/detail/internal_combustion_engine_status__functions.h\n'}
[1.448978] (px4_msgs) StdoutLine: {'line': b'-- Up-to-date: /home/mustardking/ws_sensor_combined/install/px4_msgs/include/px4_msgs/px4_msgs/msg/detail/mode_completed__functions.c\n'}
[1.449002] (px4_msgs) StdoutLine: {'line': b'-- Up-to-date: /home/mustardking/ws_sensor_combined/install/px4_msgs/include/px4_msgs/px4_msgs/msg/detail/position_setpoint_triplet__struct.h\n'}
[1.449025] (px4_msgs) StdoutLine: {'line': b'-- Up-to-date: /home/mustardking/ws_sensor_combined/install/px4_msgs/include/px4_msgs/px4_msgs/msg/detail/rover_position_setpoint__functions.c\n'}
[1.449049] (px4_msgs) StdoutLine: {'line': b'-- Up-to-date: /home/mustardking/ws_sensor_combined/install/px4_msgs/include/px4_msgs/px4_msgs/msg/detail/arming_check_reply__functions.h\n'}
[1.449074] (px4_msgs) StdoutLine: {'line': b'-- Up-to-date: /home/mustardking/ws_sensor_combined/install/px4_msgs/include/px4_msgs/px4_msgs/msg/detail/battery_status__functions.c\n'}
[1.449098] (px4_msgs) StdoutLine: {'line': b'-- Up-to-date: /home/mustardking/ws_sensor_combined/install/px4_msgs/include/px4_msgs/px4_msgs/msg/detail/qshell_req__type_support.h\n'}
[1.449122] (px4_msgs) StdoutLine: {'line': b'-- Up-to-date: /home/mustardking/ws_sensor_combined/install/px4_msgs/include/px4_msgs/px4_msgs/msg/detail/log_message__type_support.h\n'}
[1.449145] (px4_msgs) StdoutLine: {'line': b'-- Up-to-date: /home/mustardking/ws_sensor_combined/install/px4_msgs/include/px4_msgs/px4_msgs/msg/detail/airspeed_wind__type_support.h\n'}
[1.449168] (px4_msgs) StdoutLine: {'line': b'-- Up-to-date: /home/mustardking/ws_sensor_combined/install/px4_msgs/include/px4_msgs/px4_msgs/msg/detail/battery_info__struct.h\n'}
[1.449191] (px4_msgs) StdoutLine: {'line': b'-- Up-to-date: /home/mustardking/ws_sensor_combined/install/px4_msgs/include/px4_msgs/px4_msgs/msg/detail/dronecan_node_status__type_support.h\n'}
[1.449214] (px4_msgs) StdoutLine: {'line': b'-- Up-to-date: /home/mustardking/ws_sensor_combined/install/px4_msgs/include/px4_msgs/px4_msgs/msg/detail/sensor_hygrometer__functions.h\n'}
[1.449237] (px4_msgs) StdoutLine: {'line': b'-- Up-to-date: /home/mustardking/ws_sensor_combined/install/px4_msgs/include/px4_msgs/px4_msgs/msg/detail/internal_combustion_engine_control__struct.h\n'}
[1.449260] (px4_msgs) StdoutLine: {'line': b'-- Up-to-date: /home/mustardking/ws_sensor_combined/install/px4_msgs/include/px4_msgs/px4_msgs/msg/detail/radio_status__functions.h\n'}
[1.449283] (px4_msgs) StdoutLine: {'line': b'-- Up-to-date: /home/mustardking/ws_sensor_combined/install/px4_msgs/include/px4_msgs/px4_msgs/msg/detail/ping__type_support.h\n'}
[1.449306] (px4_msgs) StdoutLine: {'line': b'-- Up-to-date: /home/mustardking/ws_sensor_combined/install/px4_msgs/include/px4_msgs/px4_msgs/msg/detail/actuator_servos__functions.h\n'}
[1.449329] (px4_msgs) StdoutLine: {'line': b'-- Up-to-date: /home/mustardking/ws_sensor_combined/install/px4_msgs/include/px4_msgs/px4_msgs/msg/detail/takeoff_status__type_support.h\n'}
[1.449352] (px4_msgs) StdoutLine: {'line': b'-- Up-to-date: /home/mustardking/ws_sensor_combined/install/px4_msgs/include/px4_msgs/px4_msgs/msg/detail/gpio_out__functions.c\n'}
[1.449376] (px4_msgs) StdoutLine: {'line': b'-- Up-to-date: /home/mustardking/ws_sensor_combined/install/px4_msgs/include/px4_msgs/px4_msgs/msg/detail/fixed_wing_lateral_status__type_support.h\n'}
[1.449399] (px4_msgs) StdoutLine: {'line': b'-- Up-to-date: /home/mustardking/ws_sensor_combined/install/px4_msgs/include/px4_msgs/px4_msgs/msg/detail/rover_attitude_setpoint__functions.h\n'}
[1.449422] (px4_msgs) StdoutLine: {'line': b'-- Up-to-date: /home/mustardking/ws_sensor_combined/install/px4_msgs/include/px4_msgs/px4_msgs/msg/detail/gripper__functions.c\n'}
[1.449445] (px4_msgs) StdoutLine: {'line': b'-- Up-to-date: /home/mustardking/ws_sensor_combined/install/px4_msgs/include/px4_msgs/px4_msgs/msg/detail/follow_target__type_support.h\n'}
[1.449468] (px4_msgs) StdoutLine: {'line': b'-- Up-to-date: /home/mustardking/ws_sensor_combined/install/px4_msgs/include/px4_msgs/px4_msgs/msg/detail/irlock_report__type_support.h\n'}
[1.449490] (px4_msgs) StdoutLine: {'line': b'-- Up-to-date: /home/mustardking/ws_sensor_combined/install/px4_msgs/include/px4_msgs/px4_msgs/msg/detail/distance_sensor__functions.h\n'}
[1.449513] (px4_msgs) StdoutLine: {'line': b'-- Up-to-date: /home/mustardking/ws_sensor_combined/install/px4_msgs/include/px4_msgs/px4_msgs/msg/detail/debug_key_value__functions.c\n'}
[1.449536] (px4_msgs) StdoutLine: {'line': b'-- Up-to-date: /home/mustardking/ws_sensor_combined/install/px4_msgs/include/px4_msgs/px4_msgs/msg/detail/rover_steering_setpoint__functions.c\n'}
[1.449561] (px4_msgs) StdoutLine: {'line': b'-- Up-to-date: /home/mustardking/ws_sensor_combined/install/px4_msgs/include/px4_msgs/px4_msgs/msg/detail/vehicle_imu_status__functions.c\n'}
[1.449585] (px4_msgs) StdoutLine: {'line': b'-- Up-to-date: /home/mustardking/ws_sensor_combined/install/px4_msgs/include/px4_msgs/px4_msgs/msg/detail/estimator_aid_source1d__type_support.h\n'}
[1.449608] (px4_msgs) StdoutLine: {'line': b'-- Up-to-date: /home/mustardking/ws_sensor_combined/install/px4_msgs/include/px4_msgs/px4_msgs/msg/detail/rc_parameter_map__type_support.h\n'}
[1.449631] (px4_msgs) StdoutLine: {'line': b'-- Up-to-date: /home/mustardking/ws_sensor_combined/install/px4_msgs/include/px4_msgs/px4_msgs/msg/detail/ulog_stream__functions.c\n'}
[1.449654] (px4_msgs) StdoutLine: {'line': b'-- Up-to-date: /home/mustardking/ws_sensor_combined/install/px4_msgs/include/px4_msgs/px4_msgs/msg/detail/position_setpoint__struct.h\n'}
[1.449677] (px4_msgs) StdoutLine: {'line': b'-- Up-to-date: /home/mustardking/ws_sensor_combined/install/px4_msgs/include/px4_msgs/px4_msgs/msg/detail/navigator_mission_item__functions.c\n'}
[1.449701] (px4_msgs) StdoutLine: {'line': b'-- Up-to-date: /home/mustardking/ws_sensor_combined/install/px4_msgs/include/px4_msgs/px4_msgs/msg/detail/landing_target_innovations__functions.c\n'}
[1.449724] (px4_msgs) StdoutLine: {'line': b'-- Up-to-date: /home/mustardking/ws_sensor_combined/install/px4_msgs/include/px4_msgs/px4_msgs/msg/detail/sensor_hygrometer__functions.c\n'}
[1.449747] (px4_msgs) StdoutLine: {'line': b'-- Up-to-date: /home/mustardking/ws_sensor_combined/install/px4_msgs/include/px4_msgs/px4_msgs/msg/detail/failsafe_flags__type_support.h\n'}
[1.449772] (px4_msgs) StdoutLine: {'line': b'-- Up-to-date: /home/mustardking/ws_sensor_combined/install/px4_msgs/include/px4_msgs/px4_msgs/msg/detail/sensor_mag__type_support.h\n'}
[1.449801] (px4_msgs) StdoutLine: {'line': b'-- Up-to-date: /home/mustardking/ws_sensor_combined/install/px4_msgs/include/px4_msgs/px4_msgs/msg/detail/estimator_gps_status__functions.c\n'}
[1.449831] (px4_msgs) StdoutLine: {'line': b'-- Up-to-date: /home/mustardking/ws_sensor_combined/install/px4_msgs/include/px4_msgs/px4_msgs/msg/detail/sensor_gyro__functions.h\n'}
[1.449854] (px4_msgs) StdoutLine: {'line': b'-- Up-to-date: /home/mustardking/ws_sensor_combined/install/px4_msgs/include/px4_msgs/px4_msgs/msg/detail/ekf2_timestamps__functions.c\n'}
[1.449877] (px4_msgs) StdoutLine: {'line': b'-- Up-to-date: /home/mustardking/ws_sensor_combined/install/px4_msgs/include/px4_msgs/px4_msgs/msg/detail/estimator_aid_source3d__type_support.h\n'}
[1.449906] (px4_msgs) StdoutLine: {'line': b'-- Up-to-date: /home/mustardking/ws_sensor_combined/install/px4_msgs/include/px4_msgs/px4_msgs/msg/detail/sensors_status_imu__type_support.h\n'}
[1.449932] (px4_msgs) StdoutLine: {'line': b'-- Up-to-date: /home/mustardking/ws_sensor_combined/install/px4_msgs/include/px4_msgs/px4_msgs/msg/detail/estimator_aid_source2d__functions.c\n'}
[1.449959] (px4_msgs) StdoutLine: {'line': b'-- Up-to-date: /home/mustardking/ws_sensor_combined/install/px4_msgs/include/px4_msgs/px4_msgs/msg/detail/landing_gear_wheel__type_support.h\n'}
[1.449988] (px4_msgs) StdoutLine: {'line': b'-- Up-to-date: /home/mustardking/ws_sensor_combined/install/px4_msgs/include/px4_msgs/px4_msgs/msg/detail/rover_attitude_setpoint__functions.c\n'}
[1.450011] (px4_msgs) StdoutLine: {'line': b'-- Up-to-date: /home/mustardking/ws_sensor_combined/install/px4_msgs/include/px4_msgs/px4_msgs/msg/detail/vehicle_imu_status__functions.h\n'}
[1.450034] (px4_msgs) StdoutLine: {'line': b'-- Up-to-date: /home/mustardking/ws_sensor_combined/install/px4_msgs/include/px4_msgs/px4_msgs/msg/detail/vehicle_angular_velocity__struct.h\n'}
[1.450057] (px4_msgs) StdoutLine: {'line': b'-- Up-to-date: /home/mustardking/ws_sensor_combined/install/px4_msgs/include/px4_msgs/px4_msgs/msg/detail/open_drone_id_arm_status__struct.h\n'}
[1.450080] (px4_msgs) StdoutLine: {'line': b'-- Up-to-date: /home/mustardking/ws_sensor_combined/install/px4_msgs/include/px4_msgs/px4_msgs/msg/detail/navigator_mission_item__struct.h\n'}
[1.450103] (px4_msgs) StdoutLine: {'line': b'-- Up-to-date: /home/mustardking/ws_sensor_combined/install/px4_msgs/include/px4_msgs/px4_msgs/msg/detail/debug_key_value__functions.h\n'}
[1.450127] (px4_msgs) StdoutLine: {'line': b'-- Up-to-date: /home/mustardking/ws_sensor_combined/install/px4_msgs/include/px4_msgs/px4_msgs/msg/detail/tecs_status__type_support.h\n'}
[1.450151] (px4_msgs) StdoutLine: {'line': b'-- Up-to-date: /home/mustardking/ws_sensor_combined/install/px4_msgs/include/px4_msgs/px4_msgs/msg/detail/follow_target_status__struct.h\n'}
[1.450174] (px4_msgs) StdoutLine: {'line': b'-- Up-to-date: /home/mustardking/ws_sensor_combined/install/px4_msgs/include/px4_msgs/px4_msgs/msg/detail/open_drone_id_self_id__type_support.h\n'}
[1.450197] (px4_msgs) StdoutLine: {'line': b'-- Up-to-date: /home/mustardking/ws_sensor_combined/install/px4_msgs/include/px4_msgs/px4_msgs/msg/detail/home_position__struct.h\n'}
[1.450220] (px4_msgs) StdoutLine: {'line': b'-- Up-to-date: /home/mustardking/ws_sensor_combined/install/px4_msgs/include/px4_msgs/px4_msgs/msg/detail/rc_parameter_map__functions.c\n'}
[1.450242] (px4_msgs) StdoutLine: {'line': b'-- Up-to-date: /home/mustardking/ws_sensor_combined/install/px4_msgs/include/px4_msgs/px4_msgs/msg/detail/config_overrides__functions.c\n'}
[1.450267] (px4_msgs) StdoutLine: {'line': b'-- Up-to-date: /home/mustardking/ws_sensor_combined/install/px4_msgs/include/px4_msgs/px4_msgs/msg/detail/arming_check_request__functions.h\n'}
[1.450290] (px4_msgs) StdoutLine: {'line': b'-- Up-to-date: /home/mustardking/ws_sensor_combined/install/px4_msgs/include/px4_msgs/px4_msgs/msg/detail/mission_result__functions.h\n'}
[1.450312] (px4_msgs) StdoutLine: {'line': b'-- Up-to-date: /home/mustardking/ws_sensor_combined/install/px4_msgs/include/px4_msgs/px4_msgs/msg/detail/debug_key_value__type_support.h\n'}
[1.450336] (px4_msgs) StdoutLine: {'line': b'-- Up-to-date: /home/mustardking/ws_sensor_combined/install/px4_msgs/include/px4_msgs/px4_msgs/msg/detail/gpio_request__functions.c\n'}
[1.450358] (px4_msgs) StdoutLine: {'line': b'-- Up-to-date: /home/mustardking/ws_sensor_combined/install/px4_msgs/include/px4_msgs/px4_msgs/msg/detail/estimator_gps_status__functions.h\n'}
[1.450381] (px4_msgs) StdoutLine: {'line': b'-- Up-to-date: /home/mustardking/ws_sensor_combined/install/px4_msgs/include/px4_msgs/px4_msgs/msg/detail/geofence_result__functions.c\n'}
[1.450404] (px4_msgs) StdoutLine: {'line': b'-- Up-to-date: /home/mustardking/ws_sensor_combined/install/px4_msgs/include/px4_msgs/px4_msgs/msg/detail/vtol_vehicle_status__type_support.h\n'}
[1.450426] (px4_msgs) StdoutLine: {'line': b'-- Up-to-date: /home/mustardking/ws_sensor_combined/install/px4_msgs/include/px4_msgs/px4_msgs/msg/detail/orb_test__functions.c\n'}
[1.450450] (px4_msgs) StdoutLine: {'line': b'-- Up-to-date: /home/mustardking/ws_sensor_combined/install/px4_msgs/include/px4_msgs/px4_msgs/msg/detail/offboard_control_mode__functions.c\n'}
[1.450473] (px4_msgs) StdoutLine: {'line': b'-- Up-to-date: /home/mustardking/ws_sensor_combined/install/px4_msgs/include/px4_msgs/px4_msgs/msg/detail/generator_status__struct.h\n'}
[1.450496] (px4_msgs) StdoutLine: {'line': b'-- Up-to-date: /home/mustardking/ws_sensor_combined/install/px4_msgs/include/px4_msgs/px4_msgs/msg/detail/differential_pressure__functions.c\n'}
[1.450520] (px4_msgs) StdoutLine: {'line': b'-- Up-to-date: /home/mustardking/ws_sensor_combined/install/px4_msgs/include/px4_msgs/px4_msgs/msg/detail/vehicle_acceleration__struct.h\n'}
[1.450542] (px4_msgs) StdoutLine: {'line': b'-- Up-to-date: /home/mustardking/ws_sensor_combined/install/px4_msgs/include/px4_msgs/px4_msgs/msg/detail/trajectory_setpoint6dof__type_support.h\n'}
[1.450565] (px4_msgs) StdoutLine: {'line': b'-- Up-to-date: /home/mustardking/ws_sensor_combined/install/px4_msgs/include/px4_msgs/px4_msgs/msg/detail/rover_rate_setpoint__functions.h\n'}
[1.450588] (px4_msgs) StdoutLine: {'line': b'-- Up-to-date: /home/mustardking/ws_sensor_combined/install/px4_msgs/include/px4_msgs/px4_msgs/msg/detail/telemetry_status__type_support.h\n'}
[1.450611] (px4_msgs) StdoutLine: {'line': b'-- Up-to-date: /home/mustardking/ws_sensor_combined/install/px4_msgs/include/px4_msgs/px4_msgs/msg/detail/pwm_input__functions.c\n'}
[1.450634] (px4_msgs) StdoutLine: {'line': b'-- Up-to-date: /home/mustardking/ws_sensor_combined/install/px4_msgs/include/px4_msgs/px4_msgs/msg/detail/vehicle_rates_setpoint__struct.h\n'}
[1.450657] (px4_msgs) StdoutLine: {'line': b'-- Up-to-date: /home/mustardking/ws_sensor_combined/install/px4_msgs/include/px4_msgs/px4_msgs/msg/detail/sensor_accel__struct.h\n'}
[1.450680] (px4_msgs) StdoutLine: {'line': b'-- Up-to-date: /home/mustardking/ws_sensor_combined/install/px4_msgs/include/px4_msgs/px4_msgs/msg/detail/irlock_report__struct.h\n'}
[1.450703] (px4_msgs) StdoutLine: {'line': b'-- Up-to-date: /home/mustardking/ws_sensor_combined/install/px4_msgs/include/px4_msgs/px4_msgs/msg/detail/mavlink_log__functions.c\n'}
[1.450725] (px4_msgs) StdoutLine: {'line': b'-- Up-to-date: /home/mustardking/ws_sensor_combined/install/px4_msgs/include/px4_msgs/px4_msgs/msg/detail/vtol_vehicle_status__functions.h\n'}
[1.450748] (px4_msgs) StdoutLine: {'line': b'-- Up-to-date: /home/mustardking/ws_sensor_combined/install/px4_msgs/include/px4_msgs/px4_msgs/msg/detail/actuator_motors__functions.h\n'}
[1.450771] (px4_msgs) StdoutLine: {'line': b'-- Up-to-date: /home/mustardking/ws_sensor_combined/install/px4_msgs/include/px4_msgs/px4_msgs/msg/detail/gripper__struct.h\n'}
[1.450793] (px4_msgs) StdoutLine: {'line': b'-- Up-to-date: /home/mustardking/ws_sensor_combined/install/px4_msgs/include/px4_msgs/px4_msgs/msg/detail/control_allocator_status__functions.c\n'}
[1.450816] (px4_msgs) StdoutLine: {'line': b'-- Up-to-date: /home/mustardking/ws_sensor_combined/install/px4_msgs/include/px4_msgs/px4_msgs/msg/detail/sensor_uwb__struct.h\n'}
[1.450839] (px4_msgs) StdoutLine: {'line': b'-- Up-to-date: /home/mustardking/ws_sensor_combined/install/px4_msgs/include/px4_msgs/px4_msgs/msg/detail/open_drone_id_operator_id__struct.h\n'}
[1.450861] (px4_msgs) StdoutLine: {'line': b'-- Up-to-date: /home/mustardking/ws_sensor_combined/install/px4_msgs/include/px4_msgs/px4_msgs/msg/detail/estimator_gps_status__type_support.h\n'}
[1.450885] (px4_msgs) StdoutLine: {'line': b'-- Up-to-date: /home/mustardking/ws_sensor_combined/install/px4_msgs/include/px4_msgs/px4_msgs/msg/detail/actuator_outputs__functions.h\n'}
[1.450907] (px4_msgs) StdoutLine: {'line': b'-- Up-to-date: /home/mustardking/ws_sensor_combined/install/px4_msgs/include/px4_msgs/px4_msgs/msg/detail/rover_throttle_setpoint__functions.h\n'}
[1.450930] (px4_msgs) StdoutLine: {'line': b'-- Up-to-date: /home/mustardking/ws_sensor_combined/install/px4_msgs/include/px4_msgs/px4_msgs/msg/detail/landing_gear__functions.h\n'}
[1.450955] (px4_msgs) StdoutLine: {'line': b'-- Up-to-date: /home/mustardking/ws_sensor_combined/install/px4_msgs/include/px4_msgs/px4_msgs/msg/detail/gimbal_manager_set_manual_control__type_support.h\n'}
[1.450977] (px4_msgs) StdoutLine: {'line': b'-- Up-to-date: /home/mustardking/ws_sensor_combined/install/px4_msgs/include/px4_msgs/px4_msgs/msg/detail/vehicle_rates_setpoint__functions.h\n'}
[1.451000] (px4_msgs) StdoutLine: {'line': b'-- Up-to-date: /home/mustardking/ws_sensor_combined/install/px4_msgs/include/px4_msgs/px4_msgs/msg/detail/estimator_sensor_bias__struct.h\n'}
[1.451023] (px4_msgs) StdoutLine: {'line': b'-- Up-to-date: /home/mustardking/ws_sensor_combined/install/px4_msgs/include/px4_msgs/px4_msgs/msg/detail/wheel_encoders__type_support.h\n'}
[1.451045] (px4_msgs) StdoutLine: {'line': b'-- Up-to-date: /home/mustardking/ws_sensor_combined/install/px4_msgs/include/px4_msgs/px4_msgs/msg/detail/vehicle_angular_velocity__type_support.h\n'}
[1.451069] (px4_msgs) StdoutLine: {'line': b'-- Up-to-date: /home/mustardking/ws_sensor_combined/install/px4_msgs/include/px4_msgs/px4_msgs/msg/detail/geofence_result__struct.h\n'}
[1.451092] (px4_msgs) StdoutLine: {'line': b'-- Up-to-date: /home/mustardking/ws_sensor_combined/install/px4_msgs/include/px4_msgs/px4_msgs/msg/detail/fixed_wing_lateral_guidance_status__type_support.h\n'}
[1.451115] (px4_msgs) StdoutLine: {'line': b'-- Up-to-date: /home/mustardking/ws_sensor_combined/install/px4_msgs/include/px4_msgs/px4_msgs/msg/detail/vehicle_imu__type_support.h\n'}
[1.451139] (px4_msgs) StdoutLine: {'line': b'-- Up-to-date: /home/mustardking/ws_sensor_combined/install/px4_msgs/include/px4_msgs/px4_msgs/msg/detail/timesync_status__functions.h\n'}
[1.451163] (px4_msgs) StdoutLine: {'line': b'-- Up-to-date: /home/mustardking/ws_sensor_combined/install/px4_msgs/include/px4_msgs/px4_msgs/msg/detail/config_overrides__functions.h\n'}
[1.451187] (px4_msgs) StdoutLine: {'line': b'-- Up-to-date: /home/mustardking/ws_sensor_combined/install/px4_msgs/include/px4_msgs/px4_msgs/msg/detail/sensor_mag__struct.h\n'}
[1.451209] (px4_msgs) StdoutLine: {'line': b'-- Up-to-date: /home/mustardking/ws_sensor_combined/install/px4_msgs/include/px4_msgs/px4_msgs/msg/detail/sensor_gnss_relative__functions.h\n'}
[1.451232] (px4_msgs) StdoutLine: {'line': b'-- Up-to-date: /home/mustardking/ws_sensor_combined/install/px4_msgs/include/px4_msgs/px4_msgs/msg/detail/gimbal_manager_set_manual_control__functions.h\n'}
[1.451255] (px4_msgs) StdoutLine: {'line': b'-- Up-to-date: /home/mustardking/ws_sensor_combined/install/px4_msgs/include/px4_msgs/px4_msgs/msg/detail/ulog_stream__type_support.h\n'}
[1.451340] (px4_msgs) StdoutLine: {'line': b'-- Up-to-date: /home/mustardking/ws_sensor_combined/install/px4_msgs/include/px4_msgs/px4_msgs/msg/detail/dataman_request__type_support.h\n'}
[1.451379] (px4_msgs) StdoutLine: {'line': b'-- Up-to-date: /home/mustardking/ws_sensor_combined/install/px4_msgs/include/px4_msgs/px4_msgs/msg/detail/gpio_config__functions.c\n'}
[1.451405] (px4_msgs) StdoutLine: {'line': b'-- Up-to-date: /home/mustardking/ws_sensor_combined/install/px4_msgs/include/px4_msgs/px4_msgs/msg/detail/airspeed_validated__type_support.h\n'}
[1.451430] (px4_msgs) StdoutLine: {'line': b'-- Up-to-date: /home/mustardking/ws_sensor_combined/install/px4_msgs/include/px4_msgs/px4_msgs/msg/detail/airspeed_wind__functions.c\n'}
[1.451454] (px4_msgs) StdoutLine: {'line': b'-- Up-to-date: /home/mustardking/ws_sensor_combined/install/px4_msgs/include/px4_msgs/px4_msgs/msg/detail/distance_sensor_mode_change_request__functions.h\n'}
[1.451478] (px4_msgs) StdoutLine: {'line': b'-- Up-to-date: /home/mustardking/ws_sensor_combined/install/px4_msgs/include/px4_msgs/px4_msgs/msg/detail/px4io_status__type_support.h\n'}
[1.451502] (px4_msgs) StdoutLine: {'line': b'-- Up-to-date: /home/mustardking/ws_sensor_combined/install/px4_msgs/include/px4_msgs/px4_msgs/msg/detail/rtl_time_estimate__functions.h\n'}
[1.451526] (px4_msgs) StdoutLine: {'line': b'-- Up-to-date: /home/mustardking/ws_sensor_combined/install/px4_msgs/include/px4_msgs/px4_msgs/msg/detail/parameter_set_used_request__functions.h\n'}
[1.451551] (px4_msgs) StdoutLine: {'line': b'-- Up-to-date: /home/mustardking/ws_sensor_combined/install/px4_msgs/include/px4_msgs/px4_msgs/msg/detail/landing_target_innovations__struct.h\n'}
[1.451574] (px4_msgs) StdoutLine: {'line': b'-- Up-to-date: /home/mustardking/ws_sensor_combined/install/px4_msgs/include/px4_msgs/px4_msgs/msg/detail/fixed_wing_lateral_setpoint__functions.h\n'}
[1.451598] (px4_msgs) StdoutLine: {'line': b'-- Up-to-date: /home/mustardking/ws_sensor_combined/install/px4_msgs/include/px4_msgs/px4_msgs/msg/detail/vehicle_local_position_setpoint__functions.h\n'}
[1.451621] (px4_msgs) StdoutLine: {'line': b'-- Up-to-date: /home/mustardking/ws_sensor_combined/install/px4_msgs/include/px4_msgs/px4_msgs/msg/detail/can_interface_status__functions.h\n'}
[1.451645] (px4_msgs) StdoutLine: {'line': b'-- Up-to-date: /home/mustardking/ws_sensor_combined/install/px4_msgs/include/px4_msgs/px4_msgs/msg/detail/logger_status__functions.h\n'}
[1.451669] (px4_msgs) StdoutLine: {'line': b'-- Up-to-date: /home/mustardking/ws_sensor_combined/install/px4_msgs/include/px4_msgs/px4_msgs/msg/detail/rate_ctrl_status__struct.h\n'}
[1.451692] (px4_msgs) StdoutLine: {'line': b'-- Up-to-date: /home/mustardking/ws_sensor_combined/install/px4_msgs/include/px4_msgs/px4_msgs/msg/detail/vehicle_air_data__struct.h\n'}
[1.451719] (px4_msgs) StdoutLine: {'line': b'-- Up-to-date: /home/mustardking/ws_sensor_combined/install/px4_msgs/include/px4_msgs/px4_msgs/msg/detail/onboard_computer_status__struct.h\n'}
[1.451744] (px4_msgs) StdoutLine: {'line': b'-- Up-to-date: /home/mustardking/ws_sensor_combined/install/px4_msgs/include/px4_msgs/px4_msgs/msg/detail/register_ext_component_request__functions.c\n'}
[1.451767] (px4_msgs) StdoutLine: {'line': b'-- Up-to-date: /home/mustardking/ws_sensor_combined/install/px4_msgs/include/px4_msgs/px4_msgs/msg/detail/event__functions.c\n'}
[1.451791] (px4_msgs) StdoutLine: {'line': b'-- Up-to-date: /home/mustardking/ws_sensor_combined/install/px4_msgs/include/px4_msgs/px4_msgs/msg/detail/sensor_uwb__type_support.h\n'}
[1.451824] (px4_msgs) StdoutLine: {'line': b'-- Up-to-date: /home/mustardking/ws_sensor_combined/install/px4_msgs/include/px4_msgs/px4_msgs/msg/detail/parameter_set_value_request__struct.h\n'}
[1.451848] (px4_msgs) StdoutLine: {'line': b'-- Up-to-date: /home/mustardking/ws_sensor_combined/install/px4_msgs/include/px4_msgs/px4_msgs/msg/detail/airspeed__functions.c\n'}
[1.451871] (px4_msgs) StdoutLine: {'line': b'-- Up-to-date: /home/mustardking/ws_sensor_combined/install/px4_msgs/include/px4_msgs/px4_msgs/msg/detail/estimator_status__functions.c\n'}
[1.451894] (px4_msgs) StdoutLine: {'line': b'-- Up-to-date: /home/mustardking/ws_sensor_combined/install/px4_msgs/include/px4_msgs/px4_msgs/msg/detail/dronecan_node_status__struct.h\n'}
[1.451917] (px4_msgs) StdoutLine: {'line': b'-- Up-to-date: /home/mustardking/ws_sensor_combined/install/px4_msgs/include/px4_msgs/px4_msgs/msg/detail/dronecan_node_status__functions.h\n'}
[1.451945] (px4_msgs) StdoutLine: {'line': b'-- Up-to-date: /home/mustardking/ws_sensor_combined/install/px4_msgs/include/px4_msgs/px4_msgs/msg/detail/position_controller_status__functions.h\n'}
[1.451968] (px4_msgs) StdoutLine: {'line': b'-- Up-to-date: /home/mustardking/ws_sensor_combined/install/px4_msgs/include/px4_msgs/px4_msgs/msg/detail/gimbal_controls__functions.h\n'}
[1.451991] (px4_msgs) StdoutLine: {'line': b'-- Up-to-date: /home/mustardking/ws_sensor_combined/install/px4_msgs/include/px4_msgs/px4_msgs/msg/detail/estimator_bias__functions.c\n'}
[1.452014] (px4_msgs) StdoutLine: {'line': b'-- Up-to-date: /home/mustardking/ws_sensor_combined/install/px4_msgs/include/px4_msgs/px4_msgs/msg/detail/home_position__functions.c\n'}
[1.452037] (px4_msgs) StdoutLine: {'line': b'-- Up-to-date: /home/mustardking/ws_sensor_combined/install/px4_msgs/include/px4_msgs/px4_msgs/msg/detail/rover_speed_status__functions.h\n'}
[1.452060] (px4_msgs) StdoutLine: {'line': b'-- Up-to-date: /home/mustardking/ws_sensor_combined/install/px4_msgs/include/px4_msgs/px4_msgs/msg/detail/cpuload__type_support.h\n'}
[1.452084] (px4_msgs) StdoutLine: {'line': b'-- Up-to-date: /home/mustardking/ws_sensor_combined/install/px4_msgs/include/px4_msgs/px4_msgs/msg/detail/manual_control_setpoint__functions.c\n'}
[1.452107] (px4_msgs) StdoutLine: {'line': b'-- Up-to-date: /home/mustardking/ws_sensor_combined/install/px4_msgs/include/px4_msgs/px4_msgs/msg/detail/adc_report__functions.c\n'}
[1.452130] (px4_msgs) StdoutLine: {'line': b'-- Up-to-date: /home/mustardking/ws_sensor_combined/install/px4_msgs/include/px4_msgs/px4_msgs/msg/detail/landing_target_innovations__functions.h\n'}
[1.452153] (px4_msgs) StdoutLine: {'line': b'-- Up-to-date: /home/mustardking/ws_sensor_combined/install/px4_msgs/include/px4_msgs/px4_msgs/msg/detail/normalized_unsigned_setpoint__type_support.h\n'}
[1.452176] (px4_msgs) StdoutLine: {'line': b'-- Up-to-date: /home/mustardking/ws_sensor_combined/install/px4_msgs/include/px4_msgs/px4_msgs/msg/detail/landing_gear__functions.c\n'}
[1.452199] (px4_msgs) StdoutLine: {'line': b'-- Up-to-date: /home/mustardking/ws_sensor_combined/install/px4_msgs/include/px4_msgs/px4_msgs/msg/detail/rover_attitude_setpoint__struct.h\n'}
[1.452222] (px4_msgs) StdoutLine: {'line': b'-- Up-to-date: /home/mustardking/ws_sensor_combined/install/px4_msgs/include/px4_msgs/px4_msgs/msg/detail/estimator_aid_source3d__functions.h\n'}
[1.452246] (px4_msgs) StdoutLine: {'line': b'-- Up-to-date: /home/mustardking/ws_sensor_combined/install/px4_msgs/include/px4_msgs/px4_msgs/msg/detail/internal_combustion_engine_control__functions.c\n'}
[1.452269] (px4_msgs) StdoutLine: {'line': b'-- Up-to-date: /home/mustardking/ws_sensor_combined/install/px4_msgs/include/px4_msgs/px4_msgs/msg/detail/generator_status__functions.h\n'}
[1.452292] (px4_msgs) StdoutLine: {'line': b'-- Up-to-date: /home/mustardking/ws_sensor_combined/install/px4_msgs/include/px4_msgs/px4_msgs/msg/detail/vehicle_angular_acceleration_setpoint__functions.h\n'}
[1.452315] (px4_msgs) StdoutLine: {'line': b'-- Up-to-date: /home/mustardking/ws_sensor_combined/install/px4_msgs/include/px4_msgs/px4_msgs/msg/detail/arming_check_request__functions.c\n'}
[1.452338] (px4_msgs) StdoutLine: {'line': b'-- Up-to-date: /home/mustardking/ws_sensor_combined/install/px4_msgs/include/px4_msgs/px4_msgs/msg/detail/battery_status__functions.h\n'}
[1.452361] (px4_msgs) StdoutLine: {'line': b'-- Up-to-date: /home/mustardking/ws_sensor_combined/install/px4_msgs/include/px4_msgs/px4_msgs/msg/detail/vehicle_land_detected__struct.h\n'}
[1.452384] (px4_msgs) StdoutLine: {'line': b'-- Up-to-date: /home/mustardking/ws_sensor_combined/install/px4_msgs/include/px4_msgs/px4_msgs/msg/detail/power_monitor__functions.c\n'}
[1.452407] (px4_msgs) StdoutLine: {'line': b'-- Up-to-date: /home/mustardking/ws_sensor_combined/install/px4_msgs/include/px4_msgs/px4_msgs/msg/detail/flight_phase_estimation__functions.h\n'}
[1.452432] (px4_msgs) StdoutLine: {'line': b'-- Up-to-date: /home/mustardking/ws_sensor_combined/install/px4_msgs/include/px4_msgs/px4_msgs/msg/detail/ulog_stream_ack__functions.h\n'}
[1.452455] (px4_msgs) StdoutLine: {'line': b'-- Up-to-date: /home/mustardking/ws_sensor_combined/install/px4_msgs/include/px4_msgs/px4_msgs/msg/detail/vehicle_imu_status__type_support.h\n'}
[1.452480] (px4_msgs) StdoutLine: {'line': b'-- Up-to-date: /home/mustardking/ws_sensor_combined/install/px4_msgs/include/px4_msgs/px4_msgs/msg/detail/actuator_motors__functions.c\n'}
[1.452504] (px4_msgs) StdoutLine: {'line': b'-- Up-to-date: /home/mustardking/ws_sensor_combined/install/px4_msgs/include/px4_msgs/px4_msgs/msg/detail/rover_attitude_setpoint__type_support.h\n'}
[1.452528] (px4_msgs) StdoutLine: {'line': b'-- Up-to-date: /home/mustardking/ws_sensor_combined/install/px4_msgs/include/px4_msgs/px4_msgs/msg/detail/parameter_reset_request__struct.h\n'}
[1.452552] (px4_msgs) StdoutLine: {'line': b'-- Up-to-date: /home/mustardking/ws_sensor_combined/install/px4_msgs/include/px4_msgs/px4_msgs/msg/detail/vehicle_odometry__struct.h\n'}
[1.452575] (px4_msgs) StdoutLine: {'line': b'-- Up-to-date: /home/mustardking/ws_sensor_combined/install/px4_msgs/include/px4_msgs/px4_msgs/msg/detail/ping__functions.c\n'}
[1.452598] (px4_msgs) StdoutLine: {'line': b'-- Up-to-date: /home/mustardking/ws_sensor_combined/install/px4_msgs/include/px4_msgs/px4_msgs/msg/detail/landing_target_pose__functions.c\n'}
[1.452621] (px4_msgs) StdoutLine: {'line': b'-- Up-to-date: /home/mustardking/ws_sensor_combined/install/px4_msgs/include/px4_msgs/px4_msgs/msg/detail/uavcan_parameter_value__type_support.h\n'}
[1.452645] (px4_msgs) StdoutLine: {'line': b'-- Up-to-date: /home/mustardking/ws_sensor_combined/install/px4_msgs/include/px4_msgs/px4_msgs/msg/detail/ekf2_timestamps__type_support.h\n'}
[1.452668] (px4_msgs) StdoutLine: {'line': b'-- Up-to-date: /home/mustardking/ws_sensor_combined/install/px4_msgs/include/px4_msgs/px4_msgs/msg/detail/vehicle_status__functions.h\n'}
[1.452691] (px4_msgs) StdoutLine: {'line': b'-- Up-to-date: /home/mustardking/ws_sensor_combined/install/px4_msgs/include/px4_msgs/px4_msgs/msg/detail/sensor_airflow__struct.h\n'}
[1.452714] (px4_msgs) StdoutLine: {'line': b'-- Up-to-date: /home/mustardking/ws_sensor_combined/install/px4_msgs/include/px4_msgs/px4_msgs/msg/detail/position_setpoint_triplet__functions.h\n'}
[1.452737] (px4_msgs) StdoutLine: {'line': b'-- Up-to-date: /home/mustardking/ws_sensor_combined/install/px4_msgs/include/px4_msgs/px4_msgs/msg/detail/debug_array__functions.c\n'}
[1.452762] (px4_msgs) StdoutLine: {'line': b'-- Up-to-date: /home/mustardking/ws_sensor_combined/install/px4_msgs/include/px4_msgs/px4_msgs/msg/detail/sensor_gyro_fifo__functions.h\n'}
[1.452785] (px4_msgs) StdoutLine: {'line': b'-- Up-to-date: /home/mustardking/ws_sensor_combined/install/px4_msgs/include/px4_msgs/px4_msgs/msg/detail/open_drone_id_arm_status__functions.h\n'}
[1.452808] (px4_msgs) StdoutLine: {'line': b'-- Up-to-date: /home/mustardking/ws_sensor_combined/install/px4_msgs/include/px4_msgs/px4_msgs/msg/detail/control_allocator_status__functions.h\n'}
[1.452831] (px4_msgs) StdoutLine: {'line': b'-- Up-to-date: /home/mustardking/ws_sensor_combined/install/px4_msgs/include/px4_msgs/px4_msgs/msg/detail/power_monitor__functions.h\n'}
[1.452853] (px4_msgs) StdoutLine: {'line': b'-- Up-to-date: /home/mustardking/ws_sensor_combined/install/px4_msgs/include/px4_msgs/px4_msgs/msg/detail/gimbal_manager_information__type_support.h\n'}
[1.452877] (px4_msgs) StdoutLine: {'line': b'-- Up-to-date: /home/mustardking/ws_sensor_combined/install/px4_msgs/include/px4_msgs/px4_msgs/msg/detail/parameter_reset_request__functions.c\n'}
[1.452900] (px4_msgs) StdoutLine: {'line': b'-- Up-to-date: /home/mustardking/ws_sensor_combined/install/px4_msgs/include/px4_msgs/px4_msgs/msg/detail/vehicle_thrust_setpoint__type_support.h\n'}
[1.452923] (px4_msgs) StdoutLine: {'line': b'-- Up-to-date: /home/mustardking/ws_sensor_combined/install/px4_msgs/include/px4_msgs/px4_msgs/msg/detail/gps_dump__type_support.h\n'}
[1.452946] (px4_msgs) StdoutLine: {'line': b'-- Up-to-date: /home/mustardking/ws_sensor_combined/install/px4_msgs/include/px4_msgs/px4_msgs/msg/detail/wheel_encoders__functions.h\n'}
[1.452969] (px4_msgs) StdoutLine: {'line': b'-- Up-to-date: /home/mustardking/ws_sensor_combined/install/px4_msgs/include/px4_msgs/px4_msgs/msg/detail/landing_gear_wheel__functions.c\n'}
[1.452992] (px4_msgs) StdoutLine: {'line': b'-- Up-to-date: /home/mustardking/ws_sensor_combined/install/px4_msgs/include/px4_msgs/px4_msgs/msg/detail/rover_attitude_status__functions.h\n'}
[1.453015] (px4_msgs) StdoutLine: {'line': b'-- Up-to-date: /home/mustardking/ws_sensor_combined/install/px4_msgs/include/px4_msgs/px4_msgs/msg/detail/estimator_status_flags__functions.h\n'}
[1.453038] (px4_msgs) StdoutLine: {'line': b'-- Up-to-date: /home/mustardking/ws_sensor_combined/install/px4_msgs/include/px4_msgs/px4_msgs/msg/detail/fixed_wing_lateral_status__functions.c\n'}
[1.453061] (px4_msgs) StdoutLine: {'line': b'-- Up-to-date: /home/mustardking/ws_sensor_combined/install/px4_msgs/include/px4_msgs/px4_msgs/msg/detail/generator_status__functions.c\n'}
[1.453084] (px4_msgs) StdoutLine: {'line': b'-- Up-to-date: /home/mustardking/ws_sensor_combined/install/px4_msgs/include/px4_msgs/px4_msgs/msg/detail/mag_worker_data__functions.c\n'}
[1.453110] (px4_msgs) StdoutLine: {'line': b'-- Up-to-date: /home/mustardking/ws_sensor_combined/install/px4_msgs/include/px4_msgs/px4_msgs/msg/detail/vehicle_local_position__type_support.h\n'}
[1.453134] (px4_msgs) StdoutLine: {'line': b'-- Up-to-date: /home/mustardking/ws_sensor_combined/install/px4_msgs/include/px4_msgs/px4_msgs/msg/detail/gps_dump__functions.c\n'}
[1.453157] (px4_msgs) StdoutLine: {'line': b'-- Up-to-date: /home/mustardking/ws_sensor_combined/install/px4_msgs/include/px4_msgs/px4_msgs/msg/detail/yaw_estimator_status__functions.c\n'}
[1.453180] (px4_msgs) StdoutLine: {'line': b'-- Up-to-date: /home/mustardking/ws_sensor_combined/install/px4_msgs/include/px4_msgs/px4_msgs/msg/detail/vehicle_imu__functions.c\n'}
[1.453203] (px4_msgs) StdoutLine: {'line': b'-- Up-to-date: /home/mustardking/ws_sensor_combined/install/px4_msgs/include/px4_msgs/px4_msgs/msg/detail/power_button_state__functions.c\n'}
[1.453226] (px4_msgs) StdoutLine: {'line': b'-- Up-to-date: /home/mustardking/ws_sensor_combined/install/px4_msgs/include/px4_msgs/px4_msgs/msg/detail/lateral_control_configuration__functions.c\n'}
[1.453250] (px4_msgs) StdoutLine: {'line': b'-- Up-to-date: /home/mustardking/ws_sensor_combined/install/px4_msgs/include/px4_msgs/px4_msgs/msg/detail/sensor_accel_fifo__functions.c\n'}
[1.453275] (px4_msgs) StdoutLine: {'line': b'-- Up-to-date: /home/mustardking/ws_sensor_combined/install/px4_msgs/include/px4_msgs/px4_msgs/msg/detail/navigator_status__functions.h\n'}
[1.453298] (px4_msgs) StdoutLine: {'line': b'-- Up-to-date: /home/mustardking/ws_sensor_combined/install/px4_msgs/include/px4_msgs/px4_msgs/msg/detail/actuator_servos_trim__struct.h\n'}
[1.453321] (px4_msgs) StdoutLine: {'line': b'-- Up-to-date: /home/mustardking/ws_sensor_combined/install/px4_msgs/include/px4_msgs/px4_msgs/msg/detail/autotune_attitude_control_status__functions.c\n'}
[1.453344] (px4_msgs) StdoutLine: {'line': b'-- Up-to-date: /home/mustardking/ws_sensor_combined/install/px4_msgs/include/px4_msgs/px4_msgs/msg/detail/onboard_computer_status__type_support.h\n'}
[1.453367] (px4_msgs) StdoutLine: {'line': b'-- Up-to-date: /home/mustardking/ws_sensor_combined/install/px4_msgs/include/px4_msgs/px4_msgs/msg/detail/trajectory_setpoint__functions.c\n'}
[1.453390] (px4_msgs) StdoutLine: {'line': b'-- Up-to-date: /home/mustardking/ws_sensor_combined/install/px4_msgs/include/px4_msgs/px4_msgs/msg/detail/iridiumsbd_status__functions.c\n'}
[1.453413] (px4_msgs) StdoutLine: {'line': b'-- Up-to-date: /home/mustardking/ws_sensor_combined/install/px4_msgs/include/px4_msgs/px4_msgs/msg/detail/vehicle_local_position_setpoint__struct.h\n'}
[1.453436] (px4_msgs) StdoutLine: {'line': b'-- Up-to-date: /home/mustardking/ws_sensor_combined/install/px4_msgs/include/px4_msgs/px4_msgs/msg/detail/rc_parameter_map__functions.h\n'}
[1.453459] (px4_msgs) StdoutLine: {'line': b'-- Up-to-date: /home/mustardking/ws_sensor_combined/install/px4_msgs/include/px4_msgs/px4_msgs/msg/detail/task_stack_info__struct.h\n'}
[1.453482] (px4_msgs) StdoutLine: {'line': b'-- Up-to-date: /home/mustardking/ws_sensor_combined/install/px4_msgs/include/px4_msgs/px4_msgs/msg/detail/timesync_status__type_support.h\n'}
[1.453505] (px4_msgs) StdoutLine: {'line': b'-- Up-to-date: /home/mustardking/ws_sensor_combined/install/px4_msgs/include/px4_msgs/px4_msgs/msg/detail/iridiumsbd_status__type_support.h\n'}
[1.453528] (px4_msgs) StdoutLine: {'line': b'-- Up-to-date: /home/mustardking/ws_sensor_combined/install/px4_msgs/include/px4_msgs/px4_msgs/msg/detail/mavlink_log__struct.h\n'}
[1.453551] (px4_msgs) StdoutLine: {'line': b'-- Up-to-date: /home/mustardking/ws_sensor_combined/install/px4_msgs/include/px4_msgs/px4_msgs/msg/detail/neural_control__functions.c\n'}
[1.453574] (px4_msgs) StdoutLine: {'line': b'-- Up-to-date: /home/mustardking/ws_sensor_combined/install/px4_msgs/include/px4_msgs/px4_msgs/msg/detail/estimator_innovations__functions.c\n'}
[1.453596] (px4_msgs) StdoutLine: {'line': b'-- Up-to-date: /home/mustardking/ws_sensor_combined/install/px4_msgs/include/px4_msgs/px4_msgs/msg/detail/parameter_reset_request__functions.h\n'}
[1.453620] (px4_msgs) StdoutLine: {'line': b'-- Up-to-date: /home/mustardking/ws_sensor_combined/install/px4_msgs/include/px4_msgs/px4_msgs/msg/detail/action_request__type_support.h\n'}
[1.453643] (px4_msgs) StdoutLine: {'line': b'-- Up-to-date: /home/mustardking/ws_sensor_combined/install/px4_msgs/include/px4_msgs/px4_msgs/msg/detail/config_overrides__type_support.h\n'}
[1.453666] (px4_msgs) StdoutLine: {'line': b'-- Up-to-date: /home/mustardking/ws_sensor_combined/install/px4_msgs/include/px4_msgs/px4_msgs/msg/detail/orb_test_large__functions.h\n'}
[1.453689] (px4_msgs) StdoutLine: {'line': b'-- Up-to-date: /home/mustardking/ws_sensor_combined/install/px4_msgs/include/px4_msgs/px4_msgs/msg/detail/gimbal_device_information__functions.c\n'}
[1.453711] (px4_msgs) StdoutLine: {'line': b'-- Up-to-date: /home/mustardking/ws_sensor_combined/install/px4_msgs/include/px4_msgs/px4_msgs/msg/detail/rover_steering_setpoint__struct.h\n'}
[1.453734] (px4_msgs) StdoutLine: {'line': b'-- Up-to-date: /home/mustardking/ws_sensor_combined/install/px4_msgs/include/px4_msgs/px4_msgs/msg/detail/cellular_status__struct.h\n'}
[1.453758] (px4_msgs) StdoutLine: {'line': b'-- Up-to-date: /home/mustardking/ws_sensor_combined/install/px4_msgs/include/px4_msgs/px4_msgs/msg/detail/sensor_airflow__type_support.h\n'}
[1.453782] (px4_msgs) StdoutLine: {'line': b'-- Up-to-date: /home/mustardking/ws_sensor_combined/install/px4_msgs/include/px4_msgs/px4_msgs/msg/detail/fixed_wing_lateral_setpoint__functions.c\n'}
[1.453809] (px4_msgs) StdoutLine: {'line': b'-- Up-to-date: /home/mustardking/ws_sensor_combined/install/px4_msgs/include/px4_msgs/px4_msgs/msg/detail/sensor_combined__functions.c\n'}
[1.453833] (px4_msgs) StdoutLine: {'line': b'-- Up-to-date: /home/mustardking/ws_sensor_combined/install/px4_msgs/include/px4_msgs/px4_msgs/msg/detail/register_ext_component_reply__struct.h\n'}
[1.453857] (px4_msgs) StdoutLine: {'line': b'-- Up-to-date: /home/mustardking/ws_sensor_combined/install/px4_msgs/include/px4_msgs/px4_msgs/msg/detail/camera_capture__type_support.h\n'}
[1.453881] (px4_msgs) StdoutLine: {'line': b'-- Up-to-date: /home/mustardking/ws_sensor_combined/install/px4_msgs/include/px4_msgs/px4_msgs/msg/detail/fixed_wing_longitudinal_setpoint__functions.c\n'}
[1.453904] (px4_msgs) StdoutLine: {'line': b'-- Up-to-date: /home/mustardking/ws_sensor_combined/install/px4_msgs/include/px4_msgs/px4_msgs/msg/detail/actuator_test__type_support.h\n'}
[1.453927] (px4_msgs) StdoutLine: {'line': b'-- Up-to-date: /home/mustardking/ws_sensor_combined/install/px4_msgs/include/px4_msgs/px4_msgs/msg/detail/gps_inject_data__functions.c\n'}
[1.453949] (px4_msgs) StdoutLine: {'line': b'-- Up-to-date: /home/mustardking/ws_sensor_combined/install/px4_msgs/include/px4_msgs/px4_msgs/msg/detail/estimator_bias3d__functions.h\n'}
[1.453973] (px4_msgs) StdoutLine: {'line': b'-- Up-to-date: /home/mustardking/ws_sensor_combined/install/px4_msgs/include/px4_msgs/px4_msgs/msg/detail/gimbal_device_information__type_support.h\n'}
[1.453996] (px4_msgs) StdoutLine: {'line': b'-- Up-to-date: /home/mustardking/ws_sensor_combined/install/px4_msgs/include/px4_msgs/px4_msgs/msg/detail/estimator_bias3d__functions.c\n'}
[1.454018] (px4_msgs) StdoutLine: {'line': b'-- Up-to-date: /home/mustardking/ws_sensor_combined/install/px4_msgs/include/px4_msgs/px4_msgs/msg/detail/trajectory_setpoint6dof__functions.h\n'}
[1.454041] (px4_msgs) StdoutLine: {'line': b'-- Up-to-date: /home/mustardking/ws_sensor_combined/install/px4_msgs/include/px4_msgs/px4_msgs/msg/detail/open_drone_id_self_id__struct.h\n'}
[1.454064] (px4_msgs) StdoutLine: {'line': b'-- Up-to-date: /home/mustardking/ws_sensor_combined/install/px4_msgs/include/px4_msgs/px4_msgs/msg/detail/health_report__type_support.h\n'}
[1.454087] (px4_msgs) StdoutLine: {'line': b'-- Up-to-date: /home/mustardking/ws_sensor_combined/install/px4_msgs/include/px4_msgs/px4_msgs/msg/detail/manual_control_switches__functions.h\n'}
[1.454110] (px4_msgs) StdoutLine: {'line': b'-- Up-to-date: /home/mustardking/ws_sensor_combined/install/px4_msgs/include/px4_msgs/px4_msgs/msg/detail/orb_test_medium__functions.c\n'}
[1.454133] (px4_msgs) StdoutLine: {'line': b'-- Up-to-date: /home/mustardking/ws_sensor_combined/install/px4_msgs/include/px4_msgs/px4_msgs/msg/detail/dataman_request__functions.c\n'}
[1.454155] (px4_msgs) StdoutLine: {'line': b'-- Up-to-date: /home/mustardking/ws_sensor_combined/install/px4_msgs/include/px4_msgs/px4_msgs/msg/detail/message_format_response__struct.h\n'}
[1.454179] (px4_msgs) StdoutLine: {'line': b'-- Up-to-date: /home/mustardking/ws_sensor_combined/install/px4_msgs/include/px4_msgs/px4_msgs/msg/detail/estimator_sensor_bias__type_support.h\n'}
[1.454202] (px4_msgs) StdoutLine: {'line': b'-- Up-to-date: /home/mustardking/ws_sensor_combined/install/px4_msgs/include/px4_msgs/px4_msgs/msg/detail/vehicle_torque_setpoint__functions.h\n'}
[1.454225] (px4_msgs) StdoutLine: {'line': b'-- Up-to-date: /home/mustardking/ws_sensor_combined/install/px4_msgs/include/px4_msgs/px4_msgs/msg/detail/mount_orientation__functions.c\n'}
[1.454248] (px4_msgs) StdoutLine: {'line': b'-- Up-to-date: /home/mustardking/ws_sensor_combined/install/px4_msgs/include/px4_msgs/px4_msgs/msg/detail/gpio_request__type_support.h\n'}
[1.454271] (px4_msgs) StdoutLine: {'line': b'-- Up-to-date: /home/mustardking/ws_sensor_combined/install/px4_msgs/include/px4_msgs/px4_msgs/msg/detail/rover_steering_setpoint__type_support.h\n'}
[1.454295] (px4_msgs) StdoutLine: {'line': b'-- Up-to-date: /home/mustardking/ws_sensor_combined/install/px4_msgs/include/px4_msgs/px4_msgs/msg/detail/open_drone_id_system__struct.h\n'}
[1.454318] (px4_msgs) StdoutLine: {'line': b'-- Up-to-date: /home/mustardking/ws_sensor_combined/install/px4_msgs/include/px4_msgs/px4_msgs/msg/detail/landing_target_pose__struct.h\n'}
[1.454341] (px4_msgs) StdoutLine: {'line': b'-- Up-to-date: /home/mustardking/ws_sensor_combined/install/px4_msgs/include/px4_msgs/px4_msgs/msg/detail/mavlink_log__functions.h\n'}
[1.454364] (px4_msgs) StdoutLine: {'line': b'-- Up-to-date: /home/mustardking/ws_sensor_combined/install/px4_msgs/include/px4_msgs/px4_msgs/msg/detail/vehicle_land_detected__functions.c\n'}
[1.454387] (px4_msgs) StdoutLine: {'line': b'-- Up-to-date: /home/mustardking/ws_sensor_combined/install/px4_msgs/include/px4_msgs/px4_msgs/msg/detail/fixed_wing_longitudinal_setpoint__type_support.h\n'}
[1.454412] (px4_msgs) StdoutLine: {'line': b'-- Up-to-date: /home/mustardking/ws_sensor_combined/install/px4_msgs/include/px4_msgs/px4_msgs/msg/detail/position_setpoint__functions.h\n'}
[1.454435] (px4_msgs) StdoutLine: {'line': b'-- Up-to-date: /home/mustardking/ws_sensor_combined/install/px4_msgs/include/px4_msgs/px4_msgs/msg/detail/actuator_controls_status__functions.h\n'}
[1.454458] (px4_msgs) StdoutLine: {'line': b'-- Up-to-date: /home/mustardking/ws_sensor_combined/install/px4_msgs/include/px4_msgs/px4_msgs/msg/detail/unregister_ext_component__functions.h\n'}
[1.454483] (px4_msgs) StdoutLine: {'line': b'-- Up-to-date: /home/mustardking/ws_sensor_combined/install/px4_msgs/include/px4_msgs/px4_msgs/msg/detail/ekf2_timestamps__struct.h\n'}
[1.454507] (px4_msgs) StdoutLine: {'line': b'-- Up-to-date: /home/mustardking/ws_sensor_combined/install/px4_msgs/include/px4_msgs/px4_msgs/msg/detail/vehicle_thrust_setpoint__functions.h\n'}
[1.454529] (px4_msgs) StdoutLine: {'line': b'-- Up-to-date: /home/mustardking/ws_sensor_combined/install/px4_msgs/include/px4_msgs/px4_msgs/msg/detail/rover_rate_status__functions.c\n'}
[1.454553] (px4_msgs) StdoutLine: {'line': b'-- Up-to-date: /home/mustardking/ws_sensor_combined/install/px4_msgs/include/px4_msgs/px4_msgs/msg/detail/airspeed__struct.h\n'}
[1.454575] (px4_msgs) StdoutLine: {'line': b'-- Up-to-date: /home/mustardking/ws_sensor_combined/install/px4_msgs/include/px4_msgs/px4_msgs/msg/detail/sensor_gps__functions.c\n'}
[1.454598] (px4_msgs) StdoutLine: {'line': b'-- Up-to-date: /home/mustardking/ws_sensor_combined/install/px4_msgs/include/px4_msgs/px4_msgs/msg/detail/yaw_estimator_status__type_support.h\n'}
[1.454621] (px4_msgs) StdoutLine: {'line': b'-- Up-to-date: /home/mustardking/ws_sensor_combined/install/px4_msgs/include/px4_msgs/px4_msgs/msg/detail/debug_vect__type_support.h\n'}
[1.454644] (px4_msgs) StdoutLine: {'line': b'-- Up-to-date: /home/mustardking/ws_sensor_combined/install/px4_msgs/include/px4_msgs/px4_msgs/msg/detail/gimbal_device_set_attitude__functions.c\n'}
[1.454667] (px4_msgs) StdoutLine: {'line': b'-- Up-to-date: /home/mustardking/ws_sensor_combined/install/px4_msgs/include/px4_msgs/px4_msgs/msg/detail/pwm_input__functions.h\n'}
[1.454690] (px4_msgs) StdoutLine: {'line': b'-- Up-to-date: /home/mustardking/ws_sensor_combined/install/px4_msgs/include/px4_msgs/px4_msgs/msg/detail/estimator_aid_source1d__functions.c\n'}
[1.454712] (px4_msgs) StdoutLine: {'line': b'-- Up-to-date: /home/mustardking/ws_sensor_combined/install/px4_msgs/include/px4_msgs/px4_msgs/msg/detail/heater_status__type_support.h\n'}
[1.454736] (px4_msgs) StdoutLine: {'line': b'-- Up-to-date: /home/mustardking/ws_sensor_combined/install/px4_msgs/include/px4_msgs/px4_msgs/msg/detail/mag_worker_data__functions.h\n'}
[1.454759] (px4_msgs) StdoutLine: {'line': b'-- Up-to-date: /home/mustardking/ws_sensor_combined/install/px4_msgs/include/px4_msgs/px4_msgs/msg/detail/satellite_info__type_support.h\n'}
[1.454783] (px4_msgs) StdoutLine: {'line': b'-- Up-to-date: /home/mustardking/ws_sensor_combined/install/px4_msgs/include/px4_msgs/px4_msgs/msg/detail/estimator_states__type_support.h\n'}
[1.454806] (px4_msgs) StdoutLine: {'line': b'-- Up-to-date: /home/mustardking/ws_sensor_combined/install/px4_msgs/include/px4_msgs/px4_msgs/msg/detail/navigator_status__struct.h\n'}
[1.454828] (px4_msgs) StdoutLine: {'line': b'-- Up-to-date: /home/mustardking/ws_sensor_combined/install/px4_msgs/include/px4_msgs/px4_msgs/msg/detail/orbit_status__struct.h\n'}
[1.454851] (px4_msgs) StdoutLine: {'line': b'-- Up-to-date: /home/mustardking/ws_sensor_combined/install/px4_msgs/include/px4_msgs/px4_msgs/msg/detail/longitudinal_control_configuration__type_support.h\n'}
[1.454874] (px4_msgs) StdoutLine: {'line': b'-- Up-to-date: /home/mustardking/ws_sensor_combined/install/px4_msgs/include/px4_msgs/px4_msgs/msg/detail/vtol_vehicle_status__struct.h\n'}
[1.454897] (px4_msgs) StdoutLine: {'line': b'-- Up-to-date: /home/mustardking/ws_sensor_combined/install/px4_msgs/include/px4_msgs/px4_msgs/msg/detail/ping__functions.h\n'}
[1.454921] (px4_msgs) StdoutLine: {'line': b'-- Up-to-date: /home/mustardking/ws_sensor_combined/install/px4_msgs/include/px4_msgs/px4_msgs/msg/detail/sensor_gps__struct.h\n'}
[1.454943] (px4_msgs) StdoutLine: {'line': b'-- Up-to-date: /home/mustardking/ws_sensor_combined/install/px4_msgs/include/px4_msgs/px4_msgs/msg/detail/wind__functions.c\n'}
[1.454966] (px4_msgs) StdoutLine: {'line': b'-- Up-to-date: /home/mustardking/ws_sensor_combined/install/px4_msgs/include/px4_msgs/px4_msgs/msg/detail/log_message__functions.h\n'}
[1.454989] (px4_msgs) StdoutLine: {'line': b'-- Up-to-date: /home/mustardking/ws_sensor_combined/install/px4_msgs/include/px4_msgs/px4_msgs/msg/detail/sensor_gnss_status__struct.h\n'}
[1.455011] (px4_msgs) StdoutLine: {'line': b'-- Up-to-date: /home/mustardking/ws_sensor_combined/install/px4_msgs/include/px4_msgs/px4_msgs/msg/detail/parameter_reset_request__type_support.h\n'}
[1.455034] (px4_msgs) StdoutLine: {'line': b'-- Up-to-date: /home/mustardking/ws_sensor_combined/install/px4_msgs/include/px4_msgs/px4_msgs/msg/detail/gpio_in__type_support.h\n'}
[1.455058] (px4_msgs) StdoutLine: {'line': b'-- Up-to-date: /home/mustardking/ws_sensor_combined/install/px4_msgs/include/px4_msgs/px4_msgs/msg/detail/esc_status__functions.h\n'}
[1.455081] (px4_msgs) StdoutLine: {'line': b'-- Up-to-date: /home/mustardking/ws_sensor_combined/install/px4_msgs/include/px4_msgs/px4_msgs/msg/detail/vehicle_torque_setpoint__struct.h\n'}
[1.455104] (px4_msgs) StdoutLine: {'line': b'-- Up-to-date: /home/mustardking/ws_sensor_combined/install/px4_msgs/include/px4_msgs/px4_msgs/msg/detail/gpio_out__functions.h\n'}
[1.455127] (px4_msgs) StdoutLine: {'line': b'-- Up-to-date: /home/mustardking/ws_sensor_combined/install/px4_msgs/include/px4_msgs/px4_msgs/msg/detail/goto_setpoint__type_support.h\n'}
[1.455149] (px4_msgs) StdoutLine: {'line': b'-- Up-to-date: /home/mustardking/ws_sensor_combined/install/px4_msgs/include/px4_msgs/px4_msgs/msg/detail/orb_test_medium__functions.h\n'}
[1.455174] (px4_msgs) StdoutLine: {'line': b'-- Up-to-date: /home/mustardking/ws_sensor_combined/install/px4_msgs/include/px4_msgs/px4_msgs/msg/detail/dataman_request__functions.h\n'}
[1.455200] (px4_msgs) StdoutLine: {'line': b'-- Up-to-date: /home/mustardking/ws_sensor_combined/install/px4_msgs/include/px4_msgs/px4_msgs/msg/detail/sensor_airflow__functions.h\n'}
[1.455224] (px4_msgs) StdoutLine: {'line': b'-- Up-to-date: /home/mustardking/ws_sensor_combined/install/px4_msgs/include/px4_msgs/px4_msgs/msg/detail/sensor_correction__struct.h\n'}
[1.455247] (px4_msgs) StdoutLine: {'line': b'-- Up-to-date: /home/mustardking/ws_sensor_combined/install/px4_msgs/include/px4_msgs/px4_msgs/msg/detail/sensor_preflight_mag__functions.h\n'}
[1.455270] (px4_msgs) StdoutLine: {'line': b'-- Up-to-date: /home/mustardking/ws_sensor_combined/install/px4_msgs/include/px4_msgs/px4_msgs/msg/detail/vehicle_angular_velocity__functions.c\n'}
[1.455346] (px4_msgs) StdoutLine: {'line': b'-- Up-to-date: /home/mustardking/ws_sensor_combined/install/px4_msgs/include/px4_msgs/px4_msgs/msg/detail/parameter_set_value_response__struct.h\n'}
[1.455379] (px4_msgs) StdoutLine: {'line': b'-- Up-to-date: /home/mustardking/ws_sensor_combined/install/px4_msgs/include/px4_msgs/px4_msgs/msg/detail/mode_completed__struct.h\n'}
[1.455404] (px4_msgs) StdoutLine: {'line': b'-- Up-to-date: /home/mustardking/ws_sensor_combined/install/px4_msgs/include/px4_msgs/px4_msgs/msg/detail/internal_combustion_engine_status__type_support.h\n'}
[1.455429] (px4_msgs) StdoutLine: {'line': b'-- Up-to-date: /home/mustardking/ws_sensor_combined/install/px4_msgs/include/px4_msgs/px4_msgs/msg/detail/tune_control__functions.c\n'}
[1.455453] (px4_msgs) StdoutLine: {'line': b'-- Up-to-date: /home/mustardking/ws_sensor_combined/install/px4_msgs/include/px4_msgs/px4_msgs/msg/detail/gimbal_manager_status__struct.h\n'}
[1.455477] (px4_msgs) StdoutLine: {'line': b'-- Up-to-date: /home/mustardking/ws_sensor_combined/install/px4_msgs/include/px4_msgs/px4_msgs/msg/detail/estimator_status__type_support.h\n'}
[1.455501] (px4_msgs) StdoutLine: {'line': b'-- Up-to-date: /home/mustardking/ws_sensor_combined/install/px4_msgs/include/px4_msgs/px4_msgs/msg/detail/trajectory_setpoint__struct.h\n'}
[1.455524] (px4_msgs) StdoutLine: {'line': b'-- Up-to-date: /home/mustardking/ws_sensor_combined/install/px4_msgs/include/px4_msgs/px4_msgs/msg/detail/event__struct.h\n'}
[1.455549] (px4_msgs) StdoutLine: {'line': b'-- Up-to-date: /home/mustardking/ws_sensor_combined/install/px4_msgs/include/px4_msgs/px4_msgs/msg/detail/failure_detector_status__functions.h\n'}
[1.455573] (px4_msgs) StdoutLine: {'line': b'-- Up-to-date: /home/mustardking/ws_sensor_combined/install/px4_msgs/include/px4_msgs/px4_msgs/msg/detail/airspeed_validated__functions.c\n'}
[1.455596] (px4_msgs) StdoutLine: {'line': b'-- Up-to-date: /home/mustardking/ws_sensor_combined/install/px4_msgs/include/px4_msgs/px4_msgs/msg/detail/vehicle_command__struct.h\n'}
[1.455620] (px4_msgs) StdoutLine: {'line': b'-- Up-to-date: /home/mustardking/ws_sensor_combined/install/px4_msgs/include/px4_msgs/px4_msgs/msg/detail/parameter_set_value_request__functions.h\n'}
[1.455643] (px4_msgs) StdoutLine: {'line': b'-- Up-to-date: /home/mustardking/ws_sensor_combined/install/px4_msgs/include/px4_msgs/px4_msgs/msg/detail/rover_throttle_setpoint__struct.h\n'}
[1.455667] (px4_msgs) StdoutLine: {'line': b'-- Up-to-date: /home/mustardking/ws_sensor_combined/install/px4_msgs/include/px4_msgs/px4_msgs/msg/detail/sensor_gps__functions.h\n'}
[1.455690] (px4_msgs) StdoutLine: {'line': b'-- Up-to-date: /home/mustardking/ws_sensor_combined/install/px4_msgs/include/px4_msgs/px4_msgs/msg/detail/sensor_gyro_fft__functions.c\n'}
[1.455713] (px4_msgs) StdoutLine: {'line': b'-- Up-to-date: /home/mustardking/ws_sensor_combined/install/px4_msgs/include/px4_msgs/px4_msgs/msg/detail/sensor_mag__functions.h\n'}
[1.455737] (px4_msgs) StdoutLine: {'line': b'-- Up-to-date: /home/mustardking/ws_sensor_combined/install/px4_msgs/include/px4_msgs/px4_msgs/msg/detail/vehicle_land_detected__type_support.h\n'}
[1.455761] (px4_msgs) StdoutLine: {'line': b'-- Up-to-date: /home/mustardking/ws_sensor_combined/install/px4_msgs/include/px4_msgs/px4_msgs/msg/detail/led_control__struct.h\n'}
[1.455785] (px4_msgs) StdoutLine: {'line': b'-- Up-to-date: /home/mustardking/ws_sensor_combined/install/px4_msgs/include/px4_msgs/px4_msgs/msg/detail/longitudinal_control_configuration__struct.h\n'}
[1.455809] (px4_msgs) StdoutLine: {'line': b'-- Up-to-date: /home/mustardking/ws_sensor_combined/install/px4_msgs/include/px4_msgs/px4_msgs/msg/detail/estimator_aid_source2d__struct.h\n'}
[1.455832] (px4_msgs) StdoutLine: {'line': b'-- Up-to-date: /home/mustardking/ws_sensor_combined/install/px4_msgs/include/px4_msgs/px4_msgs/msg/detail/velocity_limits__functions.h\n'}
[1.455855] (px4_msgs) StdoutLine: {'line': b'-- Up-to-date: /home/mustardking/ws_sensor_combined/install/px4_msgs/include/px4_msgs/px4_msgs/msg/detail/battery_info__functions.h\n'}
[1.455878] (px4_msgs) StdoutLine: {'line': b'-- Up-to-date: /home/mustardking/ws_sensor_combined/install/px4_msgs/include/px4_msgs/px4_msgs/msg/detail/mavlink_tunnel__type_support.h\n'}
[1.455902] (px4_msgs) StdoutLine: {'line': b'-- Up-to-date: /home/mustardking/ws_sensor_combined/install/px4_msgs/include/px4_msgs/px4_msgs/msg/detail/estimator_event_flags__struct.h\n'}
[1.455926] (px4_msgs) StdoutLine: {'line': b'-- Up-to-date: /home/mustardking/ws_sensor_combined/install/px4_msgs/include/px4_msgs/px4_msgs/msg/detail/led_control__type_support.h\n'}
[1.455952] (px4_msgs) StdoutLine: {'line': b'-- Up-to-date: /home/mustardking/ws_sensor_combined/install/px4_msgs/include/px4_msgs/px4_msgs/msg/detail/rover_rate_status__type_support.h\n'}
[1.455975] (px4_msgs) StdoutLine: {'line': b'-- Up-to-date: /home/mustardking/ws_sensor_combined/install/px4_msgs/include/px4_msgs/px4_msgs/msg/detail/uavcan_parameter_value__struct.h\n'}
[1.455997] (px4_msgs) StdoutLine: {'line': b'-- Up-to-date: /home/mustardking/ws_sensor_combined/install/px4_msgs/include/px4_msgs/px4_msgs/msg/detail/control_allocator_status__type_support.h\n'}
[1.456020] (px4_msgs) StdoutLine: {'line': b'-- Up-to-date: /home/mustardking/ws_sensor_combined/install/px4_msgs/include/px4_msgs/px4_msgs/msg/detail/vehicle_odometry__functions.h\n'}
[1.456043] (px4_msgs) StdoutLine: {'line': b'-- Up-to-date: /home/mustardking/ws_sensor_combined/install/px4_msgs/include/px4_msgs/px4_msgs/msg/detail/rover_speed_setpoint__struct.h\n'}
[1.456066] (px4_msgs) StdoutLine: {'line': b'-- Up-to-date: /home/mustardking/ws_sensor_combined/install/px4_msgs/include/px4_msgs/px4_msgs/msg/detail/gimbal_manager_set_attitude__functions.c\n'}
[1.456089] (px4_msgs) StdoutLine: {'line': b'-- Up-to-date: /home/mustardking/ws_sensor_combined/install/px4_msgs/include/px4_msgs/px4_msgs/msg/detail/rover_rate_setpoint__struct.h\n'}
[1.456113] (px4_msgs) StdoutLine: {'line': b'-- Up-to-date: /home/mustardking/ws_sensor_combined/install/px4_msgs/include/px4_msgs/px4_msgs/msg/detail/takeoff_status__functions.c\n'}
[1.456136] (px4_msgs) StdoutLine: {'line': b'-- Up-to-date: /home/mustardking/ws_sensor_combined/install/px4_msgs/include/px4_msgs/px4_msgs/msg/detail/parameter_update__functions.h\n'}
[1.456159] (px4_msgs) StdoutLine: {'line': b'-- Up-to-date: /home/mustardking/ws_sensor_combined/install/px4_msgs/include/px4_msgs/px4_msgs/msg/detail/vehicle_imu__struct.h\n'}
[1.456182] (px4_msgs) StdoutLine: {'line': b'-- Up-to-date: /home/mustardking/ws_sensor_combined/install/px4_msgs/include/px4_msgs/px4_msgs/msg/detail/estimator_event_flags__functions.c\n'}
[1.456205] (px4_msgs) StdoutLine: {'line': b'-- Up-to-date: /home/mustardking/ws_sensor_combined/install/px4_msgs/include/px4_msgs/px4_msgs/msg/detail/geofence_result__functions.h\n'}
[1.456228] (px4_msgs) StdoutLine: {'line': b'-- Up-to-date: /home/mustardking/ws_sensor_combined/install/px4_msgs/include/px4_msgs/px4_msgs/msg/detail/rover_speed_status__struct.h\n'}
[1.456251] (px4_msgs) StdoutLine: {'line': b'-- Up-to-date: /home/mustardking/ws_sensor_combined/install/px4_msgs/include/px4_msgs/px4_msgs/msg/detail/transponder_report__functions.h\n'}
[1.456274] (px4_msgs) StdoutLine: {'line': b'-- Up-to-date: /home/mustardking/ws_sensor_combined/install/px4_msgs/include/px4_msgs/px4_msgs/msg/detail/qshell_req__struct.h\n'}
[1.456298] (px4_msgs) StdoutLine: {'line': b'-- Up-to-date: /home/mustardking/ws_sensor_combined/install/px4_msgs/include/px4_msgs/px4_msgs/msg/detail/esc_report__type_support.h\n'}
[1.456321] (px4_msgs) StdoutLine: {'line': b'-- Up-to-date: /home/mustardking/ws_sensor_combined/install/px4_msgs/include/px4_msgs/px4_msgs/msg/detail/gimbal_device_attitude_status__struct.h\n'}
[1.456344] (px4_msgs) StdoutLine: {'line': b'-- Up-to-date: /home/mustardking/ws_sensor_combined/install/px4_msgs/include/px4_msgs/px4_msgs/msg/detail/unregister_ext_component__functions.c\n'}
[1.456366] (px4_msgs) StdoutLine: {'line': b'-- Up-to-date: /home/mustardking/ws_sensor_combined/install/px4_msgs/include/px4_msgs/px4_msgs/msg/detail/actuator_servos__functions.c\n'}
[1.456389] (px4_msgs) StdoutLine: {'line': b'-- Up-to-date: /home/mustardking/ws_sensor_combined/install/px4_msgs/include/px4_msgs/px4_msgs/msg/detail/gimbal_controls__struct.h\n'}
[1.456414] (px4_msgs) StdoutLine: {'line': b'-- Up-to-date: /home/mustardking/ws_sensor_combined/install/px4_msgs/include/px4_msgs/px4_msgs/msg/detail/health_report__functions.c\n'}
[1.456438] (px4_msgs) StdoutLine: {'line': b'-- Up-to-date: /home/mustardking/ws_sensor_combined/install/px4_msgs/include/px4_msgs/px4_msgs/msg/detail/vehicle_command__functions.c\n'}
[1.456509] (px4_msgs) StdoutLine: {'line': b'-- Up-to-date: /home/mustardking/ws_sensor_combined/install/px4_msgs/include/px4_msgs/px4_msgs/msg/detail/system_power__struct.h\n'}
[1.456535] (px4_msgs) StdoutLine: {'line': b'-- Up-to-date: /home/mustardking/ws_sensor_combined/install/px4_msgs/include/px4_msgs/px4_msgs/msg/detail/sensor_hygrometer__struct.h\n'}
[1.456559] (px4_msgs) StdoutLine: {'line': b'-- Up-to-date: /home/mustardking/ws_sensor_combined/install/px4_msgs/include/px4_msgs/px4_msgs/msg/detail/power_monitor__type_support.h\n'}
[1.456583] (px4_msgs) StdoutLine: {'line': b'-- Up-to-date: /home/mustardking/ws_sensor_combined/install/px4_msgs/include/px4_msgs/px4_msgs/msg/detail/neural_control__struct.h\n'}
[1.456606] (px4_msgs) StdoutLine: {'line': b'-- Up-to-date: /home/mustardking/ws_sensor_combined/install/px4_msgs/include/px4_msgs/px4_msgs/msg/detail/unregister_ext_component__struct.h\n'}
[1.456630] (px4_msgs) StdoutLine: {'line': b'-- Up-to-date: /home/mustardking/ws_sensor_combined/install/px4_msgs/include/px4_msgs/px4_msgs/msg/detail/arming_check_request__type_support.h\n'}
[1.456653] (px4_msgs) StdoutLine: {'line': b'-- Up-to-date: /home/mustardking/ws_sensor_combined/install/px4_msgs/include/px4_msgs/px4_msgs/msg/detail/manual_control_switches__functions.c\n'}
[1.456678] (px4_msgs) StdoutLine: {'line': b'-- Up-to-date: /home/mustardking/ws_sensor_combined/install/px4_msgs/include/px4_msgs/px4_msgs/msg/detail/landing_gear__struct.h\n'}
[1.456712] (px4_msgs) StdoutLine: {'line': b'-- Up-to-date: /home/mustardking/ws_sensor_combined/install/px4_msgs/include/px4_msgs/px4_msgs/msg/detail/irlock_report__functions.c\n'}
[1.456738] (px4_msgs) StdoutLine: {'line': b'-- Up-to-date: /home/mustardking/ws_sensor_combined/install/px4_msgs/include/px4_msgs/px4_msgs/msg/detail/normalized_unsigned_setpoint__functions.c\n'}
[1.456762] (px4_msgs) StdoutLine: {'line': b'-- Up-to-date: /home/mustardking/ws_sensor_combined/install/px4_msgs/include/px4_msgs/px4_msgs/msg/detail/vehicle_command__type_support.h\n'}
[1.456784] (px4_msgs) StdoutLine: {'line': b'-- Up-to-date: /home/mustardking/ws_sensor_combined/install/px4_msgs/include/px4_msgs/px4_msgs/msg/detail/open_drone_id_operator_id__functions.h\n'}
[1.456807] (px4_msgs) StdoutLine: {'line': b'-- Up-to-date: /home/mustardking/ws_sensor_combined/install/px4_msgs/include/px4_msgs/px4_msgs/msg/detail/sensor_selection__functions.h\n'}
[1.456830] (px4_msgs) StdoutLine: {'line': b'-- Up-to-date: /home/mustardking/ws_sensor_combined/install/px4_msgs/include/px4_msgs/px4_msgs/msg/detail/sensor_baro__type_support.h\n'}
[1.456852] (px4_msgs) StdoutLine: {'line': b'-- Up-to-date: /home/mustardking/ws_sensor_combined/install/px4_msgs/include/px4_msgs/px4_msgs/msg/detail/actuator_servos__type_support.h\n'}
[1.456874] (px4_msgs) StdoutLine: {'line': b'-- Up-to-date: /home/mustardking/ws_sensor_combined/install/px4_msgs/include/px4_msgs/px4_msgs/msg/detail/vehicle_local_position_setpoint__functions.c\n'}
[1.456896] (px4_msgs) StdoutLine: {'line': b'-- Up-to-date: /home/mustardking/ws_sensor_combined/install/px4_msgs/include/px4_msgs/px4_msgs/msg/detail/vehicle_imu_status__struct.h\n'}
[1.456919] (px4_msgs) StdoutLine: {'line': b'-- Up-to-date: /home/mustardking/ws_sensor_combined/install/px4_msgs/include/px4_msgs/px4_msgs/msg/detail/fuel_tank_status__type_support.h\n'}
[1.456941] (px4_msgs) StdoutLine: {'line': b'-- Up-to-date: /home/mustardking/ws_sensor_combined/install/px4_msgs/include/px4_msgs/px4_msgs/msg/detail/vehicle_optical_flow_vel__struct.h\n'}
[1.456963] (px4_msgs) StdoutLine: {'line': b'-- Up-to-date: /home/mustardking/ws_sensor_combined/install/px4_msgs/include/px4_msgs/px4_msgs/msg/detail/launch_detection_status__type_support.h\n'}
[1.456986] (px4_msgs) StdoutLine: {'line': b'-- Up-to-date: /home/mustardking/ws_sensor_combined/install/px4_msgs/include/px4_msgs/px4_msgs/msg/detail/orbit_status__functions.c\n'}
[1.457008] (px4_msgs) StdoutLine: {'line': b'-- Up-to-date: /home/mustardking/ws_sensor_combined/install/px4_msgs/include/px4_msgs/px4_msgs/msg/detail/cellular_status__functions.c\n'}
[1.457030] (px4_msgs) StdoutLine: {'line': b'-- Up-to-date: /home/mustardking/ws_sensor_combined/install/px4_msgs/include/px4_msgs/px4_msgs/msg/detail/gps_inject_data__struct.h\n'}
[1.457053] (px4_msgs) StdoutLine: {'line': b'-- Up-to-date: /home/mustardking/ws_sensor_combined/install/px4_msgs/include/px4_msgs/px4_msgs/msg/detail/vehicle_attitude__functions.c\n'}
[1.457075] (px4_msgs) StdoutLine: {'line': b'-- Up-to-date: /home/mustardking/ws_sensor_combined/install/px4_msgs/include/px4_msgs/px4_msgs/msg/detail/vehicle_magnetometer__functions.c\n'}
[1.457099] (px4_msgs) StdoutLine: {'line': b'-- Up-to-date: /home/mustardking/ws_sensor_combined/install/px4_msgs/include/px4_msgs/px4_msgs/msg/detail/vehicle_attitude_setpoint__struct.h\n'}
[1.457124] (px4_msgs) StdoutLine: {'line': b'-- Up-to-date: /home/mustardking/ws_sensor_combined/install/px4_msgs/include/px4_msgs/px4_msgs/msg/detail/health_report__functions.h\n'}
[1.457148] (px4_msgs) StdoutLine: {'line': b'-- Up-to-date: /home/mustardking/ws_sensor_combined/install/px4_msgs/include/px4_msgs/px4_msgs/msg/detail/autotune_attitude_control_status__functions.h\n'}
[1.457171] (px4_msgs) StdoutLine: {'line': b'-- Up-to-date: /home/mustardking/ws_sensor_combined/install/px4_msgs/include/px4_msgs/px4_msgs/msg/detail/navigator_status__functions.c\n'}
[1.457430] (px4_msgs) StdoutLine: {'line': b'-- Up-to-date: /home/mustardking/ws_sensor_combined/install/px4_msgs/include/px4_msgs/px4_msgs/msg/detail/orb_test__type_support.h\n'}
[1.457512] (px4_msgs) StdoutLine: {'line': b'-- Up-to-date: /home/mustardking/ws_sensor_combined/install/px4_msgs/include/px4_msgs/px4_msgs/msg/detail/differential_pressure__struct.h\n'}
[1.457581] (px4_msgs) StdoutLine: {'line': b'-- Up-to-date: /home/mustardking/ws_sensor_combined/install/px4_msgs/include/px4_msgs/px4_msgs/msg/detail/rtl_time_estimate__type_support.h\n'}
[1.458586] (px4_msgs) StdoutLine: {'line': b'-- Up-to-date: /home/mustardking/ws_sensor_combined/install/px4_msgs/include/px4_msgs/px4_msgs/msg/detail/sensor_correction__functions.h\n'}
[1.458673] (px4_msgs) StdoutLine: {'line': b'-- Up-to-date: /home/mustardking/ws_sensor_combined/install/px4_msgs/include/px4_msgs/px4_msgs/msg/detail/vehicle_imu__functions.h\n'}
[1.458743] (px4_msgs) StdoutLine: {'line': b'-- Up-to-date: /home/mustardking/ws_sensor_combined/install/px4_msgs/include/px4_msgs/px4_msgs/msg/detail/internal_combustion_engine_status__functions.c\n'}
[1.458829] (px4_msgs) StdoutLine: {'line': b'-- Up-to-date: /home/mustardking/ws_sensor_combined/install/px4_msgs/include/px4_msgs/px4_msgs/msg/detail/parameter_set_value_response__functions.h\n'}
[1.458909] (px4_msgs) StdoutLine: {'line': b'-- Up-to-date: /home/mustardking/ws_sensor_combined/install/px4_msgs/include/px4_msgs/px4_msgs/msg/detail/landing_gear__type_support.h\n'}
[1.458989] (px4_msgs) StdoutLine: {'line': b'-- Up-to-date: /home/mustardking/ws_sensor_combined/install/px4_msgs/include/px4_msgs/px4_msgs/msg/detail/parameter_set_value_response__type_support.h\n'}
[1.459072] (px4_msgs) StdoutLine: {'line': b'-- Up-to-date: /home/mustardking/ws_sensor_combined/install/px4_msgs/include/px4_msgs/px4_msgs/msg/detail/rate_ctrl_status__functions.h\n'}
[1.459141] (px4_msgs) StdoutLine: {'line': b'-- Up-to-date: /home/mustardking/ws_sensor_combined/install/px4_msgs/include/px4_msgs/px4_msgs/msg/detail/failure_detector_status__struct.h\n'}
[1.459221] (px4_msgs) StdoutLine: {'line': b'-- Up-to-date: /home/mustardking/ws_sensor_combined/install/px4_msgs/include/px4_msgs/px4_msgs/msg/detail/gimbal_device_attitude_status__functions.h\n'}
[1.459308] (px4_msgs) StdoutLine: {'line': b'-- Up-to-date: /home/mustardking/ws_sensor_combined/install/px4_msgs/include/px4_msgs/px4_msgs/msg/detail/rpm__functions.c\n'}
[1.459369] (px4_msgs) StdoutLine: {'line': b'-- Up-to-date: /home/mustardking/ws_sensor_combined/install/px4_msgs/include/px4_msgs/px4_msgs/msg/detail/gps_dump__struct.h\n'}
[1.459479] (px4_msgs) StdoutLine: {'line': b'-- Up-to-date: /home/mustardking/ws_sensor_combined/install/px4_msgs/include/px4_msgs/px4_msgs/msg/detail/takeoff_status__struct.h\n'}
[1.459526] (px4_msgs) StdoutLine: {'line': b'-- Up-to-date: /home/mustardking/ws_sensor_combined/install/px4_msgs/include/px4_msgs/px4_msgs/msg/detail/led_control__functions.h\n'}
[1.459549] (px4_msgs) StdoutLine: {'line': b'-- Up-to-date: /home/mustardking/ws_sensor_combined/install/px4_msgs/include/px4_msgs/px4_msgs/msg/detail/rtl_status__struct.h\n'}
[1.459573] (px4_msgs) StdoutLine: {'line': b'-- Up-to-date: /home/mustardking/ws_sensor_combined/install/px4_msgs/include/px4_msgs/px4_msgs/msg/detail/sensor_preflight_mag__struct.h\n'}
[1.459608] (px4_msgs) StdoutLine: {'line': b'-- Up-to-date: /home/mustardking/ws_sensor_combined/install/px4_msgs/include/px4_msgs/px4_msgs/msg/detail/mode_completed__type_support.h\n'}
[1.459632] (px4_msgs) StdoutLine: {'line': b'-- Up-to-date: /home/mustardking/ws_sensor_combined/install/px4_msgs/include/px4_msgs/px4_msgs/msg/detail/vehicle_thrust_setpoint__struct.h\n'}
[1.459655] (px4_msgs) StdoutLine: {'line': b'-- Up-to-date: /home/mustardking/ws_sensor_combined/install/px4_msgs/include/px4_msgs/px4_msgs/msg/detail/figure_eight_status__struct.h\n'}
[1.459677] (px4_msgs) StdoutLine: {'line': b'-- Up-to-date: /home/mustardking/ws_sensor_combined/install/px4_msgs/include/px4_msgs/px4_msgs/msg/detail/uavcan_parameter_request__type_support.h\n'}
[1.459699] (px4_msgs) StdoutLine: {'line': b'-- Up-to-date: /home/mustardking/ws_sensor_combined/install/px4_msgs/include/px4_msgs/px4_msgs/msg/detail/vehicle_local_position__functions.h\n'}
[1.459722] (px4_msgs) StdoutLine: {'line': b'-- Up-to-date: /home/mustardking/ws_sensor_combined/install/px4_msgs/include/px4_msgs/px4_msgs/msg/detail/rover_rate_setpoint__functions.c\n'}
[1.459744] (px4_msgs) StdoutLine: {'line': b'-- Up-to-date: /home/mustardking/ws_sensor_combined/install/px4_msgs/include/px4_msgs/px4_msgs/msg/detail/gimbal_device_set_attitude__functions.h\n'}
[1.459766] (px4_msgs) StdoutLine: {'line': b'-- Up-to-date: /home/mustardking/ws_sensor_combined/install/px4_msgs/include/px4_msgs/px4_msgs/msg/detail/sensor_gyro__functions.c\n'}
[1.459790] (px4_msgs) StdoutLine: {'line': b'-- Up-to-date: /home/mustardking/ws_sensor_combined/install/px4_msgs/include/px4_msgs/px4_msgs/msg/detail/cpuload__struct.h\n'}
[1.459812] (px4_msgs) StdoutLine: {'line': b'-- Up-to-date: /home/mustardking/ws_sensor_combined/install/px4_msgs/include/px4_msgs/px4_msgs/msg/detail/launch_detection_status__functions.c\n'}
[1.459834] (px4_msgs) StdoutLine: {'line': b'-- Up-to-date: /home/mustardking/ws_sensor_combined/install/px4_msgs/include/px4_msgs/px4_msgs/msg/detail/estimator_bias3d__struct.h\n'}
[1.459875] (px4_msgs) StdoutLine: {'line': b'-- Up-to-date: /home/mustardking/ws_sensor_combined/install/px4_msgs/include/px4_msgs/px4_msgs/msg/detail/actuator_test__struct.h\n'}
[1.459946] (px4_msgs) StdoutLine: {'line': b'-- Up-to-date: /home/mustardking/ws_sensor_combined/install/px4_msgs/include/px4_msgs/px4_msgs/msg/detail/lateral_control_configuration__type_support.h\n'}
[1.460017] (px4_msgs) StdoutLine: {'line': b'-- Up-to-date: /home/mustardking/ws_sensor_combined/install/px4_msgs/include/px4_msgs/px4_msgs/msg/detail/power_monitor__struct.h\n'}
[1.460094] (px4_msgs) StdoutLine: {'line': b'-- Up-to-date: /home/mustardking/ws_sensor_combined/install/px4_msgs/include/px4_msgs/px4_msgs/msg/detail/tecs_status__struct.h\n'}
[1.460164] (px4_msgs) StdoutLine: {'line': b'-- Up-to-date: /home/mustardking/ws_sensor_combined/install/px4_msgs/include/px4_msgs/px4_msgs/msg/detail/estimator_states__functions.h\n'}
[1.460228] (px4_msgs) StdoutLine: {'line': b'-- Up-to-date: /home/mustardking/ws_sensor_combined/install/px4_msgs/include/px4_msgs/px4_msgs/msg/detail/log_message__functions.c\n'}
[1.460290] (px4_msgs) StdoutLine: {'line': b'-- Up-to-date: /home/mustardking/ws_sensor_combined/install/px4_msgs/include/px4_msgs/px4_msgs/msg/detail/sensor_optical_flow__functions.c\n'}
[1.460362] (px4_msgs) StdoutLine: {'line': b'-- Up-to-date: /home/mustardking/ws_sensor_combined/install/px4_msgs/include/px4_msgs/px4_msgs/msg/detail/estimator_sensor_bias__functions.c\n'}
[1.460434] (px4_msgs) StdoutLine: {'line': b'-- Up-to-date: /home/mustardking/ws_sensor_combined/install/px4_msgs/include/px4_msgs/px4_msgs/msg/detail/message_format_request__functions.h\n'}
[1.460491] (px4_msgs) StdoutLine: {'line': b'-- Up-to-date: /home/mustardking/ws_sensor_combined/install/px4_msgs/include/px4_msgs/px4_msgs/msg/detail/ulog_stream_ack__functions.c\n'}
[1.460575] (px4_msgs) StdoutLine: {'line': b'-- Up-to-date: /home/mustardking/ws_sensor_combined/install/px4_msgs/include/px4_msgs/px4_msgs/msg/detail/camera_capture__functions.h\n'}
[1.460648] (px4_msgs) StdoutLine: {'line': b'-- Up-to-date: /home/mustardking/ws_sensor_combined/install/px4_msgs/include/px4_msgs/px4_msgs/msg/detail/input_rc__functions.h\n'}
[1.460747] (px4_msgs) StdoutLine: {'line': b'-- Up-to-date: /home/mustardking/ws_sensor_combined/install/px4_msgs/include/px4_msgs/px4_msgs/msg/detail/landing_gear_wheel__functions.h\n'}
[1.460815] (px4_msgs) StdoutLine: {'line': b'-- Up-to-date: /home/mustardking/ws_sensor_combined/install/px4_msgs/include/px4_msgs/px4_msgs/msg/detail/estimator_status_flags__struct.h\n'}
[1.460889] (px4_msgs) StdoutLine: {'line': b'-- Up-to-date: /home/mustardking/ws_sensor_combined/install/px4_msgs/include/px4_msgs/px4_msgs/msg/detail/open_drone_id_system__functions.h\n'}
[1.460965] (px4_msgs) StdoutLine: {'line': b'-- Up-to-date: /home/mustardking/ws_sensor_combined/install/px4_msgs/include/px4_msgs/px4_msgs/msg/detail/fixed_wing_lateral_setpoint__struct.h\n'}
[1.461039] (px4_msgs) StdoutLine: {'line': b'-- Up-to-date: /home/mustardking/ws_sensor_combined/install/px4_msgs/include/px4_msgs/px4_msgs/msg/detail/estimator_event_flags__type_support.h\n'}
[1.461112] (px4_msgs) StdoutLine: {'line': b'-- Up-to-date: /home/mustardking/ws_sensor_combined/install/px4_msgs/include/px4_msgs/px4_msgs/msg/detail/sensor_gyro_fft__type_support.h\n'}
[1.461181] (px4_msgs) StdoutLine: {'line': b'-- Up-to-date: /home/mustardking/ws_sensor_combined/install/px4_msgs/include/px4_msgs/px4_msgs/msg/detail/actuator_controls_status__functions.c\n'}
[1.461212] (px4_msgs) StdoutLine: {'line': b'-- Up-to-date: /home/mustardking/ws_sensor_combined/install/px4_msgs/include/px4_msgs/px4_msgs/msg/detail/input_rc__functions.c\n'}
[1.461235] (px4_msgs) StdoutLine: {'line': b'-- Up-to-date: /home/mustardking/ws_sensor_combined/install/px4_msgs/include/px4_msgs/px4_msgs/msg/detail/rc_channels__type_support.h\n'}
[1.461349] (px4_msgs) StdoutLine: {'line': b'-- Up-to-date: /home/mustardking/ws_sensor_combined/install/px4_msgs/include/px4_msgs/px4_msgs/msg/detail/fuel_tank_status__functions.c\n'}
[1.461417] (px4_msgs) StdoutLine: {'line': b'-- Up-to-date: /home/mustardking/ws_sensor_combined/install/px4_msgs/include/px4_msgs/px4_msgs/msg/detail/pps_capture__functions.h\n'}
[1.461475] (px4_msgs) StdoutLine: {'line': b'-- Up-to-date: /home/mustardking/ws_sensor_combined/install/px4_msgs/include/px4_msgs/px4_msgs/msg/detail/fixed_wing_lateral_guidance_status__functions.c\n'}
[1.461540] (px4_msgs) StdoutLine: {'line': b'-- Up-to-date: /home/mustardking/ws_sensor_combined/install/px4_msgs/include/px4_msgs/px4_msgs/msg/detail/estimator_aid_source3d__struct.h\n'}
[1.461609] (px4_msgs) StdoutLine: {'line': b'-- Up-to-date: /home/mustardking/ws_sensor_combined/install/px4_msgs/include/px4_msgs/px4_msgs/msg/detail/message_format_request__type_support.h\n'}
[1.461678] (px4_msgs) StdoutLine: {'line': b'-- Up-to-date: /home/mustardking/ws_sensor_combined/install/px4_msgs/include/px4_msgs/px4_msgs/msg/detail/internal_combustion_engine_control__type_support.h\n'}
[1.461750] (px4_msgs) StdoutLine: {'line': b'-- Up-to-date: /home/mustardking/ws_sensor_combined/install/px4_msgs/include/px4_msgs/px4_msgs/msg/detail/mavlink_tunnel__functions.h\n'}
[1.461830] (px4_msgs) StdoutLine: {'line': b'-- Up-to-date: /home/mustardking/ws_sensor_combined/install/px4_msgs/include/px4_msgs/px4_msgs/msg/detail/open_drone_id_arm_status__functions.c\n'}
[1.461898] (px4_msgs) StdoutLine: {'line': b'-- Up-to-date: /home/mustardking/ws_sensor_combined/install/px4_msgs/include/px4_msgs/px4_msgs/msg/detail/vehicle_torque_setpoint__type_support.h\n'}
[1.461955] (px4_msgs) StdoutLine: {'line': b'-- Up-to-date: /home/mustardking/ws_sensor_combined/install/px4_msgs/include/px4_msgs/px4_msgs/msg/detail/vehicle_command_ack__functions.h\n'}
[1.462024] (px4_msgs) StdoutLine: {'line': b'-- Up-to-date: /home/mustardking/ws_sensor_combined/install/px4_msgs/include/px4_msgs/px4_msgs/msg/detail/open_drone_id_arm_status__type_support.h\n'}
[1.462089] (px4_msgs) StdoutLine: {'line': b'-- Up-to-date: /home/mustardking/ws_sensor_combined/install/px4_msgs/include/px4_msgs/px4_msgs/msg/detail/offboard_control_mode__functions.h\n'}
[1.462171] (px4_msgs) StdoutLine: {'line': b'-- Up-to-date: /home/mustardking/ws_sensor_combined/install/px4_msgs/include/px4_msgs/px4_msgs/msg/detail/sensor_gnss_status__functions.h\n'}
[1.462254] (px4_msgs) StdoutLine: {'line': b'-- Up-to-date: /home/mustardking/ws_sensor_combined/install/px4_msgs/include/px4_msgs/px4_msgs/msg/detail/gimbal_manager_set_attitude__type_support.h\n'}
[1.462324] (px4_msgs) StdoutLine: {'line': b'-- Up-to-date: /home/mustardking/ws_sensor_combined/install/px4_msgs/include/px4_msgs/px4_msgs/msg/detail/takeoff_status__functions.h\n'}
[1.462397] (px4_msgs) StdoutLine: {'line': b'-- Up-to-date: /home/mustardking/ws_sensor_combined/install/px4_msgs/include/px4_msgs/px4_msgs/msg/detail/vehicle_status__functions.c\n'}
[1.462463] (px4_msgs) StdoutLine: {'line': b'-- Up-to-date: /home/mustardking/ws_sensor_combined/install/px4_msgs/include/px4_msgs/px4_msgs/msg/detail/vehicle_magnetometer__type_support.h\n'}
[1.462545] (px4_msgs) StdoutLine: {'line': b'-- Up-to-date: /home/mustardking/ws_sensor_combined/install/px4_msgs/include/px4_msgs/px4_msgs/msg/detail/rc_channels__functions.h\n'}
[1.462630] (px4_msgs) StdoutLine: {'line': b'-- Up-to-date: /home/mustardking/ws_sensor_combined/install/px4_msgs/include/px4_msgs/px4_msgs/msg/detail/gimbal_controls__type_support.h\n'}
[1.462695] (px4_msgs) StdoutLine: {'line': b'-- Up-to-date: /home/mustardking/ws_sensor_combined/install/px4_msgs/include/px4_msgs/px4_msgs/msg/detail/debug_array__struct.h\n'}
[1.462777] (px4_msgs) StdoutLine: {'line': b'-- Up-to-date: /home/mustardking/ws_sensor_combined/install/px4_msgs/include/px4_msgs/px4_msgs/msg/detail/manual_control_setpoint__functions.h\n'}
[1.462851] (px4_msgs) StdoutLine: {'line': b'-- Up-to-date: /home/mustardking/ws_sensor_combined/install/px4_msgs/include/px4_msgs/px4_msgs/msg/detail/sensor_gnss_status__type_support.h\n'}
[1.462921] (px4_msgs) StdoutLine: {'line': b'-- Up-to-date: /home/mustardking/ws_sensor_combined/install/px4_msgs/include/px4_msgs/px4_msgs/msg/detail/tune_control__type_support.h\n'}
[1.462998] (px4_msgs) StdoutLine: {'line': b'-- Up-to-date: /home/mustardking/ws_sensor_combined/install/px4_msgs/include/px4_msgs/px4_msgs/msg/detail/follow_target__functions.h\n'}
[1.463071] (px4_msgs) StdoutLine: {'line': b'-- Up-to-date: /home/mustardking/ws_sensor_combined/install/px4_msgs/include/px4_msgs/px4_msgs/msg/detail/vehicle_thrust_setpoint__functions.c\n'}
[1.463144] (px4_msgs) StdoutLine: {'line': b'-- Up-to-date: /home/mustardking/ws_sensor_combined/install/px4_msgs/include/px4_msgs/px4_msgs/msg/detail/uavcan_parameter_request__struct.h\n'}
[1.463217] (px4_msgs) StdoutLine: {'line': b'-- Up-to-date: /home/mustardking/ws_sensor_combined/install/px4_msgs/include/px4_msgs/px4_msgs/msg/detail/obstacle_distance__functions.h\n'}
[1.463396] (px4_msgs) StdoutLine: {'line': b'-- Up-to-date: /home/mustardking/ws_sensor_combined/install/px4_msgs/include/px4_msgs/px4_msgs/msg/detail/gimbal_device_set_attitude__type_support.h\n'}
[1.463496] (px4_msgs) StdoutLine: {'line': b'-- Up-to-date: /home/mustardking/ws_sensor_combined/install/px4_msgs/include/px4_msgs/px4_msgs/msg/detail/sensor_optical_flow__type_support.h\n'}
[1.463580] (px4_msgs) StdoutLine: {'line': b'-- Up-to-date: /home/mustardking/ws_sensor_combined/install/px4_msgs/include/px4_msgs/px4_msgs/msg/detail/estimator_states__functions.c\n'}
[1.463638] (px4_msgs) StdoutLine: {'line': b'-- Up-to-date: /home/mustardking/ws_sensor_combined/install/px4_msgs/include/px4_msgs/px4_msgs/msg/detail/navigator_status__type_support.h\n'}
[1.463710] (px4_msgs) StdoutLine: {'line': b'-- Up-to-date: /home/mustardking/ws_sensor_combined/install/px4_msgs/include/px4_msgs/px4_msgs/msg/detail/sensor_hygrometer__type_support.h\n'}
[1.463788] (px4_msgs) StdoutLine: {'line': b'-- Up-to-date: /home/mustardking/ws_sensor_combined/install/px4_msgs/include/px4_msgs/px4_msgs/msg/detail/vehicle_air_data__functions.h\n'}
[1.463858] (px4_msgs) StdoutLine: {'line': b'-- Up-to-date: /home/mustardking/ws_sensor_combined/install/px4_msgs/include/px4_msgs/px4_msgs/msg/detail/gimbal_manager_information__functions.h\n'}
[1.463957] (px4_msgs) StdoutLine: {'line': b'-- Up-to-date: /home/mustardking/ws_sensor_combined/install/px4_msgs/include/px4_msgs/px4_msgs/msg/detail/distance_sensor__struct.h\n'}
[1.464046] (px4_msgs) StdoutLine: {'line': b'-- Up-to-date: /home/mustardking/ws_sensor_combined/install/px4_msgs/include/px4_msgs/px4_msgs/msg/detail/position_controller_status__type_support.h\n'}
[1.464120] (px4_msgs) StdoutLine: {'line': b'-- Up-to-date: /home/mustardking/ws_sensor_combined/install/px4_msgs/include/px4_msgs/px4_msgs/msg/detail/task_stack_info__type_support.h\n'}
[1.464194] (px4_msgs) StdoutLine: {'line': b'-- Up-to-date: /home/mustardking/ws_sensor_combined/install/px4_msgs/include/px4_msgs/px4_msgs/msg/detail/sensor_optical_flow__functions.h\n'}
[1.464265] (px4_msgs) StdoutLine: {'line': b'-- Up-to-date: /home/mustardking/ws_sensor_combined/install/px4_msgs/include/px4_msgs/px4_msgs/msg/detail/launch_detection_status__struct.h\n'}
[1.464339] (px4_msgs) StdoutLine: {'line': b'-- Up-to-date: /home/mustardking/ws_sensor_combined/install/px4_msgs/include/px4_msgs/px4_msgs/msg/detail/sensors_status__functions.h\n'}
[1.464467] (px4_msgs) StdoutLine: {'line': b'-- Up-to-date: /home/mustardking/ws_sensor_combined/install/px4_msgs/include/px4_msgs/px4_msgs/msg/detail/rc_parameter_map__struct.h\n'}
[1.464547] (px4_msgs) StdoutLine: {'line': b'-- Up-to-date: /home/mustardking/ws_sensor_combined/install/px4_msgs/include/px4_msgs/px4_msgs/msg/detail/parameter_set_value_request__functions.c\n'}
[1.464605] (px4_msgs) StdoutLine: {'line': b'-- Up-to-date: /home/mustardking/ws_sensor_combined/install/px4_msgs/include/px4_msgs/px4_msgs/msg/detail/vehicle_attitude__struct.h\n'}
[1.464653] (px4_msgs) StdoutLine: {'line': b'-- Up-to-date: /home/mustardking/ws_sensor_combined/install/px4_msgs/include/px4_msgs/px4_msgs/msg/detail/follow_target_estimator__functions.h\n'}
[1.464720] (px4_msgs) StdoutLine: {'line': b'-- Up-to-date: /home/mustardking/ws_sensor_combined/install/px4_msgs/include/px4_msgs/px4_msgs/msg/detail/pps_capture__type_support.h\n'}
[1.464789] (px4_msgs) StdoutLine: {'line': b'-- Up-to-date: /home/mustardking/ws_sensor_combined/install/px4_msgs/include/px4_msgs/px4_msgs/msg/detail/orbit_status__functions.h\n'}
[1.464860] (px4_msgs) StdoutLine: {'line': b'-- Up-to-date: /home/mustardking/ws_sensor_combined/install/px4_msgs/include/px4_msgs/px4_msgs/msg/detail/esc_status__type_support.h\n'}
[1.464928] (px4_msgs) StdoutLine: {'line': b'-- Up-to-date: /home/mustardking/ws_sensor_combined/install/px4_msgs/include/px4_msgs/px4_msgs/msg/detail/logger_status__struct.h\n'}
[1.464998] (px4_msgs) StdoutLine: {'line': b'-- Up-to-date: /home/mustardking/ws_sensor_combined/install/px4_msgs/include/px4_msgs/px4_msgs/msg/detail/gps_inject_data__type_support.h\n'}
[1.465066] (px4_msgs) StdoutLine: {'line': b'-- Up-to-date: /home/mustardking/ws_sensor_combined/install/px4_msgs/include/px4_msgs/px4_msgs/msg/detail/timesync_status__functions.c\n'}
[1.465135] (px4_msgs) StdoutLine: {'line': b'-- Up-to-date: /home/mustardking/ws_sensor_combined/install/px4_msgs/include/px4_msgs/px4_msgs/msg/detail/hover_thrust_estimate__struct.h\n'}
[1.465209] (px4_msgs) StdoutLine: {'line': b'-- Up-to-date: /home/mustardking/ws_sensor_combined/install/px4_msgs/include/px4_msgs/px4_msgs/msg/detail/follow_target_estimator__struct.h\n'}
[1.465277] (px4_msgs) StdoutLine: {'line': b'-- Up-to-date: /home/mustardking/ws_sensor_combined/install/px4_msgs/include/px4_msgs/px4_msgs/msg/detail/arming_check_reply__type_support.h\n'}
[1.465341] (px4_msgs) StdoutLine: {'line': b'-- Up-to-date: /home/mustardking/ws_sensor_combined/install/px4_msgs/include/px4_msgs/px4_msgs/msg/detail/position_controller_landing_status__functions.c\n'}
[1.465424] (px4_msgs) StdoutLine: {'line': b'-- Up-to-date: /home/mustardking/ws_sensor_combined/install/px4_msgs/include/px4_msgs/px4_msgs/msg/detail/sensors_status_imu__functions.h\n'}
[1.465497] (px4_msgs) StdoutLine: {'line': b'-- Up-to-date: /home/mustardking/ws_sensor_combined/install/px4_msgs/include/px4_msgs/px4_msgs/msg/detail/sensor_gyro_fifo__functions.c\n'}
[1.465566] (px4_msgs) StdoutLine: {'line': b'-- Up-to-date: /home/mustardking/ws_sensor_combined/install/px4_msgs/include/px4_msgs/px4_msgs/msg/detail/obstacle_distance__functions.c\n'}
[1.465631] (px4_msgs) StdoutLine: {'line': b'-- Up-to-date: /home/mustardking/ws_sensor_combined/install/px4_msgs/include/px4_msgs/px4_msgs/msg/detail/rover_attitude_status__struct.h\n'}
[1.465704] (px4_msgs) StdoutLine: {'line': b'-- Up-to-date: /home/mustardking/ws_sensor_combined/install/px4_msgs/include/px4_msgs/px4_msgs/msg/detail/sensor_gnss_relative__struct.h\n'}
[1.465780] (px4_msgs) StdoutLine: {'line': b'-- Up-to-date: /home/mustardking/ws_sensor_combined/install/px4_msgs/include/px4_msgs/px4_msgs/msg/detail/actuator_armed__functions.c\n'}
[1.465847] (px4_msgs) StdoutLine: {'line': b'-- Up-to-date: /home/mustardking/ws_sensor_combined/install/px4_msgs/include/px4_msgs/px4_msgs/msg/detail/health_report__struct.h\n'}
[1.465912] (px4_msgs) StdoutLine: {'line': b'-- Up-to-date: /home/mustardking/ws_sensor_combined/install/px4_msgs/include/px4_msgs/px4_msgs/msg/detail/open_drone_id_operator_id__functions.c\n'}
[1.465994] (px4_msgs) StdoutLine: {'line': b'-- Up-to-date: /home/mustardking/ws_sensor_combined/install/px4_msgs/include/px4_msgs/px4_msgs/msg/detail/register_ext_component_request__functions.h\n'}
[1.466063] (px4_msgs) StdoutLine: {'line': b'-- Up-to-date: /home/mustardking/ws_sensor_combined/install/px4_msgs/include/px4_msgs/px4_msgs/msg/detail/open_drone_id_self_id__functions.c\n'}
[1.466128] (px4_msgs) StdoutLine: {'line': b'-- Up-to-date: /home/mustardking/ws_sensor_combined/install/px4_msgs/include/px4_msgs/px4_msgs/msg/detail/orb_test_medium__struct.h\n'}
[1.466198] (px4_msgs) StdoutLine: {'line': b'-- Up-to-date: /home/mustardking/ws_sensor_combined/install/px4_msgs/include/px4_msgs/px4_msgs/msg/detail/estimator_states__struct.h\n'}
[1.466266] (px4_msgs) StdoutLine: {'line': b'-- Up-to-date: /home/mustardking/ws_sensor_combined/install/px4_msgs/include/px4_msgs/px4_msgs/msg/detail/rtl_status__functions.c\n'}
[1.466336] (px4_msgs) StdoutLine: {'line': b'-- Up-to-date: /home/mustardking/ws_sensor_combined/install/px4_msgs/include/px4_msgs/px4_msgs/msg/detail/sensor_accel__type_support.h\n'}
[1.466410] (px4_msgs) StdoutLine: {'line': b'-- Up-to-date: /home/mustardking/ws_sensor_combined/install/px4_msgs/include/px4_msgs/px4_msgs/msg/detail/pps_capture__functions.c\n'}
[1.466474] (px4_msgs) StdoutLine: {'line': b'-- Up-to-date: /home/mustardking/ws_sensor_combined/install/px4_msgs/include/px4_msgs/px4_msgs/msg/detail/actuator_servos__struct.h\n'}
[1.466550] (px4_msgs) StdoutLine: {'line': b'-- Up-to-date: /home/mustardking/ws_sensor_combined/install/px4_msgs/include/px4_msgs/px4_msgs/msg/detail/vehicle_roi__functions.c\n'}
[1.466630] (px4_msgs) StdoutLine: {'line': b'-- Up-to-date: /home/mustardking/ws_sensor_combined/install/px4_msgs/include/px4_msgs/px4_msgs/msg/detail/home_position__functions.h\n'}
[1.466721] (px4_msgs) StdoutLine: {'line': b'-- Up-to-date: /home/mustardking/ws_sensor_combined/install/px4_msgs/include/px4_msgs/px4_msgs/msg/detail/vehicle_attitude_setpoint__functions.h\n'}
[1.466795] (px4_msgs) StdoutLine: {'line': b'-- Up-to-date: /home/mustardking/ws_sensor_combined/install/px4_msgs/include/px4_msgs/px4_msgs/msg/detail/transponder_report__functions.c\n'}
[1.466885] (px4_msgs) StdoutLine: {'line': b'-- Up-to-date: /home/mustardking/ws_sensor_combined/install/px4_msgs/include/px4_msgs/px4_msgs/msg/detail/rtl_time_estimate__struct.h\n'}
[1.466956] (px4_msgs) StdoutLine: {'line': b'-- Up-to-date: /home/mustardking/ws_sensor_combined/install/px4_msgs/include/px4_msgs/px4_msgs/msg/detail/manual_control_setpoint__type_support.h\n'}
[1.467027] (px4_msgs) StdoutLine: {'line': b'-- Up-to-date: /home/mustardking/ws_sensor_combined/install/px4_msgs/include/px4_msgs/px4_msgs/msg/detail/rover_speed_setpoint__functions.h\n'}
[1.467092] (px4_msgs) StdoutLine: {'line': b'-- Up-to-date: /home/mustardking/ws_sensor_combined/install/px4_msgs/include/px4_msgs/px4_msgs/msg/detail/estimator_bias__struct.h\n'}
[1.467175] (px4_msgs) StdoutLine: {'line': b'-- Up-to-date: /home/mustardking/ws_sensor_combined/install/px4_msgs/include/px4_msgs/px4_msgs/msg/detail/follow_target_estimator__functions.c\n'}
[1.467220] (px4_msgs) StdoutLine: {'line': b'-- Up-to-date: /home/mustardking/ws_sensor_combined/install/px4_msgs/include/px4_msgs/px4_msgs/msg/detail/distance_sensor_mode_change_request__functions.c\n'}
[1.467242] (px4_msgs) StdoutLine: {'line': b'-- Up-to-date: /home/mustardking/ws_sensor_combined/install/px4_msgs/include/px4_msgs/px4_msgs/msg/detail/velocity_limits__struct.h\n'}
[1.467265] (px4_msgs) StdoutLine: {'line': b'-- Up-to-date: /home/mustardking/ws_sensor_combined/install/px4_msgs/include/px4_msgs/px4_msgs/msg/detail/sensor_selection__type_support.h\n'}
[1.467353] (px4_msgs) StdoutLine: {'line': b'-- Up-to-date: /home/mustardking/ws_sensor_combined/install/px4_msgs/include/px4_msgs/px4_msgs/msg/detail/launch_detection_status__functions.h\n'}
[1.467378] (px4_msgs) StdoutLine: {'line': b'-- Up-to-date: /home/mustardking/ws_sensor_combined/install/px4_msgs/include/px4_msgs/px4_msgs/msg/detail/landing_target_innovations__type_support.h\n'}
[1.467400] (px4_msgs) StdoutLine: {'line': b'-- Up-to-date: /home/mustardking/ws_sensor_combined/install/px4_msgs/include/px4_msgs/px4_msgs/msg/detail/vehicle_optical_flow__functions.c\n'}
[1.467422] (px4_msgs) StdoutLine: {'line': b'-- Up-to-date: /home/mustardking/ws_sensor_combined/install/px4_msgs/include/px4_msgs/px4_msgs/msg/detail/can_interface_status__functions.c\n'}
[1.467444] (px4_msgs) StdoutLine: {'line': b'-- Up-to-date: /home/mustardking/ws_sensor_combined/install/px4_msgs/include/px4_msgs/px4_msgs/msg/detail/battery_status__type_support.h\n'}
[1.467467] (px4_msgs) StdoutLine: {'line': b'-- Up-to-date: /home/mustardking/ws_sensor_combined/install/px4_msgs/include/px4_msgs/px4_msgs/msg/detail/gimbal_manager_set_attitude__struct.h\n'}
[1.467489] (px4_msgs) StdoutLine: {'line': b'-- Up-to-date: /home/mustardking/ws_sensor_combined/install/px4_msgs/include/px4_msgs/px4_msgs/msg/detail/home_position__type_support.h\n'}
[1.467511] (px4_msgs) StdoutLine: {'line': b'-- Up-to-date: /home/mustardking/ws_sensor_combined/install/px4_msgs/include/px4_msgs/px4_msgs/msg/detail/sensor_accel_fifo__struct.h\n'}
[1.467534] (px4_msgs) StdoutLine: {'line': b'-- Up-to-date: /home/mustardking/ws_sensor_combined/install/px4_msgs/include/px4_msgs/px4_msgs/msg/detail/estimator_sensor_bias__functions.h\n'}
[1.467555] (px4_msgs) StdoutLine: {'line': b'-- Up-to-date: /home/mustardking/ws_sensor_combined/install/px4_msgs/include/px4_msgs/px4_msgs/msg/detail/iridiumsbd_status__functions.h\n'}
[1.467577] (px4_msgs) StdoutLine: {'line': b'-- Up-to-date: /home/mustardking/ws_sensor_combined/install/px4_msgs/include/px4_msgs/px4_msgs/msg/detail/dronecan_node_status__functions.c\n'}
[1.467599] (px4_msgs) StdoutLine: {'line': b'-- Up-to-date: /home/mustardking/ws_sensor_combined/install/px4_msgs/include/px4_msgs/px4_msgs/msg/detail/wheel_encoders__functions.c\n'}
[1.467622] (px4_msgs) StdoutLine: {'line': b'-- Up-to-date: /home/mustardking/ws_sensor_combined/install/px4_msgs/include/px4_msgs/px4_msgs/msg/detail/sensor_accel__functions.h\n'}
[1.467643] (px4_msgs) StdoutLine: {'line': b'-- Up-to-date: /home/mustardking/ws_sensor_combined/install/px4_msgs/include/px4_msgs/px4_msgs/msg/detail/distance_sensor_mode_change_request__type_support.h\n'}
[1.467665] (px4_msgs) StdoutLine: {'line': b'-- Up-to-date: /home/mustardking/ws_sensor_combined/install/px4_msgs/include/px4_msgs/px4_msgs/msg/detail/vehicle_rates_setpoint__functions.c\n'}
[1.467687] (px4_msgs) StdoutLine: {'line': b'-- Up-to-date: /home/mustardking/ws_sensor_combined/install/px4_msgs/include/px4_msgs/px4_msgs/msg/detail/esc_report__functions.h\n'}
[1.467709] (px4_msgs) StdoutLine: {'line': b'-- Up-to-date: /home/mustardking/ws_sensor_combined/install/px4_msgs/include/px4_msgs/px4_msgs/msg/detail/message_format_response__functions.c\n'}
[1.467730] (px4_msgs) StdoutLine: {'line': b'-- Up-to-date: /home/mustardking/ws_sensor_combined/install/px4_msgs/include/px4_msgs/px4_msgs/msg/detail/can_interface_status__struct.h\n'}
[1.467752] (px4_msgs) StdoutLine: {'line': b'-- Up-to-date: /home/mustardking/ws_sensor_combined/install/px4_msgs/include/px4_msgs/px4_msgs/msg/detail/fixed_wing_runway_control__functions.h\n'}
[1.467773] (px4_msgs) StdoutLine: {'line': b'-- Up-to-date: /home/mustardking/ws_sensor_combined/install/px4_msgs/include/px4_msgs/px4_msgs/msg/detail/sensor_correction__functions.c\n'}
[1.467795] (px4_msgs) StdoutLine: {'line': b'-- Up-to-date: /home/mustardking/ws_sensor_combined/install/px4_msgs/include/px4_msgs/px4_msgs/msg/detail/trajectory_setpoint6dof__struct.h\n'}
[1.467817] (px4_msgs) StdoutLine: {'line': b'-- Up-to-date: /home/mustardking/ws_sensor_combined/install/px4_msgs/include/px4_msgs/px4_msgs/msg/detail/sensor_baro__struct.h\n'}
[1.467838] (px4_msgs) StdoutLine: {'line': b'-- Up-to-date: /home/mustardking/ws_sensor_combined/install/px4_msgs/include/px4_msgs/px4_msgs/msg/detail/px4io_status__functions.h\n'}
[1.467859] (px4_msgs) StdoutLine: {'line': b'-- Up-to-date: /home/mustardking/ws_sensor_combined/install/px4_msgs/include/px4_msgs/px4_msgs/msg/detail/actuator_outputs__struct.h\n'}
[1.467882] (px4_msgs) StdoutLine: {'line': b'-- Up-to-date: /home/mustardking/ws_sensor_combined/install/px4_msgs/include/px4_msgs/px4_msgs/msg/detail/rpm__type_support.h\n'}
[1.467905] (px4_msgs) StdoutLine: {'line': b'-- Up-to-date: /home/mustardking/ws_sensor_combined/install/px4_msgs/include/px4_msgs/px4_msgs/msg/detail/pwm_input__type_support.h\n'}
[1.467927] (px4_msgs) StdoutLine: {'line': b'-- Up-to-date: /home/mustardking/ws_sensor_combined/install/px4_msgs/include/px4_msgs/px4_msgs/msg/detail/rtl_status__type_support.h\n'}
[1.467949] (px4_msgs) StdoutLine: {'line': b'-- Up-to-date: /home/mustardking/ws_sensor_combined/install/px4_msgs/include/px4_msgs/px4_msgs/msg/detail/pure_pursuit_status__functions.c\n'}
[1.467970] (px4_msgs) StdoutLine: {'line': b'-- Up-to-date: /home/mustardking/ws_sensor_combined/install/px4_msgs/include/px4_msgs/px4_msgs/msg/detail/actuator_armed__type_support.h\n'}
[1.467992] (px4_msgs) StdoutLine: {'line': b'-- Up-to-date: /home/mustardking/ws_sensor_combined/install/px4_msgs/include/px4_msgs/px4_msgs/msg/detail/parameter_update__struct.h\n'}
[1.468013] (px4_msgs) StdoutLine: {'line': b'-- Up-to-date: /home/mustardking/ws_sensor_combined/install/px4_msgs/include/px4_msgs/px4_msgs/msg/detail/geofence_status__struct.h\n'}
[1.468034] (px4_msgs) StdoutLine: {'line': b'-- Up-to-date: /home/mustardking/ws_sensor_combined/install/px4_msgs/include/px4_msgs/px4_msgs/msg/detail/vehicle_command_ack__functions.c\n'}
[1.468057] (px4_msgs) StdoutLine: {'line': b'-- Up-to-date: /home/mustardking/ws_sensor_combined/install/px4_msgs/include/px4_msgs/px4_msgs/msg/detail/sensor_baro__functions.c\n'}
[1.468080] (px4_msgs) StdoutLine: {'line': b'-- Up-to-date: /home/mustardking/ws_sensor_combined/install/px4_msgs/include/px4_msgs/px4_msgs/msg/detail/rc_channels__struct.h\n'}
[1.468103] (px4_msgs) StdoutLine: {'line': b'-- Up-to-date: /home/mustardking/ws_sensor_combined/install/px4_msgs/include/px4_msgs/px4_msgs/msg/detail/gps_inject_data__functions.h\n'}
[1.468124] (px4_msgs) StdoutLine: {'line': b'-- Up-to-date: /home/mustardking/ws_sensor_combined/install/px4_msgs/include/px4_msgs/px4_msgs/msg/detail/trajectory_setpoint__functions.h\n'}
[1.468146] (px4_msgs) StdoutLine: {'line': b'-- Up-to-date: /home/mustardking/ws_sensor_combined/install/px4_msgs/include/px4_msgs/px4_msgs/msg/detail/camera_capture__struct.h\n'}
[1.468167] (px4_msgs) StdoutLine: {'line': b'-- Up-to-date: /home/mustardking/ws_sensor_combined/install/px4_msgs/include/px4_msgs/px4_msgs/msg/detail/vehicle_status__type_support.h\n'}
[1.468194] (px4_msgs) StdoutLine: {'line': b'-- Up-to-date: /home/mustardking/ws_sensor_combined/install/px4_msgs/include/px4_msgs/px4_msgs/msg/detail/sensor_gyro__type_support.h\n'}
[1.468219] (px4_msgs) StdoutLine: {'line': b'-- Up-to-date: /home/mustardking/ws_sensor_combined/install/px4_msgs/include/px4_msgs/px4_msgs/msg/detail/cellular_status__functions.h\n'}
[1.468241] (px4_msgs) StdoutLine: {'line': b'-- Up-to-date: /home/mustardking/ws_sensor_combined/install/px4_msgs/include/px4_msgs/px4_msgs/msg/detail/rpm__functions.h\n'}
[1.468263] (px4_msgs) StdoutLine: {'line': b'-- Up-to-date: /home/mustardking/ws_sensor_combined/install/px4_msgs/include/px4_msgs/px4_msgs/msg/detail/actuator_armed__struct.h\n'}
[1.468284] (px4_msgs) StdoutLine: {'line': b'-- Up-to-date: /home/mustardking/ws_sensor_combined/install/px4_msgs/include/px4_msgs/px4_msgs/msg/detail/fixed_wing_lateral_guidance_status__struct.h\n'}
[1.468306] (px4_msgs) StdoutLine: {'line': b'-- Up-to-date: /home/mustardking/ws_sensor_combined/install/px4_msgs/include/px4_msgs/px4_msgs/msg/detail/actuator_armed__functions.h\n'}
[1.468328] (px4_msgs) StdoutLine: {'line': b'-- Up-to-date: /home/mustardking/ws_sensor_combined/install/px4_msgs/include/px4_msgs/px4_msgs/msg/detail/ulog_stream__functions.h\n'}
[1.468349] (px4_msgs) StdoutLine: {'line': b'-- Up-to-date: /home/mustardking/ws_sensor_combined/install/px4_msgs/include/px4_msgs/px4_msgs/msg/detail/rover_speed_setpoint__functions.c\n'}
[1.468371] (px4_msgs) StdoutLine: {'line': b'-- Up-to-date: /home/mustardking/ws_sensor_combined/install/px4_msgs/include/px4_msgs/px4_msgs/msg/detail/actuator_controls_status__type_support.h\n'}
[1.468392] (px4_msgs) StdoutLine: {'line': b'-- Up-to-date: /home/mustardking/ws_sensor_combined/install/px4_msgs/include/px4_msgs/px4_msgs/msg/detail/actuator_outputs__functions.c\n'}
[1.468414] (px4_msgs) StdoutLine: {'line': b'-- Up-to-date: /home/mustardking/ws_sensor_combined/install/px4_msgs/include/px4_msgs/px4_msgs/msg/detail/message_format_response__functions.h\n'}
[1.468436] (px4_msgs) StdoutLine: {'line': b'-- Up-to-date: /home/mustardking/ws_sensor_combined/install/px4_msgs/include/px4_msgs/px4_msgs/msg/detail/power_button_state__functions.h\n'}
[1.468458] (px4_msgs) StdoutLine: {'line': b'-- Up-to-date: /home/mustardking/ws_sensor_combined/install/px4_msgs/include/px4_msgs/px4_msgs/msg/detail/airspeed_validated__struct.h\n'}
[1.468479] (px4_msgs) StdoutLine: {'line': b'-- Up-to-date: /home/mustardking/ws_sensor_combined/install/px4_msgs/include/px4_msgs/px4_msgs/msg/detail/sensor_combined__struct.h\n'}
[1.468501] (px4_msgs) StdoutLine: {'line': b'-- Up-to-date: /home/mustardking/ws_sensor_combined/install/px4_msgs/include/px4_msgs/px4_msgs/msg/detail/sensor_gnss_relative__functions.c\n'}
[1.468522] (px4_msgs) StdoutLine: {'line': b'-- Up-to-date: /home/mustardking/ws_sensor_combined/install/px4_msgs/include/px4_msgs/px4_msgs/msg/detail/sensor_combined__type_support.h\n'}
[1.468544] (px4_msgs) StdoutLine: {'line': b'-- Up-to-date: /home/mustardking/ws_sensor_combined/install/px4_msgs/include/px4_msgs/px4_msgs/msg/detail/onboard_computer_status__functions.h\n'}
[1.468568] (px4_msgs) StdoutLine: {'line': b'-- Up-to-date: /home/mustardking/ws_sensor_combined/install/px4_msgs/include/px4_msgs/px4_msgs/msg/detail/neural_control__type_support.h\n'}
[1.468591] (px4_msgs) StdoutLine: {'line': b'-- Up-to-date: /home/mustardking/ws_sensor_combined/install/px4_msgs/include/px4_msgs/px4_msgs/msg/detail/qshell_req__functions.h\n'}
[1.468613] (px4_msgs) StdoutLine: {'line': b'-- Up-to-date: /home/mustardking/ws_sensor_combined/install/px4_msgs/include/px4_msgs/px4_msgs/msg/detail/qshell_retval__functions.c\n'}
[1.468634] (px4_msgs) StdoutLine: {'line': b'-- Up-to-date: /home/mustardking/ws_sensor_combined/install/px4_msgs/include/px4_msgs/px4_msgs/msg/detail/magnetometer_bias_estimate__functions.c\n'}
[1.468656] (px4_msgs) StdoutLine: {'line': b'-- Up-to-date: /home/mustardking/ws_sensor_combined/install/px4_msgs/include/px4_msgs/px4_msgs/msg/detail/actuator_motors__struct.h\n'}
[1.468678] (px4_msgs) StdoutLine: {'line': b'-- Up-to-date: /home/mustardking/ws_sensor_combined/install/px4_msgs/include/px4_msgs/px4_msgs/msg/detail/figure_eight_status__type_support.h\n'}
[1.468700] (px4_msgs) StdoutLine: {'line': b'-- Up-to-date: /home/mustardking/ws_sensor_combined/install/px4_msgs/include/px4_msgs/px4_msgs/msg/detail/register_ext_component_request__type_support.h\n'}
[1.468722] (px4_msgs) StdoutLine: {'line': b'-- Up-to-date: /home/mustardking/ws_sensor_combined/install/px4_msgs/include/px4_msgs/px4_msgs/msg/detail/gimbal_device_information__functions.h\n'}
[1.468743] (px4_msgs) StdoutLine: {'line': b'-- Up-to-date: /home/mustardking/ws_sensor_combined/install/px4_msgs/include/px4_msgs/px4_msgs/msg/detail/internal_combustion_engine_status__struct.h\n'}
[1.468771] (px4_msgs) StdoutLine: {'line': b'-- Up-to-date: /home/mustardking/ws_sensor_combined/install/px4_msgs/include/px4_msgs/px4_msgs/msg/detail/transponder_report__type_support.h\n'}
[1.468792] (px4_msgs) StdoutLine: {'line': b'-- Up-to-date: /home/mustardking/ws_sensor_combined/install/px4_msgs/include/px4_msgs/px4_msgs/msg/detail/vehicle_constraints__struct.h\n'}
[1.468814] (px4_msgs) StdoutLine: {'line': b'-- Up-to-date: /home/mustardking/ws_sensor_combined/install/px4_msgs/include/px4_msgs/px4_msgs/msg/detail/event__functions.h\n'}
[1.468835] (px4_msgs) StdoutLine: {'line': b'-- Up-to-date: /home/mustardking/ws_sensor_combined/install/px4_msgs/include/px4_msgs/px4_msgs/msg/vehicle_roi.h\n'}
[1.468857] (px4_msgs) StdoutLine: {'line': b'-- Up-to-date: /home/mustardking/ws_sensor_combined/install/px4_msgs/share/px4_msgs/environment/library_path.sh\n'}
[1.468878] (px4_msgs) StdoutLine: {'line': b'-- Up-to-date: /home/mustardking/ws_sensor_combined/install/px4_msgs/share/px4_msgs/environment/library_path.dsv\n'}
[1.468900] (px4_msgs) StdoutLine: {'line': b'-- Up-to-date: /home/mustardking/ws_sensor_combined/install/px4_msgs/lib/libpx4_msgs__rosidl_generator_c.so\n'}
[1.468922] (px4_msgs) StdoutLine: {'line': b'-- Up-to-date: /home/mustardking/ws_sensor_combined/install/px4_msgs/include/px4_msgs/px4_msgs\n'}
[1.468963] (px4_msgs) StdoutLine: {'line': b'-- Up-to-date: /home/mustardking/ws_sensor_combined/install/px4_msgs/include/px4_msgs/px4_msgs/srv\n'}
[1.468987] (px4_msgs) StdoutLine: {'line': b'-- Up-to-date: /home/mustardking/ws_sensor_combined/install/px4_msgs/include/px4_msgs/px4_msgs/srv/detail\n'}
[1.469008] (px4_msgs) StdoutLine: {'line': b'-- Up-to-date: /home/mustardking/ws_sensor_combined/install/px4_msgs/include/px4_msgs/px4_msgs/srv/detail/vehicle_command__rosidl_typesupport_fastrtps_c.h\n'}
[1.469031] (px4_msgs) StdoutLine: {'line': b'-- Up-to-date: /home/mustardking/ws_sensor_combined/install/px4_msgs/include/px4_msgs/px4_msgs/msg\n'}
[1.469052] (px4_msgs) StdoutLine: {'line': b'-- Up-to-date: /home/mustardking/ws_sensor_combined/install/px4_msgs/include/px4_msgs/px4_msgs/msg/rosidl_typesupport_fastrtps_c__visibility_control.h\n'}
[1.469074] (px4_msgs) StdoutLine: {'line': b'-- Up-to-date: /home/mustardking/ws_sensor_combined/install/px4_msgs/include/px4_msgs/px4_msgs/msg/detail\n'}
[1.469095] (px4_msgs) StdoutLine: {'line': b'-- Up-to-date: /home/mustardking/ws_sensor_combined/install/px4_msgs/include/px4_msgs/px4_msgs/msg/detail/heater_status__rosidl_typesupport_fastrtps_c.h\n'}
[1.469118] (px4_msgs) StdoutLine: {'line': b'-- Up-to-date: /home/mustardking/ws_sensor_combined/install/px4_msgs/include/px4_msgs/px4_msgs/msg/detail/vehicle_optical_flow_vel__rosidl_typesupport_fastrtps_c.h\n'}
[1.469149] (px4_msgs) StdoutLine: {'line': b'-- Up-to-date: /home/mustardking/ws_sensor_combined/install/px4_msgs/include/px4_msgs/px4_msgs/msg/detail/actuator_servos__rosidl_typesupport_fastrtps_c.h\n'}
[1.469171] (px4_msgs) StdoutLine: {'line': b'-- Up-to-date: /home/mustardking/ws_sensor_combined/install/px4_msgs/include/px4_msgs/px4_msgs/msg/detail/sensor_uwb__rosidl_typesupport_fastrtps_c.h\n'}
[1.469192] (px4_msgs) StdoutLine: {'line': b'-- Up-to-date: /home/mustardking/ws_sensor_combined/install/px4_msgs/include/px4_msgs/px4_msgs/msg/detail/camera_capture__rosidl_typesupport_fastrtps_c.h\n'}
[1.469213] (px4_msgs) StdoutLine: {'line': b'-- Up-to-date: /home/mustardking/ws_sensor_combined/install/px4_msgs/include/px4_msgs/px4_msgs/msg/detail/gimbal_controls__rosidl_typesupport_fastrtps_c.h\n'}
[1.469235] (px4_msgs) StdoutLine: {'line': b'-- Up-to-date: /home/mustardking/ws_sensor_combined/install/px4_msgs/include/px4_msgs/px4_msgs/msg/detail/can_interface_status__rosidl_typesupport_fastrtps_c.h\n'}
[1.469256] (px4_msgs) StdoutLine: {'line': b'-- Up-to-date: /home/mustardking/ws_sensor_combined/install/px4_msgs/include/px4_msgs/px4_msgs/msg/detail/distance_sensor__rosidl_typesupport_fastrtps_c.h\n'}
[1.469280] (px4_msgs) StdoutLine: {'line': b'-- Up-to-date: /home/mustardking/ws_sensor_combined/install/px4_msgs/include/px4_msgs/px4_msgs/msg/detail/open_drone_id_self_id__rosidl_typesupport_fastrtps_c.h\n'}
[1.469301] (px4_msgs) StdoutLine: {'line': b'-- Up-to-date: /home/mustardking/ws_sensor_combined/install/px4_msgs/include/px4_msgs/px4_msgs/msg/detail/actuator_outputs__rosidl_typesupport_fastrtps_c.h\n'}
[1.469323] (px4_msgs) StdoutLine: {'line': b'-- Up-to-date: /home/mustardking/ws_sensor_combined/install/px4_msgs/include/px4_msgs/px4_msgs/msg/detail/gimbal_manager_information__rosidl_typesupport_fastrtps_c.h\n'}
[1.469346] (px4_msgs) StdoutLine: {'line': b'-- Up-to-date: /home/mustardking/ws_sensor_combined/install/px4_msgs/include/px4_msgs/px4_msgs/msg/detail/camera_trigger__rosidl_typesupport_fastrtps_c.h\n'}
[1.469375] (px4_msgs) StdoutLine: {'line': b'-- Up-to-date: /home/mustardking/ws_sensor_combined/install/px4_msgs/include/px4_msgs/px4_msgs/msg/detail/gpio_in__rosidl_typesupport_fastrtps_c.h\n'}
[1.469398] (px4_msgs) StdoutLine: {'line': b'-- Up-to-date: /home/mustardking/ws_sensor_combined/install/px4_msgs/include/px4_msgs/px4_msgs/msg/detail/rtl_time_estimate__rosidl_typesupport_fastrtps_c.h\n'}
[1.469419] (px4_msgs) StdoutLine: {'line': b'-- Up-to-date: /home/mustardking/ws_sensor_combined/install/px4_msgs/include/px4_msgs/px4_msgs/msg/detail/yaw_estimator_status__rosidl_typesupport_fastrtps_c.h\n'}
[1.469441] (px4_msgs) StdoutLine: {'line': b'-- Up-to-date: /home/mustardking/ws_sensor_combined/install/px4_msgs/include/px4_msgs/px4_msgs/msg/detail/debug_array__rosidl_typesupport_fastrtps_c.h\n'}
[1.469462] (px4_msgs) StdoutLine: {'line': b'-- Up-to-date: /home/mustardking/ws_sensor_combined/install/px4_msgs/include/px4_msgs/px4_msgs/msg/detail/vehicle_constraints__rosidl_typesupport_fastrtps_c.h\n'}
[1.469484] (px4_msgs) StdoutLine: {'line': b'-- Up-to-date: /home/mustardking/ws_sensor_combined/install/px4_msgs/include/px4_msgs/px4_msgs/msg/detail/parameter_set_value_request__rosidl_typesupport_fastrtps_c.h\n'}
[1.469506] (px4_msgs) StdoutLine: {'line': b'-- Up-to-date: /home/mustardking/ws_sensor_combined/install/px4_msgs/include/px4_msgs/px4_msgs/msg/detail/parameter_set_used_request__rosidl_typesupport_fastrtps_c.h\n'}
[1.469527] (px4_msgs) StdoutLine: {'line': b'-- Up-to-date: /home/mustardking/ws_sensor_combined/install/px4_msgs/include/px4_msgs/px4_msgs/msg/detail/sensor_selection__rosidl_typesupport_fastrtps_c.h\n'}
[1.469549] (px4_msgs) StdoutLine: {'line': b'-- Up-to-date: /home/mustardking/ws_sensor_combined/install/px4_msgs/include/px4_msgs/px4_msgs/msg/detail/wheel_encoders__rosidl_typesupport_fastrtps_c.h\n'}
[1.469571] (px4_msgs) StdoutLine: {'line': b'-- Up-to-date: /home/mustardking/ws_sensor_combined/install/px4_msgs/include/px4_msgs/px4_msgs/msg/detail/vtol_vehicle_status__rosidl_typesupport_fastrtps_c.h\n'}
[1.469593] (px4_msgs) StdoutLine: {'line': b'-- Up-to-date: /home/mustardking/ws_sensor_combined/install/px4_msgs/include/px4_msgs/px4_msgs/msg/detail/actuator_controls_status__rosidl_typesupport_fastrtps_c.h\n'}
[1.469614] (px4_msgs) StdoutLine: {'line': b'-- Up-to-date: /home/mustardking/ws_sensor_combined/install/px4_msgs/include/px4_msgs/px4_msgs/msg/detail/sensor_accel__rosidl_typesupport_fastrtps_c.h\n'}
[1.469636] (px4_msgs) StdoutLine: {'line': b'-- Up-to-date: /home/mustardking/ws_sensor_combined/install/px4_msgs/include/px4_msgs/px4_msgs/msg/detail/estimator_sensor_bias__rosidl_typesupport_fastrtps_c.h\n'}
[1.469657] (px4_msgs) StdoutLine: {'line': b'-- Up-to-date: /home/mustardking/ws_sensor_combined/install/px4_msgs/include/px4_msgs/px4_msgs/msg/detail/vehicle_global_position__rosidl_typesupport_fastrtps_c.h\n'}
[1.469679] (px4_msgs) StdoutLine: {'line': b'-- Up-to-date: /home/mustardking/ws_sensor_combined/install/px4_msgs/include/px4_msgs/px4_msgs/msg/detail/autotune_attitude_control_status__rosidl_typesupport_fastrtps_c.h\n'}
[1.469701] (px4_msgs) StdoutLine: {'line': b'-- Up-to-date: /home/mustardking/ws_sensor_combined/install/px4_msgs/include/px4_msgs/px4_msgs/msg/detail/irlock_report__rosidl_typesupport_fastrtps_c.h\n'}
[1.469722] (px4_msgs) StdoutLine: {'line': b'-- Up-to-date: /home/mustardking/ws_sensor_combined/install/px4_msgs/include/px4_msgs/px4_msgs/msg/detail/rover_steering_setpoint__rosidl_typesupport_fastrtps_c.h\n'}
[1.469744] (px4_msgs) StdoutLine: {'line': b'-- Up-to-date: /home/mustardking/ws_sensor_combined/install/px4_msgs/include/px4_msgs/px4_msgs/msg/detail/vehicle_land_detected__rosidl_typesupport_fastrtps_c.h\n'}
[1.469766] (px4_msgs) StdoutLine: {'line': b'-- Up-to-date: /home/mustardking/ws_sensor_combined/install/px4_msgs/include/px4_msgs/px4_msgs/msg/detail/sensors_status_imu__rosidl_typesupport_fastrtps_c.h\n'}
[1.469787] (px4_msgs) StdoutLine: {'line': b'-- Up-to-date: /home/mustardking/ws_sensor_combined/install/px4_msgs/include/px4_msgs/px4_msgs/msg/detail/airspeed_validated__rosidl_typesupport_fastrtps_c.h\n'}
[1.469809] (px4_msgs) StdoutLine: {'line': b'-- Up-to-date: /home/mustardking/ws_sensor_combined/install/px4_msgs/include/px4_msgs/px4_msgs/msg/detail/vehicle_angular_velocity__rosidl_typesupport_fastrtps_c.h\n'}
[1.469833] (px4_msgs) StdoutLine: {'line': b'-- Up-to-date: /home/mustardking/ws_sensor_combined/install/px4_msgs/include/px4_msgs/px4_msgs/msg/detail/obstacle_distance__rosidl_typesupport_fastrtps_c.h\n'}
[1.469854] (px4_msgs) StdoutLine: {'line': b'-- Up-to-date: /home/mustardking/ws_sensor_combined/install/px4_msgs/include/px4_msgs/px4_msgs/msg/detail/failure_detector_status__rosidl_typesupport_fastrtps_c.h\n'}
[1.469876] (px4_msgs) StdoutLine: {'line': b'-- Up-to-date: /home/mustardking/ws_sensor_combined/install/px4_msgs/include/px4_msgs/px4_msgs/msg/detail/gimbal_device_attitude_status__rosidl_typesupport_fastrtps_c.h\n'}
[1.469899] (px4_msgs) StdoutLine: {'line': b'-- Up-to-date: /home/mustardking/ws_sensor_combined/install/px4_msgs/include/px4_msgs/px4_msgs/msg/detail/sensor_preflight_mag__rosidl_typesupport_fastrtps_c.h\n'}
[1.469920] (px4_msgs) StdoutLine: {'line': b'-- Up-to-date: /home/mustardking/ws_sensor_combined/install/px4_msgs/include/px4_msgs/px4_msgs/msg/detail/vehicle_torque_setpoint__rosidl_typesupport_fastrtps_c.h\n'}
[1.469942] (px4_msgs) StdoutLine: {'line': b'-- Up-to-date: /home/mustardking/ws_sensor_combined/install/px4_msgs/include/px4_msgs/px4_msgs/msg/detail/config_overrides__rosidl_typesupport_fastrtps_c.h\n'}
[1.469964] (px4_msgs) StdoutLine: {'line': b'-- Up-to-date: /home/mustardking/ws_sensor_combined/install/px4_msgs/include/px4_msgs/px4_msgs/msg/detail/debug_key_value__rosidl_typesupport_fastrtps_c.h\n'}
[1.469985] (px4_msgs) StdoutLine: {'line': b'-- Up-to-date: /home/mustardking/ws_sensor_combined/install/px4_msgs/include/px4_msgs/px4_msgs/msg/detail/pwm_input__rosidl_typesupport_fastrtps_c.h\n'}
[1.470008] (px4_msgs) StdoutLine: {'line': b'-- Up-to-date: /home/mustardking/ws_sensor_combined/install/px4_msgs/include/px4_msgs/px4_msgs/msg/detail/navigator_status__rosidl_typesupport_fastrtps_c.h\n'}
[1.470032] (px4_msgs) StdoutLine: {'line': b'-- Up-to-date: /home/mustardking/ws_sensor_combined/install/px4_msgs/include/px4_msgs/px4_msgs/msg/detail/dataman_request__rosidl_typesupport_fastrtps_c.h\n'}
[1.470075] (px4_msgs) StdoutLine: {'line': b'-- Up-to-date: /home/mustardking/ws_sensor_combined/install/px4_msgs/include/px4_msgs/px4_msgs/msg/detail/vehicle_acceleration__rosidl_typesupport_fastrtps_c.h\n'}
[1.470097] (px4_msgs) StdoutLine: {'line': b'-- Up-to-date: /home/mustardking/ws_sensor_combined/install/px4_msgs/include/px4_msgs/px4_msgs/msg/detail/orbit_status__rosidl_typesupport_fastrtps_c.h\n'}
[1.470119] (px4_msgs) StdoutLine: {'line': b'-- Up-to-date: /home/mustardking/ws_sensor_combined/install/px4_msgs/include/px4_msgs/px4_msgs/msg/detail/vehicle_optical_flow__rosidl_typesupport_fastrtps_c.h\n'}
[1.470141] (px4_msgs) StdoutLine: {'line': b'-- Up-to-date: /home/mustardking/ws_sensor_combined/install/px4_msgs/include/px4_msgs/px4_msgs/msg/detail/airspeed_wind__rosidl_typesupport_fastrtps_c.h\n'}
[1.470170] (px4_msgs) StdoutLine: {'line': b'-- Up-to-date: /home/mustardking/ws_sensor_combined/install/px4_msgs/include/px4_msgs/px4_msgs/msg/detail/rover_position_setpoint__rosidl_typesupport_fastrtps_c.h\n'}
[1.470194] (px4_msgs) StdoutLine: {'line': b'-- Up-to-date: /home/mustardking/ws_sensor_combined/install/px4_msgs/include/px4_msgs/px4_msgs/msg/detail/rtl_status__rosidl_typesupport_fastrtps_c.h\n'}
[1.470215] (px4_msgs) StdoutLine: {'line': b'-- Up-to-date: /home/mustardking/ws_sensor_combined/install/px4_msgs/include/px4_msgs/px4_msgs/msg/detail/actuator_test__rosidl_typesupport_fastrtps_c.h\n'}
[1.470238] (px4_msgs) StdoutLine: {'line': b'-- Up-to-date: /home/mustardking/ws_sensor_combined/install/px4_msgs/include/px4_msgs/px4_msgs/msg/detail/vehicle_thrust_setpoint__rosidl_typesupport_fastrtps_c.h\n'}
[1.470259] (px4_msgs) StdoutLine: {'line': b'-- Up-to-date: /home/mustardking/ws_sensor_combined/install/px4_msgs/include/px4_msgs/px4_msgs/msg/detail/sensor_gnss_relative__rosidl_typesupport_fastrtps_c.h\n'}
[1.470281] (px4_msgs) StdoutLine: {'line': b'-- Up-to-date: /home/mustardking/ws_sensor_combined/install/px4_msgs/include/px4_msgs/px4_msgs/msg/detail/uavcan_parameter_value__rosidl_typesupport_fastrtps_c.h\n'}
[1.470302] (px4_msgs) StdoutLine: {'line': b'-- Up-to-date: /home/mustardking/ws_sensor_combined/install/px4_msgs/include/px4_msgs/px4_msgs/msg/detail/estimator_states__rosidl_typesupport_fastrtps_c.h\n'}
[1.470324] (px4_msgs) StdoutLine: {'line': b'-- Up-to-date: /home/mustardking/ws_sensor_combined/install/px4_msgs/include/px4_msgs/px4_msgs/msg/detail/estimator_bias__rosidl_typesupport_fastrtps_c.h\n'}
[1.470346] (px4_msgs) StdoutLine: {'line': b'-- Up-to-date: /home/mustardking/ws_sensor_combined/install/px4_msgs/include/px4_msgs/px4_msgs/msg/detail/lateral_control_configuration__rosidl_typesupport_fastrtps_c.h\n'}
[1.470367] (px4_msgs) StdoutLine: {'line': b'-- Up-to-date: /home/mustardking/ws_sensor_combined/install/px4_msgs/include/px4_msgs/px4_msgs/msg/detail/navigator_mission_item__rosidl_typesupport_fastrtps_c.h\n'}
[1.470389] (px4_msgs) StdoutLine: {'line': b'-- Up-to-date: /home/mustardking/ws_sensor_combined/install/px4_msgs/include/px4_msgs/px4_msgs/msg/detail/rover_speed_status__rosidl_typesupport_fastrtps_c.h\n'}
[1.470411] (px4_msgs) StdoutLine: {'line': b'-- Up-to-date: /home/mustardking/ws_sensor_combined/install/px4_msgs/include/px4_msgs/px4_msgs/msg/detail/internal_combustion_engine_status__rosidl_typesupport_fastrtps_c.h\n'}
[1.470435] (px4_msgs) StdoutLine: {'line': b'-- Up-to-date: /home/mustardking/ws_sensor_combined/install/px4_msgs/include/px4_msgs/px4_msgs/msg/detail/vehicle_roi__rosidl_typesupport_fastrtps_c.h\n'}
[1.470459] (px4_msgs) StdoutLine: {'line': b'-- Up-to-date: /home/mustardking/ws_sensor_combined/install/px4_msgs/include/px4_msgs/px4_msgs/msg/detail/parameter_set_value_response__rosidl_typesupport_fastrtps_c.h\n'}
[1.470481] (px4_msgs) StdoutLine: {'line': b'-- Up-to-date: /home/mustardking/ws_sensor_combined/install/px4_msgs/include/px4_msgs/px4_msgs/msg/detail/logger_status__rosidl_typesupport_fastrtps_c.h\n'}
[1.470502] (px4_msgs) StdoutLine: {'line': b'-- Up-to-date: /home/mustardking/ws_sensor_combined/install/px4_msgs/include/px4_msgs/px4_msgs/msg/detail/actuator_servos_trim__rosidl_typesupport_fastrtps_c.h\n'}
[1.470524] (px4_msgs) StdoutLine: {'line': b'-- Up-to-date: /home/mustardking/ws_sensor_combined/install/px4_msgs/include/px4_msgs/px4_msgs/msg/detail/esc_status__rosidl_typesupport_fastrtps_c.h\n'}
[1.470545] (px4_msgs) StdoutLine: {'line': b'-- Up-to-date: /home/mustardking/ws_sensor_combined/install/px4_msgs/include/px4_msgs/px4_msgs/msg/detail/offboard_control_mode__rosidl_typesupport_fastrtps_c.h\n'}
[1.470567] (px4_msgs) StdoutLine: {'line': b'-- Up-to-date: /home/mustardking/ws_sensor_combined/install/px4_msgs/include/px4_msgs/px4_msgs/msg/detail/launch_detection_status__rosidl_typesupport_fastrtps_c.h\n'}
[1.470589] (px4_msgs) StdoutLine: {'line': b'-- Up-to-date: /home/mustardking/ws_sensor_combined/install/px4_msgs/include/px4_msgs/px4_msgs/msg/detail/message_format_response__rosidl_typesupport_fastrtps_c.h\n'}
[1.470610] (px4_msgs) StdoutLine: {'line': b'-- Up-to-date: /home/mustardking/ws_sensor_combined/install/px4_msgs/include/px4_msgs/px4_msgs/msg/detail/button_event__rosidl_typesupport_fastrtps_c.h\n'}
[1.470632] (px4_msgs) StdoutLine: {'line': b'-- Up-to-date: /home/mustardking/ws_sensor_combined/install/px4_msgs/include/px4_msgs/px4_msgs/msg/detail/mavlink_tunnel__rosidl_typesupport_fastrtps_c.h\n'}
[1.470653] (px4_msgs) StdoutLine: {'line': b'-- Up-to-date: /home/mustardking/ws_sensor_combined/install/px4_msgs/include/px4_msgs/px4_msgs/msg/detail/sensor_combined__rosidl_typesupport_fastrtps_c.h\n'}
[1.470675] (px4_msgs) StdoutLine: {'line': b'-- Up-to-date: /home/mustardking/ws_sensor_combined/install/px4_msgs/include/px4_msgs/px4_msgs/msg/detail/register_ext_component_reply__rosidl_typesupport_fastrtps_c.h\n'}
[1.470697] (px4_msgs) StdoutLine: {'line': b'-- Up-to-date: /home/mustardking/ws_sensor_combined/install/px4_msgs/include/px4_msgs/px4_msgs/msg/detail/unregister_ext_component__rosidl_typesupport_fastrtps_c.h\n'}
[1.470718] (px4_msgs) StdoutLine: {'line': b'-- Up-to-date: /home/mustardking/ws_sensor_combined/install/px4_msgs/include/px4_msgs/px4_msgs/msg/detail/system_power__rosidl_typesupport_fastrtps_c.h\n'}
[1.470740] (px4_msgs) StdoutLine: {'line': b'-- Up-to-date: /home/mustardking/ws_sensor_combined/install/px4_msgs/include/px4_msgs/px4_msgs/msg/detail/landing_gear_wheel__rosidl_typesupport_fastrtps_c.h\n'}
[1.470762] (px4_msgs) StdoutLine: {'line': b'-- Up-to-date: /home/mustardking/ws_sensor_combined/install/px4_msgs/include/px4_msgs/px4_msgs/msg/detail/pps_capture__rosidl_typesupport_fastrtps_c.h\n'}
[1.470783] (px4_msgs) StdoutLine: {'line': b'-- Up-to-date: /home/mustardking/ws_sensor_combined/install/px4_msgs/include/px4_msgs/px4_msgs/msg/detail/airspeed__rosidl_typesupport_fastrtps_c.h\n'}
[1.470805] (px4_msgs) StdoutLine: {'line': b'-- Up-to-date: /home/mustardking/ws_sensor_combined/install/px4_msgs/include/px4_msgs/px4_msgs/msg/detail/radio_status__rosidl_typesupport_fastrtps_c.h\n'}
[1.470826] (px4_msgs) StdoutLine: {'line': b'-- Up-to-date: /home/mustardking/ws_sensor_combined/install/px4_msgs/include/px4_msgs/px4_msgs/msg/detail/power_monitor__rosidl_typesupport_fastrtps_c.h\n'}
[1.470848] (px4_msgs) StdoutLine: {'line': b'-- Up-to-date: /home/mustardking/ws_sensor_combined/install/px4_msgs/include/px4_msgs/px4_msgs/msg/detail/battery_info__rosidl_typesupport_fastrtps_c.h\n'}
[1.470869] (px4_msgs) StdoutLine: {'line': b'-- Up-to-date: /home/mustardking/ws_sensor_combined/install/px4_msgs/include/px4_msgs/px4_msgs/msg/detail/sensor_hygrometer__rosidl_typesupport_fastrtps_c.h\n'}
[1.470892] (px4_msgs) StdoutLine: {'line': b'-- Up-to-date: /home/mustardking/ws_sensor_combined/install/px4_msgs/include/px4_msgs/px4_msgs/msg/detail/orb_test__rosidl_typesupport_fastrtps_c.h\n'}
[1.470913] (px4_msgs) StdoutLine: {'line': b'-- Up-to-date: /home/mustardking/ws_sensor_combined/install/px4_msgs/include/px4_msgs/px4_msgs/msg/detail/transponder_report__rosidl_typesupport_fastrtps_c.h\n'}
[1.470936] (px4_msgs) StdoutLine: {'line': b'-- Up-to-date: /home/mustardking/ws_sensor_combined/install/px4_msgs/include/px4_msgs/px4_msgs/msg/detail/position_setpoint__rosidl_typesupport_fastrtps_c.h\n'}
[1.470957] (px4_msgs) StdoutLine: {'line': b'-- Up-to-date: /home/mustardking/ws_sensor_combined/install/px4_msgs/include/px4_msgs/px4_msgs/msg/detail/vehicle_command__rosidl_typesupport_fastrtps_c.h\n'}
[1.470978] (px4_msgs) StdoutLine: {'line': b'-- Up-to-date: /home/mustardking/ws_sensor_combined/install/px4_msgs/include/px4_msgs/px4_msgs/msg/detail/action_request__rosidl_typesupport_fastrtps_c.h\n'}
[1.471001] (px4_msgs) StdoutLine: {'line': b'-- Up-to-date: /home/mustardking/ws_sensor_combined/install/px4_msgs/include/px4_msgs/px4_msgs/msg/detail/position_controller_status__rosidl_typesupport_fastrtps_c.h\n'}
[1.471025] (px4_msgs) StdoutLine: {'line': b'-- Up-to-date: /home/mustardking/ws_sensor_combined/install/px4_msgs/include/px4_msgs/px4_msgs/msg/detail/sensor_airflow__rosidl_typesupport_fastrtps_c.h\n'}
[1.471047] (px4_msgs) StdoutLine: {'line': b'-- Up-to-date: /home/mustardking/ws_sensor_combined/install/px4_msgs/include/px4_msgs/px4_msgs/msg/detail/vehicle_air_data__rosidl_typesupport_fastrtps_c.h\n'}
[1.471068] (px4_msgs) StdoutLine: {'line': b'-- Up-to-date: /home/mustardking/ws_sensor_combined/install/px4_msgs/include/px4_msgs/px4_msgs/msg/detail/gimbal_manager_set_manual_control__rosidl_typesupport_fastrtps_c.h\n'}
[1.471090] (px4_msgs) StdoutLine: {'line': b'-- Up-to-date: /home/mustardking/ws_sensor_combined/install/px4_msgs/include/px4_msgs/px4_msgs/msg/detail/input_rc__rosidl_typesupport_fastrtps_c.h\n'}
[1.471120] (px4_msgs) StdoutLine: {'line': b'-- Up-to-date: /home/mustardking/ws_sensor_combined/install/px4_msgs/include/px4_msgs/px4_msgs/msg/detail/flight_phase_estimation__rosidl_typesupport_fastrtps_c.h\n'}
[1.471142] (px4_msgs) StdoutLine: {'line': b'-- Up-to-date: /home/mustardking/ws_sensor_combined/install/px4_msgs/include/px4_msgs/px4_msgs/msg/detail/log_message__rosidl_typesupport_fastrtps_c.h\n'}
[1.471164] (px4_msgs) StdoutLine: {'line': b'-- Up-to-date: /home/mustardking/ws_sensor_combined/install/px4_msgs/include/px4_msgs/px4_msgs/msg/detail/vehicle_command_ack__rosidl_typesupport_fastrtps_c.h\n'}
[1.471185] (px4_msgs) StdoutLine: {'line': b'-- Up-to-date: /home/mustardking/ws_sensor_combined/install/px4_msgs/include/px4_msgs/px4_msgs/msg/detail/telemetry_status__rosidl_typesupport_fastrtps_c.h\n'}
[1.471207] (px4_msgs) StdoutLine: {'line': b'-- Up-to-date: /home/mustardking/ws_sensor_combined/install/px4_msgs/include/px4_msgs/px4_msgs/msg/detail/arming_check_reply__rosidl_typesupport_fastrtps_c.h\n'}
[1.471229] (px4_msgs) StdoutLine: {'line': b'-- Up-to-date: /home/mustardking/ws_sensor_combined/install/px4_msgs/include/px4_msgs/px4_msgs/msg/detail/vehicle_imu_status__rosidl_typesupport_fastrtps_c.h\n'}
[1.471250] (px4_msgs) StdoutLine: {'line': b'-- Up-to-date: /home/mustardking/ws_sensor_combined/install/px4_msgs/include/px4_msgs/px4_msgs/msg/detail/geofence_result__rosidl_typesupport_fastrtps_c.h\n'}
[1.471272] (px4_msgs) StdoutLine: {'line': b'-- Up-to-date: /home/mustardking/ws_sensor_combined/install/px4_msgs/include/px4_msgs/px4_msgs/msg/detail/sensor_baro__rosidl_typesupport_fastrtps_c.h\n'}
[1.471389] (px4_msgs) StdoutLine: {'line': b'-- Up-to-date: /home/mustardking/ws_sensor_combined/install/px4_msgs/include/px4_msgs/px4_msgs/msg/detail/vehicle_attitude_setpoint__rosidl_typesupport_fastrtps_c.h\n'}
[1.471456] (px4_msgs) StdoutLine: {'line': b'-- Up-to-date: /home/mustardking/ws_sensor_combined/install/px4_msgs/include/px4_msgs/px4_msgs/msg/detail/orb_test_large__rosidl_typesupport_fastrtps_c.h\n'}
[1.471694] (px4_msgs) StdoutLine: {'line': b'-- Up-to-date: /home/mustardking/ws_sensor_combined/install/px4_msgs/include/px4_msgs/px4_msgs/msg/detail/generator_status__rosidl_typesupport_fastrtps_c.h\n'}
[1.471725] (px4_msgs) StdoutLine: {'line': b'-- Up-to-date: /home/mustardking/ws_sensor_combined/install/px4_msgs/include/px4_msgs/px4_msgs/msg/detail/debug_value__rosidl_typesupport_fastrtps_c.h\n'}
[1.471747] (px4_msgs) StdoutLine: {'line': b'-- Up-to-date: /home/mustardking/ws_sensor_combined/install/px4_msgs/include/px4_msgs/px4_msgs/msg/detail/vehicle_local_position__rosidl_typesupport_fastrtps_c.h\n'}
[1.471770] (px4_msgs) StdoutLine: {'line': b'-- Up-to-date: /home/mustardking/ws_sensor_combined/install/px4_msgs/include/px4_msgs/px4_msgs/msg/detail/vehicle_local_position_setpoint__rosidl_typesupport_fastrtps_c.h\n'}
[1.471792] (px4_msgs) StdoutLine: {'line': b'-- Up-to-date: /home/mustardking/ws_sensor_combined/install/px4_msgs/include/px4_msgs/px4_msgs/msg/detail/sensor_gnss_status__rosidl_typesupport_fastrtps_c.h\n'}
[1.471814] (px4_msgs) StdoutLine: {'line': b'-- Up-to-date: /home/mustardking/ws_sensor_combined/install/px4_msgs/include/px4_msgs/px4_msgs/msg/detail/mag_worker_data__rosidl_typesupport_fastrtps_c.h\n'}
[1.471837] (px4_msgs) StdoutLine: {'line': b'-- Up-to-date: /home/mustardking/ws_sensor_combined/install/px4_msgs/include/px4_msgs/px4_msgs/msg/detail/mission_result__rosidl_typesupport_fastrtps_c.h\n'}
[1.471859] (px4_msgs) StdoutLine: {'line': b'-- Up-to-date: /home/mustardking/ws_sensor_combined/install/px4_msgs/include/px4_msgs/px4_msgs/msg/detail/fuel_tank_status__rosidl_typesupport_fastrtps_c.h\n'}
[1.471881] (px4_msgs) StdoutLine: {'line': b'-- Up-to-date: /home/mustardking/ws_sensor_combined/install/px4_msgs/include/px4_msgs/px4_msgs/msg/detail/distance_sensor_mode_change_request__rosidl_typesupport_fastrtps_c.h\n'}
[1.471903] (px4_msgs) StdoutLine: {'line': b'-- Up-to-date: /home/mustardking/ws_sensor_combined/install/px4_msgs/include/px4_msgs/px4_msgs/msg/detail/rover_throttle_setpoint__rosidl_typesupport_fastrtps_c.h\n'}
[1.471927] (px4_msgs) StdoutLine: {'line': b'-- Up-to-date: /home/mustardking/ws_sensor_combined/install/px4_msgs/include/px4_msgs/px4_msgs/msg/detail/vehicle_attitude__rosidl_typesupport_fastrtps_c.h\n'}
[1.471952] (px4_msgs) StdoutLine: {'line': b'-- Up-to-date: /home/mustardking/ws_sensor_combined/install/px4_msgs/include/px4_msgs/px4_msgs/msg/detail/actuator_armed__rosidl_typesupport_fastrtps_c.h\n'}
[1.471973] (px4_msgs) StdoutLine: {'line': b'-- Up-to-date: /home/mustardking/ws_sensor_combined/install/px4_msgs/include/px4_msgs/px4_msgs/msg/detail/manual_control_setpoint__rosidl_typesupport_fastrtps_c.h\n'}
[1.471995] (px4_msgs) StdoutLine: {'line': b'-- Up-to-date: /home/mustardking/ws_sensor_combined/install/px4_msgs/include/px4_msgs/px4_msgs/msg/detail/failsafe_flags__rosidl_typesupport_fastrtps_c.h\n'}
[1.472018] (px4_msgs) StdoutLine: {'line': b'-- Up-to-date: /home/mustardking/ws_sensor_combined/install/px4_msgs/include/px4_msgs/px4_msgs/msg/detail/follow_target_estimator__rosidl_typesupport_fastrtps_c.h\n'}
[1.472039] (px4_msgs) StdoutLine: {'line': b'-- Up-to-date: /home/mustardking/ws_sensor_combined/install/px4_msgs/include/px4_msgs/px4_msgs/msg/detail/estimator_aid_source1d__rosidl_typesupport_fastrtps_c.h\n'}
[1.472061] (px4_msgs) StdoutLine: {'line': b'-- Up-to-date: /home/mustardking/ws_sensor_combined/install/px4_msgs/include/px4_msgs/px4_msgs/msg/detail/velocity_limits__rosidl_typesupport_fastrtps_c.h\n'}
[1.472083] (px4_msgs) StdoutLine: {'line': b'-- Up-to-date: /home/mustardking/ws_sensor_combined/install/px4_msgs/include/px4_msgs/px4_msgs/msg/detail/vehicle_angular_acceleration_setpoint__rosidl_typesupport_fastrtps_c.h\n'}
[1.472104] (px4_msgs) StdoutLine: {'line': b'-- Up-to-date: /home/mustardking/ws_sensor_combined/install/px4_msgs/include/px4_msgs/px4_msgs/msg/detail/figure_eight_status__rosidl_typesupport_fastrtps_c.h\n'}
[1.472124] (px4_msgs) StdoutLine: {'line': b'-- Up-to-date: /home/mustardking/ws_sensor_combined/install/px4_msgs/include/px4_msgs/px4_msgs/msg/detail/gimbal_manager_set_attitude__rosidl_typesupport_fastrtps_c.h\n'}
[1.472146] (px4_msgs) StdoutLine: {'line': b'-- Up-to-date: /home/mustardking/ws_sensor_combined/install/px4_msgs/include/px4_msgs/px4_msgs/msg/detail/health_report__rosidl_typesupport_fastrtps_c.h\n'}
[1.472167] (px4_msgs) StdoutLine: {'line': b'-- Up-to-date: /home/mustardking/ws_sensor_combined/install/px4_msgs/include/px4_msgs/px4_msgs/msg/detail/sensor_mag__rosidl_typesupport_fastrtps_c.h\n'}
[1.472197] (px4_msgs) StdoutLine: {'line': b'-- Up-to-date: /home/mustardking/ws_sensor_combined/install/px4_msgs/include/px4_msgs/px4_msgs/msg/detail/ulog_stream_ack__rosidl_typesupport_fastrtps_c.h\n'}
[1.472220] (px4_msgs) StdoutLine: {'line': b'-- Up-to-date: /home/mustardking/ws_sensor_combined/install/px4_msgs/include/px4_msgs/px4_msgs/msg/detail/trajectory_setpoint__rosidl_typesupport_fastrtps_c.h\n'}
[1.472246] (px4_msgs) StdoutLine: {'line': b'-- Up-to-date: /home/mustardking/ws_sensor_combined/install/px4_msgs/include/px4_msgs/px4_msgs/msg/detail/gpio_config__rosidl_typesupport_fastrtps_c.h\n'}
[1.472279] (px4_msgs) StdoutLine: {'line': b'-- Up-to-date: /home/mustardking/ws_sensor_combined/install/px4_msgs/include/px4_msgs/px4_msgs/msg/detail/tune_control__rosidl_typesupport_fastrtps_c.h\n'}
[1.472301] (px4_msgs) StdoutLine: {'line': b'-- Up-to-date: /home/mustardking/ws_sensor_combined/install/px4_msgs/include/px4_msgs/px4_msgs/msg/detail/fixed_wing_longitudinal_setpoint__rosidl_typesupport_fastrtps_c.h\n'}
[1.472323] (px4_msgs) StdoutLine: {'line': b'-- Up-to-date: /home/mustardking/ws_sensor_combined/install/px4_msgs/include/px4_msgs/px4_msgs/msg/detail/goto_setpoint__rosidl_typesupport_fastrtps_c.h\n'}
[1.472345] (px4_msgs) StdoutLine: {'line': b'-- Up-to-date: /home/mustardking/ws_sensor_combined/install/px4_msgs/include/px4_msgs/px4_msgs/msg/detail/rover_speed_setpoint__rosidl_typesupport_fastrtps_c.h\n'}
[1.472366] (px4_msgs) StdoutLine: {'line': b'-- Up-to-date: /home/mustardking/ws_sensor_combined/install/px4_msgs/include/px4_msgs/px4_msgs/msg/detail/vehicle_rates_setpoint__rosidl_typesupport_fastrtps_c.h\n'}
[1.472389] (px4_msgs) StdoutLine: {'line': b'-- Up-to-date: /home/mustardking/ws_sensor_combined/install/px4_msgs/include/px4_msgs/px4_msgs/msg/detail/rover_rate_setpoint__rosidl_typesupport_fastrtps_c.h\n'}
[1.472410] (px4_msgs) StdoutLine: {'line': b'-- Up-to-date: /home/mustardking/ws_sensor_combined/install/px4_msgs/include/px4_msgs/px4_msgs/msg/detail/estimator_aid_source3d__rosidl_typesupport_fastrtps_c.h\n'}
[1.472432] (px4_msgs) StdoutLine: {'line': b'-- Up-to-date: /home/mustardking/ws_sensor_combined/install/px4_msgs/include/px4_msgs/px4_msgs/msg/detail/internal_combustion_engine_control__rosidl_typesupport_fastrtps_c.h\n'}
[1.472454] (px4_msgs) StdoutLine: {'line': b'-- Up-to-date: /home/mustardking/ws_sensor_combined/install/px4_msgs/include/px4_msgs/px4_msgs/msg/detail/open_drone_id_system__rosidl_typesupport_fastrtps_c.h\n'}
[1.472477] (px4_msgs) StdoutLine: {'line': b'-- Up-to-date: /home/mustardking/ws_sensor_combined/install/px4_msgs/include/px4_msgs/px4_msgs/msg/detail/esc_report__rosidl_typesupport_fastrtps_c.h\n'}
[1.472499] (px4_msgs) StdoutLine: {'line': b'-- Up-to-date: /home/mustardking/ws_sensor_combined/install/px4_msgs/include/px4_msgs/px4_msgs/msg/detail/sensors_status__rosidl_typesupport_fastrtps_c.h\n'}
[1.472520] (px4_msgs) StdoutLine: {'line': b'-- Up-to-date: /home/mustardking/ws_sensor_combined/install/px4_msgs/include/px4_msgs/px4_msgs/msg/detail/fixed_wing_lateral_setpoint__rosidl_typesupport_fastrtps_c.h\n'}
[1.472544] (px4_msgs) StdoutLine: {'line': b'-- Up-to-date: /home/mustardking/ws_sensor_combined/install/px4_msgs/include/px4_msgs/px4_msgs/msg/detail/arming_check_request__rosidl_typesupport_fastrtps_c.h\n'}
[1.472567] (px4_msgs) StdoutLine: {'line': b'-- Up-to-date: /home/mustardking/ws_sensor_combined/install/px4_msgs/include/px4_msgs/px4_msgs/msg/detail/dronecan_node_status__rosidl_typesupport_fastrtps_c.h\n'}
[1.472591] (px4_msgs) StdoutLine: {'line': b'-- Up-to-date: /home/mustardking/ws_sensor_combined/install/px4_msgs/include/px4_msgs/px4_msgs/msg/detail/trajectory_setpoint6dof__rosidl_typesupport_fastrtps_c.h\n'}
[1.472613] (px4_msgs) StdoutLine: {'line': b'-- Up-to-date: /home/mustardking/ws_sensor_combined/install/px4_msgs/include/px4_msgs/px4_msgs/msg/detail/register_ext_component_request__rosidl_typesupport_fastrtps_c.h\n'}
[1.472635] (px4_msgs) StdoutLine: {'line': b'-- Up-to-date: /home/mustardking/ws_sensor_combined/install/px4_msgs/include/px4_msgs/px4_msgs/msg/detail/sensor_gyro_fifo__rosidl_typesupport_fastrtps_c.h\n'}
[1.472657] (px4_msgs) StdoutLine: {'line': b'-- Up-to-date: /home/mustardking/ws_sensor_combined/install/px4_msgs/include/px4_msgs/px4_msgs/msg/detail/ekf2_timestamps__rosidl_typesupport_fastrtps_c.h\n'}
[1.472678] (px4_msgs) StdoutLine: {'line': b'-- Up-to-date: /home/mustardking/ws_sensor_combined/install/px4_msgs/include/px4_msgs/px4_msgs/msg/detail/estimator_innovations__rosidl_typesupport_fastrtps_c.h\n'}
[1.472700] (px4_msgs) StdoutLine: {'line': b'-- Up-to-date: /home/mustardking/ws_sensor_combined/install/px4_msgs/include/px4_msgs/px4_msgs/msg/detail/neural_control__rosidl_typesupport_fastrtps_c.h\n'}
[1.472722] (px4_msgs) StdoutLine: {'line': b'-- Up-to-date: /home/mustardking/ws_sensor_combined/install/px4_msgs/include/px4_msgs/px4_msgs/msg/detail/mavlink_log__rosidl_typesupport_fastrtps_c.h\n'}
[1.472744] (px4_msgs) StdoutLine: {'line': b'-- Up-to-date: /home/mustardking/ws_sensor_combined/install/px4_msgs/include/px4_msgs/px4_msgs/msg/detail/sensor_optical_flow__rosidl_typesupport_fastrtps_c.h\n'}
[1.472766] (px4_msgs) StdoutLine: {'line': b'-- Up-to-date: /home/mustardking/ws_sensor_combined/install/px4_msgs/include/px4_msgs/px4_msgs/msg/detail/rc_channels__rosidl_typesupport_fastrtps_c.h\n'}
[1.472788] (px4_msgs) StdoutLine: {'line': b'-- Up-to-date: /home/mustardking/ws_sensor_combined/install/px4_msgs/include/px4_msgs/px4_msgs/msg/detail/actuator_motors__rosidl_typesupport_fastrtps_c.h\n'}
[1.472809] (px4_msgs) StdoutLine: {'line': b'-- Up-to-date: /home/mustardking/ws_sensor_combined/install/px4_msgs/include/px4_msgs/px4_msgs/msg/detail/sensor_correction__rosidl_typesupport_fastrtps_c.h\n'}
[1.472831] (px4_msgs) StdoutLine: {'line': b'-- Up-to-date: /home/mustardking/ws_sensor_combined/install/px4_msgs/include/px4_msgs/px4_msgs/msg/detail/home_position__rosidl_typesupport_fastrtps_c.h\n'}
[1.472853] (px4_msgs) StdoutLine: {'line': b'-- Up-to-date: /home/mustardking/ws_sensor_combined/install/px4_msgs/include/px4_msgs/px4_msgs/msg/detail/dataman_response__rosidl_typesupport_fastrtps_c.h\n'}
[1.472874] (px4_msgs) StdoutLine: {'line': b'-- Up-to-date: /home/mustardking/ws_sensor_combined/install/px4_msgs/include/px4_msgs/px4_msgs/msg/detail/sensor_accel_fifo__rosidl_typesupport_fastrtps_c.h\n'}
[1.472896] (px4_msgs) StdoutLine: {'line': b'-- Up-to-date: /home/mustardking/ws_sensor_combined/install/px4_msgs/include/px4_msgs/px4_msgs/msg/detail/rover_attitude_status__rosidl_typesupport_fastrtps_c.h\n'}
[1.472926] (px4_msgs) StdoutLine: {'line': b'-- Up-to-date: /home/mustardking/ws_sensor_combined/install/px4_msgs/include/px4_msgs/px4_msgs/msg/detail/qshell_req__rosidl_typesupport_fastrtps_c.h\n'}
[1.472948] (px4_msgs) StdoutLine: {'line': b'-- Up-to-date: /home/mustardking/ws_sensor_combined/install/px4_msgs/include/px4_msgs/px4_msgs/msg/detail/rover_attitude_setpoint__rosidl_typesupport_fastrtps_c.h\n'}
[1.472970] (px4_msgs) StdoutLine: {'line': b'-- Up-to-date: /home/mustardking/ws_sensor_combined/install/px4_msgs/include/px4_msgs/px4_msgs/msg/detail/tiltrotor_extra_controls__rosidl_typesupport_fastrtps_c.h\n'}
[1.472992] (px4_msgs) StdoutLine: {'line': b'-- Up-to-date: /home/mustardking/ws_sensor_combined/install/px4_msgs/include/px4_msgs/px4_msgs/msg/detail/landing_target_pose__rosidl_typesupport_fastrtps_c.h\n'}
[1.473015] (px4_msgs) StdoutLine: {'line': b'-- Up-to-date: /home/mustardking/ws_sensor_combined/install/px4_msgs/include/px4_msgs/px4_msgs/msg/detail/position_setpoint_triplet__rosidl_typesupport_fastrtps_c.h\n'}
[1.473038] (px4_msgs) StdoutLine: {'line': b'-- Up-to-date: /home/mustardking/ws_sensor_combined/install/px4_msgs/include/px4_msgs/px4_msgs/msg/detail/vehicle_status__rosidl_typesupport_fastrtps_c.h\n'}
[1.473059] (px4_msgs) StdoutLine: {'line': b'-- Up-to-date: /home/mustardking/ws_sensor_combined/install/px4_msgs/include/px4_msgs/px4_msgs/msg/detail/open_drone_id_arm_status__rosidl_typesupport_fastrtps_c.h\n'}
[1.473081] (px4_msgs) StdoutLine: {'line': b'-- Up-to-date: /home/mustardking/ws_sensor_combined/install/px4_msgs/include/px4_msgs/px4_msgs/msg/detail/control_allocator_status__rosidl_typesupport_fastrtps_c.h\n'}
[1.473109] (px4_msgs) StdoutLine: {'line': b'-- Up-to-date: /home/mustardking/ws_sensor_combined/install/px4_msgs/include/px4_msgs/px4_msgs/msg/detail/gripper__rosidl_typesupport_fastrtps_c.h\n'}
[1.473134] (px4_msgs) StdoutLine: {'line': b'-- Up-to-date: /home/mustardking/ws_sensor_combined/install/px4_msgs/include/px4_msgs/px4_msgs/msg/detail/takeoff_status__rosidl_typesupport_fastrtps_c.h\n'}
[1.473156] (px4_msgs) StdoutLine: {'line': b'-- Up-to-date: /home/mustardking/ws_sensor_combined/install/px4_msgs/include/px4_msgs/px4_msgs/msg/detail/wind__rosidl_typesupport_fastrtps_c.h\n'}
[1.473181] (px4_msgs) StdoutLine: {'line': b'-- Up-to-date: /home/mustardking/ws_sensor_combined/install/px4_msgs/include/px4_msgs/px4_msgs/msg/detail/estimator_aid_source2d__rosidl_typesupport_fastrtps_c.h\n'}
[1.473203] (px4_msgs) StdoutLine: {'line': b'-- Up-to-date: /home/mustardking/ws_sensor_combined/install/px4_msgs/include/px4_msgs/px4_msgs/msg/detail/parameter_reset_request__rosidl_typesupport_fastrtps_c.h\n'}
[1.473225] (px4_msgs) StdoutLine: {'line': b'-- Up-to-date: /home/mustardking/ws_sensor_combined/install/px4_msgs/include/px4_msgs/px4_msgs/msg/detail/vehicle_odometry__rosidl_typesupport_fastrtps_c.h\n'}
[1.473246] (px4_msgs) StdoutLine: {'line': b'-- Up-to-date: /home/mustardking/ws_sensor_combined/install/px4_msgs/include/px4_msgs/px4_msgs/msg/detail/vehicle_imu__rosidl_typesupport_fastrtps_c.h\n'}
[1.473268] (px4_msgs) StdoutLine: {'line': b'-- Up-to-date: /home/mustardking/ws_sensor_combined/install/px4_msgs/include/px4_msgs/px4_msgs/msg/detail/parameter_update__rosidl_typesupport_fastrtps_c.h\n'}
[1.473290] (px4_msgs) StdoutLine: {'line': b'-- Up-to-date: /home/mustardking/ws_sensor_combined/install/px4_msgs/include/px4_msgs/px4_msgs/msg/detail/hover_thrust_estimate__rosidl_typesupport_fastrtps_c.h\n'}
[1.473312] (px4_msgs) StdoutLine: {'line': b'-- Up-to-date: /home/mustardking/ws_sensor_combined/install/px4_msgs/include/px4_msgs/px4_msgs/msg/detail/uavcan_parameter_request__rosidl_typesupport_fastrtps_c.h\n'}
[1.473334] (px4_msgs) StdoutLine: {'line': b'-- Up-to-date: /home/mustardking/ws_sensor_combined/install/px4_msgs/include/px4_msgs/px4_msgs/msg/detail/pure_pursuit_status__rosidl_typesupport_fastrtps_c.h\n'}
[1.473355] (px4_msgs) StdoutLine: {'line': b'-- Up-to-date: /home/mustardking/ws_sensor_combined/install/px4_msgs/include/px4_msgs/px4_msgs/msg/detail/cpuload__rosidl_typesupport_fastrtps_c.h\n'}
[1.473377] (px4_msgs) StdoutLine: {'line': b'-- Up-to-date: /home/mustardking/ws_sensor_combined/install/px4_msgs/include/px4_msgs/px4_msgs/msg/detail/timesync_status__rosidl_typesupport_fastrtps_c.h\n'}
[1.473399] (px4_msgs) StdoutLine: {'line': b'-- Up-to-date: /home/mustardking/ws_sensor_combined/install/px4_msgs/include/px4_msgs/px4_msgs/msg/detail/gimbal_device_information__rosidl_typesupport_fastrtps_c.h\n'}
[1.473420] (px4_msgs) StdoutLine: {'line': b'-- Up-to-date: /home/mustardking/ws_sensor_combined/install/px4_msgs/include/px4_msgs/px4_msgs/msg/detail/landing_gear__rosidl_typesupport_fastrtps_c.h\n'}
[1.473442] (px4_msgs) StdoutLine: {'line': b'-- Up-to-date: /home/mustardking/ws_sensor_combined/install/px4_msgs/include/px4_msgs/px4_msgs/msg/detail/sensor_gps__rosidl_typesupport_fastrtps_c.h\n'}
[1.473464] (px4_msgs) StdoutLine: {'line': b'-- Up-to-date: /home/mustardking/ws_sensor_combined/install/px4_msgs/include/px4_msgs/px4_msgs/msg/detail/ulog_stream__rosidl_typesupport_fastrtps_c.h\n'}
[1.473487] (px4_msgs) StdoutLine: {'line': b'-- Up-to-date: /home/mustardking/ws_sensor_combined/install/px4_msgs/include/px4_msgs/px4_msgs/msg/detail/gps_inject_data__rosidl_typesupport_fastrtps_c.h\n'}
[1.473508] (px4_msgs) StdoutLine: {'line': b'-- Up-to-date: /home/mustardking/ws_sensor_combined/install/px4_msgs/include/px4_msgs/px4_msgs/msg/detail/task_stack_info__rosidl_typesupport_fastrtps_c.h\n'}
[1.473529] (px4_msgs) StdoutLine: {'line': b'-- Up-to-date: /home/mustardking/ws_sensor_combined/install/px4_msgs/include/px4_msgs/px4_msgs/msg/detail/estimator_selector_status__rosidl_typesupport_fastrtps_c.h\n'}
[1.473551] (px4_msgs) StdoutLine: {'line': b'-- Up-to-date: /home/mustardking/ws_sensor_combined/install/px4_msgs/include/px4_msgs/px4_msgs/msg/detail/gimbal_manager_status__rosidl_typesupport_fastrtps_c.h\n'}
[1.473574] (px4_msgs) StdoutLine: {'line': b'-- Up-to-date: /home/mustardking/ws_sensor_combined/install/px4_msgs/include/px4_msgs/px4_msgs/msg/detail/position_controller_landing_status__rosidl_typesupport_fastrtps_c.h\n'}
[1.473595] (px4_msgs) StdoutLine: {'line': b'-- Up-to-date: /home/mustardking/ws_sensor_combined/install/px4_msgs/include/px4_msgs/px4_msgs/msg/detail/differential_pressure__rosidl_typesupport_fastrtps_c.h\n'}
[1.473617] (px4_msgs) StdoutLine: {'line': b'-- Up-to-date: /home/mustardking/ws_sensor_combined/install/px4_msgs/include/px4_msgs/px4_msgs/msg/detail/iridiumsbd_status__rosidl_typesupport_fastrtps_c.h\n'}
[1.473648] (px4_msgs) StdoutLine: {'line': b'-- Up-to-date: /home/mustardking/ws_sensor_combined/install/px4_msgs/include/px4_msgs/px4_msgs/msg/detail/battery_status__rosidl_typesupport_fastrtps_c.h\n'}
[1.473670] (px4_msgs) StdoutLine: {'line': b'-- Up-to-date: /home/mustardking/ws_sensor_combined/install/px4_msgs/include/px4_msgs/px4_msgs/msg/detail/collision_constraints__rosidl_typesupport_fastrtps_c.h\n'}
[1.473691] (px4_msgs) StdoutLine: {'line': b'-- Up-to-date: /home/mustardking/ws_sensor_combined/install/px4_msgs/include/px4_msgs/px4_msgs/msg/detail/manual_control_switches__rosidl_typesupport_fastrtps_c.h\n'}
[1.473716] (px4_msgs) StdoutLine: {'line': b'-- Up-to-date: /home/mustardking/ws_sensor_combined/install/px4_msgs/include/px4_msgs/px4_msgs/msg/detail/led_control__rosidl_typesupport_fastrtps_c.h\n'}
[1.473737] (px4_msgs) StdoutLine: {'line': b'-- Up-to-date: /home/mustardking/ws_sensor_combined/install/px4_msgs/include/px4_msgs/px4_msgs/msg/detail/mode_completed__rosidl_typesupport_fastrtps_c.h\n'}
[1.473759] (px4_msgs) StdoutLine: {'line': b'-- Up-to-date: /home/mustardking/ws_sensor_combined/install/px4_msgs/include/px4_msgs/px4_msgs/msg/detail/cellular_status__rosidl_typesupport_fastrtps_c.h\n'}
[1.473780] (px4_msgs) StdoutLine: {'line': b'-- Up-to-date: /home/mustardking/ws_sensor_combined/install/px4_msgs/include/px4_msgs/px4_msgs/msg/detail/gimbal_device_set_attitude__rosidl_typesupport_fastrtps_c.h\n'}
[1.473803] (px4_msgs) StdoutLine: {'line': b'-- Up-to-date: /home/mustardking/ws_sensor_combined/install/px4_msgs/include/px4_msgs/px4_msgs/msg/detail/qshell_retval__rosidl_typesupport_fastrtps_c.h\n'}
[1.473825] (px4_msgs) StdoutLine: {'line': b'-- Up-to-date: /home/mustardking/ws_sensor_combined/install/px4_msgs/include/px4_msgs/px4_msgs/msg/detail/tecs_status__rosidl_typesupport_fastrtps_c.h\n'}
[1.473846] (px4_msgs) StdoutLine: {'line': b'-- Up-to-date: /home/mustardking/ws_sensor_combined/install/px4_msgs/include/px4_msgs/px4_msgs/msg/detail/follow_target_status__rosidl_typesupport_fastrtps_c.h\n'}
[1.473868] (px4_msgs) StdoutLine: {'line': b'-- Up-to-date: /home/mustardking/ws_sensor_combined/install/px4_msgs/include/px4_msgs/px4_msgs/msg/detail/vehicle_magnetometer__rosidl_typesupport_fastrtps_c.h\n'}
[1.473889] (px4_msgs) StdoutLine: {'line': b'-- Up-to-date: /home/mustardking/ws_sensor_combined/install/px4_msgs/include/px4_msgs/px4_msgs/msg/detail/normalized_unsigned_setpoint__rosidl_typesupport_fastrtps_c.h\n'}
[1.473911] (px4_msgs) StdoutLine: {'line': b'-- Up-to-date: /home/mustardking/ws_sensor_combined/install/px4_msgs/include/px4_msgs/px4_msgs/msg/detail/follow_target__rosidl_typesupport_fastrtps_c.h\n'}
[1.473934] (px4_msgs) StdoutLine: {'line': b'-- Up-to-date: /home/mustardking/ws_sensor_combined/install/px4_msgs/include/px4_msgs/px4_msgs/msg/detail/estimator_event_flags__rosidl_typesupport_fastrtps_c.h\n'}
[1.473955] (px4_msgs) StdoutLine: {'line': b'-- Up-to-date: /home/mustardking/ws_sensor_combined/install/px4_msgs/include/px4_msgs/px4_msgs/msg/detail/message_format_request__rosidl_typesupport_fastrtps_c.h\n'}
[1.473977] (px4_msgs) StdoutLine: {'line': b'-- Up-to-date: /home/mustardking/ws_sensor_combined/install/px4_msgs/include/px4_msgs/px4_msgs/msg/detail/rpm__rosidl_typesupport_fastrtps_c.h\n'}
[1.473999] (px4_msgs) StdoutLine: {'line': b'-- Up-to-date: /home/mustardking/ws_sensor_combined/install/px4_msgs/include/px4_msgs/px4_msgs/msg/detail/onboard_computer_status__rosidl_typesupport_fastrtps_c.h\n'}
[1.474021] (px4_msgs) StdoutLine: {'line': b'-- Up-to-date: /home/mustardking/ws_sensor_combined/install/px4_msgs/include/px4_msgs/px4_msgs/msg/detail/estimator_bias3d__rosidl_typesupport_fastrtps_c.h\n'}
[1.474043] (px4_msgs) StdoutLine: {'line': b'-- Up-to-date: /home/mustardking/ws_sensor_combined/install/px4_msgs/include/px4_msgs/px4_msgs/msg/detail/open_drone_id_operator_id__rosidl_typesupport_fastrtps_c.h\n'}
[1.474065] (px4_msgs) StdoutLine: {'line': b'-- Up-to-date: /home/mustardking/ws_sensor_combined/install/px4_msgs/include/px4_msgs/px4_msgs/msg/detail/gps_dump__rosidl_typesupport_fastrtps_c.h\n'}
[1.474086] (px4_msgs) StdoutLine: {'line': b'-- Up-to-date: /home/mustardking/ws_sensor_combined/install/px4_msgs/include/px4_msgs/px4_msgs/msg/detail/longitudinal_control_configuration__rosidl_typesupport_fastrtps_c.h\n'}
[1.474109] (px4_msgs) StdoutLine: {'line': b'-- Up-to-date: /home/mustardking/ws_sensor_combined/install/px4_msgs/include/px4_msgs/px4_msgs/msg/detail/sensor_gyro__rosidl_typesupport_fastrtps_c.h\n'}
[1.474131] (px4_msgs) StdoutLine: {'line': b'-- Up-to-date: /home/mustardking/ws_sensor_combined/install/px4_msgs/include/px4_msgs/px4_msgs/msg/detail/gpio_out__rosidl_typesupport_fastrtps_c.h\n'}
[1.474152] (px4_msgs) StdoutLine: {'line': b'-- Up-to-date: /home/mustardking/ws_sensor_combined/install/px4_msgs/include/px4_msgs/px4_msgs/msg/detail/event__rosidl_typesupport_fastrtps_c.h\n'}
[1.474182] (px4_msgs) StdoutLine: {'line': b'-- Up-to-date: /home/mustardking/ws_sensor_combined/install/px4_msgs/include/px4_msgs/px4_msgs/msg/detail/geofence_status__rosidl_typesupport_fastrtps_c.h\n'}
[1.474204] (px4_msgs) StdoutLine: {'line': b'-- Up-to-date: /home/mustardking/ws_sensor_combined/install/px4_msgs/include/px4_msgs/px4_msgs/msg/detail/estimator_status__rosidl_typesupport_fastrtps_c.h\n'}
[1.474225] (px4_msgs) StdoutLine: {'line': b'-- Up-to-date: /home/mustardking/ws_sensor_combined/install/px4_msgs/include/px4_msgs/px4_msgs/msg/detail/rate_ctrl_status__rosidl_typesupport_fastrtps_c.h\n'}
[1.474247] (px4_msgs) StdoutLine: {'line': b'-- Up-to-date: /home/mustardking/ws_sensor_combined/install/px4_msgs/include/px4_msgs/px4_msgs/msg/detail/debug_vect__rosidl_typesupport_fastrtps_c.h\n'}
[1.474269] (px4_msgs) StdoutLine: {'line': b'-- Up-to-date: /home/mustardking/ws_sensor_combined/install/px4_msgs/include/px4_msgs/px4_msgs/msg/detail/estimator_status_flags__rosidl_typesupport_fastrtps_c.h\n'}
[1.474293] (px4_msgs) StdoutLine: {'line': b'-- Up-to-date: /home/mustardking/ws_sensor_combined/install/px4_msgs/include/px4_msgs/px4_msgs/msg/detail/px4io_status__rosidl_typesupport_fastrtps_c.h\n'}
[1.474315] (px4_msgs) StdoutLine: {'line': b'-- Up-to-date: /home/mustardking/ws_sensor_combined/install/px4_msgs/include/px4_msgs/px4_msgs/msg/detail/vehicle_control_mode__rosidl_typesupport_fastrtps_c.h\n'}
[1.474336] (px4_msgs) StdoutLine: {'line': b'-- Up-to-date: /home/mustardking/ws_sensor_combined/install/px4_msgs/include/px4_msgs/px4_msgs/msg/detail/mission__rosidl_typesupport_fastrtps_c.h\n'}
[1.474358] (px4_msgs) StdoutLine: {'line': b'-- Up-to-date: /home/mustardking/ws_sensor_combined/install/px4_msgs/include/px4_msgs/px4_msgs/msg/detail/camera_status__rosidl_typesupport_fastrtps_c.h\n'}
[1.475037] (px4_msgs) StdoutLine: {'line': b'-- Up-to-date: /home/mustardking/ws_sensor_combined/install/px4_msgs/include/px4_msgs/px4_msgs/msg/detail/power_button_state__rosidl_typesupport_fastrtps_c.h\n'}
[1.475103] (px4_msgs) StdoutLine: {'line': b'-- Up-to-date: /home/mustardking/ws_sensor_combined/install/px4_msgs/include/px4_msgs/px4_msgs/msg/detail/mount_orientation__rosidl_typesupport_fastrtps_c.h\n'}
[1.475208] (px4_msgs) StdoutLine: {'line': b'-- Up-to-date: /home/mustardking/ws_sensor_combined/install/px4_msgs/include/px4_msgs/px4_msgs/msg/detail/landing_target_innovations__rosidl_typesupport_fastrtps_c.h\n'}
[1.475547] (px4_msgs) StdoutLine: {'line': b'-- Up-to-date: /home/mustardking/ws_sensor_combined/install/px4_msgs/include/px4_msgs/px4_msgs/msg/detail/fixed_wing_lateral_status__rosidl_typesupport_fastrtps_c.h\n'}
[1.475582] (px4_msgs) StdoutLine: {'line': b'-- Up-to-date: /home/mustardking/ws_sensor_combined/install/px4_msgs/include/px4_msgs/px4_msgs/msg/detail/satellite_info__rosidl_typesupport_fastrtps_c.h\n'}
[1.475622] (px4_msgs) StdoutLine: {'line': b'-- Up-to-date: /home/mustardking/ws_sensor_combined/install/px4_msgs/include/px4_msgs/px4_msgs/msg/detail/magnetometer_bias_estimate__rosidl_typesupport_fastrtps_c.h\n'}
[1.475762] (px4_msgs) StdoutLine: {'line': b'-- Up-to-date: /home/mustardking/ws_sensor_combined/install/px4_msgs/include/px4_msgs/px4_msgs/msg/detail/rc_parameter_map__rosidl_typesupport_fastrtps_c.h\n'}
[1.475969] (px4_msgs) StdoutLine: {'line': b'-- Up-to-date: /home/mustardking/ws_sensor_combined/install/px4_msgs/include/px4_msgs/px4_msgs/msg/detail/orb_test_medium__rosidl_typesupport_fastrtps_c.h\n'}
[1.476044] (px4_msgs) StdoutLine: {'line': b'-- Up-to-date: /home/mustardking/ws_sensor_combined/install/px4_msgs/include/px4_msgs/px4_msgs/msg/detail/adc_report__rosidl_typesupport_fastrtps_c.h\n'}
[1.476146] (px4_msgs) StdoutLine: {'line': b'-- Up-to-date: /home/mustardking/ws_sensor_combined/install/px4_msgs/include/px4_msgs/px4_msgs/msg/detail/ping__rosidl_typesupport_fastrtps_c.h\n'}
[1.476226] (px4_msgs) StdoutLine: {'line': b'-- Up-to-date: /home/mustardking/ws_sensor_combined/install/px4_msgs/include/px4_msgs/px4_msgs/msg/detail/estimator_gps_status__rosidl_typesupport_fastrtps_c.h\n'}
[1.476375] (px4_msgs) StdoutLine: {'line': b'-- Up-to-date: /home/mustardking/ws_sensor_combined/install/px4_msgs/include/px4_msgs/px4_msgs/msg/detail/fixed_wing_runway_control__rosidl_typesupport_fastrtps_c.h\n'}
[1.476466] (px4_msgs) StdoutLine: {'line': b'-- Up-to-date: /home/mustardking/ws_sensor_combined/install/px4_msgs/include/px4_msgs/px4_msgs/msg/detail/sensor_gyro_fft__rosidl_typesupport_fastrtps_c.h\n'}
[1.476558] (px4_msgs) StdoutLine: {'line': b'-- Up-to-date: /home/mustardking/ws_sensor_combined/install/px4_msgs/include/px4_msgs/px4_msgs/msg/detail/rover_rate_status__rosidl_typesupport_fastrtps_c.h\n'}
[1.476630] (px4_msgs) StdoutLine: {'line': b'-- Up-to-date: /home/mustardking/ws_sensor_combined/install/px4_msgs/include/px4_msgs/px4_msgs/msg/detail/fixed_wing_lateral_guidance_status__rosidl_typesupport_fastrtps_c.h\n'}
[1.476739] (px4_msgs) StdoutLine: {'line': b'-- Up-to-date: /home/mustardking/ws_sensor_combined/install/px4_msgs/include/px4_msgs/px4_msgs/msg/detail/gpio_request__rosidl_typesupport_fastrtps_c.h\n'}
[1.476821] (px4_msgs) StdoutLine: {'line': b'-- Up-to-date: /home/mustardking/ws_sensor_combined/install/px4_msgs/lib/libpx4_msgs__rosidl_typesupport_fastrtps_c.so\n'}
[1.476939] (px4_msgs) StdoutLine: {'line': b'-- Up-to-date: /home/mustardking/ws_sensor_combined/install/px4_msgs/include/px4_msgs/px4_msgs\n'}
[1.477034] (px4_msgs) StdoutLine: {'line': b'-- Up-to-date: /home/mustardking/ws_sensor_combined/install/px4_msgs/include/px4_msgs/px4_msgs/srv\n'}
[1.477131] (px4_msgs) StdoutLine: {'line': b'-- Up-to-date: /home/mustardking/ws_sensor_combined/install/px4_msgs/include/px4_msgs/px4_msgs/srv/vehicle_command.hpp\n'}
[1.477196] (px4_msgs) StdoutLine: {'line': b'-- Up-to-date: /home/mustardking/ws_sensor_combined/install/px4_msgs/include/px4_msgs/px4_msgs/srv/detail\n'}
[1.477278] (px4_msgs) StdoutLine: {'line': b'-- Up-to-date: /home/mustardking/ws_sensor_combined/install/px4_msgs/include/px4_msgs/px4_msgs/srv/detail/vehicle_command__builder.hpp\n'}
[1.477354] (px4_msgs) StdoutLine: {'line': b'-- Up-to-date: /home/mustardking/ws_sensor_combined/install/px4_msgs/include/px4_msgs/px4_msgs/srv/detail/vehicle_command__type_support.hpp\n'}
[1.477467] (px4_msgs) StdoutLine: {'line': b'-- Up-to-date: /home/mustardking/ws_sensor_combined/install/px4_msgs/include/px4_msgs/px4_msgs/srv/detail/vehicle_command__struct.hpp\n'}
[1.477549] (px4_msgs) StdoutLine: {'line': b'-- Up-to-date: /home/mustardking/ws_sensor_combined/install/px4_msgs/include/px4_msgs/px4_msgs/srv/detail/vehicle_command__traits.hpp\n'}
[1.477666] (px4_msgs) StdoutLine: {'line': b'-- Up-to-date: /home/mustardking/ws_sensor_combined/install/px4_msgs/include/px4_msgs/px4_msgs/msg\n'}
[1.477739] (px4_msgs) StdoutLine: {'line': b'-- Up-to-date: /home/mustardking/ws_sensor_combined/install/px4_msgs/include/px4_msgs/px4_msgs/msg/irlock_report.hpp\n'}
[1.477767] (px4_msgs) StdoutLine: {'line': b'-- Up-to-date: /home/mustardking/ws_sensor_combined/install/px4_msgs/include/px4_msgs/px4_msgs/msg/actuator_servos_trim.hpp\n'}
[1.477823] (px4_msgs) StdoutLine: {'line': b'-- Up-to-date: /home/mustardking/ws_sensor_combined/install/px4_msgs/include/px4_msgs/px4_msgs/msg/vehicle_angular_velocity.hpp\n'}
[1.477846] (px4_msgs) StdoutLine: {'line': b'-- Up-to-date: /home/mustardking/ws_sensor_combined/install/px4_msgs/include/px4_msgs/px4_msgs/msg/vehicle_local_position_setpoint.hpp\n'}
[1.477869] (px4_msgs) StdoutLine: {'line': b'-- Up-to-date: /home/mustardking/ws_sensor_combined/install/px4_msgs/include/px4_msgs/px4_msgs/msg/vehicle_status.hpp\n'}
[1.477892] (px4_msgs) StdoutLine: {'line': b'-- Up-to-date: /home/mustardking/ws_sensor_combined/install/px4_msgs/include/px4_msgs/px4_msgs/msg/rover_steering_setpoint.hpp\n'}
[1.477914] (px4_msgs) StdoutLine: {'line': b'-- Up-to-date: /home/mustardking/ws_sensor_combined/install/px4_msgs/include/px4_msgs/px4_msgs/msg/launch_detection_status.hpp\n'}
[1.477936] (px4_msgs) StdoutLine: {'line': b'-- Up-to-date: /home/mustardking/ws_sensor_combined/install/px4_msgs/include/px4_msgs/px4_msgs/msg/rc_parameter_map.hpp\n'}
[1.477958] (px4_msgs) StdoutLine: {'line': b'-- Up-to-date: /home/mustardking/ws_sensor_combined/install/px4_msgs/include/px4_msgs/px4_msgs/msg/velocity_limits.hpp\n'}
[1.477980] (px4_msgs) StdoutLine: {'line': b'-- Up-to-date: /home/mustardking/ws_sensor_combined/install/px4_msgs/include/px4_msgs/px4_msgs/msg/gpio_in.hpp\n'}
[1.478002] (px4_msgs) StdoutLine: {'line': b'-- Up-to-date: /home/mustardking/ws_sensor_combined/install/px4_msgs/include/px4_msgs/px4_msgs/msg/actuator_test.hpp\n'}
[1.478047] (px4_msgs) StdoutLine: {'line': b'-- Up-to-date: /home/mustardking/ws_sensor_combined/install/px4_msgs/include/px4_msgs/px4_msgs/msg/vehicle_air_data.hpp\n'}
[1.478128] (px4_msgs) StdoutLine: {'line': b'-- Up-to-date: /home/mustardking/ws_sensor_combined/install/px4_msgs/include/px4_msgs/px4_msgs/msg/radio_status.hpp\n'}
[1.478159] (px4_msgs) StdoutLine: {'line': b'-- Up-to-date: /home/mustardking/ws_sensor_combined/install/px4_msgs/include/px4_msgs/px4_msgs/msg/task_stack_info.hpp\n'}
[1.478197] (px4_msgs) StdoutLine: {'line': b'-- Up-to-date: /home/mustardking/ws_sensor_combined/install/px4_msgs/include/px4_msgs/px4_msgs/msg/control_allocator_status.hpp\n'}
[1.478262] (px4_msgs) StdoutLine: {'line': b'-- Up-to-date: /home/mustardking/ws_sensor_combined/install/px4_msgs/include/px4_msgs/px4_msgs/msg/orb_test_large.hpp\n'}
[1.478296] (px4_msgs) StdoutLine: {'line': b'-- Up-to-date: /home/mustardking/ws_sensor_combined/install/px4_msgs/include/px4_msgs/px4_msgs/msg/sensor_correction.hpp\n'}
[1.478318] (px4_msgs) StdoutLine: {'line': b'-- Up-to-date: /home/mustardking/ws_sensor_combined/install/px4_msgs/include/px4_msgs/px4_msgs/msg/vehicle_land_detected.hpp\n'}
[1.478342] (px4_msgs) StdoutLine: {'line': b'-- Up-to-date: /home/mustardking/ws_sensor_combined/install/px4_msgs/include/px4_msgs/px4_msgs/msg/adc_report.hpp\n'}
[1.478367] (px4_msgs) StdoutLine: {'line': b'-- Up-to-date: /home/mustardking/ws_sensor_combined/install/px4_msgs/include/px4_msgs/px4_msgs/msg/arming_check_reply.hpp\n'}
[1.478431] (px4_msgs) StdoutLine: {'line': b'-- Up-to-date: /home/mustardking/ws_sensor_combined/install/px4_msgs/include/px4_msgs/px4_msgs/msg/fixed_wing_lateral_setpoint.hpp\n'}
[1.478506] (px4_msgs) StdoutLine: {'line': b'-- Up-to-date: /home/mustardking/ws_sensor_combined/install/px4_msgs/include/px4_msgs/px4_msgs/msg/action_request.hpp\n'}
[1.478589] (px4_msgs) StdoutLine: {'line': b'-- Up-to-date: /home/mustardking/ws_sensor_combined/install/px4_msgs/include/px4_msgs/px4_msgs/msg/heater_status.hpp\n'}
[1.478663] (px4_msgs) StdoutLine: {'line': b'-- Up-to-date: /home/mustardking/ws_sensor_combined/install/px4_msgs/include/px4_msgs/px4_msgs/msg/vehicle_attitude.hpp\n'}
[1.478754] (px4_msgs) StdoutLine: {'line': b'-- Up-to-date: /home/mustardking/ws_sensor_combined/install/px4_msgs/include/px4_msgs/px4_msgs/msg/parameter_set_used_request.hpp\n'}
[1.478841] (px4_msgs) StdoutLine: {'line': b'-- Up-to-date: /home/mustardking/ws_sensor_combined/install/px4_msgs/include/px4_msgs/px4_msgs/msg/dronecan_node_status.hpp\n'}
[1.478904] (px4_msgs) StdoutLine: {'line': b'-- Up-to-date: /home/mustardking/ws_sensor_combined/install/px4_msgs/include/px4_msgs/px4_msgs/msg/geofence_result.hpp\n'}
[1.478960] (px4_msgs) StdoutLine: {'line': b'-- Up-to-date: /home/mustardking/ws_sensor_combined/install/px4_msgs/include/px4_msgs/px4_msgs/msg/sensors_status.hpp\n'}
[1.479052] (px4_msgs) StdoutLine: {'line': b'-- Up-to-date: /home/mustardking/ws_sensor_combined/install/px4_msgs/include/px4_msgs/px4_msgs/msg/normalized_unsigned_setpoint.hpp\n'}
[1.479135] (px4_msgs) StdoutLine: {'line': b'-- Up-to-date: /home/mustardking/ws_sensor_combined/install/px4_msgs/include/px4_msgs/px4_msgs/msg/position_setpoint_triplet.hpp\n'}
[1.479199] (px4_msgs) StdoutLine: {'line': b'-- Up-to-date: /home/mustardking/ws_sensor_combined/install/px4_msgs/include/px4_msgs/px4_msgs/msg/vehicle_command_ack.hpp\n'}
[1.479372] (px4_msgs) StdoutLine: {'line': b'-- Up-to-date: /home/mustardking/ws_sensor_combined/install/px4_msgs/include/px4_msgs/px4_msgs/msg/neural_control.hpp\n'}
[1.479468] (px4_msgs) StdoutLine: {'line': b'-- Up-to-date: /home/mustardking/ws_sensor_combined/install/px4_msgs/include/px4_msgs/px4_msgs/msg/offboard_control_mode.hpp\n'}
[1.479565] (px4_msgs) StdoutLine: {'line': b'-- Up-to-date: /home/mustardking/ws_sensor_combined/install/px4_msgs/include/px4_msgs/px4_msgs/msg/esc_report.hpp\n'}
[1.479633] (px4_msgs) StdoutLine: {'line': b'-- Up-to-date: /home/mustardking/ws_sensor_combined/install/px4_msgs/include/px4_msgs/px4_msgs/msg/estimator_gps_status.hpp\n'}
[1.479709] (px4_msgs) StdoutLine: {'line': b'-- Up-to-date: /home/mustardking/ws_sensor_combined/install/px4_msgs/include/px4_msgs/px4_msgs/msg/sensor_mag.hpp\n'}
[1.479840] (px4_msgs) StdoutLine: {'line': b'-- Up-to-date: /home/mustardking/ws_sensor_combined/install/px4_msgs/include/px4_msgs/px4_msgs/msg/actuator_controls_status.hpp\n'}
[1.479897] (px4_msgs) StdoutLine: {'line': b'-- Up-to-date: /home/mustardking/ws_sensor_combined/install/px4_msgs/include/px4_msgs/px4_msgs/msg/wheel_encoders.hpp\n'}
[1.479960] (px4_msgs) StdoutLine: {'line': b'-- Up-to-date: /home/mustardking/ws_sensor_combined/install/px4_msgs/include/px4_msgs/px4_msgs/msg/sensor_hygrometer.hpp\n'}
[1.480023] (px4_msgs) StdoutLine: {'line': b'-- Up-to-date: /home/mustardking/ws_sensor_combined/install/px4_msgs/include/px4_msgs/px4_msgs/msg/open_drone_id_system.hpp\n'}
[1.480092] (px4_msgs) StdoutLine: {'line': b'-- Up-to-date: /home/mustardking/ws_sensor_combined/install/px4_msgs/include/px4_msgs/px4_msgs/msg/hover_thrust_estimate.hpp\n'}
[1.480175] (px4_msgs) StdoutLine: {'line': b'-- Up-to-date: /home/mustardking/ws_sensor_combined/install/px4_msgs/include/px4_msgs/px4_msgs/msg/gpio_config.hpp\n'}
[1.480253] (px4_msgs) StdoutLine: {'line': b'-- Up-to-date: /home/mustardking/ws_sensor_combined/install/px4_msgs/include/px4_msgs/px4_msgs/msg/open_drone_id_self_id.hpp\n'}
[1.480341] (px4_msgs) StdoutLine: {'line': b'-- Up-to-date: /home/mustardking/ws_sensor_combined/install/px4_msgs/include/px4_msgs/px4_msgs/msg/config_overrides.hpp\n'}
[1.480431] (px4_msgs) StdoutLine: {'line': b'-- Up-to-date: /home/mustardking/ws_sensor_combined/install/px4_msgs/include/px4_msgs/px4_msgs/msg/landing_target_innovations.hpp\n'}
[1.480459] (px4_msgs) StdoutLine: {'line': b'-- Up-to-date: /home/mustardking/ws_sensor_combined/install/px4_msgs/include/px4_msgs/px4_msgs/msg/landing_gear.hpp\n'}
[1.480481] (px4_msgs) StdoutLine: {'line': b'-- Up-to-date: /home/mustardking/ws_sensor_combined/install/px4_msgs/include/px4_msgs/px4_msgs/msg/estimator_event_flags.hpp\n'}
[1.480503] (px4_msgs) StdoutLine: {'line': b'-- Up-to-date: /home/mustardking/ws_sensor_combined/install/px4_msgs/include/px4_msgs/px4_msgs/msg/rover_attitude_status.hpp\n'}
[1.480525] (px4_msgs) StdoutLine: {'line': b'-- Up-to-date: /home/mustardking/ws_sensor_combined/install/px4_msgs/include/px4_msgs/px4_msgs/msg/rpm.hpp\n'}
[1.480549] (px4_msgs) StdoutLine: {'line': b'-- Up-to-date: /home/mustardking/ws_sensor_combined/install/px4_msgs/include/px4_msgs/px4_msgs/msg/dataman_request.hpp\n'}
[1.480571] (px4_msgs) StdoutLine: {'line': b'-- Up-to-date: /home/mustardking/ws_sensor_combined/install/px4_msgs/include/px4_msgs/px4_msgs/msg/mavlink_log.hpp\n'}
[1.480592] (px4_msgs) StdoutLine: {'line': b'-- Up-to-date: /home/mustardking/ws_sensor_combined/install/px4_msgs/include/px4_msgs/px4_msgs/msg/rc_channels.hpp\n'}
[1.480614] (px4_msgs) StdoutLine: {'line': b'-- Up-to-date: /home/mustardking/ws_sensor_combined/install/px4_msgs/include/px4_msgs/px4_msgs/msg/goto_setpoint.hpp\n'}
[1.480636] (px4_msgs) StdoutLine: {'line': b'-- Up-to-date: /home/mustardking/ws_sensor_combined/install/px4_msgs/include/px4_msgs/px4_msgs/msg/sensor_gyro.hpp\n'}
[1.480658] (px4_msgs) StdoutLine: {'line': b'-- Up-to-date: /home/mustardking/ws_sensor_combined/install/px4_msgs/include/px4_msgs/px4_msgs/msg/fixed_wing_lateral_guidance_status.hpp\n'}
[1.480771] (px4_msgs) StdoutLine: {'line': b'-- Up-to-date: /home/mustardking/ws_sensor_combined/install/px4_msgs/include/px4_msgs/px4_msgs/msg/generator_status.hpp\n'}
[1.480851] (px4_msgs) StdoutLine: {'line': b'-- Up-to-date: /home/mustardking/ws_sensor_combined/install/px4_msgs/include/px4_msgs/px4_msgs/msg/tune_control.hpp\n'}
[1.480980] (px4_msgs) StdoutLine: {'line': b'-- Up-to-date: /home/mustardking/ws_sensor_combined/install/px4_msgs/include/px4_msgs/px4_msgs/msg/trajectory_setpoint6dof.hpp\n'}
[1.481055] (px4_msgs) StdoutLine: {'line': b'-- Up-to-date: /home/mustardking/ws_sensor_combined/install/px4_msgs/include/px4_msgs/px4_msgs/msg/cellular_status.hpp\n'}
[1.481128] (px4_msgs) StdoutLine: {'line': b'-- Up-to-date: /home/mustardking/ws_sensor_combined/install/px4_msgs/include/px4_msgs/px4_msgs/msg/sensor_airflow.hpp\n'}
[1.481248] (px4_msgs) StdoutLine: {'line': b'-- Up-to-date: /home/mustardking/ws_sensor_combined/install/px4_msgs/include/px4_msgs/px4_msgs/msg/camera_capture.hpp\n'}
[1.481343] (px4_msgs) StdoutLine: {'line': b'-- Up-to-date: /home/mustardking/ws_sensor_combined/install/px4_msgs/include/px4_msgs/px4_msgs/msg/pps_capture.hpp\n'}
[1.482065] (px4_msgs) StdoutLine: {'line': b'-- Up-to-date: /home/mustardking/ws_sensor_combined/install/px4_msgs/include/px4_msgs/px4_msgs/msg/button_event.hpp\n'}
[1.482112] (px4_msgs) StdoutLine: {'line': b'-- Up-to-date: /home/mustardking/ws_sensor_combined/install/px4_msgs/include/px4_msgs/px4_msgs/msg/differential_pressure.hpp\n'}
[1.482135] (px4_msgs) StdoutLine: {'line': b'-- Up-to-date: /home/mustardking/ws_sensor_combined/install/px4_msgs/include/px4_msgs/px4_msgs/msg/actuator_outputs.hpp\n'}
[1.482157] (px4_msgs) StdoutLine: {'line': b'-- Up-to-date: /home/mustardking/ws_sensor_combined/install/px4_msgs/include/px4_msgs/px4_msgs/msg/input_rc.hpp\n'}
[1.482185] (px4_msgs) StdoutLine: {'line': b'-- Up-to-date: /home/mustardking/ws_sensor_combined/install/px4_msgs/include/px4_msgs/px4_msgs/msg/estimator_bias.hpp\n'}
[1.482208] (px4_msgs) StdoutLine: {'line': b'-- Up-to-date: /home/mustardking/ws_sensor_combined/install/px4_msgs/include/px4_msgs/px4_msgs/msg/gimbal_manager_information.hpp\n'}
[1.482231] (px4_msgs) StdoutLine: {'line': b'-- Up-to-date: /home/mustardking/ws_sensor_combined/install/px4_msgs/include/px4_msgs/px4_msgs/msg/internal_combustion_engine_status.hpp\n'}
[1.482253] (px4_msgs) StdoutLine: {'line': b'-- Up-to-date: /home/mustardking/ws_sensor_combined/install/px4_msgs/include/px4_msgs/px4_msgs/msg/rover_position_setpoint.hpp\n'}
[1.482275] (px4_msgs) StdoutLine: {'line': b'-- Up-to-date: /home/mustardking/ws_sensor_combined/install/px4_msgs/include/px4_msgs/px4_msgs/msg/vehicle_rates_setpoint.hpp\n'}
[1.482297] (px4_msgs) StdoutLine: {'line': b'-- Up-to-date: /home/mustardking/ws_sensor_combined/install/px4_msgs/include/px4_msgs/px4_msgs/msg/rate_ctrl_status.hpp\n'}
[1.482318] (px4_msgs) StdoutLine: {'line': b'-- Up-to-date: /home/mustardking/ws_sensor_combined/install/px4_msgs/include/px4_msgs/px4_msgs/msg/camera_status.hpp\n'}
[1.482350] (px4_msgs) StdoutLine: {'line': b'-- Up-to-date: /home/mustardking/ws_sensor_combined/install/px4_msgs/include/px4_msgs/px4_msgs/msg/flight_phase_estimation.hpp\n'}
[1.482372] (px4_msgs) StdoutLine: {'line': b'-- Up-to-date: /home/mustardking/ws_sensor_combined/install/px4_msgs/include/px4_msgs/px4_msgs/msg/parameter_set_value_request.hpp\n'}
[1.482394] (px4_msgs) StdoutLine: {'line': b'-- Up-to-date: /home/mustardking/ws_sensor_combined/install/px4_msgs/include/px4_msgs/px4_msgs/msg/distance_sensor.hpp\n'}
[1.482415] (px4_msgs) StdoutLine: {'line': b'-- Up-to-date: /home/mustardking/ws_sensor_combined/install/px4_msgs/include/px4_msgs/px4_msgs/msg/dataman_response.hpp\n'}
[1.482438] (px4_msgs) StdoutLine: {'line': b'-- Up-to-date: /home/mustardking/ws_sensor_combined/install/px4_msgs/include/px4_msgs/px4_msgs/msg/follow_target.hpp\n'}
[1.482459] (px4_msgs) StdoutLine: {'line': b'-- Up-to-date: /home/mustardking/ws_sensor_combined/install/px4_msgs/include/px4_msgs/px4_msgs/msg/distance_sensor_mode_change_request.hpp\n'}
[1.482481] (px4_msgs) StdoutLine: {'line': b'-- Up-to-date: /home/mustardking/ws_sensor_combined/install/px4_msgs/include/px4_msgs/px4_msgs/msg/gimbal_controls.hpp\n'}
[1.482503] (px4_msgs) StdoutLine: {'line': b'-- Up-to-date: /home/mustardking/ws_sensor_combined/install/px4_msgs/include/px4_msgs/px4_msgs/msg/logger_status.hpp\n'}
[1.482541] (px4_msgs) StdoutLine: {'line': b'-- Up-to-date: /home/mustardking/ws_sensor_combined/install/px4_msgs/include/px4_msgs/px4_msgs/msg/vehicle_imu.hpp\n'}
[1.482563] (px4_msgs) StdoutLine: {'line': b'-- Up-to-date: /home/mustardking/ws_sensor_combined/install/px4_msgs/include/px4_msgs/px4_msgs/msg/gimbal_device_attitude_status.hpp\n'}
[1.482584] (px4_msgs) StdoutLine: {'line': b'-- Up-to-date: /home/mustardking/ws_sensor_combined/install/px4_msgs/include/px4_msgs/px4_msgs/msg/ulog_stream_ack.hpp\n'}
[1.482606] (px4_msgs) StdoutLine: {'line': b'-- Up-to-date: /home/mustardking/ws_sensor_combined/install/px4_msgs/include/px4_msgs/px4_msgs/msg/trajectory_setpoint.hpp\n'}
[1.482628] (px4_msgs) StdoutLine: {'line': b'-- Up-to-date: /home/mustardking/ws_sensor_combined/install/px4_msgs/include/px4_msgs/px4_msgs/msg/qshell_req.hpp\n'}
[1.482650] (px4_msgs) StdoutLine: {'line': b'-- Up-to-date: /home/mustardking/ws_sensor_combined/install/px4_msgs/include/px4_msgs/px4_msgs/msg/estimator_aid_source3d.hpp\n'}
[1.482700] (px4_msgs) StdoutLine: {'line': b'-- Up-to-date: /home/mustardking/ws_sensor_combined/install/px4_msgs/include/px4_msgs/px4_msgs/msg/rtl_time_estimate.hpp\n'}
[1.482726] (px4_msgs) StdoutLine: {'line': b'-- Up-to-date: /home/mustardking/ws_sensor_combined/install/px4_msgs/include/px4_msgs/px4_msgs/msg/sensor_gyro_fifo.hpp\n'}
[1.482747] (px4_msgs) StdoutLine: {'line': b'-- Up-to-date: /home/mustardking/ws_sensor_combined/install/px4_msgs/include/px4_msgs/px4_msgs/msg/magnetometer_bias_estimate.hpp\n'}
[1.482769] (px4_msgs) StdoutLine: {'line': b'-- Up-to-date: /home/mustardking/ws_sensor_combined/install/px4_msgs/include/px4_msgs/px4_msgs/msg/parameter_update.hpp\n'}
[1.482792] (px4_msgs) StdoutLine: {'line': b'-- Up-to-date: /home/mustardking/ws_sensor_combined/install/px4_msgs/include/px4_msgs/px4_msgs/msg/gimbal_manager_set_manual_control.hpp\n'}
[1.482814] (px4_msgs) StdoutLine: {'line': b'-- Up-to-date: /home/mustardking/ws_sensor_combined/install/px4_msgs/include/px4_msgs/px4_msgs/msg/position_setpoint.hpp\n'}
[1.482887] (px4_msgs) StdoutLine: {'line': b'-- Up-to-date: /home/mustardking/ws_sensor_combined/install/px4_msgs/include/px4_msgs/px4_msgs/msg/gripper.hpp\n'}
[1.482936] (px4_msgs) StdoutLine: {'line': b'-- Up-to-date: /home/mustardking/ws_sensor_combined/install/px4_msgs/include/px4_msgs/px4_msgs/msg/vehicle_local_position.hpp\n'}
[1.482958] (px4_msgs) StdoutLine: {'line': b'-- Up-to-date: /home/mustardking/ws_sensor_combined/install/px4_msgs/include/px4_msgs/px4_msgs/msg/sensor_uwb.hpp\n'}
[1.483017] (px4_msgs) StdoutLine: {'line': b'-- Up-to-date: /home/mustardking/ws_sensor_combined/install/px4_msgs/include/px4_msgs/px4_msgs/msg/sensor_selection.hpp\n'}
[1.483039] (px4_msgs) StdoutLine: {'line': b'-- Up-to-date: /home/mustardking/ws_sensor_combined/install/px4_msgs/include/px4_msgs/px4_msgs/msg/transponder_report.hpp\n'}
[1.483061] (px4_msgs) StdoutLine: {'line': b'-- Up-to-date: /home/mustardking/ws_sensor_combined/install/px4_msgs/include/px4_msgs/px4_msgs/msg/longitudinal_control_configuration.hpp\n'}
[1.483087] (px4_msgs) StdoutLine: {'line': b'-- Up-to-date: /home/mustardking/ws_sensor_combined/install/px4_msgs/include/px4_msgs/px4_msgs/msg/estimator_selector_status.hpp\n'}
[1.483109] (px4_msgs) StdoutLine: {'line': b'-- Up-to-date: /home/mustardking/ws_sensor_combined/install/px4_msgs/include/px4_msgs/px4_msgs/msg/failsafe_flags.hpp\n'}
[1.483131] (px4_msgs) StdoutLine: {'line': b'-- Up-to-date: /home/mustardking/ws_sensor_combined/install/px4_msgs/include/px4_msgs/px4_msgs/msg/vehicle_optical_flow.hpp\n'}
[1.483153] (px4_msgs) StdoutLine: {'line': b'-- Up-to-date: /home/mustardking/ws_sensor_combined/install/px4_msgs/include/px4_msgs/px4_msgs/msg/vtol_vehicle_status.hpp\n'}
[1.483175] (px4_msgs) StdoutLine: {'line': b'-- Up-to-date: /home/mustardking/ws_sensor_combined/install/px4_msgs/include/px4_msgs/px4_msgs/msg/position_controller_landing_status.hpp\n'}
[1.483196] (px4_msgs) StdoutLine: {'line': b'-- Up-to-date: /home/mustardking/ws_sensor_combined/install/px4_msgs/include/px4_msgs/px4_msgs/msg/airspeed_wind.hpp\n'}
[1.483218] (px4_msgs) StdoutLine: {'line': b'-- Up-to-date: /home/mustardking/ws_sensor_combined/install/px4_msgs/include/px4_msgs/px4_msgs/msg/vehicle_control_mode.hpp\n'}
[1.483405] (px4_msgs) StdoutLine: {'line': b'-- Up-to-date: /home/mustardking/ws_sensor_combined/install/px4_msgs/include/px4_msgs/px4_msgs/msg/battery_status.hpp\n'}
[1.483476] (px4_msgs) StdoutLine: {'line': b'-- Up-to-date: /home/mustardking/ws_sensor_combined/install/px4_msgs/include/px4_msgs/px4_msgs/msg/sensor_combined.hpp\n'}
[1.483614] (px4_msgs) StdoutLine: {'line': b'-- Up-to-date: /home/mustardking/ws_sensor_combined/install/px4_msgs/include/px4_msgs/px4_msgs/msg/gimbal_manager_status.hpp\n'}
[1.483680] (px4_msgs) StdoutLine: {'line': b'-- Up-to-date: /home/mustardking/ws_sensor_combined/install/px4_msgs/include/px4_msgs/px4_msgs/msg/geofence_status.hpp\n'}
[1.483751] (px4_msgs) StdoutLine: {'line': b'-- Up-to-date: /home/mustardking/ws_sensor_combined/install/px4_msgs/include/px4_msgs/px4_msgs/msg/mount_orientation.hpp\n'}
[1.483814] (px4_msgs) StdoutLine: {'line': b'-- Up-to-date: /home/mustardking/ws_sensor_combined/install/px4_msgs/include/px4_msgs/px4_msgs/msg/lateral_control_configuration.hpp\n'}
[1.483877] (px4_msgs) StdoutLine: {'line': b'-- Up-to-date: /home/mustardking/ws_sensor_combined/install/px4_msgs/include/px4_msgs/px4_msgs/msg/manual_control_setpoint.hpp\n'}
[1.483985] (px4_msgs) StdoutLine: {'line': b'-- Up-to-date: /home/mustardking/ws_sensor_combined/install/px4_msgs/include/px4_msgs/px4_msgs/msg/estimator_aid_source1d.hpp\n'}
[1.484063] (px4_msgs) StdoutLine: {'line': b'-- Up-to-date: /home/mustardking/ws_sensor_combined/install/px4_msgs/include/px4_msgs/px4_msgs/msg/vehicle_roi.hpp\n'}
[1.484132] (px4_msgs) StdoutLine: {'line': b'-- Up-to-date: /home/mustardking/ws_sensor_combined/install/px4_msgs/include/px4_msgs/px4_msgs/msg/estimator_innovations.hpp\n'}
[1.484205] (px4_msgs) StdoutLine: {'line': b'-- Up-to-date: /home/mustardking/ws_sensor_combined/install/px4_msgs/include/px4_msgs/px4_msgs/msg/orbit_status.hpp\n'}
[1.484305] (px4_msgs) StdoutLine: {'line': b'-- Up-to-date: /home/mustardking/ws_sensor_combined/install/px4_msgs/include/px4_msgs/px4_msgs/msg/gimbal_manager_set_attitude.hpp\n'}
[1.484387] (px4_msgs) StdoutLine: {'line': b'-- Up-to-date: /home/mustardking/ws_sensor_combined/install/px4_msgs/include/px4_msgs/px4_msgs/msg/satellite_info.hpp\n'}
[1.484482] (px4_msgs) StdoutLine: {'line': b'-- Up-to-date: /home/mustardking/ws_sensor_combined/install/px4_msgs/include/px4_msgs/px4_msgs/msg/wind.hpp\n'}
[1.484585] (px4_msgs) StdoutLine: {'line': b'-- Up-to-date: /home/mustardking/ws_sensor_combined/install/px4_msgs/include/px4_msgs/px4_msgs/msg/sensor_optical_flow.hpp\n'}
[1.484683] (px4_msgs) StdoutLine: {'line': b'-- Up-to-date: /home/mustardking/ws_sensor_combined/install/px4_msgs/include/px4_msgs/px4_msgs/msg/message_format_response.hpp\n'}
[1.484746] (px4_msgs) StdoutLine: {'line': b'-- Up-to-date: /home/mustardking/ws_sensor_combined/install/px4_msgs/include/px4_msgs/px4_msgs/msg/telemetry_status.hpp\n'}
[1.484818] (px4_msgs) StdoutLine: {'line': b'-- Up-to-date: /home/mustardking/ws_sensor_combined/install/px4_msgs/include/px4_msgs/px4_msgs/msg/orb_test.hpp\n'}
[1.484881] (px4_msgs) StdoutLine: {'line': b'-- Up-to-date: /home/mustardking/ws_sensor_combined/install/px4_msgs/include/px4_msgs/px4_msgs/msg/sensor_preflight_mag.hpp\n'}
[1.484953] (px4_msgs) StdoutLine: {'line': b'-- Up-to-date: /home/mustardking/ws_sensor_combined/install/px4_msgs/include/px4_msgs/px4_msgs/msg/uavcan_parameter_value.hpp\n'}
[1.485026] (px4_msgs) StdoutLine: {'line': b'-- Up-to-date: /home/mustardking/ws_sensor_combined/install/px4_msgs/include/px4_msgs/px4_msgs/msg/fixed_wing_lateral_status.hpp\n'}
[1.485089] (px4_msgs) StdoutLine: {'line': b'-- Up-to-date: /home/mustardking/ws_sensor_combined/install/px4_msgs/include/px4_msgs/px4_msgs/msg/cpuload.hpp\n'}
[1.485163] (px4_msgs) StdoutLine: {'line': b'-- Up-to-date: /home/mustardking/ws_sensor_combined/install/px4_msgs/include/px4_msgs/px4_msgs/msg/log_message.hpp\n'}
[1.485233] (px4_msgs) StdoutLine: {'line': b'-- Up-to-date: /home/mustardking/ws_sensor_combined/install/px4_msgs/include/px4_msgs/px4_msgs/msg/navigator_status.hpp\n'}
[1.485424] (px4_msgs) StdoutLine: {'line': b'-- Up-to-date: /home/mustardking/ws_sensor_combined/install/px4_msgs/include/px4_msgs/px4_msgs/msg/vehicle_torque_setpoint.hpp\n'}
[1.485566] (px4_msgs) StdoutLine: {'line': b'-- Up-to-date: /home/mustardking/ws_sensor_combined/install/px4_msgs/include/px4_msgs/px4_msgs/msg/home_position.hpp\n'}
[1.485682] (px4_msgs) StdoutLine: {'line': b'-- Up-to-date: /home/mustardking/ws_sensor_combined/install/px4_msgs/include/px4_msgs/px4_msgs/msg/uavcan_parameter_request.hpp\n'}
[1.485811] (px4_msgs) StdoutLine: {'line': b'-- Up-to-date: /home/mustardking/ws_sensor_combined/install/px4_msgs/include/px4_msgs/px4_msgs/msg/navigator_mission_item.hpp\n'}
[1.485941] (px4_msgs) StdoutLine: {'line': b'-- Up-to-date: /home/mustardking/ws_sensor_combined/install/px4_msgs/include/px4_msgs/px4_msgs/msg/actuator_motors.hpp\n'}
[1.486029] (px4_msgs) StdoutLine: {'line': b'-- Up-to-date: /home/mustardking/ws_sensor_combined/install/px4_msgs/include/px4_msgs/px4_msgs/msg/arming_check_request.hpp\n'}
[1.486145] (px4_msgs) StdoutLine: {'line': b'-- Up-to-date: /home/mustardking/ws_sensor_combined/install/px4_msgs/include/px4_msgs/px4_msgs/msg/landing_gear_wheel.hpp\n'}
[1.486275] (px4_msgs) StdoutLine: {'line': b'-- Up-to-date: /home/mustardking/ws_sensor_combined/install/px4_msgs/include/px4_msgs/px4_msgs/msg/vehicle_angular_acceleration_setpoint.hpp\n'}
[1.486376] (px4_msgs) StdoutLine: {'line': b'-- Up-to-date: /home/mustardking/ws_sensor_combined/install/px4_msgs/include/px4_msgs/px4_msgs/msg/sensor_baro.hpp\n'}
[1.486400] (px4_msgs) StdoutLine: {'line': b'-- Up-to-date: /home/mustardking/ws_sensor_combined/install/px4_msgs/include/px4_msgs/px4_msgs/msg/rover_attitude_setpoint.hpp\n'}
[1.486423] (px4_msgs) StdoutLine: {'line': b'-- Up-to-date: /home/mustardking/ws_sensor_combined/install/px4_msgs/include/px4_msgs/px4_msgs/msg/landing_target_pose.hpp\n'}
[1.486446] (px4_msgs) StdoutLine: {'line': b'-- Up-to-date: /home/mustardking/ws_sensor_combined/install/px4_msgs/include/px4_msgs/px4_msgs/msg/airspeed.hpp\n'}
[1.486468] (px4_msgs) StdoutLine: {'line': b'-- Up-to-date: /home/mustardking/ws_sensor_combined/install/px4_msgs/include/px4_msgs/px4_msgs/msg/manual_control_switches.hpp\n'}
[1.486492] (px4_msgs) StdoutLine: {'line': b'-- Up-to-date: /home/mustardking/ws_sensor_combined/install/px4_msgs/include/px4_msgs/px4_msgs/msg/estimator_status.hpp\n'}
[1.486514] (px4_msgs) StdoutLine: {'line': b'-- Up-to-date: /home/mustardking/ws_sensor_combined/install/px4_msgs/include/px4_msgs/px4_msgs/msg/power_button_state.hpp\n'}
[1.486536] (px4_msgs) StdoutLine: {'line': b'-- Up-to-date: /home/mustardking/ws_sensor_combined/install/px4_msgs/include/px4_msgs/px4_msgs/msg/gimbal_device_information.hpp\n'}
[1.486559] (px4_msgs) StdoutLine: {'line': b'-- Up-to-date: /home/mustardking/ws_sensor_combined/install/px4_msgs/include/px4_msgs/px4_msgs/msg/rosidl_generator_cpp__visibility_control.hpp\n'}
[1.486581] (px4_msgs) StdoutLine: {'line': b'-- Up-to-date: /home/mustardking/ws_sensor_combined/install/px4_msgs/include/px4_msgs/px4_msgs/msg/rover_speed_setpoint.hpp\n'}
[1.486603] (px4_msgs) StdoutLine: {'line': b'-- Up-to-date: /home/mustardking/ws_sensor_combined/install/px4_msgs/include/px4_msgs/px4_msgs/msg/power_monitor.hpp\n'}
[1.486632] (px4_msgs) StdoutLine: {'line': b'-- Up-to-date: /home/mustardking/ws_sensor_combined/install/px4_msgs/include/px4_msgs/px4_msgs/msg/vehicle_optical_flow_vel.hpp\n'}
[1.486654] (px4_msgs) StdoutLine: {'line': b'-- Up-to-date: /home/mustardking/ws_sensor_combined/install/px4_msgs/include/px4_msgs/px4_msgs/msg/battery_info.hpp\n'}
[1.486676] (px4_msgs) StdoutLine: {'line': b'-- Up-to-date: /home/mustardking/ws_sensor_combined/install/px4_msgs/include/px4_msgs/px4_msgs/msg/fuel_tank_status.hpp\n'}
[1.486698] (px4_msgs) StdoutLine: {'line': b'-- Up-to-date: /home/mustardking/ws_sensor_combined/install/px4_msgs/include/px4_msgs/px4_msgs/msg/register_ext_component_request.hpp\n'}
[1.486721] (px4_msgs) StdoutLine: {'line': b'-- Up-to-date: /home/mustardking/ws_sensor_combined/install/px4_msgs/include/px4_msgs/px4_msgs/msg/gimbal_device_set_attitude.hpp\n'}
[1.486743] (px4_msgs) StdoutLine: {'line': b'-- Up-to-date: /home/mustardking/ws_sensor_combined/install/px4_msgs/include/px4_msgs/px4_msgs/msg/rover_rate_setpoint.hpp\n'}
[1.486765] (px4_msgs) StdoutLine: {'line': b'-- Up-to-date: /home/mustardking/ws_sensor_combined/install/px4_msgs/include/px4_msgs/px4_msgs/msg/ekf2_timestamps.hpp\n'}
[1.486787] (px4_msgs) StdoutLine: {'line': b'-- Up-to-date: /home/mustardking/ws_sensor_combined/install/px4_msgs/include/px4_msgs/px4_msgs/msg/iridiumsbd_status.hpp\n'}
[1.486810] (px4_msgs) StdoutLine: {'line': b'-- Up-to-date: /home/mustardking/ws_sensor_combined/install/px4_msgs/include/px4_msgs/px4_msgs/msg/gpio_out.hpp\n'}
[1.486832] (px4_msgs) StdoutLine: {'line': b'-- Up-to-date: /home/mustardking/ws_sensor_combined/install/px4_msgs/include/px4_msgs/px4_msgs/msg/position_controller_status.hpp\n'}
[1.486854] (px4_msgs) StdoutLine: {'line': b'-- Up-to-date: /home/mustardking/ws_sensor_combined/install/px4_msgs/include/px4_msgs/px4_msgs/msg/fixed_wing_runway_control.hpp\n'}
[1.486876] (px4_msgs) StdoutLine: {'line': b'-- Up-to-date: /home/mustardking/ws_sensor_combined/install/px4_msgs/include/px4_msgs/px4_msgs/msg/fixed_wing_longitudinal_setpoint.hpp\n'}
[1.486898] (px4_msgs) StdoutLine: {'line': b'-- Up-to-date: /home/mustardking/ws_sensor_combined/install/px4_msgs/include/px4_msgs/px4_msgs/msg/ulog_stream.hpp\n'}
[1.486921] (px4_msgs) StdoutLine: {'line': b'-- Up-to-date: /home/mustardking/ws_sensor_combined/install/px4_msgs/include/px4_msgs/px4_msgs/msg/open_drone_id_arm_status.hpp\n'}
[1.486943] (px4_msgs) StdoutLine: {'line': b'-- Up-to-date: /home/mustardking/ws_sensor_combined/install/px4_msgs/include/px4_msgs/px4_msgs/msg/sensor_accel_fifo.hpp\n'}
[1.486965] (px4_msgs) StdoutLine: {'line': b'-- Up-to-date: /home/mustardking/ws_sensor_combined/install/px4_msgs/include/px4_msgs/px4_msgs/msg/vehicle_global_position.hpp\n'}
[1.486991] (px4_msgs) StdoutLine: {'line': b'-- Up-to-date: /home/mustardking/ws_sensor_combined/install/px4_msgs/include/px4_msgs/px4_msgs/msg/can_interface_status.hpp\n'}
[1.487013] (px4_msgs) StdoutLine: {'line': b'-- Up-to-date: /home/mustardking/ws_sensor_combined/install/px4_msgs/include/px4_msgs/px4_msgs/msg/debug_vect.hpp\n'}
[1.487034] (px4_msgs) StdoutLine: {'line': b'-- Up-to-date: /home/mustardking/ws_sensor_combined/install/px4_msgs/include/px4_msgs/px4_msgs/msg/px4io_status.hpp\n'}
[1.487056] (px4_msgs) StdoutLine: {'line': b'-- Up-to-date: /home/mustardking/ws_sensor_combined/install/px4_msgs/include/px4_msgs/px4_msgs/msg/obstacle_distance.hpp\n'}
[1.487078] (px4_msgs) StdoutLine: {'line': b'-- Up-to-date: /home/mustardking/ws_sensor_combined/install/px4_msgs/include/px4_msgs/px4_msgs/msg/sensor_gyro_fft.hpp\n'}
[1.487101] (px4_msgs) StdoutLine: {'line': b'-- Up-to-date: /home/mustardking/ws_sensor_combined/install/px4_msgs/include/px4_msgs/px4_msgs/msg/rover_rate_status.hpp\n'}
[1.487122] (px4_msgs) StdoutLine: {'line': b'-- Up-to-date: /home/mustardking/ws_sensor_combined/install/px4_msgs/include/px4_msgs/px4_msgs/msg/follow_target_status.hpp\n'}
[1.487144] (px4_msgs) StdoutLine: {'line': b'-- Up-to-date: /home/mustardking/ws_sensor_combined/install/px4_msgs/include/px4_msgs/px4_msgs/msg/estimator_status_flags.hpp\n'}
[1.487167] (px4_msgs) StdoutLine: {'line': b'-- Up-to-date: /home/mustardking/ws_sensor_combined/install/px4_msgs/include/px4_msgs/px4_msgs/msg/system_power.hpp\n'}
[1.487190] (px4_msgs) StdoutLine: {'line': b'-- Up-to-date: /home/mustardking/ws_sensor_combined/install/px4_msgs/include/px4_msgs/px4_msgs/msg/rtl_status.hpp\n'}
[1.487213] (px4_msgs) StdoutLine: {'line': b'-- Up-to-date: /home/mustardking/ws_sensor_combined/install/px4_msgs/include/px4_msgs/px4_msgs/msg/timesync_status.hpp\n'}
[1.487234] (px4_msgs) StdoutLine: {'line': b'-- Up-to-date: /home/mustardking/ws_sensor_combined/install/px4_msgs/include/px4_msgs/px4_msgs/msg/mode_completed.hpp\n'}
[1.487256] (px4_msgs) StdoutLine: {'line': b'-- Up-to-date: /home/mustardking/ws_sensor_combined/install/px4_msgs/include/px4_msgs/px4_msgs/msg/estimator_bias3d.hpp\n'}
[1.487311] (px4_msgs) StdoutLine: {'line': b'-- Up-to-date: /home/mustardking/ws_sensor_combined/install/px4_msgs/include/px4_msgs/px4_msgs/msg/led_control.hpp\n'}
[1.487343] (px4_msgs) StdoutLine: {'line': b'-- Up-to-date: /home/mustardking/ws_sensor_combined/install/px4_msgs/include/px4_msgs/px4_msgs/msg/qshell_retval.hpp\n'}
[1.487365] (px4_msgs) StdoutLine: {'line': b'-- Up-to-date: /home/mustardking/ws_sensor_combined/install/px4_msgs/include/px4_msgs/px4_msgs/msg/vehicle_imu_status.hpp\n'}
[1.487392] (px4_msgs) StdoutLine: {'line': b'-- Up-to-date: /home/mustardking/ws_sensor_combined/install/px4_msgs/include/px4_msgs/px4_msgs/msg/takeoff_status.hpp\n'}
[1.487414] (px4_msgs) StdoutLine: {'line': b'-- Up-to-date: /home/mustardking/ws_sensor_combined/install/px4_msgs/include/px4_msgs/px4_msgs/msg/sensor_gnss_relative.hpp\n'}
[1.487436] (px4_msgs) StdoutLine: {'line': b'-- Up-to-date: /home/mustardking/ws_sensor_combined/install/px4_msgs/include/px4_msgs/px4_msgs/msg/mission_result.hpp\n'}
[1.487458] (px4_msgs) StdoutLine: {'line': b'-- Up-to-date: /home/mustardking/ws_sensor_combined/install/px4_msgs/include/px4_msgs/px4_msgs/msg/mission.hpp\n'}
[1.487480] (px4_msgs) StdoutLine: {'line': b'-- Up-to-date: /home/mustardking/ws_sensor_combined/install/px4_msgs/include/px4_msgs/px4_msgs/msg/tecs_status.hpp\n'}
[1.487503] (px4_msgs) StdoutLine: {'line': b'-- Up-to-date: /home/mustardking/ws_sensor_combined/install/px4_msgs/include/px4_msgs/px4_msgs/msg/vehicle_constraints.hpp\n'}
[1.487525] (px4_msgs) StdoutLine: {'line': b'-- Up-to-date: /home/mustardking/ws_sensor_combined/install/px4_msgs/include/px4_msgs/px4_msgs/msg/health_report.hpp\n'}
[1.487546] (px4_msgs) StdoutLine: {'line': b'-- Up-to-date: /home/mustardking/ws_sensor_combined/install/px4_msgs/include/px4_msgs/px4_msgs/msg/sensors_status_imu.hpp\n'}
[1.487569] (px4_msgs) StdoutLine: {'line': b'-- Up-to-date: /home/mustardking/ws_sensor_combined/install/px4_msgs/include/px4_msgs/px4_msgs/msg/message_format_request.hpp\n'}
[1.487590] (px4_msgs) StdoutLine: {'line': b'-- Up-to-date: /home/mustardking/ws_sensor_combined/install/px4_msgs/include/px4_msgs/px4_msgs/msg/orb_test_medium.hpp\n'}
[1.487612] (px4_msgs) StdoutLine: {'line': b'-- Up-to-date: /home/mustardking/ws_sensor_combined/install/px4_msgs/include/px4_msgs/px4_msgs/msg/tiltrotor_extra_controls.hpp\n'}
[1.487634] (px4_msgs) StdoutLine: {'line': b'-- Up-to-date: /home/mustardking/ws_sensor_combined/install/px4_msgs/include/px4_msgs/px4_msgs/msg/actuator_armed.hpp\n'}
[1.487656] (px4_msgs) StdoutLine: {'line': b'-- Up-to-date: /home/mustardking/ws_sensor_combined/install/px4_msgs/include/px4_msgs/px4_msgs/msg/estimator_sensor_bias.hpp\n'}
[1.487677] (px4_msgs) StdoutLine: {'line': b'-- Up-to-date: /home/mustardking/ws_sensor_combined/install/px4_msgs/include/px4_msgs/px4_msgs/msg/vehicle_attitude_setpoint.hpp\n'}
[1.487699] (px4_msgs) StdoutLine: {'line': b'-- Up-to-date: /home/mustardking/ws_sensor_combined/install/px4_msgs/include/px4_msgs/px4_msgs/msg/debug_key_value.hpp\n'}
[1.487721] (px4_msgs) StdoutLine: {'line': b'-- Up-to-date: /home/mustardking/ws_sensor_combined/install/px4_msgs/include/px4_msgs/px4_msgs/msg/sensor_accel.hpp\n'}
[1.487743] (px4_msgs) StdoutLine: {'line': b'-- Up-to-date: /home/mustardking/ws_sensor_combined/install/px4_msgs/include/px4_msgs/px4_msgs/msg/actuator_servos.hpp\n'}
[1.487764] (px4_msgs) StdoutLine: {'line': b'-- Up-to-date: /home/mustardking/ws_sensor_combined/install/px4_msgs/include/px4_msgs/px4_msgs/msg/figure_eight_status.hpp\n'}
[1.487786] (px4_msgs) StdoutLine: {'line': b'-- Up-to-date: /home/mustardking/ws_sensor_combined/install/px4_msgs/include/px4_msgs/px4_msgs/msg/gpio_request.hpp\n'}
[1.487810] (px4_msgs) StdoutLine: {'line': b'-- Up-to-date: /home/mustardking/ws_sensor_combined/install/px4_msgs/include/px4_msgs/px4_msgs/msg/event.hpp\n'}
[1.487831] (px4_msgs) StdoutLine: {'line': b'-- Up-to-date: /home/mustardking/ws_sensor_combined/install/px4_msgs/include/px4_msgs/px4_msgs/msg/vehicle_magnetometer.hpp\n'}
[1.487853] (px4_msgs) StdoutLine: {'line': b'-- Up-to-date: /home/mustardking/ws_sensor_combined/install/px4_msgs/include/px4_msgs/px4_msgs/msg/mag_worker_data.hpp\n'}
[1.487874] (px4_msgs) StdoutLine: {'line': b'-- Up-to-date: /home/mustardking/ws_sensor_combined/install/px4_msgs/include/px4_msgs/px4_msgs/msg/airspeed_validated.hpp\n'}
[1.487896] (px4_msgs) StdoutLine: {'line': b'-- Up-to-date: /home/mustardking/ws_sensor_combined/install/px4_msgs/include/px4_msgs/px4_msgs/msg/gps_inject_data.hpp\n'}
[1.487918] (px4_msgs) StdoutLine: {'line': b'-- Up-to-date: /home/mustardking/ws_sensor_combined/install/px4_msgs/include/px4_msgs/px4_msgs/msg/yaw_estimator_status.hpp\n'}
[1.487941] (px4_msgs) StdoutLine: {'line': b'-- Up-to-date: /home/mustardking/ws_sensor_combined/install/px4_msgs/include/px4_msgs/px4_msgs/msg/follow_target_estimator.hpp\n'}
[1.487963] (px4_msgs) StdoutLine: {'line': b'-- Up-to-date: /home/mustardking/ws_sensor_combined/install/px4_msgs/include/px4_msgs/px4_msgs/msg/failure_detector_status.hpp\n'}
[1.487985] (px4_msgs) StdoutLine: {'line': b'-- Up-to-date: /home/mustardking/ws_sensor_combined/install/px4_msgs/include/px4_msgs/px4_msgs/msg/rover_speed_status.hpp\n'}
[1.488006] (px4_msgs) StdoutLine: {'line': b'-- Up-to-date: /home/mustardking/ws_sensor_combined/install/px4_msgs/include/px4_msgs/px4_msgs/msg/autotune_attitude_control_status.hpp\n'}
[1.488029] (px4_msgs) StdoutLine: {'line': b'-- Up-to-date: /home/mustardking/ws_sensor_combined/install/px4_msgs/include/px4_msgs/px4_msgs/msg/onboard_computer_status.hpp\n'}
[1.488051] (px4_msgs) StdoutLine: {'line': b'-- Up-to-date: /home/mustardking/ws_sensor_combined/install/px4_msgs/include/px4_msgs/px4_msgs/msg/parameter_reset_request.hpp\n'}
[1.488073] (px4_msgs) StdoutLine: {'line': b'-- Up-to-date: /home/mustardking/ws_sensor_combined/install/px4_msgs/include/px4_msgs/px4_msgs/msg/vehicle_thrust_setpoint.hpp\n'}
[1.488102] (px4_msgs) StdoutLine: {'line': b'-- Up-to-date: /home/mustardking/ws_sensor_combined/install/px4_msgs/include/px4_msgs/px4_msgs/msg/open_drone_id_operator_id.hpp\n'}
[1.488124] (px4_msgs) StdoutLine: {'line': b'-- Up-to-date: /home/mustardking/ws_sensor_combined/install/px4_msgs/include/px4_msgs/px4_msgs/msg/ping.hpp\n'}
[1.488145] (px4_msgs) StdoutLine: {'line': b'-- Up-to-date: /home/mustardking/ws_sensor_combined/install/px4_msgs/include/px4_msgs/px4_msgs/msg/debug_value.hpp\n'}
[1.488167] (px4_msgs) StdoutLine: {'line': b'-- Up-to-date: /home/mustardking/ws_sensor_combined/install/px4_msgs/include/px4_msgs/px4_msgs/msg/gps_dump.hpp\n'}
[1.488189] (px4_msgs) StdoutLine: {'line': b'-- Up-to-date: /home/mustardking/ws_sensor_combined/install/px4_msgs/include/px4_msgs/px4_msgs/msg/esc_status.hpp\n'}
[1.488210] (px4_msgs) StdoutLine: {'line': b'-- Up-to-date: /home/mustardking/ws_sensor_combined/install/px4_msgs/include/px4_msgs/px4_msgs/msg/collision_constraints.hpp\n'}
[1.488232] (px4_msgs) StdoutLine: {'line': b'-- Up-to-date: /home/mustardking/ws_sensor_combined/install/px4_msgs/include/px4_msgs/px4_msgs/msg/mavlink_tunnel.hpp\n'}
[1.488253] (px4_msgs) StdoutLine: {'line': b'-- Up-to-date: /home/mustardking/ws_sensor_combined/install/px4_msgs/include/px4_msgs/px4_msgs/msg/estimator_aid_source2d.hpp\n'}
[1.488276] (px4_msgs) StdoutLine: {'line': b'-- Up-to-date: /home/mustardking/ws_sensor_combined/install/px4_msgs/include/px4_msgs/px4_msgs/msg/vehicle_acceleration.hpp\n'}
[1.488297] (px4_msgs) StdoutLine: {'line': b'-- Up-to-date: /home/mustardking/ws_sensor_combined/install/px4_msgs/include/px4_msgs/px4_msgs/msg/internal_combustion_engine_control.hpp\n'}
[1.488319] (px4_msgs) StdoutLine: {'line': b'-- Up-to-date: /home/mustardking/ws_sensor_combined/install/px4_msgs/include/px4_msgs/px4_msgs/msg/rover_throttle_setpoint.hpp\n'}
[1.488340] (px4_msgs) StdoutLine: {'line': b'-- Up-to-date: /home/mustardking/ws_sensor_combined/install/px4_msgs/include/px4_msgs/px4_msgs/msg/unregister_ext_component.hpp\n'}
[1.488362] (px4_msgs) StdoutLine: {'line': b'-- Up-to-date: /home/mustardking/ws_sensor_combined/install/px4_msgs/include/px4_msgs/px4_msgs/msg/estimator_states.hpp\n'}
[1.488383] (px4_msgs) StdoutLine: {'line': b'-- Up-to-date: /home/mustardking/ws_sensor_combined/install/px4_msgs/include/px4_msgs/px4_msgs/msg/sensor_gps.hpp\n'}
[1.488405] (px4_msgs) StdoutLine: {'line': b'-- Up-to-date: /home/mustardking/ws_sensor_combined/install/px4_msgs/include/px4_msgs/px4_msgs/msg/pwm_input.hpp\n'}
[1.488427] (px4_msgs) StdoutLine: {'line': b'-- Up-to-date: /home/mustardking/ws_sensor_combined/install/px4_msgs/include/px4_msgs/px4_msgs/msg/pure_pursuit_status.hpp\n'}
[1.488450] (px4_msgs) StdoutLine: {'line': b'-- Up-to-date: /home/mustardking/ws_sensor_combined/install/px4_msgs/include/px4_msgs/px4_msgs/msg/vehicle_command.hpp\n'}
[1.488471] (px4_msgs) StdoutLine: {'line': b'-- Up-to-date: /home/mustardking/ws_sensor_combined/install/px4_msgs/include/px4_msgs/px4_msgs/msg/parameter_set_value_response.hpp\n'}
[1.488493] (px4_msgs) StdoutLine: {'line': b'-- Up-to-date: /home/mustardking/ws_sensor_combined/install/px4_msgs/include/px4_msgs/px4_msgs/msg/sensor_gnss_status.hpp\n'}
[1.488514] (px4_msgs) StdoutLine: {'line': b'-- Up-to-date: /home/mustardking/ws_sensor_combined/install/px4_msgs/include/px4_msgs/px4_msgs/msg/vehicle_odometry.hpp\n'}
[1.488538] (px4_msgs) StdoutLine: {'line': b'-- Up-to-date: /home/mustardking/ws_sensor_combined/install/px4_msgs/include/px4_msgs/px4_msgs/msg/debug_array.hpp\n'}
[1.488561] (px4_msgs) StdoutLine: {'line': b'-- Up-to-date: /home/mustardking/ws_sensor_combined/install/px4_msgs/include/px4_msgs/px4_msgs/msg/camera_trigger.hpp\n'}
[1.488582] (px4_msgs) StdoutLine: {'line': b'-- Up-to-date: /home/mustardking/ws_sensor_combined/install/px4_msgs/include/px4_msgs/px4_msgs/msg/register_ext_component_reply.hpp\n'}
[1.488604] (px4_msgs) StdoutLine: {'line': b'-- Up-to-date: /home/mustardking/ws_sensor_combined/install/px4_msgs/include/px4_msgs/px4_msgs/msg/detail\n'}
[1.488635] (px4_msgs) StdoutLine: {'line': b'-- Up-to-date: /home/mustardking/ws_sensor_combined/install/px4_msgs/include/px4_msgs/px4_msgs/msg/detail/sensor_mag__struct.hpp\n'}
[1.488657] (px4_msgs) StdoutLine: {'line': b'-- Up-to-date: /home/mustardking/ws_sensor_combined/install/px4_msgs/include/px4_msgs/px4_msgs/msg/detail/launch_detection_status__traits.hpp\n'}
[1.488679] (px4_msgs) StdoutLine: {'line': b'-- Up-to-date: /home/mustardking/ws_sensor_combined/install/px4_msgs/include/px4_msgs/px4_msgs/msg/detail/gimbal_device_attitude_status__struct.hpp\n'}
[1.488701] (px4_msgs) StdoutLine: {'line': b'-- Up-to-date: /home/mustardking/ws_sensor_combined/install/px4_msgs/include/px4_msgs/px4_msgs/msg/detail/uavcan_parameter_value__traits.hpp\n'}
[1.488723] (px4_msgs) StdoutLine: {'line': b'-- Up-to-date: /home/mustardking/ws_sensor_combined/install/px4_msgs/include/px4_msgs/px4_msgs/msg/detail/gimbal_controls__traits.hpp\n'}
[1.488744] (px4_msgs) StdoutLine: {'line': b'-- Up-to-date: /home/mustardking/ws_sensor_combined/install/px4_msgs/include/px4_msgs/px4_msgs/msg/detail/arming_check_reply__type_support.hpp\n'}
[1.488766] (px4_msgs) StdoutLine: {'line': b'-- Up-to-date: /home/mustardking/ws_sensor_combined/install/px4_msgs/include/px4_msgs/px4_msgs/msg/detail/input_rc__type_support.hpp\n'}
[1.488788] (px4_msgs) StdoutLine: {'line': b'-- Up-to-date: /home/mustardking/ws_sensor_combined/install/px4_msgs/include/px4_msgs/px4_msgs/msg/detail/vehicle_global_position__struct.hpp\n'}
[1.488810] (px4_msgs) StdoutLine: {'line': b'-- Up-to-date: /home/mustardking/ws_sensor_combined/install/px4_msgs/include/px4_msgs/px4_msgs/msg/detail/position_setpoint_triplet__struct.hpp\n'}
[1.488832] (px4_msgs) StdoutLine: {'line': b'-- Up-to-date: /home/mustardking/ws_sensor_combined/install/px4_msgs/include/px4_msgs/px4_msgs/msg/detail/task_stack_info__struct.hpp\n'}
[1.488853] (px4_msgs) StdoutLine: {'line': b'-- Up-to-date: /home/mustardking/ws_sensor_combined/install/px4_msgs/include/px4_msgs/px4_msgs/msg/detail/event__builder.hpp\n'}
[1.488876] (px4_msgs) StdoutLine: {'line': b'-- Up-to-date: /home/mustardking/ws_sensor_combined/install/px4_msgs/include/px4_msgs/px4_msgs/msg/detail/qshell_retval__type_support.hpp\n'}
[1.488897] (px4_msgs) StdoutLine: {'line': b'-- Up-to-date: /home/mustardking/ws_sensor_combined/install/px4_msgs/include/px4_msgs/px4_msgs/msg/detail/rover_rate_status__struct.hpp\n'}
[1.488919] (px4_msgs) StdoutLine: {'line': b'-- Up-to-date: /home/mustardking/ws_sensor_combined/install/px4_msgs/include/px4_msgs/px4_msgs/msg/detail/failsafe_flags__struct.hpp\n'}
[1.488941] (px4_msgs) StdoutLine: {'line': b'-- Up-to-date: /home/mustardking/ws_sensor_combined/install/px4_msgs/include/px4_msgs/px4_msgs/msg/detail/transponder_report__struct.hpp\n'}
[1.488962] (px4_msgs) StdoutLine: {'line': b'-- Up-to-date: /home/mustardking/ws_sensor_combined/install/px4_msgs/include/px4_msgs/px4_msgs/msg/detail/wind__type_support.hpp\n'}
[1.488984] (px4_msgs) StdoutLine: {'line': b'-- Up-to-date: /home/mustardking/ws_sensor_combined/install/px4_msgs/include/px4_msgs/px4_msgs/msg/detail/sensor_combined__builder.hpp\n'}
[1.489005] (px4_msgs) StdoutLine: {'line': b'-- Up-to-date: /home/mustardking/ws_sensor_combined/install/px4_msgs/include/px4_msgs/px4_msgs/msg/detail/magnetometer_bias_estimate__builder.hpp\n'}
[1.489026] (px4_msgs) StdoutLine: {'line': b'-- Up-to-date: /home/mustardking/ws_sensor_combined/install/px4_msgs/include/px4_msgs/px4_msgs/msg/detail/position_setpoint_triplet__builder.hpp\n'}
[1.489050] (px4_msgs) StdoutLine: {'line': b'-- Up-to-date: /home/mustardking/ws_sensor_combined/install/px4_msgs/include/px4_msgs/px4_msgs/msg/detail/vehicle_odometry__struct.hpp\n'}
[1.489070] (px4_msgs) StdoutLine: {'line': b'-- Up-to-date: /home/mustardking/ws_sensor_combined/install/px4_msgs/include/px4_msgs/px4_msgs/msg/detail/takeoff_status__type_support.hpp\n'}
[1.489091] (px4_msgs) StdoutLine: {'line': b'-- Up-to-date: /home/mustardking/ws_sensor_combined/install/px4_msgs/include/px4_msgs/px4_msgs/msg/detail/estimator_aid_source1d__type_support.hpp\n'}
[1.489112] (px4_msgs) StdoutLine: {'line': b'-- Up-to-date: /home/mustardking/ws_sensor_combined/install/px4_msgs/include/px4_msgs/px4_msgs/msg/detail/parameter_set_used_request__traits.hpp\n'}
[1.489132] (px4_msgs) StdoutLine: {'line': b'-- Up-to-date: /home/mustardking/ws_sensor_combined/install/px4_msgs/include/px4_msgs/px4_msgs/msg/detail/internal_combustion_engine_status__type_support.hpp\n'}
[1.489153] (px4_msgs) StdoutLine: {'line': b'-- Up-to-date: /home/mustardking/ws_sensor_combined/install/px4_msgs/include/px4_msgs/px4_msgs/msg/detail/mount_orientation__type_support.hpp\n'}
[1.489174] (px4_msgs) StdoutLine: {'line': b'-- Up-to-date: /home/mustardking/ws_sensor_combined/install/px4_msgs/include/px4_msgs/px4_msgs/msg/detail/parameter_set_value_request__type_support.hpp\n'}
[1.489201] (px4_msgs) StdoutLine: {'line': b'-- Up-to-date: /home/mustardking/ws_sensor_combined/install/px4_msgs/include/px4_msgs/px4_msgs/msg/detail/rover_attitude_status__builder.hpp\n'}
[1.489222] (px4_msgs) StdoutLine: {'line': b'-- Up-to-date: /home/mustardking/ws_sensor_combined/install/px4_msgs/include/px4_msgs/px4_msgs/msg/detail/esc_report__builder.hpp\n'}
[1.489245] (px4_msgs) StdoutLine: {'line': b'-- Up-to-date: /home/mustardking/ws_sensor_combined/install/px4_msgs/include/px4_msgs/px4_msgs/msg/detail/vehicle_angular_velocity__traits.hpp\n'}
[1.489266] (px4_msgs) StdoutLine: {'line': b'-- Up-to-date: /home/mustardking/ws_sensor_combined/install/px4_msgs/include/px4_msgs/px4_msgs/msg/detail/actuator_servos__type_support.hpp\n'}
[1.489286] (px4_msgs) StdoutLine: {'line': b'-- Up-to-date: /home/mustardking/ws_sensor_combined/install/px4_msgs/include/px4_msgs/px4_msgs/msg/detail/manual_control_setpoint__struct.hpp\n'}
[1.489307] (px4_msgs) StdoutLine: {'line': b'-- Up-to-date: /home/mustardking/ws_sensor_combined/install/px4_msgs/include/px4_msgs/px4_msgs/msg/detail/vehicle_attitude_setpoint__builder.hpp\n'}
[1.489339] (px4_msgs) StdoutLine: {'line': b'-- Up-to-date: /home/mustardking/ws_sensor_combined/install/px4_msgs/include/px4_msgs/px4_msgs/msg/detail/uavcan_parameter_value__type_support.hpp\n'}
[1.489360] (px4_msgs) StdoutLine: {'line': b'-- Up-to-date: /home/mustardking/ws_sensor_combined/install/px4_msgs/include/px4_msgs/px4_msgs/msg/detail/actuator_motors__struct.hpp\n'}
[1.489381] (px4_msgs) StdoutLine: {'line': b'-- Up-to-date: /home/mustardking/ws_sensor_combined/install/px4_msgs/include/px4_msgs/px4_msgs/msg/detail/sensor_gnss_status__struct.hpp\n'}
[1.489402] (px4_msgs) StdoutLine: {'line': b'-- Up-to-date: /home/mustardking/ws_sensor_combined/install/px4_msgs/include/px4_msgs/px4_msgs/msg/detail/estimator_aid_source2d__traits.hpp\n'}
[1.489423] (px4_msgs) StdoutLine: {'line': b'-- Up-to-date: /home/mustardking/ws_sensor_combined/install/px4_msgs/include/px4_msgs/px4_msgs/msg/detail/actuator_controls_status__builder.hpp\n'}
[1.489444] (px4_msgs) StdoutLine: {'line': b'-- Up-to-date: /home/mustardking/ws_sensor_combined/install/px4_msgs/include/px4_msgs/px4_msgs/msg/detail/onboard_computer_status__type_support.hpp\n'}
[1.489465] (px4_msgs) StdoutLine: {'line': b'-- Up-to-date: /home/mustardking/ws_sensor_combined/install/px4_msgs/include/px4_msgs/px4_msgs/msg/detail/sensor_baro__struct.hpp\n'}
[1.489486] (px4_msgs) StdoutLine: {'line': b'-- Up-to-date: /home/mustardking/ws_sensor_combined/install/px4_msgs/include/px4_msgs/px4_msgs/msg/detail/sensor_accel__type_support.hpp\n'}
[1.489507] (px4_msgs) StdoutLine: {'line': b'-- Up-to-date: /home/mustardking/ws_sensor_combined/install/px4_msgs/include/px4_msgs/px4_msgs/msg/detail/airspeed__builder.hpp\n'}
[1.489529] (px4_msgs) StdoutLine: {'line': b'-- Up-to-date: /home/mustardking/ws_sensor_combined/install/px4_msgs/include/px4_msgs/px4_msgs/msg/detail/estimator_aid_source3d__type_support.hpp\n'}
[1.489550] (px4_msgs) StdoutLine: {'line': b'-- Up-to-date: /home/mustardking/ws_sensor_combined/install/px4_msgs/include/px4_msgs/px4_msgs/msg/detail/internal_combustion_engine_control__builder.hpp\n'}
[1.489571] (px4_msgs) StdoutLine: {'line': b'-- Up-to-date: /home/mustardking/ws_sensor_combined/install/px4_msgs/include/px4_msgs/px4_msgs/msg/detail/yaw_estimator_status__type_support.hpp\n'}
[1.489591] (px4_msgs) StdoutLine: {'line': b'-- Up-to-date: /home/mustardking/ws_sensor_combined/install/px4_msgs/include/px4_msgs/px4_msgs/msg/detail/dataman_request__traits.hpp\n'}
[1.489612] (px4_msgs) StdoutLine: {'line': b'-- Up-to-date: /home/mustardking/ws_sensor_combined/install/px4_msgs/include/px4_msgs/px4_msgs/msg/detail/battery_status__builder.hpp\n'}
[1.489633] (px4_msgs) StdoutLine: {'line': b'-- Up-to-date: /home/mustardking/ws_sensor_combined/install/px4_msgs/include/px4_msgs/px4_msgs/msg/detail/vehicle_local_position_setpoint__builder.hpp\n'}
[1.489653] (px4_msgs) StdoutLine: {'line': b'-- Up-to-date: /home/mustardking/ws_sensor_combined/install/px4_msgs/include/px4_msgs/px4_msgs/msg/detail/register_ext_component_reply__struct.hpp\n'}
[1.489675] (px4_msgs) StdoutLine: {'line': b'-- Up-to-date: /home/mustardking/ws_sensor_combined/install/px4_msgs/include/px4_msgs/px4_msgs/msg/detail/landing_gear_wheel__builder.hpp\n'}
[1.489695] (px4_msgs) StdoutLine: {'line': b'-- Up-to-date: /home/mustardking/ws_sensor_combined/install/px4_msgs/include/px4_msgs/px4_msgs/msg/detail/sensors_status_imu__traits.hpp\n'}
[1.489716] (px4_msgs) StdoutLine: {'line': b'-- Up-to-date: /home/mustardking/ws_sensor_combined/install/px4_msgs/include/px4_msgs/px4_msgs/msg/detail/power_button_state__traits.hpp\n'}
[1.489736] (px4_msgs) StdoutLine: {'line': b'-- Up-to-date: /home/mustardking/ws_sensor_combined/install/px4_msgs/include/px4_msgs/px4_msgs/msg/detail/trajectory_setpoint__traits.hpp\n'}
[1.489757] (px4_msgs) StdoutLine: {'line': b'-- Up-to-date: /home/mustardking/ws_sensor_combined/install/px4_msgs/include/px4_msgs/px4_msgs/msg/detail/wind__builder.hpp\n'}
[1.489782] (px4_msgs) StdoutLine: {'line': b'-- Up-to-date: /home/mustardking/ws_sensor_combined/install/px4_msgs/include/px4_msgs/px4_msgs/msg/detail/mission__type_support.hpp\n'}
[1.489806] (px4_msgs) StdoutLine: {'line': b'-- Up-to-date: /home/mustardking/ws_sensor_combined/install/px4_msgs/include/px4_msgs/px4_msgs/msg/detail/register_ext_component_request__traits.hpp\n'}
[1.489831] (px4_msgs) StdoutLine: {'line': b'-- Up-to-date: /home/mustardking/ws_sensor_combined/install/px4_msgs/include/px4_msgs/px4_msgs/msg/detail/mission__traits.hpp\n'}
[1.489853] (px4_msgs) StdoutLine: {'line': b'-- Up-to-date: /home/mustardking/ws_sensor_combined/install/px4_msgs/include/px4_msgs/px4_msgs/msg/detail/orb_test__struct.hpp\n'}
[1.489886] (px4_msgs) StdoutLine: {'line': b'-- Up-to-date: /home/mustardking/ws_sensor_combined/install/px4_msgs/include/px4_msgs/px4_msgs/msg/detail/debug_value__builder.hpp\n'}
[1.489908] (px4_msgs) StdoutLine: {'line': b'-- Up-to-date: /home/mustardking/ws_sensor_combined/install/px4_msgs/include/px4_msgs/px4_msgs/msg/detail/vehicle_imu__struct.hpp\n'}
[1.489929] (px4_msgs) StdoutLine: {'line': b'-- Up-to-date: /home/mustardking/ws_sensor_combined/install/px4_msgs/include/px4_msgs/px4_msgs/msg/detail/home_position__builder.hpp\n'}
[1.489951] (px4_msgs) StdoutLine: {'line': b'-- Up-to-date: /home/mustardking/ws_sensor_combined/install/px4_msgs/include/px4_msgs/px4_msgs/msg/detail/follow_target_status__builder.hpp\n'}
[1.489972] (px4_msgs) StdoutLine: {'line': b'-- Up-to-date: /home/mustardking/ws_sensor_combined/install/px4_msgs/include/px4_msgs/px4_msgs/msg/detail/ulog_stream_ack__traits.hpp\n'}
[1.489994] (px4_msgs) StdoutLine: {'line': b'-- Up-to-date: /home/mustardking/ws_sensor_combined/install/px4_msgs/include/px4_msgs/px4_msgs/msg/detail/led_control__builder.hpp\n'}
[1.490017] (px4_msgs) StdoutLine: {'line': b'-- Up-to-date: /home/mustardking/ws_sensor_combined/install/px4_msgs/include/px4_msgs/px4_msgs/msg/detail/estimator_innovations__struct.hpp\n'}
[1.490045] (px4_msgs) StdoutLine: {'line': b'-- Up-to-date: /home/mustardking/ws_sensor_combined/install/px4_msgs/include/px4_msgs/px4_msgs/msg/detail/gimbal_device_attitude_status__builder.hpp\n'}
[1.490067] (px4_msgs) StdoutLine: {'line': b'-- Up-to-date: /home/mustardking/ws_sensor_combined/install/px4_msgs/include/px4_msgs/px4_msgs/msg/detail/debug_key_value__type_support.hpp\n'}
[1.490089] (px4_msgs) StdoutLine: {'line': b'-- Up-to-date: /home/mustardking/ws_sensor_combined/install/px4_msgs/include/px4_msgs/px4_msgs/msg/detail/figure_eight_status__traits.hpp\n'}
[1.490110] (px4_msgs) StdoutLine: {'line': b'-- Up-to-date: /home/mustardking/ws_sensor_combined/install/px4_msgs/include/px4_msgs/px4_msgs/msg/detail/gpio_request__type_support.hpp\n'}
[1.490131] (px4_msgs) StdoutLine: {'line': b'-- Up-to-date: /home/mustardking/ws_sensor_combined/install/px4_msgs/include/px4_msgs/px4_msgs/msg/detail/offboard_control_mode__builder.hpp\n'}
[1.490153] (px4_msgs) StdoutLine: {'line': b'-- Up-to-date: /home/mustardking/ws_sensor_combined/install/px4_msgs/include/px4_msgs/px4_msgs/msg/detail/sensor_correction__type_support.hpp\n'}
[1.490174] (px4_msgs) StdoutLine: {'line': b'-- Up-to-date: /home/mustardking/ws_sensor_combined/install/px4_msgs/include/px4_msgs/px4_msgs/msg/detail/gimbal_manager_status__struct.hpp\n'}
[1.490195] (px4_msgs) StdoutLine: {'line': b'-- Up-to-date: /home/mustardking/ws_sensor_combined/install/px4_msgs/include/px4_msgs/px4_msgs/msg/detail/vehicle_odometry__traits.hpp\n'}
[1.490218] (px4_msgs) StdoutLine: {'line': b'-- Up-to-date: /home/mustardking/ws_sensor_combined/install/px4_msgs/include/px4_msgs/px4_msgs/msg/detail/differential_pressure__type_support.hpp\n'}
[1.490239] (px4_msgs) StdoutLine: {'line': b'-- Up-to-date: /home/mustardking/ws_sensor_combined/install/px4_msgs/include/px4_msgs/px4_msgs/msg/detail/tune_control__traits.hpp\n'}
[1.490261] (px4_msgs) StdoutLine: {'line': b'-- Up-to-date: /home/mustardking/ws_sensor_combined/install/px4_msgs/include/px4_msgs/px4_msgs/msg/detail/ping__type_support.hpp\n'}
[1.490282] (px4_msgs) StdoutLine: {'line': b'-- Up-to-date: /home/mustardking/ws_sensor_combined/install/px4_msgs/include/px4_msgs/px4_msgs/msg/detail/fixed_wing_longitudinal_setpoint__traits.hpp\n'}
[1.490303] (px4_msgs) StdoutLine: {'line': b'-- Up-to-date: /home/mustardking/ws_sensor_combined/install/px4_msgs/include/px4_msgs/px4_msgs/msg/detail/rover_attitude_status__struct.hpp\n'}
[1.490325] (px4_msgs) StdoutLine: {'line': b'-- Up-to-date: /home/mustardking/ws_sensor_combined/install/px4_msgs/include/px4_msgs/px4_msgs/msg/detail/goto_setpoint__traits.hpp\n'}
[1.490347] (px4_msgs) StdoutLine: {'line': b'-- Up-to-date: /home/mustardking/ws_sensor_combined/install/px4_msgs/include/px4_msgs/px4_msgs/msg/detail/pps_capture__traits.hpp\n'}
[1.490368] (px4_msgs) StdoutLine: {'line': b'-- Up-to-date: /home/mustardking/ws_sensor_combined/install/px4_msgs/include/px4_msgs/px4_msgs/msg/detail/gimbal_device_set_attitude__builder.hpp\n'}
[1.490390] (px4_msgs) StdoutLine: {'line': b'-- Up-to-date: /home/mustardking/ws_sensor_combined/install/px4_msgs/include/px4_msgs/px4_msgs/msg/detail/sensor_selection__type_support.hpp\n'}
[1.490412] (px4_msgs) StdoutLine: {'line': b'-- Up-to-date: /home/mustardking/ws_sensor_combined/install/px4_msgs/include/px4_msgs/px4_msgs/msg/detail/orbit_status__builder.hpp\n'}
[1.490433] (px4_msgs) StdoutLine: {'line': b'-- Up-to-date: /home/mustardking/ws_sensor_combined/install/px4_msgs/include/px4_msgs/px4_msgs/msg/detail/gripper__type_support.hpp\n'}
[1.490455] (px4_msgs) StdoutLine: {'line': b'-- Up-to-date: /home/mustardking/ws_sensor_combined/install/px4_msgs/include/px4_msgs/px4_msgs/msg/detail/parameter_reset_request__builder.hpp\n'}
[1.490476] (px4_msgs) StdoutLine: {'line': b'-- Up-to-date: /home/mustardking/ws_sensor_combined/install/px4_msgs/include/px4_msgs/px4_msgs/msg/detail/landing_target_innovations__builder.hpp\n'}
[1.490500] (px4_msgs) StdoutLine: {'line': b'-- Up-to-date: /home/mustardking/ws_sensor_combined/install/px4_msgs/include/px4_msgs/px4_msgs/msg/detail/tiltrotor_extra_controls__type_support.hpp\n'}
[1.490521] (px4_msgs) StdoutLine: {'line': b'-- Up-to-date: /home/mustardking/ws_sensor_combined/install/px4_msgs/include/px4_msgs/px4_msgs/msg/detail/arming_check_request__struct.hpp\n'}
[1.490542] (px4_msgs) StdoutLine: {'line': b'-- Up-to-date: /home/mustardking/ws_sensor_combined/install/px4_msgs/include/px4_msgs/px4_msgs/msg/detail/debug_value__traits.hpp\n'}
[1.490563] (px4_msgs) StdoutLine: {'line': b'-- Up-to-date: /home/mustardking/ws_sensor_combined/install/px4_msgs/include/px4_msgs/px4_msgs/msg/detail/ulog_stream__builder.hpp\n'}
[1.490584] (px4_msgs) StdoutLine: {'line': b'-- Up-to-date: /home/mustardking/ws_sensor_combined/install/px4_msgs/include/px4_msgs/px4_msgs/msg/detail/trajectory_setpoint6dof__struct.hpp\n'}
[1.490604] (px4_msgs) StdoutLine: {'line': b'-- Up-to-date: /home/mustardking/ws_sensor_combined/install/px4_msgs/include/px4_msgs/px4_msgs/msg/detail/actuator_servos__struct.hpp\n'}
[1.490625] (px4_msgs) StdoutLine: {'line': b'-- Up-to-date: /home/mustardking/ws_sensor_combined/install/px4_msgs/include/px4_msgs/px4_msgs/msg/detail/vehicle_roi__type_support.hpp\n'}
[1.490646] (px4_msgs) StdoutLine: {'line': b'-- Up-to-date: /home/mustardking/ws_sensor_combined/install/px4_msgs/include/px4_msgs/px4_msgs/msg/detail/position_setpoint__type_support.hpp\n'}
[1.490666] (px4_msgs) StdoutLine: {'line': b'-- Up-to-date: /home/mustardking/ws_sensor_combined/install/px4_msgs/include/px4_msgs/px4_msgs/msg/detail/vehicle_global_position__type_support.hpp\n'}
[1.490687] (px4_msgs) StdoutLine: {'line': b'-- Up-to-date: /home/mustardking/ws_sensor_combined/install/px4_msgs/include/px4_msgs/px4_msgs/msg/detail/mission_result__struct.hpp\n'}
[1.490714] (px4_msgs) StdoutLine: {'line': b'-- Up-to-date: /home/mustardking/ws_sensor_combined/install/px4_msgs/include/px4_msgs/px4_msgs/msg/detail/gimbal_manager_set_attitude__type_support.hpp\n'}
[1.490744] (px4_msgs) StdoutLine: {'line': b'-- Up-to-date: /home/mustardking/ws_sensor_combined/install/px4_msgs/include/px4_msgs/px4_msgs/msg/detail/manual_control_switches__traits.hpp\n'}
[1.490765] (px4_msgs) StdoutLine: {'line': b'-- Up-to-date: /home/mustardking/ws_sensor_combined/install/px4_msgs/include/px4_msgs/px4_msgs/msg/detail/rover_attitude_setpoint__builder.hpp\n'}
[1.490787] (px4_msgs) StdoutLine: {'line': b'-- Up-to-date: /home/mustardking/ws_sensor_combined/install/px4_msgs/include/px4_msgs/px4_msgs/msg/detail/trajectory_setpoint6dof__type_support.hpp\n'}
[1.490808] (px4_msgs) StdoutLine: {'line': b'-- Up-to-date: /home/mustardking/ws_sensor_combined/install/px4_msgs/include/px4_msgs/px4_msgs/msg/detail/arming_check_reply__builder.hpp\n'}
[1.490830] (px4_msgs) StdoutLine: {'line': b'-- Up-to-date: /home/mustardking/ws_sensor_combined/install/px4_msgs/include/px4_msgs/px4_msgs/msg/detail/camera_capture__type_support.hpp\n'}
[1.490851] (px4_msgs) StdoutLine: {'line': b'-- Up-to-date: /home/mustardking/ws_sensor_combined/install/px4_msgs/include/px4_msgs/px4_msgs/msg/detail/gripper__struct.hpp\n'}
[1.490873] (px4_msgs) StdoutLine: {'line': b'-- Up-to-date: /home/mustardking/ws_sensor_combined/install/px4_msgs/include/px4_msgs/px4_msgs/msg/detail/rover_position_setpoint__builder.hpp\n'}
[1.490895] (px4_msgs) StdoutLine: {'line': b'-- Up-to-date: /home/mustardking/ws_sensor_combined/install/px4_msgs/include/px4_msgs/px4_msgs/msg/detail/parameter_reset_request__type_support.hpp\n'}
[1.490927] (px4_msgs) StdoutLine: {'line': b'-- Up-to-date: /home/mustardking/ws_sensor_combined/install/px4_msgs/include/px4_msgs/px4_msgs/msg/detail/fixed_wing_lateral_status__traits.hpp\n'}
[1.490949] (px4_msgs) StdoutLine: {'line': b'-- Up-to-date: /home/mustardking/ws_sensor_combined/install/px4_msgs/include/px4_msgs/px4_msgs/msg/detail/neural_control__type_support.hpp\n'}
[1.490971] (px4_msgs) StdoutLine: {'line': b'-- Up-to-date: /home/mustardking/ws_sensor_combined/install/px4_msgs/include/px4_msgs/px4_msgs/msg/detail/takeoff_status__struct.hpp\n'}
[1.491013] (px4_msgs) StdoutLine: {'line': b'-- Up-to-date: /home/mustardking/ws_sensor_combined/install/px4_msgs/include/px4_msgs/px4_msgs/msg/detail/orb_test_large__builder.hpp\n'}
[1.491035] (px4_msgs) StdoutLine: {'line': b'-- Up-to-date: /home/mustardking/ws_sensor_combined/install/px4_msgs/include/px4_msgs/px4_msgs/msg/detail/estimator_gps_status__struct.hpp\n'}
[1.491057] (px4_msgs) StdoutLine: {'line': b'-- Up-to-date: /home/mustardking/ws_sensor_combined/install/px4_msgs/include/px4_msgs/px4_msgs/msg/detail/vehicle_local_position_setpoint__struct.hpp\n'}
[1.491078] (px4_msgs) StdoutLine: {'line': b'-- Up-to-date: /home/mustardking/ws_sensor_combined/install/px4_msgs/include/px4_msgs/px4_msgs/msg/detail/rc_channels__traits.hpp\n'}
[1.491101] (px4_msgs) StdoutLine: {'line': b'-- Up-to-date: /home/mustardking/ws_sensor_combined/install/px4_msgs/include/px4_msgs/px4_msgs/msg/detail/rover_position_setpoint__type_support.hpp\n'}
[1.491124] (px4_msgs) StdoutLine: {'line': b'-- Up-to-date: /home/mustardking/ws_sensor_combined/install/px4_msgs/include/px4_msgs/px4_msgs/msg/detail/fixed_wing_lateral_status__struct.hpp\n'}
[1.491146] (px4_msgs) StdoutLine: {'line': b'-- Up-to-date: /home/mustardking/ws_sensor_combined/install/px4_msgs/include/px4_msgs/px4_msgs/msg/detail/rc_parameter_map__struct.hpp\n'}
[1.491167] (px4_msgs) StdoutLine: {'line': b'-- Up-to-date: /home/mustardking/ws_sensor_combined/install/px4_msgs/include/px4_msgs/px4_msgs/msg/detail/estimator_event_flags__traits.hpp\n'}
[1.491191] (px4_msgs) StdoutLine: {'line': b'-- Up-to-date: /home/mustardking/ws_sensor_combined/install/px4_msgs/include/px4_msgs/px4_msgs/msg/detail/position_controller_status__traits.hpp\n'}
[1.491213] (px4_msgs) StdoutLine: {'line': b'-- Up-to-date: /home/mustardking/ws_sensor_combined/install/px4_msgs/include/px4_msgs/px4_msgs/msg/detail/differential_pressure__builder.hpp\n'}
[1.491234] (px4_msgs) StdoutLine: {'line': b'-- Up-to-date: /home/mustardking/ws_sensor_combined/install/px4_msgs/include/px4_msgs/px4_msgs/msg/detail/estimator_sensor_bias__traits.hpp\n'}
[1.491256] (px4_msgs) StdoutLine: {'line': b'-- Up-to-date: /home/mustardking/ws_sensor_combined/install/px4_msgs/include/px4_msgs/px4_msgs/msg/detail/open_drone_id_operator_id__traits.hpp\n'}
[1.491301] (px4_msgs) StdoutLine: {'line': b'-- Up-to-date: /home/mustardking/ws_sensor_combined/install/px4_msgs/include/px4_msgs/px4_msgs/msg/detail/vehicle_command__builder.hpp\n'}
[1.491526] (px4_msgs) StdoutLine: {'line': b'-- Up-to-date: /home/mustardking/ws_sensor_combined/install/px4_msgs/include/px4_msgs/px4_msgs/msg/detail/mode_completed__type_support.hpp\n'}
[1.491547] (px4_msgs) StdoutLine: {'line': b'-- Up-to-date: /home/mustardking/ws_sensor_combined/install/px4_msgs/include/px4_msgs/px4_msgs/msg/detail/rover_throttle_setpoint__builder.hpp\n'}
[1.491569] (px4_msgs) StdoutLine: {'line': b'-- Up-to-date: /home/mustardking/ws_sensor_combined/install/px4_msgs/include/px4_msgs/px4_msgs/msg/detail/position_setpoint__builder.hpp\n'}
[1.491591] (px4_msgs) StdoutLine: {'line': b'-- Up-to-date: /home/mustardking/ws_sensor_combined/install/px4_msgs/include/px4_msgs/px4_msgs/msg/detail/iridiumsbd_status__struct.hpp\n'}
[1.491613] (px4_msgs) StdoutLine: {'line': b'-- Up-to-date: /home/mustardking/ws_sensor_combined/install/px4_msgs/include/px4_msgs/px4_msgs/msg/detail/battery_info__traits.hpp\n'}
[1.491634] (px4_msgs) StdoutLine: {'line': b'-- Up-to-date: /home/mustardking/ws_sensor_combined/install/px4_msgs/include/px4_msgs/px4_msgs/msg/detail/home_position__struct.hpp\n'}
[1.491656] (px4_msgs) StdoutLine: {'line': b'-- Up-to-date: /home/mustardking/ws_sensor_combined/install/px4_msgs/include/px4_msgs/px4_msgs/msg/detail/sensor_gyro_fifo__struct.hpp\n'}
[1.491677] (px4_msgs) StdoutLine: {'line': b'-- Up-to-date: /home/mustardking/ws_sensor_combined/install/px4_msgs/include/px4_msgs/px4_msgs/msg/detail/velocity_limits__struct.hpp\n'}
[1.491700] (px4_msgs) StdoutLine: {'line': b'-- Up-to-date: /home/mustardking/ws_sensor_combined/install/px4_msgs/include/px4_msgs/px4_msgs/msg/detail/satellite_info__traits.hpp\n'}
[1.491722] (px4_msgs) StdoutLine: {'line': b'-- Up-to-date: /home/mustardking/ws_sensor_combined/install/px4_msgs/include/px4_msgs/px4_msgs/msg/detail/debug_array__traits.hpp\n'}
[1.491743] (px4_msgs) StdoutLine: {'line': b'-- Up-to-date: /home/mustardking/ws_sensor_combined/install/px4_msgs/include/px4_msgs/px4_msgs/msg/detail/vehicle_control_mode__traits.hpp\n'}
[1.491765] (px4_msgs) StdoutLine: {'line': b'-- Up-to-date: /home/mustardking/ws_sensor_combined/install/px4_msgs/include/px4_msgs/px4_msgs/msg/detail/health_report__type_support.hpp\n'}
[1.491786] (px4_msgs) StdoutLine: {'line': b'-- Up-to-date: /home/mustardking/ws_sensor_combined/install/px4_msgs/include/px4_msgs/px4_msgs/msg/detail/radio_status__builder.hpp\n'}
[1.491807] (px4_msgs) StdoutLine: {'line': b'-- Up-to-date: /home/mustardking/ws_sensor_combined/install/px4_msgs/include/px4_msgs/px4_msgs/msg/detail/flight_phase_estimation__struct.hpp\n'}
[1.491829] (px4_msgs) StdoutLine: {'line': b'-- Up-to-date: /home/mustardking/ws_sensor_combined/install/px4_msgs/include/px4_msgs/px4_msgs/msg/detail/vehicle_roi__struct.hpp\n'}
[1.491850] (px4_msgs) StdoutLine: {'line': b'-- Up-to-date: /home/mustardking/ws_sensor_combined/install/px4_msgs/include/px4_msgs/px4_msgs/msg/detail/follow_target_status__struct.hpp\n'}
[1.491872] (px4_msgs) StdoutLine: {'line': b'-- Up-to-date: /home/mustardking/ws_sensor_combined/install/px4_msgs/include/px4_msgs/px4_msgs/msg/detail/ekf2_timestamps__struct.hpp\n'}
[1.491894] (px4_msgs) StdoutLine: {'line': b'-- Up-to-date: /home/mustardking/ws_sensor_combined/install/px4_msgs/include/px4_msgs/px4_msgs/msg/detail/dronecan_node_status__type_support.hpp\n'}
[1.491915] (px4_msgs) StdoutLine: {'line': b'-- Up-to-date: /home/mustardking/ws_sensor_combined/install/px4_msgs/include/px4_msgs/px4_msgs/msg/detail/autotune_attitude_control_status__type_support.hpp\n'}
[1.491950] (px4_msgs) StdoutLine: {'line': b'-- Up-to-date: /home/mustardking/ws_sensor_combined/install/px4_msgs/include/px4_msgs/px4_msgs/msg/detail/actuator_servos_trim__traits.hpp\n'}
[1.491974] (px4_msgs) StdoutLine: {'line': b'-- Up-to-date: /home/mustardking/ws_sensor_combined/install/px4_msgs/include/px4_msgs/px4_msgs/msg/detail/sensor_combined__type_support.hpp\n'}
[1.491996] (px4_msgs) StdoutLine: {'line': b'-- Up-to-date: /home/mustardking/ws_sensor_combined/install/px4_msgs/include/px4_msgs/px4_msgs/msg/detail/input_rc__builder.hpp\n'}
[1.492019] (px4_msgs) StdoutLine: {'line': b'-- Up-to-date: /home/mustardking/ws_sensor_combined/install/px4_msgs/include/px4_msgs/px4_msgs/msg/detail/fixed_wing_lateral_setpoint__traits.hpp\n'}
[1.492050] (px4_msgs) StdoutLine: {'line': b'-- Up-to-date: /home/mustardking/ws_sensor_combined/install/px4_msgs/include/px4_msgs/px4_msgs/msg/detail/estimator_gps_status__traits.hpp\n'}
[1.492091] (px4_msgs) StdoutLine: {'line': b'-- Up-to-date: /home/mustardking/ws_sensor_combined/install/px4_msgs/include/px4_msgs/px4_msgs/msg/detail/actuator_controls_status__traits.hpp\n'}
[1.492330] (px4_msgs) StdoutLine: {'line': b'-- Up-to-date: /home/mustardking/ws_sensor_combined/install/px4_msgs/include/px4_msgs/px4_msgs/msg/detail/vehicle_angular_velocity__struct.hpp\n'}
[1.492354] (px4_msgs) StdoutLine: {'line': b'-- Up-to-date: /home/mustardking/ws_sensor_combined/install/px4_msgs/include/px4_msgs/px4_msgs/msg/detail/landing_target_innovations__struct.hpp\n'}
[1.492377] (px4_msgs) StdoutLine: {'line': b'-- Up-to-date: /home/mustardking/ws_sensor_combined/install/px4_msgs/include/px4_msgs/px4_msgs/msg/detail/mavlink_log__type_support.hpp\n'}
[1.492399] (px4_msgs) StdoutLine: {'line': b'-- Up-to-date: /home/mustardking/ws_sensor_combined/install/px4_msgs/include/px4_msgs/px4_msgs/msg/detail/goto_setpoint__struct.hpp\n'}
[1.492422] (px4_msgs) StdoutLine: {'line': b'-- Up-to-date: /home/mustardking/ws_sensor_combined/install/px4_msgs/include/px4_msgs/px4_msgs/msg/detail/actuator_armed__traits.hpp\n'}
[1.492445] (px4_msgs) StdoutLine: {'line': b'-- Up-to-date: /home/mustardking/ws_sensor_combined/install/px4_msgs/include/px4_msgs/px4_msgs/msg/detail/event__struct.hpp\n'}
[1.492467] (px4_msgs) StdoutLine: {'line': b'-- Up-to-date: /home/mustardking/ws_sensor_combined/install/px4_msgs/include/px4_msgs/px4_msgs/msg/detail/sensor_gyro_fifo__type_support.hpp\n'}
[1.492497] (px4_msgs) StdoutLine: {'line': b'-- Up-to-date: /home/mustardking/ws_sensor_combined/install/px4_msgs/include/px4_msgs/px4_msgs/msg/detail/sensor_hygrometer__type_support.hpp\n'}
[1.492518] (px4_msgs) StdoutLine: {'line': b'-- Up-to-date: /home/mustardking/ws_sensor_combined/install/px4_msgs/include/px4_msgs/px4_msgs/msg/detail/collision_constraints__type_support.hpp\n'}
[1.492540] (px4_msgs) StdoutLine: {'line': b'-- Up-to-date: /home/mustardking/ws_sensor_combined/install/px4_msgs/include/px4_msgs/px4_msgs/msg/detail/fixed_wing_lateral_guidance_status__struct.hpp\n'}
[1.492562] (px4_msgs) StdoutLine: {'line': b'-- Up-to-date: /home/mustardking/ws_sensor_combined/install/px4_msgs/include/px4_msgs/px4_msgs/msg/detail/sensor_gnss_relative__struct.hpp\n'}
[1.492585] (px4_msgs) StdoutLine: {'line': b'-- Up-to-date: /home/mustardking/ws_sensor_combined/install/px4_msgs/include/px4_msgs/px4_msgs/msg/detail/adc_report__builder.hpp\n'}
[1.492607] (px4_msgs) StdoutLine: {'line': b'-- Up-to-date: /home/mustardking/ws_sensor_combined/install/px4_msgs/include/px4_msgs/px4_msgs/msg/detail/lateral_control_configuration__builder.hpp\n'}
[1.492628] (px4_msgs) StdoutLine: {'line': b'-- Up-to-date: /home/mustardking/ws_sensor_combined/install/px4_msgs/include/px4_msgs/px4_msgs/msg/detail/estimator_bias3d__builder.hpp\n'}
[1.492650] (px4_msgs) StdoutLine: {'line': b'-- Up-to-date: /home/mustardking/ws_sensor_combined/install/px4_msgs/include/px4_msgs/px4_msgs/msg/detail/failsafe_flags__builder.hpp\n'}
[1.492671] (px4_msgs) StdoutLine: {'line': b'-- Up-to-date: /home/mustardking/ws_sensor_combined/install/px4_msgs/include/px4_msgs/px4_msgs/msg/detail/position_controller_landing_status__builder.hpp\n'}
[1.492693] (px4_msgs) StdoutLine: {'line': b'-- Up-to-date: /home/mustardking/ws_sensor_combined/install/px4_msgs/include/px4_msgs/px4_msgs/msg/detail/yaw_estimator_status__traits.hpp\n'}
[1.492715] (px4_msgs) StdoutLine: {'line': b'-- Up-to-date: /home/mustardking/ws_sensor_combined/install/px4_msgs/include/px4_msgs/px4_msgs/msg/detail/gimbal_manager_status__builder.hpp\n'}
[1.492737] (px4_msgs) StdoutLine: {'line': b'-- Up-to-date: /home/mustardking/ws_sensor_combined/install/px4_msgs/include/px4_msgs/px4_msgs/msg/detail/figure_eight_status__struct.hpp\n'}
[1.492758] (px4_msgs) StdoutLine: {'line': b'-- Up-to-date: /home/mustardking/ws_sensor_combined/install/px4_msgs/include/px4_msgs/px4_msgs/msg/detail/debug_vect__traits.hpp\n'}
[1.492780] (px4_msgs) StdoutLine: {'line': b'-- Up-to-date: /home/mustardking/ws_sensor_combined/install/px4_msgs/include/px4_msgs/px4_msgs/msg/detail/pure_pursuit_status__type_support.hpp\n'}
[1.492803] (px4_msgs) StdoutLine: {'line': b'-- Up-to-date: /home/mustardking/ws_sensor_combined/install/px4_msgs/include/px4_msgs/px4_msgs/msg/detail/ulog_stream_ack__struct.hpp\n'}
[1.492825] (px4_msgs) StdoutLine: {'line': b'-- Up-to-date: /home/mustardking/ws_sensor_combined/install/px4_msgs/include/px4_msgs/px4_msgs/msg/detail/sensor_mag__type_support.hpp\n'}
[1.492847] (px4_msgs) StdoutLine: {'line': b'-- Up-to-date: /home/mustardking/ws_sensor_combined/install/px4_msgs/include/px4_msgs/px4_msgs/msg/detail/timesync_status__struct.hpp\n'}
[1.492869] (px4_msgs) StdoutLine: {'line': b'-- Up-to-date: /home/mustardking/ws_sensor_combined/install/px4_msgs/include/px4_msgs/px4_msgs/msg/detail/sensor_airflow__struct.hpp\n'}
[1.492890] (px4_msgs) StdoutLine: {'line': b'-- Up-to-date: /home/mustardking/ws_sensor_combined/install/px4_msgs/include/px4_msgs/px4_msgs/msg/detail/lateral_control_configuration__type_support.hpp\n'}
[1.492912] (px4_msgs) StdoutLine: {'line': b'-- Up-to-date: /home/mustardking/ws_sensor_combined/install/px4_msgs/include/px4_msgs/px4_msgs/msg/detail/onboard_computer_status__struct.hpp\n'}
[1.492935] (px4_msgs) StdoutLine: {'line': b'-- Up-to-date: /home/mustardking/ws_sensor_combined/install/px4_msgs/include/px4_msgs/px4_msgs/msg/detail/trajectory_setpoint6dof__builder.hpp\n'}
[1.492957] (px4_msgs) StdoutLine: {'line': b'-- Up-to-date: /home/mustardking/ws_sensor_combined/install/px4_msgs/include/px4_msgs/px4_msgs/msg/detail/sensor_accel_fifo__struct.hpp\n'}
[1.492981] (px4_msgs) StdoutLine: {'line': b'-- Up-to-date: /home/mustardking/ws_sensor_combined/install/px4_msgs/include/px4_msgs/px4_msgs/msg/detail/led_control__traits.hpp\n'}
[1.493002] (px4_msgs) StdoutLine: {'line': b'-- Up-to-date: /home/mustardking/ws_sensor_combined/install/px4_msgs/include/px4_msgs/px4_msgs/msg/detail/vehicle_acceleration__traits.hpp\n'}
[1.493025] (px4_msgs) StdoutLine: {'line': b'-- Up-to-date: /home/mustardking/ws_sensor_combined/install/px4_msgs/include/px4_msgs/px4_msgs/msg/detail/estimator_selector_status__struct.hpp\n'}
[1.493047] (px4_msgs) StdoutLine: {'line': b'-- Up-to-date: /home/mustardking/ws_sensor_combined/install/px4_msgs/include/px4_msgs/px4_msgs/msg/detail/position_setpoint__traits.hpp\n'}
[1.493069] (px4_msgs) StdoutLine: {'line': b'-- Up-to-date: /home/mustardking/ws_sensor_combined/install/px4_msgs/include/px4_msgs/px4_msgs/msg/detail/differential_pressure__struct.hpp\n'}
[1.493091] (px4_msgs) StdoutLine: {'line': b'-- Up-to-date: /home/mustardking/ws_sensor_combined/install/px4_msgs/include/px4_msgs/px4_msgs/msg/detail/sensor_hygrometer__traits.hpp\n'}
[1.493113] (px4_msgs) StdoutLine: {'line': b'-- Up-to-date: /home/mustardking/ws_sensor_combined/install/px4_msgs/include/px4_msgs/px4_msgs/msg/detail/vehicle_attitude__builder.hpp\n'}
[1.493135] (px4_msgs) StdoutLine: {'line': b'-- Up-to-date: /home/mustardking/ws_sensor_combined/install/px4_msgs/include/px4_msgs/px4_msgs/msg/detail/sensor_selection__traits.hpp\n'}
[1.493157] (px4_msgs) StdoutLine: {'line': b'-- Up-to-date: /home/mustardking/ws_sensor_combined/install/px4_msgs/include/px4_msgs/px4_msgs/msg/detail/vehicle_optical_flow_vel__traits.hpp\n'}
[1.493179] (px4_msgs) StdoutLine: {'line': b'-- Up-to-date: /home/mustardking/ws_sensor_combined/install/px4_msgs/include/px4_msgs/px4_msgs/msg/detail/gpio_out__traits.hpp\n'}
[1.493200] (px4_msgs) StdoutLine: {'line': b'-- Up-to-date: /home/mustardking/ws_sensor_combined/install/px4_msgs/include/px4_msgs/px4_msgs/msg/detail/parameter_reset_request__struct.hpp\n'}
[1.493222] (px4_msgs) StdoutLine: {'line': b'-- Up-to-date: /home/mustardking/ws_sensor_combined/install/px4_msgs/include/px4_msgs/px4_msgs/msg/detail/failsafe_flags__type_support.hpp\n'}
[1.493244] (px4_msgs) StdoutLine: {'line': b'-- Up-to-date: /home/mustardking/ws_sensor_combined/install/px4_msgs/include/px4_msgs/px4_msgs/msg/detail/vehicle_control_mode__struct.hpp\n'}
[1.493265] (px4_msgs) StdoutLine: {'line': b'-- Up-to-date: /home/mustardking/ws_sensor_combined/install/px4_msgs/include/px4_msgs/px4_msgs/msg/detail/register_ext_component_reply__type_support.hpp\n'}
[1.493287] (px4_msgs) StdoutLine: {'line': b'-- Up-to-date: /home/mustardking/ws_sensor_combined/install/px4_msgs/include/px4_msgs/px4_msgs/msg/detail/gpio_out__struct.hpp\n'}
[1.493308] (px4_msgs) StdoutLine: {'line': b'-- Up-to-date: /home/mustardking/ws_sensor_combined/install/px4_msgs/include/px4_msgs/px4_msgs/msg/detail/rover_attitude_setpoint__traits.hpp\n'}
[1.493330] (px4_msgs) StdoutLine: {'line': b'-- Up-to-date: /home/mustardking/ws_sensor_combined/install/px4_msgs/include/px4_msgs/px4_msgs/msg/detail/gimbal_manager_status__type_support.hpp\n'}
[1.493352] (px4_msgs) StdoutLine: {'line': b'-- Up-to-date: /home/mustardking/ws_sensor_combined/install/px4_msgs/include/px4_msgs/px4_msgs/msg/detail/parameter_set_value_request__struct.hpp\n'}
[1.493373] (px4_msgs) StdoutLine: {'line': b'-- Up-to-date: /home/mustardking/ws_sensor_combined/install/px4_msgs/include/px4_msgs/px4_msgs/msg/detail/mavlink_tunnel__struct.hpp\n'}
[1.493395] (px4_msgs) StdoutLine: {'line': b'-- Up-to-date: /home/mustardking/ws_sensor_combined/install/px4_msgs/include/px4_msgs/px4_msgs/msg/detail/rover_steering_setpoint__type_support.hpp\n'}
[1.493419] (px4_msgs) StdoutLine: {'line': b'-- Up-to-date: /home/mustardking/ws_sensor_combined/install/px4_msgs/include/px4_msgs/px4_msgs/msg/detail/vehicle_global_position__traits.hpp\n'}
[1.493441] (px4_msgs) StdoutLine: {'line': b'-- Up-to-date: /home/mustardking/ws_sensor_combined/install/px4_msgs/include/px4_msgs/px4_msgs/msg/detail/gps_inject_data__struct.hpp\n'}
[1.493462] (px4_msgs) StdoutLine: {'line': b'-- Up-to-date: /home/mustardking/ws_sensor_combined/install/px4_msgs/include/px4_msgs/px4_msgs/msg/detail/takeoff_status__traits.hpp\n'}
[1.493485] (px4_msgs) StdoutLine: {'line': b'-- Up-to-date: /home/mustardking/ws_sensor_combined/install/px4_msgs/include/px4_msgs/px4_msgs/msg/detail/gpio_config__struct.hpp\n'}
[1.493506] (px4_msgs) StdoutLine: {'line': b'-- Up-to-date: /home/mustardking/ws_sensor_combined/install/px4_msgs/include/px4_msgs/px4_msgs/msg/detail/landing_gear__struct.hpp\n'}
[1.493528] (px4_msgs) StdoutLine: {'line': b'-- Up-to-date: /home/mustardking/ws_sensor_combined/install/px4_msgs/include/px4_msgs/px4_msgs/msg/detail/log_message__type_support.hpp\n'}
[1.493549] (px4_msgs) StdoutLine: {'line': b'-- Up-to-date: /home/mustardking/ws_sensor_combined/install/px4_msgs/include/px4_msgs/px4_msgs/msg/detail/system_power__struct.hpp\n'}
[1.493571] (px4_msgs) StdoutLine: {'line': b'-- Up-to-date: /home/mustardking/ws_sensor_combined/install/px4_msgs/include/px4_msgs/px4_msgs/msg/detail/launch_detection_status__type_support.hpp\n'}
[1.493593] (px4_msgs) StdoutLine: {'line': b'-- Up-to-date: /home/mustardking/ws_sensor_combined/install/px4_msgs/include/px4_msgs/px4_msgs/msg/detail/vehicle_attitude__type_support.hpp\n'}
[1.493641] (px4_msgs) StdoutLine: {'line': b'-- Up-to-date: /home/mustardking/ws_sensor_combined/install/px4_msgs/include/px4_msgs/px4_msgs/msg/detail/logger_status__struct.hpp\n'}
[1.493663] (px4_msgs) StdoutLine: {'line': b'-- Up-to-date: /home/mustardking/ws_sensor_combined/install/px4_msgs/include/px4_msgs/px4_msgs/msg/detail/fixed_wing_runway_control__type_support.hpp\n'}
[1.493685] (px4_msgs) StdoutLine: {'line': b'-- Up-to-date: /home/mustardking/ws_sensor_combined/install/px4_msgs/include/px4_msgs/px4_msgs/msg/detail/camera_status__struct.hpp\n'}
[1.493707] (px4_msgs) StdoutLine: {'line': b'-- Up-to-date: /home/mustardking/ws_sensor_combined/install/px4_msgs/include/px4_msgs/px4_msgs/msg/detail/actuator_outputs__struct.hpp\n'}
[1.493728] (px4_msgs) StdoutLine: {'line': b'-- Up-to-date: /home/mustardking/ws_sensor_combined/install/px4_msgs/include/px4_msgs/px4_msgs/msg/detail/rover_rate_setpoint__struct.hpp\n'}
[1.493750] (px4_msgs) StdoutLine: {'line': b'-- Up-to-date: /home/mustardking/ws_sensor_combined/install/px4_msgs/include/px4_msgs/px4_msgs/msg/detail/tecs_status__type_support.hpp\n'}
[1.493772] (px4_msgs) StdoutLine: {'line': b'-- Up-to-date: /home/mustardking/ws_sensor_combined/install/px4_msgs/include/px4_msgs/px4_msgs/msg/detail/vehicle_thrust_setpoint__builder.hpp\n'}
[1.493793] (px4_msgs) StdoutLine: {'line': b'-- Up-to-date: /home/mustardking/ws_sensor_combined/install/px4_msgs/include/px4_msgs/px4_msgs/msg/detail/mission__struct.hpp\n'}
[1.493815] (px4_msgs) StdoutLine: {'line': b'-- Up-to-date: /home/mustardking/ws_sensor_combined/install/px4_msgs/include/px4_msgs/px4_msgs/msg/detail/actuator_test__traits.hpp\n'}
[1.493836] (px4_msgs) StdoutLine: {'line': b'-- Up-to-date: /home/mustardking/ws_sensor_combined/install/px4_msgs/include/px4_msgs/px4_msgs/msg/detail/open_drone_id_operator_id__type_support.hpp\n'}
[1.493858] (px4_msgs) StdoutLine: {'line': b'-- Up-to-date: /home/mustardking/ws_sensor_combined/install/px4_msgs/include/px4_msgs/px4_msgs/msg/detail/vtol_vehicle_status__traits.hpp\n'}
[1.493879] (px4_msgs) StdoutLine: {'line': b'-- Up-to-date: /home/mustardking/ws_sensor_combined/install/px4_msgs/include/px4_msgs/px4_msgs/msg/detail/telemetry_status__struct.hpp\n'}
[1.493901] (px4_msgs) StdoutLine: {'line': b'-- Up-to-date: /home/mustardking/ws_sensor_combined/install/px4_msgs/include/px4_msgs/px4_msgs/msg/detail/tune_control__struct.hpp\n'}
[1.493923] (px4_msgs) StdoutLine: {'line': b'-- Up-to-date: /home/mustardking/ws_sensor_combined/install/px4_msgs/include/px4_msgs/px4_msgs/msg/detail/sensors_status__traits.hpp\n'}
[1.493952] (px4_msgs) StdoutLine: {'line': b'-- Up-to-date: /home/mustardking/ws_sensor_combined/install/px4_msgs/include/px4_msgs/px4_msgs/msg/detail/gimbal_device_attitude_status__type_support.hpp\n'}
[1.494180] (px4_msgs) StdoutLine: {'line': b'-- Up-to-date: /home/mustardking/ws_sensor_combined/install/px4_msgs/include/px4_msgs/px4_msgs/msg/detail/pure_pursuit_status__builder.hpp\n'}
[1.494210] (px4_msgs) StdoutLine: {'line': b'-- Up-to-date: /home/mustardking/ws_sensor_combined/install/px4_msgs/include/px4_msgs/px4_msgs/msg/detail/gpio_out__type_support.hpp\n'}
[1.494239] (px4_msgs) StdoutLine: {'line': b'-- Up-to-date: /home/mustardking/ws_sensor_combined/install/px4_msgs/include/px4_msgs/px4_msgs/msg/detail/estimator_bias3d__traits.hpp\n'}
[1.494278] (px4_msgs) StdoutLine: {'line': b'-- Up-to-date: /home/mustardking/ws_sensor_combined/install/px4_msgs/include/px4_msgs/px4_msgs/msg/detail/vehicle_command_ack__builder.hpp\n'}
[1.494339] (px4_msgs) StdoutLine: {'line': b'-- Up-to-date: /home/mustardking/ws_sensor_combined/install/px4_msgs/include/px4_msgs/px4_msgs/msg/detail/vehicle_imu__traits.hpp\n'}
[1.494370] (px4_msgs) StdoutLine: {'line': b'-- Up-to-date: /home/mustardking/ws_sensor_combined/install/px4_msgs/include/px4_msgs/px4_msgs/msg/detail/battery_info__type_support.hpp\n'}
[1.494408] (px4_msgs) StdoutLine: {'line': b'-- Up-to-date: /home/mustardking/ws_sensor_combined/install/px4_msgs/include/px4_msgs/px4_msgs/msg/detail/irlock_report__type_support.hpp\n'}
[1.494447] (px4_msgs) StdoutLine: {'line': b'-- Up-to-date: /home/mustardking/ws_sensor_combined/install/px4_msgs/include/px4_msgs/px4_msgs/msg/detail/tecs_status__traits.hpp\n'}
[1.494480] (px4_msgs) StdoutLine: {'line': b'-- Up-to-date: /home/mustardking/ws_sensor_combined/install/px4_msgs/include/px4_msgs/px4_msgs/msg/detail/orbit_status__struct.hpp\n'}
[1.494508] (px4_msgs) StdoutLine: {'line': b'-- Up-to-date: /home/mustardking/ws_sensor_combined/install/px4_msgs/include/px4_msgs/px4_msgs/msg/detail/velocity_limits__type_support.hpp\n'}
[1.494558] (px4_msgs) StdoutLine: {'line': b'-- Up-to-date: /home/mustardking/ws_sensor_combined/install/px4_msgs/include/px4_msgs/px4_msgs/msg/detail/gpio_in__struct.hpp\n'}
[1.494580] (px4_msgs) StdoutLine: {'line': b'-- Up-to-date: /home/mustardking/ws_sensor_combined/install/px4_msgs/include/px4_msgs/px4_msgs/msg/detail/camera_trigger__struct.hpp\n'}
[1.494618] (px4_msgs) StdoutLine: {'line': b'-- Up-to-date: /home/mustardking/ws_sensor_combined/install/px4_msgs/include/px4_msgs/px4_msgs/msg/detail/estimator_event_flags__type_support.hpp\n'}
[1.494657] (px4_msgs) StdoutLine: {'line': b'-- Up-to-date: /home/mustardking/ws_sensor_combined/install/px4_msgs/include/px4_msgs/px4_msgs/msg/detail/parameter_update__struct.hpp\n'}
[1.494696] (px4_msgs) StdoutLine: {'line': b'-- Up-to-date: /home/mustardking/ws_sensor_combined/install/px4_msgs/include/px4_msgs/px4_msgs/msg/detail/camera_status__traits.hpp\n'}
[1.494733] (px4_msgs) StdoutLine: {'line': b'-- Up-to-date: /home/mustardking/ws_sensor_combined/install/px4_msgs/include/px4_msgs/px4_msgs/msg/detail/parameter_set_used_request__builder.hpp\n'}
[1.494778] (px4_msgs) StdoutLine: {'line': b'-- Up-to-date: /home/mustardking/ws_sensor_combined/install/px4_msgs/include/px4_msgs/px4_msgs/msg/detail/open_drone_id_arm_status__builder.hpp\n'}
[1.494811] (px4_msgs) StdoutLine: {'line': b'-- Up-to-date: /home/mustardking/ws_sensor_combined/install/px4_msgs/include/px4_msgs/px4_msgs/msg/detail/sensor_selection__builder.hpp\n'}
[1.494849] (px4_msgs) StdoutLine: {'line': b'-- Up-to-date: /home/mustardking/ws_sensor_combined/install/px4_msgs/include/px4_msgs/px4_msgs/msg/detail/gimbal_manager_information__traits.hpp\n'}
[1.494887] (px4_msgs) StdoutLine: {'line': b'-- Up-to-date: /home/mustardking/ws_sensor_combined/install/px4_msgs/include/px4_msgs/px4_msgs/msg/detail/sensor_gnss_status__builder.hpp\n'}
[1.494916] (px4_msgs) StdoutLine: {'line': b'-- Up-to-date: /home/mustardking/ws_sensor_combined/install/px4_msgs/include/px4_msgs/px4_msgs/msg/detail/rover_rate_status__type_support.hpp\n'}
[1.494954] (px4_msgs) StdoutLine: {'line': b'-- Up-to-date: /home/mustardking/ws_sensor_combined/install/px4_msgs/include/px4_msgs/px4_msgs/msg/detail/camera_capture__struct.hpp\n'}
[1.494991] (px4_msgs) StdoutLine: {'line': b'-- Up-to-date: /home/mustardking/ws_sensor_combined/install/px4_msgs/include/px4_msgs/px4_msgs/msg/detail/open_drone_id_self_id__type_support.hpp\n'}
[1.495019] (px4_msgs) StdoutLine: {'line': b'-- Up-to-date: /home/mustardking/ws_sensor_combined/install/px4_msgs/include/px4_msgs/px4_msgs/msg/detail/gimbal_device_information__type_support.hpp\n'}
[1.495057] (px4_msgs) StdoutLine: {'line': b'-- Up-to-date: /home/mustardking/ws_sensor_combined/install/px4_msgs/include/px4_msgs/px4_msgs/msg/detail/takeoff_status__builder.hpp\n'}
[1.495090] (px4_msgs) StdoutLine: {'line': b'-- Up-to-date: /home/mustardking/ws_sensor_combined/install/px4_msgs/include/px4_msgs/px4_msgs/msg/detail/arming_check_request__type_support.hpp\n'}
[1.495133] (px4_msgs) StdoutLine: {'line': b'-- Up-to-date: /home/mustardking/ws_sensor_combined/install/px4_msgs/include/px4_msgs/px4_msgs/msg/detail/sensor_accel_fifo__builder.hpp\n'}
[1.495161] (px4_msgs) StdoutLine: {'line': b'-- Up-to-date: /home/mustardking/ws_sensor_combined/install/px4_msgs/include/px4_msgs/px4_msgs/msg/detail/control_allocator_status__traits.hpp\n'}
[1.495189] (px4_msgs) StdoutLine: {'line': b'-- Up-to-date: /home/mustardking/ws_sensor_combined/install/px4_msgs/include/px4_msgs/px4_msgs/msg/detail/control_allocator_status__struct.hpp\n'}
[1.495223] (px4_msgs) StdoutLine: {'line': b'-- Up-to-date: /home/mustardking/ws_sensor_combined/install/px4_msgs/include/px4_msgs/px4_msgs/msg/detail/manual_control_switches__type_support.hpp\n'}
[1.495260] (px4_msgs) StdoutLine: {'line': b'-- Up-to-date: /home/mustardking/ws_sensor_combined/install/px4_msgs/include/px4_msgs/px4_msgs/msg/detail/vehicle_land_detected__traits.hpp\n'}
[1.495360] (px4_msgs) StdoutLine: {'line': b'-- Up-to-date: /home/mustardking/ws_sensor_combined/install/px4_msgs/include/px4_msgs/px4_msgs/msg/detail/sensor_preflight_mag__builder.hpp\n'}
[1.495387] (px4_msgs) StdoutLine: {'line': b'-- Up-to-date: /home/mustardking/ws_sensor_combined/install/px4_msgs/include/px4_msgs/px4_msgs/msg/detail/gpio_config__builder.hpp\n'}
[1.495418] (px4_msgs) StdoutLine: {'line': b'-- Up-to-date: /home/mustardking/ws_sensor_combined/install/px4_msgs/include/px4_msgs/px4_msgs/msg/detail/sensor_hygrometer__builder.hpp\n'}
[1.495452] (px4_msgs) StdoutLine: {'line': b'-- Up-to-date: /home/mustardking/ws_sensor_combined/install/px4_msgs/include/px4_msgs/px4_msgs/msg/detail/flight_phase_estimation__traits.hpp\n'}
[1.495475] (px4_msgs) StdoutLine: {'line': b'-- Up-to-date: /home/mustardking/ws_sensor_combined/install/px4_msgs/include/px4_msgs/px4_msgs/msg/detail/can_interface_status__traits.hpp\n'}
[1.495497] (px4_msgs) StdoutLine: {'line': b'-- Up-to-date: /home/mustardking/ws_sensor_combined/install/px4_msgs/include/px4_msgs/px4_msgs/msg/detail/rover_position_setpoint__traits.hpp\n'}
[1.495519] (px4_msgs) StdoutLine: {'line': b'-- Up-to-date: /home/mustardking/ws_sensor_combined/install/px4_msgs/include/px4_msgs/px4_msgs/msg/detail/airspeed__struct.hpp\n'}
[1.495541] (px4_msgs) StdoutLine: {'line': b'-- Up-to-date: /home/mustardking/ws_sensor_combined/install/px4_msgs/include/px4_msgs/px4_msgs/msg/detail/mavlink_log__builder.hpp\n'}
[1.495563] (px4_msgs) StdoutLine: {'line': b'-- Up-to-date: /home/mustardking/ws_sensor_combined/install/px4_msgs/include/px4_msgs/px4_msgs/msg/detail/fixed_wing_runway_control__builder.hpp\n'}
[1.495585] (px4_msgs) StdoutLine: {'line': b'-- Up-to-date: /home/mustardking/ws_sensor_combined/install/px4_msgs/include/px4_msgs/px4_msgs/msg/detail/vehicle_angular_acceleration_setpoint__struct.hpp\n'}
[1.495609] (px4_msgs) StdoutLine: {'line': b'-- Up-to-date: /home/mustardking/ws_sensor_combined/install/px4_msgs/include/px4_msgs/px4_msgs/msg/detail/vehicle_imu__type_support.hpp\n'}
[1.495631] (px4_msgs) StdoutLine: {'line': b'-- Up-to-date: /home/mustardking/ws_sensor_combined/install/px4_msgs/include/px4_msgs/px4_msgs/msg/detail/gpio_request__traits.hpp\n'}
[1.495652] (px4_msgs) StdoutLine: {'line': b'-- Up-to-date: /home/mustardking/ws_sensor_combined/install/px4_msgs/include/px4_msgs/px4_msgs/msg/detail/open_drone_id_arm_status__struct.hpp\n'}
[1.495674] (px4_msgs) StdoutLine: {'line': b'-- Up-to-date: /home/mustardking/ws_sensor_combined/install/px4_msgs/include/px4_msgs/px4_msgs/msg/detail/gimbal_device_information__builder.hpp\n'}
[1.495698] (px4_msgs) StdoutLine: {'line': b'-- Up-to-date: /home/mustardking/ws_sensor_combined/install/px4_msgs/include/px4_msgs/px4_msgs/msg/detail/landing_target_pose__struct.hpp\n'}
[1.495720] (px4_msgs) StdoutLine: {'line': b'-- Up-to-date: /home/mustardking/ws_sensor_combined/install/px4_msgs/include/px4_msgs/px4_msgs/msg/detail/can_interface_status__struct.hpp\n'}
[1.495743] (px4_msgs) StdoutLine: {'line': b'-- Up-to-date: /home/mustardking/ws_sensor_combined/install/px4_msgs/include/px4_msgs/px4_msgs/msg/detail/gimbal_manager_set_attitude__struct.hpp\n'}
[1.495765] (px4_msgs) StdoutLine: {'line': b'-- Up-to-date: /home/mustardking/ws_sensor_combined/install/px4_msgs/include/px4_msgs/px4_msgs/msg/detail/landing_gear__traits.hpp\n'}
[1.495787] (px4_msgs) StdoutLine: {'line': b'-- Up-to-date: /home/mustardking/ws_sensor_combined/install/px4_msgs/include/px4_msgs/px4_msgs/msg/detail/vehicle_local_position_setpoint__type_support.hpp\n'}
[1.495808] (px4_msgs) StdoutLine: {'line': b'-- Up-to-date: /home/mustardking/ws_sensor_combined/install/px4_msgs/include/px4_msgs/px4_msgs/msg/detail/vehicle_torque_setpoint__builder.hpp\n'}
[1.495830] (px4_msgs) StdoutLine: {'line': b'-- Up-to-date: /home/mustardking/ws_sensor_combined/install/px4_msgs/include/px4_msgs/px4_msgs/msg/detail/manual_control_switches__struct.hpp\n'}
[1.495853] (px4_msgs) StdoutLine: {'line': b'-- Up-to-date: /home/mustardking/ws_sensor_combined/install/px4_msgs/include/px4_msgs/px4_msgs/msg/detail/radio_status__type_support.hpp\n'}
[1.495875] (px4_msgs) StdoutLine: {'line': b'-- Up-to-date: /home/mustardking/ws_sensor_combined/install/px4_msgs/include/px4_msgs/px4_msgs/msg/detail/vehicle_magnetometer__type_support.hpp\n'}
[1.495897] (px4_msgs) StdoutLine: {'line': b'-- Up-to-date: /home/mustardking/ws_sensor_combined/install/px4_msgs/include/px4_msgs/px4_msgs/msg/detail/estimator_bias__struct.hpp\n'}
[1.495918] (px4_msgs) StdoutLine: {'line': b'-- Up-to-date: /home/mustardking/ws_sensor_combined/install/px4_msgs/include/px4_msgs/px4_msgs/msg/detail/actuator_motors__traits.hpp\n'}
[1.495940] (px4_msgs) StdoutLine: {'line': b'-- Up-to-date: /home/mustardking/ws_sensor_combined/install/px4_msgs/include/px4_msgs/px4_msgs/msg/detail/sensor_gyro_fft__traits.hpp\n'}
[1.495962] (px4_msgs) StdoutLine: {'line': b'-- Up-to-date: /home/mustardking/ws_sensor_combined/install/px4_msgs/include/px4_msgs/px4_msgs/msg/detail/airspeed_wind__struct.hpp\n'}
[1.495983] (px4_msgs) StdoutLine: {'line': b'-- Up-to-date: /home/mustardking/ws_sensor_combined/install/px4_msgs/include/px4_msgs/px4_msgs/msg/detail/estimator_bias__type_support.hpp\n'}
[1.496006] (px4_msgs) StdoutLine: {'line': b'-- Up-to-date: /home/mustardking/ws_sensor_combined/install/px4_msgs/include/px4_msgs/px4_msgs/msg/detail/actuator_motors__type_support.hpp\n'}
[1.496028] (px4_msgs) StdoutLine: {'line': b'-- Up-to-date: /home/mustardking/ws_sensor_combined/install/px4_msgs/include/px4_msgs/px4_msgs/msg/detail/autotune_attitude_control_status__traits.hpp\n'}
[1.496050] (px4_msgs) StdoutLine: {'line': b'-- Up-to-date: /home/mustardking/ws_sensor_combined/install/px4_msgs/include/px4_msgs/px4_msgs/msg/detail/sensor_gnss_relative__type_support.hpp\n'}
[1.496072] (px4_msgs) StdoutLine: {'line': b'-- Up-to-date: /home/mustardking/ws_sensor_combined/install/px4_msgs/include/px4_msgs/px4_msgs/msg/detail/vehicle_magnetometer__struct.hpp\n'}
[1.496095] (px4_msgs) StdoutLine: {'line': b'-- Up-to-date: /home/mustardking/ws_sensor_combined/install/px4_msgs/include/px4_msgs/px4_msgs/msg/detail/rover_speed_setpoint__traits.hpp\n'}
[1.496125] (px4_msgs) StdoutLine: {'line': b'-- Up-to-date: /home/mustardking/ws_sensor_combined/install/px4_msgs/include/px4_msgs/px4_msgs/msg/detail/gimbal_controls__builder.hpp\n'}
[1.496148] (px4_msgs) StdoutLine: {'line': b'-- Up-to-date: /home/mustardking/ws_sensor_combined/install/px4_msgs/include/px4_msgs/px4_msgs/msg/detail/vehicle_local_position__builder.hpp\n'}
[1.496169] (px4_msgs) StdoutLine: {'line': b'-- Up-to-date: /home/mustardking/ws_sensor_combined/install/px4_msgs/include/px4_msgs/px4_msgs/msg/detail/fixed_wing_lateral_guidance_status__builder.hpp\n'}
[1.496191] (px4_msgs) StdoutLine: {'line': b'-- Up-to-date: /home/mustardking/ws_sensor_combined/install/px4_msgs/include/px4_msgs/px4_msgs/msg/detail/internal_combustion_engine_status__traits.hpp\n'}
[1.496213] (px4_msgs) StdoutLine: {'line': b'-- Up-to-date: /home/mustardking/ws_sensor_combined/install/px4_msgs/include/px4_msgs/px4_msgs/msg/detail/config_overrides__traits.hpp\n'}
[1.496235] (px4_msgs) StdoutLine: {'line': b'-- Up-to-date: /home/mustardking/ws_sensor_combined/install/px4_msgs/include/px4_msgs/px4_msgs/msg/detail/rc_parameter_map__type_support.hpp\n'}
[1.496258] (px4_msgs) StdoutLine: {'line': b'-- Up-to-date: /home/mustardking/ws_sensor_combined/install/px4_msgs/include/px4_msgs/px4_msgs/msg/detail/can_interface_status__builder.hpp\n'}
[1.496280] (px4_msgs) StdoutLine: {'line': b'-- Up-to-date: /home/mustardking/ws_sensor_combined/install/px4_msgs/include/px4_msgs/px4_msgs/msg/detail/power_monitor__traits.hpp\n'}
[1.496302] (px4_msgs) StdoutLine: {'line': b'-- Up-to-date: /home/mustardking/ws_sensor_combined/install/px4_msgs/include/px4_msgs/px4_msgs/msg/detail/estimator_aid_source2d__builder.hpp\n'}
[1.496324] (px4_msgs) StdoutLine: {'line': b'-- Up-to-date: /home/mustardking/ws_sensor_combined/install/px4_msgs/include/px4_msgs/px4_msgs/msg/detail/estimator_states__traits.hpp\n'}
[1.496348] (px4_msgs) StdoutLine: {'line': b'-- Up-to-date: /home/mustardking/ws_sensor_combined/install/px4_msgs/include/px4_msgs/px4_msgs/msg/detail/gimbal_manager_set_manual_control__struct.hpp\n'}
[1.496370] (px4_msgs) StdoutLine: {'line': b'-- Up-to-date: /home/mustardking/ws_sensor_combined/install/px4_msgs/include/px4_msgs/px4_msgs/msg/detail/irlock_report__traits.hpp\n'}
[1.496392] (px4_msgs) StdoutLine: {'line': b'-- Up-to-date: /home/mustardking/ws_sensor_combined/install/px4_msgs/include/px4_msgs/px4_msgs/msg/detail/iridiumsbd_status__builder.hpp\n'}
[1.496436] (px4_msgs) StdoutLine: {'line': b'-- Up-to-date: /home/mustardking/ws_sensor_combined/install/px4_msgs/include/px4_msgs/px4_msgs/msg/detail/irlock_report__struct.hpp\n'}
[1.496459] (px4_msgs) StdoutLine: {'line': b'-- Up-to-date: /home/mustardking/ws_sensor_combined/install/px4_msgs/include/px4_msgs/px4_msgs/msg/detail/vehicle_constraints__type_support.hpp\n'}
[1.496481] (px4_msgs) StdoutLine: {'line': b'-- Up-to-date: /home/mustardking/ws_sensor_combined/install/px4_msgs/include/px4_msgs/px4_msgs/msg/detail/vehicle_optical_flow__type_support.hpp\n'}
[1.496503] (px4_msgs) StdoutLine: {'line': b'-- Up-to-date: /home/mustardking/ws_sensor_combined/install/px4_msgs/include/px4_msgs/px4_msgs/msg/detail/vehicle_roi__builder.hpp\n'}
[1.496525] (px4_msgs) StdoutLine: {'line': b'-- Up-to-date: /home/mustardking/ws_sensor_combined/install/px4_msgs/include/px4_msgs/px4_msgs/msg/detail/arming_check_reply__struct.hpp\n'}
[1.496547] (px4_msgs) StdoutLine: {'line': b'-- Up-to-date: /home/mustardking/ws_sensor_combined/install/px4_msgs/include/px4_msgs/px4_msgs/msg/detail/mode_completed__struct.hpp\n'}
[1.496569] (px4_msgs) StdoutLine: {'line': b'-- Up-to-date: /home/mustardking/ws_sensor_combined/install/px4_msgs/include/px4_msgs/px4_msgs/msg/detail/sensor_hygrometer__struct.hpp\n'}
[1.496590] (px4_msgs) StdoutLine: {'line': b'-- Up-to-date: /home/mustardking/ws_sensor_combined/install/px4_msgs/include/px4_msgs/px4_msgs/msg/detail/open_drone_id_self_id__traits.hpp\n'}
[1.496614] (px4_msgs) StdoutLine: {'line': b'-- Up-to-date: /home/mustardking/ws_sensor_combined/install/px4_msgs/include/px4_msgs/px4_msgs/msg/detail/ping__builder.hpp\n'}
[1.496636] (px4_msgs) StdoutLine: {'line': b'-- Up-to-date: /home/mustardking/ws_sensor_combined/install/px4_msgs/include/px4_msgs/px4_msgs/msg/detail/offboard_control_mode__type_support.hpp\n'}
[1.496659] (px4_msgs) StdoutLine: {'line': b'-- Up-to-date: /home/mustardking/ws_sensor_combined/install/px4_msgs/include/px4_msgs/px4_msgs/msg/detail/estimator_bias__builder.hpp\n'}
[1.496681] (px4_msgs) StdoutLine: {'line': b'-- Up-to-date: /home/mustardking/ws_sensor_combined/install/px4_msgs/include/px4_msgs/px4_msgs/msg/detail/figure_eight_status__builder.hpp\n'}
[1.496703] (px4_msgs) StdoutLine: {'line': b'-- Up-to-date: /home/mustardking/ws_sensor_combined/install/px4_msgs/include/px4_msgs/px4_msgs/msg/detail/mount_orientation__struct.hpp\n'}
[1.496725] (px4_msgs) StdoutLine: {'line': b'-- Up-to-date: /home/mustardking/ws_sensor_combined/install/px4_msgs/include/px4_msgs/px4_msgs/msg/detail/gimbal_manager_set_attitude__builder.hpp\n'}
[1.496747] (px4_msgs) StdoutLine: {'line': b'-- Up-to-date: /home/mustardking/ws_sensor_combined/install/px4_msgs/include/px4_msgs/px4_msgs/msg/detail/gimbal_manager_information__struct.hpp\n'}
[1.496768] (px4_msgs) StdoutLine: {'line': b'-- Up-to-date: /home/mustardking/ws_sensor_combined/install/px4_msgs/include/px4_msgs/px4_msgs/msg/detail/gimbal_controls__struct.hpp\n'}
[1.496790] (px4_msgs) StdoutLine: {'line': b'-- Up-to-date: /home/mustardking/ws_sensor_combined/install/px4_msgs/include/px4_msgs/px4_msgs/msg/detail/fixed_wing_lateral_guidance_status__type_support.hpp\n'}
[1.496812] (px4_msgs) StdoutLine: {'line': b'-- Up-to-date: /home/mustardking/ws_sensor_combined/install/px4_msgs/include/px4_msgs/px4_msgs/msg/detail/generator_status__type_support.hpp\n'}
[1.496834] (px4_msgs) StdoutLine: {'line': b'-- Up-to-date: /home/mustardking/ws_sensor_combined/install/px4_msgs/include/px4_msgs/px4_msgs/msg/detail/navigator_status__builder.hpp\n'}
[1.496855] (px4_msgs) StdoutLine: {'line': b'-- Up-to-date: /home/mustardking/ws_sensor_combined/install/px4_msgs/include/px4_msgs/px4_msgs/msg/detail/battery_status__struct.hpp\n'}
[1.496877] (px4_msgs) StdoutLine: {'line': b'-- Up-to-date: /home/mustardking/ws_sensor_combined/install/px4_msgs/include/px4_msgs/px4_msgs/msg/detail/power_button_state__type_support.hpp\n'}
[1.496899] (px4_msgs) StdoutLine: {'line': b'-- Up-to-date: /home/mustardking/ws_sensor_combined/install/px4_msgs/include/px4_msgs/px4_msgs/msg/detail/register_ext_component_reply__builder.hpp\n'}
[1.496920] (px4_msgs) StdoutLine: {'line': b'-- Up-to-date: /home/mustardking/ws_sensor_combined/install/px4_msgs/include/px4_msgs/px4_msgs/msg/detail/px4io_status__traits.hpp\n'}
[1.496942] (px4_msgs) StdoutLine: {'line': b'-- Up-to-date: /home/mustardking/ws_sensor_combined/install/px4_msgs/include/px4_msgs/px4_msgs/msg/detail/sensor_optical_flow__traits.hpp\n'}
[1.496964] (px4_msgs) StdoutLine: {'line': b'-- Up-to-date: /home/mustardking/ws_sensor_combined/install/px4_msgs/include/px4_msgs/px4_msgs/msg/detail/neural_control__builder.hpp\n'}
[1.496985] (px4_msgs) StdoutLine: {'line': b'-- Up-to-date: /home/mustardking/ws_sensor_combined/install/px4_msgs/include/px4_msgs/px4_msgs/msg/detail/actuator_test__type_support.hpp\n'}
[1.497009] (px4_msgs) StdoutLine: {'line': b'-- Up-to-date: /home/mustardking/ws_sensor_combined/install/px4_msgs/include/px4_msgs/px4_msgs/msg/detail/action_request__struct.hpp\n'}
[1.497031] (px4_msgs) StdoutLine: {'line': b'-- Up-to-date: /home/mustardking/ws_sensor_combined/install/px4_msgs/include/px4_msgs/px4_msgs/msg/detail/trajectory_setpoint6dof__traits.hpp\n'}
[1.497052] (px4_msgs) StdoutLine: {'line': b'-- Up-to-date: /home/mustardking/ws_sensor_combined/install/px4_msgs/include/px4_msgs/px4_msgs/msg/detail/rtl_status__struct.hpp\n'}
[1.497074] (px4_msgs) StdoutLine: {'line': b'-- Up-to-date: /home/mustardking/ws_sensor_combined/install/px4_msgs/include/px4_msgs/px4_msgs/msg/detail/rc_channels__struct.hpp\n'}
[1.497097] (px4_msgs) StdoutLine: {'line': b'-- Up-to-date: /home/mustardking/ws_sensor_combined/install/px4_msgs/include/px4_msgs/px4_msgs/msg/detail/failsafe_flags__traits.hpp\n'}
[1.497119] (px4_msgs) StdoutLine: {'line': b'-- Up-to-date: /home/mustardking/ws_sensor_combined/install/px4_msgs/include/px4_msgs/px4_msgs/msg/detail/follow_target_status__type_support.hpp\n'}
[1.497141] (px4_msgs) StdoutLine: {'line': b'-- Up-to-date: /home/mustardking/ws_sensor_combined/install/px4_msgs/include/px4_msgs/px4_msgs/msg/detail/fixed_wing_runway_control__struct.hpp\n'}
[1.497162] (px4_msgs) StdoutLine: {'line': b'-- Up-to-date: /home/mustardking/ws_sensor_combined/install/px4_msgs/include/px4_msgs/px4_msgs/msg/detail/vehicle_acceleration__builder.hpp\n'}
[1.497184] (px4_msgs) StdoutLine: {'line': b'-- Up-to-date: /home/mustardking/ws_sensor_combined/install/px4_msgs/include/px4_msgs/px4_msgs/msg/detail/distance_sensor__type_support.hpp\n'}
[1.497206] (px4_msgs) StdoutLine: {'line': b'-- Up-to-date: /home/mustardking/ws_sensor_combined/install/px4_msgs/include/px4_msgs/px4_msgs/msg/detail/pwm_input__struct.hpp\n'}
[1.497228] (px4_msgs) StdoutLine: {'line': b'-- Up-to-date: /home/mustardking/ws_sensor_combined/install/px4_msgs/include/px4_msgs/px4_msgs/msg/detail/fuel_tank_status__struct.hpp\n'}
[1.497249] (px4_msgs) StdoutLine: {'line': b'-- Up-to-date: /home/mustardking/ws_sensor_combined/install/px4_msgs/include/px4_msgs/px4_msgs/msg/detail/esc_report__traits.hpp\n'}
[1.497273] (px4_msgs) StdoutLine: {'line': b'-- Up-to-date: /home/mustardking/ws_sensor_combined/install/px4_msgs/include/px4_msgs/px4_msgs/msg/detail/vehicle_rates_setpoint__struct.hpp\n'}
[1.497295] (px4_msgs) StdoutLine: {'line': b'-- Up-to-date: /home/mustardking/ws_sensor_combined/install/px4_msgs/include/px4_msgs/px4_msgs/msg/detail/rc_parameter_map__builder.hpp\n'}
[1.497316] (px4_msgs) StdoutLine: {'line': b'-- Up-to-date: /home/mustardking/ws_sensor_combined/install/px4_msgs/include/px4_msgs/px4_msgs/msg/detail/gpio_config__type_support.hpp\n'}
[1.497338] (px4_msgs) StdoutLine: {'line': b'-- Up-to-date: /home/mustardking/ws_sensor_combined/install/px4_msgs/include/px4_msgs/px4_msgs/msg/detail/telemetry_status__type_support.hpp\n'}
[1.497360] (px4_msgs) StdoutLine: {'line': b'-- Up-to-date: /home/mustardking/ws_sensor_combined/install/px4_msgs/include/px4_msgs/px4_msgs/msg/detail/airspeed_validated__struct.hpp\n'}
[1.497384] (px4_msgs) StdoutLine: {'line': b'-- Up-to-date: /home/mustardking/ws_sensor_combined/install/px4_msgs/include/px4_msgs/px4_msgs/msg/detail/vehicle_torque_setpoint__traits.hpp\n'}
[1.497406] (px4_msgs) StdoutLine: {'line': b'-- Up-to-date: /home/mustardking/ws_sensor_combined/install/px4_msgs/include/px4_msgs/px4_msgs/msg/detail/vehicle_land_detected__struct.hpp\n'}
[1.497428] (px4_msgs) StdoutLine: {'line': b'-- Up-to-date: /home/mustardking/ws_sensor_combined/install/px4_msgs/include/px4_msgs/px4_msgs/msg/detail/message_format_request__struct.hpp\n'}
[1.497450] (px4_msgs) StdoutLine: {'line': b'-- Up-to-date: /home/mustardking/ws_sensor_combined/install/px4_msgs/include/px4_msgs/px4_msgs/msg/detail/vehicle_torque_setpoint__type_support.hpp\n'}
[1.497472] (px4_msgs) StdoutLine: {'line': b'-- Up-to-date: /home/mustardking/ws_sensor_combined/install/px4_msgs/include/px4_msgs/px4_msgs/msg/detail/geofence_result__builder.hpp\n'}
[1.497494] (px4_msgs) StdoutLine: {'line': b'-- Up-to-date: /home/mustardking/ws_sensor_combined/install/px4_msgs/include/px4_msgs/px4_msgs/msg/detail/control_allocator_status__type_support.hpp\n'}
[1.497516] (px4_msgs) StdoutLine: {'line': b'-- Up-to-date: /home/mustardking/ws_sensor_combined/install/px4_msgs/include/px4_msgs/px4_msgs/msg/detail/open_drone_id_operator_id__struct.hpp\n'}
[1.497538] (px4_msgs) StdoutLine: {'line': b'-- Up-to-date: /home/mustardking/ws_sensor_combined/install/px4_msgs/include/px4_msgs/px4_msgs/msg/detail/actuator_armed__builder.hpp\n'}
[1.497561] (px4_msgs) StdoutLine: {'line': b'-- Up-to-date: /home/mustardking/ws_sensor_combined/install/px4_msgs/include/px4_msgs/px4_msgs/msg/detail/satellite_info__type_support.hpp\n'}
[1.497583] (px4_msgs) StdoutLine: {'line': b'-- Up-to-date: /home/mustardking/ws_sensor_combined/install/px4_msgs/include/px4_msgs/px4_msgs/msg/detail/cellular_status__type_support.hpp\n'}
[1.497605] (px4_msgs) StdoutLine: {'line': b'-- Up-to-date: /home/mustardking/ws_sensor_combined/install/px4_msgs/include/px4_msgs/px4_msgs/msg/detail/px4io_status__type_support.hpp\n'}
[1.497626] (px4_msgs) StdoutLine: {'line': b'-- Up-to-date: /home/mustardking/ws_sensor_combined/install/px4_msgs/include/px4_msgs/px4_msgs/msg/detail/normalized_unsigned_setpoint__type_support.hpp\n'}
[1.497648] (px4_msgs) StdoutLine: {'line': b'-- Up-to-date: /home/mustardking/ws_sensor_combined/install/px4_msgs/include/px4_msgs/px4_msgs/msg/detail/geofence_result__type_support.hpp\n'}
[1.497672] (px4_msgs) StdoutLine: {'line': b'-- Up-to-date: /home/mustardking/ws_sensor_combined/install/px4_msgs/include/px4_msgs/px4_msgs/msg/detail/debug_key_value__traits.hpp\n'}
[1.497703] (px4_msgs) StdoutLine: {'line': b'-- Up-to-date: /home/mustardking/ws_sensor_combined/install/px4_msgs/include/px4_msgs/px4_msgs/msg/detail/sensors_status_imu__struct.hpp\n'}
[1.497794] (px4_msgs) StdoutLine: {'line': b'-- Up-to-date: /home/mustardking/ws_sensor_combined/install/px4_msgs/include/px4_msgs/px4_msgs/msg/detail/landing_target_pose__traits.hpp\n'}
[1.497825] (px4_msgs) StdoutLine: {'line': b'-- Up-to-date: /home/mustardking/ws_sensor_combined/install/px4_msgs/include/px4_msgs/px4_msgs/msg/detail/estimator_innovations__traits.hpp\n'}
[1.497850] (px4_msgs) StdoutLine: {'line': b'-- Up-to-date: /home/mustardking/ws_sensor_combined/install/px4_msgs/include/px4_msgs/px4_msgs/msg/detail/vehicle_attitude__struct.hpp\n'}
[1.497874] (px4_msgs) StdoutLine: {'line': b'-- Up-to-date: /home/mustardking/ws_sensor_combined/install/px4_msgs/include/px4_msgs/px4_msgs/msg/detail/gimbal_device_set_attitude__struct.hpp\n'}
[1.497897] (px4_msgs) StdoutLine: {'line': b'-- Up-to-date: /home/mustardking/ws_sensor_combined/install/px4_msgs/include/px4_msgs/px4_msgs/msg/detail/sensor_accel__traits.hpp\n'}
[1.497921] (px4_msgs) StdoutLine: {'line': b'-- Up-to-date: /home/mustardking/ws_sensor_combined/install/px4_msgs/include/px4_msgs/px4_msgs/msg/detail/sensor_uwb__builder.hpp\n'}
[1.497960] (px4_msgs) StdoutLine: {'line': b'-- Up-to-date: /home/mustardking/ws_sensor_combined/install/px4_msgs/include/px4_msgs/px4_msgs/msg/detail/position_controller_status__struct.hpp\n'}
[1.498000] (px4_msgs) StdoutLine: {'line': b'-- Up-to-date: /home/mustardking/ws_sensor_combined/install/px4_msgs/include/px4_msgs/px4_msgs/msg/detail/distance_sensor__struct.hpp\n'}
[1.498040] (px4_msgs) StdoutLine: {'line': b'-- Up-to-date: /home/mustardking/ws_sensor_combined/install/px4_msgs/include/px4_msgs/px4_msgs/msg/detail/velocity_limits__builder.hpp\n'}
[1.498069] (px4_msgs) StdoutLine: {'line': b'-- Up-to-date: /home/mustardking/ws_sensor_combined/install/px4_msgs/include/px4_msgs/px4_msgs/msg/detail/vehicle_thrust_setpoint__traits.hpp\n'}
[1.498110] (px4_msgs) StdoutLine: {'line': b'-- Up-to-date: /home/mustardking/ws_sensor_combined/install/px4_msgs/include/px4_msgs/px4_msgs/msg/detail/hover_thrust_estimate__traits.hpp\n'}
[1.498134] (px4_msgs) StdoutLine: {'line': b'-- Up-to-date: /home/mustardking/ws_sensor_combined/install/px4_msgs/include/px4_msgs/px4_msgs/msg/detail/distance_sensor_mode_change_request__builder.hpp\n'}
[1.498157] (px4_msgs) StdoutLine: {'line': b'-- Up-to-date: /home/mustardking/ws_sensor_combined/install/px4_msgs/include/px4_msgs/px4_msgs/msg/detail/estimator_selector_status__type_support.hpp\n'}
[1.498187] (px4_msgs) StdoutLine: {'line': b'-- Up-to-date: /home/mustardking/ws_sensor_combined/install/px4_msgs/include/px4_msgs/px4_msgs/msg/detail/orb_test_medium__traits.hpp\n'}
[1.498222] (px4_msgs) StdoutLine: {'line': b'-- Up-to-date: /home/mustardking/ws_sensor_combined/install/px4_msgs/include/px4_msgs/px4_msgs/msg/detail/gpio_in__type_support.hpp\n'}
[1.498253] (px4_msgs) StdoutLine: {'line': b'-- Up-to-date: /home/mustardking/ws_sensor_combined/install/px4_msgs/include/px4_msgs/px4_msgs/msg/detail/message_format_response__builder.hpp\n'}
[1.498349] (px4_msgs) StdoutLine: {'line': b'-- Up-to-date: /home/mustardking/ws_sensor_combined/install/px4_msgs/include/px4_msgs/px4_msgs/msg/detail/rpm__builder.hpp\n'}
[1.498388] (px4_msgs) StdoutLine: {'line': b'-- Up-to-date: /home/mustardking/ws_sensor_combined/install/px4_msgs/include/px4_msgs/px4_msgs/msg/detail/airspeed_wind__type_support.hpp\n'}
[1.498427] (px4_msgs) StdoutLine: {'line': b'-- Up-to-date: /home/mustardking/ws_sensor_combined/install/px4_msgs/include/px4_msgs/px4_msgs/msg/detail/fixed_wing_lateral_status__builder.hpp\n'}
[1.498464] (px4_msgs) StdoutLine: {'line': b'-- Up-to-date: /home/mustardking/ws_sensor_combined/install/px4_msgs/include/px4_msgs/px4_msgs/msg/detail/parameter_set_value_response__type_support.hpp\n'}
[1.498499] (px4_msgs) StdoutLine: {'line': b'-- Up-to-date: /home/mustardking/ws_sensor_combined/install/px4_msgs/include/px4_msgs/px4_msgs/msg/detail/rtl_status__traits.hpp\n'}
[1.498534] (px4_msgs) StdoutLine: {'line': b'-- Up-to-date: /home/mustardking/ws_sensor_combined/install/px4_msgs/include/px4_msgs/px4_msgs/msg/detail/sensor_uwb__struct.hpp\n'}
[1.498570] (px4_msgs) StdoutLine: {'line': b'-- Up-to-date: /home/mustardking/ws_sensor_combined/install/px4_msgs/include/px4_msgs/px4_msgs/msg/detail/rover_throttle_setpoint__type_support.hpp\n'}
[1.498602] (px4_msgs) StdoutLine: {'line': b'-- Up-to-date: /home/mustardking/ws_sensor_combined/install/px4_msgs/include/px4_msgs/px4_msgs/msg/detail/rtl_time_estimate__type_support.hpp\n'}
[1.498637] (px4_msgs) StdoutLine: {'line': b'-- Up-to-date: /home/mustardking/ws_sensor_combined/install/px4_msgs/include/px4_msgs/px4_msgs/msg/detail/open_drone_id_self_id__struct.hpp\n'}
[1.498675] (px4_msgs) StdoutLine: {'line': b'-- Up-to-date: /home/mustardking/ws_sensor_combined/install/px4_msgs/include/px4_msgs/px4_msgs/msg/detail/fuel_tank_status__builder.hpp\n'}
[1.498704] (px4_msgs) StdoutLine: {'line': b'-- Up-to-date: /home/mustardking/ws_sensor_combined/install/px4_msgs/include/px4_msgs/px4_msgs/msg/detail/yaw_estimator_status__builder.hpp\n'}
[1.498779] (px4_msgs) StdoutLine: {'line': b'-- Up-to-date: /home/mustardking/ws_sensor_combined/install/px4_msgs/include/px4_msgs/px4_msgs/msg/detail/heater_status__struct.hpp\n'}
[1.498803] (px4_msgs) StdoutLine: {'line': b'-- Up-to-date: /home/mustardking/ws_sensor_combined/install/px4_msgs/include/px4_msgs/px4_msgs/msg/detail/message_format_response__struct.hpp\n'}
[1.498825] (px4_msgs) StdoutLine: {'line': b'-- Up-to-date: /home/mustardking/ws_sensor_combined/install/px4_msgs/include/px4_msgs/px4_msgs/msg/detail/dataman_response__traits.hpp\n'}
[1.498848] (px4_msgs) StdoutLine: {'line': b'-- Up-to-date: /home/mustardking/ws_sensor_combined/install/px4_msgs/include/px4_msgs/px4_msgs/msg/detail/vehicle_command_ack__type_support.hpp\n'}
[1.498870] (px4_msgs) StdoutLine: {'line': b'-- Up-to-date: /home/mustardking/ws_sensor_combined/install/px4_msgs/include/px4_msgs/px4_msgs/msg/detail/rover_throttle_setpoint__struct.hpp\n'}
[1.498892] (px4_msgs) StdoutLine: {'line': b'-- Up-to-date: /home/mustardking/ws_sensor_combined/install/px4_msgs/include/px4_msgs/px4_msgs/msg/detail/sensor_accel_fifo__type_support.hpp\n'}
[1.498914] (px4_msgs) StdoutLine: {'line': b'-- Up-to-date: /home/mustardking/ws_sensor_combined/install/px4_msgs/include/px4_msgs/px4_msgs/msg/detail/transponder_report__builder.hpp\n'}
[1.498936] (px4_msgs) StdoutLine: {'line': b'-- Up-to-date: /home/mustardking/ws_sensor_combined/install/px4_msgs/include/px4_msgs/px4_msgs/msg/detail/internal_combustion_engine_status__builder.hpp\n'}
[1.498959] (px4_msgs) StdoutLine: {'line': b'-- Up-to-date: /home/mustardking/ws_sensor_combined/install/px4_msgs/include/px4_msgs/px4_msgs/msg/detail/parameter_set_value_request__traits.hpp\n'}
[1.498981] (px4_msgs) StdoutLine: {'line': b'-- Up-to-date: /home/mustardking/ws_sensor_combined/install/px4_msgs/include/px4_msgs/px4_msgs/msg/detail/button_event__builder.hpp\n'}
[1.499004] (px4_msgs) StdoutLine: {'line': b'-- Up-to-date: /home/mustardking/ws_sensor_combined/install/px4_msgs/include/px4_msgs/px4_msgs/msg/detail/navigator_status__type_support.hpp\n'}
[1.499026] (px4_msgs) StdoutLine: {'line': b'-- Up-to-date: /home/mustardking/ws_sensor_combined/install/px4_msgs/include/px4_msgs/px4_msgs/msg/detail/debug_vect__type_support.hpp\n'}
[1.499075] (px4_msgs) StdoutLine: {'line': b'-- Up-to-date: /home/mustardking/ws_sensor_combined/install/px4_msgs/include/px4_msgs/px4_msgs/msg/detail/mag_worker_data__struct.hpp\n'}
[1.499100] (px4_msgs) StdoutLine: {'line': b'-- Up-to-date: /home/mustardking/ws_sensor_combined/install/px4_msgs/include/px4_msgs/px4_msgs/msg/detail/log_message__builder.hpp\n'}
[1.499123] (px4_msgs) StdoutLine: {'line': b'-- Up-to-date: /home/mustardking/ws_sensor_combined/install/px4_msgs/include/px4_msgs/px4_msgs/msg/detail/power_button_state__struct.hpp\n'}
[1.499145] (px4_msgs) StdoutLine: {'line': b'-- Up-to-date: /home/mustardking/ws_sensor_combined/install/px4_msgs/include/px4_msgs/px4_msgs/msg/detail/cpuload__traits.hpp\n'}
[1.499193] (px4_msgs) StdoutLine: {'line': b'-- Up-to-date: /home/mustardking/ws_sensor_combined/install/px4_msgs/include/px4_msgs/px4_msgs/msg/detail/dronecan_node_status__struct.hpp\n'}
[1.499215] (px4_msgs) StdoutLine: {'line': b'-- Up-to-date: /home/mustardking/ws_sensor_combined/install/px4_msgs/include/px4_msgs/px4_msgs/msg/detail/register_ext_component_reply__traits.hpp\n'}
[1.499237] (px4_msgs) StdoutLine: {'line': b'-- Up-to-date: /home/mustardking/ws_sensor_combined/install/px4_msgs/include/px4_msgs/px4_msgs/msg/detail/vehicle_optical_flow__traits.hpp\n'}
[1.499259] (px4_msgs) StdoutLine: {'line': b'-- Up-to-date: /home/mustardking/ws_sensor_combined/install/px4_msgs/include/px4_msgs/px4_msgs/msg/detail/timesync_status__builder.hpp\n'}
[1.499315] (px4_msgs) StdoutLine: {'line': b'-- Up-to-date: /home/mustardking/ws_sensor_combined/install/px4_msgs/include/px4_msgs/px4_msgs/msg/detail/rtl_time_estimate__struct.hpp\n'}
[1.499343] (px4_msgs) StdoutLine: {'line': b'-- Up-to-date: /home/mustardking/ws_sensor_combined/install/px4_msgs/include/px4_msgs/px4_msgs/msg/detail/fixed_wing_lateral_setpoint__builder.hpp\n'}
[1.499389] (px4_msgs) StdoutLine: {'line': b'-- Up-to-date: /home/mustardking/ws_sensor_combined/install/px4_msgs/include/px4_msgs/px4_msgs/msg/detail/vehicle_magnetometer__builder.hpp\n'}
[1.499417] (px4_msgs) StdoutLine: {'line': b'-- Up-to-date: /home/mustardking/ws_sensor_combined/install/px4_msgs/include/px4_msgs/px4_msgs/msg/detail/task_stack_info__type_support.hpp\n'}
[1.499542] (px4_msgs) StdoutLine: {'line': b'-- Up-to-date: /home/mustardking/ws_sensor_combined/install/px4_msgs/include/px4_msgs/px4_msgs/msg/detail/open_drone_id_self_id__builder.hpp\n'}
[1.499641] (px4_msgs) StdoutLine: {'line': b'-- Up-to-date: /home/mustardking/ws_sensor_combined/install/px4_msgs/include/px4_msgs/px4_msgs/msg/detail/vehicle_angular_velocity__builder.hpp\n'}
[1.499734] (px4_msgs) StdoutLine: {'line': b'-- Up-to-date: /home/mustardking/ws_sensor_combined/install/px4_msgs/include/px4_msgs/px4_msgs/msg/detail/orb_test_large__traits.hpp\n'}
[1.499808] (px4_msgs) StdoutLine: {'line': b'-- Up-to-date: /home/mustardking/ws_sensor_combined/install/px4_msgs/include/px4_msgs/px4_msgs/msg/detail/rc_channels__type_support.hpp\n'}
[1.499904] (px4_msgs) StdoutLine: {'line': b'-- Up-to-date: /home/mustardking/ws_sensor_combined/install/px4_msgs/include/px4_msgs/px4_msgs/msg/detail/estimator_status__traits.hpp\n'}
[1.499975] (px4_msgs) StdoutLine: {'line': b'-- Up-to-date: /home/mustardking/ws_sensor_combined/install/px4_msgs/include/px4_msgs/px4_msgs/msg/detail/action_request__type_support.hpp\n'}
[1.500063] (px4_msgs) StdoutLine: {'line': b'-- Up-to-date: /home/mustardking/ws_sensor_combined/install/px4_msgs/include/px4_msgs/px4_msgs/msg/detail/sensor_gyro_fft__struct.hpp\n'}
[1.500126] (px4_msgs) StdoutLine: {'line': b'-- Up-to-date: /home/mustardking/ws_sensor_combined/install/px4_msgs/include/px4_msgs/px4_msgs/msg/detail/control_allocator_status__builder.hpp\n'}
[1.500200] (px4_msgs) StdoutLine: {'line': b'-- Up-to-date: /home/mustardking/ws_sensor_combined/install/px4_msgs/include/px4_msgs/px4_msgs/msg/detail/sensor_gyro_fft__type_support.hpp\n'}
[1.500254] (px4_msgs) StdoutLine: {'line': b'-- Up-to-date: /home/mustardking/ws_sensor_combined/install/px4_msgs/include/px4_msgs/px4_msgs/msg/detail/dronecan_node_status__builder.hpp\n'}
[1.500337] (px4_msgs) StdoutLine: {'line': b'-- Up-to-date: /home/mustardking/ws_sensor_combined/install/px4_msgs/include/px4_msgs/px4_msgs/msg/detail/heater_status__builder.hpp\n'}
[1.500403] (px4_msgs) StdoutLine: {'line': b'-- Up-to-date: /home/mustardking/ws_sensor_combined/install/px4_msgs/include/px4_msgs/px4_msgs/msg/detail/sensor_gps__builder.hpp\n'}
[1.500519] (px4_msgs) StdoutLine: {'line': b'-- Up-to-date: /home/mustardking/ws_sensor_combined/install/px4_msgs/include/px4_msgs/px4_msgs/msg/detail/mavlink_log__traits.hpp\n'}
[1.500545] (px4_msgs) StdoutLine: {'line': b'-- Up-to-date: /home/mustardking/ws_sensor_combined/install/px4_msgs/include/px4_msgs/px4_msgs/msg/detail/unregister_ext_component__struct.hpp\n'}
[1.500568] (px4_msgs) StdoutLine: {'line': b'-- Up-to-date: /home/mustardking/ws_sensor_combined/install/px4_msgs/include/px4_msgs/px4_msgs/msg/detail/neural_control__traits.hpp\n'}
[1.500591] (px4_msgs) StdoutLine: {'line': b'-- Up-to-date: /home/mustardking/ws_sensor_combined/install/px4_msgs/include/px4_msgs/px4_msgs/msg/detail/tecs_status__struct.hpp\n'}
[1.500614] (px4_msgs) StdoutLine: {'line': b'-- Up-to-date: /home/mustardking/ws_sensor_combined/install/px4_msgs/include/px4_msgs/px4_msgs/msg/detail/esc_status__traits.hpp\n'}
[1.500636] (px4_msgs) StdoutLine: {'line': b'-- Up-to-date: /home/mustardking/ws_sensor_combined/install/px4_msgs/include/px4_msgs/px4_msgs/msg/detail/rtl_time_estimate__traits.hpp\n'}
[1.500660] (px4_msgs) StdoutLine: {'line': b'-- Up-to-date: /home/mustardking/ws_sensor_combined/install/px4_msgs/include/px4_msgs/px4_msgs/msg/detail/internal_combustion_engine_status__struct.hpp\n'}
[1.500691] (px4_msgs) StdoutLine: {'line': b'-- Up-to-date: /home/mustardking/ws_sensor_combined/install/px4_msgs/include/px4_msgs/px4_msgs/msg/detail/vehicle_air_data__struct.hpp\n'}
[1.500713] (px4_msgs) StdoutLine: {'line': b'-- Up-to-date: /home/mustardking/ws_sensor_combined/install/px4_msgs/include/px4_msgs/px4_msgs/msg/detail/rover_rate_status__traits.hpp\n'}
[1.500736] (px4_msgs) StdoutLine: {'line': b'-- Up-to-date: /home/mustardking/ws_sensor_combined/install/px4_msgs/include/px4_msgs/px4_msgs/msg/detail/orbit_status__type_support.hpp\n'}
[1.500758] (px4_msgs) StdoutLine: {'line': b'-- Up-to-date: /home/mustardking/ws_sensor_combined/install/px4_msgs/include/px4_msgs/px4_msgs/msg/detail/px4io_status__struct.hpp\n'}
[1.500781] (px4_msgs) StdoutLine: {'line': b'-- Up-to-date: /home/mustardking/ws_sensor_combined/install/px4_msgs/include/px4_msgs/px4_msgs/msg/detail/estimator_status__builder.hpp\n'}
[1.500803] (px4_msgs) StdoutLine: {'line': b'-- Up-to-date: /home/mustardking/ws_sensor_combined/install/px4_msgs/include/px4_msgs/px4_msgs/msg/detail/vehicle_land_detected__builder.hpp\n'}
[1.500826] (px4_msgs) StdoutLine: {'line': b'-- Up-to-date: /home/mustardking/ws_sensor_combined/install/px4_msgs/include/px4_msgs/px4_msgs/msg/detail/input_rc__struct.hpp\n'}
[1.500848] (px4_msgs) StdoutLine: {'line': b'-- Up-to-date: /home/mustardking/ws_sensor_combined/install/px4_msgs/include/px4_msgs/px4_msgs/msg/detail/sensor_accel_fifo__traits.hpp\n'}
[1.500871] (px4_msgs) StdoutLine: {'line': b'-- Up-to-date: /home/mustardking/ws_sensor_combined/install/px4_msgs/include/px4_msgs/px4_msgs/msg/detail/hover_thrust_estimate__struct.hpp\n'}
[1.500893] (px4_msgs) StdoutLine: {'line': b'-- Up-to-date: /home/mustardking/ws_sensor_combined/install/px4_msgs/include/px4_msgs/px4_msgs/msg/detail/vtol_vehicle_status__builder.hpp\n'}
[1.500915] (px4_msgs) StdoutLine: {'line': b'-- Up-to-date: /home/mustardking/ws_sensor_combined/install/px4_msgs/include/px4_msgs/px4_msgs/msg/detail/navigator_mission_item__struct.hpp\n'}
[1.500940] (px4_msgs) StdoutLine: {'line': b'-- Up-to-date: /home/mustardking/ws_sensor_combined/install/px4_msgs/include/px4_msgs/px4_msgs/msg/detail/estimator_selector_status__builder.hpp\n'}
[1.500962] (px4_msgs) StdoutLine: {'line': b'-- Up-to-date: /home/mustardking/ws_sensor_combined/install/px4_msgs/include/px4_msgs/px4_msgs/msg/detail/vehicle_optical_flow__struct.hpp\n'}
[1.500985] (px4_msgs) StdoutLine: {'line': b'-- Up-to-date: /home/mustardking/ws_sensor_combined/install/px4_msgs/include/px4_msgs/px4_msgs/msg/detail/vehicle_imu_status__struct.hpp\n'}
[1.501007] (px4_msgs) StdoutLine: {'line': b'-- Up-to-date: /home/mustardking/ws_sensor_combined/install/px4_msgs/include/px4_msgs/px4_msgs/msg/detail/airspeed_wind__builder.hpp\n'}
[1.501029] (px4_msgs) StdoutLine: {'line': b'-- Up-to-date: /home/mustardking/ws_sensor_combined/install/px4_msgs/include/px4_msgs/px4_msgs/msg/detail/timesync_status__type_support.hpp\n'}
[1.501051] (px4_msgs) StdoutLine: {'line': b'-- Up-to-date: /home/mustardking/ws_sensor_combined/install/px4_msgs/include/px4_msgs/px4_msgs/msg/detail/rover_throttle_setpoint__traits.hpp\n'}
[1.501076] (px4_msgs) StdoutLine: {'line': b'-- Up-to-date: /home/mustardking/ws_sensor_combined/install/px4_msgs/include/px4_msgs/px4_msgs/msg/detail/vehicle_imu_status__type_support.hpp\n'}
[1.501098] (px4_msgs) StdoutLine: {'line': b'-- Up-to-date: /home/mustardking/ws_sensor_combined/install/px4_msgs/include/px4_msgs/px4_msgs/msg/detail/rover_speed_status__traits.hpp\n'}
[1.501121] (px4_msgs) StdoutLine: {'line': b'-- Up-to-date: /home/mustardking/ws_sensor_combined/install/px4_msgs/include/px4_msgs/px4_msgs/msg/detail/estimator_gps_status__type_support.hpp\n'}
[1.501143] (px4_msgs) StdoutLine: {'line': b'-- Up-to-date: /home/mustardking/ws_sensor_combined/install/px4_msgs/include/px4_msgs/px4_msgs/msg/detail/fuel_tank_status__traits.hpp\n'}
[1.501166] (px4_msgs) StdoutLine: {'line': b'-- Up-to-date: /home/mustardking/ws_sensor_combined/install/px4_msgs/include/px4_msgs/px4_msgs/msg/detail/landing_target_innovations__type_support.hpp\n'}
[1.501189] (px4_msgs) StdoutLine: {'line': b'-- Up-to-date: /home/mustardking/ws_sensor_combined/install/px4_msgs/include/px4_msgs/px4_msgs/msg/detail/vehicle_status__type_support.hpp\n'}
[1.501211] (px4_msgs) StdoutLine: {'line': b'-- Up-to-date: /home/mustardking/ws_sensor_combined/install/px4_msgs/include/px4_msgs/px4_msgs/msg/detail/parameter_update__traits.hpp\n'}
[1.501233] (px4_msgs) StdoutLine: {'line': b'-- Up-to-date: /home/mustardking/ws_sensor_combined/install/px4_msgs/include/px4_msgs/px4_msgs/msg/detail/sensor_airflow__builder.hpp\n'}
[1.501255] (px4_msgs) StdoutLine: {'line': b'-- Up-to-date: /home/mustardking/ws_sensor_combined/install/px4_msgs/include/px4_msgs/px4_msgs/msg/detail/ulog_stream_ack__builder.hpp\n'}
[1.501277] (px4_msgs) StdoutLine: {'line': b'-- Up-to-date: /home/mustardking/ws_sensor_combined/install/px4_msgs/include/px4_msgs/px4_msgs/msg/detail/iridiumsbd_status__type_support.hpp\n'}
[1.501300] (px4_msgs) StdoutLine: {'line': b'-- Up-to-date: /home/mustardking/ws_sensor_combined/install/px4_msgs/include/px4_msgs/px4_msgs/msg/detail/estimator_states__struct.hpp\n'}
[1.501330] (px4_msgs) StdoutLine: {'line': b'-- Up-to-date: /home/mustardking/ws_sensor_combined/install/px4_msgs/include/px4_msgs/px4_msgs/msg/detail/autotune_attitude_control_status__struct.hpp\n'}
[1.501360] (px4_msgs) StdoutLine: {'line': b'-- Up-to-date: /home/mustardking/ws_sensor_combined/install/px4_msgs/include/px4_msgs/px4_msgs/msg/detail/esc_report__type_support.hpp\n'}
[1.501384] (px4_msgs) StdoutLine: {'line': b'-- Up-to-date: /home/mustardking/ws_sensor_combined/install/px4_msgs/include/px4_msgs/px4_msgs/msg/detail/log_message__struct.hpp\n'}
[1.501406] (px4_msgs) StdoutLine: {'line': b'-- Up-to-date: /home/mustardking/ws_sensor_combined/install/px4_msgs/include/px4_msgs/px4_msgs/msg/detail/pure_pursuit_status__struct.hpp\n'}
[1.501428] (px4_msgs) StdoutLine: {'line': b'-- Up-to-date: /home/mustardking/ws_sensor_combined/install/px4_msgs/include/px4_msgs/px4_msgs/msg/detail/navigator_status__traits.hpp\n'}
[1.501452] (px4_msgs) StdoutLine: {'line': b'-- Up-to-date: /home/mustardking/ws_sensor_combined/install/px4_msgs/include/px4_msgs/px4_msgs/msg/detail/gimbal_controls__type_support.hpp\n'}
[1.501474] (px4_msgs) StdoutLine: {'line': b'-- Up-to-date: /home/mustardking/ws_sensor_combined/install/px4_msgs/include/px4_msgs/px4_msgs/msg/detail/vehicle_odometry__type_support.hpp\n'}
[1.501497] (px4_msgs) StdoutLine: {'line': b'-- Up-to-date: /home/mustardking/ws_sensor_combined/install/px4_msgs/include/px4_msgs/px4_msgs/msg/detail/geofence_result__struct.hpp\n'}
[1.501520] (px4_msgs) StdoutLine: {'line': b'-- Up-to-date: /home/mustardking/ws_sensor_combined/install/px4_msgs/include/px4_msgs/px4_msgs/msg/detail/actuator_servos__builder.hpp\n'}
[1.501542] (px4_msgs) StdoutLine: {'line': b'-- Up-to-date: /home/mustardking/ws_sensor_combined/install/px4_msgs/include/px4_msgs/px4_msgs/msg/detail/gimbal_device_information__struct.hpp\n'}
[1.501564] (px4_msgs) StdoutLine: {'line': b'-- Up-to-date: /home/mustardking/ws_sensor_combined/install/px4_msgs/include/px4_msgs/px4_msgs/msg/detail/rover_rate_setpoint__traits.hpp\n'}
[1.501586] (px4_msgs) StdoutLine: {'line': b'-- Up-to-date: /home/mustardking/ws_sensor_combined/install/px4_msgs/include/px4_msgs/px4_msgs/msg/detail/logger_status__traits.hpp\n'}
[1.501609] (px4_msgs) StdoutLine: {'line': b'-- Up-to-date: /home/mustardking/ws_sensor_combined/install/px4_msgs/include/px4_msgs/px4_msgs/msg/detail/vehicle_optical_flow_vel__type_support.hpp\n'}
[1.501631] (px4_msgs) StdoutLine: {'line': b'-- Up-to-date: /home/mustardking/ws_sensor_combined/install/px4_msgs/include/px4_msgs/px4_msgs/msg/detail/vehicle_optical_flow_vel__struct.hpp\n'}
[1.501653] (px4_msgs) StdoutLine: {'line': b'-- Up-to-date: /home/mustardking/ws_sensor_combined/install/px4_msgs/include/px4_msgs/px4_msgs/msg/detail/camera_status__type_support.hpp\n'}
[1.501675] (px4_msgs) StdoutLine: {'line': b'-- Up-to-date: /home/mustardking/ws_sensor_combined/install/px4_msgs/include/px4_msgs/px4_msgs/msg/detail/vehicle_rates_setpoint__type_support.hpp\n'}
[1.501698] (px4_msgs) StdoutLine: {'line': b'-- Up-to-date: /home/mustardking/ws_sensor_combined/install/px4_msgs/include/px4_msgs/px4_msgs/msg/detail/satellite_info__builder.hpp\n'}
[1.501721] (px4_msgs) StdoutLine: {'line': b'-- Up-to-date: /home/mustardking/ws_sensor_combined/install/px4_msgs/include/px4_msgs/px4_msgs/msg/detail/mag_worker_data__type_support.hpp\n'}
[1.501745] (px4_msgs) StdoutLine: {'line': b'-- Up-to-date: /home/mustardking/ws_sensor_combined/install/px4_msgs/include/px4_msgs/px4_msgs/msg/detail/vehicle_constraints__builder.hpp\n'}
[1.501767] (px4_msgs) StdoutLine: {'line': b'-- Up-to-date: /home/mustardking/ws_sensor_combined/install/px4_msgs/include/px4_msgs/px4_msgs/msg/detail/message_format_request__builder.hpp\n'}
[1.501790] (px4_msgs) StdoutLine: {'line': b'-- Up-to-date: /home/mustardking/ws_sensor_combined/install/px4_msgs/include/px4_msgs/px4_msgs/msg/detail/differential_pressure__traits.hpp\n'}
[1.501813] (px4_msgs) StdoutLine: {'line': b'-- Up-to-date: /home/mustardking/ws_sensor_combined/install/px4_msgs/include/px4_msgs/px4_msgs/msg/detail/sensor_gps__struct.hpp\n'}
[1.501835] (px4_msgs) StdoutLine: {'line': b'-- Up-to-date: /home/mustardking/ws_sensor_combined/install/px4_msgs/include/px4_msgs/px4_msgs/msg/detail/landing_gear__builder.hpp\n'}
[1.501857] (px4_msgs) StdoutLine: {'line': b'-- Up-to-date: /home/mustardking/ws_sensor_combined/install/px4_msgs/include/px4_msgs/px4_msgs/msg/detail/cellular_status__struct.hpp\n'}
[1.501880] (px4_msgs) StdoutLine: {'line': b'-- Up-to-date: /home/mustardking/ws_sensor_combined/install/px4_msgs/include/px4_msgs/px4_msgs/msg/detail/lateral_control_configuration__struct.hpp\n'}
[1.501902] (px4_msgs) StdoutLine: {'line': b'-- Up-to-date: /home/mustardking/ws_sensor_combined/install/px4_msgs/include/px4_msgs/px4_msgs/msg/detail/vehicle_acceleration__type_support.hpp\n'}
[1.501925] (px4_msgs) StdoutLine: {'line': b'-- Up-to-date: /home/mustardking/ws_sensor_combined/install/px4_msgs/include/px4_msgs/px4_msgs/msg/detail/ekf2_timestamps__traits.hpp\n'}
[1.501948] (px4_msgs) StdoutLine: {'line': b'-- Up-to-date: /home/mustardking/ws_sensor_combined/install/px4_msgs/include/px4_msgs/px4_msgs/msg/detail/obstacle_distance__traits.hpp\n'}
[1.501970] (px4_msgs) StdoutLine: {'line': b'-- Up-to-date: /home/mustardking/ws_sensor_combined/install/px4_msgs/include/px4_msgs/px4_msgs/msg/detail/led_control__struct.hpp\n'}
[1.501992] (px4_msgs) StdoutLine: {'line': b'-- Up-to-date: /home/mustardking/ws_sensor_combined/install/px4_msgs/include/px4_msgs/px4_msgs/msg/detail/cellular_status__traits.hpp\n'}
[1.502014] (px4_msgs) StdoutLine: {'line': b'-- Up-to-date: /home/mustardking/ws_sensor_combined/install/px4_msgs/include/px4_msgs/px4_msgs/msg/detail/gimbal_manager_set_manual_control__builder.hpp\n'}
[1.502036] (px4_msgs) StdoutLine: {'line': b'-- Up-to-date: /home/mustardking/ws_sensor_combined/install/px4_msgs/include/px4_msgs/px4_msgs/msg/detail/follow_target_estimator__type_support.hpp\n'}
[1.502058] (px4_msgs) StdoutLine: {'line': b'-- Up-to-date: /home/mustardking/ws_sensor_combined/install/px4_msgs/include/px4_msgs/px4_msgs/msg/detail/rover_rate_status__builder.hpp\n'}
[1.502080] (px4_msgs) StdoutLine: {'line': b'-- Up-to-date: /home/mustardking/ws_sensor_combined/install/px4_msgs/include/px4_msgs/px4_msgs/msg/detail/sensors_status_imu__type_support.hpp\n'}
[1.502102] (px4_msgs) StdoutLine: {'line': b'-- Up-to-date: /home/mustardking/ws_sensor_combined/install/px4_msgs/include/px4_msgs/px4_msgs/msg/detail/estimator_innovations__builder.hpp\n'}
[1.502124] (px4_msgs) StdoutLine: {'line': b'-- Up-to-date: /home/mustardking/ws_sensor_combined/install/px4_msgs/include/px4_msgs/px4_msgs/msg/detail/tiltrotor_extra_controls__builder.hpp\n'}
[1.502146] (px4_msgs) StdoutLine: {'line': b'-- Up-to-date: /home/mustardking/ws_sensor_combined/install/px4_msgs/include/px4_msgs/px4_msgs/msg/detail/vehicle_roi__traits.hpp\n'}
[1.502168] (px4_msgs) StdoutLine: {'line': b'-- Up-to-date: /home/mustardking/ws_sensor_combined/install/px4_msgs/include/px4_msgs/px4_msgs/msg/detail/vehicle_local_position__struct.hpp\n'}
[1.502190] (px4_msgs) StdoutLine: {'line': b'-- Up-to-date: /home/mustardking/ws_sensor_combined/install/px4_msgs/include/px4_msgs/px4_msgs/msg/detail/estimator_aid_source3d__traits.hpp\n'}
[1.502212] (px4_msgs) StdoutLine: {'line': b'-- Up-to-date: /home/mustardking/ws_sensor_combined/install/px4_msgs/include/px4_msgs/px4_msgs/msg/detail/magnetometer_bias_estimate__struct.hpp\n'}
[1.502234] (px4_msgs) StdoutLine: {'line': b'-- Up-to-date: /home/mustardking/ws_sensor_combined/install/px4_msgs/include/px4_msgs/px4_msgs/msg/detail/led_control__type_support.hpp\n'}
[1.502256] (px4_msgs) StdoutLine: {'line': b'-- Up-to-date: /home/mustardking/ws_sensor_combined/install/px4_msgs/include/px4_msgs/px4_msgs/msg/detail/vehicle_imu__builder.hpp\n'}
[1.502278] (px4_msgs) StdoutLine: {'line': b'-- Up-to-date: /home/mustardking/ws_sensor_combined/install/px4_msgs/include/px4_msgs/px4_msgs/msg/detail/orb_test__builder.hpp\n'}
[1.502300] (px4_msgs) StdoutLine: {'line': b'-- Up-to-date: /home/mustardking/ws_sensor_combined/install/px4_msgs/include/px4_msgs/px4_msgs/msg/detail/rover_speed_status__struct.hpp\n'}
[1.502322] (px4_msgs) StdoutLine: {'line': b'-- Up-to-date: /home/mustardking/ws_sensor_combined/install/px4_msgs/include/px4_msgs/px4_msgs/msg/detail/landing_gear_wheel__struct.hpp\n'}
[1.502344] (px4_msgs) StdoutLine: {'line': b'-- Up-to-date: /home/mustardking/ws_sensor_combined/install/px4_msgs/include/px4_msgs/px4_msgs/msg/detail/gps_dump__traits.hpp\n'}
[1.502366] (px4_msgs) StdoutLine: {'line': b'-- Up-to-date: /home/mustardking/ws_sensor_combined/install/px4_msgs/include/px4_msgs/px4_msgs/msg/detail/gpio_request__struct.hpp\n'}
[1.502388] (px4_msgs) StdoutLine: {'line': b'-- Up-to-date: /home/mustardking/ws_sensor_combined/install/px4_msgs/include/px4_msgs/px4_msgs/msg/detail/orb_test_medium__builder.hpp\n'}
[1.502415] (px4_msgs) StdoutLine: {'line': b'-- Up-to-date: /home/mustardking/ws_sensor_combined/install/px4_msgs/include/px4_msgs/px4_msgs/msg/detail/gimbal_manager_set_manual_control__traits.hpp\n'}
[1.502437] (px4_msgs) StdoutLine: {'line': b'-- Up-to-date: /home/mustardking/ws_sensor_combined/install/px4_msgs/include/px4_msgs/px4_msgs/msg/detail/estimator_gps_status__builder.hpp\n'}
[1.502459] (px4_msgs) StdoutLine: {'line': b'-- Up-to-date: /home/mustardking/ws_sensor_combined/install/px4_msgs/include/px4_msgs/px4_msgs/msg/detail/vehicle_rates_setpoint__builder.hpp\n'}
[1.502481] (px4_msgs) StdoutLine: {'line': b'-- Up-to-date: /home/mustardking/ws_sensor_combined/install/px4_msgs/include/px4_msgs/px4_msgs/msg/detail/rover_speed_setpoint__type_support.hpp\n'}
[1.502503] (px4_msgs) StdoutLine: {'line': b'-- Up-to-date: /home/mustardking/ws_sensor_combined/install/px4_msgs/include/px4_msgs/px4_msgs/msg/detail/trajectory_setpoint__type_support.hpp\n'}
[1.502525] (px4_msgs) StdoutLine: {'line': b'-- Up-to-date: /home/mustardking/ws_sensor_combined/install/px4_msgs/include/px4_msgs/px4_msgs/msg/detail/dataman_request__struct.hpp\n'}
[1.502547] (px4_msgs) StdoutLine: {'line': b'-- Up-to-date: /home/mustardking/ws_sensor_combined/install/px4_msgs/include/px4_msgs/px4_msgs/msg/detail/rover_attitude_setpoint__struct.hpp\n'}
[1.502569] (px4_msgs) StdoutLine: {'line': b'-- Up-to-date: /home/mustardking/ws_sensor_combined/install/px4_msgs/include/px4_msgs/px4_msgs/msg/detail/tune_control__type_support.hpp\n'}
[1.502591] (px4_msgs) StdoutLine: {'line': b'-- Up-to-date: /home/mustardking/ws_sensor_combined/install/px4_msgs/include/px4_msgs/px4_msgs/msg/detail/gimbal_manager_information__builder.hpp\n'}
[1.502613] (px4_msgs) StdoutLine: {'line': b'-- Up-to-date: /home/mustardking/ws_sensor_combined/install/px4_msgs/include/px4_msgs/px4_msgs/msg/detail/position_controller_status__builder.hpp\n'}
[1.502635] (px4_msgs) StdoutLine: {'line': b'-- Up-to-date: /home/mustardking/ws_sensor_combined/install/px4_msgs/include/px4_msgs/px4_msgs/msg/detail/dronecan_node_status__traits.hpp\n'}
[1.502657] (px4_msgs) StdoutLine: {'line': b'-- Up-to-date: /home/mustardking/ws_sensor_combined/install/px4_msgs/include/px4_msgs/px4_msgs/msg/detail/vehicle_angular_acceleration_setpoint__traits.hpp\n'}
[1.502679] (px4_msgs) StdoutLine: {'line': b'-- Up-to-date: /home/mustardking/ws_sensor_combined/install/px4_msgs/include/px4_msgs/px4_msgs/msg/detail/rover_attitude_setpoint__type_support.hpp\n'}
[1.502701] (px4_msgs) StdoutLine: {'line': b'-- Up-to-date: /home/mustardking/ws_sensor_combined/install/px4_msgs/include/px4_msgs/px4_msgs/msg/detail/estimator_bias3d__type_support.hpp\n'}
[1.502723] (px4_msgs) StdoutLine: {'line': b'-- Up-to-date: /home/mustardking/ws_sensor_combined/install/px4_msgs/include/px4_msgs/px4_msgs/msg/detail/ulog_stream_ack__type_support.hpp\n'}
[1.502745] (px4_msgs) StdoutLine: {'line': b'-- Up-to-date: /home/mustardking/ws_sensor_combined/install/px4_msgs/include/px4_msgs/px4_msgs/msg/detail/message_format_request__traits.hpp\n'}
[1.502767] (px4_msgs) StdoutLine: {'line': b'-- Up-to-date: /home/mustardking/ws_sensor_combined/install/px4_msgs/include/px4_msgs/px4_msgs/msg/detail/goto_setpoint__type_support.hpp\n'}
[1.502789] (px4_msgs) StdoutLine: {'line': b'-- Up-to-date: /home/mustardking/ws_sensor_combined/install/px4_msgs/include/px4_msgs/px4_msgs/msg/detail/open_drone_id_system__type_support.hpp\n'}
[1.502811] (px4_msgs) StdoutLine: {'line': b'-- Up-to-date: /home/mustardking/ws_sensor_combined/install/px4_msgs/include/px4_msgs/px4_msgs/msg/detail/generator_status__traits.hpp\n'}
[1.502833] (px4_msgs) StdoutLine: {'line': b'-- Up-to-date: /home/mustardking/ws_sensor_combined/install/px4_msgs/include/px4_msgs/px4_msgs/msg/detail/vehicle_local_position__traits.hpp\n'}
[1.502854] (px4_msgs) StdoutLine: {'line': b'-- Up-to-date: /home/mustardking/ws_sensor_combined/install/px4_msgs/include/px4_msgs/px4_msgs/msg/detail/mission_result__builder.hpp\n'}
[1.502876] (px4_msgs) StdoutLine: {'line': b'-- Up-to-date: /home/mustardking/ws_sensor_combined/install/px4_msgs/include/px4_msgs/px4_msgs/msg/detail/sensor_gps__type_support.hpp\n'}
[1.502899] (px4_msgs) StdoutLine: {'line': b'-- Up-to-date: /home/mustardking/ws_sensor_combined/install/px4_msgs/include/px4_msgs/px4_msgs/msg/detail/ekf2_timestamps__builder.hpp\n'}
[1.502921] (px4_msgs) StdoutLine: {'line': b'-- Up-to-date: /home/mustardking/ws_sensor_combined/install/px4_msgs/include/px4_msgs/px4_msgs/msg/detail/heater_status__type_support.hpp\n'}
[1.502943] (px4_msgs) StdoutLine: {'line': b'-- Up-to-date: /home/mustardking/ws_sensor_combined/install/px4_msgs/include/px4_msgs/px4_msgs/msg/detail/arming_check_request__builder.hpp\n'}
[1.502965] (px4_msgs) StdoutLine: {'line': b'-- Up-to-date: /home/mustardking/ws_sensor_combined/install/px4_msgs/include/px4_msgs/px4_msgs/msg/detail/estimator_states__builder.hpp\n'}
[1.502986] (px4_msgs) StdoutLine: {'line': b'-- Up-to-date: /home/mustardking/ws_sensor_combined/install/px4_msgs/include/px4_msgs/px4_msgs/msg/detail/fixed_wing_longitudinal_setpoint__type_support.hpp\n'}
[1.503010] (px4_msgs) StdoutLine: {'line': b'-- Up-to-date: /home/mustardking/ws_sensor_combined/install/px4_msgs/include/px4_msgs/px4_msgs/msg/detail/longitudinal_control_configuration__type_support.hpp\n'}
[1.503032] (px4_msgs) StdoutLine: {'line': b'-- Up-to-date: /home/mustardking/ws_sensor_combined/install/px4_msgs/include/px4_msgs/px4_msgs/msg/detail/vtol_vehicle_status__struct.hpp\n'}
[1.503056] (px4_msgs) StdoutLine: {'line': b'-- Up-to-date: /home/mustardking/ws_sensor_combined/install/px4_msgs/include/px4_msgs/px4_msgs/msg/detail/esc_report__struct.hpp\n'}
[1.503078] (px4_msgs) StdoutLine: {'line': b'-- Up-to-date: /home/mustardking/ws_sensor_combined/install/px4_msgs/include/px4_msgs/px4_msgs/msg/detail/geofence_status__builder.hpp\n'}
[1.503100] (px4_msgs) StdoutLine: {'line': b'-- Up-to-date: /home/mustardking/ws_sensor_combined/install/px4_msgs/include/px4_msgs/px4_msgs/msg/detail/landing_target_innovations__traits.hpp\n'}
[1.503122] (px4_msgs) StdoutLine: {'line': b'-- Up-to-date: /home/mustardking/ws_sensor_combined/install/px4_msgs/include/px4_msgs/px4_msgs/msg/detail/vehicle_status__builder.hpp\n'}
[1.503144] (px4_msgs) StdoutLine: {'line': b'-- Up-to-date: /home/mustardking/ws_sensor_combined/install/px4_msgs/include/px4_msgs/px4_msgs/msg/detail/sensor_correction__builder.hpp\n'}
[1.503166] (px4_msgs) StdoutLine: {'line': b'-- Up-to-date: /home/mustardking/ws_sensor_combined/install/px4_msgs/include/px4_msgs/px4_msgs/msg/detail/vehicle_odometry__builder.hpp\n'}
[1.503188] (px4_msgs) StdoutLine: {'line': b'-- Up-to-date: /home/mustardking/ws_sensor_combined/install/px4_msgs/include/px4_msgs/px4_msgs/msg/detail/button_event__traits.hpp\n'}
[1.503210] (px4_msgs) StdoutLine: {'line': b'-- Up-to-date: /home/mustardking/ws_sensor_combined/install/px4_msgs/include/px4_msgs/px4_msgs/msg/detail/navigator_mission_item__traits.hpp\n'}
[1.503231] (px4_msgs) StdoutLine: {'line': b'-- Up-to-date: /home/mustardking/ws_sensor_combined/install/px4_msgs/include/px4_msgs/px4_msgs/msg/detail/rc_channels__builder.hpp\n'}
[1.503253] (px4_msgs) StdoutLine: {'line': b'-- Up-to-date: /home/mustardking/ws_sensor_combined/install/px4_msgs/include/px4_msgs/px4_msgs/msg/detail/can_interface_status__type_support.hpp\n'}
[1.503330] (px4_msgs) StdoutLine: {'line': b'-- Up-to-date: /home/mustardking/ws_sensor_combined/install/px4_msgs/include/px4_msgs/px4_msgs/msg/detail/vtol_vehicle_status__type_support.hpp\n'}
[1.503387] (px4_msgs) StdoutLine: {'line': b'-- Up-to-date: /home/mustardking/ws_sensor_combined/install/px4_msgs/include/px4_msgs/px4_msgs/msg/detail/tecs_status__builder.hpp\n'}
[1.503624] (px4_msgs) StdoutLine: {'line': b'-- Up-to-date: /home/mustardking/ws_sensor_combined/install/px4_msgs/include/px4_msgs/px4_msgs/msg/detail/launch_detection_status__builder.hpp\n'}
[1.503652] (px4_msgs) StdoutLine: {'line': b'-- Up-to-date: /home/mustardking/ws_sensor_combined/install/px4_msgs/include/px4_msgs/px4_msgs/msg/detail/pure_pursuit_status__traits.hpp\n'}
[1.503674] (px4_msgs) StdoutLine: {'line': b'-- Up-to-date: /home/mustardking/ws_sensor_combined/install/px4_msgs/include/px4_msgs/px4_msgs/msg/detail/follow_target__struct.hpp\n'}
[1.503698] (px4_msgs) StdoutLine: {'line': b'-- Up-to-date: /home/mustardking/ws_sensor_combined/install/px4_msgs/include/px4_msgs/px4_msgs/msg/detail/vehicle_command_ack__traits.hpp\n'}
[1.503729] (px4_msgs) StdoutLine: {'line': b'-- Up-to-date: /home/mustardking/ws_sensor_combined/install/px4_msgs/include/px4_msgs/px4_msgs/msg/detail/uavcan_parameter_request__struct.hpp\n'}
[1.503751] (px4_msgs) StdoutLine: {'line': b'-- Up-to-date: /home/mustardking/ws_sensor_combined/install/px4_msgs/include/px4_msgs/px4_msgs/msg/detail/uavcan_parameter_request__traits.hpp\n'}
[1.503773] (px4_msgs) StdoutLine: {'line': b'-- Up-to-date: /home/mustardking/ws_sensor_combined/install/px4_msgs/include/px4_msgs/px4_msgs/msg/detail/figure_eight_status__type_support.hpp\n'}
[1.503794] (px4_msgs) StdoutLine: {'line': b'-- Up-to-date: /home/mustardking/ws_sensor_combined/install/px4_msgs/include/px4_msgs/px4_msgs/msg/detail/vehicle_attitude_setpoint__type_support.hpp\n'}
[1.503816] (px4_msgs) StdoutLine: {'line': b'-- Up-to-date: /home/mustardking/ws_sensor_combined/install/px4_msgs/include/px4_msgs/px4_msgs/msg/detail/battery_status__type_support.hpp\n'}
[1.503838] (px4_msgs) StdoutLine: {'line': b'-- Up-to-date: /home/mustardking/ws_sensor_combined/install/px4_msgs/include/px4_msgs/px4_msgs/msg/detail/sensor_gps__traits.hpp\n'}
[1.503860] (px4_msgs) StdoutLine: {'line': b'-- Up-to-date: /home/mustardking/ws_sensor_combined/install/px4_msgs/include/px4_msgs/px4_msgs/msg/detail/qshell_req__struct.hpp\n'}
[1.503881] (px4_msgs) StdoutLine: {'line': b'-- Up-to-date: /home/mustardking/ws_sensor_combined/install/px4_msgs/include/px4_msgs/px4_msgs/msg/detail/position_controller_landing_status__struct.hpp\n'}
[1.503903] (px4_msgs) StdoutLine: {'line': b'-- Up-to-date: /home/mustardking/ws_sensor_combined/install/px4_msgs/include/px4_msgs/px4_msgs/msg/detail/rpm__type_support.hpp\n'}
[1.503925] (px4_msgs) StdoutLine: {'line': b'-- Up-to-date: /home/mustardking/ws_sensor_combined/install/px4_msgs/include/px4_msgs/px4_msgs/msg/detail/offboard_control_mode__traits.hpp\n'}
[1.503948] (px4_msgs) StdoutLine: {'line': b'-- Up-to-date: /home/mustardking/ws_sensor_combined/install/px4_msgs/include/px4_msgs/px4_msgs/msg/detail/sensor_accel__struct.hpp\n'}
[1.503970] (px4_msgs) StdoutLine: {'line': b'-- Up-to-date: /home/mustardking/ws_sensor_combined/install/px4_msgs/include/px4_msgs/px4_msgs/msg/detail/dataman_request__builder.hpp\n'}
[1.503992] (px4_msgs) StdoutLine: {'line': b'-- Up-to-date: /home/mustardking/ws_sensor_combined/install/px4_msgs/include/px4_msgs/px4_msgs/msg/detail/register_ext_component_request__type_support.hpp\n'}
[1.504016] (px4_msgs) StdoutLine: {'line': b'-- Up-to-date: /home/mustardking/ws_sensor_combined/install/px4_msgs/include/px4_msgs/px4_msgs/msg/detail/trajectory_setpoint__struct.hpp\n'}
[1.504038] (px4_msgs) StdoutLine: {'line': b'-- Up-to-date: /home/mustardking/ws_sensor_combined/install/px4_msgs/include/px4_msgs/px4_msgs/msg/detail/actuator_servos__traits.hpp\n'}
[1.504059] (px4_msgs) StdoutLine: {'line': b'-- Up-to-date: /home/mustardking/ws_sensor_combined/install/px4_msgs/include/px4_msgs/px4_msgs/msg/detail/debug_vect__struct.hpp\n'}
[1.504080] (px4_msgs) StdoutLine: {'line': b'-- Up-to-date: /home/mustardking/ws_sensor_combined/install/px4_msgs/include/px4_msgs/px4_msgs/msg/detail/qshell_req__builder.hpp\n'}
[1.504102] (px4_msgs) StdoutLine: {'line': b'-- Up-to-date: /home/mustardking/ws_sensor_combined/install/px4_msgs/include/px4_msgs/px4_msgs/msg/detail/generator_status__struct.hpp\n'}
[1.504124] (px4_msgs) StdoutLine: {'line': b'-- Up-to-date: /home/mustardking/ws_sensor_combined/install/px4_msgs/include/px4_msgs/px4_msgs/msg/detail/velocity_limits__traits.hpp\n'}
[1.504145] (px4_msgs) StdoutLine: {'line': b'-- Up-to-date: /home/mustardking/ws_sensor_combined/install/px4_msgs/include/px4_msgs/px4_msgs/msg/detail/longitudinal_control_configuration__traits.hpp\n'}
[1.504167] (px4_msgs) StdoutLine: {'line': b'-- Up-to-date: /home/mustardking/ws_sensor_combined/install/px4_msgs/include/px4_msgs/px4_msgs/msg/detail/ping__traits.hpp\n'}
[1.504190] (px4_msgs) StdoutLine: {'line': b'-- Up-to-date: /home/mustardking/ws_sensor_combined/install/px4_msgs/include/px4_msgs/px4_msgs/msg/detail/mode_completed__traits.hpp\n'}
[1.504211] (px4_msgs) StdoutLine: {'line': b'-- Up-to-date: /home/mustardking/ws_sensor_combined/install/px4_msgs/include/px4_msgs/px4_msgs/msg/detail/camera_trigger__type_support.hpp\n'}
[1.504233] (px4_msgs) StdoutLine: {'line': b'-- Up-to-date: /home/mustardking/ws_sensor_combined/install/px4_msgs/include/px4_msgs/px4_msgs/msg/detail/sensor_accel__builder.hpp\n'}
[1.504254] (px4_msgs) StdoutLine: {'line': b'-- Up-to-date: /home/mustardking/ws_sensor_combined/install/px4_msgs/include/px4_msgs/px4_msgs/msg/detail/open_drone_id_arm_status__type_support.hpp\n'}
[1.504276] (px4_msgs) StdoutLine: {'line': b'-- Up-to-date: /home/mustardking/ws_sensor_combined/install/px4_msgs/include/px4_msgs/px4_msgs/msg/detail/health_report__struct.hpp\n'}
[1.504298] (px4_msgs) StdoutLine: {'line': b'-- Up-to-date: /home/mustardking/ws_sensor_combined/install/px4_msgs/include/px4_msgs/px4_msgs/msg/detail/health_report__builder.hpp\n'}
[1.504319] (px4_msgs) StdoutLine: {'line': b'-- Up-to-date: /home/mustardking/ws_sensor_combined/install/px4_msgs/include/px4_msgs/px4_msgs/msg/detail/sensor_gnss_status__type_support.hpp\n'}
[1.504341] (px4_msgs) StdoutLine: {'line': b'-- Up-to-date: /home/mustardking/ws_sensor_combined/install/px4_msgs/include/px4_msgs/px4_msgs/msg/detail/fixed_wing_longitudinal_setpoint__struct.hpp\n'}
[1.504362] (px4_msgs) StdoutLine: {'line': b'-- Up-to-date: /home/mustardking/ws_sensor_combined/install/px4_msgs/include/px4_msgs/px4_msgs/msg/detail/arming_check_request__traits.hpp\n'}
[1.504384] (px4_msgs) StdoutLine: {'line': b'-- Up-to-date: /home/mustardking/ws_sensor_combined/install/px4_msgs/include/px4_msgs/px4_msgs/msg/detail/fixed_wing_lateral_setpoint__type_support.hpp\n'}
[1.504405] (px4_msgs) StdoutLine: {'line': b'-- Up-to-date: /home/mustardking/ws_sensor_combined/install/px4_msgs/include/px4_msgs/px4_msgs/msg/detail/gps_inject_data__traits.hpp\n'}
[1.504427] (px4_msgs) StdoutLine: {'line': b'-- Up-to-date: /home/mustardking/ws_sensor_combined/install/px4_msgs/include/px4_msgs/px4_msgs/msg/detail/offboard_control_mode__struct.hpp\n'}
[1.504449] (px4_msgs) StdoutLine: {'line': b'-- Up-to-date: /home/mustardking/ws_sensor_combined/install/px4_msgs/include/px4_msgs/px4_msgs/msg/detail/sensor_baro__traits.hpp\n'}
[1.504470] (px4_msgs) StdoutLine: {'line': b'-- Up-to-date: /home/mustardking/ws_sensor_combined/install/px4_msgs/include/px4_msgs/px4_msgs/msg/detail/camera_capture__traits.hpp\n'}
[1.504492] (px4_msgs) StdoutLine: {'line': b'-- Up-to-date: /home/mustardking/ws_sensor_combined/install/px4_msgs/include/px4_msgs/px4_msgs/msg/detail/parameter_set_value_request__builder.hpp\n'}
[1.504513] (px4_msgs) StdoutLine: {'line': b'-- Up-to-date: /home/mustardking/ws_sensor_combined/install/px4_msgs/include/px4_msgs/px4_msgs/msg/detail/sensor_uwb__type_support.hpp\n'}
[1.504535] (px4_msgs) StdoutLine: {'line': b'-- Up-to-date: /home/mustardking/ws_sensor_combined/install/px4_msgs/include/px4_msgs/px4_msgs/msg/detail/navigator_status__struct.hpp\n'}
[1.504559] (px4_msgs) StdoutLine: {'line': b'-- Up-to-date: /home/mustardking/ws_sensor_combined/install/px4_msgs/include/px4_msgs/px4_msgs/msg/detail/gimbal_device_set_attitude__type_support.hpp\n'}
[1.504580] (px4_msgs) StdoutLine: {'line': b'-- Up-to-date: /home/mustardking/ws_sensor_combined/install/px4_msgs/include/px4_msgs/px4_msgs/msg/detail/orbit_status__traits.hpp\n'}
[1.504602] (px4_msgs) StdoutLine: {'line': b'-- Up-to-date: /home/mustardking/ws_sensor_combined/install/px4_msgs/include/px4_msgs/px4_msgs/msg/detail/estimator_bias__traits.hpp\n'}
[1.504631] (px4_msgs) StdoutLine: {'line': b'-- Up-to-date: /home/mustardking/ws_sensor_combined/install/px4_msgs/include/px4_msgs/px4_msgs/msg/detail/logger_status__type_support.hpp\n'}
[1.504656] (px4_msgs) StdoutLine: {'line': b'-- Up-to-date: /home/mustardking/ws_sensor_combined/install/px4_msgs/include/px4_msgs/px4_msgs/msg/detail/parameter_update__type_support.hpp\n'}
[1.504680] (px4_msgs) StdoutLine: {'line': b'-- Up-to-date: /home/mustardking/ws_sensor_combined/install/px4_msgs/include/px4_msgs/px4_msgs/msg/detail/landing_target_pose__builder.hpp\n'}
[1.504701] (px4_msgs) StdoutLine: {'line': b'-- Up-to-date: /home/mustardking/ws_sensor_combined/install/px4_msgs/include/px4_msgs/px4_msgs/msg/detail/parameter_set_value_response__struct.hpp\n'}
[1.504723] (px4_msgs) StdoutLine: {'line': b'-- Up-to-date: /home/mustardking/ws_sensor_combined/install/px4_msgs/include/px4_msgs/px4_msgs/msg/detail/qshell_retval__traits.hpp\n'}
[1.504744] (px4_msgs) StdoutLine: {'line': b'-- Up-to-date: /home/mustardking/ws_sensor_combined/install/px4_msgs/include/px4_msgs/px4_msgs/msg/detail/failure_detector_status__type_support.hpp\n'}
[1.504766] (px4_msgs) StdoutLine: {'line': b'-- Up-to-date: /home/mustardking/ws_sensor_combined/install/px4_msgs/include/px4_msgs/px4_msgs/msg/detail/sensor_gyro__builder.hpp\n'}
[1.504788] (px4_msgs) StdoutLine: {'line': b'-- Up-to-date: /home/mustardking/ws_sensor_combined/install/px4_msgs/include/px4_msgs/px4_msgs/msg/detail/esc_status__builder.hpp\n'}
[1.504809] (px4_msgs) StdoutLine: {'line': b'-- Up-to-date: /home/mustardking/ws_sensor_combined/install/px4_msgs/include/px4_msgs/px4_msgs/msg/detail/sensor_optical_flow__type_support.hpp\n'}
[1.504831] (px4_msgs) StdoutLine: {'line': b'-- Up-to-date: /home/mustardking/ws_sensor_combined/install/px4_msgs/include/px4_msgs/px4_msgs/msg/detail/rtl_status__type_support.hpp\n'}
[1.504853] (px4_msgs) StdoutLine: {'line': b'-- Up-to-date: /home/mustardking/ws_sensor_combined/install/px4_msgs/include/px4_msgs/px4_msgs/msg/detail/position_controller_status__type_support.hpp\n'}
[1.504875] (px4_msgs) StdoutLine: {'line': b'-- Up-to-date: /home/mustardking/ws_sensor_combined/install/px4_msgs/include/px4_msgs/px4_msgs/msg/detail/obstacle_distance__builder.hpp\n'}
[1.504896] (px4_msgs) StdoutLine: {'line': b'-- Up-to-date: /home/mustardking/ws_sensor_combined/install/px4_msgs/include/px4_msgs/px4_msgs/msg/detail/dataman_response__builder.hpp\n'}
[1.504918] (px4_msgs) StdoutLine: {'line': b'-- Up-to-date: /home/mustardking/ws_sensor_combined/install/px4_msgs/include/px4_msgs/px4_msgs/msg/detail/estimator_aid_source2d__struct.hpp\n'}
[1.504939] (px4_msgs) StdoutLine: {'line': b'-- Up-to-date: /home/mustardking/ws_sensor_combined/install/px4_msgs/include/px4_msgs/px4_msgs/msg/detail/vehicle_status__traits.hpp\n'}
[1.504961] (px4_msgs) StdoutLine: {'line': b'-- Up-to-date: /home/mustardking/ws_sensor_combined/install/px4_msgs/include/px4_msgs/px4_msgs/msg/detail/vehicle_acceleration__struct.hpp\n'}
[1.504982] (px4_msgs) StdoutLine: {'line': b'-- Up-to-date: /home/mustardking/ws_sensor_combined/install/px4_msgs/include/px4_msgs/px4_msgs/msg/detail/system_power__builder.hpp\n'}
[1.505004] (px4_msgs) StdoutLine: {'line': b'-- Up-to-date: /home/mustardking/ws_sensor_combined/install/px4_msgs/include/px4_msgs/px4_msgs/msg/detail/task_stack_info__builder.hpp\n'}
[1.505025] (px4_msgs) StdoutLine: {'line': b'-- Up-to-date: /home/mustardking/ws_sensor_combined/install/px4_msgs/include/px4_msgs/px4_msgs/msg/detail/debug_array__builder.hpp\n'}
[1.505047] (px4_msgs) StdoutLine: {'line': b'-- Up-to-date: /home/mustardking/ws_sensor_combined/install/px4_msgs/include/px4_msgs/px4_msgs/msg/detail/gpio_request__builder.hpp\n'}
[1.505068] (px4_msgs) StdoutLine: {'line': b'-- Up-to-date: /home/mustardking/ws_sensor_combined/install/px4_msgs/include/px4_msgs/px4_msgs/msg/detail/yaw_estimator_status__struct.hpp\n'}
[1.505090] (px4_msgs) StdoutLine: {'line': b'-- Up-to-date: /home/mustardking/ws_sensor_combined/install/px4_msgs/include/px4_msgs/px4_msgs/msg/detail/config_overrides__struct.hpp\n'}
[1.505111] (px4_msgs) StdoutLine: {'line': b'-- Up-to-date: /home/mustardking/ws_sensor_combined/install/px4_msgs/include/px4_msgs/px4_msgs/msg/detail/telemetry_status__traits.hpp\n'}
[1.505134] (px4_msgs) StdoutLine: {'line': b'-- Up-to-date: /home/mustardking/ws_sensor_combined/install/px4_msgs/include/px4_msgs/px4_msgs/msg/detail/sensor_preflight_mag__traits.hpp\n'}
[1.505156] (px4_msgs) StdoutLine: {'line': b'-- Up-to-date: /home/mustardking/ws_sensor_combined/install/px4_msgs/include/px4_msgs/px4_msgs/msg/detail/estimator_event_flags__builder.hpp\n'}
[1.505178] (px4_msgs) StdoutLine: {'line': b'-- Up-to-date: /home/mustardking/ws_sensor_combined/install/px4_msgs/include/px4_msgs/px4_msgs/msg/detail/fixed_wing_longitudinal_setpoint__builder.hpp\n'}
[1.505200] (px4_msgs) StdoutLine: {'line': b'-- Up-to-date: /home/mustardking/ws_sensor_combined/install/px4_msgs/include/px4_msgs/px4_msgs/msg/detail/config_overrides__type_support.hpp\n'}
[1.505222] (px4_msgs) StdoutLine: {'line': b'-- Up-to-date: /home/mustardking/ws_sensor_combined/install/px4_msgs/include/px4_msgs/px4_msgs/msg/detail/rover_rate_setpoint__type_support.hpp\n'}
[1.505243] (px4_msgs) StdoutLine: {'line': b'-- Up-to-date: /home/mustardking/ws_sensor_combined/install/px4_msgs/include/px4_msgs/px4_msgs/msg/detail/gps_dump__type_support.hpp\n'}
[1.505264] (px4_msgs) StdoutLine: {'line': b'-- Up-to-date: /home/mustardking/ws_sensor_combined/install/px4_msgs/include/px4_msgs/px4_msgs/msg/detail/navigator_mission_item__type_support.hpp\n'}
[1.505286] (px4_msgs) StdoutLine: {'line': b'-- Up-to-date: /home/mustardking/ws_sensor_combined/install/px4_msgs/include/px4_msgs/px4_msgs/msg/detail/rc_parameter_map__traits.hpp\n'}
[1.505307] (px4_msgs) StdoutLine: {'line': b'-- Up-to-date: /home/mustardking/ws_sensor_combined/install/px4_msgs/include/px4_msgs/px4_msgs/msg/detail/sensor_correction__struct.hpp\n'}
[1.505339] (px4_msgs) StdoutLine: {'line': b'-- Up-to-date: /home/mustardking/ws_sensor_combined/install/px4_msgs/include/px4_msgs/px4_msgs/msg/detail/sensor_gyro__type_support.hpp\n'}
[1.505360] (px4_msgs) StdoutLine: {'line': b'-- Up-to-date: /home/mustardking/ws_sensor_combined/install/px4_msgs/include/px4_msgs/px4_msgs/msg/detail/parameter_set_value_response__builder.hpp\n'}
[1.505630] (px4_msgs) StdoutLine: {'line': b'-- Up-to-date: /home/mustardking/ws_sensor_combined/install/px4_msgs/include/px4_msgs/px4_msgs/msg/detail/magnetometer_bias_estimate__type_support.hpp\n'}
[1.505661] (px4_msgs) StdoutLine: {'line': b'-- Up-to-date: /home/mustardking/ws_sensor_combined/install/px4_msgs/include/px4_msgs/px4_msgs/msg/detail/airspeed_validated__type_support.hpp\n'}
[1.505698] (px4_msgs) StdoutLine: {'line': b'-- Up-to-date: /home/mustardking/ws_sensor_combined/install/px4_msgs/include/px4_msgs/px4_msgs/msg/detail/sensor_gyro__struct.hpp\n'}
[1.505733] (px4_msgs) StdoutLine: {'line': b'-- Up-to-date: /home/mustardking/ws_sensor_combined/install/px4_msgs/include/px4_msgs/px4_msgs/msg/detail/landing_gear_wheel__traits.hpp\n'}
[1.505778] (px4_msgs) StdoutLine: {'line': b'-- Up-to-date: /home/mustardking/ws_sensor_combined/install/px4_msgs/include/px4_msgs/px4_msgs/msg/detail/orb_test__traits.hpp\n'}
[1.505899] (px4_msgs) StdoutLine: {'line': b'-- Up-to-date: /home/mustardking/ws_sensor_combined/install/px4_msgs/include/px4_msgs/px4_msgs/msg/detail/distance_sensor__builder.hpp\n'}
[1.505940] (px4_msgs) StdoutLine: {'line': b'-- Up-to-date: /home/mustardking/ws_sensor_combined/install/px4_msgs/include/px4_msgs/px4_msgs/msg/detail/heater_status__traits.hpp\n'}
[1.505970] (px4_msgs) StdoutLine: {'line': b'-- Up-to-date: /home/mustardking/ws_sensor_combined/install/px4_msgs/include/px4_msgs/px4_msgs/msg/detail/manual_control_switches__builder.hpp\n'}
[1.506035] (px4_msgs) StdoutLine: {'line': b'-- Up-to-date: /home/mustardking/ws_sensor_combined/install/px4_msgs/include/px4_msgs/px4_msgs/msg/detail/estimator_aid_source3d__builder.hpp\n'}
[1.506072] (px4_msgs) StdoutLine: {'line': b'-- Up-to-date: /home/mustardking/ws_sensor_combined/install/px4_msgs/include/px4_msgs/px4_msgs/msg/detail/vehicle_angular_acceleration_setpoint__builder.hpp\n'}
[1.506168] (px4_msgs) StdoutLine: {'line': b'-- Up-to-date: /home/mustardking/ws_sensor_combined/install/px4_msgs/include/px4_msgs/px4_msgs/msg/detail/sensor_gyro_fifo__builder.hpp\n'}
[1.506208] (px4_msgs) StdoutLine: {'line': b'-- Up-to-date: /home/mustardking/ws_sensor_combined/install/px4_msgs/include/px4_msgs/px4_msgs/msg/detail/mag_worker_data__traits.hpp\n'}
[1.506237] (px4_msgs) StdoutLine: {'line': b'-- Up-to-date: /home/mustardking/ws_sensor_combined/install/px4_msgs/include/px4_msgs/px4_msgs/msg/detail/unregister_ext_component__builder.hpp\n'}
[1.506272] (px4_msgs) StdoutLine: {'line': b'-- Up-to-date: /home/mustardking/ws_sensor_combined/install/px4_msgs/include/px4_msgs/px4_msgs/msg/detail/manual_control_setpoint__builder.hpp\n'}
[1.506301] (px4_msgs) StdoutLine: {'line': b'-- Up-to-date: /home/mustardking/ws_sensor_combined/install/px4_msgs/include/px4_msgs/px4_msgs/msg/detail/config_overrides__builder.hpp\n'}
[1.506335] (px4_msgs) StdoutLine: {'line': b'-- Up-to-date: /home/mustardking/ws_sensor_combined/install/px4_msgs/include/px4_msgs/px4_msgs/msg/detail/mode_completed__builder.hpp\n'}
[1.506400] (px4_msgs) StdoutLine: {'line': b'-- Up-to-date: /home/mustardking/ws_sensor_combined/install/px4_msgs/include/px4_msgs/px4_msgs/msg/detail/iridiumsbd_status__traits.hpp\n'}
[1.506431] (px4_msgs) StdoutLine: {'line': b'-- Up-to-date: /home/mustardking/ws_sensor_combined/install/px4_msgs/include/px4_msgs/px4_msgs/msg/detail/sensor_mag__builder.hpp\n'}
[1.506464] (px4_msgs) StdoutLine: {'line': b'-- Up-to-date: /home/mustardking/ws_sensor_combined/install/px4_msgs/include/px4_msgs/px4_msgs/msg/detail/vehicle_command__type_support.hpp\n'}
[1.506532] (px4_msgs) StdoutLine: {'line': b'-- Up-to-date: /home/mustardking/ws_sensor_combined/install/px4_msgs/include/px4_msgs/px4_msgs/msg/detail/actuator_armed__type_support.hpp\n'}
[1.506561] (px4_msgs) StdoutLine: {'line': b'-- Up-to-date: /home/mustardking/ws_sensor_combined/install/px4_msgs/include/px4_msgs/px4_msgs/msg/detail/power_monitor__builder.hpp\n'}
[1.506583] (px4_msgs) StdoutLine: {'line': b'-- Up-to-date: /home/mustardking/ws_sensor_combined/install/px4_msgs/include/px4_msgs/px4_msgs/msg/detail/onboard_computer_status__traits.hpp\n'}
[1.506605] (px4_msgs) StdoutLine: {'line': b'-- Up-to-date: /home/mustardking/ws_sensor_combined/install/px4_msgs/include/px4_msgs/px4_msgs/msg/detail/camera_capture__builder.hpp\n'}
[1.506627] (px4_msgs) StdoutLine: {'line': b'-- Up-to-date: /home/mustardking/ws_sensor_combined/install/px4_msgs/include/px4_msgs/px4_msgs/msg/detail/mavlink_tunnel__builder.hpp\n'}
[1.506662] (px4_msgs) StdoutLine: {'line': b'-- Up-to-date: /home/mustardking/ws_sensor_combined/install/px4_msgs/include/px4_msgs/px4_msgs/msg/detail/gimbal_device_attitude_status__traits.hpp\n'}
[1.506695] (px4_msgs) StdoutLine: {'line': b'-- Up-to-date: /home/mustardking/ws_sensor_combined/install/px4_msgs/include/px4_msgs/px4_msgs/msg/detail/landing_target_pose__type_support.hpp\n'}
[1.506760] (px4_msgs) StdoutLine: {'line': b'-- Up-to-date: /home/mustardking/ws_sensor_combined/install/px4_msgs/include/px4_msgs/px4_msgs/msg/detail/estimator_states__type_support.hpp\n'}
[1.506786] (px4_msgs) StdoutLine: {'line': b'-- Up-to-date: /home/mustardking/ws_sensor_combined/install/px4_msgs/include/px4_msgs/px4_msgs/msg/detail/actuator_test__builder.hpp\n'}
[1.506808] (px4_msgs) StdoutLine: {'line': b'-- Up-to-date: /home/mustardking/ws_sensor_combined/install/px4_msgs/include/px4_msgs/px4_msgs/msg/detail/dataman_response__type_support.hpp\n'}
[1.506837] (px4_msgs) StdoutLine: {'line': b'-- Up-to-date: /home/mustardking/ws_sensor_combined/install/px4_msgs/include/px4_msgs/px4_msgs/msg/detail/neural_control__struct.hpp\n'}
[1.506869] (px4_msgs) StdoutLine: {'line': b'-- Up-to-date: /home/mustardking/ws_sensor_combined/install/px4_msgs/include/px4_msgs/px4_msgs/msg/detail/telemetry_status__builder.hpp\n'}
[1.506901] (px4_msgs) StdoutLine: {'line': b'-- Up-to-date: /home/mustardking/ws_sensor_combined/install/px4_msgs/include/px4_msgs/px4_msgs/msg/detail/estimator_selector_status__traits.hpp\n'}
[1.506936] (px4_msgs) StdoutLine: {'line': b'-- Up-to-date: /home/mustardking/ws_sensor_combined/install/px4_msgs/include/px4_msgs/px4_msgs/msg/detail/collision_constraints__traits.hpp\n'}
[1.506973] (px4_msgs) StdoutLine: {'line': b'-- Up-to-date: /home/mustardking/ws_sensor_combined/install/px4_msgs/include/px4_msgs/px4_msgs/msg/detail/actuator_controls_status__struct.hpp\n'}
[1.507004] (px4_msgs) StdoutLine: {'line': b'-- Up-to-date: /home/mustardking/ws_sensor_combined/install/px4_msgs/include/px4_msgs/px4_msgs/msg/detail/sensor_gyro_fft__builder.hpp\n'}
[1.507039] (px4_msgs) StdoutLine: {'line': b'-- Up-to-date: /home/mustardking/ws_sensor_combined/install/px4_msgs/include/px4_msgs/px4_msgs/msg/detail/vehicle_attitude__traits.hpp\n'}
[1.507074] (px4_msgs) StdoutLine: {'line': b'-- Up-to-date: /home/mustardking/ws_sensor_combined/install/px4_msgs/include/px4_msgs/px4_msgs/msg/detail/gpio_in__traits.hpp\n'}
[1.507106] (px4_msgs) StdoutLine: {'line': b'-- Up-to-date: /home/mustardking/ws_sensor_combined/install/px4_msgs/include/px4_msgs/px4_msgs/msg/detail/follow_target_estimator__traits.hpp\n'}
[1.507141] (px4_msgs) StdoutLine: {'line': b'-- Up-to-date: /home/mustardking/ws_sensor_combined/install/px4_msgs/include/px4_msgs/px4_msgs/msg/detail/unregister_ext_component__type_support.hpp\n'}
[1.507172] (px4_msgs) StdoutLine: {'line': b'-- Up-to-date: /home/mustardking/ws_sensor_combined/install/px4_msgs/include/px4_msgs/px4_msgs/msg/detail/battery_status__traits.hpp\n'}
[1.507231] (px4_msgs) StdoutLine: {'line': b'-- Up-to-date: /home/mustardking/ws_sensor_combined/install/px4_msgs/include/px4_msgs/px4_msgs/msg/detail/vehicle_command_ack__struct.hpp\n'}
[1.507253] (px4_msgs) StdoutLine: {'line': b'-- Up-to-date: /home/mustardking/ws_sensor_combined/install/px4_msgs/include/px4_msgs/px4_msgs/msg/detail/fuel_tank_status__type_support.hpp\n'}
[1.507275] (px4_msgs) StdoutLine: {'line': b'-- Up-to-date: /home/mustardking/ws_sensor_combined/install/px4_msgs/include/px4_msgs/px4_msgs/msg/detail/gripper__traits.hpp\n'}
[1.507360] (px4_msgs) StdoutLine: {'line': b'-- Up-to-date: /home/mustardking/ws_sensor_combined/install/px4_msgs/include/px4_msgs/px4_msgs/msg/detail/sensor_gnss_relative__traits.hpp\n'}
[1.507396] (px4_msgs) StdoutLine: {'line': b'-- Up-to-date: /home/mustardking/ws_sensor_combined/install/px4_msgs/include/px4_msgs/px4_msgs/msg/detail/vehicle_command__struct.hpp\n'}
[1.507431] (px4_msgs) StdoutLine: {'line': b'-- Up-to-date: /home/mustardking/ws_sensor_combined/install/px4_msgs/include/px4_msgs/px4_msgs/msg/detail/home_position__traits.hpp\n'}
[1.507461] (px4_msgs) StdoutLine: {'line': b'-- Up-to-date: /home/mustardking/ws_sensor_combined/install/px4_msgs/include/px4_msgs/px4_msgs/msg/detail/orb_test_large__type_support.hpp\n'}
[1.507584] (px4_msgs) StdoutLine: {'line': b'-- Up-to-date: /home/mustardking/ws_sensor_combined/install/px4_msgs/include/px4_msgs/px4_msgs/msg/detail/orb_test_medium__struct.hpp\n'}
[1.507622] (px4_msgs) StdoutLine: {'line': b'-- Up-to-date: /home/mustardking/ws_sensor_combined/install/px4_msgs/include/px4_msgs/px4_msgs/msg/detail/sensor_selection__struct.hpp\n'}
[1.507695] (px4_msgs) StdoutLine: {'line': b'-- Up-to-date: /home/mustardking/ws_sensor_combined/install/px4_msgs/include/px4_msgs/px4_msgs/msg/detail/home_position__type_support.hpp\n'}
[1.507725] (px4_msgs) StdoutLine: {'line': b'-- Up-to-date: /home/mustardking/ws_sensor_combined/install/px4_msgs/include/px4_msgs/px4_msgs/msg/detail/rover_rate_setpoint__builder.hpp\n'}
[1.507763] (px4_msgs) StdoutLine: {'line': b'-- Up-to-date: /home/mustardking/ws_sensor_combined/install/px4_msgs/include/px4_msgs/px4_msgs/msg/detail/battery_info__builder.hpp\n'}
[1.507801] (px4_msgs) StdoutLine: {'line': b'-- Up-to-date: /home/mustardking/ws_sensor_combined/install/px4_msgs/include/px4_msgs/px4_msgs/msg/detail/dataman_response__struct.hpp\n'}
[1.507830] (px4_msgs) StdoutLine: {'line': b'-- Up-to-date: /home/mustardking/ws_sensor_combined/install/px4_msgs/include/px4_msgs/px4_msgs/msg/detail/qshell_req__type_support.hpp\n'}
[1.507876] (px4_msgs) StdoutLine: {'line': b'-- Up-to-date: /home/mustardking/ws_sensor_combined/install/px4_msgs/include/px4_msgs/px4_msgs/msg/detail/gimbal_device_set_attitude__traits.hpp\n'}
[1.507916] (px4_msgs) StdoutLine: {'line': b'-- Up-to-date: /home/mustardking/ws_sensor_combined/install/px4_msgs/include/px4_msgs/px4_msgs/msg/detail/vehicle_magnetometer__traits.hpp\n'}
[1.507951] (px4_msgs) StdoutLine: {'line': b'-- Up-to-date: /home/mustardking/ws_sensor_combined/install/px4_msgs/include/px4_msgs/px4_msgs/msg/detail/cpuload__struct.hpp\n'}
[1.508027] (px4_msgs) StdoutLine: {'line': b'-- Up-to-date: /home/mustardking/ws_sensor_combined/install/px4_msgs/include/px4_msgs/px4_msgs/msg/detail/autotune_attitude_control_status__builder.hpp\n'}
[1.508058] (px4_msgs) StdoutLine: {'line': b'-- Up-to-date: /home/mustardking/ws_sensor_combined/install/px4_msgs/include/px4_msgs/px4_msgs/msg/detail/mavlink_tunnel__traits.hpp\n'}
[1.508091] (px4_msgs) StdoutLine: {'line': b'-- Up-to-date: /home/mustardking/ws_sensor_combined/install/px4_msgs/include/px4_msgs/px4_msgs/msg/detail/camera_trigger__builder.hpp\n'}
[1.508114] (px4_msgs) StdoutLine: {'line': b'-- Up-to-date: /home/mustardking/ws_sensor_combined/install/px4_msgs/include/px4_msgs/px4_msgs/msg/detail/sensors_status__type_support.hpp\n'}
[1.508136] (px4_msgs) StdoutLine: {'line': b'-- Up-to-date: /home/mustardking/ws_sensor_combined/install/px4_msgs/include/px4_msgs/px4_msgs/msg/detail/magnetometer_bias_estimate__traits.hpp\n'}
[1.508158] (px4_msgs) StdoutLine: {'line': b'-- Up-to-date: /home/mustardking/ws_sensor_combined/install/px4_msgs/include/px4_msgs/px4_msgs/msg/detail/collision_constraints__builder.hpp\n'}
[1.508179] (px4_msgs) StdoutLine: {'line': b'-- Up-to-date: /home/mustardking/ws_sensor_combined/install/px4_msgs/include/px4_msgs/px4_msgs/msg/detail/airspeed__type_support.hpp\n'}
[1.508201] (px4_msgs) StdoutLine: {'line': b'-- Up-to-date: /home/mustardking/ws_sensor_combined/install/px4_msgs/include/px4_msgs/px4_msgs/msg/detail/qshell_retval__builder.hpp\n'}
[1.508223] (px4_msgs) StdoutLine: {'line': b'-- Up-to-date: /home/mustardking/ws_sensor_combined/install/px4_msgs/include/px4_msgs/px4_msgs/msg/detail/pwm_input__builder.hpp\n'}
[1.508245] (px4_msgs) StdoutLine: {'line': b'-- Up-to-date: /home/mustardking/ws_sensor_combined/install/px4_msgs/include/px4_msgs/px4_msgs/msg/detail/onboard_computer_status__builder.hpp\n'}
[1.508267] (px4_msgs) StdoutLine: {'line': b'-- Up-to-date: /home/mustardking/ws_sensor_combined/install/px4_msgs/include/px4_msgs/px4_msgs/msg/detail/hover_thrust_estimate__type_support.hpp\n'}
[1.508288] (px4_msgs) StdoutLine: {'line': b'-- Up-to-date: /home/mustardking/ws_sensor_combined/install/px4_msgs/include/px4_msgs/px4_msgs/msg/detail/vehicle_status__struct.hpp\n'}
[1.508311] (px4_msgs) StdoutLine: {'line': b'-- Up-to-date: /home/mustardking/ws_sensor_combined/install/px4_msgs/include/px4_msgs/px4_msgs/msg/detail/sensor_preflight_mag__type_support.hpp\n'}
[1.508332] (px4_msgs) StdoutLine: {'line': b'-- Up-to-date: /home/mustardking/ws_sensor_combined/install/px4_msgs/include/px4_msgs/px4_msgs/msg/detail/internal_combustion_engine_control__struct.hpp\n'}
[1.508354] (px4_msgs) StdoutLine: {'line': b'-- Up-to-date: /home/mustardking/ws_sensor_combined/install/px4_msgs/include/px4_msgs/px4_msgs/msg/detail/action_request__builder.hpp\n'}
[1.508376] (px4_msgs) StdoutLine: {'line': b'-- Up-to-date: /home/mustardking/ws_sensor_combined/install/px4_msgs/include/px4_msgs/px4_msgs/msg/detail/debug_vect__builder.hpp\n'}
[1.508397] (px4_msgs) StdoutLine: {'line': b'-- Up-to-date: /home/mustardking/ws_sensor_combined/install/px4_msgs/include/px4_msgs/px4_msgs/msg/detail/gimbal_manager_set_manual_control__type_support.hpp\n'}
[1.508420] (px4_msgs) StdoutLine: {'line': b'-- Up-to-date: /home/mustardking/ws_sensor_combined/install/px4_msgs/include/px4_msgs/px4_msgs/msg/detail/cpuload__type_support.hpp\n'}
[1.508442] (px4_msgs) StdoutLine: {'line': b'-- Up-to-date: /home/mustardking/ws_sensor_combined/install/px4_msgs/include/px4_msgs/px4_msgs/msg/detail/power_button_state__builder.hpp\n'}
[1.508464] (px4_msgs) StdoutLine: {'line': b'-- Up-to-date: /home/mustardking/ws_sensor_combined/install/px4_msgs/include/px4_msgs/px4_msgs/msg/detail/parameter_reset_request__traits.hpp\n'}
[1.508487] (px4_msgs) StdoutLine: {'line': b'-- Up-to-date: /home/mustardking/ws_sensor_combined/install/px4_msgs/include/px4_msgs/px4_msgs/msg/detail/lateral_control_configuration__traits.hpp\n'}
[1.508509] (px4_msgs) StdoutLine: {'line': b'-- Up-to-date: /home/mustardking/ws_sensor_combined/install/px4_msgs/include/px4_msgs/px4_msgs/msg/detail/vehicle_thrust_setpoint__type_support.hpp\n'}
[1.508531] (px4_msgs) StdoutLine: {'line': b'-- Up-to-date: /home/mustardking/ws_sensor_combined/install/px4_msgs/include/px4_msgs/px4_msgs/msg/detail/debug_array__type_support.hpp\n'}
[1.508552] (px4_msgs) StdoutLine: {'line': b'-- Up-to-date: /home/mustardking/ws_sensor_combined/install/px4_msgs/include/px4_msgs/px4_msgs/msg/detail/power_monitor__type_support.hpp\n'}
[1.508574] (px4_msgs) StdoutLine: {'line': b'-- Up-to-date: /home/mustardking/ws_sensor_combined/install/px4_msgs/include/px4_msgs/px4_msgs/msg/detail/navigator_mission_item__builder.hpp\n'}
[1.508596] (px4_msgs) StdoutLine: {'line': b'-- Up-to-date: /home/mustardking/ws_sensor_combined/install/px4_msgs/include/px4_msgs/px4_msgs/msg/detail/estimator_sensor_bias__type_support.hpp\n'}
[1.508618] (px4_msgs) StdoutLine: {'line': b'-- Up-to-date: /home/mustardking/ws_sensor_combined/install/px4_msgs/include/px4_msgs/px4_msgs/msg/detail/open_drone_id_system__builder.hpp\n'}
[1.508639] (px4_msgs) StdoutLine: {'line': b'-- Up-to-date: /home/mustardking/ws_sensor_combined/install/px4_msgs/include/px4_msgs/px4_msgs/msg/detail/distance_sensor_mode_change_request__struct.hpp\n'}
[1.508661] (px4_msgs) StdoutLine: {'line': b'-- Up-to-date: /home/mustardking/ws_sensor_combined/install/px4_msgs/include/px4_msgs/px4_msgs/msg/detail/actuator_outputs__builder.hpp\n'}
[1.508685] (px4_msgs) StdoutLine: {'line': b'-- Up-to-date: /home/mustardking/ws_sensor_combined/install/px4_msgs/include/px4_msgs/px4_msgs/msg/detail/gripper__builder.hpp\n'}
[1.508706] (px4_msgs) StdoutLine: {'line': b'-- Up-to-date: /home/mustardking/ws_sensor_combined/install/px4_msgs/include/px4_msgs/px4_msgs/msg/detail/actuator_servos_trim__builder.hpp\n'}
[1.508728] (px4_msgs) StdoutLine: {'line': b'-- Up-to-date: /home/mustardking/ws_sensor_combined/install/px4_msgs/include/px4_msgs/px4_msgs/msg/detail/qshell_req__traits.hpp\n'}
[1.508750] (px4_msgs) StdoutLine: {'line': b'-- Up-to-date: /home/mustardking/ws_sensor_combined/install/px4_msgs/include/px4_msgs/px4_msgs/msg/detail/sensor_combined__struct.hpp\n'}
[1.508771] (px4_msgs) StdoutLine: {'line': b'-- Up-to-date: /home/mustardking/ws_sensor_combined/install/px4_msgs/include/px4_msgs/px4_msgs/msg/detail/gimbal_device_information__traits.hpp\n'}
[1.508793] (px4_msgs) StdoutLine: {'line': b'-- Up-to-date: /home/mustardking/ws_sensor_combined/install/px4_msgs/include/px4_msgs/px4_msgs/msg/detail/tiltrotor_extra_controls__traits.hpp\n'}
[1.508822] (px4_msgs) StdoutLine: {'line': b'-- Up-to-date: /home/mustardking/ws_sensor_combined/install/px4_msgs/include/px4_msgs/px4_msgs/msg/detail/estimator_aid_source1d__struct.hpp\n'}
[1.508845] (px4_msgs) StdoutLine: {'line': b'-- Up-to-date: /home/mustardking/ws_sensor_combined/install/px4_msgs/include/px4_msgs/px4_msgs/msg/detail/ulog_stream__struct.hpp\n'}
[1.508867] (px4_msgs) StdoutLine: {'line': b'-- Up-to-date: /home/mustardking/ws_sensor_combined/install/px4_msgs/include/px4_msgs/px4_msgs/msg/detail/rover_position_setpoint__struct.hpp\n'}
[1.508888] (px4_msgs) StdoutLine: {'line': b'-- Up-to-date: /home/mustardking/ws_sensor_combined/install/px4_msgs/include/px4_msgs/px4_msgs/msg/detail/wind__struct.hpp\n'}
[1.508909] (px4_msgs) StdoutLine: {'line': b'-- Up-to-date: /home/mustardking/ws_sensor_combined/install/px4_msgs/include/px4_msgs/px4_msgs/msg/detail/sensor_gnss_relative__builder.hpp\n'}
[1.508935] (px4_msgs) StdoutLine: {'line': b'-- Up-to-date: /home/mustardking/ws_sensor_combined/install/px4_msgs/include/px4_msgs/px4_msgs/msg/detail/vehicle_control_mode__builder.hpp\n'}
[1.508970] (px4_msgs) StdoutLine: {'line': b'-- Up-to-date: /home/mustardking/ws_sensor_combined/install/px4_msgs/include/px4_msgs/px4_msgs/msg/detail/irlock_report__builder.hpp\n'}
[1.509003] (px4_msgs) StdoutLine: {'line': b'-- Up-to-date: /home/mustardking/ws_sensor_combined/install/px4_msgs/include/px4_msgs/px4_msgs/msg/detail/mount_orientation__traits.hpp\n'}
[1.509030] (px4_msgs) StdoutLine: {'line': b'-- Up-to-date: /home/mustardking/ws_sensor_combined/install/px4_msgs/include/px4_msgs/px4_msgs/msg/detail/open_drone_id_arm_status__traits.hpp\n'}
[1.509052] (px4_msgs) StdoutLine: {'line': b'-- Up-to-date: /home/mustardking/ws_sensor_combined/install/px4_msgs/include/px4_msgs/px4_msgs/msg/detail/follow_target__traits.hpp\n'}
[1.509076] (px4_msgs) StdoutLine: {'line': b'-- Up-to-date: /home/mustardking/ws_sensor_combined/install/px4_msgs/include/px4_msgs/px4_msgs/msg/detail/pps_capture__struct.hpp\n'}
[1.509103] (px4_msgs) StdoutLine: {'line': b'-- Up-to-date: /home/mustardking/ws_sensor_combined/install/px4_msgs/include/px4_msgs/px4_msgs/msg/detail/vehicle_constraints__struct.hpp\n'}
[1.509129] (px4_msgs) StdoutLine: {'line': b'-- Up-to-date: /home/mustardking/ws_sensor_combined/install/px4_msgs/include/px4_msgs/px4_msgs/msg/detail/rover_speed_status__type_support.hpp\n'}
[1.509151] (px4_msgs) StdoutLine: {'line': b'-- Up-to-date: /home/mustardking/ws_sensor_combined/install/px4_msgs/include/px4_msgs/px4_msgs/msg/detail/distance_sensor_mode_change_request__type_support.hpp\n'}
[1.509173] (px4_msgs) StdoutLine: {'line': b'-- Up-to-date: /home/mustardking/ws_sensor_combined/install/px4_msgs/include/px4_msgs/px4_msgs/msg/detail/rate_ctrl_status__type_support.hpp\n'}
[1.509194] (px4_msgs) StdoutLine: {'line': b'-- Up-to-date: /home/mustardking/ws_sensor_combined/install/px4_msgs/include/px4_msgs/px4_msgs/msg/detail/vehicle_thrust_setpoint__struct.hpp\n'}
[1.509216] (px4_msgs) StdoutLine: {'line': b'-- Up-to-date: /home/mustardking/ws_sensor_combined/install/px4_msgs/include/px4_msgs/px4_msgs/msg/detail/position_setpoint_triplet__traits.hpp\n'}
[1.509237] (px4_msgs) StdoutLine: {'line': b'-- Up-to-date: /home/mustardking/ws_sensor_combined/install/px4_msgs/include/px4_msgs/px4_msgs/msg/detail/debug_key_value__builder.hpp\n'}
[1.509259] (px4_msgs) StdoutLine: {'line': b'-- Up-to-date: /home/mustardking/ws_sensor_combined/install/px4_msgs/include/px4_msgs/px4_msgs/msg/detail/sensor_gyro_fifo__traits.hpp\n'}
[1.509281] (px4_msgs) StdoutLine: {'line': b'-- Up-to-date: /home/mustardking/ws_sensor_combined/install/px4_msgs/include/px4_msgs/px4_msgs/msg/detail/sensor_gnss_status__traits.hpp\n'}
[1.509302] (px4_msgs) StdoutLine: {'line': b'-- Up-to-date: /home/mustardking/ws_sensor_combined/install/px4_msgs/include/px4_msgs/px4_msgs/msg/detail/adc_report__struct.hpp\n'}
[1.509324] (px4_msgs) StdoutLine: {'line': b'-- Up-to-date: /home/mustardking/ws_sensor_combined/install/px4_msgs/include/px4_msgs/px4_msgs/msg/detail/wheel_encoders__type_support.hpp\n'}
[1.509345] (px4_msgs) StdoutLine: {'line': b'-- Up-to-date: /home/mustardking/ws_sensor_combined/install/px4_msgs/include/px4_msgs/px4_msgs/msg/detail/sensors_status_imu__builder.hpp\n'}
[1.509367] (px4_msgs) StdoutLine: {'line': b'-- Up-to-date: /home/mustardking/ws_sensor_combined/install/px4_msgs/include/px4_msgs/px4_msgs/msg/detail/mag_worker_data__builder.hpp\n'}
[1.509391] (px4_msgs) StdoutLine: {'line': b'-- Up-to-date: /home/mustardking/ws_sensor_combined/install/px4_msgs/include/px4_msgs/px4_msgs/msg/detail/estimator_status__struct.hpp\n'}
[1.509413] (px4_msgs) StdoutLine: {'line': b'-- Up-to-date: /home/mustardking/ws_sensor_combined/install/px4_msgs/include/px4_msgs/px4_msgs/msg/detail/rtl_status__builder.hpp\n'}
[1.509435] (px4_msgs) StdoutLine: {'line': b'-- Up-to-date: /home/mustardking/ws_sensor_combined/install/px4_msgs/include/px4_msgs/px4_msgs/msg/detail/battery_info__struct.hpp\n'}
[1.509456] (px4_msgs) StdoutLine: {'line': b'-- Up-to-date: /home/mustardking/ws_sensor_combined/install/px4_msgs/include/px4_msgs/px4_msgs/msg/detail/vehicle_optical_flow__builder.hpp\n'}
[1.509478] (px4_msgs) StdoutLine: {'line': b'-- Up-to-date: /home/mustardking/ws_sensor_combined/install/px4_msgs/include/px4_msgs/px4_msgs/msg/detail/estimator_sensor_bias__builder.hpp\n'}
[1.509501] (px4_msgs) StdoutLine: {'line': b'-- Up-to-date: /home/mustardking/ws_sensor_combined/install/px4_msgs/include/px4_msgs/px4_msgs/msg/detail/parameter_update__builder.hpp\n'}
[1.509523] (px4_msgs) StdoutLine: {'line': b'-- Up-to-date: /home/mustardking/ws_sensor_combined/install/px4_msgs/include/px4_msgs/px4_msgs/msg/detail/actuator_test__struct.hpp\n'}
[1.509545] (px4_msgs) StdoutLine: {'line': b'-- Up-to-date: /home/mustardking/ws_sensor_combined/install/px4_msgs/include/px4_msgs/px4_msgs/msg/detail/wheel_encoders__traits.hpp\n'}
[1.509567] (px4_msgs) StdoutLine: {'line': b'-- Up-to-date: /home/mustardking/ws_sensor_combined/install/px4_msgs/include/px4_msgs/px4_msgs/msg/detail/sensors_status__builder.hpp\n'}
[1.509588] (px4_msgs) StdoutLine: {'line': b'-- Up-to-date: /home/mustardking/ws_sensor_combined/install/px4_msgs/include/px4_msgs/px4_msgs/msg/detail/cellular_status__builder.hpp\n'}
[1.509609] (px4_msgs) StdoutLine: {'line': b'-- Up-to-date: /home/mustardking/ws_sensor_combined/install/px4_msgs/include/px4_msgs/px4_msgs/msg/detail/orb_test__type_support.hpp\n'}
[1.509631] (px4_msgs) StdoutLine: {'line': b'-- Up-to-date: /home/mustardking/ws_sensor_combined/install/px4_msgs/include/px4_msgs/px4_msgs/msg/detail/gpio_config__traits.hpp\n'}
[1.509652] (px4_msgs) StdoutLine: {'line': b'-- Up-to-date: /home/mustardking/ws_sensor_combined/install/px4_msgs/include/px4_msgs/px4_msgs/msg/detail/vehicle_imu_status__traits.hpp\n'}
[1.509674] (px4_msgs) StdoutLine: {'line': b'-- Up-to-date: /home/mustardking/ws_sensor_combined/install/px4_msgs/include/px4_msgs/px4_msgs/msg/detail/airspeed_wind__traits.hpp\n'}
[1.509697] (px4_msgs) StdoutLine: {'line': b'-- Up-to-date: /home/mustardking/ws_sensor_combined/install/px4_msgs/include/px4_msgs/px4_msgs/msg/detail/normalized_unsigned_setpoint__struct.hpp\n'}
[1.509719] (px4_msgs) StdoutLine: {'line': b'-- Up-to-date: /home/mustardking/ws_sensor_combined/install/px4_msgs/include/px4_msgs/px4_msgs/msg/detail/message_format_response__type_support.hpp\n'}
[1.509741] (px4_msgs) StdoutLine: {'line': b'-- Up-to-date: /home/mustardking/ws_sensor_combined/install/px4_msgs/include/px4_msgs/px4_msgs/msg/detail/rate_ctrl_status__struct.hpp\n'}
[1.509762] (px4_msgs) StdoutLine: {'line': b'-- Up-to-date: /home/mustardking/ws_sensor_combined/install/px4_msgs/include/px4_msgs/px4_msgs/msg/detail/geofence_status__struct.hpp\n'}
[1.509783] (px4_msgs) StdoutLine: {'line': b'-- Up-to-date: /home/mustardking/ws_sensor_combined/install/px4_msgs/include/px4_msgs/px4_msgs/msg/detail/qshell_retval__struct.hpp\n'}
[1.509805] (px4_msgs) StdoutLine: {'line': b'-- Up-to-date: /home/mustardking/ws_sensor_combined/install/px4_msgs/include/px4_msgs/px4_msgs/msg/detail/register_ext_component_request__struct.hpp\n'}
[1.509827] (px4_msgs) StdoutLine: {'line': b'-- Up-to-date: /home/mustardking/ws_sensor_combined/install/px4_msgs/include/px4_msgs/px4_msgs/msg/detail/log_message__traits.hpp\n'}
[1.509849] (px4_msgs) StdoutLine: {'line': b'-- Up-to-date: /home/mustardking/ws_sensor_combined/install/px4_msgs/include/px4_msgs/px4_msgs/msg/detail/fixed_wing_runway_control__traits.hpp\n'}
[1.509870] (px4_msgs) StdoutLine: {'line': b'-- Up-to-date: /home/mustardking/ws_sensor_combined/install/px4_msgs/include/px4_msgs/px4_msgs/msg/detail/message_format_request__type_support.hpp\n'}
[1.509892] (px4_msgs) StdoutLine: {'line': b'-- Up-to-date: /home/mustardking/ws_sensor_combined/install/px4_msgs/include/px4_msgs/px4_msgs/msg/detail/uavcan_parameter_value__struct.hpp\n'}
[1.509914] (px4_msgs) StdoutLine: {'line': b'-- Up-to-date: /home/mustardking/ws_sensor_combined/install/px4_msgs/include/px4_msgs/px4_msgs/msg/detail/position_controller_landing_status__type_support.hpp\n'}
[1.509936] (px4_msgs) StdoutLine: {'line': b'-- Up-to-date: /home/mustardking/ws_sensor_combined/install/px4_msgs/include/px4_msgs/px4_msgs/msg/detail/vehicle_constraints__traits.hpp\n'}
[1.509959] (px4_msgs) StdoutLine: {'line': b'-- Up-to-date: /home/mustardking/ws_sensor_combined/install/px4_msgs/include/px4_msgs/px4_msgs/msg/detail/adc_report__type_support.hpp\n'}
[1.511377] (px4_msgs) StdoutLine: {'line': b'-- Up-to-date: /home/mustardking/ws_sensor_combined/install/px4_msgs/include/px4_msgs/px4_msgs/msg/detail/rover_speed_status__builder.hpp\n'}
[1.511420] (px4_msgs) StdoutLine: {'line': b'-- Up-to-date: /home/mustardking/ws_sensor_combined/install/px4_msgs/include/px4_msgs/px4_msgs/msg/detail/follow_target_status__traits.hpp\n'}
[1.511452] (px4_msgs) StdoutLine: {'line': b'-- Up-to-date: /home/mustardking/ws_sensor_combined/install/px4_msgs/include/px4_msgs/px4_msgs/msg/detail/pwm_input__traits.hpp\n'}
[1.511480] (px4_msgs) StdoutLine: {'line': b'-- Up-to-date: /home/mustardking/ws_sensor_combined/install/px4_msgs/include/px4_msgs/px4_msgs/msg/detail/vehicle_torque_setpoint__struct.hpp\n'}
[1.511502] (px4_msgs) StdoutLine: {'line': b'-- Up-to-date: /home/mustardking/ws_sensor_combined/install/px4_msgs/include/px4_msgs/px4_msgs/msg/detail/estimator_status_flags__type_support.hpp\n'}
[1.511532] (px4_msgs) StdoutLine: {'line': b'-- Up-to-date: /home/mustardking/ws_sensor_combined/install/px4_msgs/include/px4_msgs/px4_msgs/msg/detail/rtl_time_estimate__builder.hpp\n'}
[1.511556] (px4_msgs) StdoutLine: {'line': b'-- Up-to-date: /home/mustardking/ws_sensor_combined/install/px4_msgs/include/px4_msgs/px4_msgs/msg/detail/message_format_response__traits.hpp\n'}
[1.511578] (px4_msgs) StdoutLine: {'line': b'-- Up-to-date: /home/mustardking/ws_sensor_combined/install/px4_msgs/include/px4_msgs/px4_msgs/msg/detail/mission__builder.hpp\n'}
[1.511599] (px4_msgs) StdoutLine: {'line': b'-- Up-to-date: /home/mustardking/ws_sensor_combined/install/px4_msgs/include/px4_msgs/px4_msgs/msg/detail/radio_status__struct.hpp\n'}
[1.511635] (px4_msgs) StdoutLine: {'line': b'-- Up-to-date: /home/mustardking/ws_sensor_combined/install/px4_msgs/include/px4_msgs/px4_msgs/msg/detail/actuator_controls_status__type_support.hpp\n'}
[1.511664] (px4_msgs) StdoutLine: {'line': b'-- Up-to-date: /home/mustardking/ws_sensor_combined/install/px4_msgs/include/px4_msgs/px4_msgs/msg/detail/vehicle_rates_setpoint__traits.hpp\n'}
[1.511708] (px4_msgs) StdoutLine: {'line': b'-- Up-to-date: /home/mustardking/ws_sensor_combined/install/px4_msgs/include/px4_msgs/px4_msgs/msg/detail/debug_key_value__struct.hpp\n'}
[1.511747] (px4_msgs) StdoutLine: {'line': b'-- Up-to-date: /home/mustardking/ws_sensor_combined/install/px4_msgs/include/px4_msgs/px4_msgs/msg/detail/unregister_ext_component__traits.hpp\n'}
[1.511787] (px4_msgs) StdoutLine: {'line': b'-- Up-to-date: /home/mustardking/ws_sensor_combined/install/px4_msgs/include/px4_msgs/px4_msgs/msg/detail/estimator_status__type_support.hpp\n'}
[1.511830] (px4_msgs) StdoutLine: {'line': b'-- Up-to-date: /home/mustardking/ws_sensor_combined/install/px4_msgs/include/px4_msgs/px4_msgs/msg/detail/actuator_outputs__traits.hpp\n'}
[1.511896] (px4_msgs) StdoutLine: {'line': b'-- Up-to-date: /home/mustardking/ws_sensor_combined/install/px4_msgs/include/px4_msgs/px4_msgs/msg/detail/goto_setpoint__builder.hpp\n'}
[1.511945] (px4_msgs) StdoutLine: {'line': b'-- Up-to-date: /home/mustardking/ws_sensor_combined/install/px4_msgs/include/px4_msgs/px4_msgs/msg/detail/rover_attitude_status__traits.hpp\n'}
[1.511990] (px4_msgs) StdoutLine: {'line': b'-- Up-to-date: /home/mustardking/ws_sensor_combined/install/px4_msgs/include/px4_msgs/px4_msgs/msg/detail/action_request__traits.hpp\n'}
[1.512025] (px4_msgs) StdoutLine: {'line': b'-- Up-to-date: /home/mustardking/ws_sensor_combined/install/px4_msgs/include/px4_msgs/px4_msgs/msg/detail/rpm__struct.hpp\n'}
[1.512057] (px4_msgs) StdoutLine: {'line': b'-- Up-to-date: /home/mustardking/ws_sensor_combined/install/px4_msgs/include/px4_msgs/px4_msgs/msg/detail/vehicle_local_position_setpoint__traits.hpp\n'}
[1.512114] (px4_msgs) StdoutLine: {'line': b'-- Up-to-date: /home/mustardking/ws_sensor_combined/install/px4_msgs/include/px4_msgs/px4_msgs/msg/detail/vehicle_land_detected__type_support.hpp\n'}
[1.512155] (px4_msgs) StdoutLine: {'line': b'-- Up-to-date: /home/mustardking/ws_sensor_combined/install/px4_msgs/include/px4_msgs/px4_msgs/msg/detail/geofence_status__traits.hpp\n'}
[1.512197] (px4_msgs) StdoutLine: {'line': b'-- Up-to-date: /home/mustardking/ws_sensor_combined/install/px4_msgs/include/px4_msgs/px4_msgs/msg/detail/sensor_airflow__type_support.hpp\n'}
[1.512244] (px4_msgs) StdoutLine: {'line': b'-- Up-to-date: /home/mustardking/ws_sensor_combined/install/px4_msgs/include/px4_msgs/px4_msgs/msg/detail/pps_capture__type_support.hpp\n'}
[1.512281] (px4_msgs) StdoutLine: {'line': b'-- Up-to-date: /home/mustardking/ws_sensor_combined/install/px4_msgs/include/px4_msgs/px4_msgs/msg/detail/sensor_gyro__traits.hpp\n'}
[1.512356] (px4_msgs) StdoutLine: {'line': b'-- Up-to-date: /home/mustardking/ws_sensor_combined/install/px4_msgs/include/px4_msgs/px4_msgs/msg/detail/position_setpoint__struct.hpp\n'}
[1.512389] (px4_msgs) StdoutLine: {'line': b'-- Up-to-date: /home/mustardking/ws_sensor_combined/install/px4_msgs/include/px4_msgs/px4_msgs/msg/detail/uavcan_parameter_request__type_support.hpp\n'}
[1.512806] (px4_msgs) StdoutLine: {'line': b'-- Up-to-date: /home/mustardking/ws_sensor_combined/install/px4_msgs/include/px4_msgs/px4_msgs/msg/detail/generator_status__builder.hpp\n'}
[1.512860] (px4_msgs) StdoutLine: {'line': b'-- Up-to-date: /home/mustardking/ws_sensor_combined/install/px4_msgs/include/px4_msgs/px4_msgs/msg/detail/gps_inject_data__builder.hpp\n'}
[1.512912] (px4_msgs) StdoutLine: {'line': b'-- Up-to-date: /home/mustardking/ws_sensor_combined/install/px4_msgs/include/px4_msgs/px4_msgs/msg/detail/health_report__traits.hpp\n'}
[1.512955] (px4_msgs) StdoutLine: {'line': b'-- Up-to-date: /home/mustardking/ws_sensor_combined/install/px4_msgs/include/px4_msgs/px4_msgs/msg/detail/estimator_event_flags__struct.hpp\n'}
[1.512986] (px4_msgs) StdoutLine: {'line': b'-- Up-to-date: /home/mustardking/ws_sensor_combined/install/px4_msgs/include/px4_msgs/px4_msgs/msg/detail/rpm__traits.hpp\n'}
[1.513049] (px4_msgs) StdoutLine: {'line': b'-- Up-to-date: /home/mustardking/ws_sensor_combined/install/px4_msgs/include/px4_msgs/px4_msgs/msg/detail/logger_status__builder.hpp\n'}
[1.513081] (px4_msgs) StdoutLine: {'line': b'-- Up-to-date: /home/mustardking/ws_sensor_combined/install/px4_msgs/include/px4_msgs/px4_msgs/msg/detail/internal_combustion_engine_control__traits.hpp\n'}
[1.513114] (px4_msgs) StdoutLine: {'line': b'-- Up-to-date: /home/mustardking/ws_sensor_combined/install/px4_msgs/include/px4_msgs/px4_msgs/msg/detail/collision_constraints__struct.hpp\n'}
[1.513150] (px4_msgs) StdoutLine: {'line': b'-- Up-to-date: /home/mustardking/ws_sensor_combined/install/px4_msgs/include/px4_msgs/px4_msgs/msg/detail/parameter_set_used_request__type_support.hpp\n'}
[1.513224] (px4_msgs) StdoutLine: {'line': b'-- Up-to-date: /home/mustardking/ws_sensor_combined/install/px4_msgs/include/px4_msgs/px4_msgs/msg/detail/orb_test_large__struct.hpp\n'}
[1.513253] (px4_msgs) StdoutLine: {'line': b'-- Up-to-date: /home/mustardking/ws_sensor_combined/install/px4_msgs/include/px4_msgs/px4_msgs/msg/detail/orb_test_medium__type_support.hpp\n'}
[1.513275] (px4_msgs) StdoutLine: {'line': b'-- Up-to-date: /home/mustardking/ws_sensor_combined/install/px4_msgs/include/px4_msgs/px4_msgs/msg/detail/actuator_motors__builder.hpp\n'}
[1.513297] (px4_msgs) StdoutLine: {'line': b'-- Up-to-date: /home/mustardking/ws_sensor_combined/install/px4_msgs/include/px4_msgs/px4_msgs/msg/detail/satellite_info__struct.hpp\n'}
[1.513318] (px4_msgs) StdoutLine: {'line': b'-- Up-to-date: /home/mustardking/ws_sensor_combined/install/px4_msgs/include/px4_msgs/px4_msgs/msg/detail/longitudinal_control_configuration__builder.hpp\n'}
[1.513341] (px4_msgs) StdoutLine: {'line': b'-- Up-to-date: /home/mustardking/ws_sensor_combined/install/px4_msgs/include/px4_msgs/px4_msgs/msg/detail/obstacle_distance__struct.hpp\n'}
[1.513362] (px4_msgs) StdoutLine: {'line': b'-- Up-to-date: /home/mustardking/ws_sensor_combined/install/px4_msgs/include/px4_msgs/px4_msgs/msg/detail/input_rc__traits.hpp\n'}
[1.513394] (px4_msgs) StdoutLine: {'line': b'-- Up-to-date: /home/mustardking/ws_sensor_combined/install/px4_msgs/include/px4_msgs/px4_msgs/msg/detail/vehicle_angular_velocity__type_support.hpp\n'}
[1.513437] (px4_msgs) StdoutLine: {'line': b'-- Up-to-date: /home/mustardking/ws_sensor_combined/install/px4_msgs/include/px4_msgs/px4_msgs/msg/detail/follow_target__builder.hpp\n'}
[1.513482] (px4_msgs) StdoutLine: {'line': b'-- Up-to-date: /home/mustardking/ws_sensor_combined/install/px4_msgs/include/px4_msgs/px4_msgs/msg/detail/rate_ctrl_status__traits.hpp\n'}
[1.513514] (px4_msgs) StdoutLine: {'line': b'-- Up-to-date: /home/mustardking/ws_sensor_combined/install/px4_msgs/include/px4_msgs/px4_msgs/msg/detail/estimator_status_flags__struct.hpp\n'}
[1.513546] (px4_msgs) StdoutLine: {'line': b'-- Up-to-date: /home/mustardking/ws_sensor_combined/install/px4_msgs/include/px4_msgs/px4_msgs/msg/detail/actuator_outputs__type_support.hpp\n'}
[1.513569] (px4_msgs) StdoutLine: {'line': b'-- Up-to-date: /home/mustardking/ws_sensor_combined/install/px4_msgs/include/px4_msgs/px4_msgs/msg/detail/open_drone_id_system__struct.hpp\n'}
[1.513590] (px4_msgs) StdoutLine: {'line': b'-- Up-to-date: /home/mustardking/ws_sensor_combined/install/px4_msgs/include/px4_msgs/px4_msgs/msg/detail/gpio_out__builder.hpp\n'}
[1.513612] (px4_msgs) StdoutLine: {'line': b'-- Up-to-date: /home/mustardking/ws_sensor_combined/install/px4_msgs/include/px4_msgs/px4_msgs/msg/detail/flight_phase_estimation__type_support.hpp\n'}
[1.513641] (px4_msgs) StdoutLine: {'line': b'-- Up-to-date: /home/mustardking/ws_sensor_combined/install/px4_msgs/include/px4_msgs/px4_msgs/msg/detail/failure_detector_status__builder.hpp\n'}
[1.513679] (px4_msgs) StdoutLine: {'line': b'-- Up-to-date: /home/mustardking/ws_sensor_combined/install/px4_msgs/include/px4_msgs/px4_msgs/msg/detail/actuator_servos_trim__type_support.hpp\n'}
[1.513717] (px4_msgs) StdoutLine: {'line': b'-- Up-to-date: /home/mustardking/ws_sensor_combined/install/px4_msgs/include/px4_msgs/px4_msgs/msg/detail/vehicle_attitude_setpoint__struct.hpp\n'}
[1.513754] (px4_msgs) StdoutLine: {'line': b'-- Up-to-date: /home/mustardking/ws_sensor_combined/install/px4_msgs/include/px4_msgs/px4_msgs/msg/detail/gimbal_manager_information__type_support.hpp\n'}
[1.513808] (px4_msgs) StdoutLine: {'line': b'-- Up-to-date: /home/mustardking/ws_sensor_combined/install/px4_msgs/include/px4_msgs/px4_msgs/msg/detail/follow_target__type_support.hpp\n'}
[1.513831] (px4_msgs) StdoutLine: {'line': b'-- Up-to-date: /home/mustardking/ws_sensor_combined/install/px4_msgs/include/px4_msgs/px4_msgs/msg/detail/event__traits.hpp\n'}
[1.513853] (px4_msgs) StdoutLine: {'line': b'-- Up-to-date: /home/mustardking/ws_sensor_combined/install/px4_msgs/include/px4_msgs/px4_msgs/msg/detail/vehicle_optical_flow_vel__builder.hpp\n'}
[1.513890] (px4_msgs) StdoutLine: {'line': b'-- Up-to-date: /home/mustardking/ws_sensor_combined/install/px4_msgs/include/px4_msgs/px4_msgs/msg/detail/airspeed_validated__traits.hpp\n'}
[1.513927] (px4_msgs) StdoutLine: {'line': b'-- Up-to-date: /home/mustardking/ws_sensor_combined/install/px4_msgs/include/px4_msgs/px4_msgs/msg/detail/vehicle_angular_acceleration_setpoint__type_support.hpp\n'}
[1.513965] (px4_msgs) StdoutLine: {'line': b'-- Up-to-date: /home/mustardking/ws_sensor_combined/install/px4_msgs/include/px4_msgs/px4_msgs/msg/detail/internal_combustion_engine_control__type_support.hpp\n'}
[1.514002] (px4_msgs) StdoutLine: {'line': b'-- Up-to-date: /home/mustardking/ws_sensor_combined/install/px4_msgs/include/px4_msgs/px4_msgs/msg/detail/sensor_airflow__traits.hpp\n'}
[1.514056] (px4_msgs) StdoutLine: {'line': b'-- Up-to-date: /home/mustardking/ws_sensor_combined/install/px4_msgs/include/px4_msgs/px4_msgs/msg/detail/mission_result__type_support.hpp\n'}
[1.514078] (px4_msgs) StdoutLine: {'line': b'-- Up-to-date: /home/mustardking/ws_sensor_combined/install/px4_msgs/include/px4_msgs/px4_msgs/msg/detail/fixed_wing_lateral_status__type_support.hpp\n'}
[1.514119] (px4_msgs) StdoutLine: {'line': b'-- Up-to-date: /home/mustardking/ws_sensor_combined/install/px4_msgs/include/px4_msgs/px4_msgs/msg/detail/sensor_optical_flow__builder.hpp\n'}
[1.514142] (px4_msgs) StdoutLine: {'line': b'-- Up-to-date: /home/mustardking/ws_sensor_combined/install/px4_msgs/include/px4_msgs/px4_msgs/msg/detail/mount_orientation__builder.hpp\n'}
[1.514164] (px4_msgs) StdoutLine: {'line': b'-- Up-to-date: /home/mustardking/ws_sensor_combined/install/px4_msgs/include/px4_msgs/px4_msgs/msg/detail/tiltrotor_extra_controls__struct.hpp\n'}
[1.514186] (px4_msgs) StdoutLine: {'line': b'-- Up-to-date: /home/mustardking/ws_sensor_combined/install/px4_msgs/include/px4_msgs/px4_msgs/msg/detail/gimbal_manager_status__traits.hpp\n'}
[1.514207] (px4_msgs) StdoutLine: {'line': b'-- Up-to-date: /home/mustardking/ws_sensor_combined/install/px4_msgs/include/px4_msgs/px4_msgs/msg/detail/obstacle_distance__type_support.hpp\n'}
[1.514229] (px4_msgs) StdoutLine: {'line': b'-- Up-to-date: /home/mustardking/ws_sensor_combined/install/px4_msgs/include/px4_msgs/px4_msgs/msg/detail/uavcan_parameter_value__builder.hpp\n'}
[1.514251] (px4_msgs) StdoutLine: {'line': b'-- Up-to-date: /home/mustardking/ws_sensor_combined/install/px4_msgs/include/px4_msgs/px4_msgs/msg/detail/vehicle_air_data__type_support.hpp\n'}
[1.514279] (px4_msgs) StdoutLine: {'line': b'-- Up-to-date: /home/mustardking/ws_sensor_combined/install/px4_msgs/include/px4_msgs/px4_msgs/msg/detail/event__type_support.hpp\n'}
[1.514321] (px4_msgs) StdoutLine: {'line': b'-- Up-to-date: /home/mustardking/ws_sensor_combined/install/px4_msgs/include/px4_msgs/px4_msgs/msg/detail/camera_status__builder.hpp\n'}
[1.514352] (px4_msgs) StdoutLine: {'line': b'-- Up-to-date: /home/mustardking/ws_sensor_combined/install/px4_msgs/include/px4_msgs/px4_msgs/msg/detail/normalized_unsigned_setpoint__builder.hpp\n'}
[1.514384] (px4_msgs) StdoutLine: {'line': b'-- Up-to-date: /home/mustardking/ws_sensor_combined/install/px4_msgs/include/px4_msgs/px4_msgs/msg/detail/vehicle_attitude_setpoint__traits.hpp\n'}
[1.514421] (px4_msgs) StdoutLine: {'line': b'-- Up-to-date: /home/mustardking/ws_sensor_combined/install/px4_msgs/include/px4_msgs/px4_msgs/msg/detail/hover_thrust_estimate__builder.hpp\n'}
[1.514459] (px4_msgs) StdoutLine: {'line': b'-- Up-to-date: /home/mustardking/ws_sensor_combined/install/px4_msgs/include/px4_msgs/px4_msgs/msg/detail/estimator_innovations__type_support.hpp\n'}
[1.514495] (px4_msgs) StdoutLine: {'line': b'-- Up-to-date: /home/mustardking/ws_sensor_combined/install/px4_msgs/include/px4_msgs/px4_msgs/msg/detail/ulog_stream__traits.hpp\n'}
[1.514533] (px4_msgs) StdoutLine: {'line': b'-- Up-to-date: /home/mustardking/ws_sensor_combined/install/px4_msgs/include/px4_msgs/px4_msgs/msg/detail/mission_result__traits.hpp\n'}
[1.514570] (px4_msgs) StdoutLine: {'line': b'-- Up-to-date: /home/mustardking/ws_sensor_combined/install/px4_msgs/include/px4_msgs/px4_msgs/msg/detail/sensor_mag__traits.hpp\n'}
[1.514607] (px4_msgs) StdoutLine: {'line': b'-- Up-to-date: /home/mustardking/ws_sensor_combined/install/px4_msgs/include/px4_msgs/px4_msgs/msg/detail/parameter_set_value_response__traits.hpp\n'}
[1.514644] (px4_msgs) StdoutLine: {'line': b'-- Up-to-date: /home/mustardking/ws_sensor_combined/install/px4_msgs/include/px4_msgs/px4_msgs/msg/detail/arming_check_reply__traits.hpp\n'}
[1.514681] (px4_msgs) StdoutLine: {'line': b'-- Up-to-date: /home/mustardking/ws_sensor_combined/install/px4_msgs/include/px4_msgs/px4_msgs/msg/detail/failure_detector_status__struct.hpp\n'}
[1.514718] (px4_msgs) StdoutLine: {'line': b'-- Up-to-date: /home/mustardking/ws_sensor_combined/install/px4_msgs/include/px4_msgs/px4_msgs/msg/detail/estimator_aid_source1d__builder.hpp\n'}
[1.514756] (px4_msgs) StdoutLine: {'line': b'-- Up-to-date: /home/mustardking/ws_sensor_combined/install/px4_msgs/include/px4_msgs/px4_msgs/msg/detail/esc_status__type_support.hpp\n'}
[1.514793] (px4_msgs) StdoutLine: {'line': b'-- Up-to-date: /home/mustardking/ws_sensor_combined/install/px4_msgs/include/px4_msgs/px4_msgs/msg/detail/vehicle_air_data__builder.hpp\n'}
[1.514830] (px4_msgs) StdoutLine: {'line': b'-- Up-to-date: /home/mustardking/ws_sensor_combined/install/px4_msgs/include/px4_msgs/px4_msgs/msg/detail/gps_dump__builder.hpp\n'}
[1.514868] (px4_msgs) StdoutLine: {'line': b'-- Up-to-date: /home/mustardking/ws_sensor_combined/install/px4_msgs/include/px4_msgs/px4_msgs/msg/detail/radio_status__traits.hpp\n'}
[1.514906] (px4_msgs) StdoutLine: {'line': b'-- Up-to-date: /home/mustardking/ws_sensor_combined/install/px4_msgs/include/px4_msgs/px4_msgs/msg/detail/mavlink_log__struct.hpp\n'}
[1.514942] (px4_msgs) StdoutLine: {'line': b'-- Up-to-date: /home/mustardking/ws_sensor_combined/install/px4_msgs/include/px4_msgs/px4_msgs/msg/detail/rover_steering_setpoint__builder.hpp\n'}
[1.514980] (px4_msgs) StdoutLine: {'line': b'-- Up-to-date: /home/mustardking/ws_sensor_combined/install/px4_msgs/include/px4_msgs/px4_msgs/msg/detail/wheel_encoders__builder.hpp\n'}
[1.515015] (px4_msgs) StdoutLine: {'line': b'-- Up-to-date: /home/mustardking/ws_sensor_combined/install/px4_msgs/include/px4_msgs/px4_msgs/msg/detail/sensor_correction__traits.hpp\n'}
[1.515057] (px4_msgs) StdoutLine: {'line': b'-- Up-to-date: /home/mustardking/ws_sensor_combined/install/px4_msgs/include/px4_msgs/px4_msgs/msg/detail/geofence_result__traits.hpp\n'}
[1.515079] (px4_msgs) StdoutLine: {'line': b'-- Up-to-date: /home/mustardking/ws_sensor_combined/install/px4_msgs/include/px4_msgs/px4_msgs/msg/detail/debug_array__struct.hpp\n'}
[1.515127] (px4_msgs) StdoutLine: {'line': b'-- Up-to-date: /home/mustardking/ws_sensor_combined/install/px4_msgs/include/px4_msgs/px4_msgs/msg/detail/sensor_uwb__traits.hpp\n'}
[1.515150] (px4_msgs) StdoutLine: {'line': b'-- Up-to-date: /home/mustardking/ws_sensor_combined/install/px4_msgs/include/px4_msgs/px4_msgs/msg/detail/follow_target_estimator__builder.hpp\n'}
[1.515229] (px4_msgs) StdoutLine: {'line': b'-- Up-to-date: /home/mustardking/ws_sensor_combined/install/px4_msgs/include/px4_msgs/px4_msgs/msg/detail/ulog_stream__type_support.hpp\n'}
[1.515336] (px4_msgs) StdoutLine: {'line': b'-- Up-to-date: /home/mustardking/ws_sensor_combined/install/px4_msgs/include/px4_msgs/px4_msgs/msg/detail/vehicle_control_mode__type_support.hpp\n'}
[1.515362] (px4_msgs) StdoutLine: {'line': b'-- Up-to-date: /home/mustardking/ws_sensor_combined/install/px4_msgs/include/px4_msgs/px4_msgs/msg/detail/actuator_armed__struct.hpp\n'}
[1.515384] (px4_msgs) StdoutLine: {'line': b'-- Up-to-date: /home/mustardking/ws_sensor_combined/install/px4_msgs/include/px4_msgs/px4_msgs/msg/detail/sensor_optical_flow__struct.hpp\n'}
[1.515405] (px4_msgs) StdoutLine: {'line': b'-- Up-to-date: /home/mustardking/ws_sensor_combined/install/px4_msgs/include/px4_msgs/px4_msgs/msg/detail/rate_ctrl_status__builder.hpp\n'}
[1.515427] (px4_msgs) StdoutLine: {'line': b'-- Up-to-date: /home/mustardking/ws_sensor_combined/install/px4_msgs/include/px4_msgs/px4_msgs/msg/detail/estimator_aid_source3d__struct.hpp\n'}
[1.515448] (px4_msgs) StdoutLine: {'line': b'-- Up-to-date: /home/mustardking/ws_sensor_combined/install/px4_msgs/include/px4_msgs/px4_msgs/msg/detail/failure_detector_status__traits.hpp\n'}
[1.515470] (px4_msgs) StdoutLine: {'line': b'-- Up-to-date: /home/mustardking/ws_sensor_combined/install/px4_msgs/include/px4_msgs/px4_msgs/msg/detail/landing_gear_wheel__type_support.hpp\n'}
[1.515492] (px4_msgs) StdoutLine: {'line': b'-- Up-to-date: /home/mustardking/ws_sensor_combined/install/px4_msgs/include/px4_msgs/px4_msgs/msg/detail/launch_detection_status__struct.hpp\n'}
[1.515520] (px4_msgs) StdoutLine: {'line': b'-- Up-to-date: /home/mustardking/ws_sensor_combined/install/px4_msgs/include/px4_msgs/px4_msgs/msg/detail/estimator_status_flags__builder.hpp\n'}
[1.515551] (px4_msgs) StdoutLine: {'line': b'-- Up-to-date: /home/mustardking/ws_sensor_combined/install/px4_msgs/include/px4_msgs/px4_msgs/msg/detail/position_controller_landing_status__traits.hpp\n'}
[1.515599] (px4_msgs) StdoutLine: {'line': b'-- Up-to-date: /home/mustardking/ws_sensor_combined/install/px4_msgs/include/px4_msgs/px4_msgs/msg/detail/estimator_aid_source2d__type_support.hpp\n'}
[1.515628] (px4_msgs) StdoutLine: {'line': b'-- Up-to-date: /home/mustardking/ws_sensor_combined/install/px4_msgs/include/px4_msgs/px4_msgs/msg/detail/wind__traits.hpp\n'}
[1.515666] (px4_msgs) StdoutLine: {'line': b'-- Up-to-date: /home/mustardking/ws_sensor_combined/install/px4_msgs/include/px4_msgs/px4_msgs/msg/detail/sensor_baro__type_support.hpp\n'}
[1.515703] (px4_msgs) StdoutLine: {'line': b'-- Up-to-date: /home/mustardking/ws_sensor_combined/install/px4_msgs/include/px4_msgs/px4_msgs/msg/detail/parameter_set_used_request__struct.hpp\n'}
[1.515748] (px4_msgs) StdoutLine: {'line': b'-- Up-to-date: /home/mustardking/ws_sensor_combined/install/px4_msgs/include/px4_msgs/px4_msgs/msg/detail/gpio_in__builder.hpp\n'}
[1.515814] (px4_msgs) StdoutLine: {'line': b'-- Up-to-date: /home/mustardking/ws_sensor_combined/install/px4_msgs/include/px4_msgs/px4_msgs/msg/detail/mavlink_tunnel__type_support.hpp\n'}
[1.515880] (px4_msgs) StdoutLine: {'line': b'-- Up-to-date: /home/mustardking/ws_sensor_combined/install/px4_msgs/include/px4_msgs/px4_msgs/msg/detail/follow_target_estimator__struct.hpp\n'}
[1.515922] (px4_msgs) StdoutLine: {'line': b'-- Up-to-date: /home/mustardking/ws_sensor_combined/install/px4_msgs/include/px4_msgs/px4_msgs/msg/detail/pps_capture__builder.hpp\n'}
[1.515974] (px4_msgs) StdoutLine: {'line': b'-- Up-to-date: /home/mustardking/ws_sensor_combined/install/px4_msgs/include/px4_msgs/px4_msgs/msg/detail/wheel_encoders__struct.hpp\n'}
[1.516003] (px4_msgs) StdoutLine: {'line': b'-- Up-to-date: /home/mustardking/ws_sensor_combined/install/px4_msgs/include/px4_msgs/px4_msgs/msg/detail/register_ext_component_request__builder.hpp\n'}
[1.516081] (px4_msgs) StdoutLine: {'line': b'-- Up-to-date: /home/mustardking/ws_sensor_combined/install/px4_msgs/include/px4_msgs/px4_msgs/msg/detail/distance_sensor__traits.hpp\n'}
[1.516139] (px4_msgs) StdoutLine: {'line': b'-- Up-to-date: /home/mustardking/ws_sensor_combined/install/px4_msgs/include/px4_msgs/px4_msgs/msg/detail/manual_control_setpoint__type_support.hpp\n'}
[1.516176] (px4_msgs) StdoutLine: {'line': b'-- Up-to-date: /home/mustardking/ws_sensor_combined/install/px4_msgs/include/px4_msgs/px4_msgs/msg/detail/fixed_wing_lateral_guidance_status__traits.hpp\n'}
[1.516205] (px4_msgs) StdoutLine: {'line': b'-- Up-to-date: /home/mustardking/ws_sensor_combined/install/px4_msgs/include/px4_msgs/px4_msgs/msg/detail/debug_value__type_support.hpp\n'}
[1.516267] (px4_msgs) StdoutLine: {'line': b'-- Up-to-date: /home/mustardking/ws_sensor_combined/install/px4_msgs/include/px4_msgs/px4_msgs/msg/detail/debug_value__struct.hpp\n'}
[1.516301] (px4_msgs) StdoutLine: {'line': b'-- Up-to-date: /home/mustardking/ws_sensor_combined/install/px4_msgs/include/px4_msgs/px4_msgs/msg/detail/actuator_servos_trim__struct.hpp\n'}
[1.516339] (px4_msgs) StdoutLine: {'line': b'-- Up-to-date: /home/mustardking/ws_sensor_combined/install/px4_msgs/include/px4_msgs/px4_msgs/msg/detail/estimator_status_flags__traits.hpp\n'}
[1.516386] (px4_msgs) StdoutLine: {'line': b'-- Up-to-date: /home/mustardking/ws_sensor_combined/install/px4_msgs/include/px4_msgs/px4_msgs/msg/detail/estimator_sensor_bias__struct.hpp\n'}
[1.516449] (px4_msgs) StdoutLine: {'line': b'-- Up-to-date: /home/mustardking/ws_sensor_combined/install/px4_msgs/include/px4_msgs/px4_msgs/msg/detail/gps_dump__struct.hpp\n'}
[1.516504] (px4_msgs) StdoutLine: {'line': b'-- Up-to-date: /home/mustardking/ws_sensor_combined/install/px4_msgs/include/px4_msgs/px4_msgs/msg/detail/pwm_input__type_support.hpp\n'}
[1.516527] (px4_msgs) StdoutLine: {'line': b'-- Up-to-date: /home/mustardking/ws_sensor_combined/install/px4_msgs/include/px4_msgs/px4_msgs/msg/detail/trajectory_setpoint__builder.hpp\n'}
[1.516566] (px4_msgs) StdoutLine: {'line': b'-- Up-to-date: /home/mustardking/ws_sensor_combined/install/px4_msgs/include/px4_msgs/px4_msgs/msg/detail/transponder_report__traits.hpp\n'}
[1.516613] (px4_msgs) StdoutLine: {'line': b'-- Up-to-date: /home/mustardking/ws_sensor_combined/install/px4_msgs/include/px4_msgs/px4_msgs/msg/detail/geofence_status__type_support.hpp\n'}
[1.516656] (px4_msgs) StdoutLine: {'line': b'-- Up-to-date: /home/mustardking/ws_sensor_combined/install/px4_msgs/include/px4_msgs/px4_msgs/msg/detail/system_power__type_support.hpp\n'}
[1.516694] (px4_msgs) StdoutLine: {'line': b'-- Up-to-date: /home/mustardking/ws_sensor_combined/install/px4_msgs/include/px4_msgs/px4_msgs/msg/detail/vehicle_command__traits.hpp\n'}
[1.516756] (px4_msgs) StdoutLine: {'line': b'-- Up-to-date: /home/mustardking/ws_sensor_combined/install/px4_msgs/include/px4_msgs/px4_msgs/msg/detail/vehicle_local_position__type_support.hpp\n'}
[1.516785] (px4_msgs) StdoutLine: {'line': b'-- Up-to-date: /home/mustardking/ws_sensor_combined/install/px4_msgs/include/px4_msgs/px4_msgs/msg/detail/power_monitor__struct.hpp\n'}
[1.516844] (px4_msgs) StdoutLine: {'line': b'-- Up-to-date: /home/mustardking/ws_sensor_combined/install/px4_msgs/include/px4_msgs/px4_msgs/msg/detail/fixed_wing_lateral_setpoint__struct.hpp\n'}
[1.516872] (px4_msgs) StdoutLine: {'line': b'-- Up-to-date: /home/mustardking/ws_sensor_combined/install/px4_msgs/include/px4_msgs/px4_msgs/msg/detail/sensor_preflight_mag__struct.hpp\n'}
[1.516906] (px4_msgs) StdoutLine: {'line': b'-- Up-to-date: /home/mustardking/ws_sensor_combined/install/px4_msgs/include/px4_msgs/px4_msgs/msg/detail/system_power__traits.hpp\n'}
[1.516966] (px4_msgs) StdoutLine: {'line': b'-- Up-to-date: /home/mustardking/ws_sensor_combined/install/px4_msgs/include/px4_msgs/px4_msgs/msg/detail/flight_phase_estimation__builder.hpp\n'}
[1.517032] (px4_msgs) StdoutLine: {'line': b'-- Up-to-date: /home/mustardking/ws_sensor_combined/install/px4_msgs/include/px4_msgs/px4_msgs/msg/detail/rover_speed_setpoint__struct.hpp\n'}
[1.517069] (px4_msgs) StdoutLine: {'line': b'-- Up-to-date: /home/mustardking/ws_sensor_combined/install/px4_msgs/include/px4_msgs/px4_msgs/msg/detail/button_event__struct.hpp\n'}
[1.517129] (px4_msgs) StdoutLine: {'line': b'-- Up-to-date: /home/mustardking/ws_sensor_combined/install/px4_msgs/include/px4_msgs/px4_msgs/msg/detail/estimator_bias3d__struct.hpp\n'}
[1.517165] (px4_msgs) StdoutLine: {'line': b'-- Up-to-date: /home/mustardking/ws_sensor_combined/install/px4_msgs/include/px4_msgs/px4_msgs/msg/detail/timesync_status__traits.hpp\n'}
[1.517202] (px4_msgs) StdoutLine: {'line': b'-- Up-to-date: /home/mustardking/ws_sensor_combined/install/px4_msgs/include/px4_msgs/px4_msgs/msg/detail/button_event__type_support.hpp\n'}
[1.517241] (px4_msgs) StdoutLine: {'line': b'-- Up-to-date: /home/mustardking/ws_sensor_combined/install/px4_msgs/include/px4_msgs/px4_msgs/msg/detail/adc_report__traits.hpp\n'}
[1.517270] (px4_msgs) StdoutLine: {'line': b'-- Up-to-date: /home/mustardking/ws_sensor_combined/install/px4_msgs/include/px4_msgs/px4_msgs/msg/detail/estimator_aid_source1d__traits.hpp\n'}
[1.517307] (px4_msgs) StdoutLine: {'line': b'-- Up-to-date: /home/mustardking/ws_sensor_combined/install/px4_msgs/include/px4_msgs/px4_msgs/msg/detail/vehicle_imu_status__builder.hpp\n'}
[1.517342] (px4_msgs) StdoutLine: {'line': b'-- Up-to-date: /home/mustardking/ws_sensor_combined/install/px4_msgs/include/px4_msgs/px4_msgs/msg/detail/position_setpoint_triplet__type_support.hpp\n'}
[1.517405] (px4_msgs) StdoutLine: {'line': b'-- Up-to-date: /home/mustardking/ws_sensor_combined/install/px4_msgs/include/px4_msgs/px4_msgs/msg/detail/gps_inject_data__type_support.hpp\n'}
[1.517451] (px4_msgs) StdoutLine: {'line': b'-- Up-to-date: /home/mustardking/ws_sensor_combined/install/px4_msgs/include/px4_msgs/px4_msgs/msg/detail/task_stack_info__traits.hpp\n'}
[1.517490] (px4_msgs) StdoutLine: {'line': b'-- Up-to-date: /home/mustardking/ws_sensor_combined/install/px4_msgs/include/px4_msgs/px4_msgs/msg/detail/open_drone_id_system__traits.hpp\n'}
[1.517519] (px4_msgs) StdoutLine: {'line': b'-- Up-to-date: /home/mustardking/ws_sensor_combined/install/px4_msgs/include/px4_msgs/px4_msgs/msg/detail/uavcan_parameter_request__builder.hpp\n'}
[1.517553] (px4_msgs) StdoutLine: {'line': b'-- Up-to-date: /home/mustardking/ws_sensor_combined/install/px4_msgs/include/px4_msgs/px4_msgs/msg/detail/dataman_request__type_support.hpp\n'}
[1.517620] (px4_msgs) StdoutLine: {'line': b'-- Up-to-date: /home/mustardking/ws_sensor_combined/install/px4_msgs/include/px4_msgs/px4_msgs/msg/detail/rover_speed_setpoint__builder.hpp\n'}
[1.517644] (px4_msgs) StdoutLine: {'line': b'-- Up-to-date: /home/mustardking/ws_sensor_combined/install/px4_msgs/include/px4_msgs/px4_msgs/msg/detail/cpuload__builder.hpp\n'}
[1.517668] (px4_msgs) StdoutLine: {'line': b'-- Up-to-date: /home/mustardking/ws_sensor_combined/install/px4_msgs/include/px4_msgs/px4_msgs/msg/detail/vehicle_air_data__traits.hpp\n'}
[1.517734] (px4_msgs) StdoutLine: {'line': b'-- Up-to-date: /home/mustardking/ws_sensor_combined/install/px4_msgs/include/px4_msgs/px4_msgs/msg/detail/airspeed__traits.hpp\n'}
[1.517796] (px4_msgs) StdoutLine: {'line': b'-- Up-to-date: /home/mustardking/ws_sensor_combined/install/px4_msgs/include/px4_msgs/px4_msgs/msg/detail/distance_sensor_mode_change_request__traits.hpp\n'}
[1.517831] (px4_msgs) StdoutLine: {'line': b'-- Up-to-date: /home/mustardking/ws_sensor_combined/install/px4_msgs/include/px4_msgs/px4_msgs/msg/detail/sensor_combined__traits.hpp\n'}
[1.517883] (px4_msgs) StdoutLine: {'line': b'-- Up-to-date: /home/mustardking/ws_sensor_combined/install/px4_msgs/include/px4_msgs/px4_msgs/msg/detail/longitudinal_control_configuration__struct.hpp\n'}
[1.517922] (px4_msgs) StdoutLine: {'line': b'-- Up-to-date: /home/mustardking/ws_sensor_combined/install/px4_msgs/include/px4_msgs/px4_msgs/msg/detail/normalized_unsigned_setpoint__traits.hpp\n'}
[1.517966] (px4_msgs) StdoutLine: {'line': b'-- Up-to-date: /home/mustardking/ws_sensor_combined/install/px4_msgs/include/px4_msgs/px4_msgs/msg/detail/sensors_status__struct.hpp\n'}
[1.518000] (px4_msgs) StdoutLine: {'line': b'-- Up-to-date: /home/mustardking/ws_sensor_combined/install/px4_msgs/include/px4_msgs/px4_msgs/msg/detail/rover_steering_setpoint__traits.hpp\n'}
[1.518029] (px4_msgs) StdoutLine: {'line': b'-- Up-to-date: /home/mustardking/ws_sensor_combined/install/px4_msgs/include/px4_msgs/px4_msgs/msg/detail/open_drone_id_operator_id__builder.hpp\n'}
[1.518063] (px4_msgs) StdoutLine: {'line': b'-- Up-to-date: /home/mustardking/ws_sensor_combined/install/px4_msgs/include/px4_msgs/px4_msgs/msg/detail/rover_steering_setpoint__struct.hpp\n'}
[1.518098] (px4_msgs) StdoutLine: {'line': b'-- Up-to-date: /home/mustardking/ws_sensor_combined/install/px4_msgs/include/px4_msgs/px4_msgs/msg/detail/px4io_status__builder.hpp\n'}
[1.518133] (px4_msgs) StdoutLine: {'line': b'-- Up-to-date: /home/mustardking/ws_sensor_combined/install/px4_msgs/include/px4_msgs/px4_msgs/msg/detail/landing_gear__type_support.hpp\n'}
[1.518165] (px4_msgs) StdoutLine: {'line': b'-- Up-to-date: /home/mustardking/ws_sensor_combined/install/px4_msgs/include/px4_msgs/px4_msgs/msg/detail/sensor_baro__builder.hpp\n'}
[1.518205] (px4_msgs) StdoutLine: {'line': b'-- Up-to-date: /home/mustardking/ws_sensor_combined/install/px4_msgs/include/px4_msgs/px4_msgs/msg/detail/gimbal_manager_set_attitude__traits.hpp\n'}
[1.518273] (px4_msgs) StdoutLine: {'line': b'-- Up-to-date: /home/mustardking/ws_sensor_combined/install/px4_msgs/include/px4_msgs/px4_msgs/msg/detail/tune_control__builder.hpp\n'}
[1.518301] (px4_msgs) StdoutLine: {'line': b'-- Up-to-date: /home/mustardking/ws_sensor_combined/install/px4_msgs/include/px4_msgs/px4_msgs/msg/detail/airspeed_validated__builder.hpp\n'}
[1.518330] (px4_msgs) StdoutLine: {'line': b'-- Up-to-date: /home/mustardking/ws_sensor_combined/install/px4_msgs/include/px4_msgs/px4_msgs/msg/detail/camera_trigger__traits.hpp\n'}
[1.518358] (px4_msgs) StdoutLine: {'line': b'-- Up-to-date: /home/mustardking/ws_sensor_combined/install/px4_msgs/include/px4_msgs/px4_msgs/msg/detail/manual_control_setpoint__traits.hpp\n'}
[1.518402] (px4_msgs) StdoutLine: {'line': b'-- Up-to-date: /home/mustardking/ws_sensor_combined/install/px4_msgs/include/px4_msgs/px4_msgs/msg/detail/rover_attitude_status__type_support.hpp\n'}
[1.518435] (px4_msgs) StdoutLine: {'line': b'-- Up-to-date: /home/mustardking/ws_sensor_combined/install/px4_msgs/include/px4_msgs/px4_msgs/msg/detail/transponder_report__type_support.hpp\n'}
[1.518465] (px4_msgs) StdoutLine: {'line': b'-- Up-to-date: /home/mustardking/ws_sensor_combined/install/px4_msgs/include/px4_msgs/px4_msgs/msg/detail/esc_status__struct.hpp\n'}
[1.518499] (px4_msgs) StdoutLine: {'line': b'-- Up-to-date: /home/mustardking/ws_sensor_combined/install/px4_msgs/include/px4_msgs/px4_msgs/msg/detail/ping__struct.hpp\n'}
[1.518589] (px4_msgs) StdoutLine: {'line': b'-- Up-to-date: /home/mustardking/ws_sensor_combined/install/px4_msgs/include/px4_msgs/px4_msgs/msg/detail/ekf2_timestamps__type_support.hpp\n'}
[1.518624] (px4_msgs) StdoutLine: {'line': b'-- Up-to-date: /home/mustardking/ws_sensor_combined/install/px4_msgs/include/px4_msgs/px4_msgs/msg/detail/vehicle_global_position__builder.hpp\n'}
[1.518653] (px4_msgs) StdoutLine: {'line': b'-- Up-to-date: /home/mustardking/ws_sensor_combined/install/px4_msgs/include/px4_msgs/px4_msgs\n'}
[1.518681] (px4_msgs) StdoutLine: {'line': b'-- Up-to-date: /home/mustardking/ws_sensor_combined/install/px4_msgs/include/px4_msgs/px4_msgs/srv\n'}
[1.518710] (px4_msgs) StdoutLine: {'line': b'-- Up-to-date: /home/mustardking/ws_sensor_combined/install/px4_msgs/include/px4_msgs/px4_msgs/srv/detail\n'}
[1.518764] (px4_msgs) StdoutLine: {'line': b'-- Up-to-date: /home/mustardking/ws_sensor_combined/install/px4_msgs/include/px4_msgs/px4_msgs/srv/detail/vehicle_command__rosidl_typesupport_fastrtps_cpp.hpp\n'}
[1.518794] (px4_msgs) StdoutLine: {'line': b'-- Up-to-date: /home/mustardking/ws_sensor_combined/install/px4_msgs/include/px4_msgs/px4_msgs/srv/detail/dds_fastrtps\n'}
[1.518823] (px4_msgs) StdoutLine: {'line': b'-- Up-to-date: /home/mustardking/ws_sensor_combined/install/px4_msgs/include/px4_msgs/px4_msgs/msg\n'}
[1.518857] (px4_msgs) StdoutLine: {'line': b'-- Up-to-date: /home/mustardking/ws_sensor_combined/install/px4_msgs/include/px4_msgs/px4_msgs/msg/rosidl_typesupport_fastrtps_cpp__visibility_control.h\n'}
[1.518891] (px4_msgs) StdoutLine: {'line': b'-- Up-to-date: /home/mustardking/ws_sensor_combined/install/px4_msgs/include/px4_msgs/px4_msgs/msg/detail\n'}
[1.518955] (px4_msgs) StdoutLine: {'line': b'-- Up-to-date: /home/mustardking/ws_sensor_combined/install/px4_msgs/include/px4_msgs/px4_msgs/msg/detail/parameter_set_value_response__rosidl_typesupport_fastrtps_cpp.hpp\n'}
[1.518978] (px4_msgs) StdoutLine: {'line': b'-- Up-to-date: /home/mustardking/ws_sensor_combined/install/px4_msgs/include/px4_msgs/px4_msgs/msg/detail/sensor_gps__rosidl_typesupport_fastrtps_cpp.hpp\n'}
[1.519001] (px4_msgs) StdoutLine: {'line': b'-- Up-to-date: /home/mustardking/ws_sensor_combined/install/px4_msgs/include/px4_msgs/px4_msgs/msg/detail/adc_report__rosidl_typesupport_fastrtps_cpp.hpp\n'}
[1.519023] (px4_msgs) StdoutLine: {'line': b'-- Up-to-date: /home/mustardking/ws_sensor_combined/install/px4_msgs/include/px4_msgs/px4_msgs/msg/detail/rtl_status__rosidl_typesupport_fastrtps_cpp.hpp\n'}
[1.519045] (px4_msgs) StdoutLine: {'line': b'-- Up-to-date: /home/mustardking/ws_sensor_combined/install/px4_msgs/include/px4_msgs/px4_msgs/msg/detail/power_button_state__rosidl_typesupport_fastrtps_cpp.hpp\n'}
[1.519067] (px4_msgs) StdoutLine: {'line': b'-- Up-to-date: /home/mustardking/ws_sensor_combined/install/px4_msgs/include/px4_msgs/px4_msgs/msg/detail/normalized_unsigned_setpoint__rosidl_typesupport_fastrtps_cpp.hpp\n'}
[1.519089] (px4_msgs) StdoutLine: {'line': b'-- Up-to-date: /home/mustardking/ws_sensor_combined/install/px4_msgs/include/px4_msgs/px4_msgs/msg/detail/rover_speed_setpoint__rosidl_typesupport_fastrtps_cpp.hpp\n'}
[1.519111] (-) TimerEvent: {}
[1.519179] (px4_msgs) StdoutLine: {'line': b'-- Up-to-date: /home/mustardking/ws_sensor_combined/install/px4_msgs/include/px4_msgs/px4_msgs/msg/detail/rc_channels__rosidl_typesupport_fastrtps_cpp.hpp\n'}
[1.519220] (px4_msgs) StdoutLine: {'line': b'-- Up-to-date: /home/mustardking/ws_sensor_combined/install/px4_msgs/include/px4_msgs/px4_msgs/msg/detail/gimbal_manager_status__rosidl_typesupport_fastrtps_cpp.hpp\n'}
[1.519321] (px4_msgs) StdoutLine: {'line': b'-- Up-to-date: /home/mustardking/ws_sensor_combined/install/px4_msgs/include/px4_msgs/px4_msgs/msg/detail/sensor_gnss_status__rosidl_typesupport_fastrtps_cpp.hpp\n'}
[1.519360] (px4_msgs) StdoutLine: {'line': b'-- Up-to-date: /home/mustardking/ws_sensor_combined/install/px4_msgs/include/px4_msgs/px4_msgs/msg/detail/fixed_wing_lateral_setpoint__rosidl_typesupport_fastrtps_cpp.hpp\n'}
[1.519395] (px4_msgs) StdoutLine: {'line': b'-- Up-to-date: /home/mustardking/ws_sensor_combined/install/px4_msgs/include/px4_msgs/px4_msgs/msg/detail/landing_gear__rosidl_typesupport_fastrtps_cpp.hpp\n'}
[1.519437] (px4_msgs) StdoutLine: {'line': b'-- Up-to-date: /home/mustardking/ws_sensor_combined/install/px4_msgs/include/px4_msgs/px4_msgs/msg/detail/sensor_selection__rosidl_typesupport_fastrtps_cpp.hpp\n'}
[1.519471] (px4_msgs) StdoutLine: {'line': b'-- Up-to-date: /home/mustardking/ws_sensor_combined/install/px4_msgs/include/px4_msgs/px4_msgs/msg/detail/gimbal_controls__rosidl_typesupport_fastrtps_cpp.hpp\n'}
[1.519499] (px4_msgs) StdoutLine: {'line': b'-- Up-to-date: /home/mustardking/ws_sensor_combined/install/px4_msgs/include/px4_msgs/px4_msgs/msg/detail/follow_target_estimator__rosidl_typesupport_fastrtps_cpp.hpp\n'}
[1.519537] (px4_msgs) StdoutLine: {'line': b'-- Up-to-date: /home/mustardking/ws_sensor_combined/install/px4_msgs/include/px4_msgs/px4_msgs/msg/detail/wind__rosidl_typesupport_fastrtps_cpp.hpp\n'}
[1.519574] (px4_msgs) StdoutLine: {'line': b'-- Up-to-date: /home/mustardking/ws_sensor_combined/install/px4_msgs/include/px4_msgs/px4_msgs/msg/detail/message_format_response__rosidl_typesupport_fastrtps_cpp.hpp\n'}
[1.519611] (px4_msgs) StdoutLine: {'line': b'-- Up-to-date: /home/mustardking/ws_sensor_combined/install/px4_msgs/include/px4_msgs/px4_msgs/msg/detail/camera_status__rosidl_typesupport_fastrtps_cpp.hpp\n'}
[1.519663] (px4_msgs) StdoutLine: {'line': b'-- Up-to-date: /home/mustardking/ws_sensor_combined/install/px4_msgs/include/px4_msgs/px4_msgs/msg/detail/vehicle_constraints__rosidl_typesupport_fastrtps_cpp.hpp\n'}
[1.519686] (px4_msgs) StdoutLine: {'line': b'-- Up-to-date: /home/mustardking/ws_sensor_combined/install/px4_msgs/include/px4_msgs/px4_msgs/msg/detail/log_message__rosidl_typesupport_fastrtps_cpp.hpp\n'}
[1.519715] (px4_msgs) StdoutLine: {'line': b'-- Up-to-date: /home/mustardking/ws_sensor_combined/install/px4_msgs/include/px4_msgs/px4_msgs/msg/detail/distance_sensor_mode_change_request__rosidl_typesupport_fastrtps_cpp.hpp\n'}
[1.519747] (px4_msgs) StdoutLine: {'line': b'-- Up-to-date: /home/mustardking/ws_sensor_combined/install/px4_msgs/include/px4_msgs/px4_msgs/msg/detail/open_drone_id_operator_id__rosidl_typesupport_fastrtps_cpp.hpp\n'}
[1.519781] (px4_msgs) StdoutLine: {'line': b'-- Up-to-date: /home/mustardking/ws_sensor_combined/install/px4_msgs/include/px4_msgs/px4_msgs/msg/detail/gimbal_manager_set_manual_control__rosidl_typesupport_fastrtps_cpp.hpp\n'}
[1.519803] (px4_msgs) StdoutLine: {'line': b'-- Up-to-date: /home/mustardking/ws_sensor_combined/install/px4_msgs/include/px4_msgs/px4_msgs/msg/detail/config_overrides__rosidl_typesupport_fastrtps_cpp.hpp\n'}
[1.519826] (px4_msgs) StdoutLine: {'line': b'-- Up-to-date: /home/mustardking/ws_sensor_combined/install/px4_msgs/include/px4_msgs/px4_msgs/msg/detail/iridiumsbd_status__rosidl_typesupport_fastrtps_cpp.hpp\n'}
[1.519848] (px4_msgs) StdoutLine: {'line': b'-- Up-to-date: /home/mustardking/ws_sensor_combined/install/px4_msgs/include/px4_msgs/px4_msgs/msg/detail/parameter_update__rosidl_typesupport_fastrtps_cpp.hpp\n'}
[1.519870] (px4_msgs) StdoutLine: {'line': b'-- Up-to-date: /home/mustardking/ws_sensor_combined/install/px4_msgs/include/px4_msgs/px4_msgs/msg/detail/geofence_status__rosidl_typesupport_fastrtps_cpp.hpp\n'}
[1.519892] (px4_msgs) StdoutLine: {'line': b'-- Up-to-date: /home/mustardking/ws_sensor_combined/install/px4_msgs/include/px4_msgs/px4_msgs/msg/detail/estimator_aid_source3d__rosidl_typesupport_fastrtps_cpp.hpp\n'}
[1.519914] (px4_msgs) StdoutLine: {'line': b'-- Up-to-date: /home/mustardking/ws_sensor_combined/install/px4_msgs/include/px4_msgs/px4_msgs/msg/detail/pwm_input__rosidl_typesupport_fastrtps_cpp.hpp\n'}
[1.519937] (px4_msgs) StdoutLine: {'line': b'-- Up-to-date: /home/mustardking/ws_sensor_combined/install/px4_msgs/include/px4_msgs/px4_msgs/msg/detail/rpm__rosidl_typesupport_fastrtps_cpp.hpp\n'}
[1.519959] (px4_msgs) StdoutLine: {'line': b'-- Up-to-date: /home/mustardking/ws_sensor_combined/install/px4_msgs/include/px4_msgs/px4_msgs/msg/detail/pps_capture__rosidl_typesupport_fastrtps_cpp.hpp\n'}
[1.519981] (px4_msgs) StdoutLine: {'line': b'-- Up-to-date: /home/mustardking/ws_sensor_combined/install/px4_msgs/include/px4_msgs/px4_msgs/msg/detail/vehicle_land_detected__rosidl_typesupport_fastrtps_cpp.hpp\n'}
[1.520003] (px4_msgs) StdoutLine: {'line': b'-- Up-to-date: /home/mustardking/ws_sensor_combined/install/px4_msgs/include/px4_msgs/px4_msgs/msg/detail/vehicle_rates_setpoint__rosidl_typesupport_fastrtps_cpp.hpp\n'}
[1.520025] (px4_msgs) StdoutLine: {'line': b'-- Up-to-date: /home/mustardking/ws_sensor_combined/install/px4_msgs/include/px4_msgs/px4_msgs/msg/detail/lateral_control_configuration__rosidl_typesupport_fastrtps_cpp.hpp\n'}
[1.520047] (px4_msgs) StdoutLine: {'line': b'-- Up-to-date: /home/mustardking/ws_sensor_combined/install/px4_msgs/include/px4_msgs/px4_msgs/msg/detail/estimator_bias__rosidl_typesupport_fastrtps_cpp.hpp\n'}
[1.520069] (px4_msgs) StdoutLine: {'line': b'-- Up-to-date: /home/mustardking/ws_sensor_combined/install/px4_msgs/include/px4_msgs/px4_msgs/msg/detail/sensor_gyro_fifo__rosidl_typesupport_fastrtps_cpp.hpp\n'}
[1.520092] (px4_msgs) StdoutLine: {'line': b'-- Up-to-date: /home/mustardking/ws_sensor_combined/install/px4_msgs/include/px4_msgs/px4_msgs/msg/detail/can_interface_status__rosidl_typesupport_fastrtps_cpp.hpp\n'}
[1.520121] (px4_msgs) StdoutLine: {'line': b'-- Up-to-date: /home/mustardking/ws_sensor_combined/install/px4_msgs/include/px4_msgs/px4_msgs/msg/detail/actuator_armed__rosidl_typesupport_fastrtps_cpp.hpp\n'}
[1.520145] (px4_msgs) StdoutLine: {'line': b'-- Up-to-date: /home/mustardking/ws_sensor_combined/install/px4_msgs/include/px4_msgs/px4_msgs/msg/detail/sensor_combined__rosidl_typesupport_fastrtps_cpp.hpp\n'}
[1.520167] (px4_msgs) StdoutLine: {'line': b'-- Up-to-date: /home/mustardking/ws_sensor_combined/install/px4_msgs/include/px4_msgs/px4_msgs/msg/detail/vehicle_command__rosidl_typesupport_fastrtps_cpp.hpp\n'}
[1.520189] (px4_msgs) StdoutLine: {'line': b'-- Up-to-date: /home/mustardking/ws_sensor_combined/install/px4_msgs/include/px4_msgs/px4_msgs/msg/detail/launch_detection_status__rosidl_typesupport_fastrtps_cpp.hpp\n'}
[1.520211] (px4_msgs) StdoutLine: {'line': b'-- Up-to-date: /home/mustardking/ws_sensor_combined/install/px4_msgs/include/px4_msgs/px4_msgs/msg/detail/mission__rosidl_typesupport_fastrtps_cpp.hpp\n'}
[1.520233] (px4_msgs) StdoutLine: {'line': b'-- Up-to-date: /home/mustardking/ws_sensor_combined/install/px4_msgs/include/px4_msgs/px4_msgs/msg/detail/mode_completed__rosidl_typesupport_fastrtps_cpp.hpp\n'}
[1.520255] (px4_msgs) StdoutLine: {'line': b'-- Up-to-date: /home/mustardking/ws_sensor_combined/install/px4_msgs/include/px4_msgs/px4_msgs/msg/detail/sensor_airflow__rosidl_typesupport_fastrtps_cpp.hpp\n'}
[1.520277] (px4_msgs) StdoutLine: {'line': b'-- Up-to-date: /home/mustardking/ws_sensor_combined/install/px4_msgs/include/px4_msgs/px4_msgs/msg/detail/internal_combustion_engine_status__rosidl_typesupport_fastrtps_cpp.hpp\n'}
[1.520300] (px4_msgs) StdoutLine: {'line': b'-- Up-to-date: /home/mustardking/ws_sensor_combined/install/px4_msgs/include/px4_msgs/px4_msgs/msg/detail/actuator_servos__rosidl_typesupport_fastrtps_cpp.hpp\n'}
[1.520322] (px4_msgs) StdoutLine: {'line': b'-- Up-to-date: /home/mustardking/ws_sensor_combined/install/px4_msgs/include/px4_msgs/px4_msgs/msg/detail/internal_combustion_engine_control__rosidl_typesupport_fastrtps_cpp.hpp\n'}
[1.520346] (px4_msgs) StdoutLine: {'line': b'-- Up-to-date: /home/mustardking/ws_sensor_combined/install/px4_msgs/include/px4_msgs/px4_msgs/msg/detail/power_monitor__rosidl_typesupport_fastrtps_cpp.hpp\n'}
[1.520369] (px4_msgs) StdoutLine: {'line': b'-- Up-to-date: /home/mustardking/ws_sensor_combined/install/px4_msgs/include/px4_msgs/px4_msgs/msg/detail/follow_target__rosidl_typesupport_fastrtps_cpp.hpp\n'}
[1.520391] (px4_msgs) StdoutLine: {'line': b'-- Up-to-date: /home/mustardking/ws_sensor_combined/install/px4_msgs/include/px4_msgs/px4_msgs/msg/detail/mission_result__rosidl_typesupport_fastrtps_cpp.hpp\n'}
[1.520413] (px4_msgs) StdoutLine: {'line': b'-- Up-to-date: /home/mustardking/ws_sensor_combined/install/px4_msgs/include/px4_msgs/px4_msgs/msg/detail/tiltrotor_extra_controls__rosidl_typesupport_fastrtps_cpp.hpp\n'}
[1.520435] (px4_msgs) StdoutLine: {'line': b'-- Up-to-date: /home/mustardking/ws_sensor_combined/install/px4_msgs/include/px4_msgs/px4_msgs/msg/detail/transponder_report__rosidl_typesupport_fastrtps_cpp.hpp\n'}
[1.520458] (px4_msgs) StdoutLine: {'line': b'-- Up-to-date: /home/mustardking/ws_sensor_combined/install/px4_msgs/include/px4_msgs/px4_msgs/msg/detail/vehicle_imu_status__rosidl_typesupport_fastrtps_cpp.hpp\n'}
[1.520487] (px4_msgs) StdoutLine: {'line': b'-- Up-to-date: /home/mustardking/ws_sensor_combined/install/px4_msgs/include/px4_msgs/px4_msgs/msg/detail/home_position__rosidl_typesupport_fastrtps_cpp.hpp\n'}
[1.520511] (px4_msgs) StdoutLine: {'line': b'-- Up-to-date: /home/mustardking/ws_sensor_combined/install/px4_msgs/include/px4_msgs/px4_msgs/msg/detail/vehicle_roi__rosidl_typesupport_fastrtps_cpp.hpp\n'}
[1.520533] (px4_msgs) StdoutLine: {'line': b'-- Up-to-date: /home/mustardking/ws_sensor_combined/install/px4_msgs/include/px4_msgs/px4_msgs/msg/detail/camera_trigger__rosidl_typesupport_fastrtps_cpp.hpp\n'}
[1.520555] (px4_msgs) StdoutLine: {'line': b'-- Up-to-date: /home/mustardking/ws_sensor_combined/install/px4_msgs/include/px4_msgs/px4_msgs/msg/detail/gpio_in__rosidl_typesupport_fastrtps_cpp.hpp\n'}
[1.520577] (px4_msgs) StdoutLine: {'line': b'-- Up-to-date: /home/mustardking/ws_sensor_combined/install/px4_msgs/include/px4_msgs/px4_msgs/msg/detail/camera_capture__rosidl_typesupport_fastrtps_cpp.hpp\n'}
[1.520598] (px4_msgs) StdoutLine: {'line': b'-- Up-to-date: /home/mustardking/ws_sensor_combined/install/px4_msgs/include/px4_msgs/px4_msgs/msg/detail/open_drone_id_self_id__rosidl_typesupport_fastrtps_cpp.hpp\n'}
[1.520620] (px4_msgs) StdoutLine: {'line': b'-- Up-to-date: /home/mustardking/ws_sensor_combined/install/px4_msgs/include/px4_msgs/px4_msgs/msg/detail/flight_phase_estimation__rosidl_typesupport_fastrtps_cpp.hpp\n'}
[1.520642] (px4_msgs) StdoutLine: {'line': b'-- Up-to-date: /home/mustardking/ws_sensor_combined/install/px4_msgs/include/px4_msgs/px4_msgs/msg/detail/control_allocator_status__rosidl_typesupport_fastrtps_cpp.hpp\n'}
[1.520664] (px4_msgs) StdoutLine: {'line': b'-- Up-to-date: /home/mustardking/ws_sensor_combined/install/px4_msgs/include/px4_msgs/px4_msgs/msg/detail/button_event__rosidl_typesupport_fastrtps_cpp.hpp\n'}
[1.520685] (px4_msgs) StdoutLine: {'line': b'-- Up-to-date: /home/mustardking/ws_sensor_combined/install/px4_msgs/include/px4_msgs/px4_msgs/msg/detail/dronecan_node_status__rosidl_typesupport_fastrtps_cpp.hpp\n'}
[1.520707] (px4_msgs) StdoutLine: {'line': b'-- Up-to-date: /home/mustardking/ws_sensor_combined/install/px4_msgs/include/px4_msgs/px4_msgs/msg/detail/gimbal_manager_information__rosidl_typesupport_fastrtps_cpp.hpp\n'}
[1.520729] (px4_msgs) StdoutLine: {'line': b'-- Up-to-date: /home/mustardking/ws_sensor_combined/install/px4_msgs/include/px4_msgs/px4_msgs/msg/detail/rover_attitude_setpoint__rosidl_typesupport_fastrtps_cpp.hpp\n'}
[1.520751] (px4_msgs) StdoutLine: {'line': b'-- Up-to-date: /home/mustardking/ws_sensor_combined/install/px4_msgs/include/px4_msgs/px4_msgs/msg/detail/sensor_accel__rosidl_typesupport_fastrtps_cpp.hpp\n'}
[1.520773] (px4_msgs) StdoutLine: {'line': b'-- Up-to-date: /home/mustardking/ws_sensor_combined/install/px4_msgs/include/px4_msgs/px4_msgs/msg/detail/distance_sensor__rosidl_typesupport_fastrtps_cpp.hpp\n'}
[1.520794] (px4_msgs) StdoutLine: {'line': b'-- Up-to-date: /home/mustardking/ws_sensor_combined/install/px4_msgs/include/px4_msgs/px4_msgs/msg/detail/logger_status__rosidl_typesupport_fastrtps_cpp.hpp\n'}
[1.520818] (px4_msgs) StdoutLine: {'line': b'-- Up-to-date: /home/mustardking/ws_sensor_combined/install/px4_msgs/include/px4_msgs/px4_msgs/msg/detail/position_controller_status__rosidl_typesupport_fastrtps_cpp.hpp\n'}
[1.520845] (px4_msgs) StdoutLine: {'line': b'-- Up-to-date: /home/mustardking/ws_sensor_combined/install/px4_msgs/include/px4_msgs/px4_msgs/msg/detail/arming_check_reply__rosidl_typesupport_fastrtps_cpp.hpp\n'}
[1.520872] (px4_msgs) StdoutLine: {'line': b'-- Up-to-date: /home/mustardking/ws_sensor_combined/install/px4_msgs/include/px4_msgs/px4_msgs/msg/detail/mavlink_tunnel__rosidl_typesupport_fastrtps_cpp.hpp\n'}
[1.520894] (px4_msgs) StdoutLine: {'line': b'-- Up-to-date: /home/mustardking/ws_sensor_combined/install/px4_msgs/include/px4_msgs/px4_msgs/msg/detail/orb_test_large__rosidl_typesupport_fastrtps_cpp.hpp\n'}
[1.520918] (px4_msgs) StdoutLine: {'line': b'-- Up-to-date: /home/mustardking/ws_sensor_combined/install/px4_msgs/include/px4_msgs/px4_msgs/msg/detail/vehicle_command_ack__rosidl_typesupport_fastrtps_cpp.hpp\n'}
[1.520940] (px4_msgs) StdoutLine: {'line': b'-- Up-to-date: /home/mustardking/ws_sensor_combined/install/px4_msgs/include/px4_msgs/px4_msgs/msg/detail/estimator_states__rosidl_typesupport_fastrtps_cpp.hpp\n'}
[1.520962] (px4_msgs) StdoutLine: {'line': b'-- Up-to-date: /home/mustardking/ws_sensor_combined/install/px4_msgs/include/px4_msgs/px4_msgs/msg/detail/orb_test__rosidl_typesupport_fastrtps_cpp.hpp\n'}
[1.520984] (px4_msgs) StdoutLine: {'line': b'-- Up-to-date: /home/mustardking/ws_sensor_combined/install/px4_msgs/include/px4_msgs/px4_msgs/msg/detail/hover_thrust_estimate__rosidl_typesupport_fastrtps_cpp.hpp\n'}
[1.521006] (px4_msgs) StdoutLine: {'line': b'-- Up-to-date: /home/mustardking/ws_sensor_combined/install/px4_msgs/include/px4_msgs/px4_msgs/msg/detail/sensor_optical_flow__rosidl_typesupport_fastrtps_cpp.hpp\n'}
[1.521027] (px4_msgs) StdoutLine: {'line': b'-- Up-to-date: /home/mustardking/ws_sensor_combined/install/px4_msgs/include/px4_msgs/px4_msgs/msg/detail/pure_pursuit_status__rosidl_typesupport_fastrtps_cpp.hpp\n'}
[1.521049] (px4_msgs) StdoutLine: {'line': b'-- Up-to-date: /home/mustardking/ws_sensor_combined/install/px4_msgs/include/px4_msgs/px4_msgs/msg/detail/sensor_baro__rosidl_typesupport_fastrtps_cpp.hpp\n'}
[1.521072] (px4_msgs) StdoutLine: {'line': b'-- Up-to-date: /home/mustardking/ws_sensor_combined/install/px4_msgs/include/px4_msgs/px4_msgs/msg/detail/actuator_controls_status__rosidl_typesupport_fastrtps_cpp.hpp\n'}
[1.521093] (px4_msgs) StdoutLine: {'line': b'-- Up-to-date: /home/mustardking/ws_sensor_combined/install/px4_msgs/include/px4_msgs/px4_msgs/msg/detail/tecs_status__rosidl_typesupport_fastrtps_cpp.hpp\n'}
[1.521115] (px4_msgs) StdoutLine: {'line': b'-- Up-to-date: /home/mustardking/ws_sensor_combined/install/px4_msgs/include/px4_msgs/px4_msgs/msg/detail/sensor_correction__rosidl_typesupport_fastrtps_cpp.hpp\n'}
[1.521137] (px4_msgs) StdoutLine: {'line': b'-- Up-to-date: /home/mustardking/ws_sensor_combined/install/px4_msgs/include/px4_msgs/px4_msgs/msg/detail/sensor_gyro__rosidl_typesupport_fastrtps_cpp.hpp\n'}
[1.521159] (px4_msgs) StdoutLine: {'line': b'-- Up-to-date: /home/mustardking/ws_sensor_combined/install/px4_msgs/include/px4_msgs/px4_msgs/msg/detail/vehicle_global_position__rosidl_typesupport_fastrtps_cpp.hpp\n'}
[1.521181] (px4_msgs) StdoutLine: {'line': b'-- Up-to-date: /home/mustardking/ws_sensor_combined/install/px4_msgs/include/px4_msgs/px4_msgs/msg/detail/unregister_ext_component__rosidl_typesupport_fastrtps_cpp.hpp\n'}
[1.521207] (px4_msgs) StdoutLine: {'line': b'-- Up-to-date: /home/mustardking/ws_sensor_combined/install/px4_msgs/include/px4_msgs/px4_msgs/msg/detail/navigator_status__rosidl_typesupport_fastrtps_cpp.hpp\n'}
[1.521235] (px4_msgs) StdoutLine: {'line': b'-- Up-to-date: /home/mustardking/ws_sensor_combined/install/px4_msgs/include/px4_msgs/px4_msgs/msg/detail/neural_control__rosidl_typesupport_fastrtps_cpp.hpp\n'}
[1.521268] (px4_msgs) StdoutLine: {'line': b'-- Up-to-date: /home/mustardking/ws_sensor_combined/install/px4_msgs/include/px4_msgs/px4_msgs/msg/detail/landing_gear_wheel__rosidl_typesupport_fastrtps_cpp.hpp\n'}
[1.521290] (px4_msgs) StdoutLine: {'line': b'-- Up-to-date: /home/mustardking/ws_sensor_combined/install/px4_msgs/include/px4_msgs/px4_msgs/msg/detail/position_controller_landing_status__rosidl_typesupport_fastrtps_cpp.hpp\n'}
[1.521312] (px4_msgs) StdoutLine: {'line': b'-- Up-to-date: /home/mustardking/ws_sensor_combined/install/px4_msgs/include/px4_msgs/px4_msgs/msg/detail/estimator_selector_status__rosidl_typesupport_fastrtps_cpp.hpp\n'}
[1.521333] (px4_msgs) StdoutLine: {'line': b'-- Up-to-date: /home/mustardking/ws_sensor_combined/install/px4_msgs/include/px4_msgs/px4_msgs/msg/detail/orbit_status__rosidl_typesupport_fastrtps_cpp.hpp\n'}
[1.521356] (px4_msgs) StdoutLine: {'line': b'-- Up-to-date: /home/mustardking/ws_sensor_combined/install/px4_msgs/include/px4_msgs/px4_msgs/msg/detail/navigator_mission_item__rosidl_typesupport_fastrtps_cpp.hpp\n'}
[1.521378] (px4_msgs) StdoutLine: {'line': b'-- Up-to-date: /home/mustardking/ws_sensor_combined/install/px4_msgs/include/px4_msgs/px4_msgs/msg/detail/estimator_sensor_bias__rosidl_typesupport_fastrtps_cpp.hpp\n'}
[1.521402] (px4_msgs) StdoutLine: {'line': b'-- Up-to-date: /home/mustardking/ws_sensor_combined/install/px4_msgs/include/px4_msgs/px4_msgs/msg/detail/rover_steering_setpoint__rosidl_typesupport_fastrtps_cpp.hpp\n'}
[1.521424] (px4_msgs) StdoutLine: {'line': b'-- Up-to-date: /home/mustardking/ws_sensor_combined/install/px4_msgs/include/px4_msgs/px4_msgs/msg/detail/parameter_reset_request__rosidl_typesupport_fastrtps_cpp.hpp\n'}
[1.521446] (px4_msgs) StdoutLine: {'line': b'-- Up-to-date: /home/mustardking/ws_sensor_combined/install/px4_msgs/include/px4_msgs/px4_msgs/msg/detail/follow_target_status__rosidl_typesupport_fastrtps_cpp.hpp\n'}
[1.521480] (px4_msgs) StdoutLine: {'line': b'-- Up-to-date: /home/mustardking/ws_sensor_combined/install/px4_msgs/include/px4_msgs/px4_msgs/msg/detail/fixed_wing_longitudinal_setpoint__rosidl_typesupport_fastrtps_cpp.hpp\n'}
[1.521511] (px4_msgs) StdoutLine: {'line': b'-- Up-to-date: /home/mustardking/ws_sensor_combined/install/px4_msgs/include/px4_msgs/px4_msgs/msg/detail/figure_eight_status__rosidl_typesupport_fastrtps_cpp.hpp\n'}
[1.521533] (px4_msgs) StdoutLine: {'line': b'-- Up-to-date: /home/mustardking/ws_sensor_combined/install/px4_msgs/include/px4_msgs/px4_msgs/msg/detail/telemetry_status__rosidl_typesupport_fastrtps_cpp.hpp\n'}
[1.521554] (px4_msgs) StdoutLine: {'line': b'-- Up-to-date: /home/mustardking/ws_sensor_combined/install/px4_msgs/include/px4_msgs/px4_msgs/msg/detail/sensor_hygrometer__rosidl_typesupport_fastrtps_cpp.hpp\n'}
[1.521576] (px4_msgs) StdoutLine: {'line': b'-- Up-to-date: /home/mustardking/ws_sensor_combined/install/px4_msgs/include/px4_msgs/px4_msgs/msg/detail/rtl_time_estimate__rosidl_typesupport_fastrtps_cpp.hpp\n'}
[1.521598] (px4_msgs) StdoutLine: {'line': b'-- Up-to-date: /home/mustardking/ws_sensor_combined/install/px4_msgs/include/px4_msgs/px4_msgs/msg/detail/vehicle_thrust_setpoint__rosidl_typesupport_fastrtps_cpp.hpp\n'}
[1.521627] (px4_msgs) StdoutLine: {'line': b'-- Up-to-date: /home/mustardking/ws_sensor_combined/install/px4_msgs/include/px4_msgs/px4_msgs/msg/detail/irlock_report__rosidl_typesupport_fastrtps_cpp.hpp\n'}
[1.521791] (px4_msgs) StdoutLine: {'line': b'-- Up-to-date: /home/mustardking/ws_sensor_combined/install/px4_msgs/include/px4_msgs/px4_msgs/msg/detail/dataman_response__rosidl_typesupport_fastrtps_cpp.hpp\n'}
[1.521959] (px4_msgs) StdoutLine: {'line': b'-- Up-to-date: /home/mustardking/ws_sensor_combined/install/px4_msgs/include/px4_msgs/px4_msgs/msg/detail/vehicle_optical_flow__rosidl_typesupport_fastrtps_cpp.hpp\n'}
[1.521983] (px4_msgs) StdoutLine: {'line': b'-- Up-to-date: /home/mustardking/ws_sensor_combined/install/px4_msgs/include/px4_msgs/px4_msgs/msg/detail/generator_status__rosidl_typesupport_fastrtps_cpp.hpp\n'}
[1.522005] (px4_msgs) StdoutLine: {'line': b'-- Up-to-date: /home/mustardking/ws_sensor_combined/install/px4_msgs/include/px4_msgs/px4_msgs/msg/detail/sensor_accel_fifo__rosidl_typesupport_fastrtps_cpp.hpp\n'}
[1.522037] (px4_msgs) StdoutLine: {'line': b'-- Up-to-date: /home/mustardking/ws_sensor_combined/install/px4_msgs/include/px4_msgs/px4_msgs/msg/detail/onboard_computer_status__rosidl_typesupport_fastrtps_cpp.hpp\n'}
[1.522065] (px4_msgs) StdoutLine: {'line': b'-- Up-to-date: /home/mustardking/ws_sensor_combined/install/px4_msgs/include/px4_msgs/px4_msgs/msg/detail/mag_worker_data__rosidl_typesupport_fastrtps_cpp.hpp\n'}
[1.522093] (px4_msgs) StdoutLine: {'line': b'-- Up-to-date: /home/mustardking/ws_sensor_combined/install/px4_msgs/include/px4_msgs/px4_msgs/msg/detail/vehicle_angular_velocity__rosidl_typesupport_fastrtps_cpp.hpp\n'}
[1.522135] (px4_msgs) StdoutLine: {'line': b'-- Up-to-date: /home/mustardking/ws_sensor_combined/install/px4_msgs/include/px4_msgs/px4_msgs/msg/detail/manual_control_setpoint__rosidl_typesupport_fastrtps_cpp.hpp\n'}
[1.522164] (px4_msgs) StdoutLine: {'line': b'-- Up-to-date: /home/mustardking/ws_sensor_combined/install/px4_msgs/include/px4_msgs/px4_msgs/msg/detail/wheel_encoders__rosidl_typesupport_fastrtps_cpp.hpp\n'}
[1.522191] (px4_msgs) StdoutLine: {'line': b'-- Up-to-date: /home/mustardking/ws_sensor_combined/install/px4_msgs/include/px4_msgs/px4_msgs/msg/detail/cellular_status__rosidl_typesupport_fastrtps_cpp.hpp\n'}
[1.522225] (px4_msgs) StdoutLine: {'line': b'-- Up-to-date: /home/mustardking/ws_sensor_combined/install/px4_msgs/include/px4_msgs/px4_msgs/msg/detail/input_rc__rosidl_typesupport_fastrtps_cpp.hpp\n'}
[1.522254] (px4_msgs) StdoutLine: {'line': b'-- Up-to-date: /home/mustardking/ws_sensor_combined/install/px4_msgs/include/px4_msgs/px4_msgs/msg/detail/takeoff_status__rosidl_typesupport_fastrtps_cpp.hpp\n'}
[1.522287] (px4_msgs) StdoutLine: {'line': b'-- Up-to-date: /home/mustardking/ws_sensor_combined/install/px4_msgs/include/px4_msgs/px4_msgs/msg/detail/arming_check_request__rosidl_typesupport_fastrtps_cpp.hpp\n'}
[1.522309] (px4_msgs) StdoutLine: {'line': b'-- Up-to-date: /home/mustardking/ws_sensor_combined/install/px4_msgs/include/px4_msgs/px4_msgs/msg/detail/task_stack_info__rosidl_typesupport_fastrtps_cpp.hpp\n'}
[1.522333] (px4_msgs) StdoutLine: {'line': b'-- Up-to-date: /home/mustardking/ws_sensor_combined/install/px4_msgs/include/px4_msgs/px4_msgs/msg/detail/rover_attitude_status__rosidl_typesupport_fastrtps_cpp.hpp\n'}
[1.522354] (px4_msgs) StdoutLine: {'line': b'-- Up-to-date: /home/mustardking/ws_sensor_combined/install/px4_msgs/include/px4_msgs/px4_msgs/msg/detail/position_setpoint__rosidl_typesupport_fastrtps_cpp.hpp\n'}
[1.522376] (px4_msgs) StdoutLine: {'line': b'-- Up-to-date: /home/mustardking/ws_sensor_combined/install/px4_msgs/include/px4_msgs/px4_msgs/msg/detail/obstacle_distance__rosidl_typesupport_fastrtps_cpp.hpp\n'}
[1.522398] (px4_msgs) StdoutLine: {'line': b'-- Up-to-date: /home/mustardking/ws_sensor_combined/install/px4_msgs/include/px4_msgs/px4_msgs/msg/detail/estimator_bias3d__rosidl_typesupport_fastrtps_cpp.hpp\n'}
[1.522420] (px4_msgs) StdoutLine: {'line': b'-- Up-to-date: /home/mustardking/ws_sensor_combined/install/px4_msgs/include/px4_msgs/px4_msgs/msg/detail/airspeed__rosidl_typesupport_fastrtps_cpp.hpp\n'}
[1.522441] (px4_msgs) StdoutLine: {'line': b'-- Up-to-date: /home/mustardking/ws_sensor_combined/install/px4_msgs/include/px4_msgs/px4_msgs/msg/detail/airspeed_wind__rosidl_typesupport_fastrtps_cpp.hpp\n'}
[1.522465] (px4_msgs) StdoutLine: {'line': b'-- Up-to-date: /home/mustardking/ws_sensor_combined/install/px4_msgs/include/px4_msgs/px4_msgs/msg/detail/rover_rate_status__rosidl_typesupport_fastrtps_cpp.hpp\n'}
[1.522487] (px4_msgs) StdoutLine: {'line': b'-- Up-to-date: /home/mustardking/ws_sensor_combined/install/px4_msgs/include/px4_msgs/px4_msgs/msg/detail/dataman_request__rosidl_typesupport_fastrtps_cpp.hpp\n'}
[1.522508] (px4_msgs) StdoutLine: {'line': b'-- Up-to-date: /home/mustardking/ws_sensor_combined/install/px4_msgs/include/px4_msgs/px4_msgs/msg/detail/ekf2_timestamps__rosidl_typesupport_fastrtps_cpp.hpp\n'}
[1.522531] (px4_msgs) StdoutLine: {'line': b'-- Up-to-date: /home/mustardking/ws_sensor_combined/install/px4_msgs/include/px4_msgs/px4_msgs/msg/detail/register_ext_component_request__rosidl_typesupport_fastrtps_cpp.hpp\n'}
[1.522553] (px4_msgs) StdoutLine: {'line': b'-- Up-to-date: /home/mustardking/ws_sensor_combined/install/px4_msgs/include/px4_msgs/px4_msgs/msg/detail/event__rosidl_typesupport_fastrtps_cpp.hpp\n'}
[1.523010] (px4_msgs) StdoutLine: {'line': b'-- Up-to-date: /home/mustardking/ws_sensor_combined/install/px4_msgs/include/px4_msgs/px4_msgs/msg/detail/vehicle_imu__rosidl_typesupport_fastrtps_cpp.hpp\n'}
[1.523040] (px4_msgs) StdoutLine: {'line': b'-- Up-to-date: /home/mustardking/ws_sensor_combined/install/px4_msgs/include/px4_msgs/px4_msgs/msg/detail/health_report__rosidl_typesupport_fastrtps_cpp.hpp\n'}
[1.523111] (px4_msgs) StdoutLine: {'line': b'-- Up-to-date: /home/mustardking/ws_sensor_combined/install/px4_msgs/include/px4_msgs/px4_msgs/msg/detail/gimbal_device_attitude_status__rosidl_typesupport_fastrtps_cpp.hpp\n'}
[1.523149] (px4_msgs) StdoutLine: {'line': b'-- Up-to-date: /home/mustardking/ws_sensor_combined/install/px4_msgs/include/px4_msgs/px4_msgs/msg/detail/sensor_gyro_fft__rosidl_typesupport_fastrtps_cpp.hpp\n'}
[1.523171] (px4_msgs) StdoutLine: {'line': b'-- Up-to-date: /home/mustardking/ws_sensor_combined/install/px4_msgs/include/px4_msgs/px4_msgs/msg/detail/goto_setpoint__rosidl_typesupport_fastrtps_cpp.hpp\n'}
[1.523202] (px4_msgs) StdoutLine: {'line': b'-- Up-to-date: /home/mustardking/ws_sensor_combined/install/px4_msgs/include/px4_msgs/px4_msgs/msg/detail/uavcan_parameter_value__rosidl_typesupport_fastrtps_cpp.hpp\n'}
[1.523262] (px4_msgs) StdoutLine: {'line': b'-- Up-to-date: /home/mustardking/ws_sensor_combined/install/px4_msgs/include/px4_msgs/px4_msgs/msg/detail/vehicle_angular_acceleration_setpoint__rosidl_typesupport_fastrtps_cpp.hpp\n'}
[1.523379] (px4_msgs) StdoutLine: {'line': b'-- Up-to-date: /home/mustardking/ws_sensor_combined/install/px4_msgs/include/px4_msgs/px4_msgs/msg/detail/system_power__rosidl_typesupport_fastrtps_cpp.hpp\n'}
[1.523409] (px4_msgs) StdoutLine: {'line': b'-- Up-to-date: /home/mustardking/ws_sensor_combined/install/px4_msgs/include/px4_msgs/px4_msgs/msg/detail/battery_info__rosidl_typesupport_fastrtps_cpp.hpp\n'}
[1.523480] (px4_msgs) StdoutLine: {'line': b'-- Up-to-date: /home/mustardking/ws_sensor_combined/install/px4_msgs/include/px4_msgs/px4_msgs/msg/detail/fixed_wing_lateral_guidance_status__rosidl_typesupport_fastrtps_cpp.hpp\n'}
[1.523504] (px4_msgs) StdoutLine: {'line': b'-- Up-to-date: /home/mustardking/ws_sensor_combined/install/px4_msgs/include/px4_msgs/px4_msgs/msg/detail/tune_control__rosidl_typesupport_fastrtps_cpp.hpp\n'}
[1.523527] (px4_msgs) StdoutLine: {'line': b'-- Up-to-date: /home/mustardking/ws_sensor_combined/install/px4_msgs/include/px4_msgs/px4_msgs/msg/detail/rover_throttle_setpoint__rosidl_typesupport_fastrtps_cpp.hpp\n'}
[1.523549] (px4_msgs) StdoutLine: {'line': b'-- Up-to-date: /home/mustardking/ws_sensor_combined/install/px4_msgs/include/px4_msgs/px4_msgs/msg/detail/register_ext_component_reply__rosidl_typesupport_fastrtps_cpp.hpp\n'}
[1.523572] (px4_msgs) StdoutLine: {'line': b'-- Up-to-date: /home/mustardking/ws_sensor_combined/install/px4_msgs/include/px4_msgs/px4_msgs/msg/detail/sensor_preflight_mag__rosidl_typesupport_fastrtps_cpp.hpp\n'}
[1.523594] (px4_msgs) StdoutLine: {'line': b'-- Up-to-date: /home/mustardking/ws_sensor_combined/install/px4_msgs/include/px4_msgs/px4_msgs/msg/detail/sensors_status_imu__rosidl_typesupport_fastrtps_cpp.hpp\n'}
[1.523616] (px4_msgs) StdoutLine: {'line': b'-- Up-to-date: /home/mustardking/ws_sensor_combined/install/px4_msgs/include/px4_msgs/px4_msgs/msg/detail/vehicle_control_mode__rosidl_typesupport_fastrtps_cpp.hpp\n'}
[1.523638] (px4_msgs) StdoutLine: {'line': b'-- Up-to-date: /home/mustardking/ws_sensor_combined/install/px4_msgs/include/px4_msgs/px4_msgs/msg/detail/rate_ctrl_status__rosidl_typesupport_fastrtps_cpp.hpp\n'}
[1.523660] (px4_msgs) StdoutLine: {'line': b'-- Up-to-date: /home/mustardking/ws_sensor_combined/install/px4_msgs/include/px4_msgs/px4_msgs/msg/detail/esc_report__rosidl_typesupport_fastrtps_cpp.hpp\n'}
[1.523683] (px4_msgs) StdoutLine: {'line': b'-- Up-to-date: /home/mustardking/ws_sensor_combined/install/px4_msgs/include/px4_msgs/px4_msgs/msg/detail/actuator_test__rosidl_typesupport_fastrtps_cpp.hpp\n'}
[1.523716] (px4_msgs) StdoutLine: {'line': b'-- Up-to-date: /home/mustardking/ws_sensor_combined/install/px4_msgs/include/px4_msgs/px4_msgs/msg/detail/vehicle_attitude__rosidl_typesupport_fastrtps_cpp.hpp\n'}
[1.523741] (px4_msgs) StdoutLine: {'line': b'-- Up-to-date: /home/mustardking/ws_sensor_combined/install/px4_msgs/include/px4_msgs/px4_msgs/msg/detail/actuator_servos_trim__rosidl_typesupport_fastrtps_cpp.hpp\n'}
[1.523788] (px4_msgs) StdoutLine: {'line': b'-- Up-to-date: /home/mustardking/ws_sensor_combined/install/px4_msgs/include/px4_msgs/px4_msgs/msg/detail/vehicle_optical_flow_vel__rosidl_typesupport_fastrtps_cpp.hpp\n'}
[1.523822] (px4_msgs) StdoutLine: {'line': b'-- Up-to-date: /home/mustardking/ws_sensor_combined/install/px4_msgs/include/px4_msgs/px4_msgs/msg/detail/dds_fastrtps\n'}
[1.523866] (px4_msgs) StdoutLine: {'line': b'-- Up-to-date: /home/mustardking/ws_sensor_combined/install/px4_msgs/include/px4_msgs/px4_msgs/msg/detail/message_format_request__rosidl_typesupport_fastrtps_cpp.hpp\n'}
[1.523940] (px4_msgs) StdoutLine: {'line': b'-- Up-to-date: /home/mustardking/ws_sensor_combined/install/px4_msgs/include/px4_msgs/px4_msgs/msg/detail/offboard_control_mode__rosidl_typesupport_fastrtps_cpp.hpp\n'}
[1.523989] (px4_msgs) StdoutLine: {'line': b'-- Up-to-date: /home/mustardking/ws_sensor_combined/install/px4_msgs/include/px4_msgs/px4_msgs/msg/detail/qshell_req__rosidl_typesupport_fastrtps_cpp.hpp\n'}
[1.524011] (px4_msgs) StdoutLine: {'line': b'-- Up-to-date: /home/mustardking/ws_sensor_combined/install/px4_msgs/include/px4_msgs/px4_msgs/msg/detail/open_drone_id_system__rosidl_typesupport_fastrtps_cpp.hpp\n'}
[1.524034] (px4_msgs) StdoutLine: {'line': b'-- Up-to-date: /home/mustardking/ws_sensor_combined/install/px4_msgs/include/px4_msgs/px4_msgs/msg/detail/trajectory_setpoint6dof__rosidl_typesupport_fastrtps_cpp.hpp\n'}
[1.524056] (px4_msgs) StdoutLine: {'line': b'-- Up-to-date: /home/mustardking/ws_sensor_combined/install/px4_msgs/include/px4_msgs/px4_msgs/msg/detail/manual_control_switches__rosidl_typesupport_fastrtps_cpp.hpp\n'}
[1.524077] (px4_msgs) StdoutLine: {'line': b'-- Up-to-date: /home/mustardking/ws_sensor_combined/install/px4_msgs/include/px4_msgs/px4_msgs/msg/detail/debug_vect__rosidl_typesupport_fastrtps_cpp.hpp\n'}
[1.524099] (px4_msgs) StdoutLine: {'line': b'-- Up-to-date: /home/mustardking/ws_sensor_combined/install/px4_msgs/include/px4_msgs/px4_msgs/msg/detail/rover_rate_setpoint__rosidl_typesupport_fastrtps_cpp.hpp\n'}
[1.524121] (px4_msgs) StdoutLine: {'line': b'-- Up-to-date: /home/mustardking/ws_sensor_combined/install/px4_msgs/include/px4_msgs/px4_msgs/msg/detail/position_setpoint_triplet__rosidl_typesupport_fastrtps_cpp.hpp\n'}
[1.524143] (px4_msgs) StdoutLine: {'line': b'-- Up-to-date: /home/mustardking/ws_sensor_combined/install/px4_msgs/include/px4_msgs/px4_msgs/msg/detail/estimator_aid_source1d__rosidl_typesupport_fastrtps_cpp.hpp\n'}
[1.524166] (px4_msgs) StdoutLine: {'line': b'-- Up-to-date: /home/mustardking/ws_sensor_combined/install/px4_msgs/include/px4_msgs/px4_msgs/msg/detail/vehicle_acceleration__rosidl_typesupport_fastrtps_cpp.hpp\n'}
[1.524188] (px4_msgs) StdoutLine: {'line': b'-- Up-to-date: /home/mustardking/ws_sensor_combined/install/px4_msgs/include/px4_msgs/px4_msgs/msg/detail/uavcan_parameter_request__rosidl_typesupport_fastrtps_cpp.hpp\n'}
[1.524210] (px4_msgs) StdoutLine: {'line': b'-- Up-to-date: /home/mustardking/ws_sensor_combined/install/px4_msgs/include/px4_msgs/px4_msgs/msg/detail/geofence_result__rosidl_typesupport_fastrtps_cpp.hpp\n'}
[1.524232] (px4_msgs) StdoutLine: {'line': b'-- Up-to-date: /home/mustardking/ws_sensor_combined/install/px4_msgs/include/px4_msgs/px4_msgs/msg/detail/ulog_stream__rosidl_typesupport_fastrtps_cpp.hpp\n'}
[1.524256] (px4_msgs) StdoutLine: {'line': b'-- Up-to-date: /home/mustardking/ws_sensor_combined/install/px4_msgs/include/px4_msgs/px4_msgs/msg/detail/collision_constraints__rosidl_typesupport_fastrtps_cpp.hpp\n'}
[1.524279] (px4_msgs) StdoutLine: {'line': b'-- Up-to-date: /home/mustardking/ws_sensor_combined/install/px4_msgs/include/px4_msgs/px4_msgs/msg/detail/mavlink_log__rosidl_typesupport_fastrtps_cpp.hpp\n'}
[1.524301] (px4_msgs) StdoutLine: {'line': b'-- Up-to-date: /home/mustardking/ws_sensor_combined/install/px4_msgs/include/px4_msgs/px4_msgs/msg/detail/vehicle_local_position__rosidl_typesupport_fastrtps_cpp.hpp\n'}
[1.524329] (px4_msgs) StdoutLine: {'line': b'-- Up-to-date: /home/mustardking/ws_sensor_combined/install/px4_msgs/include/px4_msgs/px4_msgs/msg/detail/yaw_estimator_status__rosidl_typesupport_fastrtps_cpp.hpp\n'}
[1.524354] (px4_msgs) StdoutLine: {'line': b'-- Up-to-date: /home/mustardking/ws_sensor_combined/install/px4_msgs/include/px4_msgs/px4_msgs/msg/detail/estimator_aid_source2d__rosidl_typesupport_fastrtps_cpp.hpp\n'}
[1.524375] (px4_msgs) StdoutLine: {'line': b'-- Up-to-date: /home/mustardking/ws_sensor_combined/install/px4_msgs/include/px4_msgs/px4_msgs/msg/detail/estimator_gps_status__rosidl_typesupport_fastrtps_cpp.hpp\n'}
[1.524397] (px4_msgs) StdoutLine: {'line': b'-- Up-to-date: /home/mustardking/ws_sensor_combined/install/px4_msgs/include/px4_msgs/px4_msgs/msg/detail/estimator_status__rosidl_typesupport_fastrtps_cpp.hpp\n'}
[1.524419] (px4_msgs) StdoutLine: {'line': b'-- Up-to-date: /home/mustardking/ws_sensor_combined/install/px4_msgs/include/px4_msgs/px4_msgs/msg/detail/parameter_set_used_request__rosidl_typesupport_fastrtps_cpp.hpp\n'}
[1.524445] (px4_msgs) StdoutLine: {'line': b'-- Up-to-date: /home/mustardking/ws_sensor_combined/install/px4_msgs/include/px4_msgs/px4_msgs/msg/detail/debug_key_value__rosidl_typesupport_fastrtps_cpp.hpp\n'}
[1.524467] (px4_msgs) StdoutLine: {'line': b'-- Up-to-date: /home/mustardking/ws_sensor_combined/install/px4_msgs/include/px4_msgs/px4_msgs/msg/detail/fixed_wing_lateral_status__rosidl_typesupport_fastrtps_cpp.hpp\n'}
[1.524496] (px4_msgs) StdoutLine: {'line': b'-- Up-to-date: /home/mustardking/ws_sensor_combined/install/px4_msgs/include/px4_msgs/px4_msgs/msg/detail/gimbal_manager_set_attitude__rosidl_typesupport_fastrtps_cpp.hpp\n'}
[1.524520] (px4_msgs) StdoutLine: {'line': b'-- Up-to-date: /home/mustardking/ws_sensor_combined/install/px4_msgs/include/px4_msgs/px4_msgs/msg/detail/fixed_wing_runway_control__rosidl_typesupport_fastrtps_cpp.hpp\n'}
[1.524542] (px4_msgs) StdoutLine: {'line': b'-- Up-to-date: /home/mustardking/ws_sensor_combined/install/px4_msgs/include/px4_msgs/px4_msgs/msg/detail/gimbal_device_set_attitude__rosidl_typesupport_fastrtps_cpp.hpp\n'}
[1.524564] (px4_msgs) StdoutLine: {'line': b'-- Up-to-date: /home/mustardking/ws_sensor_combined/install/px4_msgs/include/px4_msgs/px4_msgs/msg/detail/cpuload__rosidl_typesupport_fastrtps_cpp.hpp\n'}
[1.524586] (px4_msgs) StdoutLine: {'line': b'-- Up-to-date: /home/mustardking/ws_sensor_combined/install/px4_msgs/include/px4_msgs/px4_msgs/msg/detail/gps_inject_data__rosidl_typesupport_fastrtps_cpp.hpp\n'}
[1.524608] (px4_msgs) StdoutLine: {'line': b'-- Up-to-date: /home/mustardking/ws_sensor_combined/install/px4_msgs/include/px4_msgs/px4_msgs/msg/detail/differential_pressure__rosidl_typesupport_fastrtps_cpp.hpp\n'}
[1.524630] (px4_msgs) StdoutLine: {'line': b'-- Up-to-date: /home/mustardking/ws_sensor_combined/install/px4_msgs/include/px4_msgs/px4_msgs/msg/detail/estimator_event_flags__rosidl_typesupport_fastrtps_cpp.hpp\n'}
[1.524652] (px4_msgs) StdoutLine: {'line': b'-- Up-to-date: /home/mustardking/ws_sensor_combined/install/px4_msgs/include/px4_msgs/px4_msgs/msg/detail/satellite_info__rosidl_typesupport_fastrtps_cpp.hpp\n'}
[1.524674] (px4_msgs) StdoutLine: {'line': b'-- Up-to-date: /home/mustardking/ws_sensor_combined/install/px4_msgs/include/px4_msgs/px4_msgs/msg/detail/gripper__rosidl_typesupport_fastrtps_cpp.hpp\n'}
[1.524697] (px4_msgs) StdoutLine: {'line': b'-- Up-to-date: /home/mustardking/ws_sensor_combined/install/px4_msgs/include/px4_msgs/px4_msgs/msg/detail/heater_status__rosidl_typesupport_fastrtps_cpp.hpp\n'}
[1.524719] (px4_msgs) StdoutLine: {'line': b'-- Up-to-date: /home/mustardking/ws_sensor_combined/install/px4_msgs/include/px4_msgs/px4_msgs/msg/detail/landing_target_innovations__rosidl_typesupport_fastrtps_cpp.hpp\n'}
[1.524748] (px4_msgs) StdoutLine: {'line': b'-- Up-to-date: /home/mustardking/ws_sensor_combined/install/px4_msgs/include/px4_msgs/px4_msgs/msg/detail/orb_test_medium__rosidl_typesupport_fastrtps_cpp.hpp\n'}
[1.524829] (px4_msgs) StdoutLine: {'line': b'-- Up-to-date: /home/mustardking/ws_sensor_combined/install/px4_msgs/include/px4_msgs/px4_msgs/msg/detail/gpio_out__rosidl_typesupport_fastrtps_cpp.hpp\n'}
[1.524851] (px4_msgs) StdoutLine: {'line': b'-- Up-to-date: /home/mustardking/ws_sensor_combined/install/px4_msgs/include/px4_msgs/px4_msgs/msg/detail/open_drone_id_arm_status__rosidl_typesupport_fastrtps_cpp.hpp\n'}
[1.524878] (px4_msgs) StdoutLine: {'line': b'-- Up-to-date: /home/mustardking/ws_sensor_combined/install/px4_msgs/include/px4_msgs/px4_msgs/msg/detail/parameter_set_value_request__rosidl_typesupport_fastrtps_cpp.hpp\n'}
[1.524913] (px4_msgs) StdoutLine: {'line': b'-- Up-to-date: /home/mustardking/ws_sensor_combined/install/px4_msgs/include/px4_msgs/px4_msgs/msg/detail/estimator_innovations__rosidl_typesupport_fastrtps_cpp.hpp\n'}
[1.524946] (px4_msgs) StdoutLine: {'line': b'-- Up-to-date: /home/mustardking/ws_sensor_combined/install/px4_msgs/include/px4_msgs/px4_msgs/msg/detail/ulog_stream_ack__rosidl_typesupport_fastrtps_cpp.hpp\n'}
[1.524984] (px4_msgs) StdoutLine: {'line': b'-- Up-to-date: /home/mustardking/ws_sensor_combined/install/px4_msgs/include/px4_msgs/px4_msgs/msg/detail/timesync_status__rosidl_typesupport_fastrtps_cpp.hpp\n'}
[1.525102] (px4_msgs) StdoutLine: {'line': b'-- Up-to-date: /home/mustardking/ws_sensor_combined/install/px4_msgs/include/px4_msgs/px4_msgs/msg/detail/gpio_request__rosidl_typesupport_fastrtps_cpp.hpp\n'}
[1.525135] (px4_msgs) StdoutLine: {'line': b'-- Up-to-date: /home/mustardking/ws_sensor_combined/install/px4_msgs/include/px4_msgs/px4_msgs/msg/detail/vtol_vehicle_status__rosidl_typesupport_fastrtps_cpp.hpp\n'}
[1.525196] (px4_msgs) StdoutLine: {'line': b'-- Up-to-date: /home/mustardking/ws_sensor_combined/install/px4_msgs/include/px4_msgs/px4_msgs/msg/detail/magnetometer_bias_estimate__rosidl_typesupport_fastrtps_cpp.hpp\n'}
[1.525233] (px4_msgs) StdoutLine: {'line': b'-- Up-to-date: /home/mustardking/ws_sensor_combined/install/px4_msgs/include/px4_msgs/px4_msgs/msg/detail/gps_dump__rosidl_typesupport_fastrtps_cpp.hpp\n'}
[1.525282] (px4_msgs) StdoutLine: {'line': b'-- Up-to-date: /home/mustardking/ws_sensor_combined/install/px4_msgs/include/px4_msgs/px4_msgs/msg/detail/rover_position_setpoint__rosidl_typesupport_fastrtps_cpp.hpp\n'}
[1.525337] (px4_msgs) StdoutLine: {'line': b'-- Up-to-date: /home/mustardking/ws_sensor_combined/install/px4_msgs/include/px4_msgs/px4_msgs/msg/detail/ping__rosidl_typesupport_fastrtps_cpp.hpp\n'}
[1.525397] (px4_msgs) StdoutLine: {'line': b'-- Up-to-date: /home/mustardking/ws_sensor_combined/install/px4_msgs/include/px4_msgs/px4_msgs/msg/detail/rover_speed_status__rosidl_typesupport_fastrtps_cpp.hpp\n'}
[1.525435] (px4_msgs) StdoutLine: {'line': b'-- Up-to-date: /home/mustardking/ws_sensor_combined/install/px4_msgs/include/px4_msgs/px4_msgs/msg/detail/trajectory_setpoint__rosidl_typesupport_fastrtps_cpp.hpp\n'}
[1.525481] (px4_msgs) StdoutLine: {'line': b'-- Up-to-date: /home/mustardking/ws_sensor_combined/install/px4_msgs/include/px4_msgs/px4_msgs/msg/detail/action_request__rosidl_typesupport_fastrtps_cpp.hpp\n'}
[1.525532] (px4_msgs) StdoutLine: {'line': b'-- Up-to-date: /home/mustardking/ws_sensor_combined/install/px4_msgs/include/px4_msgs/px4_msgs/msg/detail/longitudinal_control_configuration__rosidl_typesupport_fastrtps_cpp.hpp\n'}
[1.525577] (px4_msgs) StdoutLine: {'line': b'-- Up-to-date: /home/mustardking/ws_sensor_combined/install/px4_msgs/include/px4_msgs/px4_msgs/msg/detail/mount_orientation__rosidl_typesupport_fastrtps_cpp.hpp\n'}
[1.525622] (px4_msgs) StdoutLine: {'line': b'-- Up-to-date: /home/mustardking/ws_sensor_combined/install/px4_msgs/include/px4_msgs/px4_msgs/msg/detail/vehicle_status__rosidl_typesupport_fastrtps_cpp.hpp\n'}
[1.525695] (px4_msgs) StdoutLine: {'line': b'-- Up-to-date: /home/mustardking/ws_sensor_combined/install/px4_msgs/include/px4_msgs/px4_msgs/msg/detail/gimbal_device_information__rosidl_typesupport_fastrtps_cpp.hpp\n'}
[1.525753] (px4_msgs) StdoutLine: {'line': b'-- Up-to-date: /home/mustardking/ws_sensor_combined/install/px4_msgs/include/px4_msgs/px4_msgs/msg/detail/debug_value__rosidl_typesupport_fastrtps_cpp.hpp\n'}
[1.525794] (px4_msgs) StdoutLine: {'line': b'-- Up-to-date: /home/mustardking/ws_sensor_combined/install/px4_msgs/include/px4_msgs/px4_msgs/msg/detail/qshell_retval__rosidl_typesupport_fastrtps_cpp.hpp\n'}
[1.525839] (px4_msgs) StdoutLine: {'line': b'-- Up-to-date: /home/mustardking/ws_sensor_combined/install/px4_msgs/include/px4_msgs/px4_msgs/msg/detail/sensors_status__rosidl_typesupport_fastrtps_cpp.hpp\n'}
[1.525905] (px4_msgs) StdoutLine: {'line': b'-- Up-to-date: /home/mustardking/ws_sensor_combined/install/px4_msgs/include/px4_msgs/px4_msgs/msg/detail/led_control__rosidl_typesupport_fastrtps_cpp.hpp\n'}
[1.525945] (px4_msgs) StdoutLine: {'line': b'-- Up-to-date: /home/mustardking/ws_sensor_combined/install/px4_msgs/include/px4_msgs/px4_msgs/msg/detail/vehicle_attitude_setpoint__rosidl_typesupport_fastrtps_cpp.hpp\n'}
[1.525979] (px4_msgs) StdoutLine: {'line': b'-- Up-to-date: /home/mustardking/ws_sensor_combined/install/px4_msgs/include/px4_msgs/px4_msgs/msg/detail/px4io_status__rosidl_typesupport_fastrtps_cpp.hpp\n'}
[1.526017] (px4_msgs) StdoutLine: {'line': b'-- Up-to-date: /home/mustardking/ws_sensor_combined/install/px4_msgs/include/px4_msgs/px4_msgs/msg/detail/fuel_tank_status__rosidl_typesupport_fastrtps_cpp.hpp\n'}
[1.526057] (px4_msgs) StdoutLine: {'line': b'-- Up-to-date: /home/mustardking/ws_sensor_combined/install/px4_msgs/include/px4_msgs/px4_msgs/msg/detail/rc_parameter_map__rosidl_typesupport_fastrtps_cpp.hpp\n'}
[1.526111] (px4_msgs) StdoutLine: {'line': b'-- Up-to-date: /home/mustardking/ws_sensor_combined/install/px4_msgs/include/px4_msgs/px4_msgs/msg/detail/sensor_uwb__rosidl_typesupport_fastrtps_cpp.hpp\n'}
[1.526138] (px4_msgs) StdoutLine: {'line': b'-- Up-to-date: /home/mustardking/ws_sensor_combined/install/px4_msgs/include/px4_msgs/px4_msgs/msg/detail/failure_detector_status__rosidl_typesupport_fastrtps_cpp.hpp\n'}
[1.526160] (px4_msgs) StdoutLine: {'line': b'-- Up-to-date: /home/mustardking/ws_sensor_combined/install/px4_msgs/include/px4_msgs/px4_msgs/msg/detail/landing_target_pose__rosidl_typesupport_fastrtps_cpp.hpp\n'}
[1.526182] (px4_msgs) StdoutLine: {'line': b'-- Up-to-date: /home/mustardking/ws_sensor_combined/install/px4_msgs/include/px4_msgs/px4_msgs/msg/detail/debug_array__rosidl_typesupport_fastrtps_cpp.hpp\n'}
[1.526204] (px4_msgs) StdoutLine: {'line': b'-- Up-to-date: /home/mustardking/ws_sensor_combined/install/px4_msgs/include/px4_msgs/px4_msgs/msg/detail/velocity_limits__rosidl_typesupport_fastrtps_cpp.hpp\n'}
[1.526226] (px4_msgs) StdoutLine: {'line': b'-- Up-to-date: /home/mustardking/ws_sensor_combined/install/px4_msgs/include/px4_msgs/px4_msgs/msg/detail/vehicle_magnetometer__rosidl_typesupport_fastrtps_cpp.hpp\n'}
[1.526248] (px4_msgs) StdoutLine: {'line': b'-- Up-to-date: /home/mustardking/ws_sensor_combined/install/px4_msgs/include/px4_msgs/px4_msgs/msg/detail/airspeed_validated__rosidl_typesupport_fastrtps_cpp.hpp\n'}
[1.526270] (px4_msgs) StdoutLine: {'line': b'-- Up-to-date: /home/mustardking/ws_sensor_combined/install/px4_msgs/include/px4_msgs/px4_msgs/msg/detail/vehicle_local_position_setpoint__rosidl_typesupport_fastrtps_cpp.hpp\n'}
[1.526292] (px4_msgs) StdoutLine: {'line': b'-- Up-to-date: /home/mustardking/ws_sensor_combined/install/px4_msgs/include/px4_msgs/px4_msgs/msg/detail/vehicle_air_data__rosidl_typesupport_fastrtps_cpp.hpp\n'}
[1.526315] (px4_msgs) StdoutLine: {'line': b'-- Up-to-date: /home/mustardking/ws_sensor_combined/install/px4_msgs/include/px4_msgs/px4_msgs/msg/detail/autotune_attitude_control_status__rosidl_typesupport_fastrtps_cpp.hpp\n'}
[1.526340] (px4_msgs) StdoutLine: {'line': b'-- Up-to-date: /home/mustardking/ws_sensor_combined/install/px4_msgs/include/px4_msgs/px4_msgs/msg/detail/estimator_status_flags__rosidl_typesupport_fastrtps_cpp.hpp\n'}
[1.526369] (px4_msgs) StdoutLine: {'line': b'-- Up-to-date: /home/mustardking/ws_sensor_combined/install/px4_msgs/include/px4_msgs/px4_msgs/msg/detail/battery_status__rosidl_typesupport_fastrtps_cpp.hpp\n'}
[1.526399] (px4_msgs) StdoutLine: {'line': b'-- Up-to-date: /home/mustardking/ws_sensor_combined/install/px4_msgs/include/px4_msgs/px4_msgs/msg/detail/vehicle_torque_setpoint__rosidl_typesupport_fastrtps_cpp.hpp\n'}
[1.526423] (px4_msgs) StdoutLine: {'line': b'-- Up-to-date: /home/mustardking/ws_sensor_combined/install/px4_msgs/include/px4_msgs/px4_msgs/msg/detail/failsafe_flags__rosidl_typesupport_fastrtps_cpp.hpp\n'}
[1.526444] (px4_msgs) StdoutLine: {'line': b'-- Up-to-date: /home/mustardking/ws_sensor_combined/install/px4_msgs/include/px4_msgs/px4_msgs/msg/detail/gpio_config__rosidl_typesupport_fastrtps_cpp.hpp\n'}
[1.526466] (px4_msgs) StdoutLine: {'line': b'-- Up-to-date: /home/mustardking/ws_sensor_combined/install/px4_msgs/include/px4_msgs/px4_msgs/msg/detail/actuator_outputs__rosidl_typesupport_fastrtps_cpp.hpp\n'}
[1.526488] (px4_msgs) StdoutLine: {'line': b'-- Up-to-date: /home/mustardking/ws_sensor_combined/install/px4_msgs/include/px4_msgs/px4_msgs/msg/detail/esc_status__rosidl_typesupport_fastrtps_cpp.hpp\n'}
[1.526509] (px4_msgs) StdoutLine: {'line': b'-- Up-to-date: /home/mustardking/ws_sensor_combined/install/px4_msgs/include/px4_msgs/px4_msgs/msg/detail/radio_status__rosidl_typesupport_fastrtps_cpp.hpp\n'}
[1.526531] (px4_msgs) StdoutLine: {'line': b'-- Up-to-date: /home/mustardking/ws_sensor_combined/install/px4_msgs/include/px4_msgs/px4_msgs/msg/detail/vehicle_odometry__rosidl_typesupport_fastrtps_cpp.hpp\n'}
[1.526553] (px4_msgs) StdoutLine: {'line': b'-- Up-to-date: /home/mustardking/ws_sensor_combined/install/px4_msgs/include/px4_msgs/px4_msgs/msg/detail/sensor_gnss_relative__rosidl_typesupport_fastrtps_cpp.hpp\n'}
[1.526575] (px4_msgs) StdoutLine: {'line': b'-- Up-to-date: /home/mustardking/ws_sensor_combined/install/px4_msgs/include/px4_msgs/px4_msgs/msg/detail/actuator_motors__rosidl_typesupport_fastrtps_cpp.hpp\n'}
[1.526596] (px4_msgs) StdoutLine: {'line': b'-- Up-to-date: /home/mustardking/ws_sensor_combined/install/px4_msgs/include/px4_msgs/px4_msgs/msg/detail/sensor_mag__rosidl_typesupport_fastrtps_cpp.hpp\n'}
[1.526618] (px4_msgs) StdoutLine: {'line': b'-- Up-to-date: /home/mustardking/ws_sensor_combined/install/px4_msgs/lib/libpx4_msgs__rosidl_typesupport_fastrtps_cpp.so\n'}
[1.526641] (px4_msgs) StdoutLine: {'line': b'-- Up-to-date: /home/mustardking/ws_sensor_combined/install/px4_msgs/include/px4_msgs/px4_msgs\n'}
[1.526662] (px4_msgs) StdoutLine: {'line': b'-- Up-to-date: /home/mustardking/ws_sensor_combined/install/px4_msgs/include/px4_msgs/px4_msgs/srv\n'}
[1.526684] (px4_msgs) StdoutLine: {'line': b'-- Up-to-date: /home/mustardking/ws_sensor_combined/install/px4_msgs/include/px4_msgs/px4_msgs/srv/detail\n'}
[1.526706] (px4_msgs) StdoutLine: {'line': b'-- Up-to-date: /home/mustardking/ws_sensor_combined/install/px4_msgs/include/px4_msgs/px4_msgs/srv/detail/vehicle_command__rosidl_typesupport_introspection_c.h\n'}
[1.526728] (px4_msgs) StdoutLine: {'line': b'-- Up-to-date: /home/mustardking/ws_sensor_combined/install/px4_msgs/include/px4_msgs/px4_msgs/srv/detail/vehicle_command__type_support.c\n'}
[1.526770] (px4_msgs) StdoutLine: {'line': b'-- Up-to-date: /home/mustardking/ws_sensor_combined/install/px4_msgs/include/px4_msgs/px4_msgs/msg\n'}
[1.526802] (px4_msgs) StdoutLine: {'line': b'-- Up-to-date: /home/mustardking/ws_sensor_combined/install/px4_msgs/include/px4_msgs/px4_msgs/msg/rosidl_typesupport_introspection_c__visibility_control.h\n'}
[1.526830] (px4_msgs) StdoutLine: {'line': b'-- Up-to-date: /home/mustardking/ws_sensor_combined/install/px4_msgs/include/px4_msgs/px4_msgs/msg/detail\n'}
[1.526859] (px4_msgs) StdoutLine: {'line': b'-- Up-to-date: /home/mustardking/ws_sensor_combined/install/px4_msgs/include/px4_msgs/px4_msgs/msg/detail/mavlink_log__type_support.c\n'}
[1.526890] (px4_msgs) StdoutLine: {'line': b'-- Up-to-date: /home/mustardking/ws_sensor_combined/install/px4_msgs/include/px4_msgs/px4_msgs/msg/detail/position_setpoint_triplet__rosidl_typesupport_introspection_c.h\n'}
[1.526919] (px4_msgs) StdoutLine: {'line': b'-- Up-to-date: /home/mustardking/ws_sensor_combined/install/px4_msgs/include/px4_msgs/px4_msgs/msg/detail/normalized_unsigned_setpoint__type_support.c\n'}
[1.526941] (px4_msgs) StdoutLine: {'line': b'-- Up-to-date: /home/mustardking/ws_sensor_combined/install/px4_msgs/include/px4_msgs/px4_msgs/msg/detail/transponder_report__type_support.c\n'}
[1.526962] (px4_msgs) StdoutLine: {'line': b'-- Up-to-date: /home/mustardking/ws_sensor_combined/install/px4_msgs/include/px4_msgs/px4_msgs/msg/detail/register_ext_component_request__type_support.c\n'}
[1.526984] (px4_msgs) StdoutLine: {'line': b'-- Up-to-date: /home/mustardking/ws_sensor_combined/install/px4_msgs/include/px4_msgs/px4_msgs/msg/detail/irlock_report__type_support.c\n'}
[1.527006] (px4_msgs) StdoutLine: {'line': b'-- Up-to-date: /home/mustardking/ws_sensor_combined/install/px4_msgs/include/px4_msgs/px4_msgs/msg/detail/orb_test_large__rosidl_typesupport_introspection_c.h\n'}
[1.533638] (px4_msgs) StdoutLine: {'line': b'-- Up-to-date: /home/mustardking/ws_sensor_combined/install/px4_msgs/include/px4_msgs/px4_msgs/msg/detail/gimbal_controls__type_support.c\n'}
[1.533668] (px4_msgs) StdoutLine: {'line': b'-- Up-to-date: /home/mustardking/ws_sensor_combined/install/px4_msgs/include/px4_msgs/px4_msgs/msg/detail/airspeed__rosidl_typesupport_introspection_c.h\n'}
[1.533692] (px4_msgs) StdoutLine: {'line': b'-- Up-to-date: /home/mustardking/ws_sensor_combined/install/px4_msgs/include/px4_msgs/px4_msgs/msg/detail/internal_combustion_engine_status__rosidl_typesupport_introspection_c.h\n'}
[1.533715] (px4_msgs) StdoutLine: {'line': b'-- Up-to-date: /home/mustardking/ws_sensor_combined/install/px4_msgs/include/px4_msgs/px4_msgs/msg/detail/landing_target_pose__type_support.c\n'}
[1.533737] (px4_msgs) StdoutLine: {'line': b'-- Up-to-date: /home/mustardking/ws_sensor_combined/install/px4_msgs/include/px4_msgs/px4_msgs/msg/detail/fixed_wing_lateral_status__type_support.c\n'}
[1.533760] (px4_msgs) StdoutLine: {'line': b'-- Up-to-date: /home/mustardking/ws_sensor_combined/install/px4_msgs/include/px4_msgs/px4_msgs/msg/detail/config_overrides__type_support.c\n'}
[1.533781] (px4_msgs) StdoutLine: {'line': b'-- Up-to-date: /home/mustardking/ws_sensor_combined/install/px4_msgs/include/px4_msgs/px4_msgs/msg/detail/camera_trigger__type_support.c\n'}
[1.533803] (px4_msgs) StdoutLine: {'line': b'-- Up-to-date: /home/mustardking/ws_sensor_combined/install/px4_msgs/include/px4_msgs/px4_msgs/msg/detail/camera_capture__type_support.c\n'}
[1.533825] (px4_msgs) StdoutLine: {'line': b'-- Up-to-date: /home/mustardking/ws_sensor_combined/install/px4_msgs/include/px4_msgs/px4_msgs/msg/detail/magnetometer_bias_estimate__type_support.c\n'}
[1.533847] (px4_msgs) StdoutLine: {'line': b'-- Up-to-date: /home/mustardking/ws_sensor_combined/install/px4_msgs/include/px4_msgs/px4_msgs/msg/detail/vehicle_command__rosidl_typesupport_introspection_c.h\n'}
[1.533869] (px4_msgs) StdoutLine: {'line': b'-- Up-to-date: /home/mustardking/ws_sensor_combined/install/px4_msgs/include/px4_msgs/px4_msgs/msg/detail/sensors_status__rosidl_typesupport_introspection_c.h\n'}
[1.533891] (px4_msgs) StdoutLine: {'line': b'-- Up-to-date: /home/mustardking/ws_sensor_combined/install/px4_msgs/include/px4_msgs/px4_msgs/msg/detail/battery_info__type_support.c\n'}
[1.533913] (px4_msgs) StdoutLine: {'line': b'-- Up-to-date: /home/mustardking/ws_sensor_combined/install/px4_msgs/include/px4_msgs/px4_msgs/msg/detail/vehicle_imu_status__rosidl_typesupport_introspection_c.h\n'}
[1.533938] (px4_msgs) StdoutLine: {'line': b'-- Up-to-date: /home/mustardking/ws_sensor_combined/install/px4_msgs/include/px4_msgs/px4_msgs/msg/detail/estimator_gps_status__rosidl_typesupport_introspection_c.h\n'}
[1.533960] (px4_msgs) StdoutLine: {'line': b'-- Up-to-date: /home/mustardking/ws_sensor_combined/install/px4_msgs/include/px4_msgs/px4_msgs/msg/detail/uavcan_parameter_request__type_support.c\n'}
[1.533982] (px4_msgs) StdoutLine: {'line': b'-- Up-to-date: /home/mustardking/ws_sensor_combined/install/px4_msgs/include/px4_msgs/px4_msgs/msg/detail/landing_target_innovations__rosidl_typesupport_introspection_c.h\n'}
[1.534004] (px4_msgs) StdoutLine: {'line': b'-- Up-to-date: /home/mustardking/ws_sensor_combined/install/px4_msgs/include/px4_msgs/px4_msgs/msg/detail/estimator_aid_source1d__rosidl_typesupport_introspection_c.h\n'}
[1.534026] (px4_msgs) StdoutLine: {'line': b'-- Up-to-date: /home/mustardking/ws_sensor_combined/install/px4_msgs/include/px4_msgs/px4_msgs/msg/detail/estimator_innovations__rosidl_typesupport_introspection_c.h\n'}
[1.534048] (px4_msgs) StdoutLine: {'line': b'-- Up-to-date: /home/mustardking/ws_sensor_combined/install/px4_msgs/include/px4_msgs/px4_msgs/msg/detail/dataman_request__type_support.c\n'}
[1.534069] (px4_msgs) StdoutLine: {'line': b'-- Up-to-date: /home/mustardking/ws_sensor_combined/install/px4_msgs/include/px4_msgs/px4_msgs/msg/detail/parameter_set_value_request__type_support.c\n'}
[1.534091] (px4_msgs) StdoutLine: {'line': b'-- Up-to-date: /home/mustardking/ws_sensor_combined/install/px4_msgs/include/px4_msgs/px4_msgs/msg/detail/unregister_ext_component__rosidl_typesupport_introspection_c.h\n'}
[1.534113] (px4_msgs) StdoutLine: {'line': b'-- Up-to-date: /home/mustardking/ws_sensor_combined/install/px4_msgs/include/px4_msgs/px4_msgs/msg/detail/position_controller_status__type_support.c\n'}
[1.534135] (px4_msgs) StdoutLine: {'line': b'-- Up-to-date: /home/mustardking/ws_sensor_combined/install/px4_msgs/include/px4_msgs/px4_msgs/msg/detail/gimbal_manager_status__type_support.c\n'}
[1.534157] (px4_msgs) StdoutLine: {'line': b'-- Up-to-date: /home/mustardking/ws_sensor_combined/install/px4_msgs/include/px4_msgs/px4_msgs/msg/detail/fuel_tank_status__rosidl_typesupport_introspection_c.h\n'}
[1.534179] (px4_msgs) StdoutLine: {'line': b'-- Up-to-date: /home/mustardking/ws_sensor_combined/install/px4_msgs/include/px4_msgs/px4_msgs/msg/detail/vehicle_imu__type_support.c\n'}
[1.534201] (px4_msgs) StdoutLine: {'line': b'-- Up-to-date: /home/mustardking/ws_sensor_combined/install/px4_msgs/include/px4_msgs/px4_msgs/msg/detail/sensor_gps__type_support.c\n'}
[1.534222] (px4_msgs) StdoutLine: {'line': b'-- Up-to-date: /home/mustardking/ws_sensor_combined/install/px4_msgs/include/px4_msgs/px4_msgs/msg/detail/mavlink_tunnel__type_support.c\n'}
[1.534244] (px4_msgs) StdoutLine: {'line': b'-- Up-to-date: /home/mustardking/ws_sensor_combined/install/px4_msgs/include/px4_msgs/px4_msgs/msg/detail/gimbal_manager_set_attitude__rosidl_typesupport_introspection_c.h\n'}
[1.534269] (px4_msgs) StdoutLine: {'line': b'-- Up-to-date: /home/mustardking/ws_sensor_combined/install/px4_msgs/include/px4_msgs/px4_msgs/msg/detail/failsafe_flags__type_support.c\n'}
[1.534291] (px4_msgs) StdoutLine: {'line': b'-- Up-to-date: /home/mustardking/ws_sensor_combined/install/px4_msgs/include/px4_msgs/px4_msgs/msg/detail/manual_control_switches__rosidl_typesupport_introspection_c.h\n'}
[1.534313] (px4_msgs) StdoutLine: {'line': b'-- Up-to-date: /home/mustardking/ws_sensor_combined/install/px4_msgs/include/px4_msgs/px4_msgs/msg/detail/estimator_bias3d__type_support.c\n'}
[1.534335] (px4_msgs) StdoutLine: {'line': b'-- Up-to-date: /home/mustardking/ws_sensor_combined/install/px4_msgs/include/px4_msgs/px4_msgs/msg/detail/vehicle_command_ack__type_support.c\n'}
[1.534357] (px4_msgs) StdoutLine: {'line': b'-- Up-to-date: /home/mustardking/ws_sensor_combined/install/px4_msgs/include/px4_msgs/px4_msgs/msg/detail/rover_speed_status__type_support.c\n'}
[1.534379] (px4_msgs) StdoutLine: {'line': b'-- Up-to-date: /home/mustardking/ws_sensor_combined/install/px4_msgs/include/px4_msgs/px4_msgs/msg/detail/iridiumsbd_status__rosidl_typesupport_introspection_c.h\n'}
[1.534403] (px4_msgs) StdoutLine: {'line': b'-- Up-to-date: /home/mustardking/ws_sensor_combined/install/px4_msgs/include/px4_msgs/px4_msgs/msg/detail/estimator_aid_source2d__type_support.c\n'}
[1.534424] (px4_msgs) StdoutLine: {'line': b'-- Up-to-date: /home/mustardking/ws_sensor_combined/install/px4_msgs/include/px4_msgs/px4_msgs/msg/detail/sensor_airflow__type_support.c\n'}
[1.534446] (px4_msgs) StdoutLine: {'line': b'-- Up-to-date: /home/mustardking/ws_sensor_combined/install/px4_msgs/include/px4_msgs/px4_msgs/msg/detail/input_rc__type_support.c\n'}
[1.534468] (px4_msgs) StdoutLine: {'line': b'-- Up-to-date: /home/mustardking/ws_sensor_combined/install/px4_msgs/include/px4_msgs/px4_msgs/msg/detail/position_setpoint__rosidl_typesupport_introspection_c.h\n'}
[1.534499] (px4_msgs) StdoutLine: {'line': b'-- Up-to-date: /home/mustardking/ws_sensor_combined/install/px4_msgs/include/px4_msgs/px4_msgs/msg/detail/actuator_controls_status__type_support.c\n'}
[1.534521] (px4_msgs) StdoutLine: {'line': b'-- Up-to-date: /home/mustardking/ws_sensor_combined/install/px4_msgs/include/px4_msgs/px4_msgs/msg/detail/gimbal_manager_set_attitude__type_support.c\n'}
[1.534543] (px4_msgs) StdoutLine: {'line': b'-- Up-to-date: /home/mustardking/ws_sensor_combined/install/px4_msgs/include/px4_msgs/px4_msgs/msg/detail/satellite_info__rosidl_typesupport_introspection_c.h\n'}
[1.534565] (px4_msgs) StdoutLine: {'line': b'-- Up-to-date: /home/mustardking/ws_sensor_combined/install/px4_msgs/include/px4_msgs/px4_msgs/msg/detail/navigator_mission_item__type_support.c\n'}
[1.534586] (px4_msgs) StdoutLine: {'line': b'-- Up-to-date: /home/mustardking/ws_sensor_combined/install/px4_msgs/include/px4_msgs/px4_msgs/msg/detail/log_message__type_support.c\n'}
[1.534608] (px4_msgs) StdoutLine: {'line': b'-- Up-to-date: /home/mustardking/ws_sensor_combined/install/px4_msgs/include/px4_msgs/px4_msgs/msg/detail/gimbal_manager_status__rosidl_typesupport_introspection_c.h\n'}
[1.534630] (px4_msgs) StdoutLine: {'line': b'-- Up-to-date: /home/mustardking/ws_sensor_combined/install/px4_msgs/include/px4_msgs/px4_msgs/msg/detail/follow_target_status__rosidl_typesupport_introspection_c.h\n'}
[1.534652] (px4_msgs) StdoutLine: {'line': b'-- Up-to-date: /home/mustardking/ws_sensor_combined/install/px4_msgs/include/px4_msgs/px4_msgs/msg/detail/sensor_preflight_mag__rosidl_typesupport_introspection_c.h\n'}
[1.534674] (px4_msgs) StdoutLine: {'line': b'-- Up-to-date: /home/mustardking/ws_sensor_combined/install/px4_msgs/include/px4_msgs/px4_msgs/msg/detail/estimator_bias3d__rosidl_typesupport_introspection_c.h\n'}
[1.534696] (px4_msgs) StdoutLine: {'line': b'-- Up-to-date: /home/mustardking/ws_sensor_combined/install/px4_msgs/include/px4_msgs/px4_msgs/msg/detail/action_request__type_support.c\n'}
[1.534718] (px4_msgs) StdoutLine: {'line': b'-- Up-to-date: /home/mustardking/ws_sensor_combined/install/px4_msgs/include/px4_msgs/px4_msgs/msg/detail/qshell_req__rosidl_typesupport_introspection_c.h\n'}
[1.534740] (px4_msgs) StdoutLine: {'line': b'-- Up-to-date: /home/mustardking/ws_sensor_combined/install/px4_msgs/include/px4_msgs/px4_msgs/msg/detail/autotune_attitude_control_status__type_support.c\n'}
[1.534761] (px4_msgs) StdoutLine: {'line': b'-- Up-to-date: /home/mustardking/ws_sensor_combined/install/px4_msgs/include/px4_msgs/px4_msgs/msg/detail/vehicle_land_detected__rosidl_typesupport_introspection_c.h\n'}
[1.534783] (px4_msgs) StdoutLine: {'line': b'-- Up-to-date: /home/mustardking/ws_sensor_combined/install/px4_msgs/include/px4_msgs/px4_msgs/msg/detail/timesync_status__type_support.c\n'}
[1.534805] (px4_msgs) StdoutLine: {'line': b'-- Up-to-date: /home/mustardking/ws_sensor_combined/install/px4_msgs/include/px4_msgs/px4_msgs/msg/detail/landing_target_innovations__type_support.c\n'}
[1.534827] (px4_msgs) StdoutLine: {'line': b'-- Up-to-date: /home/mustardking/ws_sensor_combined/install/px4_msgs/include/px4_msgs/px4_msgs/msg/detail/rover_position_setpoint__type_support.c\n'}
[1.534850] (px4_msgs) StdoutLine: {'line': b'-- Up-to-date: /home/mustardking/ws_sensor_combined/install/px4_msgs/include/px4_msgs/px4_msgs/msg/detail/open_drone_id_self_id__type_support.c\n'}
[1.534874] (px4_msgs) StdoutLine: {'line': b'-- Up-to-date: /home/mustardking/ws_sensor_combined/install/px4_msgs/include/px4_msgs/px4_msgs/msg/detail/sensor_accel__rosidl_typesupport_introspection_c.h\n'}
[1.534896] (px4_msgs) StdoutLine: {'line': b'-- Up-to-date: /home/mustardking/ws_sensor_combined/install/px4_msgs/include/px4_msgs/px4_msgs/msg/detail/task_stack_info__type_support.c\n'}
[1.534917] (px4_msgs) StdoutLine: {'line': b'-- Up-to-date: /home/mustardking/ws_sensor_combined/install/px4_msgs/include/px4_msgs/px4_msgs/msg/detail/debug_vect__rosidl_typesupport_introspection_c.h\n'}
[1.534939] (px4_msgs) StdoutLine: {'line': b'-- Up-to-date: /home/mustardking/ws_sensor_combined/install/px4_msgs/include/px4_msgs/px4_msgs/msg/detail/vehicle_global_position__type_support.c\n'}
[1.534960] (px4_msgs) StdoutLine: {'line': b'-- Up-to-date: /home/mustardking/ws_sensor_combined/install/px4_msgs/include/px4_msgs/px4_msgs/msg/detail/ulog_stream_ack__type_support.c\n'}
[1.534982] (px4_msgs) StdoutLine: {'line': b'-- Up-to-date: /home/mustardking/ws_sensor_combined/install/px4_msgs/include/px4_msgs/px4_msgs/msg/detail/arming_check_reply__type_support.c\n'}
[1.535003] (px4_msgs) StdoutLine: {'line': b'-- Up-to-date: /home/mustardking/ws_sensor_combined/install/px4_msgs/include/px4_msgs/px4_msgs/msg/detail/magnetometer_bias_estimate__rosidl_typesupport_introspection_c.h\n'}
[1.535026] (px4_msgs) StdoutLine: {'line': b'-- Up-to-date: /home/mustardking/ws_sensor_combined/install/px4_msgs/include/px4_msgs/px4_msgs/msg/detail/actuator_servos_trim__rosidl_typesupport_introspection_c.h\n'}
[1.535047] (px4_msgs) StdoutLine: {'line': b'-- Up-to-date: /home/mustardking/ws_sensor_combined/install/px4_msgs/include/px4_msgs/px4_msgs/msg/detail/sensor_correction__rosidl_typesupport_introspection_c.h\n'}
[1.535070] (px4_msgs) StdoutLine: {'line': b'-- Up-to-date: /home/mustardking/ws_sensor_combined/install/px4_msgs/include/px4_msgs/px4_msgs/msg/detail/rtl_status__rosidl_typesupport_introspection_c.h\n'}
[1.535091] (px4_msgs) StdoutLine: {'line': b'-- Up-to-date: /home/mustardking/ws_sensor_combined/install/px4_msgs/include/px4_msgs/px4_msgs/msg/detail/gimbal_manager_information__rosidl_typesupport_introspection_c.h\n'}
[1.535113] (px4_msgs) StdoutLine: {'line': b'-- Up-to-date: /home/mustardking/ws_sensor_combined/install/px4_msgs/include/px4_msgs/px4_msgs/msg/detail/power_button_state__type_support.c\n'}
[1.535134] (px4_msgs) StdoutLine: {'line': b'-- Up-to-date: /home/mustardking/ws_sensor_combined/install/px4_msgs/include/px4_msgs/px4_msgs/msg/detail/rover_position_setpoint__rosidl_typesupport_introspection_c.h\n'}
[1.535156] (px4_msgs) StdoutLine: {'line': b'-- Up-to-date: /home/mustardking/ws_sensor_combined/install/px4_msgs/include/px4_msgs/px4_msgs/msg/detail/actuator_armed__rosidl_typesupport_introspection_c.h\n'}
[1.535178] (px4_msgs) StdoutLine: {'line': b'-- Up-to-date: /home/mustardking/ws_sensor_combined/install/px4_msgs/include/px4_msgs/px4_msgs/msg/detail/navigator_status__type_support.c\n'}
[1.535208] (px4_msgs) StdoutLine: {'line': b'-- Up-to-date: /home/mustardking/ws_sensor_combined/install/px4_msgs/include/px4_msgs/px4_msgs/msg/detail/wind__type_support.c\n'}
[1.535230] (px4_msgs) StdoutLine: {'line': b'-- Up-to-date: /home/mustardking/ws_sensor_combined/install/px4_msgs/include/px4_msgs/px4_msgs/msg/detail/neural_control__type_support.c\n'}
[1.535251] (px4_msgs) StdoutLine: {'line': b'-- Up-to-date: /home/mustardking/ws_sensor_combined/install/px4_msgs/include/px4_msgs/px4_msgs/msg/detail/radio_status__rosidl_typesupport_introspection_c.h\n'}
[1.535273] (px4_msgs) StdoutLine: {'line': b'-- Up-to-date: /home/mustardking/ws_sensor_combined/install/px4_msgs/include/px4_msgs/px4_msgs/msg/detail/sensor_gnss_status__rosidl_typesupport_introspection_c.h\n'}
[1.535368] (px4_msgs) StdoutLine: {'line': b'-- Up-to-date: /home/mustardking/ws_sensor_combined/install/px4_msgs/include/px4_msgs/px4_msgs/msg/detail/rover_throttle_setpoint__rosidl_typesupport_introspection_c.h\n'}
[1.535396] (px4_msgs) StdoutLine: {'line': b'-- Up-to-date: /home/mustardking/ws_sensor_combined/install/px4_msgs/include/px4_msgs/px4_msgs/msg/detail/orb_test__rosidl_typesupport_introspection_c.h\n'}
[1.535418] (px4_msgs) StdoutLine: {'line': b'-- Up-to-date: /home/mustardking/ws_sensor_combined/install/px4_msgs/include/px4_msgs/px4_msgs/msg/detail/estimator_event_flags__rosidl_typesupport_introspection_c.h\n'}
[1.535447] (px4_msgs) StdoutLine: {'line': b'-- Up-to-date: /home/mustardking/ws_sensor_combined/install/px4_msgs/include/px4_msgs/px4_msgs/msg/detail/parameter_reset_request__rosidl_typesupport_introspection_c.h\n'}
[1.535472] (px4_msgs) StdoutLine: {'line': b'-- Up-to-date: /home/mustardking/ws_sensor_combined/install/px4_msgs/include/px4_msgs/px4_msgs/msg/detail/fixed_wing_lateral_status__rosidl_typesupport_introspection_c.h\n'}
[1.535502] (px4_msgs) StdoutLine: {'line': b'-- Up-to-date: /home/mustardking/ws_sensor_combined/install/px4_msgs/include/px4_msgs/px4_msgs/msg/detail/follow_target_status__type_support.c\n'}
[1.535526] (px4_msgs) StdoutLine: {'line': b'-- Up-to-date: /home/mustardking/ws_sensor_combined/install/px4_msgs/include/px4_msgs/px4_msgs/msg/detail/logger_status__type_support.c\n'}
[1.535551] (px4_msgs) StdoutLine: {'line': b'-- Up-to-date: /home/mustardking/ws_sensor_combined/install/px4_msgs/include/px4_msgs/px4_msgs/msg/detail/position_setpoint__type_support.c\n'}
[1.535582] (px4_msgs) StdoutLine: {'line': b'-- Up-to-date: /home/mustardking/ws_sensor_combined/install/px4_msgs/include/px4_msgs/px4_msgs/msg/detail/logger_status__rosidl_typesupport_introspection_c.h\n'}
[1.535604] (px4_msgs) StdoutLine: {'line': b'-- Up-to-date: /home/mustardking/ws_sensor_combined/install/px4_msgs/include/px4_msgs/px4_msgs/msg/detail/follow_target__type_support.c\n'}
[1.535626] (px4_msgs) StdoutLine: {'line': b'-- Up-to-date: /home/mustardking/ws_sensor_combined/install/px4_msgs/include/px4_msgs/px4_msgs/msg/detail/manual_control_setpoint__rosidl_typesupport_introspection_c.h\n'}
[1.535651] (px4_msgs) StdoutLine: {'line': b'-- Up-to-date: /home/mustardking/ws_sensor_combined/install/px4_msgs/include/px4_msgs/px4_msgs/msg/detail/gimbal_device_information__type_support.c\n'}
[1.535682] (px4_msgs) StdoutLine: {'line': b'-- Up-to-date: /home/mustardking/ws_sensor_combined/install/px4_msgs/include/px4_msgs/px4_msgs/msg/detail/parameter_update__type_support.c\n'}
[1.535704] (px4_msgs) StdoutLine: {'line': b'-- Up-to-date: /home/mustardking/ws_sensor_combined/install/px4_msgs/include/px4_msgs/px4_msgs/msg/detail/open_drone_id_system__rosidl_typesupport_introspection_c.h\n'}
[1.535726] (px4_msgs) StdoutLine: {'line': b'-- Up-to-date: /home/mustardking/ws_sensor_combined/install/px4_msgs/include/px4_msgs/px4_msgs/msg/detail/vehicle_attitude_setpoint__type_support.c\n'}
[1.535750] (px4_msgs) StdoutLine: {'line': b'-- Up-to-date: /home/mustardking/ws_sensor_combined/install/px4_msgs/include/px4_msgs/px4_msgs/msg/detail/unregister_ext_component__type_support.c\n'}
[1.535772] (px4_msgs) StdoutLine: {'line': b'-- Up-to-date: /home/mustardking/ws_sensor_combined/install/px4_msgs/include/px4_msgs/px4_msgs/msg/detail/airspeed_validated__type_support.c\n'}
[1.535794] (px4_msgs) StdoutLine: {'line': b'-- Up-to-date: /home/mustardking/ws_sensor_combined/install/px4_msgs/include/px4_msgs/px4_msgs/msg/detail/fixed_wing_longitudinal_setpoint__type_support.c\n'}
[1.535816] (px4_msgs) StdoutLine: {'line': b'-- Up-to-date: /home/mustardking/ws_sensor_combined/install/px4_msgs/include/px4_msgs/px4_msgs/msg/detail/rpm__rosidl_typesupport_introspection_c.h\n'}
[1.535837] (px4_msgs) StdoutLine: {'line': b'-- Up-to-date: /home/mustardking/ws_sensor_combined/install/px4_msgs/include/px4_msgs/px4_msgs/msg/detail/normalized_unsigned_setpoint__rosidl_typesupport_introspection_c.h\n'}
[1.535859] (px4_msgs) StdoutLine: {'line': b'-- Up-to-date: /home/mustardking/ws_sensor_combined/install/px4_msgs/include/px4_msgs/px4_msgs/msg/detail/autotune_attitude_control_status__rosidl_typesupport_introspection_c.h\n'}
[1.535882] (px4_msgs) StdoutLine: {'line': b'-- Up-to-date: /home/mustardking/ws_sensor_combined/install/px4_msgs/include/px4_msgs/px4_msgs/msg/detail/gripper__type_support.c\n'}
[1.535904] (px4_msgs) StdoutLine: {'line': b'-- Up-to-date: /home/mustardking/ws_sensor_combined/install/px4_msgs/include/px4_msgs/px4_msgs/msg/detail/vehicle_constraints__rosidl_typesupport_introspection_c.h\n'}
[1.535930] (px4_msgs) StdoutLine: {'line': b'-- Up-to-date: /home/mustardking/ws_sensor_combined/install/px4_msgs/include/px4_msgs/px4_msgs/msg/detail/battery_info__rosidl_typesupport_introspection_c.h\n'}
[1.535956] (px4_msgs) StdoutLine: {'line': b'-- Up-to-date: /home/mustardking/ws_sensor_combined/install/px4_msgs/include/px4_msgs/px4_msgs/msg/detail/vehicle_roi__rosidl_typesupport_introspection_c.h\n'}
[1.535978] (px4_msgs) StdoutLine: {'line': b'-- Up-to-date: /home/mustardking/ws_sensor_combined/install/px4_msgs/include/px4_msgs/px4_msgs/msg/detail/mount_orientation__type_support.c\n'}
[1.535999] (px4_msgs) StdoutLine: {'line': b'-- Up-to-date: /home/mustardking/ws_sensor_combined/install/px4_msgs/include/px4_msgs/px4_msgs/msg/detail/open_drone_id_operator_id__type_support.c\n'}
[1.536020] (px4_msgs) StdoutLine: {'line': b'-- Up-to-date: /home/mustardking/ws_sensor_combined/install/px4_msgs/include/px4_msgs/px4_msgs/msg/detail/ping__rosidl_typesupport_introspection_c.h\n'}
[1.536042] (px4_msgs) StdoutLine: {'line': b'-- Up-to-date: /home/mustardking/ws_sensor_combined/install/px4_msgs/include/px4_msgs/px4_msgs/msg/detail/figure_eight_status__type_support.c\n'}
[1.536063] (px4_msgs) StdoutLine: {'line': b'-- Up-to-date: /home/mustardking/ws_sensor_combined/install/px4_msgs/include/px4_msgs/px4_msgs/msg/detail/adc_report__rosidl_typesupport_introspection_c.h\n'}
[1.536085] (px4_msgs) StdoutLine: {'line': b'-- Up-to-date: /home/mustardking/ws_sensor_combined/install/px4_msgs/include/px4_msgs/px4_msgs/msg/detail/mode_completed__rosidl_typesupport_introspection_c.h\n'}
[1.536106] (px4_msgs) StdoutLine: {'line': b'-- Up-to-date: /home/mustardking/ws_sensor_combined/install/px4_msgs/include/px4_msgs/px4_msgs/msg/detail/button_event__type_support.c\n'}
[1.536128] (px4_msgs) StdoutLine: {'line': b'-- Up-to-date: /home/mustardking/ws_sensor_combined/install/px4_msgs/include/px4_msgs/px4_msgs/msg/detail/led_control__rosidl_typesupport_introspection_c.h\n'}
[1.536150] (px4_msgs) StdoutLine: {'line': b'-- Up-to-date: /home/mustardking/ws_sensor_combined/install/px4_msgs/include/px4_msgs/px4_msgs/msg/detail/lateral_control_configuration__type_support.c\n'}
[1.536175] (px4_msgs) StdoutLine: {'line': b'-- Up-to-date: /home/mustardking/ws_sensor_combined/install/px4_msgs/include/px4_msgs/px4_msgs/msg/detail/vehicle_optical_flow__type_support.c\n'}
[1.536197] (px4_msgs) StdoutLine: {'line': b'-- Up-to-date: /home/mustardking/ws_sensor_combined/install/px4_msgs/include/px4_msgs/px4_msgs/msg/detail/vehicle_angular_acceleration_setpoint__type_support.c\n'}
[1.536218] (px4_msgs) StdoutLine: {'line': b'-- Up-to-date: /home/mustardking/ws_sensor_combined/install/px4_msgs/include/px4_msgs/px4_msgs/msg/detail/airspeed_validated__rosidl_typesupport_introspection_c.h\n'}
[1.536240] (px4_msgs) StdoutLine: {'line': b'-- Up-to-date: /home/mustardking/ws_sensor_combined/install/px4_msgs/include/px4_msgs/px4_msgs/msg/detail/button_event__rosidl_typesupport_introspection_c.h\n'}
[1.536261] (px4_msgs) StdoutLine: {'line': b'-- Up-to-date: /home/mustardking/ws_sensor_combined/install/px4_msgs/include/px4_msgs/px4_msgs/msg/detail/timesync_status__rosidl_typesupport_introspection_c.h\n'}
[1.536283] (px4_msgs) StdoutLine: {'line': b'-- Up-to-date: /home/mustardking/ws_sensor_combined/install/px4_msgs/include/px4_msgs/px4_msgs/msg/detail/vehicle_land_detected__type_support.c\n'}
[1.536306] (px4_msgs) StdoutLine: {'line': b'-- Up-to-date: /home/mustardking/ws_sensor_combined/install/px4_msgs/include/px4_msgs/px4_msgs/msg/detail/mission__type_support.c\n'}
[1.536329] (px4_msgs) StdoutLine: {'line': b'-- Up-to-date: /home/mustardking/ws_sensor_combined/install/px4_msgs/include/px4_msgs/px4_msgs/msg/detail/power_button_state__rosidl_typesupport_introspection_c.h\n'}
[1.536351] (px4_msgs) StdoutLine: {'line': b'-- Up-to-date: /home/mustardking/ws_sensor_combined/install/px4_msgs/include/px4_msgs/px4_msgs/msg/detail/yaw_estimator_status__rosidl_typesupport_introspection_c.h\n'}
[1.536373] (px4_msgs) StdoutLine: {'line': b'-- Up-to-date: /home/mustardking/ws_sensor_combined/install/px4_msgs/include/px4_msgs/px4_msgs/msg/detail/actuator_test__type_support.c\n'}
[1.536394] (px4_msgs) StdoutLine: {'line': b'-- Up-to-date: /home/mustardking/ws_sensor_combined/install/px4_msgs/include/px4_msgs/px4_msgs/msg/detail/sensor_accel__type_support.c\n'}
[1.536416] (px4_msgs) StdoutLine: {'line': b'-- Up-to-date: /home/mustardking/ws_sensor_combined/install/px4_msgs/include/px4_msgs/px4_msgs/msg/detail/gpio_in__rosidl_typesupport_introspection_c.h\n'}
[1.536438] (px4_msgs) StdoutLine: {'line': b'-- Up-to-date: /home/mustardking/ws_sensor_combined/install/px4_msgs/include/px4_msgs/px4_msgs/msg/detail/vehicle_magnetometer__type_support.c\n'}
[1.536459] (px4_msgs) StdoutLine: {'line': b'-- Up-to-date: /home/mustardking/ws_sensor_combined/install/px4_msgs/include/px4_msgs/px4_msgs/msg/detail/rover_throttle_setpoint__type_support.c\n'}
[1.536481] (px4_msgs) StdoutLine: {'line': b'-- Up-to-date: /home/mustardking/ws_sensor_combined/install/px4_msgs/include/px4_msgs/px4_msgs/msg/detail/cpuload__type_support.c\n'}
[1.536502] (px4_msgs) StdoutLine: {'line': b'-- Up-to-date: /home/mustardking/ws_sensor_combined/install/px4_msgs/include/px4_msgs/px4_msgs/msg/detail/satellite_info__type_support.c\n'}
[1.536524] (px4_msgs) StdoutLine: {'line': b'-- Up-to-date: /home/mustardking/ws_sensor_combined/install/px4_msgs/include/px4_msgs/px4_msgs/msg/detail/vehicle_acceleration__rosidl_typesupport_introspection_c.h\n'}
[1.536546] (px4_msgs) StdoutLine: {'line': b'-- Up-to-date: /home/mustardking/ws_sensor_combined/install/px4_msgs/include/px4_msgs/px4_msgs/msg/detail/action_request__rosidl_typesupport_introspection_c.h\n'}
[1.536567] (px4_msgs) StdoutLine: {'line': b'-- Up-to-date: /home/mustardking/ws_sensor_combined/install/px4_msgs/include/px4_msgs/px4_msgs/msg/detail/input_rc__rosidl_typesupport_introspection_c.h\n'}
[1.536589] (px4_msgs) StdoutLine: {'line': b'-- Up-to-date: /home/mustardking/ws_sensor_combined/install/px4_msgs/include/px4_msgs/px4_msgs/msg/detail/register_ext_component_reply__rosidl_typesupport_introspection_c.h\n'}
[1.536611] (px4_msgs) StdoutLine: {'line': b'-- Up-to-date: /home/mustardking/ws_sensor_combined/install/px4_msgs/include/px4_msgs/px4_msgs/msg/detail/rate_ctrl_status__rosidl_typesupport_introspection_c.h\n'}
[1.536632] (px4_msgs) StdoutLine: {'line': b'-- Up-to-date: /home/mustardking/ws_sensor_combined/install/px4_msgs/include/px4_msgs/px4_msgs/msg/detail/parameter_set_value_response__type_support.c\n'}
[1.536654] (px4_msgs) StdoutLine: {'line': b'-- Up-to-date: /home/mustardking/ws_sensor_combined/install/px4_msgs/include/px4_msgs/px4_msgs/msg/detail/can_interface_status__type_support.c\n'}
[1.536676] (px4_msgs) StdoutLine: {'line': b'-- Up-to-date: /home/mustardking/ws_sensor_combined/install/px4_msgs/include/px4_msgs/px4_msgs/msg/detail/system_power__rosidl_typesupport_introspection_c.h\n'}
[1.536697] (px4_msgs) StdoutLine: {'line': b'-- Up-to-date: /home/mustardking/ws_sensor_combined/install/px4_msgs/include/px4_msgs/px4_msgs/msg/detail/message_format_response__rosidl_typesupport_introspection_c.h\n'}
[1.536719] (px4_msgs) StdoutLine: {'line': b'-- Up-to-date: /home/mustardking/ws_sensor_combined/install/px4_msgs/include/px4_msgs/px4_msgs/msg/detail/internal_combustion_engine_status__type_support.c\n'}
[1.536741] (px4_msgs) StdoutLine: {'line': b'-- Up-to-date: /home/mustardking/ws_sensor_combined/install/px4_msgs/include/px4_msgs/px4_msgs/msg/detail/rover_attitude_setpoint__type_support.c\n'}
[1.536765] (px4_msgs) StdoutLine: {'line': b'-- Up-to-date: /home/mustardking/ws_sensor_combined/install/px4_msgs/include/px4_msgs/px4_msgs/msg/detail/estimator_event_flags__type_support.c\n'}
[1.536788] (px4_msgs) StdoutLine: {'line': b'-- Up-to-date: /home/mustardking/ws_sensor_combined/install/px4_msgs/include/px4_msgs/px4_msgs/msg/detail/register_ext_component_reply__type_support.c\n'}
[1.536809] (px4_msgs) StdoutLine: {'line': b'-- Up-to-date: /home/mustardking/ws_sensor_combined/install/px4_msgs/include/px4_msgs/px4_msgs/msg/detail/fixed_wing_lateral_setpoint__type_support.c\n'}
[1.536831] (px4_msgs) StdoutLine: {'line': b'-- Up-to-date: /home/mustardking/ws_sensor_combined/install/px4_msgs/include/px4_msgs/px4_msgs/msg/detail/gps_dump__rosidl_typesupport_introspection_c.h\n'}
[1.536853] (px4_msgs) StdoutLine: {'line': b'-- Up-to-date: /home/mustardking/ws_sensor_combined/install/px4_msgs/include/px4_msgs/px4_msgs/msg/detail/mission_result__type_support.c\n'}
[1.536876] (px4_msgs) StdoutLine: {'line': b'-- Up-to-date: /home/mustardking/ws_sensor_combined/install/px4_msgs/include/px4_msgs/px4_msgs/msg/detail/vehicle_torque_setpoint__rosidl_typesupport_introspection_c.h\n'}
[1.536898] (px4_msgs) StdoutLine: {'line': b'-- Up-to-date: /home/mustardking/ws_sensor_combined/install/px4_msgs/include/px4_msgs/px4_msgs/msg/detail/trajectory_setpoint6dof__rosidl_typesupport_introspection_c.h\n'}
[1.536919] (px4_msgs) StdoutLine: {'line': b'-- Up-to-date: /home/mustardking/ws_sensor_combined/install/px4_msgs/include/px4_msgs/px4_msgs/msg/detail/parameter_reset_request__type_support.c\n'}
[1.536941] (px4_msgs) StdoutLine: {'line': b'-- Up-to-date: /home/mustardking/ws_sensor_combined/install/px4_msgs/include/px4_msgs/px4_msgs/msg/detail/velocity_limits__rosidl_typesupport_introspection_c.h\n'}
[1.536962] (px4_msgs) StdoutLine: {'line': b'-- Up-to-date: /home/mustardking/ws_sensor_combined/install/px4_msgs/include/px4_msgs/px4_msgs/msg/detail/gpio_request__rosidl_typesupport_introspection_c.h\n'}
[1.536984] (px4_msgs) StdoutLine: {'line': b'-- Up-to-date: /home/mustardking/ws_sensor_combined/install/px4_msgs/include/px4_msgs/px4_msgs/msg/detail/rc_channels__type_support.c\n'}
[1.537006] (px4_msgs) StdoutLine: {'line': b'-- Up-to-date: /home/mustardking/ws_sensor_combined/install/px4_msgs/include/px4_msgs/px4_msgs/msg/detail/qshell_retval__type_support.c\n'}
[1.537027] (px4_msgs) StdoutLine: {'line': b'-- Up-to-date: /home/mustardking/ws_sensor_combined/install/px4_msgs/include/px4_msgs/px4_msgs/msg/detail/vehicle_local_position_setpoint__type_support.c\n'}
[1.537049] (px4_msgs) StdoutLine: {'line': b'-- Up-to-date: /home/mustardking/ws_sensor_combined/install/px4_msgs/include/px4_msgs/px4_msgs/msg/detail/vehicle_rates_setpoint__rosidl_typesupport_introspection_c.h\n'}
[1.537070] (px4_msgs) StdoutLine: {'line': b'-- Up-to-date: /home/mustardking/ws_sensor_combined/install/px4_msgs/include/px4_msgs/px4_msgs/msg/detail/estimator_sensor_bias__rosidl_typesupport_introspection_c.h\n'}
[1.537092] (px4_msgs) StdoutLine: {'line': b'-- Up-to-date: /home/mustardking/ws_sensor_combined/install/px4_msgs/include/px4_msgs/px4_msgs/msg/detail/mount_orientation__rosidl_typesupport_introspection_c.h\n'}
[1.537113] (px4_msgs) StdoutLine: {'line': b'-- Up-to-date: /home/mustardking/ws_sensor_combined/install/px4_msgs/include/px4_msgs/px4_msgs/msg/detail/uavcan_parameter_value__type_support.c\n'}
[1.537135] (px4_msgs) StdoutLine: {'line': b'-- Up-to-date: /home/mustardking/ws_sensor_combined/install/px4_msgs/include/px4_msgs/px4_msgs/msg/detail/debug_key_value__rosidl_typesupport_introspection_c.h\n'}
[1.537156] (px4_msgs) StdoutLine: {'line': b'-- Up-to-date: /home/mustardking/ws_sensor_combined/install/px4_msgs/include/px4_msgs/px4_msgs/msg/detail/longitudinal_control_configuration__rosidl_typesupport_introspection_c.h\n'}
[1.537178] (px4_msgs) StdoutLine: {'line': b'-- Up-to-date: /home/mustardking/ws_sensor_combined/install/px4_msgs/include/px4_msgs/px4_msgs/msg/detail/esc_status__rosidl_typesupport_introspection_c.h\n'}
[1.537200] (px4_msgs) StdoutLine: {'line': b'-- Up-to-date: /home/mustardking/ws_sensor_combined/install/px4_msgs/include/px4_msgs/px4_msgs/msg/detail/estimator_sensor_bias__type_support.c\n'}
[1.537222] (px4_msgs) StdoutLine: {'line': b'-- Up-to-date: /home/mustardking/ws_sensor_combined/install/px4_msgs/include/px4_msgs/px4_msgs/msg/detail/landing_gear__rosidl_typesupport_introspection_c.h\n'}
[1.537244] (px4_msgs) StdoutLine: {'line': b'-- Up-to-date: /home/mustardking/ws_sensor_combined/install/px4_msgs/include/px4_msgs/px4_msgs/msg/detail/rover_speed_setpoint__type_support.c\n'}
[1.537266] (px4_msgs) StdoutLine: {'line': b'-- Up-to-date: /home/mustardking/ws_sensor_combined/install/px4_msgs/include/px4_msgs/px4_msgs/msg/detail/sensor_gnss_status__type_support.c\n'}
[1.537287] (px4_msgs) StdoutLine: {'line': b'-- Up-to-date: /home/mustardking/ws_sensor_combined/install/px4_msgs/include/px4_msgs/px4_msgs/msg/detail/sensor_baro__rosidl_typesupport_introspection_c.h\n'}
[1.537309] (px4_msgs) StdoutLine: {'line': b'-- Up-to-date: /home/mustardking/ws_sensor_combined/install/px4_msgs/include/px4_msgs/px4_msgs/msg/detail/flight_phase_estimation__rosidl_typesupport_introspection_c.h\n'}
[1.537331] (px4_msgs) StdoutLine: {'line': b'-- Up-to-date: /home/mustardking/ws_sensor_combined/install/px4_msgs/include/px4_msgs/px4_msgs/msg/detail/follow_target__rosidl_typesupport_introspection_c.h\n'}
[1.537354] (px4_msgs) StdoutLine: {'line': b'-- Up-to-date: /home/mustardking/ws_sensor_combined/install/px4_msgs/include/px4_msgs/px4_msgs/msg/detail/estimator_aid_source2d__rosidl_typesupport_introspection_c.h\n'}
[1.537376] (px4_msgs) StdoutLine: {'line': b'-- Up-to-date: /home/mustardking/ws_sensor_combined/install/px4_msgs/include/px4_msgs/px4_msgs/msg/detail/sensor_gyro__type_support.c\n'}
[1.537398] (px4_msgs) StdoutLine: {'line': b'-- Up-to-date: /home/mustardking/ws_sensor_combined/install/px4_msgs/include/px4_msgs/px4_msgs/msg/detail/position_controller_status__rosidl_typesupport_introspection_c.h\n'}
[1.537421] (px4_msgs) StdoutLine: {'line': b'-- Up-to-date: /home/mustardking/ws_sensor_combined/install/px4_msgs/include/px4_msgs/px4_msgs/msg/detail/manual_control_switches__type_support.c\n'}
[1.537442] (px4_msgs) StdoutLine: {'line': b'-- Up-to-date: /home/mustardking/ws_sensor_combined/install/px4_msgs/include/px4_msgs/px4_msgs/msg/detail/landing_gear_wheel__rosidl_typesupport_introspection_c.h\n'}
[1.537464] (px4_msgs) StdoutLine: {'line': b'-- Up-to-date: /home/mustardking/ws_sensor_combined/install/px4_msgs/include/px4_msgs/px4_msgs/msg/detail/pps_capture__rosidl_typesupport_introspection_c.h\n'}
[1.537485] (px4_msgs) StdoutLine: {'line': b'-- Up-to-date: /home/mustardking/ws_sensor_combined/install/px4_msgs/include/px4_msgs/px4_msgs/msg/detail/tune_control__type_support.c\n'}
[1.537507] (px4_msgs) StdoutLine: {'line': b'-- Up-to-date: /home/mustardking/ws_sensor_combined/install/px4_msgs/include/px4_msgs/px4_msgs/msg/detail/tecs_status__type_support.c\n'}
[1.537529] (px4_msgs) StdoutLine: {'line': b'-- Up-to-date: /home/mustardking/ws_sensor_combined/install/px4_msgs/include/px4_msgs/px4_msgs/msg/detail/parameter_update__rosidl_typesupport_introspection_c.h\n'}
[1.537550] (px4_msgs) StdoutLine: {'line': b'-- Up-to-date: /home/mustardking/ws_sensor_combined/install/px4_msgs/include/px4_msgs/px4_msgs/msg/detail/gps_inject_data__type_support.c\n'}
[1.537572] (px4_msgs) StdoutLine: {'line': b'-- Up-to-date: /home/mustardking/ws_sensor_combined/install/px4_msgs/include/px4_msgs/px4_msgs/msg/detail/qshell_req__type_support.c\n'}
[1.537594] (px4_msgs) StdoutLine: {'line': b'-- Up-to-date: /home/mustardking/ws_sensor_combined/install/px4_msgs/include/px4_msgs/px4_msgs/msg/detail/esc_status__type_support.c\n'}
[1.537615] (px4_msgs) StdoutLine: {'line': b'-- Up-to-date: /home/mustardking/ws_sensor_combined/install/px4_msgs/include/px4_msgs/px4_msgs/msg/detail/mavlink_tunnel__rosidl_typesupport_introspection_c.h\n'}
[1.537637] (px4_msgs) StdoutLine: {'line': b'-- Up-to-date: /home/mustardking/ws_sensor_combined/install/px4_msgs/include/px4_msgs/px4_msgs/msg/detail/estimator_bias__rosidl_typesupport_introspection_c.h\n'}
[1.537660] (px4_msgs) StdoutLine: {'line': b'-- Up-to-date: /home/mustardking/ws_sensor_combined/install/px4_msgs/include/px4_msgs/px4_msgs/msg/detail/geofence_status__rosidl_typesupport_introspection_c.h\n'}
[1.537682] (px4_msgs) StdoutLine: {'line': b'-- Up-to-date: /home/mustardking/ws_sensor_combined/install/px4_msgs/include/px4_msgs/px4_msgs/msg/detail/rc_parameter_map__rosidl_typesupport_introspection_c.h\n'}
[1.537703] (px4_msgs) StdoutLine: {'line': b'-- Up-to-date: /home/mustardking/ws_sensor_combined/install/px4_msgs/include/px4_msgs/px4_msgs/msg/detail/landing_gear_wheel__type_support.c\n'}
[1.537725] (px4_msgs) StdoutLine: {'line': b'-- Up-to-date: /home/mustardking/ws_sensor_combined/install/px4_msgs/include/px4_msgs/px4_msgs/msg/detail/cellular_status__rosidl_typesupport_introspection_c.h\n'}
[1.537746] (px4_msgs) StdoutLine: {'line': b'-- Up-to-date: /home/mustardking/ws_sensor_combined/install/px4_msgs/include/px4_msgs/px4_msgs/msg/detail/gimbal_device_set_attitude__type_support.c\n'}
[1.537768] (px4_msgs) StdoutLine: {'line': b'-- Up-to-date: /home/mustardking/ws_sensor_combined/install/px4_msgs/include/px4_msgs/px4_msgs/msg/detail/estimator_status__rosidl_typesupport_introspection_c.h\n'}
[1.537790] (px4_msgs) StdoutLine: {'line': b'-- Up-to-date: /home/mustardking/ws_sensor_combined/install/px4_msgs/include/px4_msgs/px4_msgs/msg/detail/dronecan_node_status__rosidl_typesupport_introspection_c.h\n'}
[1.537811] (px4_msgs) StdoutLine: {'line': b'-- Up-to-date: /home/mustardking/ws_sensor_combined/install/px4_msgs/include/px4_msgs/px4_msgs/msg/detail/estimator_bias__type_support.c\n'}
[1.537833] (px4_msgs) StdoutLine: {'line': b'-- Up-to-date: /home/mustardking/ws_sensor_combined/install/px4_msgs/include/px4_msgs/px4_msgs/msg/detail/position_controller_landing_status__rosidl_typesupport_introspection_c.h\n'}
[1.537854] (px4_msgs) StdoutLine: {'line': b'-- Up-to-date: /home/mustardking/ws_sensor_combined/install/px4_msgs/include/px4_msgs/px4_msgs/msg/detail/estimator_innovations__type_support.c\n'}
[1.537876] (px4_msgs) StdoutLine: {'line': b'-- Up-to-date: /home/mustardking/ws_sensor_combined/install/px4_msgs/include/px4_msgs/px4_msgs/msg/detail/estimator_aid_source1d__type_support.c\n'}
[1.537897] (px4_msgs) StdoutLine: {'line': b'-- Up-to-date: /home/mustardking/ws_sensor_combined/install/px4_msgs/include/px4_msgs/px4_msgs/msg/detail/dataman_response__rosidl_typesupport_introspection_c.h\n'}
[1.537919] (px4_msgs) StdoutLine: {'line': b'-- Up-to-date: /home/mustardking/ws_sensor_combined/install/px4_msgs/include/px4_msgs/px4_msgs/msg/detail/actuator_servos_trim__type_support.c\n'}
[1.537944] (px4_msgs) StdoutLine: {'line': b'-- Up-to-date: /home/mustardking/ws_sensor_combined/install/px4_msgs/include/px4_msgs/px4_msgs/msg/detail/uavcan_parameter_request__rosidl_typesupport_introspection_c.h\n'}
[1.537966] (px4_msgs) StdoutLine: {'line': b'-- Up-to-date: /home/mustardking/ws_sensor_combined/install/px4_msgs/include/px4_msgs/px4_msgs/msg/detail/vehicle_roi__type_support.c\n'}
[1.537988] (px4_msgs) StdoutLine: {'line': b'-- Up-to-date: /home/mustardking/ws_sensor_combined/install/px4_msgs/include/px4_msgs/px4_msgs/msg/detail/hover_thrust_estimate__rosidl_typesupport_introspection_c.h\n'}
[1.538010] (px4_msgs) StdoutLine: {'line': b'-- Up-to-date: /home/mustardking/ws_sensor_combined/install/px4_msgs/include/px4_msgs/px4_msgs/msg/detail/vehicle_air_data__type_support.c\n'}
[1.538031] (px4_msgs) StdoutLine: {'line': b'-- Up-to-date: /home/mustardking/ws_sensor_combined/install/px4_msgs/include/px4_msgs/px4_msgs/msg/detail/health_report__rosidl_typesupport_introspection_c.h\n'}
[1.538053] (px4_msgs) StdoutLine: {'line': b'-- Up-to-date: /home/mustardking/ws_sensor_combined/install/px4_msgs/include/px4_msgs/px4_msgs/msg/detail/log_message__rosidl_typesupport_introspection_c.h\n'}
[1.538075] (px4_msgs) StdoutLine: {'line': b'-- Up-to-date: /home/mustardking/ws_sensor_combined/install/px4_msgs/include/px4_msgs/px4_msgs/msg/detail/rover_attitude_setpoint__rosidl_typesupport_introspection_c.h\n'}
[1.538098] (px4_msgs) StdoutLine: {'line': b'-- Up-to-date: /home/mustardking/ws_sensor_combined/install/px4_msgs/include/px4_msgs/px4_msgs/msg/detail/camera_capture__rosidl_typesupport_introspection_c.h\n'}
[1.538120] (px4_msgs) StdoutLine: {'line': b'-- Up-to-date: /home/mustardking/ws_sensor_combined/install/px4_msgs/include/px4_msgs/px4_msgs/msg/detail/orbit_status__rosidl_typesupport_introspection_c.h\n'}
[1.538142] (px4_msgs) StdoutLine: {'line': b'-- Up-to-date: /home/mustardking/ws_sensor_combined/install/px4_msgs/include/px4_msgs/px4_msgs/msg/detail/camera_trigger__rosidl_typesupport_introspection_c.h\n'}
[1.538163] (px4_msgs) StdoutLine: {'line': b'-- Up-to-date: /home/mustardking/ws_sensor_combined/install/px4_msgs/include/px4_msgs/px4_msgs/msg/detail/vehicle_angular_velocity__rosidl_typesupport_introspection_c.h\n'}
[1.538185] (px4_msgs) StdoutLine: {'line': b'-- Up-to-date: /home/mustardking/ws_sensor_combined/install/px4_msgs/include/px4_msgs/px4_msgs/msg/detail/launch_detection_status__type_support.c\n'}
[1.538206] (px4_msgs) StdoutLine: {'line': b'-- Up-to-date: /home/mustardking/ws_sensor_combined/install/px4_msgs/include/px4_msgs/px4_msgs/msg/detail/onboard_computer_status__type_support.c\n'}
[1.538228] (px4_msgs) StdoutLine: {'line': b'-- Up-to-date: /home/mustardking/ws_sensor_combined/install/px4_msgs/include/px4_msgs/px4_msgs/msg/detail/geofence_result__rosidl_typesupport_introspection_c.h\n'}
[1.538250] (px4_msgs) StdoutLine: {'line': b'-- Up-to-date: /home/mustardking/ws_sensor_combined/install/px4_msgs/include/px4_msgs/px4_msgs/msg/detail/position_setpoint_triplet__type_support.c\n'}
[1.538271] (px4_msgs) StdoutLine: {'line': b'-- Up-to-date: /home/mustardking/ws_sensor_combined/install/px4_msgs/include/px4_msgs/px4_msgs/msg/detail/onboard_computer_status__rosidl_typesupport_introspection_c.h\n'}
[1.538293] (px4_msgs) StdoutLine: {'line': b'-- Up-to-date: /home/mustardking/ws_sensor_combined/install/px4_msgs/include/px4_msgs/px4_msgs/msg/detail/vehicle_thrust_setpoint__type_support.c\n'}
[1.538314] (px4_msgs) StdoutLine: {'line': b'-- Up-to-date: /home/mustardking/ws_sensor_combined/install/px4_msgs/include/px4_msgs/px4_msgs/msg/detail/vehicle_status__type_support.c\n'}
[1.538336] (px4_msgs) StdoutLine: {'line': b'-- Up-to-date: /home/mustardking/ws_sensor_combined/install/px4_msgs/include/px4_msgs/px4_msgs/msg/detail/figure_eight_status__rosidl_typesupport_introspection_c.h\n'}
[1.538358] (px4_msgs) StdoutLine: {'line': b'-- Up-to-date: /home/mustardking/ws_sensor_combined/install/px4_msgs/include/px4_msgs/px4_msgs/msg/detail/rover_steering_setpoint__rosidl_typesupport_introspection_c.h\n'}
[1.538379] (px4_msgs) StdoutLine: {'line': b'-- Up-to-date: /home/mustardking/ws_sensor_combined/install/px4_msgs/include/px4_msgs/px4_msgs/msg/detail/vehicle_optical_flow_vel__type_support.c\n'}
[1.538401] (px4_msgs) StdoutLine: {'line': b'-- Up-to-date: /home/mustardking/ws_sensor_combined/install/px4_msgs/include/px4_msgs/px4_msgs/msg/detail/distance_sensor_mode_change_request__type_support.c\n'}
[1.538423] (px4_msgs) StdoutLine: {'line': b'-- Up-to-date: /home/mustardking/ws_sensor_combined/install/px4_msgs/include/px4_msgs/px4_msgs/msg/detail/yaw_estimator_status__type_support.c\n'}
[1.538444] (px4_msgs) StdoutLine: {'line': b'-- Up-to-date: /home/mustardking/ws_sensor_combined/install/px4_msgs/include/px4_msgs/px4_msgs/msg/detail/ekf2_timestamps__type_support.c\n'}
[1.538466] (px4_msgs) StdoutLine: {'line': b'-- Up-to-date: /home/mustardking/ws_sensor_combined/install/px4_msgs/include/px4_msgs/px4_msgs/msg/detail/camera_status__type_support.c\n'}
[1.538488] (px4_msgs) StdoutLine: {'line': b'-- Up-to-date: /home/mustardking/ws_sensor_combined/install/px4_msgs/include/px4_msgs/px4_msgs/msg/detail/estimator_selector_status__rosidl_typesupport_introspection_c.h\n'}
[1.538510] (px4_msgs) StdoutLine: {'line': b'-- Up-to-date: /home/mustardking/ws_sensor_combined/install/px4_msgs/include/px4_msgs/px4_msgs/msg/detail/vehicle_odometry__rosidl_typesupport_introspection_c.h\n'}
[1.538536] (px4_msgs) StdoutLine: {'line': b'-- Up-to-date: /home/mustardking/ws_sensor_combined/install/px4_msgs/include/px4_msgs/px4_msgs/msg/detail/vehicle_optical_flow__rosidl_typesupport_introspection_c.h\n'}
[1.538559] (px4_msgs) StdoutLine: {'line': b'-- Up-to-date: /home/mustardking/ws_sensor_combined/install/px4_msgs/include/px4_msgs/px4_msgs/msg/detail/navigator_mission_item__rosidl_typesupport_introspection_c.h\n'}
[1.538581] (px4_msgs) StdoutLine: {'line': b'-- Up-to-date: /home/mustardking/ws_sensor_combined/install/px4_msgs/include/px4_msgs/px4_msgs/msg/detail/gripper__rosidl_typesupport_introspection_c.h\n'}
[1.538607] (px4_msgs) StdoutLine: {'line': b'-- Up-to-date: /home/mustardking/ws_sensor_combined/install/px4_msgs/include/px4_msgs/px4_msgs/msg/detail/longitudinal_control_configuration__type_support.c\n'}
[1.538634] (px4_msgs) StdoutLine: {'line': b'-- Up-to-date: /home/mustardking/ws_sensor_combined/install/px4_msgs/include/px4_msgs/px4_msgs/msg/detail/power_monitor__rosidl_typesupport_introspection_c.h\n'}
[1.538656] (px4_msgs) StdoutLine: {'line': b'-- Up-to-date: /home/mustardking/ws_sensor_combined/install/px4_msgs/include/px4_msgs/px4_msgs/msg/detail/gpio_out__rosidl_typesupport_introspection_c.h\n'}
[1.538678] (px4_msgs) StdoutLine: {'line': b'-- Up-to-date: /home/mustardking/ws_sensor_combined/install/px4_msgs/include/px4_msgs/px4_msgs/msg/detail/rover_rate_status__type_support.c\n'}
[1.538700] (px4_msgs) StdoutLine: {'line': b'-- Up-to-date: /home/mustardking/ws_sensor_combined/install/px4_msgs/include/px4_msgs/px4_msgs/msg/detail/vehicle_status__rosidl_typesupport_introspection_c.h\n'}
[1.538721] (px4_msgs) StdoutLine: {'line': b'-- Up-to-date: /home/mustardking/ws_sensor_combined/install/px4_msgs/include/px4_msgs/px4_msgs/msg/detail/sensor_uwb__rosidl_typesupport_introspection_c.h\n'}
[1.538743] (px4_msgs) StdoutLine: {'line': b'-- Up-to-date: /home/mustardking/ws_sensor_combined/install/px4_msgs/include/px4_msgs/px4_msgs/msg/detail/lateral_control_configuration__rosidl_typesupport_introspection_c.h\n'}
[1.538765] (px4_msgs) StdoutLine: {'line': b'-- Up-to-date: /home/mustardking/ws_sensor_combined/install/px4_msgs/include/px4_msgs/px4_msgs/msg/detail/parameter_set_used_request__type_support.c\n'}
[1.538786] (px4_msgs) StdoutLine: {'line': b'-- Up-to-date: /home/mustardking/ws_sensor_combined/install/px4_msgs/include/px4_msgs/px4_msgs/msg/detail/open_drone_id_arm_status__rosidl_typesupport_introspection_c.h\n'}
[1.538808] (px4_msgs) StdoutLine: {'line': b'-- Up-to-date: /home/mustardking/ws_sensor_combined/install/px4_msgs/include/px4_msgs/px4_msgs/msg/detail/vehicle_local_position_setpoint__rosidl_typesupport_introspection_c.h\n'}
[1.538830] (px4_msgs) StdoutLine: {'line': b'-- Up-to-date: /home/mustardking/ws_sensor_combined/install/px4_msgs/include/px4_msgs/px4_msgs/msg/detail/rover_speed_setpoint__rosidl_typesupport_introspection_c.h\n'}
[1.538852] (px4_msgs) StdoutLine: {'line': b'-- Up-to-date: /home/mustardking/ws_sensor_combined/install/px4_msgs/include/px4_msgs/px4_msgs/msg/detail/launch_detection_status__rosidl_typesupport_introspection_c.h\n'}
[1.538874] (px4_msgs) StdoutLine: {'line': b'-- Up-to-date: /home/mustardking/ws_sensor_combined/install/px4_msgs/include/px4_msgs/px4_msgs/msg/detail/home_position__rosidl_typesupport_introspection_c.h\n'}
[1.538895] (px4_msgs) StdoutLine: {'line': b'-- Up-to-date: /home/mustardking/ws_sensor_combined/install/px4_msgs/include/px4_msgs/px4_msgs/msg/detail/esc_report__type_support.c\n'}
[1.538917] (px4_msgs) StdoutLine: {'line': b'-- Up-to-date: /home/mustardking/ws_sensor_combined/install/px4_msgs/include/px4_msgs/px4_msgs/msg/detail/differential_pressure__rosidl_typesupport_introspection_c.h\n'}
[1.538938] (px4_msgs) StdoutLine: {'line': b'-- Up-to-date: /home/mustardking/ws_sensor_combined/install/px4_msgs/include/px4_msgs/px4_msgs/msg/detail/fixed_wing_lateral_setpoint__rosidl_typesupport_introspection_c.h\n'}
[1.538960] (px4_msgs) StdoutLine: {'line': b'-- Up-to-date: /home/mustardking/ws_sensor_combined/install/px4_msgs/include/px4_msgs/px4_msgs/msg/detail/tune_control__rosidl_typesupport_introspection_c.h\n'}
[1.538984] (px4_msgs) StdoutLine: {'line': b'-- Up-to-date: /home/mustardking/ws_sensor_combined/install/px4_msgs/include/px4_msgs/px4_msgs/msg/detail/estimator_aid_source3d__rosidl_typesupport_introspection_c.h\n'}
[1.539005] (px4_msgs) StdoutLine: {'line': b'-- Up-to-date: /home/mustardking/ws_sensor_combined/install/px4_msgs/include/px4_msgs/px4_msgs/msg/detail/gimbal_manager_set_manual_control__type_support.c\n'}
[1.539027] (px4_msgs) StdoutLine: {'line': b'-- Up-to-date: /home/mustardking/ws_sensor_combined/install/px4_msgs/include/px4_msgs/px4_msgs/msg/detail/airspeed_wind__rosidl_typesupport_introspection_c.h\n'}
[1.539048] (px4_msgs) StdoutLine: {'line': b'-- Up-to-date: /home/mustardking/ws_sensor_combined/install/px4_msgs/include/px4_msgs/px4_msgs/msg/detail/trajectory_setpoint6dof__type_support.c\n'}
[1.539147] (px4_msgs) StdoutLine: {'line': b'-- Up-to-date: /home/mustardking/ws_sensor_combined/install/px4_msgs/include/px4_msgs/px4_msgs/msg/detail/fixed_wing_runway_control__rosidl_typesupport_introspection_c.h\n'}
[1.539213] (px4_msgs) StdoutLine: {'line': b'-- Up-to-date: /home/mustardking/ws_sensor_combined/install/px4_msgs/include/px4_msgs/px4_msgs/msg/detail/px4io_status__type_support.c\n'}
[1.539272] (px4_msgs) StdoutLine: {'line': b'-- Up-to-date: /home/mustardking/ws_sensor_combined/install/px4_msgs/include/px4_msgs/px4_msgs/msg/detail/collision_constraints__rosidl_typesupport_introspection_c.h\n'}
[1.539362] (px4_msgs) StdoutLine: {'line': b'-- Up-to-date: /home/mustardking/ws_sensor_combined/install/px4_msgs/include/px4_msgs/px4_msgs/msg/detail/gpio_config__rosidl_typesupport_introspection_c.h\n'}
[1.539428] (px4_msgs) StdoutLine: {'line': b'-- Up-to-date: /home/mustardking/ws_sensor_combined/install/px4_msgs/include/px4_msgs/px4_msgs/msg/detail/event__rosidl_typesupport_introspection_c.h\n'}
[1.539493] (px4_msgs) StdoutLine: {'line': b'-- Up-to-date: /home/mustardking/ws_sensor_combined/install/px4_msgs/include/px4_msgs/px4_msgs/msg/detail/vehicle_control_mode__rosidl_typesupport_introspection_c.h\n'}
[1.539555] (px4_msgs) StdoutLine: {'line': b'-- Up-to-date: /home/mustardking/ws_sensor_combined/install/px4_msgs/include/px4_msgs/px4_msgs/msg/detail/gimbal_manager_information__type_support.c\n'}
[1.539617] (px4_msgs) StdoutLine: {'line': b'-- Up-to-date: /home/mustardking/ws_sensor_combined/install/px4_msgs/include/px4_msgs/px4_msgs/msg/detail/power_monitor__type_support.c\n'}
[1.539652] (px4_msgs) StdoutLine: {'line': b'-- Up-to-date: /home/mustardking/ws_sensor_combined/install/px4_msgs/include/px4_msgs/px4_msgs/msg/detail/health_report__type_support.c\n'}
[1.539674] (px4_msgs) StdoutLine: {'line': b'-- Up-to-date: /home/mustardking/ws_sensor_combined/install/px4_msgs/include/px4_msgs/px4_msgs/msg/detail/mag_worker_data__type_support.c\n'}
[1.539697] (px4_msgs) StdoutLine: {'line': b'-- Up-to-date: /home/mustardking/ws_sensor_combined/install/px4_msgs/include/px4_msgs/px4_msgs/msg/detail/cpuload__rosidl_typesupport_introspection_c.h\n'}
[1.539738] (px4_msgs) StdoutLine: {'line': b'-- Up-to-date: /home/mustardking/ws_sensor_combined/install/px4_msgs/include/px4_msgs/px4_msgs/msg/detail/collision_constraints__type_support.c\n'}
[1.539892] (px4_msgs) StdoutLine: {'line': b'-- Up-to-date: /home/mustardking/ws_sensor_combined/install/px4_msgs/include/px4_msgs/px4_msgs/msg/detail/pps_capture__type_support.c\n'}
[1.539935] (px4_msgs) StdoutLine: {'line': b'-- Up-to-date: /home/mustardking/ws_sensor_combined/install/px4_msgs/include/px4_msgs/px4_msgs/msg/detail/sensors_status__type_support.c\n'}
[1.539962] (px4_msgs) StdoutLine: {'line': b'-- Up-to-date: /home/mustardking/ws_sensor_combined/install/px4_msgs/include/px4_msgs/px4_msgs/msg/detail/sensor_selection__type_support.c\n'}
[1.539986] (px4_msgs) StdoutLine: {'line': b'-- Up-to-date: /home/mustardking/ws_sensor_combined/install/px4_msgs/include/px4_msgs/px4_msgs/msg/detail/debug_key_value__type_support.c\n'}
[1.540009] (px4_msgs) StdoutLine: {'line': b'-- Up-to-date: /home/mustardking/ws_sensor_combined/install/px4_msgs/include/px4_msgs/px4_msgs/msg/detail/tecs_status__rosidl_typesupport_introspection_c.h\n'}
[1.540036] (px4_msgs) StdoutLine: {'line': b'-- Up-to-date: /home/mustardking/ws_sensor_combined/install/px4_msgs/include/px4_msgs/px4_msgs/msg/detail/event__type_support.c\n'}
[1.540059] (px4_msgs) StdoutLine: {'line': b'-- Up-to-date: /home/mustardking/ws_sensor_combined/install/px4_msgs/include/px4_msgs/px4_msgs/msg/detail/vehicle_command__type_support.c\n'}
[1.540082] (px4_msgs) StdoutLine: {'line': b'-- Up-to-date: /home/mustardking/ws_sensor_combined/install/px4_msgs/include/px4_msgs/px4_msgs/msg/detail/estimator_status_flags__type_support.c\n'}
[1.540105] (px4_msgs) StdoutLine: {'line': b'-- Up-to-date: /home/mustardking/ws_sensor_combined/install/px4_msgs/include/px4_msgs/px4_msgs/msg/detail/debug_vect__type_support.c\n'}
[1.540129] (px4_msgs) StdoutLine: {'line': b'-- Up-to-date: /home/mustardking/ws_sensor_combined/install/px4_msgs/include/px4_msgs/px4_msgs/msg/detail/rc_parameter_map__type_support.c\n'}
[1.540151] (px4_msgs) StdoutLine: {'line': b'-- Up-to-date: /home/mustardking/ws_sensor_combined/install/px4_msgs/include/px4_msgs/px4_msgs/msg/detail/uavcan_parameter_value__rosidl_typesupport_introspection_c.h\n'}
[1.540174] (px4_msgs) StdoutLine: {'line': b'-- Up-to-date: /home/mustardking/ws_sensor_combined/install/px4_msgs/include/px4_msgs/px4_msgs/msg/detail/rc_channels__rosidl_typesupport_introspection_c.h\n'}
[1.540200] (px4_msgs) StdoutLine: {'line': b'-- Up-to-date: /home/mustardking/ws_sensor_combined/install/px4_msgs/include/px4_msgs/px4_msgs/msg/detail/can_interface_status__rosidl_typesupport_introspection_c.h\n'}
[1.540231] (px4_msgs) StdoutLine: {'line': b'-- Up-to-date: /home/mustardking/ws_sensor_combined/install/px4_msgs/include/px4_msgs/px4_msgs/msg/detail/generator_status__rosidl_typesupport_introspection_c.h\n'}
[1.540258] (px4_msgs) StdoutLine: {'line': b'-- Up-to-date: /home/mustardking/ws_sensor_combined/install/px4_msgs/include/px4_msgs/px4_msgs/msg/detail/heater_status__rosidl_typesupport_introspection_c.h\n'}
[1.540281] (px4_msgs) StdoutLine: {'line': b'-- Up-to-date: /home/mustardking/ws_sensor_combined/install/px4_msgs/include/px4_msgs/px4_msgs/msg/detail/failsafe_flags__rosidl_typesupport_introspection_c.h\n'}
[1.540310] (px4_msgs) StdoutLine: {'line': b'-- Up-to-date: /home/mustardking/ws_sensor_combined/install/px4_msgs/include/px4_msgs/px4_msgs/msg/detail/obstacle_distance__type_support.c\n'}
[1.540338] (px4_msgs) StdoutLine: {'line': b'-- Up-to-date: /home/mustardking/ws_sensor_combined/install/px4_msgs/include/px4_msgs/px4_msgs/msg/detail/geofence_result__type_support.c\n'}
[1.540361] (px4_msgs) StdoutLine: {'line': b'-- Up-to-date: /home/mustardking/ws_sensor_combined/install/px4_msgs/include/px4_msgs/px4_msgs/msg/detail/sensor_airflow__rosidl_typesupport_introspection_c.h\n'}
[1.540384] (px4_msgs) StdoutLine: {'line': b'-- Up-to-date: /home/mustardking/ws_sensor_combined/install/px4_msgs/include/px4_msgs/px4_msgs/msg/detail/vehicle_thrust_setpoint__rosidl_typesupport_introspection_c.h\n'}
[1.540406] (px4_msgs) StdoutLine: {'line': b'-- Up-to-date: /home/mustardking/ws_sensor_combined/install/px4_msgs/include/px4_msgs/px4_msgs/msg/detail/goto_setpoint__rosidl_typesupport_introspection_c.h\n'}
[1.540428] (px4_msgs) StdoutLine: {'line': b'-- Up-to-date: /home/mustardking/ws_sensor_combined/install/px4_msgs/include/px4_msgs/px4_msgs/msg/detail/vehicle_control_mode__type_support.c\n'}
[1.540451] (px4_msgs) StdoutLine: {'line': b'-- Up-to-date: /home/mustardking/ws_sensor_combined/install/px4_msgs/include/px4_msgs/px4_msgs/msg/detail/open_drone_id_arm_status__type_support.c\n'}
[1.540473] (px4_msgs) StdoutLine: {'line': b'-- Up-to-date: /home/mustardking/ws_sensor_combined/install/px4_msgs/include/px4_msgs/px4_msgs/msg/detail/ulog_stream_ack__rosidl_typesupport_introspection_c.h\n'}
[1.540496] (px4_msgs) StdoutLine: {'line': b'-- Up-to-date: /home/mustardking/ws_sensor_combined/install/px4_msgs/include/px4_msgs/px4_msgs/msg/detail/flight_phase_estimation__type_support.c\n'}
[1.540520] (px4_msgs) StdoutLine: {'line': b'-- Up-to-date: /home/mustardking/ws_sensor_combined/install/px4_msgs/include/px4_msgs/px4_msgs/msg/detail/orbit_status__type_support.c\n'}
[1.540543] (px4_msgs) StdoutLine: {'line': b'-- Up-to-date: /home/mustardking/ws_sensor_combined/install/px4_msgs/include/px4_msgs/px4_msgs/msg/detail/sensor_optical_flow__type_support.c\n'}
[1.540567] (px4_msgs) StdoutLine: {'line': b'-- Up-to-date: /home/mustardking/ws_sensor_combined/install/px4_msgs/include/px4_msgs/px4_msgs/msg/detail/sensor_mag__type_support.c\n'}
[1.540601] (px4_msgs) StdoutLine: {'line': b'-- Up-to-date: /home/mustardking/ws_sensor_combined/install/px4_msgs/include/px4_msgs/px4_msgs/msg/detail/estimator_aid_source3d__type_support.c\n'}
[1.540625] (px4_msgs) StdoutLine: {'line': b'-- Up-to-date: /home/mustardking/ws_sensor_combined/install/px4_msgs/include/px4_msgs/px4_msgs/msg/detail/pwm_input__rosidl_typesupport_introspection_c.h\n'}
[1.540648] (px4_msgs) StdoutLine: {'line': b'-- Up-to-date: /home/mustardking/ws_sensor_combined/install/px4_msgs/include/px4_msgs/px4_msgs/msg/detail/arming_check_request__type_support.c\n'}
[1.540671] (px4_msgs) StdoutLine: {'line': b'-- Up-to-date: /home/mustardking/ws_sensor_combined/install/px4_msgs/include/px4_msgs/px4_msgs/msg/detail/sensor_preflight_mag__type_support.c\n'}
[1.540693] (px4_msgs) StdoutLine: {'line': b'-- Up-to-date: /home/mustardking/ws_sensor_combined/install/px4_msgs/include/px4_msgs/px4_msgs/msg/detail/velocity_limits__type_support.c\n'}
[1.540716] (px4_msgs) StdoutLine: {'line': b'-- Up-to-date: /home/mustardking/ws_sensor_combined/install/px4_msgs/include/px4_msgs/px4_msgs/msg/detail/estimator_states__rosidl_typesupport_introspection_c.h\n'}
[1.540739] (px4_msgs) StdoutLine: {'line': b'-- Up-to-date: /home/mustardking/ws_sensor_combined/install/px4_msgs/include/px4_msgs/px4_msgs/msg/detail/rover_rate_setpoint__rosidl_typesupport_introspection_c.h\n'}
[1.540761] (px4_msgs) StdoutLine: {'line': b'-- Up-to-date: /home/mustardking/ws_sensor_combined/install/px4_msgs/include/px4_msgs/px4_msgs/msg/detail/navigator_status__rosidl_typesupport_introspection_c.h\n'}
[1.540784] (px4_msgs) StdoutLine: {'line': b'-- Up-to-date: /home/mustardking/ws_sensor_combined/install/px4_msgs/include/px4_msgs/px4_msgs/msg/detail/sensor_gnss_relative__rosidl_typesupport_introspection_c.h\n'}
[1.540806] (px4_msgs) StdoutLine: {'line': b'-- Up-to-date: /home/mustardking/ws_sensor_combined/install/px4_msgs/include/px4_msgs/px4_msgs/msg/detail/px4io_status__rosidl_typesupport_introspection_c.h\n'}
[1.540829] (px4_msgs) StdoutLine: {'line': b'-- Up-to-date: /home/mustardking/ws_sensor_combined/install/px4_msgs/include/px4_msgs/px4_msgs/msg/detail/sensor_mag__rosidl_typesupport_introspection_c.h\n'}
[1.540851] (px4_msgs) StdoutLine: {'line': b'-- Up-to-date: /home/mustardking/ws_sensor_combined/install/px4_msgs/include/px4_msgs/px4_msgs/msg/detail/sensor_gps__rosidl_typesupport_introspection_c.h\n'}
[1.540876] (px4_msgs) StdoutLine: {'line': b'-- Up-to-date: /home/mustardking/ws_sensor_combined/install/px4_msgs/include/px4_msgs/px4_msgs/msg/detail/message_format_request__type_support.c\n'}
[1.540898] (px4_msgs) StdoutLine: {'line': b'-- Up-to-date: /home/mustardking/ws_sensor_combined/install/px4_msgs/include/px4_msgs/px4_msgs/msg/detail/offboard_control_mode__type_support.c\n'}
[1.540920] (px4_msgs) StdoutLine: {'line': b'-- Up-to-date: /home/mustardking/ws_sensor_combined/install/px4_msgs/include/px4_msgs/px4_msgs/msg/detail/vehicle_command_ack__rosidl_typesupport_introspection_c.h\n'}
[1.540943] (px4_msgs) StdoutLine: {'line': b'-- Up-to-date: /home/mustardking/ws_sensor_combined/install/px4_msgs/include/px4_msgs/px4_msgs/msg/detail/orb_test_medium__rosidl_typesupport_introspection_c.h\n'}
[1.540969] (px4_msgs) StdoutLine: {'line': b'-- Up-to-date: /home/mustardking/ws_sensor_combined/install/px4_msgs/include/px4_msgs/px4_msgs/msg/detail/vehicle_angular_acceleration_setpoint__rosidl_typesupport_introspection_c.h\n'}
[1.540992] (px4_msgs) StdoutLine: {'line': b'-- Up-to-date: /home/mustardking/ws_sensor_combined/install/px4_msgs/include/px4_msgs/px4_msgs/msg/detail/orb_test__type_support.c\n'}
[1.541015] (px4_msgs) StdoutLine: {'line': b'-- Up-to-date: /home/mustardking/ws_sensor_combined/install/px4_msgs/include/px4_msgs/px4_msgs/msg/detail/manual_control_setpoint__type_support.c\n'}
[1.541037] (px4_msgs) StdoutLine: {'line': b'-- Up-to-date: /home/mustardking/ws_sensor_combined/install/px4_msgs/include/px4_msgs/px4_msgs/msg/detail/rover_attitude_status__type_support.c\n'}
[1.541060] (px4_msgs) StdoutLine: {'line': b'-- Up-to-date: /home/mustardking/ws_sensor_combined/install/px4_msgs/include/px4_msgs/px4_msgs/msg/detail/sensor_gnss_relative__type_support.c\n'}
[1.541083] (px4_msgs) StdoutLine: {'line': b'-- Up-to-date: /home/mustardking/ws_sensor_combined/install/px4_msgs/include/px4_msgs/px4_msgs/msg/detail/takeoff_status__rosidl_typesupport_introspection_c.h\n'}
[1.541106] (px4_msgs) StdoutLine: {'line': b'-- Up-to-date: /home/mustardking/ws_sensor_combined/install/px4_msgs/include/px4_msgs/px4_msgs/msg/detail/vehicle_local_position__type_support.c\n'}
[1.541128] (px4_msgs) StdoutLine: {'line': b'-- Up-to-date: /home/mustardking/ws_sensor_combined/install/px4_msgs/include/px4_msgs/px4_msgs/msg/detail/vehicle_imu_status__type_support.c\n'}
[1.541151] (px4_msgs) StdoutLine: {'line': b'-- Up-to-date: /home/mustardking/ws_sensor_combined/install/px4_msgs/include/px4_msgs/px4_msgs/msg/detail/open_drone_id_self_id__rosidl_typesupport_introspection_c.h\n'}
[1.541176] (px4_msgs) StdoutLine: {'line': b'-- Up-to-date: /home/mustardking/ws_sensor_combined/install/px4_msgs/include/px4_msgs/px4_msgs/msg/detail/rover_rate_status__rosidl_typesupport_introspection_c.h\n'}
[1.541198] (px4_msgs) StdoutLine: {'line': b'-- Up-to-date: /home/mustardking/ws_sensor_combined/install/px4_msgs/include/px4_msgs/px4_msgs/msg/detail/debug_array__type_support.c\n'}
[1.541220] (px4_msgs) StdoutLine: {'line': b'-- Up-to-date: /home/mustardking/ws_sensor_combined/install/px4_msgs/include/px4_msgs/px4_msgs/msg/detail/estimator_states__type_support.c\n'}
[1.541242] (px4_msgs) StdoutLine: {'line': b'-- Up-to-date: /home/mustardking/ws_sensor_combined/install/px4_msgs/include/px4_msgs/px4_msgs/msg/detail/actuator_test__rosidl_typesupport_introspection_c.h\n'}
[1.541265] (px4_msgs) StdoutLine: {'line': b'-- Up-to-date: /home/mustardking/ws_sensor_combined/install/px4_msgs/include/px4_msgs/px4_msgs/msg/detail/sensor_accel_fifo__type_support.c\n'}
[1.541287] (px4_msgs) StdoutLine: {'line': b'-- Up-to-date: /home/mustardking/ws_sensor_combined/install/px4_msgs/include/px4_msgs/px4_msgs/msg/detail/task_stack_info__rosidl_typesupport_introspection_c.h\n'}
[1.541310] (px4_msgs) StdoutLine: {'line': b'-- Up-to-date: /home/mustardking/ws_sensor_combined/install/px4_msgs/include/px4_msgs/px4_msgs/msg/detail/system_power__type_support.c\n'}
[1.541332] (px4_msgs) StdoutLine: {'line': b'-- Up-to-date: /home/mustardking/ws_sensor_combined/install/px4_msgs/include/px4_msgs/px4_msgs/msg/detail/vehicle_attitude__rosidl_typesupport_introspection_c.h\n'}
[1.541354] (px4_msgs) StdoutLine: {'line': b'-- Up-to-date: /home/mustardking/ws_sensor_combined/install/px4_msgs/include/px4_msgs/px4_msgs/msg/detail/transponder_report__rosidl_typesupport_introspection_c.h\n'}
[1.541377] (px4_msgs) StdoutLine: {'line': b'-- Up-to-date: /home/mustardking/ws_sensor_combined/install/px4_msgs/include/px4_msgs/px4_msgs/msg/detail/internal_combustion_engine_control__type_support.c\n'}
[1.541399] (px4_msgs) StdoutLine: {'line': b'-- Up-to-date: /home/mustardking/ws_sensor_combined/install/px4_msgs/include/px4_msgs/px4_msgs/msg/detail/actuator_motors__rosidl_typesupport_introspection_c.h\n'}
[1.541421] (px4_msgs) StdoutLine: {'line': b'-- Up-to-date: /home/mustardking/ws_sensor_combined/install/px4_msgs/include/px4_msgs/px4_msgs/msg/detail/sensor_gyro__rosidl_typesupport_introspection_c.h\n'}
[1.541445] (px4_msgs) StdoutLine: {'line': b'-- Up-to-date: /home/mustardking/ws_sensor_combined/install/px4_msgs/include/px4_msgs/px4_msgs/msg/detail/mode_completed__type_support.c\n'}
[1.541468] (px4_msgs) StdoutLine: {'line': b'-- Up-to-date: /home/mustardking/ws_sensor_combined/install/px4_msgs/include/px4_msgs/px4_msgs/msg/detail/vehicle_optical_flow_vel__rosidl_typesupport_introspection_c.h\n'}
[1.541491] (px4_msgs) StdoutLine: {'line': b'-- Up-to-date: /home/mustardking/ws_sensor_combined/install/px4_msgs/include/px4_msgs/px4_msgs/msg/detail/parameter_set_value_request__rosidl_typesupport_introspection_c.h\n'}
[1.541514] (px4_msgs) StdoutLine: {'line': b'-- Up-to-date: /home/mustardking/ws_sensor_combined/install/px4_msgs/include/px4_msgs/px4_msgs/msg/detail/parameter_set_value_response__rosidl_typesupport_introspection_c.h\n'}
[1.541536] (px4_msgs) StdoutLine: {'line': b'-- Up-to-date: /home/mustardking/ws_sensor_combined/install/px4_msgs/include/px4_msgs/px4_msgs/msg/detail/position_controller_landing_status__type_support.c\n'}
[1.541559] (px4_msgs) StdoutLine: {'line': b'-- Up-to-date: /home/mustardking/ws_sensor_combined/install/px4_msgs/include/px4_msgs/px4_msgs/msg/detail/hover_thrust_estimate__type_support.c\n'}
[1.541583] (px4_msgs) StdoutLine: {'line': b'-- Up-to-date: /home/mustardking/ws_sensor_combined/install/px4_msgs/include/px4_msgs/px4_msgs/msg/detail/vehicle_magnetometer__rosidl_typesupport_introspection_c.h\n'}
[1.541605] (px4_msgs) StdoutLine: {'line': b'-- Up-to-date: /home/mustardking/ws_sensor_combined/install/px4_msgs/include/px4_msgs/px4_msgs/msg/detail/estimator_status_flags__rosidl_typesupport_introspection_c.h\n'}
[1.541628] (px4_msgs) StdoutLine: {'line': b'-- Up-to-date: /home/mustardking/ws_sensor_combined/install/px4_msgs/include/px4_msgs/px4_msgs/msg/detail/actuator_motors__type_support.c\n'}
[1.541650] (px4_msgs) StdoutLine: {'line': b'-- Up-to-date: /home/mustardking/ws_sensor_combined/install/px4_msgs/include/px4_msgs/px4_msgs/msg/detail/gimbal_device_attitude_status__type_support.c\n'}
[1.541673] (px4_msgs) StdoutLine: {'line': b'-- Up-to-date: /home/mustardking/ws_sensor_combined/install/px4_msgs/include/px4_msgs/px4_msgs/msg/detail/arming_check_request__rosidl_typesupport_introspection_c.h\n'}
[1.541695] (px4_msgs) StdoutLine: {'line': b'-- Up-to-date: /home/mustardking/ws_sensor_combined/install/px4_msgs/include/px4_msgs/px4_msgs/msg/detail/actuator_servos__rosidl_typesupport_introspection_c.h\n'}
[1.541718] (px4_msgs) StdoutLine: {'line': b'-- Up-to-date: /home/mustardking/ws_sensor_combined/install/px4_msgs/include/px4_msgs/px4_msgs/msg/detail/vehicle_attitude__type_support.c\n'}
[1.541740] (px4_msgs) StdoutLine: {'line': b'-- Up-to-date: /home/mustardking/ws_sensor_combined/install/px4_msgs/include/px4_msgs/px4_msgs/msg/detail/mission_result__rosidl_typesupport_introspection_c.h\n'}
[1.541762] (px4_msgs) StdoutLine: {'line': b'-- Up-to-date: /home/mustardking/ws_sensor_combined/install/px4_msgs/include/px4_msgs/px4_msgs/msg/detail/follow_target_estimator__type_support.c\n'}
[1.541784] (px4_msgs) StdoutLine: {'line': b'-- Up-to-date: /home/mustardking/ws_sensor_combined/install/px4_msgs/include/px4_msgs/px4_msgs/msg/detail/distance_sensor__type_support.c\n'}
[1.541806] (px4_msgs) StdoutLine: {'line': b'-- Up-to-date: /home/mustardking/ws_sensor_combined/install/px4_msgs/include/px4_msgs/px4_msgs/msg/detail/control_allocator_status__type_support.c\n'}
[1.541829] (px4_msgs) StdoutLine: {'line': b'-- Up-to-date: /home/mustardking/ws_sensor_combined/install/px4_msgs/include/px4_msgs/px4_msgs/msg/detail/wheel_encoders__type_support.c\n'}
[1.541850] (px4_msgs) StdoutLine: {'line': b'-- Up-to-date: /home/mustardking/ws_sensor_combined/install/px4_msgs/include/px4_msgs/px4_msgs/msg/detail/differential_pressure__type_support.c\n'}
[1.541873] (px4_msgs) StdoutLine: {'line': b'-- Up-to-date: /home/mustardking/ws_sensor_combined/install/px4_msgs/include/px4_msgs/px4_msgs/msg/detail/wind__rosidl_typesupport_introspection_c.h\n'}
[1.541895] (px4_msgs) StdoutLine: {'line': b'-- Up-to-date: /home/mustardking/ws_sensor_combined/install/px4_msgs/include/px4_msgs/px4_msgs/msg/detail/rpm__type_support.c\n'}
[1.541917] (px4_msgs) StdoutLine: {'line': b'-- Up-to-date: /home/mustardking/ws_sensor_combined/install/px4_msgs/include/px4_msgs/px4_msgs/msg/detail/pure_pursuit_status__type_support.c\n'}
[1.541940] (px4_msgs) StdoutLine: {'line': b'-- Up-to-date: /home/mustardking/ws_sensor_combined/install/px4_msgs/include/px4_msgs/px4_msgs/msg/detail/home_position__type_support.c\n'}
[1.541962] (px4_msgs) StdoutLine: {'line': b'-- Up-to-date: /home/mustardking/ws_sensor_combined/install/px4_msgs/include/px4_msgs/px4_msgs/msg/detail/radio_status__type_support.c\n'}
[1.541984] (px4_msgs) StdoutLine: {'line': b'-- Up-to-date: /home/mustardking/ws_sensor_combined/install/px4_msgs/include/px4_msgs/px4_msgs/msg/detail/sensor_accel_fifo__rosidl_typesupport_introspection_c.h\n'}
[1.542007] (px4_msgs) StdoutLine: {'line': b'-- Up-to-date: /home/mustardking/ws_sensor_combined/install/px4_msgs/include/px4_msgs/px4_msgs/msg/detail/vtol_vehicle_status__type_support.c\n'}
[1.542030] (px4_msgs) StdoutLine: {'line': b'-- Up-to-date: /home/mustardking/ws_sensor_combined/install/px4_msgs/include/px4_msgs/px4_msgs/msg/detail/follow_target_estimator__rosidl_typesupport_introspection_c.h\n'}
[1.542052] (px4_msgs) StdoutLine: {'line': b'-- Up-to-date: /home/mustardking/ws_sensor_combined/install/px4_msgs/include/px4_msgs/px4_msgs/msg/detail/gpio_request__type_support.c\n'}
[1.542074] (px4_msgs) StdoutLine: {'line': b'-- Up-to-date: /home/mustardking/ws_sensor_combined/install/px4_msgs/include/px4_msgs/px4_msgs/msg/detail/sensor_hygrometer__rosidl_typesupport_introspection_c.h\n'}
[1.542096] (px4_msgs) StdoutLine: {'line': b'-- Up-to-date: /home/mustardking/ws_sensor_combined/install/px4_msgs/include/px4_msgs/px4_msgs/msg/detail/rover_steering_setpoint__type_support.c\n'}
[1.542119] (px4_msgs) StdoutLine: {'line': b'-- Up-to-date: /home/mustardking/ws_sensor_combined/install/px4_msgs/include/px4_msgs/px4_msgs/msg/detail/qshell_retval__rosidl_typesupport_introspection_c.h\n'}
[1.542141] (px4_msgs) StdoutLine: {'line': b'-- Up-to-date: /home/mustardking/ws_sensor_combined/install/px4_msgs/include/px4_msgs/px4_msgs/msg/detail/fixed_wing_lateral_guidance_status__rosidl_typesupport_introspection_c.h\n'}
[1.542163] (px4_msgs) StdoutLine: {'line': b'-- Up-to-date: /home/mustardking/ws_sensor_combined/install/px4_msgs/include/px4_msgs/px4_msgs/msg/detail/gpio_out__type_support.c\n'}
[1.542187] (px4_msgs) StdoutLine: {'line': b'-- Up-to-date: /home/mustardking/ws_sensor_combined/install/px4_msgs/include/px4_msgs/px4_msgs/msg/detail/generator_status__type_support.c\n'}
[1.542209] (px4_msgs) StdoutLine: {'line': b'-- Up-to-date: /home/mustardking/ws_sensor_combined/install/px4_msgs/include/px4_msgs/px4_msgs/msg/detail/battery_status__rosidl_typesupport_introspection_c.h\n'}
[1.542232] (px4_msgs) StdoutLine: {'line': b'-- Up-to-date: /home/mustardking/ws_sensor_combined/install/px4_msgs/include/px4_msgs/px4_msgs/msg/detail/rtl_status__type_support.c\n'}
[1.542254] (px4_msgs) StdoutLine: {'line': b'-- Up-to-date: /home/mustardking/ws_sensor_combined/install/px4_msgs/include/px4_msgs/px4_msgs/msg/detail/tiltrotor_extra_controls__rosidl_typesupport_introspection_c.h\n'}
[1.542276] (px4_msgs) StdoutLine: {'line': b'-- Up-to-date: /home/mustardking/ws_sensor_combined/install/px4_msgs/include/px4_msgs/px4_msgs/msg/detail/wheel_encoders__rosidl_typesupport_introspection_c.h\n'}
[1.542298] (px4_msgs) StdoutLine: {'line': b'-- Up-to-date: /home/mustardking/ws_sensor_combined/install/px4_msgs/include/px4_msgs/px4_msgs/msg/detail/register_ext_component_request__rosidl_typesupport_introspection_c.h\n'}
[1.542320] (px4_msgs) StdoutLine: {'line': b'-- Up-to-date: /home/mustardking/ws_sensor_combined/install/px4_msgs/include/px4_msgs/px4_msgs/msg/detail/airspeed__type_support.c\n'}
[1.542343] (px4_msgs) StdoutLine: {'line': b'-- Up-to-date: /home/mustardking/ws_sensor_combined/install/px4_msgs/include/px4_msgs/px4_msgs/msg/detail/gimbal_controls__rosidl_typesupport_introspection_c.h\n'}
[1.542365] (px4_msgs) StdoutLine: {'line': b'-- Up-to-date: /home/mustardking/ws_sensor_combined/install/px4_msgs/include/px4_msgs/px4_msgs/msg/detail/vehicle_rates_setpoint__type_support.c\n'}
[1.542388] (px4_msgs) StdoutLine: {'line': b'-- Up-to-date: /home/mustardking/ws_sensor_combined/install/px4_msgs/include/px4_msgs/px4_msgs/msg/detail/orb_test_medium__type_support.c\n'}
[1.542410] (px4_msgs) StdoutLine: {'line': b'-- Up-to-date: /home/mustardking/ws_sensor_combined/install/px4_msgs/include/px4_msgs/px4_msgs/msg/detail/sensor_gyro_fifo__type_support.c\n'}
[1.542432] (px4_msgs) StdoutLine: {'line': b'-- Up-to-date: /home/mustardking/ws_sensor_combined/install/px4_msgs/include/px4_msgs/px4_msgs/msg/detail/sensors_status_imu__type_support.c\n'}
[1.542455] (px4_msgs) StdoutLine: {'line': b'-- Up-to-date: /home/mustardking/ws_sensor_combined/install/px4_msgs/include/px4_msgs/px4_msgs/msg/detail/telemetry_status__rosidl_typesupport_introspection_c.h\n'}
[1.542477] (px4_msgs) StdoutLine: {'line': b'-- Up-to-date: /home/mustardking/ws_sensor_combined/install/px4_msgs/include/px4_msgs/px4_msgs/msg/detail/rover_rate_setpoint__type_support.c\n'}
[1.542499] (px4_msgs) StdoutLine: {'line': b'-- Up-to-date: /home/mustardking/ws_sensor_combined/install/px4_msgs/include/px4_msgs/px4_msgs/msg/detail/obstacle_distance__rosidl_typesupport_introspection_c.h\n'}
[1.542521] (px4_msgs) StdoutLine: {'line': b'-- Up-to-date: /home/mustardking/ws_sensor_combined/install/px4_msgs/include/px4_msgs/px4_msgs/msg/detail/vehicle_torque_setpoint__type_support.c\n'}
[1.542543] (px4_msgs) StdoutLine: {'line': b'-- Up-to-date: /home/mustardking/ws_sensor_combined/install/px4_msgs/include/px4_msgs/px4_msgs/msg/detail/adc_report__type_support.c\n'}
[1.542566] (px4_msgs) StdoutLine: {'line': b'-- Up-to-date: /home/mustardking/ws_sensor_combined/install/px4_msgs/include/px4_msgs/px4_msgs/msg/detail/gpio_in__type_support.c\n'}
[1.542588] (px4_msgs) StdoutLine: {'line': b'-- Up-to-date: /home/mustardking/ws_sensor_combined/install/px4_msgs/include/px4_msgs/px4_msgs/msg/detail/gps_dump__type_support.c\n'}
[1.542611] (px4_msgs) StdoutLine: {'line': b'-- Up-to-date: /home/mustardking/ws_sensor_combined/install/px4_msgs/include/px4_msgs/px4_msgs/msg/detail/distance_sensor_mode_change_request__rosidl_typesupport_introspection_c.h\n'}
[1.542633] (px4_msgs) StdoutLine: {'line': b'-- Up-to-date: /home/mustardking/ws_sensor_combined/install/px4_msgs/include/px4_msgs/px4_msgs/msg/detail/vehicle_acceleration__type_support.c\n'}
[1.542655] (px4_msgs) StdoutLine: {'line': b'-- Up-to-date: /home/mustardking/ws_sensor_combined/install/px4_msgs/include/px4_msgs/px4_msgs/msg/detail/actuator_servos__type_support.c\n'}
[1.542677] (px4_msgs) StdoutLine: {'line': b'-- Up-to-date: /home/mustardking/ws_sensor_combined/install/px4_msgs/include/px4_msgs/px4_msgs/msg/detail/neural_control__rosidl_typesupport_introspection_c.h\n'}
[1.542700] (px4_msgs) StdoutLine: {'line': b'-- Up-to-date: /home/mustardking/ws_sensor_combined/install/px4_msgs/include/px4_msgs/px4_msgs/msg/detail/failure_detector_status__rosidl_typesupport_introspection_c.h\n'}
[1.542722] (px4_msgs) StdoutLine: {'line': b'-- Up-to-date: /home/mustardking/ws_sensor_combined/install/px4_msgs/include/px4_msgs/px4_msgs/msg/detail/arming_check_reply__rosidl_typesupport_introspection_c.h\n'}
[1.542744] (px4_msgs) StdoutLine: {'line': b'-- Up-to-date: /home/mustardking/ws_sensor_combined/install/px4_msgs/include/px4_msgs/px4_msgs/msg/detail/debug_value__type_support.c\n'}
[1.542766] (px4_msgs) StdoutLine: {'line': b'-- Up-to-date: /home/mustardking/ws_sensor_combined/install/px4_msgs/include/px4_msgs/px4_msgs/msg/detail/landing_gear__type_support.c\n'}
[1.542789] (px4_msgs) StdoutLine: {'line': b'-- Up-to-date: /home/mustardking/ws_sensor_combined/install/px4_msgs/include/px4_msgs/px4_msgs/msg/detail/sensor_gyro_fft__rosidl_typesupport_introspection_c.h\n'}
[1.542813] (px4_msgs) StdoutLine: {'line': b'-- Up-to-date: /home/mustardking/ws_sensor_combined/install/px4_msgs/include/px4_msgs/px4_msgs/msg/detail/sensor_correction__type_support.c\n'}
[1.542835] (px4_msgs) StdoutLine: {'line': b'-- Up-to-date: /home/mustardking/ws_sensor_combined/install/px4_msgs/include/px4_msgs/px4_msgs/msg/detail/estimator_selector_status__type_support.c\n'}
[1.542859] (px4_msgs) StdoutLine: {'line': b'-- Up-to-date: /home/mustardking/ws_sensor_combined/install/px4_msgs/include/px4_msgs/px4_msgs/msg/detail/vehicle_local_position__rosidl_typesupport_introspection_c.h\n'}
[1.542881] (px4_msgs) StdoutLine: {'line': b'-- Up-to-date: /home/mustardking/ws_sensor_combined/install/px4_msgs/include/px4_msgs/px4_msgs/msg/detail/estimator_gps_status__type_support.c\n'}
[1.542903] (px4_msgs) StdoutLine: {'line': b'-- Up-to-date: /home/mustardking/ws_sensor_combined/install/px4_msgs/include/px4_msgs/px4_msgs/msg/detail/debug_array__rosidl_typesupport_introspection_c.h\n'}
[1.542925] (px4_msgs) StdoutLine: {'line': b'-- Up-to-date: /home/mustardking/ws_sensor_combined/install/px4_msgs/include/px4_msgs/px4_msgs/msg/detail/takeoff_status__type_support.c\n'}
[1.542947] (px4_msgs) StdoutLine: {'line': b'-- Up-to-date: /home/mustardking/ws_sensor_combined/install/px4_msgs/include/px4_msgs/px4_msgs/msg/detail/failure_detector_status__type_support.c\n'}
[1.542969] (px4_msgs) StdoutLine: {'line': b'-- Up-to-date: /home/mustardking/ws_sensor_combined/install/px4_msgs/include/px4_msgs/px4_msgs/msg/detail/estimator_status__type_support.c\n'}
[1.542991] (px4_msgs) StdoutLine: {'line': b'-- Up-to-date: /home/mustardking/ws_sensor_combined/install/px4_msgs/include/px4_msgs/px4_msgs/msg/detail/fixed_wing_lateral_guidance_status__type_support.c\n'}
[1.543013] (px4_msgs) StdoutLine: {'line': b'-- Up-to-date: /home/mustardking/ws_sensor_combined/install/px4_msgs/include/px4_msgs/px4_msgs/msg/detail/vehicle_attitude_setpoint__rosidl_typesupport_introspection_c.h\n'}
[1.543035] (px4_msgs) StdoutLine: {'line': b'-- Up-to-date: /home/mustardking/ws_sensor_combined/install/px4_msgs/include/px4_msgs/px4_msgs/msg/detail/dataman_request__rosidl_typesupport_introspection_c.h\n'}
[1.543057] (px4_msgs) StdoutLine: {'line': b'-- Up-to-date: /home/mustardking/ws_sensor_combined/install/px4_msgs/include/px4_msgs/px4_msgs/msg/detail/ekf2_timestamps__rosidl_typesupport_introspection_c.h\n'}
[1.543079] (px4_msgs) StdoutLine: {'line': b'-- Up-to-date: /home/mustardking/ws_sensor_combined/install/px4_msgs/include/px4_msgs/px4_msgs/msg/detail/landing_target_pose__rosidl_typesupport_introspection_c.h\n'}
[1.543102] (px4_msgs) StdoutLine: {'line': b'-- Up-to-date: /home/mustardking/ws_sensor_combined/install/px4_msgs/include/px4_msgs/px4_msgs/msg/detail/rtl_time_estimate__rosidl_typesupport_introspection_c.h\n'}
[1.543124] (px4_msgs) StdoutLine: {'line': b'-- Up-to-date: /home/mustardking/ws_sensor_combined/install/px4_msgs/include/px4_msgs/px4_msgs/msg/detail/config_overrides__rosidl_typesupport_introspection_c.h\n'}
[1.543145] (px4_msgs) StdoutLine: {'line': b'-- Up-to-date: /home/mustardking/ws_sensor_combined/install/px4_msgs/include/px4_msgs/px4_msgs/msg/detail/led_control__type_support.c\n'}
[1.543169] (px4_msgs) StdoutLine: {'line': b'-- Up-to-date: /home/mustardking/ws_sensor_combined/install/px4_msgs/include/px4_msgs/px4_msgs/msg/detail/cellular_status__type_support.c\n'}
[1.543192] (px4_msgs) StdoutLine: {'line': b'-- Up-to-date: /home/mustardking/ws_sensor_combined/install/px4_msgs/include/px4_msgs/px4_msgs/msg/detail/sensors_status_imu__rosidl_typesupport_introspection_c.h\n'}
[1.543214] (px4_msgs) StdoutLine: {'line': b'-- Up-to-date: /home/mustardking/ws_sensor_combined/install/px4_msgs/include/px4_msgs/px4_msgs/msg/detail/tiltrotor_extra_controls__type_support.c\n'}
[1.543236] (px4_msgs) StdoutLine: {'line': b'-- Up-to-date: /home/mustardking/ws_sensor_combined/install/px4_msgs/include/px4_msgs/px4_msgs/msg/detail/pwm_input__type_support.c\n'}
[1.543262] (px4_msgs) StdoutLine: {'line': b'-- Up-to-date: /home/mustardking/ws_sensor_combined/install/px4_msgs/include/px4_msgs/px4_msgs/msg/detail/ping__type_support.c\n'}
[1.543380] (px4_msgs) StdoutLine: {'line': b'-- Up-to-date: /home/mustardking/ws_sensor_combined/install/px4_msgs/include/px4_msgs/px4_msgs/msg/detail/airspeed_wind__type_support.c\n'}
[1.543411] (px4_msgs) StdoutLine: {'line': b'-- Up-to-date: /home/mustardking/ws_sensor_combined/install/px4_msgs/include/px4_msgs/px4_msgs/msg/detail/sensor_combined__type_support.c\n'}
[1.543441] (px4_msgs) StdoutLine: {'line': b'-- Up-to-date: /home/mustardking/ws_sensor_combined/install/px4_msgs/include/px4_msgs/px4_msgs/msg/detail/ulog_stream__type_support.c\n'}
[1.543469] (px4_msgs) StdoutLine: {'line': b'-- Up-to-date: /home/mustardking/ws_sensor_combined/install/px4_msgs/include/px4_msgs/px4_msgs/msg/detail/gpio_config__type_support.c\n'}
[1.543491] (px4_msgs) StdoutLine: {'line': b'-- Up-to-date: /home/mustardking/ws_sensor_combined/install/px4_msgs/include/px4_msgs/px4_msgs/msg/detail/mission__rosidl_typesupport_introspection_c.h\n'}
[1.543514] (px4_msgs) StdoutLine: {'line': b'-- Up-to-date: /home/mustardking/ws_sensor_combined/install/px4_msgs/include/px4_msgs/px4_msgs/msg/detail/vehicle_angular_velocity__type_support.c\n'}
[1.543536] (px4_msgs) StdoutLine: {'line': b'-- Up-to-date: /home/mustardking/ws_sensor_combined/install/px4_msgs/include/px4_msgs/px4_msgs/msg/detail/dronecan_node_status__type_support.c\n'}
[1.543561] (px4_msgs) StdoutLine: {'line': b'-- Up-to-date: /home/mustardking/ws_sensor_combined/install/px4_msgs/include/px4_msgs/px4_msgs/msg/detail/gimbal_device_attitude_status__rosidl_typesupport_introspection_c.h\n'}
[1.543583] (px4_msgs) StdoutLine: {'line': b'-- Up-to-date: /home/mustardking/ws_sensor_combined/install/px4_msgs/include/px4_msgs/px4_msgs/msg/detail/offboard_control_mode__rosidl_typesupport_introspection_c.h\n'}
[1.543605] (px4_msgs) StdoutLine: {'line': b'-- Up-to-date: /home/mustardking/ws_sensor_combined/install/px4_msgs/include/px4_msgs/px4_msgs/msg/detail/parameter_set_used_request__rosidl_typesupport_introspection_c.h\n'}
[1.543628] (px4_msgs) StdoutLine: {'line': b'-- Up-to-date: /home/mustardking/ws_sensor_combined/install/px4_msgs/include/px4_msgs/px4_msgs/msg/detail/fixed_wing_longitudinal_setpoint__rosidl_typesupport_introspection_c.h\n'}
[1.543650] (px4_msgs) StdoutLine: {'line': b'-- Up-to-date: /home/mustardking/ws_sensor_combined/install/px4_msgs/include/px4_msgs/px4_msgs/msg/detail/gimbal_device_set_attitude__rosidl_typesupport_introspection_c.h\n'}
[1.543672] (px4_msgs) StdoutLine: {'line': b'-- Up-to-date: /home/mustardking/ws_sensor_combined/install/px4_msgs/include/px4_msgs/px4_msgs/msg/detail/internal_combustion_engine_control__rosidl_typesupport_introspection_c.h\n'}
[1.543694] (px4_msgs) StdoutLine: {'line': b'-- Up-to-date: /home/mustardking/ws_sensor_combined/install/px4_msgs/include/px4_msgs/px4_msgs/msg/detail/trajectory_setpoint__rosidl_typesupport_introspection_c.h\n'}
[1.543728] (px4_msgs) StdoutLine: {'line': b'-- Up-to-date: /home/mustardking/ws_sensor_combined/install/px4_msgs/include/px4_msgs/px4_msgs/msg/detail/rate_ctrl_status__type_support.c\n'}
[1.543750] (px4_msgs) StdoutLine: {'line': b'-- Up-to-date: /home/mustardking/ws_sensor_combined/install/px4_msgs/include/px4_msgs/px4_msgs/msg/detail/vehicle_air_data__rosidl_typesupport_introspection_c.h\n'}
[1.543772] (px4_msgs) StdoutLine: {'line': b'-- Up-to-date: /home/mustardking/ws_sensor_combined/install/px4_msgs/include/px4_msgs/px4_msgs/msg/detail/sensor_selection__rosidl_typesupport_introspection_c.h\n'}
[1.543795] (px4_msgs) StdoutLine: {'line': b'-- Up-to-date: /home/mustardking/ws_sensor_combined/install/px4_msgs/include/px4_msgs/px4_msgs/msg/detail/rover_attitude_status__rosidl_typesupport_introspection_c.h\n'}
[1.543817] (px4_msgs) StdoutLine: {'line': b'-- Up-to-date: /home/mustardking/ws_sensor_combined/install/px4_msgs/include/px4_msgs/px4_msgs/msg/detail/actuator_armed__type_support.c\n'}
[1.543838] (px4_msgs) StdoutLine: {'line': b'-- Up-to-date: /home/mustardking/ws_sensor_combined/install/px4_msgs/include/px4_msgs/px4_msgs/msg/detail/dataman_response__type_support.c\n'}
[1.543861] (px4_msgs) StdoutLine: {'line': b'-- Up-to-date: /home/mustardking/ws_sensor_combined/install/px4_msgs/include/px4_msgs/px4_msgs/msg/detail/ulog_stream__rosidl_typesupport_introspection_c.h\n'}
[1.543885] (px4_msgs) StdoutLine: {'line': b'-- Up-to-date: /home/mustardking/ws_sensor_combined/install/px4_msgs/include/px4_msgs/px4_msgs/msg/detail/actuator_outputs__type_support.c\n'}
[1.543909] (px4_msgs) StdoutLine: {'line': b'-- Up-to-date: /home/mustardking/ws_sensor_combined/install/px4_msgs/include/px4_msgs/px4_msgs/msg/detail/sensor_gyro_fifo__rosidl_typesupport_introspection_c.h\n'}
[1.543931] (px4_msgs) StdoutLine: {'line': b'-- Up-to-date: /home/mustardking/ws_sensor_combined/install/px4_msgs/include/px4_msgs/px4_msgs/msg/detail/geofence_status__type_support.c\n'}
[1.543953] (px4_msgs) StdoutLine: {'line': b'-- Up-to-date: /home/mustardking/ws_sensor_combined/install/px4_msgs/include/px4_msgs/px4_msgs/msg/detail/vehicle_imu__rosidl_typesupport_introspection_c.h\n'}
[1.543974] (px4_msgs) StdoutLine: {'line': b'-- Up-to-date: /home/mustardking/ws_sensor_combined/install/px4_msgs/include/px4_msgs/px4_msgs/msg/detail/sensor_uwb__type_support.c\n'}
[1.544005] (px4_msgs) StdoutLine: {'line': b'-- Up-to-date: /home/mustardking/ws_sensor_combined/install/px4_msgs/include/px4_msgs/px4_msgs/msg/detail/message_format_request__rosidl_typesupport_introspection_c.h\n'}
[1.544035] (px4_msgs) StdoutLine: {'line': b'-- Up-to-date: /home/mustardking/ws_sensor_combined/install/px4_msgs/include/px4_msgs/px4_msgs/msg/detail/mag_worker_data__rosidl_typesupport_introspection_c.h\n'}
[1.544057] (px4_msgs) StdoutLine: {'line': b'-- Up-to-date: /home/mustardking/ws_sensor_combined/install/px4_msgs/include/px4_msgs/px4_msgs/msg/detail/gimbal_manager_set_manual_control__rosidl_typesupport_introspection_c.h\n'}
[1.544079] (px4_msgs) StdoutLine: {'line': b'-- Up-to-date: /home/mustardking/ws_sensor_combined/install/px4_msgs/include/px4_msgs/px4_msgs/msg/detail/goto_setpoint__type_support.c\n'}
[1.544100] (px4_msgs) StdoutLine: {'line': b'-- Up-to-date: /home/mustardking/ws_sensor_combined/install/px4_msgs/include/px4_msgs/px4_msgs/msg/detail/rover_speed_status__rosidl_typesupport_introspection_c.h\n'}
[1.544123] (px4_msgs) StdoutLine: {'line': b'-- Up-to-date: /home/mustardking/ws_sensor_combined/install/px4_msgs/include/px4_msgs/px4_msgs/msg/detail/vtol_vehicle_status__rosidl_typesupport_introspection_c.h\n'}
[1.544145] (px4_msgs) StdoutLine: {'line': b'-- Up-to-date: /home/mustardking/ws_sensor_combined/install/px4_msgs/include/px4_msgs/px4_msgs/msg/detail/actuator_controls_status__rosidl_typesupport_introspection_c.h\n'}
[1.544171] (px4_msgs) StdoutLine: {'line': b'-- Up-to-date: /home/mustardking/ws_sensor_combined/install/px4_msgs/include/px4_msgs/px4_msgs/msg/detail/distance_sensor__rosidl_typesupport_introspection_c.h\n'}
[1.544193] (px4_msgs) StdoutLine: {'line': b'-- Up-to-date: /home/mustardking/ws_sensor_combined/install/px4_msgs/include/px4_msgs/px4_msgs/msg/detail/sensor_hygrometer__type_support.c\n'}
[1.544215] (px4_msgs) StdoutLine: {'line': b'-- Up-to-date: /home/mustardking/ws_sensor_combined/install/px4_msgs/include/px4_msgs/px4_msgs/msg/detail/control_allocator_status__rosidl_typesupport_introspection_c.h\n'}
[1.544237] (px4_msgs) StdoutLine: {'line': b'-- Up-to-date: /home/mustardking/ws_sensor_combined/install/px4_msgs/include/px4_msgs/px4_msgs/msg/detail/pure_pursuit_status__rosidl_typesupport_introspection_c.h\n'}
[1.544259] (px4_msgs) StdoutLine: {'line': b'-- Up-to-date: /home/mustardking/ws_sensor_combined/install/px4_msgs/include/px4_msgs/px4_msgs/msg/detail/fuel_tank_status__type_support.c\n'}
[1.544281] (px4_msgs) StdoutLine: {'line': b'-- Up-to-date: /home/mustardking/ws_sensor_combined/install/px4_msgs/include/px4_msgs/px4_msgs/msg/detail/message_format_response__type_support.c\n'}
[1.544303] (px4_msgs) StdoutLine: {'line': b'-- Up-to-date: /home/mustardking/ws_sensor_combined/install/px4_msgs/include/px4_msgs/px4_msgs/msg/detail/vehicle_global_position__rosidl_typesupport_introspection_c.h\n'}
[1.544325] (px4_msgs) StdoutLine: {'line': b'-- Up-to-date: /home/mustardking/ws_sensor_combined/install/px4_msgs/include/px4_msgs/px4_msgs/msg/detail/actuator_outputs__rosidl_typesupport_introspection_c.h\n'}
[1.544347] (px4_msgs) StdoutLine: {'line': b'-- Up-to-date: /home/mustardking/ws_sensor_combined/install/px4_msgs/include/px4_msgs/px4_msgs/msg/detail/sensor_combined__rosidl_typesupport_introspection_c.h\n'}
[1.544370] (px4_msgs) StdoutLine: {'line': b'-- Up-to-date: /home/mustardking/ws_sensor_combined/install/px4_msgs/include/px4_msgs/px4_msgs/msg/detail/irlock_report__rosidl_typesupport_introspection_c.h\n'}
[1.544392] (px4_msgs) StdoutLine: {'line': b'-- Up-to-date: /home/mustardking/ws_sensor_combined/install/px4_msgs/include/px4_msgs/px4_msgs/msg/detail/debug_value__rosidl_typesupport_introspection_c.h\n'}
[1.544414] (px4_msgs) StdoutLine: {'line': b'-- Up-to-date: /home/mustardking/ws_sensor_combined/install/px4_msgs/include/px4_msgs/px4_msgs/msg/detail/rtl_time_estimate__type_support.c\n'}
[1.544436] (px4_msgs) StdoutLine: {'line': b'-- Up-to-date: /home/mustardking/ws_sensor_combined/install/px4_msgs/include/px4_msgs/px4_msgs/msg/detail/orb_test_large__type_support.c\n'}
[1.544459] (px4_msgs) StdoutLine: {'line': b'-- Up-to-date: /home/mustardking/ws_sensor_combined/install/px4_msgs/include/px4_msgs/px4_msgs/msg/detail/vehicle_constraints__type_support.c\n'}
[1.544481] (px4_msgs) StdoutLine: {'line': b'-- Up-to-date: /home/mustardking/ws_sensor_combined/install/px4_msgs/include/px4_msgs/px4_msgs/msg/detail/sensor_optical_flow__rosidl_typesupport_introspection_c.h\n'}
[1.544502] (px4_msgs) StdoutLine: {'line': b'-- Up-to-date: /home/mustardking/ws_sensor_combined/install/px4_msgs/include/px4_msgs/px4_msgs/msg/detail/fixed_wing_runway_control__type_support.c\n'}
[1.544525] (px4_msgs) StdoutLine: {'line': b'-- Up-to-date: /home/mustardking/ws_sensor_combined/install/px4_msgs/include/px4_msgs/px4_msgs/msg/detail/vehicle_odometry__type_support.c\n'}
[1.544546] (px4_msgs) StdoutLine: {'line': b'-- Up-to-date: /home/mustardking/ws_sensor_combined/install/px4_msgs/include/px4_msgs/px4_msgs/msg/detail/sensor_baro__type_support.c\n'}
[1.544576] (px4_msgs) StdoutLine: {'line': b'-- Up-to-date: /home/mustardking/ws_sensor_combined/install/px4_msgs/include/px4_msgs/px4_msgs/msg/detail/gimbal_device_information__rosidl_typesupport_introspection_c.h\n'}
[1.544602] (px4_msgs) StdoutLine: {'line': b'-- Up-to-date: /home/mustardking/ws_sensor_combined/install/px4_msgs/include/px4_msgs/px4_msgs/msg/detail/open_drone_id_operator_id__rosidl_typesupport_introspection_c.h\n'}
[1.544631] (px4_msgs) StdoutLine: {'line': b'-- Up-to-date: /home/mustardking/ws_sensor_combined/install/px4_msgs/include/px4_msgs/px4_msgs/msg/detail/trajectory_setpoint__type_support.c\n'}
[1.544653] (px4_msgs) StdoutLine: {'line': b'-- Up-to-date: /home/mustardking/ws_sensor_combined/install/px4_msgs/include/px4_msgs/px4_msgs/msg/detail/gps_inject_data__rosidl_typesupport_introspection_c.h\n'}
[1.544675] (px4_msgs) StdoutLine: {'line': b'-- Up-to-date: /home/mustardking/ws_sensor_combined/install/px4_msgs/include/px4_msgs/px4_msgs/msg/detail/heater_status__type_support.c\n'}
[1.544696] (px4_msgs) StdoutLine: {'line': b'-- Up-to-date: /home/mustardking/ws_sensor_combined/install/px4_msgs/include/px4_msgs/px4_msgs/msg/detail/iridiumsbd_status__type_support.c\n'}
[1.544718] (px4_msgs) StdoutLine: {'line': b'-- Up-to-date: /home/mustardking/ws_sensor_combined/install/px4_msgs/include/px4_msgs/px4_msgs/msg/detail/open_drone_id_system__type_support.c\n'}
[1.544740] (px4_msgs) StdoutLine: {'line': b'-- Up-to-date: /home/mustardking/ws_sensor_combined/install/px4_msgs/include/px4_msgs/px4_msgs/msg/detail/sensor_gyro_fft__type_support.c\n'}
[1.544762] (px4_msgs) StdoutLine: {'line': b'-- Up-to-date: /home/mustardking/ws_sensor_combined/install/px4_msgs/include/px4_msgs/px4_msgs/msg/detail/battery_status__type_support.c\n'}
[1.544787] (px4_msgs) StdoutLine: {'line': b'-- Up-to-date: /home/mustardking/ws_sensor_combined/install/px4_msgs/include/px4_msgs/px4_msgs/msg/detail/esc_report__rosidl_typesupport_introspection_c.h\n'}
[1.544809] (px4_msgs) StdoutLine: {'line': b'-- Up-to-date: /home/mustardking/ws_sensor_combined/install/px4_msgs/include/px4_msgs/px4_msgs/msg/detail/telemetry_status__type_support.c\n'}
[1.544830] (px4_msgs) StdoutLine: {'line': b'-- Up-to-date: /home/mustardking/ws_sensor_combined/install/px4_msgs/include/px4_msgs/px4_msgs/msg/detail/mavlink_log__rosidl_typesupport_introspection_c.h\n'}
[1.544854] (px4_msgs) StdoutLine: {'line': b'-- Up-to-date: /home/mustardking/ws_sensor_combined/install/px4_msgs/include/px4_msgs/px4_msgs/msg/detail/camera_status__rosidl_typesupport_introspection_c.h\n'}
[1.544876] (px4_msgs) StdoutLine: {'line': b'-- Up-to-date: /home/mustardking/ws_sensor_combined/install/px4_msgs/lib/libpx4_msgs__rosidl_typesupport_introspection_c.so\n'}
[1.544898] (px4_msgs) StdoutLine: {'line': b'-- Up-to-date: /home/mustardking/ws_sensor_combined/install/px4_msgs/lib/libpx4_msgs__rosidl_typesupport_c.so\n'}
[1.544920] (px4_msgs) StdoutLine: {'line': b'-- Up-to-date: /home/mustardking/ws_sensor_combined/install/px4_msgs/include/px4_msgs/px4_msgs\n'}
[1.544942] (px4_msgs) StdoutLine: {'line': b'-- Up-to-date: /home/mustardking/ws_sensor_combined/install/px4_msgs/include/px4_msgs/px4_msgs/srv\n'}
[1.544965] (px4_msgs) StdoutLine: {'line': b'-- Up-to-date: /home/mustardking/ws_sensor_combined/install/px4_msgs/include/px4_msgs/px4_msgs/srv/detail\n'}
[1.544987] (px4_msgs) StdoutLine: {'line': b'-- Up-to-date: /home/mustardking/ws_sensor_combined/install/px4_msgs/include/px4_msgs/px4_msgs/srv/detail/vehicle_command__rosidl_typesupport_introspection_cpp.hpp\n'}
[1.545009] (px4_msgs) StdoutLine: {'line': b'-- Up-to-date: /home/mustardking/ws_sensor_combined/install/px4_msgs/include/px4_msgs/px4_msgs/srv/detail/vehicle_command__type_support.cpp\n'}
[1.545031] (px4_msgs) StdoutLine: {'line': b'-- Up-to-date: /home/mustardking/ws_sensor_combined/install/px4_msgs/include/px4_msgs/px4_msgs/msg\n'}
[1.545053] (px4_msgs) StdoutLine: {'line': b'-- Up-to-date: /home/mustardking/ws_sensor_combined/install/px4_msgs/include/px4_msgs/px4_msgs/msg/detail\n'}
[1.545075] (px4_msgs) StdoutLine: {'line': b'-- Up-to-date: /home/mustardking/ws_sensor_combined/install/px4_msgs/include/px4_msgs/px4_msgs/msg/detail/lateral_control_configuration__rosidl_typesupport_introspection_cpp.hpp\n'}
[1.545098] (px4_msgs) StdoutLine: {'line': b'-- Up-to-date: /home/mustardking/ws_sensor_combined/install/px4_msgs/include/px4_msgs/px4_msgs/msg/detail/cpuload__type_support.cpp\n'}
[1.545120] (px4_msgs) StdoutLine: {'line': b'-- Up-to-date: /home/mustardking/ws_sensor_combined/install/px4_msgs/include/px4_msgs/px4_msgs/msg/detail/rtl_time_estimate__rosidl_typesupport_introspection_cpp.hpp\n'}
[1.545142] (px4_msgs) StdoutLine: {'line': b'-- Up-to-date: /home/mustardking/ws_sensor_combined/install/px4_msgs/include/px4_msgs/px4_msgs/msg/detail/health_report__type_support.cpp\n'}
[1.545164] (px4_msgs) StdoutLine: {'line': b'-- Up-to-date: /home/mustardking/ws_sensor_combined/install/px4_msgs/include/px4_msgs/px4_msgs/msg/detail/camera_trigger__rosidl_typesupport_introspection_cpp.hpp\n'}
[1.545186] (px4_msgs) StdoutLine: {'line': b'-- Up-to-date: /home/mustardking/ws_sensor_combined/install/px4_msgs/include/px4_msgs/px4_msgs/msg/detail/landing_target_innovations__rosidl_typesupport_introspection_cpp.hpp\n'}
[1.545207] (px4_msgs) StdoutLine: {'line': b'-- Up-to-date: /home/mustardking/ws_sensor_combined/install/px4_msgs/include/px4_msgs/px4_msgs/msg/detail/sensor_baro__rosidl_typesupport_introspection_cpp.hpp\n'}
[1.545229] (px4_msgs) StdoutLine: {'line': b'-- Up-to-date: /home/mustardking/ws_sensor_combined/install/px4_msgs/include/px4_msgs/px4_msgs/msg/detail/actuator_servos__rosidl_typesupport_introspection_cpp.hpp\n'}
[1.545251] (px4_msgs) StdoutLine: {'line': b'-- Up-to-date: /home/mustardking/ws_sensor_combined/install/px4_msgs/include/px4_msgs/px4_msgs/msg/detail/estimator_aid_source1d__rosidl_typesupport_introspection_cpp.hpp\n'}
[1.545273] (px4_msgs) StdoutLine: {'line': b'-- Up-to-date: /home/mustardking/ws_sensor_combined/install/px4_msgs/include/px4_msgs/px4_msgs/msg/detail/fixed_wing_runway_control__type_support.cpp\n'}
[1.545295] (px4_msgs) StdoutLine: {'line': b'-- Up-to-date: /home/mustardking/ws_sensor_combined/install/px4_msgs/include/px4_msgs/px4_msgs/msg/detail/pps_capture__rosidl_typesupport_introspection_cpp.hpp\n'}
[1.545319] (px4_msgs) StdoutLine: {'line': b'-- Up-to-date: /home/mustardking/ws_sensor_combined/install/px4_msgs/include/px4_msgs/px4_msgs/msg/detail/rover_attitude_setpoint__type_support.cpp\n'}
[1.545341] (px4_msgs) StdoutLine: {'line': b'-- Up-to-date: /home/mustardking/ws_sensor_combined/install/px4_msgs/include/px4_msgs/px4_msgs/msg/detail/position_controller_landing_status__rosidl_typesupport_introspection_cpp.hpp\n'}
[1.545363] (px4_msgs) StdoutLine: {'line': b'-- Up-to-date: /home/mustardking/ws_sensor_combined/install/px4_msgs/include/px4_msgs/px4_msgs/msg/detail/arming_check_reply__rosidl_typesupport_introspection_cpp.hpp\n'}
[1.545385] (px4_msgs) StdoutLine: {'line': b'-- Up-to-date: /home/mustardking/ws_sensor_combined/install/px4_msgs/include/px4_msgs/px4_msgs/msg/detail/event__rosidl_typesupport_introspection_cpp.hpp\n'}
[1.545409] (px4_msgs) StdoutLine: {'line': b'-- Up-to-date: /home/mustardking/ws_sensor_combined/install/px4_msgs/include/px4_msgs/px4_msgs/msg/detail/sensors_status_imu__rosidl_typesupport_introspection_cpp.hpp\n'}
[1.545431] (px4_msgs) StdoutLine: {'line': b'-- Up-to-date: /home/mustardking/ws_sensor_combined/install/px4_msgs/include/px4_msgs/px4_msgs/msg/detail/camera_status__type_support.cpp\n'}
[1.545453] (px4_msgs) StdoutLine: {'line': b'-- Up-to-date: /home/mustardking/ws_sensor_combined/install/px4_msgs/include/px4_msgs/px4_msgs/msg/detail/debug_value__rosidl_typesupport_introspection_cpp.hpp\n'}
[1.545474] (px4_msgs) StdoutLine: {'line': b'-- Up-to-date: /home/mustardking/ws_sensor_combined/install/px4_msgs/include/px4_msgs/px4_msgs/msg/detail/control_allocator_status__type_support.cpp\n'}
[1.545496] (px4_msgs) StdoutLine: {'line': b'-- Up-to-date: /home/mustardking/ws_sensor_combined/install/px4_msgs/include/px4_msgs/px4_msgs/msg/detail/sensors_status_imu__type_support.cpp\n'}
[1.545517] (px4_msgs) StdoutLine: {'line': b'-- Up-to-date: /home/mustardking/ws_sensor_combined/install/px4_msgs/include/px4_msgs/px4_msgs/msg/detail/rpm__rosidl_typesupport_introspection_cpp.hpp\n'}
[1.545539] (px4_msgs) StdoutLine: {'line': b'-- Up-to-date: /home/mustardking/ws_sensor_combined/install/px4_msgs/include/px4_msgs/px4_msgs/msg/detail/tiltrotor_extra_controls__rosidl_typesupport_introspection_cpp.hpp\n'}
[1.545561] (px4_msgs) StdoutLine: {'line': b'-- Up-to-date: /home/mustardking/ws_sensor_combined/install/px4_msgs/include/px4_msgs/px4_msgs/msg/detail/vehicle_attitude__rosidl_typesupport_introspection_cpp.hpp\n'}
[1.545583] (px4_msgs) StdoutLine: {'line': b'-- Up-to-date: /home/mustardking/ws_sensor_combined/install/px4_msgs/include/px4_msgs/px4_msgs/msg/detail/rover_steering_setpoint__type_support.cpp\n'}
[1.545604] (px4_msgs) StdoutLine: {'line': b'-- Up-to-date: /home/mustardking/ws_sensor_combined/install/px4_msgs/include/px4_msgs/px4_msgs/msg/detail/pwm_input__type_support.cpp\n'}
[1.545627] (px4_msgs) StdoutLine: {'line': b'-- Up-to-date: /home/mustardking/ws_sensor_combined/install/px4_msgs/include/px4_msgs/px4_msgs/msg/detail/actuator_servos_trim__rosidl_typesupport_introspection_cpp.hpp\n'}
[1.545649] (px4_msgs) StdoutLine: {'line': b'-- Up-to-date: /home/mustardking/ws_sensor_combined/install/px4_msgs/include/px4_msgs/px4_msgs/msg/detail/power_button_state__rosidl_typesupport_introspection_cpp.hpp\n'}
[1.545670] (px4_msgs) StdoutLine: {'line': b'-- Up-to-date: /home/mustardking/ws_sensor_combined/install/px4_msgs/include/px4_msgs/px4_msgs/msg/detail/onboard_computer_status__rosidl_typesupport_introspection_cpp.hpp\n'}
[1.545692] (px4_msgs) StdoutLine: {'line': b'-- Up-to-date: /home/mustardking/ws_sensor_combined/install/px4_msgs/include/px4_msgs/px4_msgs/msg/detail/vehicle_status__type_support.cpp\n'}
[1.545714] (px4_msgs) StdoutLine: {'line': b'-- Up-to-date: /home/mustardking/ws_sensor_combined/install/px4_msgs/include/px4_msgs/px4_msgs/msg/detail/hover_thrust_estimate__type_support.cpp\n'}
[1.545736] (px4_msgs) StdoutLine: {'line': b'-- Up-to-date: /home/mustardking/ws_sensor_combined/install/px4_msgs/include/px4_msgs/px4_msgs/msg/detail/autotune_attitude_control_status__type_support.cpp\n'}
[1.545758] (px4_msgs) StdoutLine: {'line': b'-- Up-to-date: /home/mustardking/ws_sensor_combined/install/px4_msgs/include/px4_msgs/px4_msgs/msg/detail/vehicle_attitude_setpoint__type_support.cpp\n'}
[1.545780] (px4_msgs) StdoutLine: {'line': b'-- Up-to-date: /home/mustardking/ws_sensor_combined/install/px4_msgs/include/px4_msgs/px4_msgs/msg/detail/orb_test_medium__rosidl_typesupport_introspection_cpp.hpp\n'}
[1.545802] (px4_msgs) StdoutLine: {'line': b'-- Up-to-date: /home/mustardking/ws_sensor_combined/install/px4_msgs/include/px4_msgs/px4_msgs/msg/detail/fixed_wing_lateral_guidance_status__type_support.cpp\n'}
[1.545824] (px4_msgs) StdoutLine: {'line': b'-- Up-to-date: /home/mustardking/ws_sensor_combined/install/px4_msgs/include/px4_msgs/px4_msgs/msg/detail/position_controller_status__type_support.cpp\n'}
[1.545845] (px4_msgs) StdoutLine: {'line': b'-- Up-to-date: /home/mustardking/ws_sensor_combined/install/px4_msgs/include/px4_msgs/px4_msgs/msg/detail/rover_rate_setpoint__rosidl_typesupport_introspection_cpp.hpp\n'}
[1.545867] (px4_msgs) StdoutLine: {'line': b'-- Up-to-date: /home/mustardking/ws_sensor_combined/install/px4_msgs/include/px4_msgs/px4_msgs/msg/detail/button_event__rosidl_typesupport_introspection_cpp.hpp\n'}
[1.545889] (px4_msgs) StdoutLine: {'line': b'-- Up-to-date: /home/mustardking/ws_sensor_combined/install/px4_msgs/include/px4_msgs/px4_msgs/msg/detail/ping__rosidl_typesupport_introspection_cpp.hpp\n'}
[1.545910] (px4_msgs) StdoutLine: {'line': b'-- Up-to-date: /home/mustardking/ws_sensor_combined/install/px4_msgs/include/px4_msgs/px4_msgs/msg/detail/trajectory_setpoint6dof__type_support.cpp\n'}
[1.545932] (px4_msgs) StdoutLine: {'line': b'-- Up-to-date: /home/mustardking/ws_sensor_combined/install/px4_msgs/include/px4_msgs/px4_msgs/msg/detail/radio_status__type_support.cpp\n'}
[1.545954] (px4_msgs) StdoutLine: {'line': b'-- Up-to-date: /home/mustardking/ws_sensor_combined/install/px4_msgs/include/px4_msgs/px4_msgs/msg/detail/estimator_aid_source3d__type_support.cpp\n'}
[1.545977] (px4_msgs) StdoutLine: {'line': b'-- Up-to-date: /home/mustardking/ws_sensor_combined/install/px4_msgs/include/px4_msgs/px4_msgs/msg/detail/vehicle_status__rosidl_typesupport_introspection_cpp.hpp\n'}
[1.545999] (px4_msgs) StdoutLine: {'line': b'-- Up-to-date: /home/mustardking/ws_sensor_combined/install/px4_msgs/include/px4_msgs/px4_msgs/msg/detail/estimator_selector_status__type_support.cpp\n'}
[1.546021] (px4_msgs) StdoutLine: {'line': b'-- Up-to-date: /home/mustardking/ws_sensor_combined/install/px4_msgs/include/px4_msgs/px4_msgs/msg/detail/sensor_gps__rosidl_typesupport_introspection_cpp.hpp\n'}
[1.546042] (px4_msgs) StdoutLine: {'line': b'-- Up-to-date: /home/mustardking/ws_sensor_combined/install/px4_msgs/include/px4_msgs/px4_msgs/msg/detail/parameter_set_used_request__type_support.cpp\n'}
[1.546064] (px4_msgs) StdoutLine: {'line': b'-- Up-to-date: /home/mustardking/ws_sensor_combined/install/px4_msgs/include/px4_msgs/px4_msgs/msg/detail/magnetometer_bias_estimate__rosidl_typesupport_introspection_cpp.hpp\n'}
[1.546086] (px4_msgs) StdoutLine: {'line': b'-- Up-to-date: /home/mustardking/ws_sensor_combined/install/px4_msgs/include/px4_msgs/px4_msgs/msg/detail/tune_control__rosidl_typesupport_introspection_cpp.hpp\n'}
[1.546108] (px4_msgs) StdoutLine: {'line': b'-- Up-to-date: /home/mustardking/ws_sensor_combined/install/px4_msgs/include/px4_msgs/px4_msgs/msg/detail/orbit_status__rosidl_typesupport_introspection_cpp.hpp\n'}
[1.546130] (px4_msgs) StdoutLine: {'line': b'-- Up-to-date: /home/mustardking/ws_sensor_combined/install/px4_msgs/include/px4_msgs/px4_msgs/msg/detail/estimator_event_flags__type_support.cpp\n'}
[1.546151] (px4_msgs) StdoutLine: {'line': b'-- Up-to-date: /home/mustardking/ws_sensor_combined/install/px4_msgs/include/px4_msgs/px4_msgs/msg/detail/vehicle_odometry__type_support.cpp\n'}
[1.546174] (px4_msgs) StdoutLine: {'line': b'-- Up-to-date: /home/mustardking/ws_sensor_combined/install/px4_msgs/include/px4_msgs/px4_msgs/msg/detail/sensor_gnss_relative__type_support.cpp\n'}
[1.546197] (px4_msgs) StdoutLine: {'line': b'-- Up-to-date: /home/mustardking/ws_sensor_combined/install/px4_msgs/include/px4_msgs/px4_msgs/msg/detail/parameter_set_used_request__rosidl_typesupport_introspection_cpp.hpp\n'}
[1.546219] (px4_msgs) StdoutLine: {'line': b'-- Up-to-date: /home/mustardking/ws_sensor_combined/install/px4_msgs/include/px4_msgs/px4_msgs/msg/detail/qshell_req__type_support.cpp\n'}
[1.546240] (px4_msgs) StdoutLine: {'line': b'-- Up-to-date: /home/mustardking/ws_sensor_combined/install/px4_msgs/include/px4_msgs/px4_msgs/msg/detail/wheel_encoders__type_support.cpp\n'}
[1.546262] (px4_msgs) StdoutLine: {'line': b'-- Up-to-date: /home/mustardking/ws_sensor_combined/install/px4_msgs/include/px4_msgs/px4_msgs/msg/detail/gpio_in__rosidl_typesupport_introspection_cpp.hpp\n'}
[1.546284] (px4_msgs) StdoutLine: {'line': b'-- Up-to-date: /home/mustardking/ws_sensor_combined/install/px4_msgs/include/px4_msgs/px4_msgs/msg/detail/sensor_preflight_mag__rosidl_typesupport_introspection_cpp.hpp\n'}
[1.546305] (px4_msgs) StdoutLine: {'line': b'-- Up-to-date: /home/mustardking/ws_sensor_combined/install/px4_msgs/include/px4_msgs/px4_msgs/msg/detail/orb_test_medium__type_support.cpp\n'}
[1.546327] (px4_msgs) StdoutLine: {'line': b'-- Up-to-date: /home/mustardking/ws_sensor_combined/install/px4_msgs/include/px4_msgs/px4_msgs/msg/detail/vehicle_command_ack__rosidl_typesupport_introspection_cpp.hpp\n'}
[1.546349] (px4_msgs) StdoutLine: {'line': b'-- Up-to-date: /home/mustardking/ws_sensor_combined/install/px4_msgs/include/px4_msgs/px4_msgs/msg/detail/sensor_baro__type_support.cpp\n'}
[1.546370] (px4_msgs) StdoutLine: {'line': b'-- Up-to-date: /home/mustardking/ws_sensor_combined/install/px4_msgs/include/px4_msgs/px4_msgs/msg/detail/vehicle_control_mode__rosidl_typesupport_introspection_cpp.hpp\n'}
[1.546392] (px4_msgs) StdoutLine: {'line': b'-- Up-to-date: /home/mustardking/ws_sensor_combined/install/px4_msgs/include/px4_msgs/px4_msgs/msg/detail/telemetry_status__type_support.cpp\n'}
[1.546413] (px4_msgs) StdoutLine: {'line': b'-- Up-to-date: /home/mustardking/ws_sensor_combined/install/px4_msgs/include/px4_msgs/px4_msgs/msg/detail/parameter_update__rosidl_typesupport_introspection_cpp.hpp\n'}
[1.546435] (px4_msgs) StdoutLine: {'line': b'-- Up-to-date: /home/mustardking/ws_sensor_combined/install/px4_msgs/include/px4_msgs/px4_msgs/msg/detail/vehicle_acceleration__rosidl_typesupport_introspection_cpp.hpp\n'}
[1.546457] (px4_msgs) StdoutLine: {'line': b'-- Up-to-date: /home/mustardking/ws_sensor_combined/install/px4_msgs/include/px4_msgs/px4_msgs/msg/detail/home_position__rosidl_typesupport_introspection_cpp.hpp\n'}
[1.546479] (px4_msgs) StdoutLine: {'line': b'-- Up-to-date: /home/mustardking/ws_sensor_combined/install/px4_msgs/include/px4_msgs/px4_msgs/msg/detail/sensors_status__type_support.cpp\n'}
[1.546500] (px4_msgs) StdoutLine: {'line': b'-- Up-to-date: /home/mustardking/ws_sensor_combined/install/px4_msgs/include/px4_msgs/px4_msgs/msg/detail/fixed_wing_lateral_guidance_status__rosidl_typesupport_introspection_cpp.hpp\n'}
[1.546522] (px4_msgs) StdoutLine: {'line': b'-- Up-to-date: /home/mustardking/ws_sensor_combined/install/px4_msgs/include/px4_msgs/px4_msgs/msg/detail/vehicle_magnetometer__rosidl_typesupport_introspection_cpp.hpp\n'}
[1.546544] (px4_msgs) StdoutLine: {'line': b'-- Up-to-date: /home/mustardking/ws_sensor_combined/install/px4_msgs/include/px4_msgs/px4_msgs/msg/detail/vehicle_imu_status__type_support.cpp\n'}
[1.546567] (px4_msgs) StdoutLine: {'line': b'-- Up-to-date: /home/mustardking/ws_sensor_combined/install/px4_msgs/include/px4_msgs/px4_msgs/msg/detail/vehicle_optical_flow_vel__type_support.cpp\n'}
[1.546589] (px4_msgs) StdoutLine: {'line': b'-- Up-to-date: /home/mustardking/ws_sensor_combined/install/px4_msgs/include/px4_msgs/px4_msgs/msg/detail/sensor_gps__type_support.cpp\n'}
[1.546611] (px4_msgs) StdoutLine: {'line': b'-- Up-to-date: /home/mustardking/ws_sensor_combined/install/px4_msgs/include/px4_msgs/px4_msgs/msg/detail/rover_throttle_setpoint__rosidl_typesupport_introspection_cpp.hpp\n'}
[1.546634] (px4_msgs) StdoutLine: {'line': b'-- Up-to-date: /home/mustardking/ws_sensor_combined/install/px4_msgs/include/px4_msgs/px4_msgs/msg/detail/led_control__type_support.cpp\n'}
[1.546655] (px4_msgs) StdoutLine: {'line': b'-- Up-to-date: /home/mustardking/ws_sensor_combined/install/px4_msgs/include/px4_msgs/px4_msgs/msg/detail/px4io_status__type_support.cpp\n'}
[1.546677] (px4_msgs) StdoutLine: {'line': b'-- Up-to-date: /home/mustardking/ws_sensor_combined/install/px4_msgs/include/px4_msgs/px4_msgs/msg/detail/actuator_test__type_support.cpp\n'}
[1.546698] (px4_msgs) StdoutLine: {'line': b'-- Up-to-date: /home/mustardking/ws_sensor_combined/install/px4_msgs/include/px4_msgs/px4_msgs/msg/detail/open_drone_id_self_id__rosidl_typesupport_introspection_cpp.hpp\n'}
[1.546721] (px4_msgs) StdoutLine: {'line': b'-- Up-to-date: /home/mustardking/ws_sensor_combined/install/px4_msgs/include/px4_msgs/px4_msgs/msg/detail/mission__rosidl_typesupport_introspection_cpp.hpp\n'}
[1.546743] (px4_msgs) StdoutLine: {'line': b'-- Up-to-date: /home/mustardking/ws_sensor_combined/install/px4_msgs/include/px4_msgs/px4_msgs/msg/detail/orb_test_large__type_support.cpp\n'}
[1.546765] (px4_msgs) StdoutLine: {'line': b'-- Up-to-date: /home/mustardking/ws_sensor_combined/install/px4_msgs/include/px4_msgs/px4_msgs/msg/detail/sensors_status__rosidl_typesupport_introspection_cpp.hpp\n'}
[1.546787] (px4_msgs) StdoutLine: {'line': b'-- Up-to-date: /home/mustardking/ws_sensor_combined/install/px4_msgs/include/px4_msgs/px4_msgs/msg/detail/register_ext_component_reply__rosidl_typesupport_introspection_cpp.hpp\n'}
[1.546808] (px4_msgs) StdoutLine: {'line': b'-- Up-to-date: /home/mustardking/ws_sensor_combined/install/px4_msgs/include/px4_msgs/px4_msgs/msg/detail/estimator_innovations__rosidl_typesupport_introspection_cpp.hpp\n'}
[1.546830] (px4_msgs) StdoutLine: {'line': b'-- Up-to-date: /home/mustardking/ws_sensor_combined/install/px4_msgs/include/px4_msgs/px4_msgs/msg/detail/geofence_result__type_support.cpp\n'}
[1.546852] (px4_msgs) StdoutLine: {'line': b'-- Up-to-date: /home/mustardking/ws_sensor_combined/install/px4_msgs/include/px4_msgs/px4_msgs/msg/detail/actuator_controls_status__rosidl_typesupport_introspection_cpp.hpp\n'}
[1.546874] (px4_msgs) StdoutLine: {'line': b'-- Up-to-date: /home/mustardking/ws_sensor_combined/install/px4_msgs/include/px4_msgs/px4_msgs/msg/detail/estimator_bias__rosidl_typesupport_introspection_cpp.hpp\n'}
[1.546895] (px4_msgs) StdoutLine: {'line': b'-- Up-to-date: /home/mustardking/ws_sensor_combined/install/px4_msgs/include/px4_msgs/px4_msgs/msg/detail/sensor_accel__type_support.cpp\n'}
[1.546917] (px4_msgs) StdoutLine: {'line': b'-- Up-to-date: /home/mustardking/ws_sensor_combined/install/px4_msgs/include/px4_msgs/px4_msgs/msg/detail/gimbal_controls__type_support.cpp\n'}
[1.546938] (px4_msgs) StdoutLine: {'line': b'-- Up-to-date: /home/mustardking/ws_sensor_combined/install/px4_msgs/include/px4_msgs/px4_msgs/msg/detail/pwm_input__rosidl_typesupport_introspection_cpp.hpp\n'}
[1.546960] (px4_msgs) StdoutLine: {'line': b'-- Up-to-date: /home/mustardking/ws_sensor_combined/install/px4_msgs/include/px4_msgs/px4_msgs/msg/detail/ulog_stream__type_support.cpp\n'}
[1.546981] (px4_msgs) StdoutLine: {'line': b'-- Up-to-date: /home/mustardking/ws_sensor_combined/install/px4_msgs/include/px4_msgs/px4_msgs/msg/detail/collision_constraints__type_support.cpp\n'}
[1.547003] (px4_msgs) StdoutLine: {'line': b'-- Up-to-date: /home/mustardking/ws_sensor_combined/install/px4_msgs/include/px4_msgs/px4_msgs/msg/detail/vehicle_torque_setpoint__type_support.cpp\n'}
[1.547025] (px4_msgs) StdoutLine: {'line': b'-- Up-to-date: /home/mustardking/ws_sensor_combined/install/px4_msgs/include/px4_msgs/px4_msgs/msg/detail/gpio_in__type_support.cpp\n'}
[1.547047] (px4_msgs) StdoutLine: {'line': b'-- Up-to-date: /home/mustardking/ws_sensor_combined/install/px4_msgs/include/px4_msgs/px4_msgs/msg/detail/sensor_accel_fifo__rosidl_typesupport_introspection_cpp.hpp\n'}
[1.547069] (px4_msgs) StdoutLine: {'line': b'-- Up-to-date: /home/mustardking/ws_sensor_combined/install/px4_msgs/include/px4_msgs/px4_msgs/msg/detail/actuator_test__rosidl_typesupport_introspection_cpp.hpp\n'}
[1.547094] (px4_msgs) StdoutLine: {'line': b'-- Up-to-date: /home/mustardking/ws_sensor_combined/install/px4_msgs/include/px4_msgs/px4_msgs/msg/detail/rover_steering_setpoint__rosidl_typesupport_introspection_cpp.hpp\n'}
[1.547124] (px4_msgs) StdoutLine: {'line': b'-- Up-to-date: /home/mustardking/ws_sensor_combined/install/px4_msgs/include/px4_msgs/px4_msgs/msg/detail/power_monitor__type_support.cpp\n'}
[1.547146] (px4_msgs) StdoutLine: {'line': b'-- Up-to-date: /home/mustardking/ws_sensor_combined/install/px4_msgs/include/px4_msgs/px4_msgs/msg/detail/vehicle_thrust_setpoint__rosidl_typesupport_introspection_cpp.hpp\n'}
[1.547171] (px4_msgs) StdoutLine: {'line': b'-- Up-to-date: /home/mustardking/ws_sensor_combined/install/px4_msgs/include/px4_msgs/px4_msgs/msg/detail/neural_control__rosidl_typesupport_introspection_cpp.hpp\n'}
[1.547193] (px4_msgs) StdoutLine: {'line': b'-- Up-to-date: /home/mustardking/ws_sensor_combined/install/px4_msgs/include/px4_msgs/px4_msgs/msg/detail/obstacle_distance__type_support.cpp\n'}
[1.547214] (px4_msgs) StdoutLine: {'line': b'-- Up-to-date: /home/mustardking/ws_sensor_combined/install/px4_msgs/include/px4_msgs/px4_msgs/msg/detail/dronecan_node_status__rosidl_typesupport_introspection_cpp.hpp\n'}
[1.547236] (px4_msgs) StdoutLine: {'line': b'-- Up-to-date: /home/mustardking/ws_sensor_combined/install/px4_msgs/include/px4_msgs/px4_msgs/msg/detail/sensor_correction__rosidl_typesupport_introspection_cpp.hpp\n'}
[1.547258] (px4_msgs) StdoutLine: {'line': b'-- Up-to-date: /home/mustardking/ws_sensor_combined/install/px4_msgs/include/px4_msgs/px4_msgs/msg/detail/gps_dump__rosidl_typesupport_introspection_cpp.hpp\n'}
[1.547328] (px4_msgs) StdoutLine: {'line': b'-- Up-to-date: /home/mustardking/ws_sensor_combined/install/px4_msgs/include/px4_msgs/px4_msgs/msg/detail/unregister_ext_component__rosidl_typesupport_introspection_cpp.hpp\n'}
[1.547355] (px4_msgs) StdoutLine: {'line': b'-- Up-to-date: /home/mustardking/ws_sensor_combined/install/px4_msgs/include/px4_msgs/px4_msgs/msg/detail/esc_report__rosidl_typesupport_introspection_cpp.hpp\n'}
[1.547377] (px4_msgs) StdoutLine: {'line': b'-- Up-to-date: /home/mustardking/ws_sensor_combined/install/px4_msgs/include/px4_msgs/px4_msgs/msg/detail/rover_speed_status__rosidl_typesupport_introspection_cpp.hpp\n'}
[1.547399] (px4_msgs) StdoutLine: {'line': b'-- Up-to-date: /home/mustardking/ws_sensor_combined/install/px4_msgs/include/px4_msgs/px4_msgs/msg/detail/trajectory_setpoint__rosidl_typesupport_introspection_cpp.hpp\n'}
[1.547421] (px4_msgs) StdoutLine: {'line': b'-- Up-to-date: /home/mustardking/ws_sensor_combined/install/px4_msgs/include/px4_msgs/px4_msgs/msg/detail/ekf2_timestamps__type_support.cpp\n'}
[1.547442] (px4_msgs) StdoutLine: {'line': b'-- Up-to-date: /home/mustardking/ws_sensor_combined/install/px4_msgs/include/px4_msgs/px4_msgs/msg/detail/gripper__rosidl_typesupport_introspection_cpp.hpp\n'}
[1.547464] (px4_msgs) StdoutLine: {'line': b'-- Up-to-date: /home/mustardking/ws_sensor_combined/install/px4_msgs/include/px4_msgs/px4_msgs/msg/detail/rc_parameter_map__rosidl_typesupport_introspection_cpp.hpp\n'}
[1.547486] (px4_msgs) StdoutLine: {'line': b'-- Up-to-date: /home/mustardking/ws_sensor_combined/install/px4_msgs/include/px4_msgs/px4_msgs/msg/detail/config_overrides__rosidl_typesupport_introspection_cpp.hpp\n'}
[1.547508] (px4_msgs) StdoutLine: {'line': b'-- Up-to-date: /home/mustardking/ws_sensor_combined/install/px4_msgs/include/px4_msgs/px4_msgs/msg/detail/debug_vect__type_support.cpp\n'}
[1.547529] (px4_msgs) StdoutLine: {'line': b'-- Up-to-date: /home/mustardking/ws_sensor_combined/install/px4_msgs/include/px4_msgs/px4_msgs/msg/detail/wind__rosidl_typesupport_introspection_cpp.hpp\n'}
[1.547551] (px4_msgs) StdoutLine: {'line': b'-- Up-to-date: /home/mustardking/ws_sensor_combined/install/px4_msgs/include/px4_msgs/px4_msgs/msg/detail/power_monitor__rosidl_typesupport_introspection_cpp.hpp\n'}
[1.547575] (px4_msgs) StdoutLine: {'line': b'-- Up-to-date: /home/mustardking/ws_sensor_combined/install/px4_msgs/include/px4_msgs/px4_msgs/msg/detail/gimbal_device_attitude_status__type_support.cpp\n'}
[1.547597] (px4_msgs) StdoutLine: {'line': b'-- Up-to-date: /home/mustardking/ws_sensor_combined/install/px4_msgs/include/px4_msgs/px4_msgs/msg/detail/vehicle_imu__rosidl_typesupport_introspection_cpp.hpp\n'}
[1.547619] (px4_msgs) StdoutLine: {'line': b'-- Up-to-date: /home/mustardking/ws_sensor_combined/install/px4_msgs/include/px4_msgs/px4_msgs/msg/detail/rover_speed_status__type_support.cpp\n'}
[1.547641] (px4_msgs) StdoutLine: {'line': b'-- Up-to-date: /home/mustardking/ws_sensor_combined/install/px4_msgs/include/px4_msgs/px4_msgs/msg/detail/rover_rate_setpoint__type_support.cpp\n'}
[1.547663] (px4_msgs) StdoutLine: {'line': b'-- Up-to-date: /home/mustardking/ws_sensor_combined/install/px4_msgs/include/px4_msgs/px4_msgs/msg/detail/actuator_motors__type_support.cpp\n'}
[1.547685] (px4_msgs) StdoutLine: {'line': b'-- Up-to-date: /home/mustardking/ws_sensor_combined/install/px4_msgs/include/px4_msgs/px4_msgs/msg/detail/follow_target_status__rosidl_typesupport_introspection_cpp.hpp\n'}
[1.547707] (px4_msgs) StdoutLine: {'line': b'-- Up-to-date: /home/mustardking/ws_sensor_combined/install/px4_msgs/include/px4_msgs/px4_msgs/msg/detail/magnetometer_bias_estimate__type_support.cpp\n'}
[1.547729] (px4_msgs) StdoutLine: {'line': b'-- Up-to-date: /home/mustardking/ws_sensor_combined/install/px4_msgs/include/px4_msgs/px4_msgs/msg/detail/cpuload__rosidl_typesupport_introspection_cpp.hpp\n'}
[1.547751] (px4_msgs) StdoutLine: {'line': b'-- Up-to-date: /home/mustardking/ws_sensor_combined/install/px4_msgs/include/px4_msgs/px4_msgs/msg/detail/camera_capture__type_support.cpp\n'}
[1.547773] (px4_msgs) StdoutLine: {'line': b'-- Up-to-date: /home/mustardking/ws_sensor_combined/install/px4_msgs/include/px4_msgs/px4_msgs/msg/detail/can_interface_status__rosidl_typesupport_introspection_cpp.hpp\n'}
[1.547797] (px4_msgs) StdoutLine: {'line': b'-- Up-to-date: /home/mustardking/ws_sensor_combined/install/px4_msgs/include/px4_msgs/px4_msgs/msg/detail/camera_status__rosidl_typesupport_introspection_cpp.hpp\n'}
[1.547819] (px4_msgs) StdoutLine: {'line': b'-- Up-to-date: /home/mustardking/ws_sensor_combined/install/px4_msgs/include/px4_msgs/px4_msgs/msg/detail/position_setpoint__rosidl_typesupport_introspection_cpp.hpp\n'}
[1.547841] (px4_msgs) StdoutLine: {'line': b'-- Up-to-date: /home/mustardking/ws_sensor_combined/install/px4_msgs/include/px4_msgs/px4_msgs/msg/detail/parameter_set_value_response__rosidl_typesupport_introspection_cpp.hpp\n'}
[1.547863] (px4_msgs) StdoutLine: {'line': b'-- Up-to-date: /home/mustardking/ws_sensor_combined/install/px4_msgs/include/px4_msgs/px4_msgs/msg/detail/arming_check_reply__type_support.cpp\n'}
[1.547886] (px4_msgs) StdoutLine: {'line': b'-- Up-to-date: /home/mustardking/ws_sensor_combined/install/px4_msgs/include/px4_msgs/px4_msgs/msg/detail/takeoff_status__type_support.cpp\n'}
[1.547908] (px4_msgs) StdoutLine: {'line': b'-- Up-to-date: /home/mustardking/ws_sensor_combined/install/px4_msgs/include/px4_msgs/px4_msgs/msg/detail/cellular_status__type_support.cpp\n'}
[1.547929] (px4_msgs) StdoutLine: {'line': b'-- Up-to-date: /home/mustardking/ws_sensor_combined/install/px4_msgs/include/px4_msgs/px4_msgs/msg/detail/fixed_wing_lateral_setpoint__rosidl_typesupport_introspection_cpp.hpp\n'}
[1.547951] (px4_msgs) StdoutLine: {'line': b'-- Up-to-date: /home/mustardking/ws_sensor_combined/install/px4_msgs/include/px4_msgs/px4_msgs/msg/detail/gimbal_manager_set_manual_control__type_support.cpp\n'}
[1.547973] (px4_msgs) StdoutLine: {'line': b'-- Up-to-date: /home/mustardking/ws_sensor_combined/install/px4_msgs/include/px4_msgs/px4_msgs/msg/detail/sensor_accel_fifo__type_support.cpp\n'}
[1.547994] (px4_msgs) StdoutLine: {'line': b'-- Up-to-date: /home/mustardking/ws_sensor_combined/install/px4_msgs/include/px4_msgs/px4_msgs/msg/detail/ulog_stream_ack__rosidl_typesupport_introspection_cpp.hpp\n'}
[1.548017] (px4_msgs) StdoutLine: {'line': b'-- Up-to-date: /home/mustardking/ws_sensor_combined/install/px4_msgs/include/px4_msgs/px4_msgs/msg/detail/sensor_hygrometer__rosidl_typesupport_introspection_cpp.hpp\n'}
[1.548039] (px4_msgs) StdoutLine: {'line': b'-- Up-to-date: /home/mustardking/ws_sensor_combined/install/px4_msgs/include/px4_msgs/px4_msgs/msg/detail/pure_pursuit_status__rosidl_typesupport_introspection_cpp.hpp\n'}
[1.548061] (px4_msgs) StdoutLine: {'line': b'-- Up-to-date: /home/mustardking/ws_sensor_combined/install/px4_msgs/include/px4_msgs/px4_msgs/msg/detail/internal_combustion_engine_status__type_support.cpp\n'}
[1.548082] (px4_msgs) StdoutLine: {'line': b'-- Up-to-date: /home/mustardking/ws_sensor_combined/install/px4_msgs/include/px4_msgs/px4_msgs/msg/detail/vehicle_local_position__type_support.cpp\n'}
[1.548104] (px4_msgs) StdoutLine: {'line': b'-- Up-to-date: /home/mustardking/ws_sensor_combined/install/px4_msgs/include/px4_msgs/px4_msgs/msg/detail/manual_control_switches__type_support.cpp\n'}
[1.548126] (px4_msgs) StdoutLine: {'line': b'-- Up-to-date: /home/mustardking/ws_sensor_combined/install/px4_msgs/include/px4_msgs/px4_msgs/msg/detail/estimator_gps_status__type_support.cpp\n'}
[1.548147] (px4_msgs) StdoutLine: {'line': b'-- Up-to-date: /home/mustardking/ws_sensor_combined/install/px4_msgs/include/px4_msgs/px4_msgs/msg/detail/home_position__type_support.cpp\n'}
[1.548169] (px4_msgs) StdoutLine: {'line': b'-- Up-to-date: /home/mustardking/ws_sensor_combined/install/px4_msgs/include/px4_msgs/px4_msgs/msg/detail/vehicle_rates_setpoint__type_support.cpp\n'}
[1.548191] (px4_msgs) StdoutLine: {'line': b'-- Up-to-date: /home/mustardking/ws_sensor_combined/install/px4_msgs/include/px4_msgs/px4_msgs/msg/detail/velocity_limits__rosidl_typesupport_introspection_cpp.hpp\n'}
[1.548220] (px4_msgs) StdoutLine: {'line': b'-- Up-to-date: /home/mustardking/ws_sensor_combined/install/px4_msgs/include/px4_msgs/px4_msgs/msg/detail/register_ext_component_request__rosidl_typesupport_introspection_cpp.hpp\n'}
[1.548243] (px4_msgs) StdoutLine: {'line': b'-- Up-to-date: /home/mustardking/ws_sensor_combined/install/px4_msgs/include/px4_msgs/px4_msgs/msg/detail/parameter_reset_request__rosidl_typesupport_introspection_cpp.hpp\n'}
[1.548265] (px4_msgs) StdoutLine: {'line': b'-- Up-to-date: /home/mustardking/ws_sensor_combined/install/px4_msgs/include/px4_msgs/px4_msgs/msg/detail/wheel_encoders__rosidl_typesupport_introspection_cpp.hpp\n'}
[1.548287] (px4_msgs) StdoutLine: {'line': b'-- Up-to-date: /home/mustardking/ws_sensor_combined/install/px4_msgs/include/px4_msgs/px4_msgs/msg/detail/rover_rate_status__rosidl_typesupport_introspection_cpp.hpp\n'}
[1.548309] (px4_msgs) StdoutLine: {'line': b'-- Up-to-date: /home/mustardking/ws_sensor_combined/install/px4_msgs/include/px4_msgs/px4_msgs/msg/detail/parameter_set_value_request__type_support.cpp\n'}
[1.548330] (px4_msgs) StdoutLine: {'line': b'-- Up-to-date: /home/mustardking/ws_sensor_combined/install/px4_msgs/include/px4_msgs/px4_msgs/msg/detail/dataman_request__type_support.cpp\n'}
[1.548352] (px4_msgs) StdoutLine: {'line': b'-- Up-to-date: /home/mustardking/ws_sensor_combined/install/px4_msgs/include/px4_msgs/px4_msgs/msg/detail/longitudinal_control_configuration__type_support.cpp\n'}
[1.548376] (px4_msgs) StdoutLine: {'line': b'-- Up-to-date: /home/mustardking/ws_sensor_combined/install/px4_msgs/include/px4_msgs/px4_msgs/msg/detail/flight_phase_estimation__rosidl_typesupport_introspection_cpp.hpp\n'}
[1.548398] (px4_msgs) StdoutLine: {'line': b'-- Up-to-date: /home/mustardking/ws_sensor_combined/install/px4_msgs/include/px4_msgs/px4_msgs/msg/detail/ekf2_timestamps__rosidl_typesupport_introspection_cpp.hpp\n'}
[1.548420] (px4_msgs) StdoutLine: {'line': b'-- Up-to-date: /home/mustardking/ws_sensor_combined/install/px4_msgs/include/px4_msgs/px4_msgs/msg/detail/input_rc__rosidl_typesupport_introspection_cpp.hpp\n'}
[1.548443] (px4_msgs) StdoutLine: {'line': b'-- Up-to-date: /home/mustardking/ws_sensor_combined/install/px4_msgs/include/px4_msgs/px4_msgs/msg/detail/rover_attitude_status__type_support.cpp\n'}
[1.548521] (px4_msgs) StdoutLine: {'line': b'-- Up-to-date: /home/mustardking/ws_sensor_combined/install/px4_msgs/include/px4_msgs/px4_msgs/msg/detail/sensor_selection__type_support.cpp\n'}
[1.548543] (px4_msgs) StdoutLine: {'line': b'-- Up-to-date: /home/mustardking/ws_sensor_combined/install/px4_msgs/include/px4_msgs/px4_msgs/msg/detail/mavlink_log__type_support.cpp\n'}
[1.548565] (px4_msgs) StdoutLine: {'line': b'-- Up-to-date: /home/mustardking/ws_sensor_combined/install/px4_msgs/include/px4_msgs/px4_msgs/msg/detail/longitudinal_control_configuration__rosidl_typesupport_introspection_cpp.hpp\n'}
[1.548587] (px4_msgs) StdoutLine: {'line': b'-- Up-to-date: /home/mustardking/ws_sensor_combined/install/px4_msgs/include/px4_msgs/px4_msgs/msg/detail/internal_combustion_engine_status__rosidl_typesupport_introspection_cpp.hpp\n'}
[1.548609] (px4_msgs) StdoutLine: {'line': b'-- Up-to-date: /home/mustardking/ws_sensor_combined/install/px4_msgs/include/px4_msgs/px4_msgs/msg/detail/gimbal_device_information__rosidl_typesupport_introspection_cpp.hpp\n'}
[1.548630] (px4_msgs) StdoutLine: {'line': b'-- Up-to-date: /home/mustardking/ws_sensor_combined/install/px4_msgs/include/px4_msgs/px4_msgs/msg/detail/rtl_status__rosidl_typesupport_introspection_cpp.hpp\n'}
[1.548652] (px4_msgs) StdoutLine: {'line': b'-- Up-to-date: /home/mustardking/ws_sensor_combined/install/px4_msgs/include/px4_msgs/px4_msgs/msg/detail/figure_eight_status__type_support.cpp\n'}
[1.548674] (px4_msgs) StdoutLine: {'line': b'-- Up-to-date: /home/mustardking/ws_sensor_combined/install/px4_msgs/include/px4_msgs/px4_msgs/msg/detail/fuel_tank_status__rosidl_typesupport_introspection_cpp.hpp\n'}
[1.548695] (px4_msgs) StdoutLine: {'line': b'-- Up-to-date: /home/mustardking/ws_sensor_combined/install/px4_msgs/include/px4_msgs/px4_msgs/msg/detail/estimator_sensor_bias__rosidl_typesupport_introspection_cpp.hpp\n'}
[1.548717] (px4_msgs) StdoutLine: {'line': b'-- Up-to-date: /home/mustardking/ws_sensor_combined/install/px4_msgs/include/px4_msgs/px4_msgs/msg/detail/transponder_report__rosidl_typesupport_introspection_cpp.hpp\n'}
[1.548739] (px4_msgs) StdoutLine: {'line': b'-- Up-to-date: /home/mustardking/ws_sensor_combined/install/px4_msgs/include/px4_msgs/px4_msgs/msg/detail/control_allocator_status__rosidl_typesupport_introspection_cpp.hpp\n'}
[1.548760] (px4_msgs) StdoutLine: {'line': b'-- Up-to-date: /home/mustardking/ws_sensor_combined/install/px4_msgs/include/px4_msgs/px4_msgs/msg/detail/qshell_retval__type_support.cpp\n'}
[1.548782] (px4_msgs) StdoutLine: {'line': b'-- Up-to-date: /home/mustardking/ws_sensor_combined/install/px4_msgs/include/px4_msgs/px4_msgs/msg/detail/camera_capture__rosidl_typesupport_introspection_cpp.hpp\n'}
[1.548804] (px4_msgs) StdoutLine: {'line': b'-- Up-to-date: /home/mustardking/ws_sensor_combined/install/px4_msgs/include/px4_msgs/px4_msgs/msg/detail/irlock_report__type_support.cpp\n'}
[1.548826] (px4_msgs) StdoutLine: {'line': b'-- Up-to-date: /home/mustardking/ws_sensor_combined/install/px4_msgs/include/px4_msgs/px4_msgs/msg/detail/differential_pressure__type_support.cpp\n'}
[1.548847] (px4_msgs) StdoutLine: {'line': b'-- Up-to-date: /home/mustardking/ws_sensor_combined/install/px4_msgs/include/px4_msgs/px4_msgs/msg/detail/esc_report__type_support.cpp\n'}
[1.548869] (px4_msgs) StdoutLine: {'line': b'-- Up-to-date: /home/mustardking/ws_sensor_combined/install/px4_msgs/include/px4_msgs/px4_msgs/msg/detail/estimator_status_flags__rosidl_typesupport_introspection_cpp.hpp\n'}
[1.548890] (px4_msgs) StdoutLine: {'line': b'-- Up-to-date: /home/mustardking/ws_sensor_combined/install/px4_msgs/include/px4_msgs/px4_msgs/msg/detail/vehicle_rates_setpoint__rosidl_typesupport_introspection_cpp.hpp\n'}
[1.548912] (px4_msgs) StdoutLine: {'line': b'-- Up-to-date: /home/mustardking/ws_sensor_combined/install/px4_msgs/include/px4_msgs/px4_msgs/msg/detail/gps_inject_data__type_support.cpp\n'}
[1.548933] (px4_msgs) StdoutLine: {'line': b'-- Up-to-date: /home/mustardking/ws_sensor_combined/install/px4_msgs/include/px4_msgs/px4_msgs/msg/detail/failsafe_flags__type_support.cpp\n'}
[1.548957] (px4_msgs) StdoutLine: {'line': b'-- Up-to-date: /home/mustardking/ws_sensor_combined/install/px4_msgs/include/px4_msgs/px4_msgs/msg/detail/mavlink_log__rosidl_typesupport_introspection_cpp.hpp\n'}
[1.548978] (px4_msgs) StdoutLine: {'line': b'-- Up-to-date: /home/mustardking/ws_sensor_combined/install/px4_msgs/include/px4_msgs/px4_msgs/msg/detail/open_drone_id_system__type_support.cpp\n'}
[1.549002] (px4_msgs) StdoutLine: {'line': b'-- Up-to-date: /home/mustardking/ws_sensor_combined/install/px4_msgs/include/px4_msgs/px4_msgs/msg/detail/px4io_status__rosidl_typesupport_introspection_cpp.hpp\n'}
[1.549025] (px4_msgs) StdoutLine: {'line': b'-- Up-to-date: /home/mustardking/ws_sensor_combined/install/px4_msgs/include/px4_msgs/px4_msgs/msg/detail/vtol_vehicle_status__rosidl_typesupport_introspection_cpp.hpp\n'}
[1.549047] (px4_msgs) StdoutLine: {'line': b'-- Up-to-date: /home/mustardking/ws_sensor_combined/install/px4_msgs/include/px4_msgs/px4_msgs/msg/detail/gimbal_device_set_attitude__rosidl_typesupport_introspection_cpp.hpp\n'}
[1.549069] (px4_msgs) StdoutLine: {'line': b'-- Up-to-date: /home/mustardking/ws_sensor_combined/install/px4_msgs/include/px4_msgs/px4_msgs/msg/detail/vehicle_optical_flow_vel__rosidl_typesupport_introspection_cpp.hpp\n'}
[1.549091] (px4_msgs) StdoutLine: {'line': b'-- Up-to-date: /home/mustardking/ws_sensor_combined/install/px4_msgs/include/px4_msgs/px4_msgs/msg/detail/qshell_retval__rosidl_typesupport_introspection_cpp.hpp\n'}
[1.549112] (px4_msgs) StdoutLine: {'line': b'-- Up-to-date: /home/mustardking/ws_sensor_combined/install/px4_msgs/include/px4_msgs/px4_msgs/msg/detail/sensor_correction__type_support.cpp\n'}
[1.549134] (px4_msgs) StdoutLine: {'line': b'-- Up-to-date: /home/mustardking/ws_sensor_combined/install/px4_msgs/include/px4_msgs/px4_msgs/msg/detail/normalized_unsigned_setpoint__type_support.cpp\n'}
[1.549156] (px4_msgs) StdoutLine: {'line': b'-- Up-to-date: /home/mustardking/ws_sensor_combined/install/px4_msgs/include/px4_msgs/px4_msgs/msg/detail/ulog_stream__rosidl_typesupport_introspection_cpp.hpp\n'}
[1.549177] (px4_msgs) StdoutLine: {'line': b'-- Up-to-date: /home/mustardking/ws_sensor_combined/install/px4_msgs/include/px4_msgs/px4_msgs/msg/detail/orbit_status__type_support.cpp\n'}
[1.549199] (px4_msgs) StdoutLine: {'line': b'-- Up-to-date: /home/mustardking/ws_sensor_combined/install/px4_msgs/include/px4_msgs/px4_msgs/msg/detail/iridiumsbd_status__type_support.cpp\n'}
[1.549221] (px4_msgs) StdoutLine: {'line': b'-- Up-to-date: /home/mustardking/ws_sensor_combined/install/px4_msgs/include/px4_msgs/px4_msgs/msg/detail/rover_speed_setpoint__rosidl_typesupport_introspection_cpp.hpp\n'}
[1.549242] (px4_msgs) StdoutLine: {'line': b'-- Up-to-date: /home/mustardking/ws_sensor_combined/install/px4_msgs/include/px4_msgs/px4_msgs/msg/detail/task_stack_info__rosidl_typesupport_introspection_cpp.hpp\n'}
[1.549264] (px4_msgs) StdoutLine: {'line': b'-- Up-to-date: /home/mustardking/ws_sensor_combined/install/px4_msgs/include/px4_msgs/px4_msgs/msg/detail/landing_target_pose__rosidl_typesupport_introspection_cpp.hpp\n'}
[1.549286] (px4_msgs) StdoutLine: {'line': b'-- Up-to-date: /home/mustardking/ws_sensor_combined/install/px4_msgs/include/px4_msgs/px4_msgs/msg/detail/landing_target_pose__type_support.cpp\n'}
[1.549307] (px4_msgs) StdoutLine: {'line': b'-- Up-to-date: /home/mustardking/ws_sensor_combined/install/px4_msgs/include/px4_msgs/px4_msgs/msg/detail/sensor_uwb__rosidl_typesupport_introspection_cpp.hpp\n'}
[1.549329] (px4_msgs) StdoutLine: {'line': b'-- Up-to-date: /home/mustardking/ws_sensor_combined/install/px4_msgs/include/px4_msgs/px4_msgs/msg/detail/neural_control__type_support.cpp\n'}
[1.549351] (px4_msgs) StdoutLine: {'line': b'-- Up-to-date: /home/mustardking/ws_sensor_combined/install/px4_msgs/include/px4_msgs/px4_msgs/msg/detail/log_message__rosidl_typesupport_introspection_cpp.hpp\n'}
[1.549373] (px4_msgs) StdoutLine: {'line': b'-- Up-to-date: /home/mustardking/ws_sensor_combined/install/px4_msgs/include/px4_msgs/px4_msgs/msg/detail/mode_completed__rosidl_typesupport_introspection_cpp.hpp\n'}
[1.549396] (px4_msgs) StdoutLine: {'line': b'-- Up-to-date: /home/mustardking/ws_sensor_combined/install/px4_msgs/include/px4_msgs/px4_msgs/msg/detail/heater_status__type_support.cpp\n'}
[1.549418] (px4_msgs) StdoutLine: {'line': b'-- Up-to-date: /home/mustardking/ws_sensor_combined/install/px4_msgs/include/px4_msgs/px4_msgs/msg/detail/distance_sensor__type_support.cpp\n'}
[1.549440] (px4_msgs) StdoutLine: {'line': b'-- Up-to-date: /home/mustardking/ws_sensor_combined/install/px4_msgs/include/px4_msgs/px4_msgs/msg/detail/register_ext_component_reply__type_support.cpp\n'}
[1.549468] (px4_msgs) StdoutLine: {'line': b'-- Up-to-date: /home/mustardking/ws_sensor_combined/install/px4_msgs/include/px4_msgs/px4_msgs/msg/detail/fixed_wing_lateral_status__rosidl_typesupport_introspection_cpp.hpp\n'}
[1.549493] (px4_msgs) StdoutLine: {'line': b'-- Up-to-date: /home/mustardking/ws_sensor_combined/install/px4_msgs/include/px4_msgs/px4_msgs/msg/detail/adc_report__type_support.cpp\n'}
[1.549515] (px4_msgs) StdoutLine: {'line': b'-- Up-to-date: /home/mustardking/ws_sensor_combined/install/px4_msgs/include/px4_msgs/px4_msgs/msg/detail/fuel_tank_status__type_support.cpp\n'}
[1.549537] (px4_msgs) StdoutLine: {'line': b'-- Up-to-date: /home/mustardking/ws_sensor_combined/install/px4_msgs/include/px4_msgs/px4_msgs/msg/detail/estimator_states__type_support.cpp\n'}
[1.549558] (px4_msgs) StdoutLine: {'line': b'-- Up-to-date: /home/mustardking/ws_sensor_combined/install/px4_msgs/include/px4_msgs/px4_msgs/msg/detail/estimator_bias__type_support.cpp\n'}
[1.549580] (px4_msgs) StdoutLine: {'line': b'-- Up-to-date: /home/mustardking/ws_sensor_combined/install/px4_msgs/include/px4_msgs/px4_msgs/msg/detail/parameter_reset_request__type_support.cpp\n'}
[1.549605] (px4_msgs) StdoutLine: {'line': b'-- Up-to-date: /home/mustardking/ws_sensor_combined/install/px4_msgs/include/px4_msgs/px4_msgs/msg/detail/ulog_stream_ack__type_support.cpp\n'}
[1.549627] (px4_msgs) StdoutLine: {'line': b'-- Up-to-date: /home/mustardking/ws_sensor_combined/install/px4_msgs/include/px4_msgs/px4_msgs/msg/detail/sensor_hygrometer__type_support.cpp\n'}
[1.549649] (px4_msgs) StdoutLine: {'line': b'-- Up-to-date: /home/mustardking/ws_sensor_combined/install/px4_msgs/include/px4_msgs/px4_msgs/msg/detail/vehicle_constraints__rosidl_typesupport_introspection_cpp.hpp\n'}
[1.549671] (px4_msgs) StdoutLine: {'line': b'-- Up-to-date: /home/mustardking/ws_sensor_combined/install/px4_msgs/include/px4_msgs/px4_msgs/msg/detail/heater_status__rosidl_typesupport_introspection_cpp.hpp\n'}
[1.549693] (px4_msgs) StdoutLine: {'line': b'-- Up-to-date: /home/mustardking/ws_sensor_combined/install/px4_msgs/include/px4_msgs/px4_msgs/msg/detail/gpio_config__rosidl_typesupport_introspection_cpp.hpp\n'}
[1.549714] (px4_msgs) StdoutLine: {'line': b'-- Up-to-date: /home/mustardking/ws_sensor_combined/install/px4_msgs/include/px4_msgs/px4_msgs/msg/detail/fixed_wing_longitudinal_setpoint__rosidl_typesupport_introspection_cpp.hpp\n'}
[1.549736] (px4_msgs) StdoutLine: {'line': b'-- Up-to-date: /home/mustardking/ws_sensor_combined/install/px4_msgs/include/px4_msgs/px4_msgs/msg/detail/estimator_sensor_bias__type_support.cpp\n'}
[1.549758] (px4_msgs) StdoutLine: {'line': b'-- Up-to-date: /home/mustardking/ws_sensor_combined/install/px4_msgs/include/px4_msgs/px4_msgs/msg/detail/vehicle_local_position_setpoint__type_support.cpp\n'}
[1.549780] (px4_msgs) StdoutLine: {'line': b'-- Up-to-date: /home/mustardking/ws_sensor_combined/install/px4_msgs/include/px4_msgs/px4_msgs/msg/detail/flight_phase_estimation__type_support.cpp\n'}
[1.549801] (px4_msgs) StdoutLine: {'line': b'-- Up-to-date: /home/mustardking/ws_sensor_combined/install/px4_msgs/include/px4_msgs/px4_msgs/msg/detail/rtl_time_estimate__type_support.cpp\n'}
[1.549823] (px4_msgs) StdoutLine: {'line': b'-- Up-to-date: /home/mustardking/ws_sensor_combined/install/px4_msgs/include/px4_msgs/px4_msgs/msg/detail/vehicle_land_detected__rosidl_typesupport_introspection_cpp.hpp\n'}
[1.549845] (px4_msgs) StdoutLine: {'line': b'-- Up-to-date: /home/mustardking/ws_sensor_combined/install/px4_msgs/include/px4_msgs/px4_msgs/msg/detail/cellular_status__rosidl_typesupport_introspection_cpp.hpp\n'}
[1.549867] (px4_msgs) StdoutLine: {'line': b'-- Up-to-date: /home/mustardking/ws_sensor_combined/install/px4_msgs/include/px4_msgs/px4_msgs/msg/detail/wind__type_support.cpp\n'}
[1.549889] (px4_msgs) StdoutLine: {'line': b'-- Up-to-date: /home/mustardking/ws_sensor_combined/install/px4_msgs/include/px4_msgs/px4_msgs/msg/detail/position_controller_status__rosidl_typesupport_introspection_cpp.hpp\n'}
[1.549911] (px4_msgs) StdoutLine: {'line': b'-- Up-to-date: /home/mustardking/ws_sensor_combined/install/px4_msgs/include/px4_msgs/px4_msgs/msg/detail/open_drone_id_self_id__type_support.cpp\n'}
[1.549933] (px4_msgs) StdoutLine: {'line': b'-- Up-to-date: /home/mustardking/ws_sensor_combined/install/px4_msgs/include/px4_msgs/px4_msgs/msg/detail/generator_status__type_support.cpp\n'}
[1.549954] (px4_msgs) StdoutLine: {'line': b'-- Up-to-date: /home/mustardking/ws_sensor_combined/install/px4_msgs/include/px4_msgs/px4_msgs/msg/detail/system_power__rosidl_typesupport_introspection_cpp.hpp\n'}
[1.549976] (px4_msgs) StdoutLine: {'line': b'-- Up-to-date: /home/mustardking/ws_sensor_combined/install/px4_msgs/include/px4_msgs/px4_msgs/msg/detail/normalized_unsigned_setpoint__rosidl_typesupport_introspection_cpp.hpp\n'}
[1.549997] (px4_msgs) StdoutLine: {'line': b'-- Up-to-date: /home/mustardking/ws_sensor_combined/install/px4_msgs/include/px4_msgs/px4_msgs/msg/detail/estimator_aid_source1d__type_support.cpp\n'}
[1.550019] (px4_msgs) StdoutLine: {'line': b'-- Up-to-date: /home/mustardking/ws_sensor_combined/install/px4_msgs/include/px4_msgs/px4_msgs/msg/detail/gimbal_manager_set_manual_control__rosidl_typesupport_introspection_cpp.hpp\n'}
[1.550041] (px4_msgs) StdoutLine: {'line': b'-- Up-to-date: /home/mustardking/ws_sensor_combined/install/px4_msgs/include/px4_msgs/px4_msgs/msg/detail/vehicle_magnetometer__type_support.cpp\n'}
[1.550063] (px4_msgs) StdoutLine: {'line': b'-- Up-to-date: /home/mustardking/ws_sensor_combined/install/px4_msgs/include/px4_msgs/px4_msgs/msg/detail/open_drone_id_arm_status__rosidl_typesupport_introspection_cpp.hpp\n'}
[1.550084] (px4_msgs) StdoutLine: {'line': b'-- Up-to-date: /home/mustardking/ws_sensor_combined/install/px4_msgs/include/px4_msgs/px4_msgs/msg/detail/task_stack_info__type_support.cpp\n'}
[1.550106] (px4_msgs) StdoutLine: {'line': b'-- Up-to-date: /home/mustardking/ws_sensor_combined/install/px4_msgs/include/px4_msgs/px4_msgs/msg/detail/sensor_mag__type_support.cpp\n'}
[1.550129] (px4_msgs) StdoutLine: {'line': b'-- Up-to-date: /home/mustardking/ws_sensor_combined/install/px4_msgs/include/px4_msgs/px4_msgs/msg/detail/gpio_request__rosidl_typesupport_introspection_cpp.hpp\n'}
[1.550150] (px4_msgs) StdoutLine: {'line': b'-- Up-to-date: /home/mustardking/ws_sensor_combined/install/px4_msgs/include/px4_msgs/px4_msgs/msg/detail/parameter_update__type_support.cpp\n'}
[1.550175] (px4_msgs) StdoutLine: {'line': b'-- Up-to-date: /home/mustardking/ws_sensor_combined/install/px4_msgs/include/px4_msgs/px4_msgs/msg/detail/fixed_wing_runway_control__rosidl_typesupport_introspection_cpp.hpp\n'}
[1.550197] (px4_msgs) StdoutLine: {'line': b'-- Up-to-date: /home/mustardking/ws_sensor_combined/install/px4_msgs/include/px4_msgs/px4_msgs/msg/detail/tecs_status__type_support.cpp\n'}
[1.550218] (px4_msgs) StdoutLine: {'line': b'-- Up-to-date: /home/mustardking/ws_sensor_combined/install/px4_msgs/include/px4_msgs/px4_msgs/msg/detail/airspeed_validated__type_support.cpp\n'}
[1.550240] (px4_msgs) StdoutLine: {'line': b'-- Up-to-date: /home/mustardking/ws_sensor_combined/install/px4_msgs/include/px4_msgs/px4_msgs/msg/detail/logger_status__rosidl_typesupport_introspection_cpp.hpp\n'}
[1.550261] (px4_msgs) StdoutLine: {'line': b'-- Up-to-date: /home/mustardking/ws_sensor_combined/install/px4_msgs/include/px4_msgs/px4_msgs/msg/detail/vehicle_command_ack__type_support.cpp\n'}
[1.550283] (px4_msgs) StdoutLine: {'line': b'-- Up-to-date: /home/mustardking/ws_sensor_combined/install/px4_msgs/include/px4_msgs/px4_msgs/msg/detail/rover_speed_setpoint__type_support.cpp\n'}
[1.550306] (px4_msgs) StdoutLine: {'line': b'-- Up-to-date: /home/mustardking/ws_sensor_combined/install/px4_msgs/include/px4_msgs/px4_msgs/msg/detail/dataman_request__rosidl_typesupport_introspection_cpp.hpp\n'}
[1.550328] (px4_msgs) StdoutLine: {'line': b'-- Up-to-date: /home/mustardking/ws_sensor_combined/install/px4_msgs/include/px4_msgs/px4_msgs/msg/detail/button_event__type_support.cpp\n'}
[1.550350] (px4_msgs) StdoutLine: {'line': b'-- Up-to-date: /home/mustardking/ws_sensor_combined/install/px4_msgs/include/px4_msgs/px4_msgs/msg/detail/position_setpoint__type_support.cpp\n'}
[1.550371] (px4_msgs) StdoutLine: {'line': b'-- Up-to-date: /home/mustardking/ws_sensor_combined/install/px4_msgs/include/px4_msgs/px4_msgs/msg/detail/sensor_airflow__rosidl_typesupport_introspection_cpp.hpp\n'}
[1.550393] (px4_msgs) StdoutLine: {'line': b'-- Up-to-date: /home/mustardking/ws_sensor_combined/install/px4_msgs/include/px4_msgs/px4_msgs/msg/detail/estimator_status__rosidl_typesupport_introspection_cpp.hpp\n'}
[1.550415] (px4_msgs) StdoutLine: {'line': b'-- Up-to-date: /home/mustardking/ws_sensor_combined/install/px4_msgs/include/px4_msgs/px4_msgs/msg/detail/sensor_gyro_fft__type_support.cpp\n'}
[1.550437] (px4_msgs) StdoutLine: {'line': b'-- Up-to-date: /home/mustardking/ws_sensor_combined/install/px4_msgs/include/px4_msgs/px4_msgs/msg/detail/estimator_aid_source3d__rosidl_typesupport_introspection_cpp.hpp\n'}
[1.550458] (px4_msgs) StdoutLine: {'line': b'-- Up-to-date: /home/mustardking/ws_sensor_combined/install/px4_msgs/include/px4_msgs/px4_msgs/msg/detail/uavcan_parameter_request__type_support.cpp\n'}
[1.550480] (px4_msgs) StdoutLine: {'line': b'-- Up-to-date: /home/mustardking/ws_sensor_combined/install/px4_msgs/include/px4_msgs/px4_msgs/msg/detail/sensor_gyro__rosidl_typesupport_introspection_cpp.hpp\n'}
[1.550502] (px4_msgs) StdoutLine: {'line': b'-- Up-to-date: /home/mustardking/ws_sensor_combined/install/px4_msgs/include/px4_msgs/px4_msgs/msg/detail/airspeed_validated__rosidl_typesupport_introspection_cpp.hpp\n'}
[1.550524] (px4_msgs) StdoutLine: {'line': b'-- Up-to-date: /home/mustardking/ws_sensor_combined/install/px4_msgs/include/px4_msgs/px4_msgs/msg/detail/can_interface_status__type_support.cpp\n'}
[1.550546] (px4_msgs) StdoutLine: {'line': b'-- Up-to-date: /home/mustardking/ws_sensor_combined/install/px4_msgs/include/px4_msgs/px4_msgs/msg/detail/vehicle_command__rosidl_typesupport_introspection_cpp.hpp\n'}
[1.550567] (px4_msgs) StdoutLine: {'line': b'-- Up-to-date: /home/mustardking/ws_sensor_combined/install/px4_msgs/include/px4_msgs/px4_msgs/msg/detail/rover_throttle_setpoint__type_support.cpp\n'}
[1.550589] (px4_msgs) StdoutLine: {'line': b'-- Up-to-date: /home/mustardking/ws_sensor_combined/install/px4_msgs/include/px4_msgs/px4_msgs/msg/detail/dronecan_node_status__type_support.cpp\n'}
[1.550611] (px4_msgs) StdoutLine: {'line': b'-- Up-to-date: /home/mustardking/ws_sensor_combined/install/px4_msgs/include/px4_msgs/px4_msgs/msg/detail/vehicle_odometry__rosidl_typesupport_introspection_cpp.hpp\n'}
[1.550632] (px4_msgs) StdoutLine: {'line': b'-- Up-to-date: /home/mustardking/ws_sensor_combined/install/px4_msgs/include/px4_msgs/px4_msgs/msg/detail/gimbal_device_attitude_status__rosidl_typesupport_introspection_cpp.hpp\n'}
[1.550654] (px4_msgs) StdoutLine: {'line': b'-- Up-to-date: /home/mustardking/ws_sensor_combined/install/px4_msgs/include/px4_msgs/px4_msgs/msg/detail/rover_attitude_status__rosidl_typesupport_introspection_cpp.hpp\n'}
[1.550677] (px4_msgs) StdoutLine: {'line': b'-- Up-to-date: /home/mustardking/ws_sensor_combined/install/px4_msgs/include/px4_msgs/px4_msgs/msg/detail/vehicle_imu_status__rosidl_typesupport_introspection_cpp.hpp\n'}
[1.550699] (px4_msgs) StdoutLine: {'line': b'-- Up-to-date: /home/mustardking/ws_sensor_combined/install/px4_msgs/include/px4_msgs/px4_msgs/msg/detail/camera_trigger__type_support.cpp\n'}
[1.550720] (px4_msgs) StdoutLine: {'line': b'-- Up-to-date: /home/mustardking/ws_sensor_combined/install/px4_msgs/include/px4_msgs/px4_msgs/msg/detail/mission_result__type_support.cpp\n'}
[1.550744] (px4_msgs) StdoutLine: {'line': b'-- Up-to-date: /home/mustardking/ws_sensor_combined/install/px4_msgs/include/px4_msgs/px4_msgs/msg/detail/estimator_status__type_support.cpp\n'}
[1.550766] (px4_msgs) StdoutLine: {'line': b'-- Up-to-date: /home/mustardking/ws_sensor_combined/install/px4_msgs/include/px4_msgs/px4_msgs/msg/detail/vehicle_thrust_setpoint__type_support.cpp\n'}
[1.550788] (px4_msgs) StdoutLine: {'line': b'-- Up-to-date: /home/mustardking/ws_sensor_combined/install/px4_msgs/include/px4_msgs/px4_msgs/msg/detail/follow_target_estimator__rosidl_typesupport_introspection_cpp.hpp\n'}
[1.550809] (px4_msgs) StdoutLine: {'line': b'-- Up-to-date: /home/mustardking/ws_sensor_combined/install/px4_msgs/include/px4_msgs/px4_msgs/msg/detail/sensor_gyro_fft__rosidl_typesupport_introspection_cpp.hpp\n'}
[1.550831] (px4_msgs) StdoutLine: {'line': b'-- Up-to-date: /home/mustardking/ws_sensor_combined/install/px4_msgs/include/px4_msgs/px4_msgs/msg/detail/gps_inject_data__rosidl_typesupport_introspection_cpp.hpp\n'}
[1.550853] (px4_msgs) StdoutLine: {'line': b'-- Up-to-date: /home/mustardking/ws_sensor_combined/install/px4_msgs/include/px4_msgs/px4_msgs/msg/detail/input_rc__type_support.cpp\n'}
[1.550874] (px4_msgs) StdoutLine: {'line': b'-- Up-to-date: /home/mustardking/ws_sensor_combined/install/px4_msgs/include/px4_msgs/px4_msgs/msg/detail/actuator_armed__rosidl_typesupport_introspection_cpp.hpp\n'}
[1.550896] (px4_msgs) StdoutLine: {'line': b'-- Up-to-date: /home/mustardking/ws_sensor_combined/install/px4_msgs/include/px4_msgs/px4_msgs/msg/detail/rover_position_setpoint__type_support.cpp\n'}
[1.550917] (px4_msgs) StdoutLine: {'line': b'-- Up-to-date: /home/mustardking/ws_sensor_combined/install/px4_msgs/include/px4_msgs/px4_msgs/msg/detail/health_report__rosidl_typesupport_introspection_cpp.hpp\n'}
[1.550939] (px4_msgs) StdoutLine: {'line': b'-- Up-to-date: /home/mustardking/ws_sensor_combined/install/px4_msgs/include/px4_msgs/px4_msgs/msg/detail/adc_report__rosidl_typesupport_introspection_cpp.hpp\n'}
[1.550961] (px4_msgs) StdoutLine: {'line': b'-- Up-to-date: /home/mustardking/ws_sensor_combined/install/px4_msgs/include/px4_msgs/px4_msgs/msg/detail/rc_channels__rosidl_typesupport_introspection_cpp.hpp\n'}
[1.550983] (px4_msgs) StdoutLine: {'line': b'-- Up-to-date: /home/mustardking/ws_sensor_combined/install/px4_msgs/include/px4_msgs/px4_msgs/msg/detail/esc_status__type_support.cpp\n'}
[1.551005] (px4_msgs) StdoutLine: {'line': b'-- Up-to-date: /home/mustardking/ws_sensor_combined/install/px4_msgs/include/px4_msgs/px4_msgs/msg/detail/tecs_status__rosidl_typesupport_introspection_cpp.hpp\n'}
[1.551026] (px4_msgs) StdoutLine: {'line': b'-- Up-to-date: /home/mustardking/ws_sensor_combined/install/px4_msgs/include/px4_msgs/px4_msgs/msg/detail/actuator_servos__type_support.cpp\n'}
[1.551048] (px4_msgs) StdoutLine: {'line': b'-- Up-to-date: /home/mustardking/ws_sensor_combined/install/px4_msgs/include/px4_msgs/px4_msgs/msg/detail/gpio_config__type_support.cpp\n'}
[1.551070] (px4_msgs) StdoutLine: {'line': b'-- Up-to-date: /home/mustardking/ws_sensor_combined/install/px4_msgs/include/px4_msgs/px4_msgs/msg/detail/mag_worker_data__type_support.cpp\n'}
[1.551091] (px4_msgs) StdoutLine: {'line': b'-- Up-to-date: /home/mustardking/ws_sensor_combined/install/px4_msgs/include/px4_msgs/px4_msgs/msg/detail/landing_gear__type_support.cpp\n'}
[1.551113] (px4_msgs) StdoutLine: {'line': b'-- Up-to-date: /home/mustardking/ws_sensor_combined/install/px4_msgs/include/px4_msgs/px4_msgs/msg/detail/config_overrides__type_support.cpp\n'}
[1.551134] (px4_msgs) StdoutLine: {'line': b'-- Up-to-date: /home/mustardking/ws_sensor_combined/install/px4_msgs/include/px4_msgs/px4_msgs/msg/detail/velocity_limits__type_support.cpp\n'}
[1.551156] (px4_msgs) StdoutLine: {'line': b'-- Up-to-date: /home/mustardking/ws_sensor_combined/install/px4_msgs/include/px4_msgs/px4_msgs/msg/detail/satellite_info__type_support.cpp\n'}
[1.551179] (px4_msgs) StdoutLine: {'line': b'-- Up-to-date: /home/mustardking/ws_sensor_combined/install/px4_msgs/include/px4_msgs/px4_msgs/msg/detail/follow_target__rosidl_typesupport_introspection_cpp.hpp\n'}
[1.551201] (px4_msgs) StdoutLine: {'line': b'-- Up-to-date: /home/mustardking/ws_sensor_combined/install/px4_msgs/include/px4_msgs/px4_msgs/msg/detail/manual_control_setpoint__rosidl_typesupport_introspection_cpp.hpp\n'}
[1.551222] (px4_msgs) StdoutLine: {'line': b'-- Up-to-date: /home/mustardking/ws_sensor_combined/install/px4_msgs/include/px4_msgs/px4_msgs/msg/detail/fixed_wing_lateral_setpoint__type_support.cpp\n'}
[1.551245] (px4_msgs) StdoutLine: {'line': b'-- Up-to-date: /home/mustardking/ws_sensor_combined/install/px4_msgs/include/px4_msgs/px4_msgs/msg/detail/trajectory_setpoint6dof__rosidl_typesupport_introspection_cpp.hpp\n'}
[1.551371] (px4_msgs) StdoutLine: {'line': b'-- Up-to-date: /home/mustardking/ws_sensor_combined/install/px4_msgs/include/px4_msgs/px4_msgs/msg/detail/navigator_status__type_support.cpp\n'}
[1.551408] (px4_msgs) StdoutLine: {'line': b'-- Up-to-date: /home/mustardking/ws_sensor_combined/install/px4_msgs/include/px4_msgs/px4_msgs/msg/detail/orb_test_large__rosidl_typesupport_introspection_cpp.hpp\n'}
[1.551432] (px4_msgs) StdoutLine: {'line': b'-- Up-to-date: /home/mustardking/ws_sensor_combined/install/px4_msgs/include/px4_msgs/px4_msgs/msg/detail/iridiumsbd_status__rosidl_typesupport_introspection_cpp.hpp\n'}
[1.551459] (px4_msgs) StdoutLine: {'line': b'-- Up-to-date: /home/mustardking/ws_sensor_combined/install/px4_msgs/include/px4_msgs/px4_msgs/msg/detail/sensor_accel__rosidl_typesupport_introspection_cpp.hpp\n'}
[1.551481] (px4_msgs) StdoutLine: {'line': b'-- Up-to-date: /home/mustardking/ws_sensor_combined/install/px4_msgs/include/px4_msgs/px4_msgs/msg/detail/uavcan_parameter_value__type_support.cpp\n'}
[1.551504] (px4_msgs) StdoutLine: {'line': b'-- Up-to-date: /home/mustardking/ws_sensor_combined/install/px4_msgs/include/px4_msgs/px4_msgs/msg/detail/airspeed_wind__type_support.cpp\n'}
[1.551530] (px4_msgs) StdoutLine: {'line': b'-- Up-to-date: /home/mustardking/ws_sensor_combined/install/px4_msgs/include/px4_msgs/px4_msgs/msg/detail/manual_control_setpoint__type_support.cpp\n'}
[1.551553] (px4_msgs) StdoutLine: {'line': b'-- Up-to-date: /home/mustardking/ws_sensor_combined/install/px4_msgs/include/px4_msgs/px4_msgs/msg/detail/sensor_mag__rosidl_typesupport_introspection_cpp.hpp\n'}
[1.551575] (px4_msgs) StdoutLine: {'line': b'-- Up-to-date: /home/mustardking/ws_sensor_combined/install/px4_msgs/include/px4_msgs/px4_msgs/msg/detail/manual_control_switches__rosidl_typesupport_introspection_cpp.hpp\n'}
[1.551598] (px4_msgs) StdoutLine: {'line': b'-- Up-to-date: /home/mustardking/ws_sensor_combined/install/px4_msgs/include/px4_msgs/px4_msgs/msg/detail/gimbal_manager_status__type_support.cpp\n'}
[1.551620] (px4_msgs) StdoutLine: {'line': b'-- Up-to-date: /home/mustardking/ws_sensor_combined/install/px4_msgs/include/px4_msgs/px4_msgs/msg/detail/gimbal_device_set_attitude__type_support.cpp\n'}
[1.551642] (px4_msgs) StdoutLine: {'line': b'-- Up-to-date: /home/mustardking/ws_sensor_combined/install/px4_msgs/include/px4_msgs/px4_msgs/msg/detail/timesync_status__type_support.cpp\n'}
[1.551664] (px4_msgs) StdoutLine: {'line': b'-- Up-to-date: /home/mustardking/ws_sensor_combined/install/px4_msgs/include/px4_msgs/px4_msgs/msg/detail/airspeed_wind__rosidl_typesupport_introspection_cpp.hpp\n'}
[1.551686] (px4_msgs) StdoutLine: {'line': b'-- Up-to-date: /home/mustardking/ws_sensor_combined/install/px4_msgs/include/px4_msgs/px4_msgs/msg/detail/vehicle_local_position__rosidl_typesupport_introspection_cpp.hpp\n'}
[1.551708] (px4_msgs) StdoutLine: {'line': b'-- Up-to-date: /home/mustardking/ws_sensor_combined/install/px4_msgs/include/px4_msgs/px4_msgs/msg/detail/landing_gear__rosidl_typesupport_introspection_cpp.hpp\n'}
[1.551731] (px4_msgs) StdoutLine: {'line': b'-- Up-to-date: /home/mustardking/ws_sensor_combined/install/px4_msgs/include/px4_msgs/px4_msgs/msg/detail/battery_info__type_support.cpp\n'}
[1.551766] (px4_msgs) StdoutLine: {'line': b'-- Up-to-date: /home/mustardking/ws_sensor_combined/install/px4_msgs/include/px4_msgs/px4_msgs/msg/detail/differential_pressure__rosidl_typesupport_introspection_cpp.hpp\n'}
[1.551788] (px4_msgs) StdoutLine: {'line': b'-- Up-to-date: /home/mustardking/ws_sensor_combined/install/px4_msgs/include/px4_msgs/px4_msgs/msg/detail/gpio_request__type_support.cpp\n'}
[1.551810] (px4_msgs) StdoutLine: {'line': b'-- Up-to-date: /home/mustardking/ws_sensor_combined/install/px4_msgs/include/px4_msgs/px4_msgs/msg/detail/message_format_response__rosidl_typesupport_introspection_cpp.hpp\n'}
[1.551833] (px4_msgs) StdoutLine: {'line': b'-- Up-to-date: /home/mustardking/ws_sensor_combined/install/px4_msgs/include/px4_msgs/px4_msgs/msg/detail/sensor_optical_flow__rosidl_typesupport_introspection_cpp.hpp\n'}
[1.551855] (px4_msgs) StdoutLine: {'line': b'-- Up-to-date: /home/mustardking/ws_sensor_combined/install/px4_msgs/include/px4_msgs/px4_msgs/msg/detail/sensor_gyro_fifo__rosidl_typesupport_introspection_cpp.hpp\n'}
[1.551878] (px4_msgs) StdoutLine: {'line': b'-- Up-to-date: /home/mustardking/ws_sensor_combined/install/px4_msgs/include/px4_msgs/px4_msgs/msg/detail/mission__type_support.cpp\n'}
[1.551901] (px4_msgs) StdoutLine: {'line': b'-- Up-to-date: /home/mustardking/ws_sensor_combined/install/px4_msgs/include/px4_msgs/px4_msgs/msg/detail/landing_gear_wheel__rosidl_typesupport_introspection_cpp.hpp\n'}
[1.551923] (px4_msgs) StdoutLine: {'line': b'-- Up-to-date: /home/mustardking/ws_sensor_combined/install/px4_msgs/include/px4_msgs/px4_msgs/msg/detail/estimator_bias3d__rosidl_typesupport_introspection_cpp.hpp\n'}
[1.551946] (px4_msgs) StdoutLine: {'line': b'-- Up-to-date: /home/mustardking/ws_sensor_combined/install/px4_msgs/include/px4_msgs/px4_msgs/msg/detail/autotune_attitude_control_status__rosidl_typesupport_introspection_cpp.hpp\n'}
[1.551968] (px4_msgs) StdoutLine: {'line': b'-- Up-to-date: /home/mustardking/ws_sensor_combined/install/px4_msgs/include/px4_msgs/px4_msgs/msg/detail/vehicle_attitude_setpoint__rosidl_typesupport_introspection_cpp.hpp\n'}
[1.552006] (px4_msgs) StdoutLine: {'line': b'-- Up-to-date: /home/mustardking/ws_sensor_combined/install/px4_msgs/include/px4_msgs/px4_msgs/msg/detail/logger_status__type_support.cpp\n'}
[1.552028] (px4_msgs) StdoutLine: {'line': b'-- Up-to-date: /home/mustardking/ws_sensor_combined/install/px4_msgs/include/px4_msgs/px4_msgs/msg/detail/actuator_servos_trim__type_support.cpp\n'}
[1.552050] (px4_msgs) StdoutLine: {'line': b'-- Up-to-date: /home/mustardking/ws_sensor_combined/install/px4_msgs/include/px4_msgs/px4_msgs/msg/detail/estimator_bias3d__type_support.cpp\n'}
[1.552072] (px4_msgs) StdoutLine: {'line': b'-- Up-to-date: /home/mustardking/ws_sensor_combined/install/px4_msgs/include/px4_msgs/px4_msgs/msg/detail/follow_target_estimator__type_support.cpp\n'}
[1.552105] (px4_msgs) StdoutLine: {'line': b'-- Up-to-date: /home/mustardking/ws_sensor_combined/install/px4_msgs/include/px4_msgs/px4_msgs/msg/detail/airspeed__rosidl_typesupport_introspection_cpp.hpp\n'}
[1.552129] (px4_msgs) StdoutLine: {'line': b'-- Up-to-date: /home/mustardking/ws_sensor_combined/install/px4_msgs/include/px4_msgs/px4_msgs/msg/detail/estimator_selector_status__rosidl_typesupport_introspection_cpp.hpp\n'}
[1.552151] (px4_msgs) StdoutLine: {'line': b'-- Up-to-date: /home/mustardking/ws_sensor_combined/install/px4_msgs/include/px4_msgs/px4_msgs/msg/detail/rpm__type_support.cpp\n'}
[1.552173] (px4_msgs) StdoutLine: {'line': b'-- Up-to-date: /home/mustardking/ws_sensor_combined/install/px4_msgs/include/px4_msgs/px4_msgs/msg/detail/open_drone_id_operator_id__type_support.cpp\n'}
[1.552195] (px4_msgs) StdoutLine: {'line': b'-- Up-to-date: /home/mustardking/ws_sensor_combined/install/px4_msgs/include/px4_msgs/px4_msgs/msg/detail/register_ext_component_request__type_support.cpp\n'}
[1.552217] (px4_msgs) StdoutLine: {'line': b'-- Up-to-date: /home/mustardking/ws_sensor_combined/install/px4_msgs/include/px4_msgs/px4_msgs/msg/detail/vehicle_command__type_support.cpp\n'}
[1.552240] (px4_msgs) StdoutLine: {'line': b'-- Up-to-date: /home/mustardking/ws_sensor_combined/install/px4_msgs/include/px4_msgs/px4_msgs/msg/detail/sensor_gyro__type_support.cpp\n'}
[1.552262] (px4_msgs) StdoutLine: {'line': b'-- Up-to-date: /home/mustardking/ws_sensor_combined/install/px4_msgs/include/px4_msgs/px4_msgs/msg/detail/uavcan_parameter_value__rosidl_typesupport_introspection_cpp.hpp\n'}
[1.552295] (px4_msgs) StdoutLine: {'line': b'-- Up-to-date: /home/mustardking/ws_sensor_combined/install/px4_msgs/include/px4_msgs/px4_msgs/msg/detail/parameter_set_value_response__type_support.cpp\n'}
[1.552317] (px4_msgs) StdoutLine: {'line': b'-- Up-to-date: /home/mustardking/ws_sensor_combined/install/px4_msgs/include/px4_msgs/px4_msgs/msg/detail/debug_vect__rosidl_typesupport_introspection_cpp.hpp\n'}
[1.552339] (px4_msgs) StdoutLine: {'line': b'-- Up-to-date: /home/mustardking/ws_sensor_combined/install/px4_msgs/include/px4_msgs/px4_msgs/msg/detail/radio_status__rosidl_typesupport_introspection_cpp.hpp\n'}
[1.552361] (px4_msgs) StdoutLine: {'line': b'-- Up-to-date: /home/mustardking/ws_sensor_combined/install/px4_msgs/include/px4_msgs/px4_msgs/msg/detail/battery_info__rosidl_typesupport_introspection_cpp.hpp\n'}
[1.552394] (px4_msgs) StdoutLine: {'line': b'-- Up-to-date: /home/mustardking/ws_sensor_combined/install/px4_msgs/include/px4_msgs/px4_msgs/msg/detail/navigator_mission_item__type_support.cpp\n'}
[1.552416] (px4_msgs) StdoutLine: {'line': b'-- Up-to-date: /home/mustardking/ws_sensor_combined/install/px4_msgs/include/px4_msgs/px4_msgs/msg/detail/open_drone_id_system__rosidl_typesupport_introspection_cpp.hpp\n'}
[1.552439] (px4_msgs) StdoutLine: {'line': b'-- Up-to-date: /home/mustardking/ws_sensor_combined/install/px4_msgs/include/px4_msgs/px4_msgs/msg/detail/offboard_control_mode__type_support.cpp\n'}
[1.552461] (px4_msgs) StdoutLine: {'line': b'-- Up-to-date: /home/mustardking/ws_sensor_combined/install/px4_msgs/include/px4_msgs/px4_msgs/msg/detail/rover_attitude_setpoint__rosidl_typesupport_introspection_cpp.hpp\n'}
[1.552483] (px4_msgs) StdoutLine: {'line': b'-- Up-to-date: /home/mustardking/ws_sensor_combined/install/px4_msgs/include/px4_msgs/px4_msgs/msg/detail/gripper__type_support.cpp\n'}
[1.552539] (px4_msgs) StdoutLine: {'line': b'-- Up-to-date: /home/mustardking/ws_sensor_combined/install/px4_msgs/include/px4_msgs/px4_msgs/msg/detail/rover_position_setpoint__rosidl_typesupport_introspection_cpp.hpp\n'}
[1.552561] (px4_msgs) StdoutLine: {'line': b'-- Up-to-date: /home/mustardking/ws_sensor_combined/install/px4_msgs/include/px4_msgs/px4_msgs/msg/detail/gps_dump__type_support.cpp\n'}
[1.552585] (px4_msgs) StdoutLine: {'line': b'-- Up-to-date: /home/mustardking/ws_sensor_combined/install/px4_msgs/include/px4_msgs/px4_msgs/msg/detail/vehicle_angular_velocity__type_support.cpp\n'}
[1.552607] (px4_msgs) StdoutLine: {'line': b'-- Up-to-date: /home/mustardking/ws_sensor_combined/install/px4_msgs/include/px4_msgs/px4_msgs/msg/detail/rc_parameter_map__type_support.cpp\n'}
[1.552629] (px4_msgs) StdoutLine: {'line': b'-- Up-to-date: /home/mustardking/ws_sensor_combined/install/px4_msgs/include/px4_msgs/px4_msgs/msg/detail/yaw_estimator_status__rosidl_typesupport_introspection_cpp.hpp\n'}
[1.552651] (px4_msgs) StdoutLine: {'line': b'-- Up-to-date: /home/mustardking/ws_sensor_combined/install/px4_msgs/include/px4_msgs/px4_msgs/msg/detail/sensor_gyro_fifo__type_support.cpp\n'}
[1.552672] (px4_msgs) StdoutLine: {'line': b'-- Up-to-date: /home/mustardking/ws_sensor_combined/install/px4_msgs/include/px4_msgs/px4_msgs/msg/detail/sensor_gnss_relative__rosidl_typesupport_introspection_cpp.hpp\n'}
[1.552694] (px4_msgs) StdoutLine: {'line': b'-- Up-to-date: /home/mustardking/ws_sensor_combined/install/px4_msgs/include/px4_msgs/px4_msgs/msg/detail/mode_completed__type_support.cpp\n'}
[1.552717] (px4_msgs) StdoutLine: {'line': b'-- Up-to-date: /home/mustardking/ws_sensor_combined/install/px4_msgs/include/px4_msgs/px4_msgs/msg/detail/pps_capture__type_support.cpp\n'}
[1.552738] (px4_msgs) StdoutLine: {'line': b'-- Up-to-date: /home/mustardking/ws_sensor_combined/install/px4_msgs/include/px4_msgs/px4_msgs/msg/detail/airspeed__type_support.cpp\n'}
[1.552780] (px4_msgs) StdoutLine: {'line': b'-- Up-to-date: /home/mustardking/ws_sensor_combined/install/px4_msgs/include/px4_msgs/px4_msgs/msg/detail/rate_ctrl_status__rosidl_typesupport_introspection_cpp.hpp\n'}
[1.552810] (px4_msgs) StdoutLine: {'line': b'-- Up-to-date: /home/mustardking/ws_sensor_combined/install/px4_msgs/include/px4_msgs/px4_msgs/msg/detail/vehicle_attitude__type_support.cpp\n'}
[1.552833] (px4_msgs) StdoutLine: {'line': b'-- Up-to-date: /home/mustardking/ws_sensor_combined/install/px4_msgs/include/px4_msgs/px4_msgs/msg/detail/failsafe_flags__rosidl_typesupport_introspection_cpp.hpp\n'}
[1.552855] (px4_msgs) StdoutLine: {'line': b'-- Up-to-date: /home/mustardking/ws_sensor_combined/install/px4_msgs/include/px4_msgs/px4_msgs/msg/detail/battery_status__type_support.cpp\n'}
[1.552877] (px4_msgs) StdoutLine: {'line': b'-- Up-to-date: /home/mustardking/ws_sensor_combined/install/px4_msgs/include/px4_msgs/px4_msgs/msg/detail/system_power__type_support.cpp\n'}
[1.552905] (px4_msgs) StdoutLine: {'line': b'-- Up-to-date: /home/mustardking/ws_sensor_combined/install/px4_msgs/include/px4_msgs/px4_msgs/msg/detail/open_drone_id_operator_id__rosidl_typesupport_introspection_cpp.hpp\n'}
[1.552928] (px4_msgs) StdoutLine: {'line': b'-- Up-to-date: /home/mustardking/ws_sensor_combined/install/px4_msgs/include/px4_msgs/px4_msgs/msg/detail/mission_result__rosidl_typesupport_introspection_cpp.hpp\n'}
[1.552950] (px4_msgs) StdoutLine: {'line': b'-- Up-to-date: /home/mustardking/ws_sensor_combined/install/px4_msgs/include/px4_msgs/px4_msgs/msg/detail/transponder_report__type_support.cpp\n'}
[1.552980] (px4_msgs) StdoutLine: {'line': b'-- Up-to-date: /home/mustardking/ws_sensor_combined/install/px4_msgs/include/px4_msgs/px4_msgs/msg/detail/ping__type_support.cpp\n'}
[1.553011] (px4_msgs) StdoutLine: {'line': b'-- Up-to-date: /home/mustardking/ws_sensor_combined/install/px4_msgs/include/px4_msgs/px4_msgs/msg/detail/rtl_status__type_support.cpp\n'}
[1.553034] (px4_msgs) StdoutLine: {'line': b'-- Up-to-date: /home/mustardking/ws_sensor_combined/install/px4_msgs/include/px4_msgs/px4_msgs/msg/detail/gpio_out__rosidl_typesupport_introspection_cpp.hpp\n'}
[1.553056] (px4_msgs) StdoutLine: {'line': b'-- Up-to-date: /home/mustardking/ws_sensor_combined/install/px4_msgs/include/px4_msgs/px4_msgs/msg/detail/action_request__type_support.cpp\n'}
[1.553078] (px4_msgs) StdoutLine: {'line': b'-- Up-to-date: /home/mustardking/ws_sensor_combined/install/px4_msgs/include/px4_msgs/px4_msgs/msg/detail/navigator_mission_item__rosidl_typesupport_introspection_cpp.hpp\n'}
[1.553100] (px4_msgs) StdoutLine: {'line': b'-- Up-to-date: /home/mustardking/ws_sensor_combined/install/px4_msgs/include/px4_msgs/px4_msgs/msg/detail/sensor_combined__type_support.cpp\n'}
[1.553121] (px4_msgs) StdoutLine: {'line': b'-- Up-to-date: /home/mustardking/ws_sensor_combined/install/px4_msgs/include/px4_msgs/px4_msgs/msg/detail/offboard_control_mode__rosidl_typesupport_introspection_cpp.hpp\n'}
[1.553143] (px4_msgs) StdoutLine: {'line': b'-- Up-to-date: /home/mustardking/ws_sensor_combined/install/px4_msgs/include/px4_msgs/px4_msgs/msg/detail/geofence_result__rosidl_typesupport_introspection_cpp.hpp\n'}
[1.553165] (px4_msgs) StdoutLine: {'line': b'-- Up-to-date: /home/mustardking/ws_sensor_combined/install/px4_msgs/include/px4_msgs/px4_msgs/msg/detail/gimbal_manager_set_attitude__rosidl_typesupport_introspection_cpp.hpp\n'}
[1.553195] (px4_msgs) StdoutLine: {'line': b'-- Up-to-date: /home/mustardking/ws_sensor_combined/install/px4_msgs/include/px4_msgs/px4_msgs/msg/detail/pure_pursuit_status__type_support.cpp\n'}
[1.553221] (px4_msgs) StdoutLine: {'line': b'-- Up-to-date: /home/mustardking/ws_sensor_combined/install/px4_msgs/include/px4_msgs/px4_msgs/msg/detail/mavlink_tunnel__type_support.cpp\n'}
[1.553242] (px4_msgs) StdoutLine: {'line': b'-- Up-to-date: /home/mustardking/ws_sensor_combined/install/px4_msgs/include/px4_msgs/px4_msgs/msg/detail/vehicle_roi__type_support.cpp\n'}
[1.553266] (px4_msgs) StdoutLine: {'line': b'-- Up-to-date: /home/mustardking/ws_sensor_combined/install/px4_msgs/include/px4_msgs/px4_msgs/msg/detail/orb_test__rosidl_typesupport_introspection_cpp.hpp\n'}
[1.553287] (px4_msgs) StdoutLine: {'line': b'-- Up-to-date: /home/mustardking/ws_sensor_combined/install/px4_msgs/include/px4_msgs/px4_msgs/msg/detail/follow_target_status__type_support.cpp\n'}
[1.553309] (px4_msgs) StdoutLine: {'line': b'-- Up-to-date: /home/mustardking/ws_sensor_combined/install/px4_msgs/include/px4_msgs/px4_msgs/msg/detail/estimator_status_flags__type_support.cpp\n'}
[1.553338] (px4_msgs) StdoutLine: {'line': b'-- Up-to-date: /home/mustardking/ws_sensor_combined/install/px4_msgs/include/px4_msgs/px4_msgs/msg/detail/gimbal_manager_set_attitude__type_support.cpp\n'}
[1.553363] (px4_msgs) StdoutLine: {'line': b'-- Up-to-date: /home/mustardking/ws_sensor_combined/install/px4_msgs/include/px4_msgs/px4_msgs/msg/detail/dataman_response__type_support.cpp\n'}
[1.553385] (px4_msgs) StdoutLine: {'line': b'-- Up-to-date: /home/mustardking/ws_sensor_combined/install/px4_msgs/include/px4_msgs/px4_msgs/msg/detail/navigator_status__rosidl_typesupport_introspection_cpp.hpp\n'}
[1.553407] (px4_msgs) StdoutLine: {'line': b'-- Up-to-date: /home/mustardking/ws_sensor_combined/install/px4_msgs/include/px4_msgs/px4_msgs/msg/detail/estimator_event_flags__rosidl_typesupport_introspection_cpp.hpp\n'}
[1.553431] (px4_msgs) StdoutLine: {'line': b'-- Up-to-date: /home/mustardking/ws_sensor_combined/install/px4_msgs/include/px4_msgs/px4_msgs/msg/detail/position_setpoint_triplet__rosidl_typesupport_introspection_cpp.hpp\n'}
[1.553453] (px4_msgs) StdoutLine: {'line': b'-- Up-to-date: /home/mustardking/ws_sensor_combined/install/px4_msgs/include/px4_msgs/px4_msgs/msg/detail/mount_orientation__rosidl_typesupport_introspection_cpp.hpp\n'}
[1.553475] (px4_msgs) StdoutLine: {'line': b'-- Up-to-date: /home/mustardking/ws_sensor_combined/install/px4_msgs/include/px4_msgs/px4_msgs/msg/detail/actuator_controls_status__type_support.cpp\n'}
[1.553497] (px4_msgs) StdoutLine: {'line': b'-- Up-to-date: /home/mustardking/ws_sensor_combined/install/px4_msgs/include/px4_msgs/px4_msgs/msg/detail/fixed_wing_lateral_status__type_support.cpp\n'}
[1.553519] (px4_msgs) StdoutLine: {'line': b'-- Up-to-date: /home/mustardking/ws_sensor_combined/install/px4_msgs/include/px4_msgs/px4_msgs/msg/detail/landing_gear_wheel__type_support.cpp\n'}
[1.553540] (px4_msgs) StdoutLine: {'line': b'-- Up-to-date: /home/mustardking/ws_sensor_combined/install/px4_msgs/include/px4_msgs/px4_msgs/msg/detail/rate_ctrl_status__type_support.cpp\n'}
[1.553562] (px4_msgs) StdoutLine: {'line': b'-- Up-to-date: /home/mustardking/ws_sensor_combined/install/px4_msgs/include/px4_msgs/px4_msgs/msg/detail/debug_array__rosidl_typesupport_introspection_cpp.hpp\n'}
[1.553584] (px4_msgs) StdoutLine: {'line': b'-- Up-to-date: /home/mustardking/ws_sensor_combined/install/px4_msgs/include/px4_msgs/px4_msgs/msg/detail/orb_test__type_support.cpp\n'}
[1.553606] (px4_msgs) StdoutLine: {'line': b'-- Up-to-date: /home/mustardking/ws_sensor_combined/install/px4_msgs/include/px4_msgs/px4_msgs/msg/detail/vehicle_optical_flow__rosidl_typesupport_introspection_cpp.hpp\n'}
[1.553628] (px4_msgs) StdoutLine: {'line': b'-- Up-to-date: /home/mustardking/ws_sensor_combined/install/px4_msgs/include/px4_msgs/px4_msgs/msg/detail/vehicle_global_position__rosidl_typesupport_introspection_cpp.hpp\n'}
[1.553649] (px4_msgs) StdoutLine: {'line': b'-- Up-to-date: /home/mustardking/ws_sensor_combined/install/px4_msgs/include/px4_msgs/px4_msgs/msg/detail/follow_target__type_support.cpp\n'}
[1.553671] (px4_msgs) StdoutLine: {'line': b'-- Up-to-date: /home/mustardking/ws_sensor_combined/install/px4_msgs/include/px4_msgs/px4_msgs/msg/detail/sensor_airflow__type_support.cpp\n'}
[1.553693] (px4_msgs) StdoutLine: {'line': b'-- Up-to-date: /home/mustardking/ws_sensor_combined/install/px4_msgs/include/px4_msgs/px4_msgs/msg/detail/takeoff_status__rosidl_typesupport_introspection_cpp.hpp\n'}
[1.553717] (px4_msgs) StdoutLine: {'line': b'-- Up-to-date: /home/mustardking/ws_sensor_combined/install/px4_msgs/include/px4_msgs/px4_msgs/msg/detail/failure_detector_status__rosidl_typesupport_introspection_cpp.hpp\n'}
[1.553743] (px4_msgs) StdoutLine: {'line': b'-- Up-to-date: /home/mustardking/ws_sensor_combined/install/px4_msgs/include/px4_msgs/px4_msgs/msg/detail/vehicle_torque_setpoint__rosidl_typesupport_introspection_cpp.hpp\n'}
[1.553770] (px4_msgs) StdoutLine: {'line': b'-- Up-to-date: /home/mustardking/ws_sensor_combined/install/px4_msgs/include/px4_msgs/px4_msgs/msg/detail/sensor_gnss_status__rosidl_typesupport_introspection_cpp.hpp\n'}
[1.553794] (px4_msgs) StdoutLine: {'line': b'-- Up-to-date: /home/mustardking/ws_sensor_combined/install/px4_msgs/include/px4_msgs/px4_msgs/msg/detail/vehicle_angular_velocity__rosidl_typesupport_introspection_cpp.hpp\n'}
[1.553816] (px4_msgs) StdoutLine: {'line': b'-- Up-to-date: /home/mustardking/ws_sensor_combined/install/px4_msgs/include/px4_msgs/px4_msgs/msg/detail/geofence_status__type_support.cpp\n'}
[1.553838] (px4_msgs) StdoutLine: {'line': b'-- Up-to-date: /home/mustardking/ws_sensor_combined/install/px4_msgs/include/px4_msgs/px4_msgs/msg/detail/goto_setpoint__type_support.cpp\n'}
[1.553859] (px4_msgs) StdoutLine: {'line': b'-- Up-to-date: /home/mustardking/ws_sensor_combined/install/px4_msgs/include/px4_msgs/px4_msgs/msg/detail/rc_channels__type_support.cpp\n'}
[1.553881] (px4_msgs) StdoutLine: {'line': b'-- Up-to-date: /home/mustardking/ws_sensor_combined/install/px4_msgs/include/px4_msgs/px4_msgs/msg/detail/rover_rate_status__type_support.cpp\n'}
[1.553903] (px4_msgs) StdoutLine: {'line': b'-- Up-to-date: /home/mustardking/ws_sensor_combined/install/px4_msgs/include/px4_msgs/px4_msgs/msg/detail/vehicle_air_data__type_support.cpp\n'}
[1.553926] (px4_msgs) StdoutLine: {'line': b'-- Up-to-date: /home/mustardking/ws_sensor_combined/install/px4_msgs/include/px4_msgs/px4_msgs/msg/detail/vtol_vehicle_status__type_support.cpp\n'}
[1.553959] (px4_msgs) StdoutLine: {'line': b'-- Up-to-date: /home/mustardking/ws_sensor_combined/install/px4_msgs/include/px4_msgs/px4_msgs/msg/detail/goto_setpoint__rosidl_typesupport_introspection_cpp.hpp\n'}
[1.553987] (px4_msgs) StdoutLine: {'line': b'-- Up-to-date: /home/mustardking/ws_sensor_combined/install/px4_msgs/include/px4_msgs/px4_msgs/msg/detail/actuator_armed__type_support.cpp\n'}
[1.554009] (px4_msgs) StdoutLine: {'line': b'-- Up-to-date: /home/mustardking/ws_sensor_combined/install/px4_msgs/include/px4_msgs/px4_msgs/msg/detail/vehicle_roi__rosidl_typesupport_introspection_cpp.hpp\n'}
[1.554033] (px4_msgs) StdoutLine: {'line': b'-- Up-to-date: /home/mustardking/ws_sensor_combined/install/px4_msgs/include/px4_msgs/px4_msgs/msg/detail/yaw_estimator_status__type_support.cpp\n'}
[1.554055] (px4_msgs) StdoutLine: {'line': b'-- Up-to-date: /home/mustardking/ws_sensor_combined/install/px4_msgs/include/px4_msgs/px4_msgs/msg/detail/arming_check_request__type_support.cpp\n'}
[1.554077] (px4_msgs) StdoutLine: {'line': b'-- Up-to-date: /home/mustardking/ws_sensor_combined/install/px4_msgs/include/px4_msgs/px4_msgs/msg/detail/gimbal_manager_information__rosidl_typesupport_introspection_cpp.hpp\n'}
[1.554099] (px4_msgs) StdoutLine: {'line': b'-- Up-to-date: /home/mustardking/ws_sensor_combined/install/px4_msgs/include/px4_msgs/px4_msgs/msg/detail/message_format_response__type_support.cpp\n'}
[1.554121] (px4_msgs) StdoutLine: {'line': b'-- Up-to-date: /home/mustardking/ws_sensor_combined/install/px4_msgs/include/px4_msgs/px4_msgs/msg/detail/onboard_computer_status__type_support.cpp\n'}
[1.554143] (px4_msgs) StdoutLine: {'line': b'-- Up-to-date: /home/mustardking/ws_sensor_combined/install/px4_msgs/include/px4_msgs/px4_msgs/msg/detail/message_format_request__type_support.cpp\n'}
[1.554172] (px4_msgs) StdoutLine: {'line': b'-- Up-to-date: /home/mustardking/ws_sensor_combined/install/px4_msgs/include/px4_msgs/px4_msgs/msg/detail/gpio_out__type_support.cpp\n'}
[1.554196] (px4_msgs) StdoutLine: {'line': b'-- Up-to-date: /home/mustardking/ws_sensor_combined/install/px4_msgs/include/px4_msgs/px4_msgs/msg/detail/internal_combustion_engine_control__rosidl_typesupport_introspection_cpp.hpp\n'}
[1.554219] (px4_msgs) StdoutLine: {'line': b'-- Up-to-date: /home/mustardking/ws_sensor_combined/install/px4_msgs/include/px4_msgs/px4_msgs/msg/detail/irlock_report__rosidl_typesupport_introspection_cpp.hpp\n'}
[1.554242] (px4_msgs) StdoutLine: {'line': b'-- Up-to-date: /home/mustardking/ws_sensor_combined/install/px4_msgs/include/px4_msgs/px4_msgs/msg/detail/fixed_wing_longitudinal_setpoint__type_support.cpp\n'}
[1.554263] (px4_msgs) StdoutLine: {'line': b'-- Up-to-date: /home/mustardking/ws_sensor_combined/install/px4_msgs/include/px4_msgs/px4_msgs/msg/detail/debug_value__type_support.cpp\n'}
[1.554285] (px4_msgs) StdoutLine: {'line': b'-- Up-to-date: /home/mustardking/ws_sensor_combined/install/px4_msgs/include/px4_msgs/px4_msgs/msg/detail/estimator_innovations__type_support.cpp\n'}
[1.554307] (px4_msgs) StdoutLine: {'line': b'-- Up-to-date: /home/mustardking/ws_sensor_combined/install/px4_msgs/include/px4_msgs/px4_msgs/msg/detail/generator_status__rosidl_typesupport_introspection_cpp.hpp\n'}
[1.554329] (px4_msgs) StdoutLine: {'line': b'-- Up-to-date: /home/mustardking/ws_sensor_combined/install/px4_msgs/include/px4_msgs/px4_msgs/msg/detail/unregister_ext_component__type_support.cpp\n'}
[1.554350] (px4_msgs) StdoutLine: {'line': b'-- Up-to-date: /home/mustardking/ws_sensor_combined/install/px4_msgs/include/px4_msgs/px4_msgs/msg/detail/gimbal_device_information__type_support.cpp\n'}
[1.554373] (px4_msgs) StdoutLine: {'line': b'-- Up-to-date: /home/mustardking/ws_sensor_combined/install/px4_msgs/include/px4_msgs/px4_msgs/msg/detail/vehicle_optical_flow__type_support.cpp\n'}
[1.554395] (px4_msgs) StdoutLine: {'line': b'-- Up-to-date: /home/mustardking/ws_sensor_combined/install/px4_msgs/include/px4_msgs/px4_msgs/msg/detail/obstacle_distance__rosidl_typesupport_introspection_cpp.hpp\n'}
[1.554417] (px4_msgs) StdoutLine: {'line': b'-- Up-to-date: /home/mustardking/ws_sensor_combined/install/px4_msgs/include/px4_msgs/px4_msgs/msg/detail/mag_worker_data__rosidl_typesupport_introspection_cpp.hpp\n'}
[1.554439] (px4_msgs) StdoutLine: {'line': b'-- Up-to-date: /home/mustardking/ws_sensor_combined/install/px4_msgs/include/px4_msgs/px4_msgs/msg/detail/debug_key_value__rosidl_typesupport_introspection_cpp.hpp\n'}
[1.554461] (px4_msgs) StdoutLine: {'line': b'-- Up-to-date: /home/mustardking/ws_sensor_combined/install/px4_msgs/include/px4_msgs/px4_msgs/msg/detail/sensor_gnss_status__type_support.cpp\n'}
[1.554495] (px4_msgs) StdoutLine: {'line': b'-- Up-to-date: /home/mustardking/ws_sensor_combined/install/px4_msgs/include/px4_msgs/px4_msgs/msg/detail/launch_detection_status__type_support.cpp\n'}
[1.554517] (px4_msgs) StdoutLine: {'line': b'-- Up-to-date: /home/mustardking/ws_sensor_combined/install/px4_msgs/include/px4_msgs/px4_msgs/msg/detail/gimbal_manager_status__rosidl_typesupport_introspection_cpp.hpp\n'}
[1.554539] (px4_msgs) StdoutLine: {'line': b'-- Up-to-date: /home/mustardking/ws_sensor_combined/install/px4_msgs/include/px4_msgs/px4_msgs/msg/detail/distance_sensor_mode_change_request__rosidl_typesupport_introspection_cpp.hpp\n'}
[1.554561] (px4_msgs) StdoutLine: {'line': b'-- Up-to-date: /home/mustardking/ws_sensor_combined/install/px4_msgs/include/px4_msgs/px4_msgs/msg/detail/power_button_state__type_support.cpp\n'}
[1.554583] (px4_msgs) StdoutLine: {'line': b'-- Up-to-date: /home/mustardking/ws_sensor_combined/install/px4_msgs/include/px4_msgs/px4_msgs/msg/detail/esc_status__rosidl_typesupport_introspection_cpp.hpp\n'}
[1.554605] (px4_msgs) StdoutLine: {'line': b'-- Up-to-date: /home/mustardking/ws_sensor_combined/install/px4_msgs/include/px4_msgs/px4_msgs/msg/detail/event__type_support.cpp\n'}
[1.554627] (px4_msgs) StdoutLine: {'line': b'-- Up-to-date: /home/mustardking/ws_sensor_combined/install/px4_msgs/include/px4_msgs/px4_msgs/msg/detail/distance_sensor__rosidl_typesupport_introspection_cpp.hpp\n'}
[1.554650] (px4_msgs) StdoutLine: {'line': b'-- Up-to-date: /home/mustardking/ws_sensor_combined/install/px4_msgs/include/px4_msgs/px4_msgs/msg/detail/led_control__rosidl_typesupport_introspection_cpp.hpp\n'}
[1.554673] (px4_msgs) StdoutLine: {'line': b'-- Up-to-date: /home/mustardking/ws_sensor_combined/install/px4_msgs/include/px4_msgs/px4_msgs/msg/detail/actuator_motors__rosidl_typesupport_introspection_cpp.hpp\n'}
[1.554695] (px4_msgs) StdoutLine: {'line': b'-- Up-to-date: /home/mustardking/ws_sensor_combined/install/px4_msgs/include/px4_msgs/px4_msgs/msg/detail/gimbal_controls__rosidl_typesupport_introspection_cpp.hpp\n'}
[1.554717] (px4_msgs) StdoutLine: {'line': b'-- Up-to-date: /home/mustardking/ws_sensor_combined/install/px4_msgs/include/px4_msgs/px4_msgs/msg/detail/gimbal_manager_information__type_support.cpp\n'}
[1.554739] (px4_msgs) StdoutLine: {'line': b'-- Up-to-date: /home/mustardking/ws_sensor_combined/install/px4_msgs/include/px4_msgs/px4_msgs/msg/detail/collision_constraints__rosidl_typesupport_introspection_cpp.hpp\n'}
[1.554761] (px4_msgs) StdoutLine: {'line': b'-- Up-to-date: /home/mustardking/ws_sensor_combined/install/px4_msgs/include/px4_msgs/px4_msgs/msg/detail/position_setpoint_triplet__type_support.cpp\n'}
[1.554783] (px4_msgs) StdoutLine: {'line': b'-- Up-to-date: /home/mustardking/ws_sensor_combined/install/px4_msgs/include/px4_msgs/px4_msgs/msg/detail/vehicle_acceleration__type_support.cpp\n'}
[1.554804] (px4_msgs) StdoutLine: {'line': b'-- Up-to-date: /home/mustardking/ws_sensor_combined/install/px4_msgs/include/px4_msgs/px4_msgs/msg/detail/estimator_aid_source2d__type_support.cpp\n'}
[1.554826] (px4_msgs) StdoutLine: {'line': b'-- Up-to-date: /home/mustardking/ws_sensor_combined/install/px4_msgs/include/px4_msgs/px4_msgs/msg/detail/mavlink_tunnel__rosidl_typesupport_introspection_cpp.hpp\n'}
[1.554848] (px4_msgs) StdoutLine: {'line': b'-- Up-to-date: /home/mustardking/ws_sensor_combined/install/px4_msgs/include/px4_msgs/px4_msgs/msg/detail/debug_key_value__type_support.cpp\n'}
[1.554870] (px4_msgs) StdoutLine: {'line': b'-- Up-to-date: /home/mustardking/ws_sensor_combined/install/px4_msgs/include/px4_msgs/px4_msgs/msg/detail/action_request__rosidl_typesupport_introspection_cpp.hpp\n'}
[1.554892] (px4_msgs) StdoutLine: {'line': b'-- Up-to-date: /home/mustardking/ws_sensor_combined/install/px4_msgs/include/px4_msgs/px4_msgs/msg/detail/uavcan_parameter_request__rosidl_typesupport_introspection_cpp.hpp\n'}
[1.554913] (px4_msgs) StdoutLine: {'line': b'-- Up-to-date: /home/mustardking/ws_sensor_combined/install/px4_msgs/include/px4_msgs/px4_msgs/msg/detail/tune_control__type_support.cpp\n'}
[1.554936] (px4_msgs) StdoutLine: {'line': b'-- Up-to-date: /home/mustardking/ws_sensor_combined/install/px4_msgs/include/px4_msgs/px4_msgs/msg/detail/telemetry_status__rosidl_typesupport_introspection_cpp.hpp\n'}
[1.554959] (px4_msgs) StdoutLine: {'line': b'-- Up-to-date: /home/mustardking/ws_sensor_combined/install/px4_msgs/include/px4_msgs/px4_msgs/msg/detail/vehicle_control_mode__type_support.cpp\n'}
[1.554980] (px4_msgs) StdoutLine: {'line': b'-- Up-to-date: /home/mustardking/ws_sensor_combined/install/px4_msgs/include/px4_msgs/px4_msgs/msg/detail/vehicle_air_data__rosidl_typesupport_introspection_cpp.hpp\n'}
[1.555002] (px4_msgs) StdoutLine: {'line': b'-- Up-to-date: /home/mustardking/ws_sensor_combined/install/px4_msgs/include/px4_msgs/px4_msgs/msg/detail/tiltrotor_extra_controls__type_support.cpp\n'}
[1.555024] (px4_msgs) StdoutLine: {'line': b'-- Up-to-date: /home/mustardking/ws_sensor_combined/install/px4_msgs/include/px4_msgs/px4_msgs/msg/detail/dataman_response__rosidl_typesupport_introspection_cpp.hpp\n'}
[1.555046] (px4_msgs) StdoutLine: {'line': b'-- Up-to-date: /home/mustardking/ws_sensor_combined/install/px4_msgs/include/px4_msgs/px4_msgs/msg/detail/vehicle_angular_acceleration_setpoint__type_support.cpp\n'}
[1.555067] (px4_msgs) StdoutLine: {'line': b'-- Up-to-date: /home/mustardking/ws_sensor_combined/install/px4_msgs/include/px4_msgs/px4_msgs/msg/detail/vehicle_imu__type_support.cpp\n'}
[1.555089] (px4_msgs) StdoutLine: {'line': b'-- Up-to-date: /home/mustardking/ws_sensor_combined/install/px4_msgs/include/px4_msgs/px4_msgs/msg/detail/sensor_preflight_mag__type_support.cpp\n'}
[1.555118] (px4_msgs) StdoutLine: {'line': b'-- Up-to-date: /home/mustardking/ws_sensor_combined/install/px4_msgs/include/px4_msgs/px4_msgs/msg/detail/actuator_outputs__rosidl_typesupport_introspection_cpp.hpp\n'}
[1.555140] (px4_msgs) StdoutLine: {'line': b'-- Up-to-date: /home/mustardking/ws_sensor_combined/install/px4_msgs/include/px4_msgs/px4_msgs/msg/detail/sensor_optical_flow__type_support.cpp\n'}
[1.555162] (px4_msgs) StdoutLine: {'line': b'-- Up-to-date: /home/mustardking/ws_sensor_combined/install/px4_msgs/include/px4_msgs/px4_msgs/msg/detail/vehicle_angular_acceleration_setpoint__rosidl_typesupport_introspection_cpp.hpp\n'}
[1.555184] (px4_msgs) StdoutLine: {'line': b'-- Up-to-date: /home/mustardking/ws_sensor_combined/install/px4_msgs/include/px4_msgs/px4_msgs/msg/detail/vehicle_land_detected__type_support.cpp\n'}
[1.555205] (px4_msgs) StdoutLine: {'line': b'-- Up-to-date: /home/mustardking/ws_sensor_combined/install/px4_msgs/include/px4_msgs/px4_msgs/msg/detail/lateral_control_configuration__type_support.cpp\n'}
[1.555229] (px4_msgs) StdoutLine: {'line': b'-- Up-to-date: /home/mustardking/ws_sensor_combined/install/px4_msgs/include/px4_msgs/px4_msgs/msg/detail/failure_detector_status__type_support.cpp\n'}
[1.555251] (px4_msgs) StdoutLine: {'line': b'-- Up-to-date: /home/mustardking/ws_sensor_combined/install/px4_msgs/include/px4_msgs/px4_msgs/msg/detail/internal_combustion_engine_control__type_support.cpp\n'}
[1.555273] (px4_msgs) StdoutLine: {'line': b'-- Up-to-date: /home/mustardking/ws_sensor_combined/install/px4_msgs/include/px4_msgs/px4_msgs/msg/detail/message_format_request__rosidl_typesupport_introspection_cpp.hpp\n'}
[1.555381] (px4_msgs) StdoutLine: {'line': b'-- Up-to-date: /home/mustardking/ws_sensor_combined/install/px4_msgs/include/px4_msgs/px4_msgs/msg/detail/open_drone_id_arm_status__type_support.cpp\n'}
[1.555411] (px4_msgs) StdoutLine: {'line': b'-- Up-to-date: /home/mustardking/ws_sensor_combined/install/px4_msgs/include/px4_msgs/px4_msgs/msg/detail/vehicle_constraints__type_support.cpp\n'}
[1.555436] (px4_msgs) StdoutLine: {'line': b'-- Up-to-date: /home/mustardking/ws_sensor_combined/install/px4_msgs/include/px4_msgs/px4_msgs/msg/detail/estimator_gps_status__rosidl_typesupport_introspection_cpp.hpp\n'}
[1.555461] (px4_msgs) StdoutLine: {'line': b'-- Up-to-date: /home/mustardking/ws_sensor_combined/install/px4_msgs/include/px4_msgs/px4_msgs/msg/detail/distance_sensor_mode_change_request__type_support.cpp\n'}
[1.555485] (px4_msgs) StdoutLine: {'line': b'-- Up-to-date: /home/mustardking/ws_sensor_combined/install/px4_msgs/include/px4_msgs/px4_msgs/msg/detail/sensor_uwb__type_support.cpp\n'}
[1.555509] (px4_msgs) StdoutLine: {'line': b'-- Up-to-date: /home/mustardking/ws_sensor_combined/install/px4_msgs/include/px4_msgs/px4_msgs/msg/detail/estimator_states__rosidl_typesupport_introspection_cpp.hpp\n'}
[1.555533] (px4_msgs) StdoutLine: {'line': b'-- Up-to-date: /home/mustardking/ws_sensor_combined/install/px4_msgs/include/px4_msgs/px4_msgs/msg/detail/vehicle_local_position_setpoint__rosidl_typesupport_introspection_cpp.hpp\n'}
[1.555556] (px4_msgs) StdoutLine: {'line': b'-- Up-to-date: /home/mustardking/ws_sensor_combined/install/px4_msgs/include/px4_msgs/px4_msgs/msg/detail/sensor_selection__rosidl_typesupport_introspection_cpp.hpp\n'}
[1.555579] (px4_msgs) StdoutLine: {'line': b'-- Up-to-date: /home/mustardking/ws_sensor_combined/install/px4_msgs/include/px4_msgs/px4_msgs/msg/detail/mount_orientation__type_support.cpp\n'}
[1.555605] (px4_msgs) StdoutLine: {'line': b'-- Up-to-date: /home/mustardking/ws_sensor_combined/install/px4_msgs/include/px4_msgs/px4_msgs/msg/detail/timesync_status__rosidl_typesupport_introspection_cpp.hpp\n'}
[1.555628] (px4_msgs) StdoutLine: {'line': b'-- Up-to-date: /home/mustardking/ws_sensor_combined/install/px4_msgs/include/px4_msgs/px4_msgs/msg/detail/launch_detection_status__rosidl_typesupport_introspection_cpp.hpp\n'}
[1.555651] (px4_msgs) StdoutLine: {'line': b'-- Up-to-date: /home/mustardking/ws_sensor_combined/install/px4_msgs/include/px4_msgs/px4_msgs/msg/detail/landing_target_innovations__type_support.cpp\n'}
[1.555676] (px4_msgs) StdoutLine: {'line': b'-- Up-to-date: /home/mustardking/ws_sensor_combined/install/px4_msgs/include/px4_msgs/px4_msgs/msg/detail/arming_check_request__rosidl_typesupport_introspection_cpp.hpp\n'}
[1.555698] (px4_msgs) StdoutLine: {'line': b'-- Up-to-date: /home/mustardking/ws_sensor_combined/install/px4_msgs/include/px4_msgs/px4_msgs/msg/detail/parameter_set_value_request__rosidl_typesupport_introspection_cpp.hpp\n'}
[1.555721] (px4_msgs) StdoutLine: {'line': b'-- Up-to-date: /home/mustardking/ws_sensor_combined/install/px4_msgs/include/px4_msgs/px4_msgs/msg/detail/estimator_aid_source2d__rosidl_typesupport_introspection_cpp.hpp\n'}
[1.555744] (px4_msgs) StdoutLine: {'line': b'-- Up-to-date: /home/mustardking/ws_sensor_combined/install/px4_msgs/include/px4_msgs/px4_msgs/msg/detail/debug_array__type_support.cpp\n'}
[1.555766] (px4_msgs) StdoutLine: {'line': b'-- Up-to-date: /home/mustardking/ws_sensor_combined/install/px4_msgs/include/px4_msgs/px4_msgs/msg/detail/vehicle_global_position__type_support.cpp\n'}
[1.555789] (px4_msgs) StdoutLine: {'line': b'-- Up-to-date: /home/mustardking/ws_sensor_combined/install/px4_msgs/include/px4_msgs/px4_msgs/msg/detail/figure_eight_status__rosidl_typesupport_introspection_cpp.hpp\n'}
[1.555812] (px4_msgs) StdoutLine: {'line': b'-- Up-to-date: /home/mustardking/ws_sensor_combined/install/px4_msgs/include/px4_msgs/px4_msgs/msg/detail/hover_thrust_estimate__rosidl_typesupport_introspection_cpp.hpp\n'}
[1.555843] (px4_msgs) StdoutLine: {'line': b'-- Up-to-date: /home/mustardking/ws_sensor_combined/install/px4_msgs/include/px4_msgs/px4_msgs/msg/detail/log_message__type_support.cpp\n'}
[1.555865] (px4_msgs) StdoutLine: {'line': b'-- Up-to-date: /home/mustardking/ws_sensor_combined/install/px4_msgs/include/px4_msgs/px4_msgs/msg/detail/qshell_req__rosidl_typesupport_introspection_cpp.hpp\n'}
[1.555888] (px4_msgs) StdoutLine: {'line': b'-- Up-to-date: /home/mustardking/ws_sensor_combined/install/px4_msgs/include/px4_msgs/px4_msgs/msg/detail/position_controller_landing_status__type_support.cpp\n'}
[1.555910] (px4_msgs) StdoutLine: {'line': b'-- Up-to-date: /home/mustardking/ws_sensor_combined/install/px4_msgs/include/px4_msgs/px4_msgs/msg/detail/geofence_status__rosidl_typesupport_introspection_cpp.hpp\n'}
[1.555936] (px4_msgs) StdoutLine: {'line': b'-- Up-to-date: /home/mustardking/ws_sensor_combined/install/px4_msgs/include/px4_msgs/px4_msgs/msg/detail/sensor_combined__rosidl_typesupport_introspection_cpp.hpp\n'}
[1.555959] (px4_msgs) StdoutLine: {'line': b'-- Up-to-date: /home/mustardking/ws_sensor_combined/install/px4_msgs/include/px4_msgs/px4_msgs/msg/detail/actuator_outputs__type_support.cpp\n'}
[1.555981] (px4_msgs) StdoutLine: {'line': b'-- Up-to-date: /home/mustardking/ws_sensor_combined/install/px4_msgs/include/px4_msgs/px4_msgs/msg/detail/satellite_info__rosidl_typesupport_introspection_cpp.hpp\n'}
[1.556004] (px4_msgs) StdoutLine: {'line': b'-- Up-to-date: /home/mustardking/ws_sensor_combined/install/px4_msgs/include/px4_msgs/px4_msgs/msg/detail/trajectory_setpoint__type_support.cpp\n'}
[1.556028] (px4_msgs) StdoutLine: {'line': b'-- Up-to-date: /home/mustardking/ws_sensor_combined/install/px4_msgs/include/px4_msgs/px4_msgs/msg/detail/battery_status__rosidl_typesupport_introspection_cpp.hpp\n'}
[1.556050] (px4_msgs) StdoutLine: {'line': b'-- Up-to-date: /home/mustardking/ws_sensor_combined/install/px4_msgs/lib/libpx4_msgs__rosidl_typesupport_introspection_cpp.so\n'}
[1.556072] (px4_msgs) StdoutLine: {'line': b'-- Up-to-date: /home/mustardking/ws_sensor_combined/install/px4_msgs/lib/libpx4_msgs__rosidl_typesupport_cpp.so\n'}
[1.556095] (px4_msgs) StdoutLine: {'line': b'-- Up-to-date: /home/mustardking/ws_sensor_combined/install/px4_msgs/share/px4_msgs/environment/pythonpath.sh\n'}
[1.556117] (px4_msgs) StdoutLine: {'line': b'-- Up-to-date: /home/mustardking/ws_sensor_combined/install/px4_msgs/share/px4_msgs/environment/pythonpath.dsv\n'}
[1.556240] (px4_msgs) StdoutLine: {'line': b'-- Up-to-date: /home/mustardking/ws_sensor_combined/install/px4_msgs/local/lib/python3.10/dist-packages/px4_msgs-2.0.1-py3.10.egg-info\n'}
[1.556269] (px4_msgs) StdoutLine: {'line': b'-- Installing: /home/mustardking/ws_sensor_combined/install/px4_msgs/local/lib/python3.10/dist-packages/px4_msgs-2.0.1-py3.10.egg-info/SOURCES.txt\n'}
[1.556295] (px4_msgs) StdoutLine: {'line': b'-- Installing: /home/mustardking/ws_sensor_combined/install/px4_msgs/local/lib/python3.10/dist-packages/px4_msgs-2.0.1-py3.10.egg-info/PKG-INFO\n'}
[1.556321] (px4_msgs) StdoutLine: {'line': b'-- Installing: /home/mustardking/ws_sensor_combined/install/px4_msgs/local/lib/python3.10/dist-packages/px4_msgs-2.0.1-py3.10.egg-info/dependency_links.txt\n'}
[1.556344] (px4_msgs) StdoutLine: {'line': b'-- Installing: /home/mustardking/ws_sensor_combined/install/px4_msgs/local/lib/python3.10/dist-packages/px4_msgs-2.0.1-py3.10.egg-info/top_level.txt\n'}
[1.556368] (px4_msgs) StdoutLine: {'line': b'-- Up-to-date: /home/mustardking/ws_sensor_combined/install/px4_msgs/local/lib/python3.10/dist-packages/px4_msgs\n'}
[1.556390] (px4_msgs) StdoutLine: {'line': b'-- Up-to-date: /home/mustardking/ws_sensor_combined/install/px4_msgs/local/lib/python3.10/dist-packages/px4_msgs/px4_msgs_s__rosidl_typesupport_introspection_c.cpython-310-aarch64-linux-gnu.so\n'}
[1.556414] (px4_msgs) StdoutLine: {'line': b'-- Up-to-date: /home/mustardking/ws_sensor_combined/install/px4_msgs/local/lib/python3.10/dist-packages/px4_msgs/_px4_msgs_s.ep.rosidl_typesupport_fastrtps_c.c\n'}
[1.556436] (px4_msgs) StdoutLine: {'line': b'-- Up-to-date: /home/mustardking/ws_sensor_combined/install/px4_msgs/local/lib/python3.10/dist-packages/px4_msgs/_px4_msgs_s.ep.rosidl_typesupport_introspection_c.c\n'}
[1.556459] (px4_msgs) StdoutLine: {'line': b'-- Up-to-date: /home/mustardking/ws_sensor_combined/install/px4_msgs/local/lib/python3.10/dist-packages/px4_msgs/srv\n'}
[1.556482] (px4_msgs) StdoutLine: {'line': b'-- Up-to-date: /home/mustardking/ws_sensor_combined/install/px4_msgs/local/lib/python3.10/dist-packages/px4_msgs/srv/__init__.py\n'}
[1.556504] (px4_msgs) StdoutLine: {'line': b'-- Up-to-date: /home/mustardking/ws_sensor_combined/install/px4_msgs/local/lib/python3.10/dist-packages/px4_msgs/srv/_vehicle_command.py\n'}
[1.556527] (px4_msgs) StdoutLine: {'line': b'-- Up-to-date: /home/mustardking/ws_sensor_combined/install/px4_msgs/local/lib/python3.10/dist-packages/px4_msgs/srv/_vehicle_command_s.c\n'}
[1.556549] (px4_msgs) StdoutLine: {'line': b'-- Up-to-date: /home/mustardking/ws_sensor_combined/install/px4_msgs/local/lib/python3.10/dist-packages/px4_msgs/msg\n'}
[1.556578] (px4_msgs) StdoutLine: {'line': b'-- Up-to-date: /home/mustardking/ws_sensor_combined/install/px4_msgs/local/lib/python3.10/dist-packages/px4_msgs/msg/_mission_s.c\n'}
[1.556604] (px4_msgs) StdoutLine: {'line': b'-- Up-to-date: /home/mustardking/ws_sensor_combined/install/px4_msgs/local/lib/python3.10/dist-packages/px4_msgs/msg/_mission_result.py\n'}
[1.556626] (px4_msgs) StdoutLine: {'line': b'-- Up-to-date: /home/mustardking/ws_sensor_combined/install/px4_msgs/local/lib/python3.10/dist-packages/px4_msgs/msg/_rover_attitude_status_s.c\n'}
[1.556649] (px4_msgs) StdoutLine: {'line': b'-- Up-to-date: /home/mustardking/ws_sensor_combined/install/px4_msgs/local/lib/python3.10/dist-packages/px4_msgs/msg/_gimbal_device_set_attitude.py\n'}
[1.556671] (px4_msgs) StdoutLine: {'line': b'-- Up-to-date: /home/mustardking/ws_sensor_combined/install/px4_msgs/local/lib/python3.10/dist-packages/px4_msgs/msg/_dronecan_node_status_s.c\n'}
[1.556693] (px4_msgs) StdoutLine: {'line': b'-- Up-to-date: /home/mustardking/ws_sensor_combined/install/px4_msgs/local/lib/python3.10/dist-packages/px4_msgs/msg/_sensor_accel_fifo.py\n'}
[1.556718] (px4_msgs) StdoutLine: {'line': b'-- Up-to-date: /home/mustardking/ws_sensor_combined/install/px4_msgs/local/lib/python3.10/dist-packages/px4_msgs/msg/_follow_target.py\n'}
[1.556740] (px4_msgs) StdoutLine: {'line': b'-- Up-to-date: /home/mustardking/ws_sensor_combined/install/px4_msgs/local/lib/python3.10/dist-packages/px4_msgs/msg/_tiltrotor_extra_controls_s.c\n'}
[1.556764] (px4_msgs) StdoutLine: {'line': b'-- Up-to-date: /home/mustardking/ws_sensor_combined/install/px4_msgs/local/lib/python3.10/dist-packages/px4_msgs/msg/_iridiumsbd_status.py\n'}
[1.556786] (px4_msgs) StdoutLine: {'line': b'-- Up-to-date: /home/mustardking/ws_sensor_combined/install/px4_msgs/local/lib/python3.10/dist-packages/px4_msgs/msg/_estimator_innovations.py\n'}
[1.556808] (px4_msgs) StdoutLine: {'line': b'-- Up-to-date: /home/mustardking/ws_sensor_combined/install/px4_msgs/local/lib/python3.10/dist-packages/px4_msgs/msg/_gimbal_manager_information.py\n'}
[1.556831] (px4_msgs) StdoutLine: {'line': b'-- Up-to-date: /home/mustardking/ws_sensor_combined/install/px4_msgs/local/lib/python3.10/dist-packages/px4_msgs/msg/_open_drone_id_operator_id.py\n'}
[1.556853] (px4_msgs) StdoutLine: {'line': b'-- Up-to-date: /home/mustardking/ws_sensor_combined/install/px4_msgs/local/lib/python3.10/dist-packages/px4_msgs/msg/_vehicle_rates_setpoint_s.c\n'}
[1.556875] (px4_msgs) StdoutLine: {'line': b'-- Up-to-date: /home/mustardking/ws_sensor_combined/install/px4_msgs/local/lib/python3.10/dist-packages/px4_msgs/msg/_register_ext_component_request.py\n'}
[1.556898] (px4_msgs) StdoutLine: {'line': b'-- Up-to-date: /home/mustardking/ws_sensor_combined/install/px4_msgs/local/lib/python3.10/dist-packages/px4_msgs/msg/_actuator_armed.py\n'}
[1.556920] (px4_msgs) StdoutLine: {'line': b'-- Up-to-date: /home/mustardking/ws_sensor_combined/install/px4_msgs/local/lib/python3.10/dist-packages/px4_msgs/msg/_sensor_hygrometer_s.c\n'}
[1.556943] (px4_msgs) StdoutLine: {'line': b'-- Up-to-date: /home/mustardking/ws_sensor_combined/install/px4_msgs/local/lib/python3.10/dist-packages/px4_msgs/msg/_power_button_state_s.c\n'}
[1.556966] (px4_msgs) StdoutLine: {'line': b'-- Up-to-date: /home/mustardking/ws_sensor_combined/install/px4_msgs/local/lib/python3.10/dist-packages/px4_msgs/msg/_vehicle_optical_flow_s.c\n'}
[1.556988] (px4_msgs) StdoutLine: {'line': b'-- Up-to-date: /home/mustardking/ws_sensor_combined/install/px4_msgs/local/lib/python3.10/dist-packages/px4_msgs/msg/_sensors_status.py\n'}
[1.557010] (px4_msgs) StdoutLine: {'line': b'-- Up-to-date: /home/mustardking/ws_sensor_combined/install/px4_msgs/local/lib/python3.10/dist-packages/px4_msgs/msg/_fuel_tank_status.py\n'}
[1.557032] (px4_msgs) StdoutLine: {'line': b'-- Up-to-date: /home/mustardking/ws_sensor_combined/install/px4_msgs/local/lib/python3.10/dist-packages/px4_msgs/msg/_parameter_set_value_request.py\n'}
[1.557054] (px4_msgs) StdoutLine: {'line': b'-- Up-to-date: /home/mustardking/ws_sensor_combined/install/px4_msgs/local/lib/python3.10/dist-packages/px4_msgs/msg/_system_power_s.c\n'}
[1.557076] (px4_msgs) StdoutLine: {'line': b'-- Up-to-date: /home/mustardking/ws_sensor_combined/install/px4_msgs/local/lib/python3.10/dist-packages/px4_msgs/msg/_battery_info.py\n'}
[1.557098] (px4_msgs) StdoutLine: {'line': b'-- Up-to-date: /home/mustardking/ws_sensor_combined/install/px4_msgs/local/lib/python3.10/dist-packages/px4_msgs/msg/_cellular_status.py\n'}
[1.557120] (px4_msgs) StdoutLine: {'line': b'-- Up-to-date: /home/mustardking/ws_sensor_combined/install/px4_msgs/local/lib/python3.10/dist-packages/px4_msgs/msg/_rover_rate_status_s.c\n'}
[1.557142] (px4_msgs) StdoutLine: {'line': b'-- Up-to-date: /home/mustardking/ws_sensor_combined/install/px4_msgs/local/lib/python3.10/dist-packages/px4_msgs/msg/_follow_target_s.c\n'}
[1.557164] (px4_msgs) StdoutLine: {'line': b'-- Up-to-date: /home/mustardking/ws_sensor_combined/install/px4_msgs/local/lib/python3.10/dist-packages/px4_msgs/msg/_dronecan_node_status.py\n'}
[1.557186] (px4_msgs) StdoutLine: {'line': b'-- Up-to-date: /home/mustardking/ws_sensor_combined/install/px4_msgs/local/lib/python3.10/dist-packages/px4_msgs/msg/_rate_ctrl_status.py\n'}
[1.557208] (px4_msgs) StdoutLine: {'line': b'-- Up-to-date: /home/mustardking/ws_sensor_combined/install/px4_msgs/local/lib/python3.10/dist-packages/px4_msgs/msg/_radio_status.py\n'}
[1.557232] (px4_msgs) StdoutLine: {'line': b'-- Up-to-date: /home/mustardking/ws_sensor_combined/install/px4_msgs/local/lib/python3.10/dist-packages/px4_msgs/msg/_px4io_status.py\n'}
[1.557254] (px4_msgs) StdoutLine: {'line': b'-- Up-to-date: /home/mustardking/ws_sensor_combined/install/px4_msgs/local/lib/python3.10/dist-packages/px4_msgs/msg/_rc_parameter_map.py\n'}
[1.557276] (px4_msgs) StdoutLine: {'line': b'-- Up-to-date: /home/mustardking/ws_sensor_combined/install/px4_msgs/local/lib/python3.10/dist-packages/px4_msgs/msg/_dataman_response_s.c\n'}
[1.557298] (px4_msgs) StdoutLine: {'line': b'-- Up-to-date: /home/mustardking/ws_sensor_combined/install/px4_msgs/local/lib/python3.10/dist-packages/px4_msgs/msg/_unregister_ext_component.py\n'}
[1.557321] (px4_msgs) StdoutLine: {'line': b'-- Up-to-date: /home/mustardking/ws_sensor_combined/install/px4_msgs/local/lib/python3.10/dist-packages/px4_msgs/msg/_estimator_status_flags.py\n'}
[1.557343] (px4_msgs) StdoutLine: {'line': b'-- Up-to-date: /home/mustardking/ws_sensor_combined/install/px4_msgs/local/lib/python3.10/dist-packages/px4_msgs/msg/_telemetry_status_s.c\n'}
[1.557367] (px4_msgs) StdoutLine: {'line': b'-- Up-to-date: /home/mustardking/ws_sensor_combined/install/px4_msgs/local/lib/python3.10/dist-packages/px4_msgs/msg/_parameter_set_value_request_s.c\n'}
[1.557389] (px4_msgs) StdoutLine: {'line': b'-- Up-to-date: /home/mustardking/ws_sensor_combined/install/px4_msgs/local/lib/python3.10/dist-packages/px4_msgs/msg/_vehicle_rates_setpoint.py\n'}
[1.557411] (px4_msgs) StdoutLine: {'line': b'-- Up-to-date: /home/mustardking/ws_sensor_combined/install/px4_msgs/local/lib/python3.10/dist-packages/px4_msgs/msg/_manual_control_setpoint.py\n'}
[1.557433] (px4_msgs) StdoutLine: {'line': b'-- Up-to-date: /home/mustardking/ws_sensor_combined/install/px4_msgs/local/lib/python3.10/dist-packages/px4_msgs/msg/_obstacle_distance.py\n'}
[1.557455] (px4_msgs) StdoutLine: {'line': b'-- Up-to-date: /home/mustardking/ws_sensor_combined/install/px4_msgs/local/lib/python3.10/dist-packages/px4_msgs/msg/_power_button_state.py\n'}
[1.557477] (px4_msgs) StdoutLine: {'line': b'-- Up-to-date: /home/mustardking/ws_sensor_combined/install/px4_msgs/local/lib/python3.10/dist-packages/px4_msgs/msg/_gpio_in.py\n'}
[1.557499] (px4_msgs) StdoutLine: {'line': b'-- Up-to-date: /home/mustardking/ws_sensor_combined/install/px4_msgs/local/lib/python3.10/dist-packages/px4_msgs/msg/_fixed_wing_runway_control.py\n'}
[1.557522] (px4_msgs) StdoutLine: {'line': b'-- Up-to-date: /home/mustardking/ws_sensor_combined/install/px4_msgs/local/lib/python3.10/dist-packages/px4_msgs/msg/_esc_status.py\n'}
[1.557545] (px4_msgs) StdoutLine: {'line': b'-- Up-to-date: /home/mustardking/ws_sensor_combined/install/px4_msgs/local/lib/python3.10/dist-packages/px4_msgs/msg/_yaw_estimator_status.py\n'}
[1.557567] (px4_msgs) StdoutLine: {'line': b'-- Up-to-date: /home/mustardking/ws_sensor_combined/install/px4_msgs/local/lib/python3.10/dist-packages/px4_msgs/msg/_vehicle_attitude.py\n'}
[1.557589] (px4_msgs) StdoutLine: {'line': b'-- Up-to-date: /home/mustardking/ws_sensor_combined/install/px4_msgs/local/lib/python3.10/dist-packages/px4_msgs/msg/_vehicle_air_data_s.c\n'}
[1.557611] (px4_msgs) StdoutLine: {'line': b'-- Up-to-date: /home/mustardking/ws_sensor_combined/install/px4_msgs/local/lib/python3.10/dist-packages/px4_msgs/msg/_rover_rate_status.py\n'}
[1.557633] (px4_msgs) StdoutLine: {'line': b'-- Up-to-date: /home/mustardking/ws_sensor_combined/install/px4_msgs/local/lib/python3.10/dist-packages/px4_msgs/msg/_gpio_out.py\n'}
[1.557655] (px4_msgs) StdoutLine: {'line': b'-- Up-to-date: /home/mustardking/ws_sensor_combined/install/px4_msgs/local/lib/python3.10/dist-packages/px4_msgs/msg/_rc_parameter_map_s.c\n'}
[1.557677] (px4_msgs) StdoutLine: {'line': b'-- Up-to-date: /home/mustardking/ws_sensor_combined/install/px4_msgs/local/lib/python3.10/dist-packages/px4_msgs/msg/_sensor_combined.py\n'}
[1.557698] (px4_msgs) StdoutLine: {'line': b'-- Up-to-date: /home/mustardking/ws_sensor_combined/install/px4_msgs/local/lib/python3.10/dist-packages/px4_msgs/msg/_position_controller_status_s.c\n'}
[1.557722] (px4_msgs) StdoutLine: {'line': b'-- Up-to-date: /home/mustardking/ws_sensor_combined/install/px4_msgs/local/lib/python3.10/dist-packages/px4_msgs/msg/_estimator_innovations_s.c\n'}
[1.557744] (px4_msgs) StdoutLine: {'line': b'-- Up-to-date: /home/mustardking/ws_sensor_combined/install/px4_msgs/local/lib/python3.10/dist-packages/px4_msgs/msg/_vehicle_imu_s.c\n'}
[1.557766] (px4_msgs) StdoutLine: {'line': b'-- Up-to-date: /home/mustardking/ws_sensor_combined/install/px4_msgs/local/lib/python3.10/dist-packages/px4_msgs/msg/_estimator_bias3d_s.c\n'}
[1.557788] (px4_msgs) StdoutLine: {'line': b'-- Up-to-date: /home/mustardking/ws_sensor_combined/install/px4_msgs/local/lib/python3.10/dist-packages/px4_msgs/msg/_input_rc.py\n'}
[1.557810] (px4_msgs) StdoutLine: {'line': b'-- Up-to-date: /home/mustardking/ws_sensor_combined/install/px4_msgs/local/lib/python3.10/dist-packages/px4_msgs/msg/_vehicle_angular_acceleration_setpoint.py\n'}
[1.557832] (px4_msgs) StdoutLine: {'line': b'-- Up-to-date: /home/mustardking/ws_sensor_combined/install/px4_msgs/local/lib/python3.10/dist-packages/px4_msgs/msg/_gpio_config_s.c\n'}
[1.557863] (px4_msgs) StdoutLine: {'line': b'-- Up-to-date: /home/mustardking/ws_sensor_combined/install/px4_msgs/local/lib/python3.10/dist-packages/px4_msgs/msg/_rtl_status_s.c\n'}
[1.557887] (px4_msgs) StdoutLine: {'line': b'-- Up-to-date: /home/mustardking/ws_sensor_combined/install/px4_msgs/local/lib/python3.10/dist-packages/px4_msgs/msg/_sensors_status_s.c\n'}
[1.557909] (px4_msgs) StdoutLine: {'line': b'-- Up-to-date: /home/mustardking/ws_sensor_combined/install/px4_msgs/local/lib/python3.10/dist-packages/px4_msgs/msg/_px4io_status_s.c\n'}
[1.557931] (px4_msgs) StdoutLine: {'line': b'-- Up-to-date: /home/mustardking/ws_sensor_combined/install/px4_msgs/local/lib/python3.10/dist-packages/px4_msgs/msg/_parameter_reset_request_s.c\n'}
[1.557953] (px4_msgs) StdoutLine: {'line': b'-- Up-to-date: /home/mustardking/ws_sensor_combined/install/px4_msgs/local/lib/python3.10/dist-packages/px4_msgs/msg/_estimator_status_s.c\n'}
[1.557975] (px4_msgs) StdoutLine: {'line': b'-- Up-to-date: /home/mustardking/ws_sensor_combined/install/px4_msgs/local/lib/python3.10/dist-packages/px4_msgs/msg/_internal_combustion_engine_status.py\n'}
[1.557997] (px4_msgs) StdoutLine: {'line': b'-- Up-to-date: /home/mustardking/ws_sensor_combined/install/px4_msgs/local/lib/python3.10/dist-packages/px4_msgs/msg/_battery_info_s.c\n'}
[1.558019] (px4_msgs) StdoutLine: {'line': b'-- Up-to-date: /home/mustardking/ws_sensor_combined/install/px4_msgs/local/lib/python3.10/dist-packages/px4_msgs/msg/_estimator_bias.py\n'}
[1.558044] (px4_msgs) StdoutLine: {'line': b'-- Up-to-date: /home/mustardking/ws_sensor_combined/install/px4_msgs/local/lib/python3.10/dist-packages/px4_msgs/msg/_sensor_mag_s.c\n'}
[1.558066] (px4_msgs) StdoutLine: {'line': b'-- Up-to-date: /home/mustardking/ws_sensor_combined/install/px4_msgs/local/lib/python3.10/dist-packages/px4_msgs/msg/_manual_control_switches_s.c\n'}
[1.558088] (px4_msgs) StdoutLine: {'line': b'-- Up-to-date: /home/mustardking/ws_sensor_combined/install/px4_msgs/local/lib/python3.10/dist-packages/px4_msgs/msg/_camera_status_s.c\n'}
[1.558110] (px4_msgs) StdoutLine: {'line': b'-- Up-to-date: /home/mustardking/ws_sensor_combined/install/px4_msgs/local/lib/python3.10/dist-packages/px4_msgs/msg/_wind_s.c\n'}
[1.558132] (px4_msgs) StdoutLine: {'line': b'-- Up-to-date: /home/mustardking/ws_sensor_combined/install/px4_msgs/local/lib/python3.10/dist-packages/px4_msgs/msg/_fixed_wing_lateral_status.py\n'}
[1.558154] (px4_msgs) StdoutLine: {'line': b'-- Up-to-date: /home/mustardking/ws_sensor_combined/install/px4_msgs/local/lib/python3.10/dist-packages/px4_msgs/msg/_autotune_attitude_control_status.py\n'}
[1.558178] (px4_msgs) StdoutLine: {'line': b'-- Up-to-date: /home/mustardking/ws_sensor_combined/install/px4_msgs/local/lib/python3.10/dist-packages/px4_msgs/msg/_goto_setpoint_s.c\n'}
[1.558200] (px4_msgs) StdoutLine: {'line': b'-- Up-to-date: /home/mustardking/ws_sensor_combined/install/px4_msgs/local/lib/python3.10/dist-packages/px4_msgs/msg/_position_setpoint_triplet.py\n'}
[1.558223] (px4_msgs) StdoutLine: {'line': b'-- Up-to-date: /home/mustardking/ws_sensor_combined/install/px4_msgs/local/lib/python3.10/dist-packages/px4_msgs/msg/_uavcan_parameter_request_s.c\n'}
[1.558245] (px4_msgs) StdoutLine: {'line': b'-- Up-to-date: /home/mustardking/ws_sensor_combined/install/px4_msgs/local/lib/python3.10/dist-packages/px4_msgs/msg/_actuator_armed_s.c\n'}
[1.558267] (px4_msgs) StdoutLine: {'line': b'-- Up-to-date: /home/mustardking/ws_sensor_combined/install/px4_msgs/local/lib/python3.10/dist-packages/px4_msgs/msg/_sensor_gnss_relative_s.c\n'}
[1.558289] (px4_msgs) StdoutLine: {'line': b'-- Up-to-date: /home/mustardking/ws_sensor_combined/install/px4_msgs/local/lib/python3.10/dist-packages/px4_msgs/msg/_offboard_control_mode.py\n'}
[1.558311] (px4_msgs) StdoutLine: {'line': b'-- Up-to-date: /home/mustardking/ws_sensor_combined/install/px4_msgs/local/lib/python3.10/dist-packages/px4_msgs/msg/_register_ext_component_reply.py\n'}
[1.558333] (px4_msgs) StdoutLine: {'line': b'-- Up-to-date: /home/mustardking/ws_sensor_combined/install/px4_msgs/local/lib/python3.10/dist-packages/px4_msgs/msg/_sensor_gyro_fifo_s.c\n'}
[1.558355] (px4_msgs) StdoutLine: {'line': b'-- Up-to-date: /home/mustardking/ws_sensor_combined/install/px4_msgs/local/lib/python3.10/dist-packages/px4_msgs/msg/_action_request_s.c\n'}
[1.558376] (px4_msgs) StdoutLine: {'line': b'-- Up-to-date: /home/mustardking/ws_sensor_combined/install/px4_msgs/local/lib/python3.10/dist-packages/px4_msgs/msg/_sensor_accel.py\n'}
[1.558398] (px4_msgs) StdoutLine: {'line': b'-- Up-to-date: /home/mustardking/ws_sensor_combined/install/px4_msgs/local/lib/python3.10/dist-packages/px4_msgs/msg/_esc_status_s.c\n'}
[1.558420] (px4_msgs) StdoutLine: {'line': b'-- Up-to-date: /home/mustardking/ws_sensor_combined/install/px4_msgs/local/lib/python3.10/dist-packages/px4_msgs/msg/_qshell_retval.py\n'}
[1.558442] (px4_msgs) StdoutLine: {'line': b'-- Up-to-date: /home/mustardking/ws_sensor_combined/install/px4_msgs/local/lib/python3.10/dist-packages/px4_msgs/msg/_tecs_status.py\n'}
[1.558463] (px4_msgs) StdoutLine: {'line': b'-- Up-to-date: /home/mustardking/ws_sensor_combined/install/px4_msgs/local/lib/python3.10/dist-packages/px4_msgs/msg/_flight_phase_estimation.py\n'}
[1.558486] (px4_msgs) StdoutLine: {'line': b'-- Up-to-date: /home/mustardking/ws_sensor_combined/install/px4_msgs/local/lib/python3.10/dist-packages/px4_msgs/msg/_neural_control_s.c\n'}
[1.558507] (px4_msgs) StdoutLine: {'line': b'-- Up-to-date: /home/mustardking/ws_sensor_combined/install/px4_msgs/local/lib/python3.10/dist-packages/px4_msgs/msg/_transponder_report_s.c\n'}
[1.558529] (px4_msgs) StdoutLine: {'line': b'-- Up-to-date: /home/mustardking/ws_sensor_combined/install/px4_msgs/local/lib/python3.10/dist-packages/px4_msgs/msg/_gps_inject_data.py\n'}
[1.558551] (px4_msgs) StdoutLine: {'line': b'-- Up-to-date: /home/mustardking/ws_sensor_combined/install/px4_msgs/local/lib/python3.10/dist-packages/px4_msgs/msg/_sensor_preflight_mag.py\n'}
[1.558573] (px4_msgs) StdoutLine: {'line': b'-- Up-to-date: /home/mustardking/ws_sensor_combined/install/px4_msgs/local/lib/python3.10/dist-packages/px4_msgs/msg/_log_message_s.c\n'}
[1.558595] (px4_msgs) StdoutLine: {'line': b'-- Up-to-date: /home/mustardking/ws_sensor_combined/install/px4_msgs/local/lib/python3.10/dist-packages/px4_msgs/msg/_gps_inject_data_s.c\n'}
[1.558616] (px4_msgs) StdoutLine: {'line': b'-- Up-to-date: /home/mustardking/ws_sensor_combined/install/px4_msgs/local/lib/python3.10/dist-packages/px4_msgs/msg/_rate_ctrl_status_s.c\n'}
[1.558638] (px4_msgs) StdoutLine: {'line': b'-- Up-to-date: /home/mustardking/ws_sensor_combined/install/px4_msgs/local/lib/python3.10/dist-packages/px4_msgs/msg/_gimbal_device_set_attitude_s.c\n'}
[1.558660] (px4_msgs) StdoutLine: {'line': b'-- Up-to-date: /home/mustardking/ws_sensor_combined/install/px4_msgs/local/lib/python3.10/dist-packages/px4_msgs/msg/_mode_completed_s.c\n'}
[1.558685] (px4_msgs) StdoutLine: {'line': b'-- Up-to-date: /home/mustardking/ws_sensor_combined/install/px4_msgs/local/lib/python3.10/dist-packages/px4_msgs/msg/_longitudinal_control_configuration.py\n'}
[1.558707] (px4_msgs) StdoutLine: {'line': b'-- Up-to-date: /home/mustardking/ws_sensor_combined/install/px4_msgs/local/lib/python3.10/dist-packages/px4_msgs/msg/_mag_worker_data.py\n'}
[1.558729] (px4_msgs) StdoutLine: {'line': b'-- Up-to-date: /home/mustardking/ws_sensor_combined/install/px4_msgs/local/lib/python3.10/dist-packages/px4_msgs/msg/_uavcan_parameter_value.py\n'}
[1.558750] (px4_msgs) StdoutLine: {'line': b'-- Up-to-date: /home/mustardking/ws_sensor_combined/install/px4_msgs/local/lib/python3.10/dist-packages/px4_msgs/msg/_gpio_in_s.c\n'}
[1.558773] (px4_msgs) StdoutLine: {'line': b'-- Up-to-date: /home/mustardking/ws_sensor_combined/install/px4_msgs/local/lib/python3.10/dist-packages/px4_msgs/msg/_landing_gear.py\n'}
[1.558795] (px4_msgs) StdoutLine: {'line': b'-- Up-to-date: /home/mustardking/ws_sensor_combined/install/px4_msgs/local/lib/python3.10/dist-packages/px4_msgs/msg/_esc_report.py\n'}
[1.558817] (px4_msgs) StdoutLine: {'line': b'-- Up-to-date: /home/mustardking/ws_sensor_combined/install/px4_msgs/local/lib/python3.10/dist-packages/px4_msgs/msg/_vehicle_torque_setpoint.py\n'}
[1.558839] (px4_msgs) StdoutLine: {'line': b'-- Up-to-date: /home/mustardking/ws_sensor_combined/install/px4_msgs/local/lib/python3.10/dist-packages/px4_msgs/msg/_mount_orientation.py\n'}
[1.558861] (px4_msgs) StdoutLine: {'line': b'-- Up-to-date: /home/mustardking/ws_sensor_combined/install/px4_msgs/local/lib/python3.10/dist-packages/px4_msgs/msg/_config_overrides_s.c\n'}
[1.558882] (px4_msgs) StdoutLine: {'line': b'-- Up-to-date: /home/mustardking/ws_sensor_combined/install/px4_msgs/local/lib/python3.10/dist-packages/px4_msgs/msg/_yaw_estimator_status_s.c\n'}
[1.558904] (px4_msgs) StdoutLine: {'line': b'-- Up-to-date: /home/mustardking/ws_sensor_combined/install/px4_msgs/local/lib/python3.10/dist-packages/px4_msgs/msg/_rover_speed_status_s.c\n'}
[1.558926] (px4_msgs) StdoutLine: {'line': b'-- Up-to-date: /home/mustardking/ws_sensor_combined/install/px4_msgs/local/lib/python3.10/dist-packages/px4_msgs/msg/_position_setpoint_s.c\n'}
[1.558948] (px4_msgs) StdoutLine: {'line': b'-- Up-to-date: /home/mustardking/ws_sensor_combined/install/px4_msgs/local/lib/python3.10/dist-packages/px4_msgs/msg/_actuator_test.py\n'}
[1.558970] (px4_msgs) StdoutLine: {'line': b'-- Up-to-date: /home/mustardking/ws_sensor_combined/install/px4_msgs/local/lib/python3.10/dist-packages/px4_msgs/msg/_position_setpoint_triplet_s.c\n'}
[1.558992] (px4_msgs) StdoutLine: {'line': b'-- Up-to-date: /home/mustardking/ws_sensor_combined/install/px4_msgs/local/lib/python3.10/dist-packages/px4_msgs/msg/_pps_capture.py\n'}
[1.559014] (px4_msgs) StdoutLine: {'line': b'-- Up-to-date: /home/mustardking/ws_sensor_combined/install/px4_msgs/local/lib/python3.10/dist-packages/px4_msgs/msg/_ping.py\n'}
[1.559036] (px4_msgs) StdoutLine: {'line': b'-- Up-to-date: /home/mustardking/ws_sensor_combined/install/px4_msgs/local/lib/python3.10/dist-packages/px4_msgs/msg/_navigator_status.py\n'}
[1.559066] (px4_msgs) StdoutLine: {'line': b'-- Up-to-date: /home/mustardking/ws_sensor_combined/install/px4_msgs/local/lib/python3.10/dist-packages/px4_msgs/msg/_vehicle_acceleration_s.c\n'}
[1.559090] (px4_msgs) StdoutLine: {'line': b'-- Up-to-date: /home/mustardking/ws_sensor_combined/install/px4_msgs/local/lib/python3.10/dist-packages/px4_msgs/msg/_control_allocator_status_s.c\n'}
[1.559113] (px4_msgs) StdoutLine: {'line': b'-- Up-to-date: /home/mustardking/ws_sensor_combined/install/px4_msgs/local/lib/python3.10/dist-packages/px4_msgs/msg/_failure_detector_status_s.c\n'}
[1.559144] (px4_msgs) StdoutLine: {'line': b'-- Up-to-date: /home/mustardking/ws_sensor_combined/install/px4_msgs/local/lib/python3.10/dist-packages/px4_msgs/msg/_sensor_optical_flow.py\n'}
[1.559166] (px4_msgs) StdoutLine: {'line': b'-- Up-to-date: /home/mustardking/ws_sensor_combined/install/px4_msgs/local/lib/python3.10/dist-packages/px4_msgs/msg/_health_report_s.c\n'}
[1.559190] (px4_msgs) StdoutLine: {'line': b'-- Up-to-date: /home/mustardking/ws_sensor_combined/install/px4_msgs/local/lib/python3.10/dist-packages/px4_msgs/msg/_trajectory_setpoint6dof.py\n'}
[1.559212] (px4_msgs) StdoutLine: {'line': b'-- Up-to-date: /home/mustardking/ws_sensor_combined/install/px4_msgs/local/lib/python3.10/dist-packages/px4_msgs/msg/_open_drone_id_arm_status_s.c\n'}
[1.559234] (px4_msgs) StdoutLine: {'line': b'-- Up-to-date: /home/mustardking/ws_sensor_combined/install/px4_msgs/local/lib/python3.10/dist-packages/px4_msgs/msg/_debug_vect.py\n'}
[1.559256] (px4_msgs) StdoutLine: {'line': b'-- Up-to-date: /home/mustardking/ws_sensor_combined/install/px4_msgs/local/lib/python3.10/dist-packages/px4_msgs/msg/_rtl_status.py\n'}
[1.559417] (px4_msgs) StdoutLine: {'line': b'-- Up-to-date: /home/mustardking/ws_sensor_combined/install/px4_msgs/local/lib/python3.10/dist-packages/px4_msgs/msg/_camera_status.py\n'}
[1.559454] (px4_msgs) StdoutLine: {'line': b'-- Up-to-date: /home/mustardking/ws_sensor_combined/install/px4_msgs/local/lib/python3.10/dist-packages/px4_msgs/msg/_sensors_status_imu.py\n'}
[1.559478] (px4_msgs) StdoutLine: {'line': b'-- Up-to-date: /home/mustardking/ws_sensor_combined/install/px4_msgs/local/lib/python3.10/dist-packages/px4_msgs/msg/_vehicle_angular_acceleration_setpoint_s.c\n'}
[1.559504] (px4_msgs) StdoutLine: {'line': b'-- Up-to-date: /home/mustardking/ws_sensor_combined/install/px4_msgs/local/lib/python3.10/dist-packages/px4_msgs/msg/_can_interface_status.py\n'}
[1.559526] (px4_msgs) StdoutLine: {'line': b'-- Up-to-date: /home/mustardking/ws_sensor_combined/install/px4_msgs/local/lib/python3.10/dist-packages/px4_msgs/msg/_cpuload.py\n'}
[1.559548] (px4_msgs) StdoutLine: {'line': b'-- Up-to-date: /home/mustardking/ws_sensor_combined/install/px4_msgs/local/lib/python3.10/dist-packages/px4_msgs/msg/_rtl_time_estimate_s.c\n'}
[1.559571] (px4_msgs) StdoutLine: {'line': b'-- Up-to-date: /home/mustardking/ws_sensor_combined/install/px4_msgs/local/lib/python3.10/dist-packages/px4_msgs/msg/_geofence_result_s.c\n'}
[1.559594] (px4_msgs) StdoutLine: {'line': b'-- Up-to-date: /home/mustardking/ws_sensor_combined/install/px4_msgs/local/lib/python3.10/dist-packages/px4_msgs/msg/_arming_check_reply.py\n'}
[1.559615] (px4_msgs) StdoutLine: {'line': b'-- Up-to-date: /home/mustardking/ws_sensor_combined/install/px4_msgs/local/lib/python3.10/dist-packages/px4_msgs/msg/_camera_trigger_s.c\n'}
[1.559638] (px4_msgs) StdoutLine: {'line': b'-- Up-to-date: /home/mustardking/ws_sensor_combined/install/px4_msgs/local/lib/python3.10/dist-packages/px4_msgs/msg/_estimator_selector_status.py\n'}
[1.559660] (px4_msgs) StdoutLine: {'line': b'-- Up-to-date: /home/mustardking/ws_sensor_combined/install/px4_msgs/local/lib/python3.10/dist-packages/px4_msgs/msg/_failsafe_flags_s.c\n'}
[1.559682] (px4_msgs) StdoutLine: {'line': b'-- Up-to-date: /home/mustardking/ws_sensor_combined/install/px4_msgs/local/lib/python3.10/dist-packages/px4_msgs/msg/_parameter_reset_request.py\n'}
[1.559704] (px4_msgs) StdoutLine: {'line': b'-- Up-to-date: /home/mustardking/ws_sensor_combined/install/px4_msgs/local/lib/python3.10/dist-packages/px4_msgs/msg/_arming_check_request_s.c\n'}
[1.559726] (px4_msgs) StdoutLine: {'line': b'-- Up-to-date: /home/mustardking/ws_sensor_combined/install/px4_msgs/local/lib/python3.10/dist-packages/px4_msgs/msg/_lateral_control_configuration.py\n'}
[1.559748] (px4_msgs) StdoutLine: {'line': b'-- Up-to-date: /home/mustardking/ws_sensor_combined/install/px4_msgs/local/lib/python3.10/dist-packages/px4_msgs/msg/_vehicle_air_data.py\n'}
[1.559770] (px4_msgs) StdoutLine: {'line': b'-- Up-to-date: /home/mustardking/ws_sensor_combined/install/px4_msgs/local/lib/python3.10/dist-packages/px4_msgs/msg/_estimator_aid_source3d.py\n'}
[1.559792] (px4_msgs) StdoutLine: {'line': b'-- Up-to-date: /home/mustardking/ws_sensor_combined/install/px4_msgs/local/lib/python3.10/dist-packages/px4_msgs/msg/_vehicle_attitude_setpoint_s.c\n'}
[1.559814] (px4_msgs) StdoutLine: {'line': b'-- Up-to-date: /home/mustardking/ws_sensor_combined/install/px4_msgs/local/lib/python3.10/dist-packages/px4_msgs/msg/_generator_status_s.c\n'}
[1.559837] (px4_msgs) StdoutLine: {'line': b'-- Up-to-date: /home/mustardking/ws_sensor_combined/install/px4_msgs/local/lib/python3.10/dist-packages/px4_msgs/msg/_open_drone_id_system_s.c\n'}
[1.559859] (px4_msgs) StdoutLine: {'line': b'-- Up-to-date: /home/mustardking/ws_sensor_combined/install/px4_msgs/local/lib/python3.10/dist-packages/px4_msgs/msg/_normalized_unsigned_setpoint.py\n'}
[1.559881] (px4_msgs) StdoutLine: {'line': b'-- Up-to-date: /home/mustardking/ws_sensor_combined/install/px4_msgs/local/lib/python3.10/dist-packages/px4_msgs/msg/_mount_orientation_s.c\n'}
[1.559903] (px4_msgs) StdoutLine: {'line': b'-- Up-to-date: /home/mustardking/ws_sensor_combined/install/px4_msgs/local/lib/python3.10/dist-packages/px4_msgs/msg/_mavlink_log_s.c\n'}
[1.559925] (px4_msgs) StdoutLine: {'line': b'-- Up-to-date: /home/mustardking/ws_sensor_combined/install/px4_msgs/local/lib/python3.10/dist-packages/px4_msgs/msg/_estimator_aid_source2d.py\n'}
[1.559947] (px4_msgs) StdoutLine: {'line': b'-- Up-to-date: /home/mustardking/ws_sensor_combined/install/px4_msgs/local/lib/python3.10/dist-packages/px4_msgs/msg/_mission_result_s.c\n'}
[1.559969] (px4_msgs) StdoutLine: {'line': b'-- Up-to-date: /home/mustardking/ws_sensor_combined/install/px4_msgs/local/lib/python3.10/dist-packages/px4_msgs/msg/_button_event_s.c\n'}
[1.559991] (px4_msgs) StdoutLine: {'line': b'-- Up-to-date: /home/mustardking/ws_sensor_combined/install/px4_msgs/local/lib/python3.10/dist-packages/px4_msgs/msg/_estimator_aid_source1d.py\n'}
[1.560012] (px4_msgs) StdoutLine: {'line': b'-- Up-to-date: /home/mustardking/ws_sensor_combined/install/px4_msgs/local/lib/python3.10/dist-packages/px4_msgs/msg/_register_ext_component_reply_s.c\n'}
[1.560036] (px4_msgs) StdoutLine: {'line': b'-- Up-to-date: /home/mustardking/ws_sensor_combined/install/px4_msgs/local/lib/python3.10/dist-packages/px4_msgs/msg/_rtl_time_estimate.py\n'}
[1.560057] (px4_msgs) StdoutLine: {'line': b'-- Up-to-date: /home/mustardking/ws_sensor_combined/install/px4_msgs/local/lib/python3.10/dist-packages/px4_msgs/msg/_sensor_baro.py\n'}
[1.560080] (px4_msgs) StdoutLine: {'line': b'-- Up-to-date: /home/mustardking/ws_sensor_combined/install/px4_msgs/local/lib/python3.10/dist-packages/px4_msgs/msg/_input_rc_s.c\n'}
[1.560102] (px4_msgs) StdoutLine: {'line': b'-- Up-to-date: /home/mustardking/ws_sensor_combined/install/px4_msgs/local/lib/python3.10/dist-packages/px4_msgs/msg/_rc_channels_s.c\n'}
[1.560124] (px4_msgs) StdoutLine: {'line': b'-- Up-to-date: /home/mustardking/ws_sensor_combined/install/px4_msgs/local/lib/python3.10/dist-packages/px4_msgs/msg/_mag_worker_data_s.c\n'}
[1.560148] (px4_msgs) StdoutLine: {'line': b'-- Up-to-date: /home/mustardking/ws_sensor_combined/install/px4_msgs/local/lib/python3.10/dist-packages/px4_msgs/msg/_gimbal_controls.py\n'}
[1.560171] (px4_msgs) StdoutLine: {'line': b'-- Up-to-date: /home/mustardking/ws_sensor_combined/install/px4_msgs/local/lib/python3.10/dist-packages/px4_msgs/msg/_trajectory_setpoint6dof_s.c\n'}
[1.560193] (px4_msgs) StdoutLine: {'line': b'-- Up-to-date: /home/mustardking/ws_sensor_combined/install/px4_msgs/local/lib/python3.10/dist-packages/px4_msgs/msg/_sensor_combined_s.c\n'}
[1.560215] (px4_msgs) StdoutLine: {'line': b'-- Up-to-date: /home/mustardking/ws_sensor_combined/install/px4_msgs/local/lib/python3.10/dist-packages/px4_msgs/msg/_vehicle_status.py\n'}
[1.560237] (px4_msgs) StdoutLine: {'line': b'-- Up-to-date: /home/mustardking/ws_sensor_combined/install/px4_msgs/local/lib/python3.10/dist-packages/px4_msgs/msg/_estimator_aid_source1d_s.c\n'}
[1.560258] (px4_msgs) StdoutLine: {'line': b'-- Up-to-date: /home/mustardking/ws_sensor_combined/install/px4_msgs/local/lib/python3.10/dist-packages/px4_msgs/msg/_vehicle_local_position.py\n'}
[1.560280] (px4_msgs) StdoutLine: {'line': b'-- Up-to-date: /home/mustardking/ws_sensor_combined/install/px4_msgs/local/lib/python3.10/dist-packages/px4_msgs/msg/_estimator_selector_status_s.c\n'}
[1.560303] (px4_msgs) StdoutLine: {'line': b'-- Up-to-date: /home/mustardking/ws_sensor_combined/install/px4_msgs/local/lib/python3.10/dist-packages/px4_msgs/msg/_adc_report_s.c\n'}
[1.560325] (px4_msgs) StdoutLine: {'line': b'-- Up-to-date: /home/mustardking/ws_sensor_combined/install/px4_msgs/local/lib/python3.10/dist-packages/px4_msgs/msg/_trajectory_setpoint_s.c\n'}
[1.560347] (px4_msgs) StdoutLine: {'line': b'-- Up-to-date: /home/mustardking/ws_sensor_combined/install/px4_msgs/local/lib/python3.10/dist-packages/px4_msgs/msg/_gimbal_device_attitude_status.py\n'}
[1.560369] (px4_msgs) StdoutLine: {'line': b'-- Up-to-date: /home/mustardking/ws_sensor_combined/install/px4_msgs/local/lib/python3.10/dist-packages/px4_msgs/msg/_vehicle_command_ack_s.c\n'}
[1.560391] (px4_msgs) StdoutLine: {'line': b'-- Up-to-date: /home/mustardking/ws_sensor_combined/install/px4_msgs/local/lib/python3.10/dist-packages/px4_msgs/msg/_magnetometer_bias_estimate.py\n'}
[1.560412] (px4_msgs) StdoutLine: {'line': b'-- Up-to-date: /home/mustardking/ws_sensor_combined/install/px4_msgs/local/lib/python3.10/dist-packages/px4_msgs/msg/_landing_target_pose.py\n'}
[1.560434] (px4_msgs) StdoutLine: {'line': b'-- Up-to-date: /home/mustardking/ws_sensor_combined/install/px4_msgs/local/lib/python3.10/dist-packages/px4_msgs/msg/_sensor_hygrometer.py\n'}
[1.560456] (px4_msgs) StdoutLine: {'line': b'-- Up-to-date: /home/mustardking/ws_sensor_combined/install/px4_msgs/local/lib/python3.10/dist-packages/px4_msgs/msg/_vehicle_local_position_s.c\n'}
[1.560478] (px4_msgs) StdoutLine: {'line': b'-- Up-to-date: /home/mustardking/ws_sensor_combined/install/px4_msgs/local/lib/python3.10/dist-packages/px4_msgs/msg/_rover_attitude_setpoint.py\n'}
[1.560500] (px4_msgs) StdoutLine: {'line': b'-- Up-to-date: /home/mustardking/ws_sensor_combined/install/px4_msgs/local/lib/python3.10/dist-packages/px4_msgs/msg/_qshell_retval_s.c\n'}
[1.560522] (px4_msgs) StdoutLine: {'line': b'-- Up-to-date: /home/mustardking/ws_sensor_combined/install/px4_msgs/local/lib/python3.10/dist-packages/px4_msgs/msg/_vtol_vehicle_status.py\n'}
[1.560544] (px4_msgs) StdoutLine: {'line': b'-- Up-to-date: /home/mustardking/ws_sensor_combined/install/px4_msgs/local/lib/python3.10/dist-packages/px4_msgs/msg/_mavlink_tunnel_s.c\n'}
[1.560565] (px4_msgs) StdoutLine: {'line': b'-- Up-to-date: /home/mustardking/ws_sensor_combined/install/px4_msgs/local/lib/python3.10/dist-packages/px4_msgs/msg/_follow_target_estimator.py\n'}
[1.560587] (px4_msgs) StdoutLine: {'line': b'-- Up-to-date: /home/mustardking/ws_sensor_combined/install/px4_msgs/local/lib/python3.10/dist-packages/px4_msgs/msg/_vehicle_local_position_setpoint.py\n'}
[1.560609] (px4_msgs) StdoutLine: {'line': b'-- Up-to-date: /home/mustardking/ws_sensor_combined/install/px4_msgs/local/lib/python3.10/dist-packages/px4_msgs/msg/_vehicle_roi.py\n'}
[1.560631] (px4_msgs) StdoutLine: {'line': b'-- Up-to-date: /home/mustardking/ws_sensor_combined/install/px4_msgs/local/lib/python3.10/dist-packages/px4_msgs/msg/__init__.py\n'}
[1.560653] (px4_msgs) StdoutLine: {'line': b'-- Up-to-date: /home/mustardking/ws_sensor_combined/install/px4_msgs/local/lib/python3.10/dist-packages/px4_msgs/msg/_rover_position_setpoint.py\n'}
[1.560675] (px4_msgs) StdoutLine: {'line': b'-- Up-to-date: /home/mustardking/ws_sensor_combined/install/px4_msgs/local/lib/python3.10/dist-packages/px4_msgs/msg/_orb_test_s.c\n'}
[1.560697] (px4_msgs) StdoutLine: {'line': b'-- Up-to-date: /home/mustardking/ws_sensor_combined/install/px4_msgs/local/lib/python3.10/dist-packages/px4_msgs/msg/_iridiumsbd_status_s.c\n'}
[1.560718] (px4_msgs) StdoutLine: {'line': b'-- Up-to-date: /home/mustardking/ws_sensor_combined/install/px4_msgs/local/lib/python3.10/dist-packages/px4_msgs/msg/_sensors_status_imu_s.c\n'}
[1.560741] (px4_msgs) StdoutLine: {'line': b'-- Up-to-date: /home/mustardking/ws_sensor_combined/install/px4_msgs/local/lib/python3.10/dist-packages/px4_msgs/msg/_estimator_event_flags.py\n'}
[1.560764] (px4_msgs) StdoutLine: {'line': b'-- Up-to-date: /home/mustardking/ws_sensor_combined/install/px4_msgs/local/lib/python3.10/dist-packages/px4_msgs/msg/_sensor_gyro.py\n'}
[1.560788] (px4_msgs) StdoutLine: {'line': b'-- Up-to-date: /home/mustardking/ws_sensor_combined/install/px4_msgs/local/lib/python3.10/dist-packages/px4_msgs/msg/_arming_check_reply_s.c\n'}
[1.560810] (px4_msgs) StdoutLine: {'line': b'-- Up-to-date: /home/mustardking/ws_sensor_combined/install/px4_msgs/local/lib/python3.10/dist-packages/px4_msgs/msg/_follow_target_estimator_s.c\n'}
[1.560833] (px4_msgs) StdoutLine: {'line': b'-- Up-to-date: /home/mustardking/ws_sensor_combined/install/px4_msgs/local/lib/python3.10/dist-packages/px4_msgs/msg/_uavcan_parameter_request.py\n'}
[1.560855] (px4_msgs) StdoutLine: {'line': b'-- Up-to-date: /home/mustardking/ws_sensor_combined/install/px4_msgs/local/lib/python3.10/dist-packages/px4_msgs/msg/_distance_sensor_s.c\n'}
[1.560876] (px4_msgs) StdoutLine: {'line': b'-- Up-to-date: /home/mustardking/ws_sensor_combined/install/px4_msgs/local/lib/python3.10/dist-packages/px4_msgs/msg/_led_control.py\n'}
[1.560898] (px4_msgs) StdoutLine: {'line': b'-- Up-to-date: /home/mustardking/ws_sensor_combined/install/px4_msgs/local/lib/python3.10/dist-packages/px4_msgs/msg/_debug_value_s.c\n'}
[1.560920] (px4_msgs) StdoutLine: {'line': b'-- Up-to-date: /home/mustardking/ws_sensor_combined/install/px4_msgs/local/lib/python3.10/dist-packages/px4_msgs/msg/_rover_steering_setpoint_s.c\n'}
[1.560942] (px4_msgs) StdoutLine: {'line': b'-- Up-to-date: /home/mustardking/ws_sensor_combined/install/px4_msgs/local/lib/python3.10/dist-packages/px4_msgs/msg/_mavlink_tunnel.py\n'}
[1.560964] (px4_msgs) StdoutLine: {'line': b'-- Up-to-date: /home/mustardking/ws_sensor_combined/install/px4_msgs/local/lib/python3.10/dist-packages/px4_msgs/msg/_home_position.py\n'}
[1.560986] (px4_msgs) StdoutLine: {'line': b'-- Up-to-date: /home/mustardking/ws_sensor_combined/install/px4_msgs/local/lib/python3.10/dist-packages/px4_msgs/msg/_radio_status_s.c\n'}
[1.561008] (px4_msgs) StdoutLine: {'line': b'-- Up-to-date: /home/mustardking/ws_sensor_combined/install/px4_msgs/local/lib/python3.10/dist-packages/px4_msgs/msg/_sensor_gyro_s.c\n'}
[1.561039] (px4_msgs) StdoutLine: {'line': b'-- Up-to-date: /home/mustardking/ws_sensor_combined/install/px4_msgs/local/lib/python3.10/dist-packages/px4_msgs/msg/_heater_status_s.c\n'}
[1.561081] (px4_msgs) StdoutLine: {'line': b'-- Up-to-date: /home/mustardking/ws_sensor_combined/install/px4_msgs/local/lib/python3.10/dist-packages/px4_msgs/msg/_vehicle_control_mode_s.c\n'}
[1.561105] (px4_msgs) StdoutLine: {'line': b'-- Up-to-date: /home/mustardking/ws_sensor_combined/install/px4_msgs/local/lib/python3.10/dist-packages/px4_msgs/msg/_actuator_outputs_s.c\n'}
[1.561127] (px4_msgs) StdoutLine: {'line': b'-- Up-to-date: /home/mustardking/ws_sensor_combined/install/px4_msgs/local/lib/python3.10/dist-packages/px4_msgs/msg/_actuator_outputs.py\n'}
[1.561149] (px4_msgs) StdoutLine: {'line': b'-- Up-to-date: /home/mustardking/ws_sensor_combined/install/px4_msgs/local/lib/python3.10/dist-packages/px4_msgs/msg/_gimbal_manager_status_s.c\n'}
[1.561171] (px4_msgs) StdoutLine: {'line': b'-- Up-to-date: /home/mustardking/ws_sensor_combined/install/px4_msgs/local/lib/python3.10/dist-packages/px4_msgs/msg/_vehicle_optical_flow.py\n'}
[1.561193] (px4_msgs) StdoutLine: {'line': b'-- Up-to-date: /home/mustardking/ws_sensor_combined/install/px4_msgs/local/lib/python3.10/dist-packages/px4_msgs/msg/_vehicle_constraints_s.c\n'}
[1.561216] (px4_msgs) StdoutLine: {'line': b'-- Up-to-date: /home/mustardking/ws_sensor_combined/install/px4_msgs/local/lib/python3.10/dist-packages/px4_msgs/msg/_wheel_encoders_s.c\n'}
[1.561238] (px4_msgs) StdoutLine: {'line': b'-- Up-to-date: /home/mustardking/ws_sensor_combined/install/px4_msgs/local/lib/python3.10/dist-packages/px4_msgs/msg/_gimbal_manager_status.py\n'}
[1.561260] (px4_msgs) StdoutLine: {'line': b'-- Up-to-date: /home/mustardking/ws_sensor_combined/install/px4_msgs/local/lib/python3.10/dist-packages/px4_msgs/msg/_rover_attitude_setpoint_s.c\n'}
[1.561283] (px4_msgs) StdoutLine: {'line': b'-- Up-to-date: /home/mustardking/ws_sensor_combined/install/px4_msgs/local/lib/python3.10/dist-packages/px4_msgs/msg/_rover_rate_setpoint.py\n'}
[1.561308] (px4_msgs) StdoutLine: {'line': b'-- Up-to-date: /home/mustardking/ws_sensor_combined/install/px4_msgs/local/lib/python3.10/dist-packages/px4_msgs/msg/_landing_target_innovations_s.c\n'}
[1.561330] (px4_msgs) StdoutLine: {'line': b'-- Up-to-date: /home/mustardking/ws_sensor_combined/install/px4_msgs/local/lib/python3.10/dist-packages/px4_msgs/msg/_uavcan_parameter_value_s.c\n'}
[1.561351] (px4_msgs) StdoutLine: {'line': b'-- Up-to-date: /home/mustardking/ws_sensor_combined/install/px4_msgs/local/lib/python3.10/dist-packages/px4_msgs/msg/_airspeed_validated.py\n'}
[1.561373] (px4_msgs) StdoutLine: {'line': b'-- Up-to-date: /home/mustardking/ws_sensor_combined/install/px4_msgs/local/lib/python3.10/dist-packages/px4_msgs/msg/_gripper.py\n'}
[1.561402] (px4_msgs) StdoutLine: {'line': b'-- Up-to-date: /home/mustardking/ws_sensor_combined/install/px4_msgs/local/lib/python3.10/dist-packages/px4_msgs/msg/_control_allocator_status.py\n'}
[1.561425] (px4_msgs) StdoutLine: {'line': b'-- Up-to-date: /home/mustardking/ws_sensor_combined/install/px4_msgs/local/lib/python3.10/dist-packages/px4_msgs/msg/_wind.py\n'}
[1.561447] (px4_msgs) StdoutLine: {'line': b'-- Up-to-date: /home/mustardking/ws_sensor_combined/install/px4_msgs/local/lib/python3.10/dist-packages/px4_msgs/msg/_arming_check_request.py\n'}
[1.561469] (px4_msgs) StdoutLine: {'line': b'-- Up-to-date: /home/mustardking/ws_sensor_combined/install/px4_msgs/local/lib/python3.10/dist-packages/px4_msgs/msg/_figure_eight_status.py\n'}
[1.561493] (px4_msgs) StdoutLine: {'line': b'-- Up-to-date: /home/mustardking/ws_sensor_combined/install/px4_msgs/local/lib/python3.10/dist-packages/px4_msgs/msg/_parameter_set_used_request.py\n'}
[1.561515] (px4_msgs) StdoutLine: {'line': b'-- Up-to-date: /home/mustardking/ws_sensor_combined/install/px4_msgs/local/lib/python3.10/dist-packages/px4_msgs/msg/_gimbal_manager_set_manual_control_s.c\n'}
[1.561538] (px4_msgs) StdoutLine: {'line': b'-- Up-to-date: /home/mustardking/ws_sensor_combined/install/px4_msgs/local/lib/python3.10/dist-packages/px4_msgs/msg/_rover_rate_setpoint_s.c\n'}
[1.561559] (px4_msgs) StdoutLine: {'line': b'-- Up-to-date: /home/mustardking/ws_sensor_combined/install/px4_msgs/local/lib/python3.10/dist-packages/px4_msgs/msg/_gps_dump_s.c\n'}
[1.561581] (px4_msgs) StdoutLine: {'line': b'-- Up-to-date: /home/mustardking/ws_sensor_combined/install/px4_msgs/local/lib/python3.10/dist-packages/px4_msgs/msg/_sensor_baro_s.c\n'}
[1.561603] (px4_msgs) StdoutLine: {'line': b'-- Up-to-date: /home/mustardking/ws_sensor_combined/install/px4_msgs/local/lib/python3.10/dist-packages/px4_msgs/msg/_longitudinal_control_configuration_s.c\n'}
[1.561626] (px4_msgs) StdoutLine: {'line': b'-- Up-to-date: /home/mustardking/ws_sensor_combined/install/px4_msgs/local/lib/python3.10/dist-packages/px4_msgs/msg/_offboard_control_mode_s.c\n'}
[1.561647] (px4_msgs) StdoutLine: {'line': b'-- Up-to-date: /home/mustardking/ws_sensor_combined/install/px4_msgs/local/lib/python3.10/dist-packages/px4_msgs/msg/_wheel_encoders.py\n'}
[1.561669] (px4_msgs) StdoutLine: {'line': b'-- Up-to-date: /home/mustardking/ws_sensor_combined/install/px4_msgs/local/lib/python3.10/dist-packages/px4_msgs/msg/_airspeed_s.c\n'}
[1.561691] (px4_msgs) StdoutLine: {'line': b'-- Up-to-date: /home/mustardking/ws_sensor_combined/install/px4_msgs/local/lib/python3.10/dist-packages/px4_msgs/msg/_register_ext_component_request_s.c\n'}
[1.561713] (px4_msgs) StdoutLine: {'line': b'-- Up-to-date: /home/mustardking/ws_sensor_combined/install/px4_msgs/local/lib/python3.10/dist-packages/px4_msgs/msg/_navigator_mission_item.py\n'}
[1.561735] (px4_msgs) StdoutLine: {'line': b'-- Up-to-date: /home/mustardking/ws_sensor_combined/install/px4_msgs/local/lib/python3.10/dist-packages/px4_msgs/msg/_failsafe_flags.py\n'}
[1.561757] (px4_msgs) StdoutLine: {'line': b'-- Up-to-date: /home/mustardking/ws_sensor_combined/install/px4_msgs/local/lib/python3.10/dist-packages/px4_msgs/msg/_logger_status_s.c\n'}
[1.561780] (px4_msgs) StdoutLine: {'line': b'-- Up-to-date: /home/mustardking/ws_sensor_combined/install/px4_msgs/local/lib/python3.10/dist-packages/px4_msgs/msg/_rover_steering_setpoint.py\n'}
[1.561802] (px4_msgs) StdoutLine: {'line': b'-- Up-to-date: /home/mustardking/ws_sensor_combined/install/px4_msgs/local/lib/python3.10/dist-packages/px4_msgs/msg/_power_monitor.py\n'}
[1.561823] (px4_msgs) StdoutLine: {'line': b'-- Up-to-date: /home/mustardking/ws_sensor_combined/install/px4_msgs/local/lib/python3.10/dist-packages/px4_msgs/msg/_open_drone_id_self_id.py\n'}
[1.561845] (px4_msgs) StdoutLine: {'line': b'-- Up-to-date: /home/mustardking/ws_sensor_combined/install/px4_msgs/local/lib/python3.10/dist-packages/px4_msgs/msg/_vehicle_status_s.c\n'}
[1.561867] (px4_msgs) StdoutLine: {'line': b'-- Up-to-date: /home/mustardking/ws_sensor_combined/install/px4_msgs/local/lib/python3.10/dist-packages/px4_msgs/msg/_vehicle_thrust_setpoint_s.c\n'}
[1.561889] (px4_msgs) StdoutLine: {'line': b'-- Up-to-date: /home/mustardking/ws_sensor_combined/install/px4_msgs/local/lib/python3.10/dist-packages/px4_msgs/msg/_sensor_mag.py\n'}
[1.561910] (px4_msgs) StdoutLine: {'line': b'-- Up-to-date: /home/mustardking/ws_sensor_combined/install/px4_msgs/local/lib/python3.10/dist-packages/px4_msgs/msg/_rpm.py\n'}
[1.561933] (px4_msgs) StdoutLine: {'line': b'-- Up-to-date: /home/mustardking/ws_sensor_combined/install/px4_msgs/local/lib/python3.10/dist-packages/px4_msgs/msg/_estimator_bias_s.c\n'}
[1.561955] (px4_msgs) StdoutLine: {'line': b'-- Up-to-date: /home/mustardking/ws_sensor_combined/install/px4_msgs/local/lib/python3.10/dist-packages/px4_msgs/msg/_led_control_s.c\n'}
[1.561977] (px4_msgs) StdoutLine: {'line': b'-- Up-to-date: /home/mustardking/ws_sensor_combined/install/px4_msgs/local/lib/python3.10/dist-packages/px4_msgs/msg/_sensor_gyro_fft.py\n'}
[1.561998] (px4_msgs) StdoutLine: {'line': b'-- Up-to-date: /home/mustardking/ws_sensor_combined/install/px4_msgs/local/lib/python3.10/dist-packages/px4_msgs/msg/_actuator_servos.py\n'}
[1.562021] (px4_msgs) StdoutLine: {'line': b'-- Up-to-date: /home/mustardking/ws_sensor_combined/install/px4_msgs/local/lib/python3.10/dist-packages/px4_msgs/msg/_orb_test_large_s.c\n'}
[1.562043] (px4_msgs) StdoutLine: {'line': b'-- Up-to-date: /home/mustardking/ws_sensor_combined/install/px4_msgs/local/lib/python3.10/dist-packages/px4_msgs/msg/_fixed_wing_lateral_guidance_status.py\n'}
[1.562065] (px4_msgs) StdoutLine: {'line': b'-- Up-to-date: /home/mustardking/ws_sensor_combined/install/px4_msgs/local/lib/python3.10/dist-packages/px4_msgs/msg/_generator_status.py\n'}
[1.562086] (px4_msgs) StdoutLine: {'line': b'-- Up-to-date: /home/mustardking/ws_sensor_combined/install/px4_msgs/local/lib/python3.10/dist-packages/px4_msgs/msg/_gimbal_device_attitude_status_s.c\n'}
[1.562108] (px4_msgs) StdoutLine: {'line': b'-- Up-to-date: /home/mustardking/ws_sensor_combined/install/px4_msgs/local/lib/python3.10/dist-packages/px4_msgs/msg/_sensor_gnss_status_s.c\n'}
[1.562132] (px4_msgs) StdoutLine: {'line': b'-- Up-to-date: /home/mustardking/ws_sensor_combined/install/px4_msgs/local/lib/python3.10/dist-packages/px4_msgs/msg/_camera_trigger.py\n'}
[1.562153] (px4_msgs) StdoutLine: {'line': b'-- Up-to-date: /home/mustardking/ws_sensor_combined/install/px4_msgs/local/lib/python3.10/dist-packages/px4_msgs/msg/_orbit_status_s.c\n'}
[1.562175] (px4_msgs) StdoutLine: {'line': b'-- Up-to-date: /home/mustardking/ws_sensor_combined/install/px4_msgs/local/lib/python3.10/dist-packages/px4_msgs/msg/_message_format_response_s.c\n'}
[1.562197] (px4_msgs) StdoutLine: {'line': b'-- Up-to-date: /home/mustardking/ws_sensor_combined/install/px4_msgs/local/lib/python3.10/dist-packages/px4_msgs/msg/_vehicle_constraints.py\n'}
[1.562219] (px4_msgs) StdoutLine: {'line': b'-- Up-to-date: /home/mustardking/ws_sensor_combined/install/px4_msgs/local/lib/python3.10/dist-packages/px4_msgs/msg/_timesync_status_s.c\n'}
[1.562240] (px4_msgs) StdoutLine: {'line': b'-- Up-to-date: /home/mustardking/ws_sensor_combined/install/px4_msgs/local/lib/python3.10/dist-packages/px4_msgs/msg/_navigator_status_s.c\n'}
[1.562263] (px4_msgs) StdoutLine: {'line': b'-- Up-to-date: /home/mustardking/ws_sensor_combined/install/px4_msgs/local/lib/python3.10/dist-packages/px4_msgs/msg/_obstacle_distance_s.c\n'}
[1.562285] (px4_msgs) StdoutLine: {'line': b'-- Up-to-date: /home/mustardking/ws_sensor_combined/install/px4_msgs/local/lib/python3.10/dist-packages/px4_msgs/msg/_parameter_set_value_response.py\n'}
[1.562307] (px4_msgs) StdoutLine: {'line': b'-- Up-to-date: /home/mustardking/ws_sensor_combined/install/px4_msgs/local/lib/python3.10/dist-packages/px4_msgs/msg/_vehicle_acceleration.py\n'}
[1.562329] (px4_msgs) StdoutLine: {'line': b'-- Up-to-date: /home/mustardking/ws_sensor_combined/install/px4_msgs/local/lib/python3.10/dist-packages/px4_msgs/msg/_rc_channels.py\n'}
[1.562350] (px4_msgs) StdoutLine: {'line': b'-- Up-to-date: /home/mustardking/ws_sensor_combined/install/px4_msgs/local/lib/python3.10/dist-packages/px4_msgs/msg/_velocity_limits_s.c\n'}
[1.562372] (px4_msgs) StdoutLine: {'line': b'-- Up-to-date: /home/mustardking/ws_sensor_combined/install/px4_msgs/local/lib/python3.10/dist-packages/px4_msgs/msg/_estimator_states.py\n'}
[1.562393] (px4_msgs) StdoutLine: {'line': b'-- Up-to-date: /home/mustardking/ws_sensor_combined/install/px4_msgs/local/lib/python3.10/dist-packages/px4_msgs/msg/_config_overrides.py\n'}
[1.562415] (px4_msgs) StdoutLine: {'line': b'-- Up-to-date: /home/mustardking/ws_sensor_combined/install/px4_msgs/local/lib/python3.10/dist-packages/px4_msgs/msg/_pps_capture_s.c\n'}
[1.562437] (px4_msgs) StdoutLine: {'line': b'-- Up-to-date: /home/mustardking/ws_sensor_combined/install/px4_msgs/local/lib/python3.10/dist-packages/px4_msgs/msg/_pwm_input.py\n'}
[1.562459] (px4_msgs) StdoutLine: {'line': b'-- Up-to-date: /home/mustardking/ws_sensor_combined/install/px4_msgs/local/lib/python3.10/dist-packages/px4_msgs/msg/_vehicle_land_detected_s.c\n'}
[1.562481] (px4_msgs) StdoutLine: {'line': b'-- Up-to-date: /home/mustardking/ws_sensor_combined/install/px4_msgs/local/lib/python3.10/dist-packages/px4_msgs/msg/_vehicle_magnetometer_s.c\n'}
[1.562503] (px4_msgs) StdoutLine: {'line': b'-- Up-to-date: /home/mustardking/ws_sensor_combined/install/px4_msgs/local/lib/python3.10/dist-packages/px4_msgs/msg/_vehicle_command_ack.py\n'}
[1.562524] (px4_msgs) StdoutLine: {'line': b'-- Up-to-date: /home/mustardking/ws_sensor_combined/install/px4_msgs/local/lib/python3.10/dist-packages/px4_msgs/msg/_vehicle_local_position_setpoint_s.c\n'}
[1.562546] (px4_msgs) StdoutLine: {'line': b'-- Up-to-date: /home/mustardking/ws_sensor_combined/install/px4_msgs/local/lib/python3.10/dist-packages/px4_msgs/msg/_pure_pursuit_status_s.c\n'}
[1.562568] (px4_msgs) StdoutLine: {'line': b'-- Up-to-date: /home/mustardking/ws_sensor_combined/install/px4_msgs/local/lib/python3.10/dist-packages/px4_msgs/msg/_event.py\n'}
[1.562590] (px4_msgs) StdoutLine: {'line': b'-- Up-to-date: /home/mustardking/ws_sensor_combined/install/px4_msgs/local/lib/python3.10/dist-packages/px4_msgs/msg/_camera_capture_s.c\n'}
[1.562612] (px4_msgs) StdoutLine: {'line': b'-- Up-to-date: /home/mustardking/ws_sensor_combined/install/px4_msgs/local/lib/python3.10/dist-packages/px4_msgs/msg/_launch_detection_status_s.c\n'}
[1.562635] (px4_msgs) StdoutLine: {'line': b'-- Up-to-date: /home/mustardking/ws_sensor_combined/install/px4_msgs/local/lib/python3.10/dist-packages/px4_msgs/msg/_dataman_request.py\n'}
[1.562657] (px4_msgs) StdoutLine: {'line': b'-- Up-to-date: /home/mustardking/ws_sensor_combined/install/px4_msgs/local/lib/python3.10/dist-packages/px4_msgs/msg/_sensor_gnss_status.py\n'}
[1.562678] (px4_msgs) StdoutLine: {'line': b'-- Up-to-date: /home/mustardking/ws_sensor_combined/install/px4_msgs/local/lib/python3.10/dist-packages/px4_msgs/msg/_rover_position_setpoint_s.c\n'}
[1.562700] (px4_msgs) StdoutLine: {'line': b'-- Up-to-date: /home/mustardking/ws_sensor_combined/install/px4_msgs/local/lib/python3.10/dist-packages/px4_msgs/msg/_collision_constraints_s.c\n'}
[1.562724] (px4_msgs) StdoutLine: {'line': b'-- Up-to-date: /home/mustardking/ws_sensor_combined/install/px4_msgs/local/lib/python3.10/dist-packages/px4_msgs/msg/_internal_combustion_engine_control_s.c\n'}
[1.562745] (px4_msgs) StdoutLine: {'line': b'-- Up-to-date: /home/mustardking/ws_sensor_combined/install/px4_msgs/local/lib/python3.10/dist-packages/px4_msgs/msg/_landing_target_innovations.py\n'}
[1.562769] (px4_msgs) StdoutLine: {'line': b'-- Up-to-date: /home/mustardking/ws_sensor_combined/install/px4_msgs/local/lib/python3.10/dist-packages/px4_msgs/msg/_follow_target_status.py\n'}
[1.562791] (px4_msgs) StdoutLine: {'line': b'-- Up-to-date: /home/mustardking/ws_sensor_combined/install/px4_msgs/local/lib/python3.10/dist-packages/px4_msgs/msg/_telemetry_status.py\n'}
[1.562813] (px4_msgs) StdoutLine: {'line': b'-- Up-to-date: /home/mustardking/ws_sensor_combined/install/px4_msgs/local/lib/python3.10/dist-packages/px4_msgs/msg/_orbit_status.py\n'}
[1.562835] (px4_msgs) StdoutLine: {'line': b'-- Up-to-date: /home/mustardking/ws_sensor_combined/install/px4_msgs/local/lib/python3.10/dist-packages/px4_msgs/msg/_sensor_optical_flow_s.c\n'}
[1.562857] (px4_msgs) StdoutLine: {'line': b'-- Up-to-date: /home/mustardking/ws_sensor_combined/install/px4_msgs/local/lib/python3.10/dist-packages/px4_msgs/msg/_message_format_request_s.c\n'}
[1.562879] (px4_msgs) StdoutLine: {'line': b'-- Up-to-date: /home/mustardking/ws_sensor_combined/install/px4_msgs/local/lib/python3.10/dist-packages/px4_msgs/msg/_vehicle_control_mode.py\n'}
[1.562901] (px4_msgs) StdoutLine: {'line': b'-- Up-to-date: /home/mustardking/ws_sensor_combined/install/px4_msgs/local/lib/python3.10/dist-packages/px4_msgs/msg/_autotune_attitude_control_status_s.c\n'}
[1.562922] (px4_msgs) StdoutLine: {'line': b'-- Up-to-date: /home/mustardking/ws_sensor_combined/install/px4_msgs/local/lib/python3.10/dist-packages/px4_msgs/msg/_camera_capture.py\n'}
[1.562944] (px4_msgs) StdoutLine: {'line': b'-- Up-to-date: /home/mustardking/ws_sensor_combined/install/px4_msgs/local/lib/python3.10/dist-packages/px4_msgs/msg/_position_setpoint.py\n'}
[1.562966] (px4_msgs) StdoutLine: {'line': b'-- Up-to-date: /home/mustardking/ws_sensor_combined/install/px4_msgs/local/lib/python3.10/dist-packages/px4_msgs/msg/_heater_status.py\n'}
[1.562988] (px4_msgs) StdoutLine: {'line': b'-- Up-to-date: /home/mustardking/ws_sensor_combined/install/px4_msgs/local/lib/python3.10/dist-packages/px4_msgs/msg/_open_drone_id_self_id_s.c\n'}
[1.563010] (px4_msgs) StdoutLine: {'line': b'-- Up-to-date: /home/mustardking/ws_sensor_combined/install/px4_msgs/local/lib/python3.10/dist-packages/px4_msgs/msg/_system_power.py\n'}
[1.563032] (px4_msgs) StdoutLine: {'line': b'-- Up-to-date: /home/mustardking/ws_sensor_combined/install/px4_msgs/local/lib/python3.10/dist-packages/px4_msgs/msg/_open_drone_id_arm_status.py\n'}
[1.563053] (px4_msgs) StdoutLine: {'line': b'-- Up-to-date: /home/mustardking/ws_sensor_combined/install/px4_msgs/local/lib/python3.10/dist-packages/px4_msgs/msg/_vehicle_imu.py\n'}
[1.563075] (px4_msgs) StdoutLine: {'line': b'-- Up-to-date: /home/mustardking/ws_sensor_combined/install/px4_msgs/local/lib/python3.10/dist-packages/px4_msgs/msg/_debug_array_s.c\n'}
[1.563097] (px4_msgs) StdoutLine: {'line': b'-- Up-to-date: /home/mustardking/ws_sensor_combined/install/px4_msgs/local/lib/python3.10/dist-packages/px4_msgs/msg/_tune_control.py\n'}
[1.563119] (px4_msgs) StdoutLine: {'line': b'-- Up-to-date: /home/mustardking/ws_sensor_combined/install/px4_msgs/local/lib/python3.10/dist-packages/px4_msgs/msg/_ulog_stream_ack.py\n'}
[1.563140] (px4_msgs) StdoutLine: {'line': b'-- Up-to-date: /home/mustardking/ws_sensor_combined/install/px4_msgs/local/lib/python3.10/dist-packages/px4_msgs/msg/_actuator_servos_s.c\n'}
[1.563162] (px4_msgs) StdoutLine: {'line': b'-- Up-to-date: /home/mustardking/ws_sensor_combined/install/px4_msgs/local/lib/python3.10/dist-packages/px4_msgs/msg/_pure_pursuit_status.py\n'}
[1.563184] (px4_msgs) StdoutLine: {'line': b'-- Up-to-date: /home/mustardking/ws_sensor_combined/install/px4_msgs/local/lib/python3.10/dist-packages/px4_msgs/msg/_debug_value.py\n'}
[1.563206] (px4_msgs) StdoutLine: {'line': b'-- Up-to-date: /home/mustardking/ws_sensor_combined/install/px4_msgs/local/lib/python3.10/dist-packages/px4_msgs/msg/_irlock_report_s.c\n'}
[1.563229] (px4_msgs) StdoutLine: {'line': b'-- Up-to-date: /home/mustardking/ws_sensor_combined/install/px4_msgs/local/lib/python3.10/dist-packages/px4_msgs/msg/_fuel_tank_status_s.c\n'}
[1.563251] (px4_msgs) StdoutLine: {'line': b'-- Up-to-date: /home/mustardking/ws_sensor_combined/install/px4_msgs/local/lib/python3.10/dist-packages/px4_msgs/msg/_gimbal_manager_set_attitude.py\n'}
[1.563273] (px4_msgs) StdoutLine: {'line': b'-- Up-to-date: /home/mustardking/ws_sensor_combined/install/px4_msgs/local/lib/python3.10/dist-packages/px4_msgs/msg/_flight_phase_estimation_s.c\n'}
[1.563376] (px4_msgs) StdoutLine: {'line': b'-- Up-to-date: /home/mustardking/ws_sensor_combined/install/px4_msgs/local/lib/python3.10/dist-packages/px4_msgs/msg/_neural_control.py\n'}
[1.563405] (px4_msgs) StdoutLine: {'line': b'-- Up-to-date: /home/mustardking/ws_sensor_combined/install/px4_msgs/local/lib/python3.10/dist-packages/px4_msgs/msg/_takeoff_status.py\n'}
[1.563429] (px4_msgs) StdoutLine: {'line': b'-- Up-to-date: /home/mustardking/ws_sensor_combined/install/px4_msgs/local/lib/python3.10/dist-packages/px4_msgs/msg/_adc_report.py\n'}
[1.563453] (px4_msgs) StdoutLine: {'line': b'-- Up-to-date: /home/mustardking/ws_sensor_combined/install/px4_msgs/local/lib/python3.10/dist-packages/px4_msgs/msg/_event_s.c\n'}
[1.563476] (px4_msgs) StdoutLine: {'line': b'-- Up-to-date: /home/mustardking/ws_sensor_combined/install/px4_msgs/local/lib/python3.10/dist-packages/px4_msgs/msg/_goto_setpoint.py\n'}
[1.563502] (px4_msgs) StdoutLine: {'line': b'-- Up-to-date: /home/mustardking/ws_sensor_combined/install/px4_msgs/local/lib/python3.10/dist-packages/px4_msgs/msg/_rover_throttle_setpoint_s.c\n'}
[1.563525] (px4_msgs) StdoutLine: {'line': b'-- Up-to-date: /home/mustardking/ws_sensor_combined/install/px4_msgs/local/lib/python3.10/dist-packages/px4_msgs/msg/_open_drone_id_system.py\n'}
[1.563548] (px4_msgs) StdoutLine: {'line': b'-- Up-to-date: /home/mustardking/ws_sensor_combined/install/px4_msgs/local/lib/python3.10/dist-packages/px4_msgs/msg/_manual_control_switches.py\n'}
[1.563571] (px4_msgs) StdoutLine: {'line': b'-- Up-to-date: /home/mustardking/ws_sensor_combined/install/px4_msgs/local/lib/python3.10/dist-packages/px4_msgs/msg/_geofence_result.py\n'}
[1.563593] (px4_msgs) StdoutLine: {'line': b'-- Up-to-date: /home/mustardking/ws_sensor_combined/install/px4_msgs/local/lib/python3.10/dist-packages/px4_msgs/msg/_mode_completed.py\n'}
[1.563616] (px4_msgs) StdoutLine: {'line': b'-- Up-to-date: /home/mustardking/ws_sensor_combined/install/px4_msgs/local/lib/python3.10/dist-packages/px4_msgs/msg/_vehicle_attitude_setpoint.py\n'}
[1.563639] (px4_msgs) StdoutLine: {'line': b'-- Up-to-date: /home/mustardking/ws_sensor_combined/install/px4_msgs/local/lib/python3.10/dist-packages/px4_msgs/msg/_debug_key_value_s.c\n'}
[1.563661] (px4_msgs) StdoutLine: {'line': b'-- Up-to-date: /home/mustardking/ws_sensor_combined/install/px4_msgs/local/lib/python3.10/dist-packages/px4_msgs/msg/_vehicle_imu_status_s.c\n'}
[1.563683] (px4_msgs) StdoutLine: {'line': b'-- Up-to-date: /home/mustardking/ws_sensor_combined/install/px4_msgs/local/lib/python3.10/dist-packages/px4_msgs/msg/_vehicle_odometry.py\n'}
[1.563706] (px4_msgs) StdoutLine: {'line': b'-- Up-to-date: /home/mustardking/ws_sensor_combined/install/px4_msgs/local/lib/python3.10/dist-packages/px4_msgs/msg/_geofence_status.py\n'}
[1.563728] (px4_msgs) StdoutLine: {'line': b'-- Up-to-date: /home/mustardking/ws_sensor_combined/install/px4_msgs/local/lib/python3.10/dist-packages/px4_msgs/msg/_actuator_servos_trim_s.c\n'}
[1.563751] (px4_msgs) StdoutLine: {'line': b'-- Up-to-date: /home/mustardking/ws_sensor_combined/install/px4_msgs/local/lib/python3.10/dist-packages/px4_msgs/msg/_airspeed_validated_s.c\n'}
[1.563773] (px4_msgs) StdoutLine: {'line': b'-- Up-to-date: /home/mustardking/ws_sensor_combined/install/px4_msgs/local/lib/python3.10/dist-packages/px4_msgs/msg/_navigator_mission_item_s.c\n'}
[1.563797] (px4_msgs) StdoutLine: {'line': b'-- Up-to-date: /home/mustardking/ws_sensor_combined/install/px4_msgs/local/lib/python3.10/dist-packages/px4_msgs/msg/_qshell_req_s.c\n'}
[1.563824] (px4_msgs) StdoutLine: {'line': b'-- Up-to-date: /home/mustardking/ws_sensor_combined/install/px4_msgs/local/lib/python3.10/dist-packages/px4_msgs/msg/_actuator_servos_trim.py\n'}
[1.563854] (px4_msgs) StdoutLine: {'line': b'-- Up-to-date: /home/mustardking/ws_sensor_combined/install/px4_msgs/local/lib/python3.10/dist-packages/px4_msgs/msg/_magnetometer_bias_estimate_s.c\n'}
[1.563889] (px4_msgs) StdoutLine: {'line': b'-- Up-to-date: /home/mustardking/ws_sensor_combined/install/px4_msgs/local/lib/python3.10/dist-packages/px4_msgs/msg/_fixed_wing_lateral_status_s.c\n'}
[1.563919] (px4_msgs) StdoutLine: {'line': b'-- Up-to-date: /home/mustardking/ws_sensor_combined/install/px4_msgs/local/lib/python3.10/dist-packages/px4_msgs/msg/_sensor_gyro_fft_s.c\n'}
[1.563942] (px4_msgs) StdoutLine: {'line': b'-- Up-to-date: /home/mustardking/ws_sensor_combined/install/px4_msgs/local/lib/python3.10/dist-packages/px4_msgs/msg/_sensor_accel_fifo_s.c\n'}
[1.563965] (px4_msgs) StdoutLine: {'line': b'-- Up-to-date: /home/mustardking/ws_sensor_combined/install/px4_msgs/local/lib/python3.10/dist-packages/px4_msgs/msg/_position_controller_landing_status.py\n'}
[1.563990] (px4_msgs) StdoutLine: {'line': b'-- Up-to-date: /home/mustardking/ws_sensor_combined/install/px4_msgs/local/lib/python3.10/dist-packages/px4_msgs/msg/_task_stack_info.py\n'}
[1.564012] (px4_msgs) StdoutLine: {'line': b'-- Up-to-date: /home/mustardking/ws_sensor_combined/install/px4_msgs/local/lib/python3.10/dist-packages/px4_msgs/msg/_sensor_selection_s.c\n'}
[1.564034] (px4_msgs) StdoutLine: {'line': b'-- Up-to-date: /home/mustardking/ws_sensor_combined/install/px4_msgs/local/lib/python3.10/dist-packages/px4_msgs/msg/_estimator_states_s.c\n'}
[1.564057] (px4_msgs) StdoutLine: {'line': b'-- Up-to-date: /home/mustardking/ws_sensor_combined/install/px4_msgs/local/lib/python3.10/dist-packages/px4_msgs/msg/_tecs_status_s.c\n'}
[1.564079] (px4_msgs) StdoutLine: {'line': b'-- Up-to-date: /home/mustardking/ws_sensor_combined/install/px4_msgs/local/lib/python3.10/dist-packages/px4_msgs/msg/_trajectory_setpoint.py\n'}
[1.564101] (px4_msgs) StdoutLine: {'line': b'-- Up-to-date: /home/mustardking/ws_sensor_combined/install/px4_msgs/local/lib/python3.10/dist-packages/px4_msgs/msg/_rover_attitude_status.py\n'}
[1.564123] (px4_msgs) StdoutLine: {'line': b'-- Up-to-date: /home/mustardking/ws_sensor_combined/install/px4_msgs/local/lib/python3.10/dist-packages/px4_msgs/msg/_parameter_update_s.c\n'}
[1.564145] (px4_msgs) StdoutLine: {'line': b'-- Up-to-date: /home/mustardking/ws_sensor_combined/install/px4_msgs/local/lib/python3.10/dist-packages/px4_msgs/msg/_gimbal_manager_set_attitude_s.c\n'}
[1.564167] (px4_msgs) StdoutLine: {'line': b'-- Up-to-date: /home/mustardking/ws_sensor_combined/install/px4_msgs/local/lib/python3.10/dist-packages/px4_msgs/msg/_vehicle_optical_flow_vel.py\n'}
[1.564192] (px4_msgs) StdoutLine: {'line': b'-- Up-to-date: /home/mustardking/ws_sensor_combined/install/px4_msgs/local/lib/python3.10/dist-packages/px4_msgs/msg/_estimator_gps_status_s.c\n'}
[1.564214] (px4_msgs) StdoutLine: {'line': b'-- Up-to-date: /home/mustardking/ws_sensor_combined/install/px4_msgs/local/lib/python3.10/dist-packages/px4_msgs/msg/_gimbal_manager_information_s.c\n'}
[1.564236] (px4_msgs) StdoutLine: {'line': b'-- Up-to-date: /home/mustardking/ws_sensor_combined/install/px4_msgs/local/lib/python3.10/dist-packages/px4_msgs/msg/_internal_combustion_engine_control.py\n'}
[1.564259] (px4_msgs) StdoutLine: {'line': b'-- Up-to-date: /home/mustardking/ws_sensor_combined/install/px4_msgs/local/lib/python3.10/dist-packages/px4_msgs/msg/_ekf2_timestamps_s.c\n'}
[1.564281] (px4_msgs) StdoutLine: {'line': b'-- Up-to-date: /home/mustardking/ws_sensor_combined/install/px4_msgs/local/lib/python3.10/dist-packages/px4_msgs/msg/_follow_target_status_s.c\n'}
[1.564304] (px4_msgs) StdoutLine: {'line': b'-- Up-to-date: /home/mustardking/ws_sensor_combined/install/px4_msgs/local/lib/python3.10/dist-packages/px4_msgs/msg/_landing_gear_wheel_s.c\n'}
[1.564327] (px4_msgs) StdoutLine: {'line': b'-- Up-to-date: /home/mustardking/ws_sensor_combined/install/px4_msgs/local/lib/python3.10/dist-packages/px4_msgs/msg/_pwm_input_s.c\n'}
[1.564348] (px4_msgs) StdoutLine: {'line': b'-- Up-to-date: /home/mustardking/ws_sensor_combined/install/px4_msgs/local/lib/python3.10/dist-packages/px4_msgs/msg/_landing_gear_wheel.py\n'}
[1.564371] (px4_msgs) StdoutLine: {'line': b'-- Up-to-date: /home/mustardking/ws_sensor_combined/install/px4_msgs/local/lib/python3.10/dist-packages/px4_msgs/msg/_gimbal_manager_set_manual_control.py\n'}
[1.564393] (px4_msgs) StdoutLine: {'line': b'-- Up-to-date: /home/mustardking/ws_sensor_combined/install/px4_msgs/local/lib/python3.10/dist-packages/px4_msgs/msg/_vehicle_global_position.py\n'}
[1.564415] (px4_msgs) StdoutLine: {'line': b'-- Up-to-date: /home/mustardking/ws_sensor_combined/install/px4_msgs/local/lib/python3.10/dist-packages/px4_msgs/msg/_message_format_request.py\n'}
[1.564438] (px4_msgs) StdoutLine: {'line': b'-- Up-to-date: /home/mustardking/ws_sensor_combined/install/px4_msgs/local/lib/python3.10/dist-packages/px4_msgs/msg/_satellite_info_s.c\n'}
[1.564461] (px4_msgs) StdoutLine: {'line': b'-- Up-to-date: /home/mustardking/ws_sensor_combined/install/px4_msgs/local/lib/python3.10/dist-packages/px4_msgs/msg/_mavlink_log.py\n'}
[1.564483] (px4_msgs) StdoutLine: {'line': b'-- Up-to-date: /home/mustardking/ws_sensor_combined/install/px4_msgs/local/lib/python3.10/dist-packages/px4_msgs/msg/_open_drone_id_operator_id_s.c\n'}
[1.564506] (px4_msgs) StdoutLine: {'line': b'-- Up-to-date: /home/mustardking/ws_sensor_combined/install/px4_msgs/local/lib/python3.10/dist-packages/px4_msgs/msg/_actuator_motors_s.c\n'}
[1.564528] (px4_msgs) StdoutLine: {'line': b'-- Up-to-date: /home/mustardking/ws_sensor_combined/install/px4_msgs/local/lib/python3.10/dist-packages/px4_msgs/msg/_can_interface_status_s.c\n'}
[1.564550] (px4_msgs) StdoutLine: {'line': b'-- Up-to-date: /home/mustardking/ws_sensor_combined/install/px4_msgs/local/lib/python3.10/dist-packages/px4_msgs/msg/_parameter_set_value_response_s.c\n'}
[1.564572] (px4_msgs) StdoutLine: {'line': b'-- Up-to-date: /home/mustardking/ws_sensor_combined/install/px4_msgs/local/lib/python3.10/dist-packages/px4_msgs/msg/_fixed_wing_longitudinal_setpoint_s.c\n'}
[1.564596] (px4_msgs) StdoutLine: {'line': b'-- Up-to-date: /home/mustardking/ws_sensor_combined/install/px4_msgs/local/lib/python3.10/dist-packages/px4_msgs/msg/_rover_speed_setpoint.py\n'}
[1.564618] (px4_msgs) StdoutLine: {'line': b'-- Up-to-date: /home/mustardking/ws_sensor_combined/install/px4_msgs/local/lib/python3.10/dist-packages/px4_msgs/msg/_gimbal_device_information_s.c\n'}
[1.564641] (px4_msgs) StdoutLine: {'line': b'-- Up-to-date: /home/mustardking/ws_sensor_combined/install/px4_msgs/local/lib/python3.10/dist-packages/px4_msgs/msg/_home_position_s.c\n'}
[1.564663] (px4_msgs) StdoutLine: {'line': b'-- Up-to-date: /home/mustardking/ws_sensor_combined/install/px4_msgs/local/lib/python3.10/dist-packages/px4_msgs/msg/_vehicle_global_position_s.c\n'}
[1.564685] (px4_msgs) StdoutLine: {'line': b'-- Up-to-date: /home/mustardking/ws_sensor_combined/install/px4_msgs/local/lib/python3.10/dist-packages/px4_msgs/msg/_gimbal_controls_s.c\n'}
[1.564707] (px4_msgs) StdoutLine: {'line': b'-- Up-to-date: /home/mustardking/ws_sensor_combined/install/px4_msgs/local/lib/python3.10/dist-packages/px4_msgs/msg/_actuator_controls_status_s.c\n'}
[1.564730] (px4_msgs) StdoutLine: {'line': b'-- Up-to-date: /home/mustardking/ws_sensor_combined/install/px4_msgs/local/lib/python3.10/dist-packages/px4_msgs/msg/_position_controller_landing_status_s.c\n'}
[1.564753] (px4_msgs) StdoutLine: {'line': b'-- Up-to-date: /home/mustardking/ws_sensor_combined/install/px4_msgs/local/lib/python3.10/dist-packages/px4_msgs/msg/_estimator_status.py\n'}
[1.564778] (px4_msgs) StdoutLine: {'line': b'-- Up-to-date: /home/mustardking/ws_sensor_combined/install/px4_msgs/local/lib/python3.10/dist-packages/px4_msgs/msg/_hover_thrust_estimate.py\n'}
[1.564800] (px4_msgs) StdoutLine: {'line': b'-- Up-to-date: /home/mustardking/ws_sensor_combined/install/px4_msgs/local/lib/python3.10/dist-packages/px4_msgs/msg/_lateral_control_configuration_s.c\n'}
[1.564823] (px4_msgs) StdoutLine: {'line': b'-- Up-to-date: /home/mustardking/ws_sensor_combined/install/px4_msgs/local/lib/python3.10/dist-packages/px4_msgs/msg/_estimator_status_flags_s.c\n'}
[1.564848] (px4_msgs) StdoutLine: {'line': b'-- Up-to-date: /home/mustardking/ws_sensor_combined/install/px4_msgs/local/lib/python3.10/dist-packages/px4_msgs/msg/_qshell_req.py\n'}
[1.564870] (px4_msgs) StdoutLine: {'line': b'-- Up-to-date: /home/mustardking/ws_sensor_combined/install/px4_msgs/local/lib/python3.10/dist-packages/px4_msgs/msg/_manual_control_setpoint_s.c\n'}
[1.564892] (px4_msgs) StdoutLine: {'line': b'-- Up-to-date: /home/mustardking/ws_sensor_combined/install/px4_msgs/local/lib/python3.10/dist-packages/px4_msgs/msg/_tiltrotor_extra_controls.py\n'}
[1.564914] (px4_msgs) StdoutLine: {'line': b'-- Up-to-date: /home/mustardking/ws_sensor_combined/install/px4_msgs/local/lib/python3.10/dist-packages/px4_msgs/msg/_vehicle_angular_velocity.py\n'}
[1.564936] (px4_msgs) StdoutLine: {'line': b'-- Up-to-date: /home/mustardking/ws_sensor_combined/install/px4_msgs/local/lib/python3.10/dist-packages/px4_msgs/msg/_ulog_stream_ack_s.c\n'}
[1.564958] (px4_msgs) StdoutLine: {'line': b'-- Up-to-date: /home/mustardking/ws_sensor_combined/install/px4_msgs/local/lib/python3.10/dist-packages/px4_msgs/msg/_vehicle_command.py\n'}
[1.564980] (px4_msgs) StdoutLine: {'line': b'-- Up-to-date: /home/mustardking/ws_sensor_combined/install/px4_msgs/local/lib/python3.10/dist-packages/px4_msgs/msg/_gripper_s.c\n'}
[1.565003] (px4_msgs) StdoutLine: {'line': b'-- Up-to-date: /home/mustardking/ws_sensor_combined/install/px4_msgs/local/lib/python3.10/dist-packages/px4_msgs/msg/_estimator_sensor_bias_s.c\n'}
[1.565025] (px4_msgs) StdoutLine: {'line': b'-- Up-to-date: /home/mustardking/ws_sensor_combined/install/px4_msgs/local/lib/python3.10/dist-packages/px4_msgs/msg/_sensor_correction_s.c\n'}
[1.565047] (px4_msgs) StdoutLine: {'line': b'-- Up-to-date: /home/mustardking/ws_sensor_combined/install/px4_msgs/local/lib/python3.10/dist-packages/px4_msgs/msg/_fixed_wing_lateral_setpoint.py\n'}
[1.565070] (px4_msgs) StdoutLine: {'line': b'-- Up-to-date: /home/mustardking/ws_sensor_combined/install/px4_msgs/local/lib/python3.10/dist-packages/px4_msgs/msg/_differential_pressure_s.c\n'}
[1.565091] (px4_msgs) StdoutLine: {'line': b'-- Up-to-date: /home/mustardking/ws_sensor_combined/install/px4_msgs/local/lib/python3.10/dist-packages/px4_msgs/msg/_logger_status.py\n'}
[1.565113] (px4_msgs) StdoutLine: {'line': b'-- Up-to-date: /home/mustardking/ws_sensor_combined/install/px4_msgs/local/lib/python3.10/dist-packages/px4_msgs/msg/_velocity_limits.py\n'}
[1.565136] (px4_msgs) StdoutLine: {'line': b'-- Up-to-date: /home/mustardking/ws_sensor_combined/install/px4_msgs/local/lib/python3.10/dist-packages/px4_msgs/msg/_battery_status.py\n'}
[1.565158] (px4_msgs) StdoutLine: {'line': b'-- Up-to-date: /home/mustardking/ws_sensor_combined/install/px4_msgs/local/lib/python3.10/dist-packages/px4_msgs/msg/_sensor_gnss_relative.py\n'}
[1.565180] (px4_msgs) StdoutLine: {'line': b'-- Up-to-date: /home/mustardking/ws_sensor_combined/install/px4_msgs/local/lib/python3.10/dist-packages/px4_msgs/msg/_gimbal_device_information.py\n'}
[1.565204] (px4_msgs) StdoutLine: {'line': b'-- Up-to-date: /home/mustardking/ws_sensor_combined/install/px4_msgs/local/lib/python3.10/dist-packages/px4_msgs/msg/_health_report.py\n'}
[1.565227] (px4_msgs) StdoutLine: {'line': b'-- Up-to-date: /home/mustardking/ws_sensor_combined/install/px4_msgs/local/lib/python3.10/dist-packages/px4_msgs/msg/_transponder_report.py\n'}
[1.565249] (px4_msgs) StdoutLine: {'line': b'-- Up-to-date: /home/mustardking/ws_sensor_combined/install/px4_msgs/local/lib/python3.10/dist-packages/px4_msgs/msg/_gpio_config.py\n'}
[1.565272] (px4_msgs) StdoutLine: {'line': b'-- Up-to-date: /home/mustardking/ws_sensor_combined/install/px4_msgs/local/lib/python3.10/dist-packages/px4_msgs/msg/_geofence_status_s.c\n'}
[1.565294] (px4_msgs) StdoutLine: {'line': b'-- Up-to-date: /home/mustardking/ws_sensor_combined/install/px4_msgs/local/lib/python3.10/dist-packages/px4_msgs/msg/_rover_speed_setpoint_s.c\n'}
[1.565317] (px4_msgs) StdoutLine: {'line': b'-- Up-to-date: /home/mustardking/ws_sensor_combined/install/px4_msgs/local/lib/python3.10/dist-packages/px4_msgs/msg/_vehicle_land_detected.py\n'}
[1.565339] (px4_msgs) StdoutLine: {'line': b'-- Up-to-date: /home/mustardking/ws_sensor_combined/install/px4_msgs/local/lib/python3.10/dist-packages/px4_msgs/msg/_orb_test_medium.py\n'}
[1.565361] (px4_msgs) StdoutLine: {'line': b'-- Up-to-date: /home/mustardking/ws_sensor_combined/install/px4_msgs/local/lib/python3.10/dist-packages/px4_msgs/msg/_power_monitor_s.c\n'}
[1.565382] (px4_msgs) StdoutLine: {'line': b'-- Up-to-date: /home/mustardking/ws_sensor_combined/install/px4_msgs/local/lib/python3.10/dist-packages/px4_msgs/msg/_estimator_sensor_bias.py\n'}
[1.565405] (px4_msgs) StdoutLine: {'line': b'-- Up-to-date: /home/mustardking/ws_sensor_combined/install/px4_msgs/local/lib/python3.10/dist-packages/px4_msgs/msg/_vehicle_attitude_s.c\n'}
[1.565427] (px4_msgs) StdoutLine: {'line': b'-- Up-to-date: /home/mustardking/ws_sensor_combined/install/px4_msgs/local/lib/python3.10/dist-packages/px4_msgs/msg/_sensor_accel_s.c\n'}
[1.565449] (px4_msgs) StdoutLine: {'line': b'-- Up-to-date: /home/mustardking/ws_sensor_combined/install/px4_msgs/local/lib/python3.10/dist-packages/px4_msgs/msg/_normalized_unsigned_setpoint_s.c\n'}
[1.565471] (px4_msgs) StdoutLine: {'line': b'-- Up-to-date: /home/mustardking/ws_sensor_combined/install/px4_msgs/local/lib/python3.10/dist-packages/px4_msgs/msg/_landing_target_pose_s.c\n'}
[1.565495] (px4_msgs) StdoutLine: {'line': b'-- Up-to-date: /home/mustardking/ws_sensor_combined/install/px4_msgs/local/lib/python3.10/dist-packages/px4_msgs/msg/_fixed_wing_longitudinal_setpoint.py\n'}
[1.565518] (px4_msgs) StdoutLine: {'line': b'-- Up-to-date: /home/mustardking/ws_sensor_combined/install/px4_msgs/local/lib/python3.10/dist-packages/px4_msgs/msg/_airspeed_wind_s.c\n'}
[1.565540] (px4_msgs) StdoutLine: {'line': b'-- Up-to-date: /home/mustardking/ws_sensor_combined/install/px4_msgs/local/lib/python3.10/dist-packages/px4_msgs/msg/_onboard_computer_status_s.c\n'}
[1.565562] (px4_msgs) StdoutLine: {'line': b'-- Up-to-date: /home/mustardking/ws_sensor_combined/install/px4_msgs/local/lib/python3.10/dist-packages/px4_msgs/msg/_sensor_airflow.py\n'}
[1.565584] (px4_msgs) StdoutLine: {'line': b'-- Up-to-date: /home/mustardking/ws_sensor_combined/install/px4_msgs/local/lib/python3.10/dist-packages/px4_msgs/msg/_ekf2_timestamps.py\n'}
[1.565605] (px4_msgs) StdoutLine: {'line': b'-- Up-to-date: /home/mustardking/ws_sensor_combined/install/px4_msgs/local/lib/python3.10/dist-packages/px4_msgs/msg/_message_format_response.py\n'}
[1.565627] (px4_msgs) StdoutLine: {'line': b'-- Up-to-date: /home/mustardking/ws_sensor_combined/install/px4_msgs/local/lib/python3.10/dist-packages/px4_msgs/msg/_battery_status_s.c\n'}
[1.565649] (px4_msgs) StdoutLine: {'line': b'-- Up-to-date: /home/mustardking/ws_sensor_combined/install/px4_msgs/local/lib/python3.10/dist-packages/px4_msgs/msg/_log_message.py\n'}
[1.565672] (px4_msgs) StdoutLine: {'line': b'-- Up-to-date: /home/mustardking/ws_sensor_combined/install/px4_msgs/local/lib/python3.10/dist-packages/px4_msgs/msg/_ulog_stream_s.c\n'}
[1.565694] (px4_msgs) StdoutLine: {'line': b'-- Up-to-date: /home/mustardking/ws_sensor_combined/install/px4_msgs/local/lib/python3.10/dist-packages/px4_msgs/msg/_position_controller_status.py\n'}
[1.565716] (px4_msgs) StdoutLine: {'line': b'-- Up-to-date: /home/mustardking/ws_sensor_combined/install/px4_msgs/local/lib/python3.10/dist-packages/px4_msgs/msg/_button_event.py\n'}
[1.565738] (px4_msgs) StdoutLine: {'line': b'-- Up-to-date: /home/mustardking/ws_sensor_combined/install/px4_msgs/local/lib/python3.10/dist-packages/px4_msgs/msg/_orb_test_medium_s.c\n'}
[1.565761] (px4_msgs) StdoutLine: {'line': b'-- Up-to-date: /home/mustardking/ws_sensor_combined/install/px4_msgs/local/lib/python3.10/dist-packages/px4_msgs/msg/_sensor_uwb_s.c\n'}
[1.565783] (px4_msgs) StdoutLine: {'line': b'-- Up-to-date: /home/mustardking/ws_sensor_combined/install/px4_msgs/local/lib/python3.10/dist-packages/px4_msgs/msg/_takeoff_status_s.c\n'}
[1.565806] (px4_msgs) StdoutLine: {'line': b'-- Up-to-date: /home/mustardking/ws_sensor_combined/install/px4_msgs/local/lib/python3.10/dist-packages/px4_msgs/msg/_fixed_wing_lateral_guidance_status_s.c\n'}
[1.565829] (px4_msgs) StdoutLine: {'line': b'-- Up-to-date: /home/mustardking/ws_sensor_combined/install/px4_msgs/local/lib/python3.10/dist-packages/px4_msgs/msg/_actuator_motors.py\n'}
[1.565851] (px4_msgs) StdoutLine: {'line': b'-- Up-to-date: /home/mustardking/ws_sensor_combined/install/px4_msgs/local/lib/python3.10/dist-packages/px4_msgs/msg/_vtol_vehicle_status_s.c\n'}
[1.565873] (px4_msgs) StdoutLine: {'line': b'-- Up-to-date: /home/mustardking/ws_sensor_combined/install/px4_msgs/local/lib/python3.10/dist-packages/px4_msgs/msg/_sensor_selection.py\n'}
[1.565895] (px4_msgs) StdoutLine: {'line': b'-- Up-to-date: /home/mustardking/ws_sensor_combined/install/px4_msgs/local/lib/python3.10/dist-packages/px4_msgs/msg/_sensor_uwb.py\n'}
[1.565917] (px4_msgs) StdoutLine: {'line': b'-- Up-to-date: /home/mustardking/ws_sensor_combined/install/px4_msgs/local/lib/python3.10/dist-packages/px4_msgs/msg/_timesync_status.py\n'}
[1.565939] (px4_msgs) StdoutLine: {'line': b'-- Up-to-date: /home/mustardking/ws_sensor_combined/install/px4_msgs/local/lib/python3.10/dist-packages/px4_msgs/msg/_parameter_set_used_request_s.c\n'}
[1.565961] (px4_msgs) StdoutLine: {'line': b'-- Up-to-date: /home/mustardking/ws_sensor_combined/install/px4_msgs/local/lib/python3.10/dist-packages/px4_msgs/msg/_esc_report_s.c\n'}
[1.565982] (px4_msgs) StdoutLine: {'line': b'-- Up-to-date: /home/mustardking/ws_sensor_combined/install/px4_msgs/local/lib/python3.10/dist-packages/px4_msgs/msg/_vehicle_angular_velocity_s.c\n'}
[1.566004] (px4_msgs) StdoutLine: {'line': b'-- Up-to-date: /home/mustardking/ws_sensor_combined/install/px4_msgs/local/lib/python3.10/dist-packages/px4_msgs/msg/_vehicle_optical_flow_vel_s.c\n'}
[1.566026] (px4_msgs) StdoutLine: {'line': b'-- Up-to-date: /home/mustardking/ws_sensor_combined/install/px4_msgs/local/lib/python3.10/dist-packages/px4_msgs/msg/_cpuload_s.c\n'}
[1.566048] (px4_msgs) StdoutLine: {'line': b'-- Up-to-date: /home/mustardking/ws_sensor_combined/install/px4_msgs/local/lib/python3.10/dist-packages/px4_msgs/msg/_debug_key_value.py\n'}
[1.566071] (px4_msgs) StdoutLine: {'line': b'-- Up-to-date: /home/mustardking/ws_sensor_combined/install/px4_msgs/local/lib/python3.10/dist-packages/px4_msgs/msg/_orb_test.py\n'}
[1.566094] (px4_msgs) StdoutLine: {'line': b'-- Up-to-date: /home/mustardking/ws_sensor_combined/install/px4_msgs/local/lib/python3.10/dist-packages/px4_msgs/msg/_task_stack_info_s.c\n'}
[1.566118] (px4_msgs) StdoutLine: {'line': b'-- Up-to-date: /home/mustardking/ws_sensor_combined/install/px4_msgs/local/lib/python3.10/dist-packages/px4_msgs/msg/_figure_eight_status_s.c\n'}
[1.566142] (px4_msgs) StdoutLine: {'line': b'-- Up-to-date: /home/mustardking/ws_sensor_combined/install/px4_msgs/local/lib/python3.10/dist-packages/px4_msgs/msg/_estimator_aid_source3d_s.c\n'}
[1.566164] (px4_msgs) StdoutLine: {'line': b'-- Up-to-date: /home/mustardking/ws_sensor_combined/install/px4_msgs/local/lib/python3.10/dist-packages/px4_msgs/msg/_vehicle_roi_s.c\n'}
[1.566186] (px4_msgs) StdoutLine: {'line': b'-- Up-to-date: /home/mustardking/ws_sensor_combined/install/px4_msgs/local/lib/python3.10/dist-packages/px4_msgs/msg/_rover_throttle_setpoint.py\n'}
[1.566208] (px4_msgs) StdoutLine: {'line': b'-- Up-to-date: /home/mustardking/ws_sensor_combined/install/px4_msgs/local/lib/python3.10/dist-packages/px4_msgs/msg/_landing_gear_s.c\n'}
[1.566231] (px4_msgs) StdoutLine: {'line': b'-- Up-to-date: /home/mustardking/ws_sensor_combined/install/px4_msgs/local/lib/python3.10/dist-packages/px4_msgs/msg/_actuator_controls_status.py\n'}
[1.566254] (px4_msgs) StdoutLine: {'line': b'-- Up-to-date: /home/mustardking/ws_sensor_combined/install/px4_msgs/local/lib/python3.10/dist-packages/px4_msgs/msg/_satellite_info.py\n'}
[1.566276] (px4_msgs) StdoutLine: {'line': b'-- Up-to-date: /home/mustardking/ws_sensor_combined/install/px4_msgs/local/lib/python3.10/dist-packages/px4_msgs/msg/_estimator_gps_status.py\n'}
[1.566298] (px4_msgs) StdoutLine: {'line': b'-- Up-to-date: /home/mustardking/ws_sensor_combined/install/px4_msgs/local/lib/python3.10/dist-packages/px4_msgs/msg/_mission.py\n'}
[1.566320] (px4_msgs) StdoutLine: {'line': b'-- Up-to-date: /home/mustardking/ws_sensor_combined/install/px4_msgs/local/lib/python3.10/dist-packages/px4_msgs/msg/_estimator_aid_source2d_s.c\n'}
[1.566342] (px4_msgs) StdoutLine: {'line': b'-- Up-to-date: /home/mustardking/ws_sensor_combined/install/px4_msgs/local/lib/python3.10/dist-packages/px4_msgs/msg/_sensor_gps_s.c\n'}
[1.566364] (px4_msgs) StdoutLine: {'line': b'-- Up-to-date: /home/mustardking/ws_sensor_combined/install/px4_msgs/local/lib/python3.10/dist-packages/px4_msgs/msg/_sensor_gyro_fifo.py\n'}
[1.566386] (px4_msgs) StdoutLine: {'line': b'-- Up-to-date: /home/mustardking/ws_sensor_combined/install/px4_msgs/local/lib/python3.10/dist-packages/px4_msgs/msg/_airspeed_wind.py\n'}
[1.566409] (px4_msgs) StdoutLine: {'line': b'-- Up-to-date: /home/mustardking/ws_sensor_combined/install/px4_msgs/local/lib/python3.10/dist-packages/px4_msgs/msg/_vehicle_imu_status.py\n'}
[1.566432] (px4_msgs) StdoutLine: {'line': b'-- Up-to-date: /home/mustardking/ws_sensor_combined/install/px4_msgs/local/lib/python3.10/dist-packages/px4_msgs/msg/_onboard_computer_status.py\n'}
[1.566454] (px4_msgs) StdoutLine: {'line': b'-- Up-to-date: /home/mustardking/ws_sensor_combined/install/px4_msgs/local/lib/python3.10/dist-packages/px4_msgs/msg/_vehicle_thrust_setpoint.py\n'}
[1.566476] (px4_msgs) StdoutLine: {'line': b'-- Up-to-date: /home/mustardking/ws_sensor_combined/install/px4_msgs/local/lib/python3.10/dist-packages/px4_msgs/msg/_tune_control_s.c\n'}
[1.566499] (px4_msgs) StdoutLine: {'line': b'-- Up-to-date: /home/mustardking/ws_sensor_combined/install/px4_msgs/local/lib/python3.10/dist-packages/px4_msgs/msg/_fixed_wing_runway_control_s.c\n'}
[1.566521] (px4_msgs) StdoutLine: {'line': b'-- Up-to-date: /home/mustardking/ws_sensor_combined/install/px4_msgs/local/lib/python3.10/dist-packages/px4_msgs/msg/_debug_array.py\n'}
[1.566543] (px4_msgs) StdoutLine: {'line': b'-- Up-to-date: /home/mustardking/ws_sensor_combined/install/px4_msgs/local/lib/python3.10/dist-packages/px4_msgs/msg/_fixed_wing_lateral_setpoint_s.c\n'}
[1.566565] (px4_msgs) StdoutLine: {'line': b'-- Up-to-date: /home/mustardking/ws_sensor_combined/install/px4_msgs/local/lib/python3.10/dist-packages/px4_msgs/msg/_gpio_request.py\n'}
[1.566587] (px4_msgs) StdoutLine: {'line': b'-- Up-to-date: /home/mustardking/ws_sensor_combined/install/px4_msgs/local/lib/python3.10/dist-packages/px4_msgs/msg/_internal_combustion_engine_status_s.c\n'}
[1.566610] (px4_msgs) StdoutLine: {'line': b'-- Up-to-date: /home/mustardking/ws_sensor_combined/install/px4_msgs/local/lib/python3.10/dist-packages/px4_msgs/msg/_differential_pressure.py\n'}
[1.566632] (px4_msgs) StdoutLine: {'line': b'-- Up-to-date: /home/mustardking/ws_sensor_combined/install/px4_msgs/local/lib/python3.10/dist-packages/px4_msgs/msg/_orb_test_large.py\n'}
[1.566653] (px4_msgs) StdoutLine: {'line': b'-- Up-to-date: /home/mustardking/ws_sensor_combined/install/px4_msgs/local/lib/python3.10/dist-packages/px4_msgs/msg/_rover_speed_status.py\n'}
[1.566675] (px4_msgs) StdoutLine: {'line': b'-- Up-to-date: /home/mustardking/ws_sensor_combined/install/px4_msgs/local/lib/python3.10/dist-packages/px4_msgs/msg/_actuator_test_s.c\n'}
[1.566697] (px4_msgs) StdoutLine: {'line': b'-- Up-to-date: /home/mustardking/ws_sensor_combined/install/px4_msgs/local/lib/python3.10/dist-packages/px4_msgs/msg/_cellular_status_s.c\n'}
[1.566721] (px4_msgs) StdoutLine: {'line': b'-- Up-to-date: /home/mustardking/ws_sensor_combined/install/px4_msgs/local/lib/python3.10/dist-packages/px4_msgs/msg/_distance_sensor.py\n'}
[1.566743] (px4_msgs) StdoutLine: {'line': b'-- Up-to-date: /home/mustardking/ws_sensor_combined/install/px4_msgs/local/lib/python3.10/dist-packages/px4_msgs/msg/_collision_constraints.py\n'}
[1.566765] (px4_msgs) StdoutLine: {'line': b'-- Up-to-date: /home/mustardking/ws_sensor_combined/install/px4_msgs/local/lib/python3.10/dist-packages/px4_msgs/msg/_sensor_preflight_mag_s.c\n'}
[1.566789] (px4_msgs) StdoutLine: {'line': b'-- Up-to-date: /home/mustardking/ws_sensor_combined/install/px4_msgs/local/lib/python3.10/dist-packages/px4_msgs/msg/_airspeed.py\n'}
[1.566811] (px4_msgs) StdoutLine: {'line': b'-- Up-to-date: /home/mustardking/ws_sensor_combined/install/px4_msgs/local/lib/python3.10/dist-packages/px4_msgs/msg/_gpio_request_s.c\n'}
[1.566832] (px4_msgs) StdoutLine: {'line': b'-- Up-to-date: /home/mustardking/ws_sensor_combined/install/px4_msgs/local/lib/python3.10/dist-packages/px4_msgs/msg/_irlock_report.py\n'}
[1.566854] (px4_msgs) StdoutLine: {'line': b'-- Up-to-date: /home/mustardking/ws_sensor_combined/install/px4_msgs/local/lib/python3.10/dist-packages/px4_msgs/msg/_debug_vect_s.c\n'}
[1.566877] (px4_msgs) StdoutLine: {'line': b'-- Up-to-date: /home/mustardking/ws_sensor_combined/install/px4_msgs/local/lib/python3.10/dist-packages/px4_msgs/msg/_failure_detector_status.py\n'}
[1.566899] (px4_msgs) StdoutLine: {'line': b'-- Up-to-date: /home/mustardking/ws_sensor_combined/install/px4_msgs/local/lib/python3.10/dist-packages/px4_msgs/msg/_rpm_s.c\n'}
[1.566920] (px4_msgs) StdoutLine: {'line': b'-- Up-to-date: /home/mustardking/ws_sensor_combined/install/px4_msgs/local/lib/python3.10/dist-packages/px4_msgs/msg/_estimator_event_flags_s.c\n'}
[1.566943] (px4_msgs) StdoutLine: {'line': b'-- Up-to-date: /home/mustardking/ws_sensor_combined/install/px4_msgs/local/lib/python3.10/dist-packages/px4_msgs/msg/_dataman_response.py\n'}
[1.566964] (px4_msgs) StdoutLine: {'line': b'-- Up-to-date: /home/mustardking/ws_sensor_combined/install/px4_msgs/local/lib/python3.10/dist-packages/px4_msgs/msg/_vehicle_torque_setpoint_s.c\n'}
[1.566986] (px4_msgs) StdoutLine: {'line': b'-- Up-to-date: /home/mustardking/ws_sensor_combined/install/px4_msgs/local/lib/python3.10/dist-packages/px4_msgs/msg/_action_request.py\n'}
[1.567008] (px4_msgs) StdoutLine: {'line': b'-- Up-to-date: /home/mustardking/ws_sensor_combined/install/px4_msgs/local/lib/python3.10/dist-packages/px4_msgs/msg/_launch_detection_status.py\n'}
[1.567032] (px4_msgs) StdoutLine: {'line': b'-- Up-to-date: /home/mustardking/ws_sensor_combined/install/px4_msgs/local/lib/python3.10/dist-packages/px4_msgs/msg/_hover_thrust_estimate_s.c\n'}
[1.567054] (px4_msgs) StdoutLine: {'line': b'-- Up-to-date: /home/mustardking/ws_sensor_combined/install/px4_msgs/local/lib/python3.10/dist-packages/px4_msgs/msg/_gps_dump.py\n'}
[1.567076] (px4_msgs) StdoutLine: {'line': b'-- Up-to-date: /home/mustardking/ws_sensor_combined/install/px4_msgs/local/lib/python3.10/dist-packages/px4_msgs/msg/_sensor_gps.py\n'}
[1.567098] (px4_msgs) StdoutLine: {'line': b'-- Up-to-date: /home/mustardking/ws_sensor_combined/install/px4_msgs/local/lib/python3.10/dist-packages/px4_msgs/msg/_unregister_ext_component_s.c\n'}
[1.567120] (px4_msgs) StdoutLine: {'line': b'-- Up-to-date: /home/mustardking/ws_sensor_combined/install/px4_msgs/local/lib/python3.10/dist-packages/px4_msgs/msg/_sensor_airflow_s.c\n'}
[1.567142] (px4_msgs) StdoutLine: {'line': b'-- Up-to-date: /home/mustardking/ws_sensor_combined/install/px4_msgs/local/lib/python3.10/dist-packages/px4_msgs/msg/_vehicle_command_s.c\n'}
[1.567164] (px4_msgs) StdoutLine: {'line': b'-- Up-to-date: /home/mustardking/ws_sensor_combined/install/px4_msgs/local/lib/python3.10/dist-packages/px4_msgs/msg/_distance_sensor_mode_change_request.py\n'}
[1.567186] (px4_msgs) StdoutLine: {'line': b'-- Up-to-date: /home/mustardking/ws_sensor_combined/install/px4_msgs/local/lib/python3.10/dist-packages/px4_msgs/msg/_gpio_out_s.c\n'}
[1.567209] (px4_msgs) StdoutLine: {'line': b'-- Up-to-date: /home/mustardking/ws_sensor_combined/install/px4_msgs/local/lib/python3.10/dist-packages/px4_msgs/msg/_dataman_request_s.c\n'}
[1.567231] (px4_msgs) StdoutLine: {'line': b'-- Up-to-date: /home/mustardking/ws_sensor_combined/install/px4_msgs/local/lib/python3.10/dist-packages/px4_msgs/msg/_parameter_update.py\n'}
[1.567253] (px4_msgs) StdoutLine: {'line': b'-- Up-to-date: /home/mustardking/ws_sensor_combined/install/px4_msgs/local/lib/python3.10/dist-packages/px4_msgs/msg/_distance_sensor_mode_change_request_s.c\n'}
[1.567325] (px4_msgs) StdoutLine: {'line': b'-- Up-to-date: /home/mustardking/ws_sensor_combined/install/px4_msgs/local/lib/python3.10/dist-packages/px4_msgs/msg/_estimator_bias3d.py\n'}
[1.567363] (px4_msgs) StdoutLine: {'line': b'-- Up-to-date: /home/mustardking/ws_sensor_combined/install/px4_msgs/local/lib/python3.10/dist-packages/px4_msgs/msg/_vehicle_odometry_s.c\n'}
[1.567386] (px4_msgs) StdoutLine: {'line': b'-- Up-to-date: /home/mustardking/ws_sensor_combined/install/px4_msgs/local/lib/python3.10/dist-packages/px4_msgs/msg/_sensor_correction.py\n'}
[1.567409] (px4_msgs) StdoutLine: {'line': b'-- Up-to-date: /home/mustardking/ws_sensor_combined/install/px4_msgs/local/lib/python3.10/dist-packages/px4_msgs/msg/_vehicle_magnetometer.py\n'}
[1.567431] (px4_msgs) StdoutLine: {'line': b'-- Up-to-date: /home/mustardking/ws_sensor_combined/install/px4_msgs/local/lib/python3.10/dist-packages/px4_msgs/msg/_ping_s.c\n'}
[1.567455] (px4_msgs) StdoutLine: {'line': b'-- Up-to-date: /home/mustardking/ws_sensor_combined/install/px4_msgs/local/lib/python3.10/dist-packages/px4_msgs/msg/_ulog_stream.py\n'}
[1.567479] (px4_msgs) StdoutLine: {'line': b'-- Up-to-date: /home/mustardking/ws_sensor_combined/install/px4_msgs/local/lib/python3.10/dist-packages/px4_msgs/__init__.py\n'}
[1.567501] (px4_msgs) StdoutLine: {'line': b'-- Up-to-date: /home/mustardking/ws_sensor_combined/install/px4_msgs/local/lib/python3.10/dist-packages/px4_msgs/_px4_msgs_s.ep.rosidl_typesupport_c.c\n'}
[1.567526] (px4_msgs) StdoutLine: {'line': b'-- Up-to-date: /home/mustardking/ws_sensor_combined/install/px4_msgs/local/lib/python3.10/dist-packages/px4_msgs/libpx4_msgs__rosidl_generator_py.so\n'}
[1.567549] (px4_msgs) StdoutLine: {'line': b'-- Up-to-date: /home/mustardking/ws_sensor_combined/install/px4_msgs/local/lib/python3.10/dist-packages/px4_msgs/px4_msgs_s__rosidl_typesupport_fastrtps_c.cpython-310-aarch64-linux-gnu.so\n'}
[1.567571] (px4_msgs) StdoutLine: {'line': b'-- Up-to-date: /home/mustardking/ws_sensor_combined/install/px4_msgs/local/lib/python3.10/dist-packages/px4_msgs/px4_msgs_s__rosidl_typesupport_c.cpython-310-aarch64-linux-gnu.so\n'}
[1.584038] (px4_msgs) StdoutLine: {'line': b"Listing '/home/mustardking/ws_sensor_combined/install/px4_msgs/local/lib/python3.10/dist-packages/px4_msgs'...\n"}
[1.584102] (px4_msgs) StdoutLine: {'line': b"Listing '/home/mustardking/ws_sensor_combined/install/px4_msgs/local/lib/python3.10/dist-packages/px4_msgs/msg'...\n"}
[1.584129] (px4_msgs) StdoutLine: {'line': b"Listing '/home/mustardking/ws_sensor_combined/install/px4_msgs/local/lib/python3.10/dist-packages/px4_msgs/srv'...\n"}
[1.588206] (px4_msgs) StdoutLine: {'line': b'-- Up-to-date: /home/mustardking/ws_sensor_combined/install/px4_msgs/local/lib/python3.10/dist-packages/px4_msgs/px4_msgs_s__rosidl_typesupport_fastrtps_c.cpython-310-aarch64-linux-gnu.so\n'}
[1.589419] (px4_msgs) StdoutLine: {'line': b'-- Up-to-date: /home/mustardking/ws_sensor_combined/install/px4_msgs/local/lib/python3.10/dist-packages/px4_msgs/px4_msgs_s__rosidl_typesupport_introspection_c.cpython-310-aarch64-linux-gnu.so\n'}
[1.590824] (px4_msgs) StdoutLine: {'line': b'-- Up-to-date: /home/mustardking/ws_sensor_combined/install/px4_msgs/local/lib/python3.10/dist-packages/px4_msgs/px4_msgs_s__rosidl_typesupport_c.cpython-310-aarch64-linux-gnu.so\n'}
[1.603446] (px4_msgs) StdoutLine: {'line': b'-- Up-to-date: /home/mustardking/ws_sensor_combined/install/px4_msgs/lib/libpx4_msgs__rosidl_generator_py.so\n'}
[1.603515] (px4_msgs) StdoutLine: {'line': b'-- Up-to-date: /home/mustardking/ws_sensor_combined/install/px4_msgs/share/px4_msgs/msg/ActionRequest.idl\n'}
[1.603551] (px4_msgs) StdoutLine: {'line': b'-- Up-to-date: /home/mustardking/ws_sensor_combined/install/px4_msgs/share/px4_msgs/msg/ActuatorArmed.idl\n'}
[1.603600] (px4_msgs) StdoutLine: {'line': b'-- Up-to-date: /home/mustardking/ws_sensor_combined/install/px4_msgs/share/px4_msgs/msg/ActuatorControlsStatus.idl\n'}
[1.603624] (px4_msgs) StdoutLine: {'line': b'-- Up-to-date: /home/mustardking/ws_sensor_combined/install/px4_msgs/share/px4_msgs/msg/ActuatorMotors.idl\n'}
[1.603647] (px4_msgs) StdoutLine: {'line': b'-- Up-to-date: /home/mustardking/ws_sensor_combined/install/px4_msgs/share/px4_msgs/msg/ActuatorOutputs.idl\n'}
[1.603670] (px4_msgs) StdoutLine: {'line': b'-- Up-to-date: /home/mustardking/ws_sensor_combined/install/px4_msgs/share/px4_msgs/msg/ActuatorServos.idl\n'}
[1.603693] (px4_msgs) StdoutLine: {'line': b'-- Up-to-date: /home/mustardking/ws_sensor_combined/install/px4_msgs/share/px4_msgs/msg/ActuatorServosTrim.idl\n'}
[1.603736] (px4_msgs) StdoutLine: {'line': b'-- Up-to-date: /home/mustardking/ws_sensor_combined/install/px4_msgs/share/px4_msgs/msg/ActuatorTest.idl\n'}
[1.603759] (px4_msgs) StdoutLine: {'line': b'-- Up-to-date: /home/mustardking/ws_sensor_combined/install/px4_msgs/share/px4_msgs/msg/AdcReport.idl\n'}
[1.603782] (px4_msgs) StdoutLine: {'line': b'-- Up-to-date: /home/mustardking/ws_sensor_combined/install/px4_msgs/share/px4_msgs/msg/Airspeed.idl\n'}
[1.603804] (px4_msgs) StdoutLine: {'line': b'-- Up-to-date: /home/mustardking/ws_sensor_combined/install/px4_msgs/share/px4_msgs/msg/AirspeedValidated.idl\n'}
[1.603826] (px4_msgs) StdoutLine: {'line': b'-- Up-to-date: /home/mustardking/ws_sensor_combined/install/px4_msgs/share/px4_msgs/msg/AirspeedWind.idl\n'}
[1.603848] (px4_msgs) StdoutLine: {'line': b'-- Up-to-date: /home/mustardking/ws_sensor_combined/install/px4_msgs/share/px4_msgs/msg/ArmingCheckReply.idl\n'}
[1.603871] (px4_msgs) StdoutLine: {'line': b'-- Up-to-date: /home/mustardking/ws_sensor_combined/install/px4_msgs/share/px4_msgs/msg/ArmingCheckRequest.idl\n'}
[1.603893] (px4_msgs) StdoutLine: {'line': b'-- Up-to-date: /home/mustardking/ws_sensor_combined/install/px4_msgs/share/px4_msgs/msg/AutotuneAttitudeControlStatus.idl\n'}
[1.603973] (px4_msgs) StdoutLine: {'line': b'-- Up-to-date: /home/mustardking/ws_sensor_combined/install/px4_msgs/share/px4_msgs/msg/BatteryInfo.idl\n'}
[1.604006] (px4_msgs) StdoutLine: {'line': b'-- Up-to-date: /home/mustardking/ws_sensor_combined/install/px4_msgs/share/px4_msgs/msg/BatteryStatus.idl\n'}
[1.604062] (px4_msgs) StdoutLine: {'line': b'-- Up-to-date: /home/mustardking/ws_sensor_combined/install/px4_msgs/share/px4_msgs/msg/ButtonEvent.idl\n'}
[1.604087] (px4_msgs) StdoutLine: {'line': b'-- Up-to-date: /home/mustardking/ws_sensor_combined/install/px4_msgs/share/px4_msgs/msg/CameraCapture.idl\n'}
[1.604111] (px4_msgs) StdoutLine: {'line': b'-- Up-to-date: /home/mustardking/ws_sensor_combined/install/px4_msgs/share/px4_msgs/msg/CameraStatus.idl\n'}
[1.604134] (px4_msgs) StdoutLine: {'line': b'-- Up-to-date: /home/mustardking/ws_sensor_combined/install/px4_msgs/share/px4_msgs/msg/CameraTrigger.idl\n'}
[1.604157] (px4_msgs) StdoutLine: {'line': b'-- Up-to-date: /home/mustardking/ws_sensor_combined/install/px4_msgs/share/px4_msgs/msg/CanInterfaceStatus.idl\n'}
[1.604205] (px4_msgs) StdoutLine: {'line': b'-- Up-to-date: /home/mustardking/ws_sensor_combined/install/px4_msgs/share/px4_msgs/msg/CellularStatus.idl\n'}
[1.604230] (px4_msgs) StdoutLine: {'line': b'-- Up-to-date: /home/mustardking/ws_sensor_combined/install/px4_msgs/share/px4_msgs/msg/CollisionConstraints.idl\n'}
[1.604257] (px4_msgs) StdoutLine: {'line': b'-- Up-to-date: /home/mustardking/ws_sensor_combined/install/px4_msgs/share/px4_msgs/msg/ConfigOverrides.idl\n'}
[1.604280] (px4_msgs) StdoutLine: {'line': b'-- Up-to-date: /home/mustardking/ws_sensor_combined/install/px4_msgs/share/px4_msgs/msg/ControlAllocatorStatus.idl\n'}
[1.604323] (px4_msgs) StdoutLine: {'line': b'-- Up-to-date: /home/mustardking/ws_sensor_combined/install/px4_msgs/share/px4_msgs/msg/Cpuload.idl\n'}
[1.604346] (px4_msgs) StdoutLine: {'line': b'-- Up-to-date: /home/mustardking/ws_sensor_combined/install/px4_msgs/share/px4_msgs/msg/DatamanRequest.idl\n'}
[1.604369] (px4_msgs) StdoutLine: {'line': b'-- Up-to-date: /home/mustardking/ws_sensor_combined/install/px4_msgs/share/px4_msgs/msg/DatamanResponse.idl\n'}
[1.604392] (px4_msgs) StdoutLine: {'line': b'-- Up-to-date: /home/mustardking/ws_sensor_combined/install/px4_msgs/share/px4_msgs/msg/DebugArray.idl\n'}
[1.604415] (px4_msgs) StdoutLine: {'line': b'-- Up-to-date: /home/mustardking/ws_sensor_combined/install/px4_msgs/share/px4_msgs/msg/DebugKeyValue.idl\n'}
[1.604454] (px4_msgs) StdoutLine: {'line': b'-- Up-to-date: /home/mustardking/ws_sensor_combined/install/px4_msgs/share/px4_msgs/msg/DebugValue.idl\n'}
[1.604505] (px4_msgs) StdoutLine: {'line': b'-- Up-to-date: /home/mustardking/ws_sensor_combined/install/px4_msgs/share/px4_msgs/msg/DebugVect.idl\n'}
[1.604530] (px4_msgs) StdoutLine: {'line': b'-- Up-to-date: /home/mustardking/ws_sensor_combined/install/px4_msgs/share/px4_msgs/msg/DifferentialPressure.idl\n'}
[1.604553] (px4_msgs) StdoutLine: {'line': b'-- Up-to-date: /home/mustardking/ws_sensor_combined/install/px4_msgs/share/px4_msgs/msg/DistanceSensor.idl\n'}
[1.604629] (px4_msgs) StdoutLine: {'line': b'-- Up-to-date: /home/mustardking/ws_sensor_combined/install/px4_msgs/share/px4_msgs/msg/DistanceSensorModeChangeRequest.idl\n'}
[1.604654] (px4_msgs) StdoutLine: {'line': b'-- Up-to-date: /home/mustardking/ws_sensor_combined/install/px4_msgs/share/px4_msgs/msg/DronecanNodeStatus.idl\n'}
[1.604677] (px4_msgs) StdoutLine: {'line': b'-- Up-to-date: /home/mustardking/ws_sensor_combined/install/px4_msgs/share/px4_msgs/msg/Ekf2Timestamps.idl\n'}
[1.604699] (px4_msgs) StdoutLine: {'line': b'-- Up-to-date: /home/mustardking/ws_sensor_combined/install/px4_msgs/share/px4_msgs/msg/EscReport.idl\n'}
[1.604729] (px4_msgs) StdoutLine: {'line': b'-- Up-to-date: /home/mustardking/ws_sensor_combined/install/px4_msgs/share/px4_msgs/msg/EscStatus.idl\n'}
[1.604782] (px4_msgs) StdoutLine: {'line': b'-- Up-to-date: /home/mustardking/ws_sensor_combined/install/px4_msgs/share/px4_msgs/msg/EstimatorAidSource1d.idl\n'}
[1.604806] (px4_msgs) StdoutLine: {'line': b'-- Up-to-date: /home/mustardking/ws_sensor_combined/install/px4_msgs/share/px4_msgs/msg/EstimatorAidSource2d.idl\n'}
[1.604828] (px4_msgs) StdoutLine: {'line': b'-- Up-to-date: /home/mustardking/ws_sensor_combined/install/px4_msgs/share/px4_msgs/msg/EstimatorAidSource3d.idl\n'}
[1.604862] (px4_msgs) StdoutLine: {'line': b'-- Up-to-date: /home/mustardking/ws_sensor_combined/install/px4_msgs/share/px4_msgs/msg/EstimatorBias.idl\n'}
[1.604917] (px4_msgs) StdoutLine: {'line': b'-- Up-to-date: /home/mustardking/ws_sensor_combined/install/px4_msgs/share/px4_msgs/msg/EstimatorBias3d.idl\n'}
[1.604941] (px4_msgs) StdoutLine: {'line': b'-- Up-to-date: /home/mustardking/ws_sensor_combined/install/px4_msgs/share/px4_msgs/msg/EstimatorEventFlags.idl\n'}
[1.604966] (px4_msgs) StdoutLine: {'line': b'-- Up-to-date: /home/mustardking/ws_sensor_combined/install/px4_msgs/share/px4_msgs/msg/EstimatorGpsStatus.idl\n'}
[1.605002] (px4_msgs) StdoutLine: {'line': b'-- Up-to-date: /home/mustardking/ws_sensor_combined/install/px4_msgs/share/px4_msgs/msg/EstimatorInnovations.idl\n'}
[1.605041] (px4_msgs) StdoutLine: {'line': b'-- Up-to-date: /home/mustardking/ws_sensor_combined/install/px4_msgs/share/px4_msgs/msg/EstimatorSelectorStatus.idl\n'}
[1.605090] (px4_msgs) StdoutLine: {'line': b'-- Up-to-date: /home/mustardking/ws_sensor_combined/install/px4_msgs/share/px4_msgs/msg/EstimatorSensorBias.idl\n'}
[1.605112] (px4_msgs) StdoutLine: {'line': b'-- Up-to-date: /home/mustardking/ws_sensor_combined/install/px4_msgs/share/px4_msgs/msg/EstimatorStates.idl\n'}
[1.605164] (px4_msgs) StdoutLine: {'line': b'-- Up-to-date: /home/mustardking/ws_sensor_combined/install/px4_msgs/share/px4_msgs/msg/EstimatorStatus.idl\n'}
[1.605189] (px4_msgs) StdoutLine: {'line': b'-- Up-to-date: /home/mustardking/ws_sensor_combined/install/px4_msgs/share/px4_msgs/msg/EstimatorStatusFlags.idl\n'}
[1.605211] (px4_msgs) StdoutLine: {'line': b'-- Up-to-date: /home/mustardking/ws_sensor_combined/install/px4_msgs/share/px4_msgs/msg/Event.idl\n'}
[1.605234] (px4_msgs) StdoutLine: {'line': b'-- Up-to-date: /home/mustardking/ws_sensor_combined/install/px4_msgs/share/px4_msgs/msg/FailsafeFlags.idl\n'}
[1.605256] (px4_msgs) StdoutLine: {'line': b'-- Up-to-date: /home/mustardking/ws_sensor_combined/install/px4_msgs/share/px4_msgs/msg/FailureDetectorStatus.idl\n'}
[1.605297] (px4_msgs) StdoutLine: {'line': b'-- Up-to-date: /home/mustardking/ws_sensor_combined/install/px4_msgs/share/px4_msgs/msg/FigureEightStatus.idl\n'}
[1.605352] (px4_msgs) StdoutLine: {'line': b'-- Up-to-date: /home/mustardking/ws_sensor_combined/install/px4_msgs/share/px4_msgs/msg/FixedWingLateralGuidanceStatus.idl\n'}
[1.605375] (px4_msgs) StdoutLine: {'line': b'-- Up-to-date: /home/mustardking/ws_sensor_combined/install/px4_msgs/share/px4_msgs/msg/FixedWingLateralSetpoint.idl\n'}
[1.605415] (px4_msgs) StdoutLine: {'line': b'-- Up-to-date: /home/mustardking/ws_sensor_combined/install/px4_msgs/share/px4_msgs/msg/FixedWingLateralStatus.idl\n'}
[1.605476] (px4_msgs) StdoutLine: {'line': b'-- Up-to-date: /home/mustardking/ws_sensor_combined/install/px4_msgs/share/px4_msgs/msg/FixedWingLongitudinalSetpoint.idl\n'}
[1.605516] (px4_msgs) StdoutLine: {'line': b'-- Up-to-date: /home/mustardking/ws_sensor_combined/install/px4_msgs/share/px4_msgs/msg/FixedWingRunwayControl.idl\n'}
[1.605579] (px4_msgs) StdoutLine: {'line': b'-- Up-to-date: /home/mustardking/ws_sensor_combined/install/px4_msgs/share/px4_msgs/msg/FlightPhaseEstimation.idl\n'}
[1.605607] (px4_msgs) StdoutLine: {'line': b'-- Up-to-date: /home/mustardking/ws_sensor_combined/install/px4_msgs/share/px4_msgs/msg/FollowTarget.idl\n'}
[1.605732] (px4_msgs) StdoutLine: {'line': b'-- Up-to-date: /home/mustardking/ws_sensor_combined/install/px4_msgs/share/px4_msgs/msg/FollowTargetEstimator.idl\n'}
[1.605779] (px4_msgs) StdoutLine: {'line': b'-- Up-to-date: /home/mustardking/ws_sensor_combined/install/px4_msgs/share/px4_msgs/msg/FollowTargetStatus.idl\n'}
[1.605831] (px4_msgs) StdoutLine: {'line': b'-- Up-to-date: /home/mustardking/ws_sensor_combined/install/px4_msgs/share/px4_msgs/msg/FuelTankStatus.idl\n'}
[1.605876] (px4_msgs) StdoutLine: {'line': b'-- Up-to-date: /home/mustardking/ws_sensor_combined/install/px4_msgs/share/px4_msgs/msg/GeneratorStatus.idl\n'}
[1.605899] (px4_msgs) StdoutLine: {'line': b'-- Up-to-date: /home/mustardking/ws_sensor_combined/install/px4_msgs/share/px4_msgs/msg/GeofenceResult.idl\n'}
[1.605921] (px4_msgs) StdoutLine: {'line': b'-- Up-to-date: /home/mustardking/ws_sensor_combined/install/px4_msgs/share/px4_msgs/msg/GeofenceStatus.idl\n'}
[1.605942] (px4_msgs) StdoutLine: {'line': b'-- Up-to-date: /home/mustardking/ws_sensor_combined/install/px4_msgs/share/px4_msgs/msg/GimbalControls.idl\n'}
[1.605965] (px4_msgs) StdoutLine: {'line': b'-- Up-to-date: /home/mustardking/ws_sensor_combined/install/px4_msgs/share/px4_msgs/msg/GimbalDeviceAttitudeStatus.idl\n'}
[1.605987] (px4_msgs) StdoutLine: {'line': b'-- Up-to-date: /home/mustardking/ws_sensor_combined/install/px4_msgs/share/px4_msgs/msg/GimbalDeviceInformation.idl\n'}
[1.606009] (px4_msgs) StdoutLine: {'line': b'-- Up-to-date: /home/mustardking/ws_sensor_combined/install/px4_msgs/share/px4_msgs/msg/GimbalDeviceSetAttitude.idl\n'}
[1.606048] (px4_msgs) StdoutLine: {'line': b'-- Up-to-date: /home/mustardking/ws_sensor_combined/install/px4_msgs/share/px4_msgs/msg/GimbalManagerInformation.idl\n'}
[1.606092] (px4_msgs) StdoutLine: {'line': b'-- Up-to-date: /home/mustardking/ws_sensor_combined/install/px4_msgs/share/px4_msgs/msg/GimbalManagerSetAttitude.idl\n'}
[1.606152] (px4_msgs) StdoutLine: {'line': b'-- Up-to-date: /home/mustardking/ws_sensor_combined/install/px4_msgs/share/px4_msgs/msg/GimbalManagerSetManualControl.idl\n'}
[1.606176] (px4_msgs) StdoutLine: {'line': b'-- Up-to-date: /home/mustardking/ws_sensor_combined/install/px4_msgs/share/px4_msgs/msg/GimbalManagerStatus.idl\n'}
[1.606198] (px4_msgs) StdoutLine: {'line': b'-- Up-to-date: /home/mustardking/ws_sensor_combined/install/px4_msgs/share/px4_msgs/msg/GotoSetpoint.idl\n'}
[1.606223] (px4_msgs) StdoutLine: {'line': b'-- Up-to-date: /home/mustardking/ws_sensor_combined/install/px4_msgs/share/px4_msgs/msg/GpioConfig.idl\n'}
[1.606245] (px4_msgs) StdoutLine: {'line': b'-- Up-to-date: /home/mustardking/ws_sensor_combined/install/px4_msgs/share/px4_msgs/msg/GpioIn.idl\n'}
[1.606267] (px4_msgs) StdoutLine: {'line': b'-- Up-to-date: /home/mustardking/ws_sensor_combined/install/px4_msgs/share/px4_msgs/msg/GpioOut.idl\n'}
[1.606289] (px4_msgs) StdoutLine: {'line': b'-- Up-to-date: /home/mustardking/ws_sensor_combined/install/px4_msgs/share/px4_msgs/msg/GpioRequest.idl\n'}
[1.606327] (px4_msgs) StdoutLine: {'line': b'-- Up-to-date: /home/mustardking/ws_sensor_combined/install/px4_msgs/share/px4_msgs/msg/GpsDump.idl\n'}
[1.606349] (px4_msgs) StdoutLine: {'line': b'-- Up-to-date: /home/mustardking/ws_sensor_combined/install/px4_msgs/share/px4_msgs/msg/GpsInjectData.idl\n'}
[1.606371] (px4_msgs) StdoutLine: {'line': b'-- Up-to-date: /home/mustardking/ws_sensor_combined/install/px4_msgs/share/px4_msgs/msg/Gripper.idl\n'}
[1.606393] (px4_msgs) StdoutLine: {'line': b'-- Up-to-date: /home/mustardking/ws_sensor_combined/install/px4_msgs/share/px4_msgs/msg/HealthReport.idl\n'}
[1.606423] (px4_msgs) StdoutLine: {'line': b'-- Up-to-date: /home/mustardking/ws_sensor_combined/install/px4_msgs/share/px4_msgs/msg/HeaterStatus.idl\n'}
[1.606607] (px4_msgs) StdoutLine: {'line': b'-- Up-to-date: /home/mustardking/ws_sensor_combined/install/px4_msgs/share/px4_msgs/msg/HomePosition.idl\n'}
[1.606654] (px4_msgs) StdoutLine: {'line': b'-- Up-to-date: /home/mustardking/ws_sensor_combined/install/px4_msgs/share/px4_msgs/msg/HoverThrustEstimate.idl\n'}
[1.606679] (px4_msgs) StdoutLine: {'line': b'-- Up-to-date: /home/mustardking/ws_sensor_combined/install/px4_msgs/share/px4_msgs/msg/InputRc.idl\n'}
[1.606858] (px4_msgs) StdoutLine: {'line': b'-- Up-to-date: /home/mustardking/ws_sensor_combined/install/px4_msgs/share/px4_msgs/msg/InternalCombustionEngineControl.idl\n'}
[1.606911] (px4_msgs) StdoutLine: {'line': b'-- Up-to-date: /home/mustardking/ws_sensor_combined/install/px4_msgs/share/px4_msgs/msg/InternalCombustionEngineStatus.idl\n'}
[1.607041] (px4_msgs) StdoutLine: {'line': b'-- Up-to-date: /home/mustardking/ws_sensor_combined/install/px4_msgs/share/px4_msgs/msg/IridiumsbdStatus.idl\n'}
[1.607179] (px4_msgs) StdoutLine: {'line': b'-- Up-to-date: /home/mustardking/ws_sensor_combined/install/px4_msgs/share/px4_msgs/msg/IrlockReport.idl\n'}
[1.607354] (px4_msgs) StdoutLine: {'line': b'-- Up-to-date: /home/mustardking/ws_sensor_combined/install/px4_msgs/share/px4_msgs/msg/LandingGear.idl\n'}
[1.607559] (px4_msgs) StdoutLine: {'line': b'-- Up-to-date: /home/mustardking/ws_sensor_combined/install/px4_msgs/share/px4_msgs/msg/LandingGearWheel.idl\n'}
[1.607677] (px4_msgs) StdoutLine: {'line': b'-- Up-to-date: /home/mustardking/ws_sensor_combined/install/px4_msgs/share/px4_msgs/msg/LandingTargetInnovations.idl\n'}
[1.607836] (px4_msgs) StdoutLine: {'line': b'-- Up-to-date: /home/mustardking/ws_sensor_combined/install/px4_msgs/share/px4_msgs/msg/LandingTargetPose.idl\n'}
[1.607957] (px4_msgs) StdoutLine: {'line': b'-- Up-to-date: /home/mustardking/ws_sensor_combined/install/px4_msgs/share/px4_msgs/msg/LateralControlConfiguration.idl\n'}
[1.608111] (px4_msgs) StdoutLine: {'line': b'-- Up-to-date: /home/mustardking/ws_sensor_combined/install/px4_msgs/share/px4_msgs/msg/LaunchDetectionStatus.idl\n'}
[1.608236] (px4_msgs) StdoutLine: {'line': b'-- Up-to-date: /home/mustardking/ws_sensor_combined/install/px4_msgs/share/px4_msgs/msg/LedControl.idl\n'}
[1.608386] (px4_msgs) StdoutLine: {'line': b'-- Up-to-date: /home/mustardking/ws_sensor_combined/install/px4_msgs/share/px4_msgs/msg/LogMessage.idl\n'}
[1.608504] (px4_msgs) StdoutLine: {'line': b'-- Up-to-date: /home/mustardking/ws_sensor_combined/install/px4_msgs/share/px4_msgs/msg/LoggerStatus.idl\n'}
[1.608622] (px4_msgs) StdoutLine: {'line': b'-- Up-to-date: /home/mustardking/ws_sensor_combined/install/px4_msgs/share/px4_msgs/msg/LongitudinalControlConfiguration.idl\n'}
[1.608728] (px4_msgs) StdoutLine: {'line': b'-- Up-to-date: /home/mustardking/ws_sensor_combined/install/px4_msgs/share/px4_msgs/msg/MagWorkerData.idl\n'}
[1.608834] (px4_msgs) StdoutLine: {'line': b'-- Up-to-date: /home/mustardking/ws_sensor_combined/install/px4_msgs/share/px4_msgs/msg/MagnetometerBiasEstimate.idl\n'}
[1.608953] (px4_msgs) StdoutLine: {'line': b'-- Up-to-date: /home/mustardking/ws_sensor_combined/install/px4_msgs/share/px4_msgs/msg/ManualControlSetpoint.idl\n'}
[1.609109] (px4_msgs) StdoutLine: {'line': b'-- Up-to-date: /home/mustardking/ws_sensor_combined/install/px4_msgs/share/px4_msgs/msg/ManualControlSwitches.idl\n'}
[1.609226] (px4_msgs) StdoutLine: {'line': b'-- Up-to-date: /home/mustardking/ws_sensor_combined/install/px4_msgs/share/px4_msgs/msg/MavlinkLog.idl\n'}
[1.609381] (px4_msgs) StdoutLine: {'line': b'-- Up-to-date: /home/mustardking/ws_sensor_combined/install/px4_msgs/share/px4_msgs/msg/MavlinkTunnel.idl\n'}
[1.609500] (px4_msgs) StdoutLine: {'line': b'-- Up-to-date: /home/mustardking/ws_sensor_combined/install/px4_msgs/share/px4_msgs/msg/MessageFormatRequest.idl\n'}
[1.609657] (px4_msgs) StdoutLine: {'line': b'-- Up-to-date: /home/mustardking/ws_sensor_combined/install/px4_msgs/share/px4_msgs/msg/MessageFormatResponse.idl\n'}
[1.609779] (px4_msgs) StdoutLine: {'line': b'-- Up-to-date: /home/mustardking/ws_sensor_combined/install/px4_msgs/share/px4_msgs/msg/Mission.idl\n'}
[1.609927] (px4_msgs) StdoutLine: {'line': b'-- Up-to-date: /home/mustardking/ws_sensor_combined/install/px4_msgs/share/px4_msgs/msg/MissionResult.idl\n'}
[1.610045] (px4_msgs) StdoutLine: {'line': b'-- Up-to-date: /home/mustardking/ws_sensor_combined/install/px4_msgs/share/px4_msgs/msg/ModeCompleted.idl\n'}
[1.610198] (px4_msgs) StdoutLine: {'line': b'-- Up-to-date: /home/mustardking/ws_sensor_combined/install/px4_msgs/share/px4_msgs/msg/MountOrientation.idl\n'}
[1.610321] (px4_msgs) StdoutLine: {'line': b'-- Up-to-date: /home/mustardking/ws_sensor_combined/install/px4_msgs/share/px4_msgs/msg/NavigatorMissionItem.idl\n'}
[1.610481] (px4_msgs) StdoutLine: {'line': b'-- Up-to-date: /home/mustardking/ws_sensor_combined/install/px4_msgs/share/px4_msgs/msg/NavigatorStatus.idl\n'}
[1.610605] (px4_msgs) StdoutLine: {'line': b'-- Up-to-date: /home/mustardking/ws_sensor_combined/install/px4_msgs/share/px4_msgs/msg/NeuralControl.idl\n'}
[1.610754] (px4_msgs) StdoutLine: {'line': b'-- Up-to-date: /home/mustardking/ws_sensor_combined/install/px4_msgs/share/px4_msgs/msg/NormalizedUnsignedSetpoint.idl\n'}
[1.610873] (px4_msgs) StdoutLine: {'line': b'-- Up-to-date: /home/mustardking/ws_sensor_combined/install/px4_msgs/share/px4_msgs/msg/ObstacleDistance.idl\n'}
[1.611040] (px4_msgs) StdoutLine: {'line': b'-- Up-to-date: /home/mustardking/ws_sensor_combined/install/px4_msgs/share/px4_msgs/msg/OffboardControlMode.idl\n'}
[1.611159] (px4_msgs) StdoutLine: {'line': b'-- Up-to-date: /home/mustardking/ws_sensor_combined/install/px4_msgs/share/px4_msgs/msg/OnboardComputerStatus.idl\n'}
[1.611355] (px4_msgs) StdoutLine: {'line': b'-- Up-to-date: /home/mustardking/ws_sensor_combined/install/px4_msgs/share/px4_msgs/msg/OpenDroneIdArmStatus.idl\n'}
[1.611482] (px4_msgs) StdoutLine: {'line': b'-- Up-to-date: /home/mustardking/ws_sensor_combined/install/px4_msgs/share/px4_msgs/msg/OpenDroneIdOperatorId.idl\n'}
[1.611599] (px4_msgs) StdoutLine: {'line': b'-- Up-to-date: /home/mustardking/ws_sensor_combined/install/px4_msgs/share/px4_msgs/msg/OpenDroneIdSelfId.idl\n'}
[1.611705] (px4_msgs) StdoutLine: {'line': b'-- Up-to-date: /home/mustardking/ws_sensor_combined/install/px4_msgs/share/px4_msgs/msg/OpenDroneIdSystem.idl\n'}
[1.611819] (px4_msgs) StdoutLine: {'line': b'-- Up-to-date: /home/mustardking/ws_sensor_combined/install/px4_msgs/share/px4_msgs/msg/OrbTest.idl\n'}
[1.611936] (px4_msgs) StdoutLine: {'line': b'-- Up-to-date: /home/mustardking/ws_sensor_combined/install/px4_msgs/share/px4_msgs/msg/OrbTestLarge.idl\n'}
[1.612090] (px4_msgs) StdoutLine: {'line': b'-- Up-to-date: /home/mustardking/ws_sensor_combined/install/px4_msgs/share/px4_msgs/msg/OrbTestMedium.idl\n'}
[1.612211] (px4_msgs) StdoutLine: {'line': b'-- Up-to-date: /home/mustardking/ws_sensor_combined/install/px4_msgs/share/px4_msgs/msg/OrbitStatus.idl\n'}
[1.612364] (px4_msgs) StdoutLine: {'line': b'-- Up-to-date: /home/mustardking/ws_sensor_combined/install/px4_msgs/share/px4_msgs/msg/ParameterResetRequest.idl\n'}
[1.612483] (px4_msgs) StdoutLine: {'line': b'-- Up-to-date: /home/mustardking/ws_sensor_combined/install/px4_msgs/share/px4_msgs/msg/ParameterSetUsedRequest.idl\n'}
[1.612644] (px4_msgs) StdoutLine: {'line': b'-- Up-to-date: /home/mustardking/ws_sensor_combined/install/px4_msgs/share/px4_msgs/msg/ParameterSetValueRequest.idl\n'}
[1.612759] (px4_msgs) StdoutLine: {'line': b'-- Up-to-date: /home/mustardking/ws_sensor_combined/install/px4_msgs/share/px4_msgs/msg/ParameterSetValueResponse.idl\n'}
[1.612915] (px4_msgs) StdoutLine: {'line': b'-- Up-to-date: /home/mustardking/ws_sensor_combined/install/px4_msgs/share/px4_msgs/msg/ParameterUpdate.idl\n'}
[1.613036] (px4_msgs) StdoutLine: {'line': b'-- Up-to-date: /home/mustardking/ws_sensor_combined/install/px4_msgs/share/px4_msgs/msg/Ping.idl\n'}
[1.613191] (px4_msgs) StdoutLine: {'line': b'-- Up-to-date: /home/mustardking/ws_sensor_combined/install/px4_msgs/share/px4_msgs/msg/PositionControllerLandingStatus.idl\n'}
[1.613313] (px4_msgs) StdoutLine: {'line': b'-- Up-to-date: /home/mustardking/ws_sensor_combined/install/px4_msgs/share/px4_msgs/msg/PositionControllerStatus.idl\n'}
[1.613468] (px4_msgs) StdoutLine: {'line': b'-- Up-to-date: /home/mustardking/ws_sensor_combined/install/px4_msgs/share/px4_msgs/msg/PositionSetpoint.idl\n'}
[1.613623] (px4_msgs) StdoutLine: {'line': b'-- Up-to-date: /home/mustardking/ws_sensor_combined/install/px4_msgs/share/px4_msgs/msg/PositionSetpointTriplet.idl\n'}
[1.613751] (px4_msgs) StdoutLine: {'line': b'-- Up-to-date: /home/mustardking/ws_sensor_combined/install/px4_msgs/share/px4_msgs/msg/PowerButtonState.idl\n'}
[1.613865] (px4_msgs) StdoutLine: {'line': b'-- Up-to-date: /home/mustardking/ws_sensor_combined/install/px4_msgs/share/px4_msgs/msg/PowerMonitor.idl\n'}
[1.614211] (px4_msgs) StdoutLine: {'line': b'-- Up-to-date: /home/mustardking/ws_sensor_combined/install/px4_msgs/share/px4_msgs/msg/PpsCapture.idl\n'}
[1.614234] (px4_msgs) StdoutLine: {'line': b'-- Up-to-date: /home/mustardking/ws_sensor_combined/install/px4_msgs/share/px4_msgs/msg/PurePursuitStatus.idl\n'}
[1.614316] (px4_msgs) StdoutLine: {'line': b'-- Up-to-date: /home/mustardking/ws_sensor_combined/install/px4_msgs/share/px4_msgs/msg/PwmInput.idl\n'}
[1.614507] (px4_msgs) StdoutLine: {'line': b'-- Up-to-date: /home/mustardking/ws_sensor_combined/install/px4_msgs/share/px4_msgs/msg/Px4ioStatus.idl\n'}
[1.614675] (px4_msgs) StdoutLine: {'line': b'-- Up-to-date: /home/mustardking/ws_sensor_combined/install/px4_msgs/share/px4_msgs/msg/QshellReq.idl\n'}
[1.614705] (px4_msgs) StdoutLine: {'line': b'-- Up-to-date: /home/mustardking/ws_sensor_combined/install/px4_msgs/share/px4_msgs/msg/QshellRetval.idl\n'}
[1.614791] (px4_msgs) StdoutLine: {'line': b'-- Up-to-date: /home/mustardking/ws_sensor_combined/install/px4_msgs/share/px4_msgs/msg/RadioStatus.idl\n'}
[1.614898] (px4_msgs) StdoutLine: {'line': b'-- Up-to-date: /home/mustardking/ws_sensor_combined/install/px4_msgs/share/px4_msgs/msg/RateCtrlStatus.idl\n'}
[1.615082] (px4_msgs) StdoutLine: {'line': b'-- Up-to-date: /home/mustardking/ws_sensor_combined/install/px4_msgs/share/px4_msgs/msg/RcChannels.idl\n'}
[1.615441] (px4_msgs) StdoutLine: {'line': b'-- Up-to-date: /home/mustardking/ws_sensor_combined/install/px4_msgs/share/px4_msgs/msg/RcParameterMap.idl\n'}
[1.615602] (px4_msgs) StdoutLine: {'line': b'-- Up-to-date: /home/mustardking/ws_sensor_combined/install/px4_msgs/share/px4_msgs/msg/RegisterExtComponentReply.idl\n'}
[1.615733] (px4_msgs) StdoutLine: {'line': b'-- Up-to-date: /home/mustardking/ws_sensor_combined/install/px4_msgs/share/px4_msgs/msg/RegisterExtComponentRequest.idl\n'}
[1.615887] (px4_msgs) StdoutLine: {'line': b'-- Up-to-date: /home/mustardking/ws_sensor_combined/install/px4_msgs/share/px4_msgs/msg/RoverAttitudeSetpoint.idl\n'}
[1.616018] (px4_msgs) StdoutLine: {'line': b'-- Up-to-date: /home/mustardking/ws_sensor_combined/install/px4_msgs/share/px4_msgs/msg/RoverAttitudeStatus.idl\n'}
[1.616176] (px4_msgs) StdoutLine: {'line': b'-- Up-to-date: /home/mustardking/ws_sensor_combined/install/px4_msgs/share/px4_msgs/msg/RoverPositionSetpoint.idl\n'}
[1.616301] (px4_msgs) StdoutLine: {'line': b'-- Up-to-date: /home/mustardking/ws_sensor_combined/install/px4_msgs/share/px4_msgs/msg/RoverRateSetpoint.idl\n'}
[1.616464] (px4_msgs) StdoutLine: {'line': b'-- Up-to-date: /home/mustardking/ws_sensor_combined/install/px4_msgs/share/px4_msgs/msg/RoverRateStatus.idl\n'}
[1.616589] (px4_msgs) StdoutLine: {'line': b'-- Up-to-date: /home/mustardking/ws_sensor_combined/install/px4_msgs/share/px4_msgs/msg/RoverSpeedSetpoint.idl\n'}
[1.616743] (px4_msgs) StdoutLine: {'line': b'-- Up-to-date: /home/mustardking/ws_sensor_combined/install/px4_msgs/share/px4_msgs/msg/RoverSpeedStatus.idl\n'}
[1.616867] (px4_msgs) StdoutLine: {'line': b'-- Up-to-date: /home/mustardking/ws_sensor_combined/install/px4_msgs/share/px4_msgs/msg/RoverSteeringSetpoint.idl\n'}
[1.617235] (px4_msgs) StdoutLine: {'line': b'-- Up-to-date: /home/mustardking/ws_sensor_combined/install/px4_msgs/share/px4_msgs/msg/RoverThrottleSetpoint.idl\n'}
[1.617427] (px4_msgs) StdoutLine: {'line': b'-- Up-to-date: /home/mustardking/ws_sensor_combined/install/px4_msgs/share/px4_msgs/msg/Rpm.idl\n'}
[1.617631] (px4_msgs) StdoutLine: {'line': b'-- Up-to-date: /home/mustardking/ws_sensor_combined/install/px4_msgs/share/px4_msgs/msg/RtlStatus.idl\n'}
[1.617660] (px4_msgs) StdoutLine: {'line': b'-- Up-to-date: /home/mustardking/ws_sensor_combined/install/px4_msgs/share/px4_msgs/msg/RtlTimeEstimate.idl\n'}
[1.617909] (px4_msgs) StdoutLine: {'line': b'-- Up-to-date: /home/mustardking/ws_sensor_combined/install/px4_msgs/share/px4_msgs/msg/SatelliteInfo.idl\n'}
[1.617955] (px4_msgs) StdoutLine: {'line': b'-- Up-to-date: /home/mustardking/ws_sensor_combined/install/px4_msgs/share/px4_msgs/msg/SensorAccel.idl\n'}
[1.618157] (px4_msgs) StdoutLine: {'line': b'-- Up-to-date: /home/mustardking/ws_sensor_combined/install/px4_msgs/share/px4_msgs/msg/SensorAccelFifo.idl\n'}
[1.618187] (px4_msgs) StdoutLine: {'line': b'-- Up-to-date: /home/mustardking/ws_sensor_combined/install/px4_msgs/share/px4_msgs/msg/SensorAirflow.idl\n'}
[1.618281] (px4_msgs) StdoutLine: {'line': b'-- Up-to-date: /home/mustardking/ws_sensor_combined/install/px4_msgs/share/px4_msgs/msg/SensorBaro.idl\n'}
[1.618491] (px4_msgs) StdoutLine: {'line': b'-- Up-to-date: /home/mustardking/ws_sensor_combined/install/px4_msgs/share/px4_msgs/msg/SensorCombined.idl\n'}
[1.618540] (px4_msgs) StdoutLine: {'line': b'-- Up-to-date: /home/mustardking/ws_sensor_combined/install/px4_msgs/share/px4_msgs/msg/SensorCorrection.idl\n'}
[1.618693] (px4_msgs) StdoutLine: {'line': b'-- Up-to-date: /home/mustardking/ws_sensor_combined/install/px4_msgs/share/px4_msgs/msg/SensorGnssRelative.idl\n'}
[1.618909] (px4_msgs) StdoutLine: {'line': b'-- Up-to-date: /home/mustardking/ws_sensor_combined/install/px4_msgs/share/px4_msgs/msg/SensorGnssStatus.idl\n'}
[1.619118] (px4_msgs) StdoutLine: {'line': b'-- Up-to-date: /home/mustardking/ws_sensor_combined/install/px4_msgs/share/px4_msgs/msg/SensorGps.idl\n'}
[1.619142] (-) TimerEvent: {}
[1.619212] (px4_msgs) StdoutLine: {'line': b'-- Up-to-date: /home/mustardking/ws_sensor_combined/install/px4_msgs/share/px4_msgs/msg/SensorGyro.idl\n'}
[1.619272] (px4_msgs) StdoutLine: {'line': b'-- Up-to-date: /home/mustardking/ws_sensor_combined/install/px4_msgs/share/px4_msgs/msg/SensorGyroFft.idl\n'}
[1.619458] (px4_msgs) StdoutLine: {'line': b'-- Up-to-date: /home/mustardking/ws_sensor_combined/install/px4_msgs/share/px4_msgs/msg/SensorGyroFifo.idl\n'}
[1.619584] (px4_msgs) StdoutLine: {'line': b'-- Up-to-date: /home/mustardking/ws_sensor_combined/install/px4_msgs/share/px4_msgs/msg/SensorHygrometer.idl\n'}
[1.619775] (px4_msgs) StdoutLine: {'line': b'-- Up-to-date: /home/mustardking/ws_sensor_combined/install/px4_msgs/share/px4_msgs/msg/SensorMag.idl\n'}
[1.619895] (px4_msgs) StdoutLine: {'line': b'-- Up-to-date: /home/mustardking/ws_sensor_combined/install/px4_msgs/share/px4_msgs/msg/SensorOpticalFlow.idl\n'}
[1.620051] (px4_msgs) StdoutLine: {'line': b'-- Up-to-date: /home/mustardking/ws_sensor_combined/install/px4_msgs/share/px4_msgs/msg/SensorPreflightMag.idl\n'}
[1.620172] (px4_msgs) StdoutLine: {'line': b'-- Up-to-date: /home/mustardking/ws_sensor_combined/install/px4_msgs/share/px4_msgs/msg/SensorSelection.idl\n'}
[1.620326] (px4_msgs) StdoutLine: {'line': b'-- Up-to-date: /home/mustardking/ws_sensor_combined/install/px4_msgs/share/px4_msgs/msg/SensorUwb.idl\n'}
[1.620447] (px4_msgs) StdoutLine: {'line': b'-- Up-to-date: /home/mustardking/ws_sensor_combined/install/px4_msgs/share/px4_msgs/msg/SensorsStatus.idl\n'}
[1.620605] (px4_msgs) StdoutLine: {'line': b'-- Up-to-date: /home/mustardking/ws_sensor_combined/install/px4_msgs/share/px4_msgs/msg/SensorsStatusImu.idl\n'}
[1.620723] (px4_msgs) StdoutLine: {'line': b'-- Up-to-date: /home/mustardking/ws_sensor_combined/install/px4_msgs/share/px4_msgs/msg/SystemPower.idl\n'}
[1.620876] (px4_msgs) StdoutLine: {'line': b'-- Up-to-date: /home/mustardking/ws_sensor_combined/install/px4_msgs/share/px4_msgs/msg/TakeoffStatus.idl\n'}
[1.621017] (px4_msgs) StdoutLine: {'line': b'-- Up-to-date: /home/mustardking/ws_sensor_combined/install/px4_msgs/share/px4_msgs/msg/TaskStackInfo.idl\n'}
[1.621134] (px4_msgs) StdoutLine: {'line': b'-- Up-to-date: /home/mustardking/ws_sensor_combined/install/px4_msgs/share/px4_msgs/msg/TecsStatus.idl\n'}
[1.621239] (px4_msgs) StdoutLine: {'line': b'-- Up-to-date: /home/mustardking/ws_sensor_combined/install/px4_msgs/share/px4_msgs/msg/TelemetryStatus.idl\n'}
[1.621345] (px4_msgs) StdoutLine: {'line': b'-- Up-to-date: /home/mustardking/ws_sensor_combined/install/px4_msgs/share/px4_msgs/msg/TiltrotorExtraControls.idl\n'}
[1.621475] (px4_msgs) StdoutLine: {'line': b'-- Up-to-date: /home/mustardking/ws_sensor_combined/install/px4_msgs/share/px4_msgs/msg/TimesyncStatus.idl\n'}
[1.621637] (px4_msgs) StdoutLine: {'line': b'-- Up-to-date: /home/mustardking/ws_sensor_combined/install/px4_msgs/share/px4_msgs/msg/TrajectorySetpoint.idl\n'}
[1.621753] (px4_msgs) StdoutLine: {'line': b'-- Up-to-date: /home/mustardking/ws_sensor_combined/install/px4_msgs/share/px4_msgs/msg/TrajectorySetpoint6dof.idl\n'}
[1.621909] (px4_msgs) StdoutLine: {'line': b'-- Up-to-date: /home/mustardking/ws_sensor_combined/install/px4_msgs/share/px4_msgs/msg/TransponderReport.idl\n'}
[1.622037] (px4_msgs) StdoutLine: {'line': b'-- Up-to-date: /home/mustardking/ws_sensor_combined/install/px4_msgs/share/px4_msgs/msg/TuneControl.idl\n'}
[1.622195] (px4_msgs) StdoutLine: {'line': b'-- Up-to-date: /home/mustardking/ws_sensor_combined/install/px4_msgs/share/px4_msgs/msg/UavcanParameterRequest.idl\n'}
[1.622315] (px4_msgs) StdoutLine: {'line': b'-- Up-to-date: /home/mustardking/ws_sensor_combined/install/px4_msgs/share/px4_msgs/msg/UavcanParameterValue.idl\n'}
[1.622469] (px4_msgs) StdoutLine: {'line': b'-- Up-to-date: /home/mustardking/ws_sensor_combined/install/px4_msgs/share/px4_msgs/msg/UlogStream.idl\n'}
[1.622597] (px4_msgs) StdoutLine: {'line': b'-- Up-to-date: /home/mustardking/ws_sensor_combined/install/px4_msgs/share/px4_msgs/msg/UlogStreamAck.idl\n'}
[1.622752] (px4_msgs) StdoutLine: {'line': b'-- Up-to-date: /home/mustardking/ws_sensor_combined/install/px4_msgs/share/px4_msgs/msg/UnregisterExtComponent.idl\n'}
[1.622873] (px4_msgs) StdoutLine: {'line': b'-- Up-to-date: /home/mustardking/ws_sensor_combined/install/px4_msgs/share/px4_msgs/msg/VehicleAcceleration.idl\n'}
[1.623028] (px4_msgs) StdoutLine: {'line': b'-- Up-to-date: /home/mustardking/ws_sensor_combined/install/px4_msgs/share/px4_msgs/msg/VehicleAirData.idl\n'}
[1.623185] (px4_msgs) StdoutLine: {'line': b'-- Up-to-date: /home/mustardking/ws_sensor_combined/install/px4_msgs/share/px4_msgs/msg/VehicleAngularAccelerationSetpoint.idl\n'}
[1.623380] (px4_msgs) StdoutLine: {'line': b'-- Up-to-date: /home/mustardking/ws_sensor_combined/install/px4_msgs/share/px4_msgs/msg/VehicleAngularVelocity.idl\n'}
[1.623498] (px4_msgs) StdoutLine: {'line': b'-- Up-to-date: /home/mustardking/ws_sensor_combined/install/px4_msgs/share/px4_msgs/msg/VehicleAttitude.idl\n'}
[1.623655] (px4_msgs) StdoutLine: {'line': b'-- Up-to-date: /home/mustardking/ws_sensor_combined/install/px4_msgs/share/px4_msgs/msg/VehicleAttitudeSetpoint.idl\n'}
[1.623783] (px4_msgs) StdoutLine: {'line': b'-- Up-to-date: /home/mustardking/ws_sensor_combined/install/px4_msgs/share/px4_msgs/msg/VehicleCommand.idl\n'}
[1.623942] (px4_msgs) StdoutLine: {'line': b'-- Up-to-date: /home/mustardking/ws_sensor_combined/install/px4_msgs/share/px4_msgs/msg/VehicleCommandAck.idl\n'}
[1.624060] (px4_msgs) StdoutLine: {'line': b'-- Up-to-date: /home/mustardking/ws_sensor_combined/install/px4_msgs/share/px4_msgs/msg/VehicleConstraints.idl\n'}
[1.624193] (px4_msgs) StdoutLine: {'line': b'-- Up-to-date: /home/mustardking/ws_sensor_combined/install/px4_msgs/share/px4_msgs/msg/VehicleControlMode.idl\n'}
[1.624313] (px4_msgs) StdoutLine: {'line': b'-- Up-to-date: /home/mustardking/ws_sensor_combined/install/px4_msgs/share/px4_msgs/msg/VehicleGlobalPosition.idl\n'}
[1.624417] (px4_msgs) StdoutLine: {'line': b'-- Up-to-date: /home/mustardking/ws_sensor_combined/install/px4_msgs/share/px4_msgs/msg/VehicleImu.idl\n'}
[1.624549] (px4_msgs) StdoutLine: {'line': b'-- Up-to-date: /home/mustardking/ws_sensor_combined/install/px4_msgs/share/px4_msgs/msg/VehicleImuStatus.idl\n'}
[1.624774] (px4_msgs) StdoutLine: {'line': b'-- Up-to-date: /home/mustardking/ws_sensor_combined/install/px4_msgs/share/px4_msgs/msg/VehicleLandDetected.idl\n'}
[1.625056] (px4_msgs) StdoutLine: {'line': b'-- Up-to-date: /home/mustardking/ws_sensor_combined/install/px4_msgs/share/px4_msgs/msg/VehicleLocalPosition.idl\n'}
[1.625227] (px4_msgs) StdoutLine: {'line': b'-- Up-to-date: /home/mustardking/ws_sensor_combined/install/px4_msgs/share/px4_msgs/msg/VehicleLocalPositionSetpoint.idl\n'}
[1.625363] (px4_msgs) StdoutLine: {'line': b'-- Up-to-date: /home/mustardking/ws_sensor_combined/install/px4_msgs/share/px4_msgs/msg/VehicleMagnetometer.idl\n'}
[1.625544] (px4_msgs) StdoutLine: {'line': b'-- Up-to-date: /home/mustardking/ws_sensor_combined/install/px4_msgs/share/px4_msgs/msg/VehicleOdometry.idl\n'}
[1.625685] (px4_msgs) StdoutLine: {'line': b'-- Up-to-date: /home/mustardking/ws_sensor_combined/install/px4_msgs/share/px4_msgs/msg/VehicleOpticalFlow.idl\n'}
[1.625871] (px4_msgs) StdoutLine: {'line': b'-- Up-to-date: /home/mustardking/ws_sensor_combined/install/px4_msgs/share/px4_msgs/msg/VehicleOpticalFlowVel.idl\n'}
[1.626017] (px4_msgs) StdoutLine: {'line': b'-- Up-to-date: /home/mustardking/ws_sensor_combined/install/px4_msgs/share/px4_msgs/msg/VehicleRatesSetpoint.idl\n'}
[1.626182] (px4_msgs) StdoutLine: {'line': b'-- Up-to-date: /home/mustardking/ws_sensor_combined/install/px4_msgs/share/px4_msgs/msg/VehicleRoi.idl\n'}
[1.626314] (px4_msgs) StdoutLine: {'line': b'-- Up-to-date: /home/mustardking/ws_sensor_combined/install/px4_msgs/share/px4_msgs/msg/VehicleStatus.idl\n'}
[1.633543] (px4_msgs) StdoutLine: {'line': b'-- Up-to-date: /home/mustardking/ws_sensor_combined/install/px4_msgs/share/px4_msgs/msg/VehicleThrustSetpoint.idl\n'}
[1.633630] (px4_msgs) StdoutLine: {'line': b'-- Up-to-date: /home/mustardking/ws_sensor_combined/install/px4_msgs/share/px4_msgs/msg/VehicleTorqueSetpoint.idl\n'}
[1.633654] (px4_msgs) StdoutLine: {'line': b'-- Up-to-date: /home/mustardking/ws_sensor_combined/install/px4_msgs/share/px4_msgs/msg/VelocityLimits.idl\n'}
[1.633677] (px4_msgs) StdoutLine: {'line': b'-- Up-to-date: /home/mustardking/ws_sensor_combined/install/px4_msgs/share/px4_msgs/msg/VtolVehicleStatus.idl\n'}
[1.633702] (px4_msgs) StdoutLine: {'line': b'-- Up-to-date: /home/mustardking/ws_sensor_combined/install/px4_msgs/share/px4_msgs/msg/WheelEncoders.idl\n'}
[1.633862] (px4_msgs) StdoutLine: {'line': b'-- Up-to-date: /home/mustardking/ws_sensor_combined/install/px4_msgs/share/px4_msgs/msg/Wind.idl\n'}
[1.633885] (px4_msgs) StdoutLine: {'line': b'-- Up-to-date: /home/mustardking/ws_sensor_combined/install/px4_msgs/share/px4_msgs/msg/YawEstimatorStatus.idl\n'}
[1.633918] (px4_msgs) StdoutLine: {'line': b'-- Up-to-date: /home/mustardking/ws_sensor_combined/install/px4_msgs/share/px4_msgs/srv/VehicleCommand.idl\n'}
[1.633941] (px4_msgs) StdoutLine: {'line': b'-- Up-to-date: /home/mustardking/ws_sensor_combined/install/px4_msgs/share/px4_msgs/msg/ActionRequest.msg\n'}
[1.633963] (px4_msgs) StdoutLine: {'line': b'-- Up-to-date: /home/mustardking/ws_sensor_combined/install/px4_msgs/share/px4_msgs/msg/ActuatorArmed.msg\n'}
[1.633985] (px4_msgs) StdoutLine: {'line': b'-- Up-to-date: /home/mustardking/ws_sensor_combined/install/px4_msgs/share/px4_msgs/msg/ActuatorControlsStatus.msg\n'}
[1.634184] (px4_msgs) StdoutLine: {'line': b'-- Up-to-date: /home/mustardking/ws_sensor_combined/install/px4_msgs/share/px4_msgs/msg/ActuatorMotors.msg\n'}
[1.634209] (px4_msgs) StdoutLine: {'line': b'-- Up-to-date: /home/mustardking/ws_sensor_combined/install/px4_msgs/share/px4_msgs/msg/ActuatorOutputs.msg\n'}
[1.634232] (px4_msgs) StdoutLine: {'line': b'-- Up-to-date: /home/mustardking/ws_sensor_combined/install/px4_msgs/share/px4_msgs/msg/ActuatorServos.msg\n'}
[1.634365] (px4_msgs) StdoutLine: {'line': b'-- Up-to-date: /home/mustardking/ws_sensor_combined/install/px4_msgs/share/px4_msgs/msg/ActuatorServosTrim.msg\n'}
[1.634389] (px4_msgs) StdoutLine: {'line': b'-- Up-to-date: /home/mustardking/ws_sensor_combined/install/px4_msgs/share/px4_msgs/msg/ActuatorTest.msg\n'}
[1.634411] (px4_msgs) StdoutLine: {'line': b'-- Up-to-date: /home/mustardking/ws_sensor_combined/install/px4_msgs/share/px4_msgs/msg/AdcReport.msg\n'}
[1.634433] (px4_msgs) StdoutLine: {'line': b'-- Up-to-date: /home/mustardking/ws_sensor_combined/install/px4_msgs/share/px4_msgs/msg/Airspeed.msg\n'}
[1.634605] (px4_msgs) StdoutLine: {'line': b'-- Up-to-date: /home/mustardking/ws_sensor_combined/install/px4_msgs/share/px4_msgs/msg/AirspeedValidated.msg\n'}
[1.634628] (px4_msgs) StdoutLine: {'line': b'-- Up-to-date: /home/mustardking/ws_sensor_combined/install/px4_msgs/share/px4_msgs/msg/AirspeedWind.msg\n'}
[1.634650] (px4_msgs) StdoutLine: {'line': b'-- Up-to-date: /home/mustardking/ws_sensor_combined/install/px4_msgs/share/px4_msgs/msg/ArmingCheckReply.msg\n'}
[1.634674] (px4_msgs) StdoutLine: {'line': b'-- Up-to-date: /home/mustardking/ws_sensor_combined/install/px4_msgs/share/px4_msgs/msg/ArmingCheckRequest.msg\n'}
[1.634696] (px4_msgs) StdoutLine: {'line': b'-- Up-to-date: /home/mustardking/ws_sensor_combined/install/px4_msgs/share/px4_msgs/msg/AutotuneAttitudeControlStatus.msg\n'}
[1.634718] (px4_msgs) StdoutLine: {'line': b'-- Up-to-date: /home/mustardking/ws_sensor_combined/install/px4_msgs/share/px4_msgs/msg/BatteryInfo.msg\n'}
[1.634903] (px4_msgs) StdoutLine: {'line': b'-- Up-to-date: /home/mustardking/ws_sensor_combined/install/px4_msgs/share/px4_msgs/msg/BatteryStatus.msg\n'}
[1.634925] (px4_msgs) StdoutLine: {'line': b'-- Up-to-date: /home/mustardking/ws_sensor_combined/install/px4_msgs/share/px4_msgs/msg/ButtonEvent.msg\n'}
[1.634947] (px4_msgs) StdoutLine: {'line': b'-- Up-to-date: /home/mustardking/ws_sensor_combined/install/px4_msgs/share/px4_msgs/msg/CameraCapture.msg\n'}
[1.634968] (px4_msgs) StdoutLine: {'line': b'-- Up-to-date: /home/mustardking/ws_sensor_combined/install/px4_msgs/share/px4_msgs/msg/CameraStatus.msg\n'}
[1.634990] (px4_msgs) StdoutLine: {'line': b'-- Up-to-date: /home/mustardking/ws_sensor_combined/install/px4_msgs/share/px4_msgs/msg/CameraTrigger.msg\n'}
[1.635015] (px4_msgs) StdoutLine: {'line': b'-- Up-to-date: /home/mustardking/ws_sensor_combined/install/px4_msgs/share/px4_msgs/msg/CanInterfaceStatus.msg\n'}
[1.635197] (px4_msgs) StdoutLine: {'line': b'-- Up-to-date: /home/mustardking/ws_sensor_combined/install/px4_msgs/share/px4_msgs/msg/CellularStatus.msg\n'}
[1.635221] (px4_msgs) StdoutLine: {'line': b'-- Up-to-date: /home/mustardking/ws_sensor_combined/install/px4_msgs/share/px4_msgs/msg/CollisionConstraints.msg\n'}
[1.635243] (px4_msgs) StdoutLine: {'line': b'-- Up-to-date: /home/mustardking/ws_sensor_combined/install/px4_msgs/share/px4_msgs/msg/ConfigOverrides.msg\n'}
[1.635265] (px4_msgs) StdoutLine: {'line': b'-- Up-to-date: /home/mustardking/ws_sensor_combined/install/px4_msgs/share/px4_msgs/msg/ControlAllocatorStatus.msg\n'}
[1.635584] (px4_msgs) StdoutLine: {'line': b'-- Up-to-date: /home/mustardking/ws_sensor_combined/install/px4_msgs/share/px4_msgs/msg/Cpuload.msg\n'}
[1.635611] (px4_msgs) StdoutLine: {'line': b'-- Up-to-date: /home/mustardking/ws_sensor_combined/install/px4_msgs/share/px4_msgs/msg/DatamanRequest.msg\n'}
[1.635706] (px4_msgs) StdoutLine: {'line': b'-- Up-to-date: /home/mustardking/ws_sensor_combined/install/px4_msgs/share/px4_msgs/msg/DatamanResponse.msg\n'}
[1.635743] (px4_msgs) StdoutLine: {'line': b'-- Up-to-date: /home/mustardking/ws_sensor_combined/install/px4_msgs/share/px4_msgs/msg/DebugArray.msg\n'}
[1.635817] (px4_msgs) StdoutLine: {'line': b'-- Up-to-date: /home/mustardking/ws_sensor_combined/install/px4_msgs/share/px4_msgs/msg/DebugKeyValue.msg\n'}
[1.635850] (px4_msgs) StdoutLine: {'line': b'-- Up-to-date: /home/mustardking/ws_sensor_combined/install/px4_msgs/share/px4_msgs/msg/DebugValue.msg\n'}
[1.635872] (px4_msgs) StdoutLine: {'line': b'-- Up-to-date: /home/mustardking/ws_sensor_combined/install/px4_msgs/share/px4_msgs/msg/DebugVect.msg\n'}
[1.635895] (px4_msgs) StdoutLine: {'line': b'-- Up-to-date: /home/mustardking/ws_sensor_combined/install/px4_msgs/share/px4_msgs/msg/DifferentialPressure.msg\n'}
[1.636036] (px4_msgs) StdoutLine: {'line': b'-- Up-to-date: /home/mustardking/ws_sensor_combined/install/px4_msgs/share/px4_msgs/msg/DistanceSensor.msg\n'}
[1.636086] (px4_msgs) StdoutLine: {'line': b'-- Up-to-date: /home/mustardking/ws_sensor_combined/install/px4_msgs/share/px4_msgs/msg/DistanceSensorModeChangeRequest.msg\n'}
[1.636109] (px4_msgs) StdoutLine: {'line': b'-- Up-to-date: /home/mustardking/ws_sensor_combined/install/px4_msgs/share/px4_msgs/msg/DronecanNodeStatus.msg\n'}
[1.636131] (px4_msgs) StdoutLine: {'line': b'-- Up-to-date: /home/mustardking/ws_sensor_combined/install/px4_msgs/share/px4_msgs/msg/Ekf2Timestamps.msg\n'}
[1.636153] (px4_msgs) StdoutLine: {'line': b'-- Up-to-date: /home/mustardking/ws_sensor_combined/install/px4_msgs/share/px4_msgs/msg/EscReport.msg\n'}
[1.636178] (px4_msgs) StdoutLine: {'line': b'-- Up-to-date: /home/mustardking/ws_sensor_combined/install/px4_msgs/share/px4_msgs/msg/EscStatus.msg\n'}
[1.636200] (px4_msgs) StdoutLine: {'line': b'-- Up-to-date: /home/mustardking/ws_sensor_combined/install/px4_msgs/share/px4_msgs/msg/EstimatorAidSource1d.msg\n'}
[1.636410] (px4_msgs) StdoutLine: {'line': b'-- Up-to-date: /home/mustardking/ws_sensor_combined/install/px4_msgs/share/px4_msgs/msg/EstimatorAidSource2d.msg\n'}
[1.636433] (px4_msgs) StdoutLine: {'line': b'-- Up-to-date: /home/mustardking/ws_sensor_combined/install/px4_msgs/share/px4_msgs/msg/EstimatorAidSource3d.msg\n'}
[1.636455] (px4_msgs) StdoutLine: {'line': b'-- Up-to-date: /home/mustardking/ws_sensor_combined/install/px4_msgs/share/px4_msgs/msg/EstimatorBias.msg\n'}
[1.636477] (px4_msgs) StdoutLine: {'line': b'-- Up-to-date: /home/mustardking/ws_sensor_combined/install/px4_msgs/share/px4_msgs/msg/EstimatorBias3d.msg\n'}
[1.636499] (px4_msgs) StdoutLine: {'line': b'-- Up-to-date: /home/mustardking/ws_sensor_combined/install/px4_msgs/share/px4_msgs/msg/EstimatorEventFlags.msg\n'}
[1.636666] (px4_msgs) StdoutLine: {'line': b'-- Up-to-date: /home/mustardking/ws_sensor_combined/install/px4_msgs/share/px4_msgs/msg/EstimatorGpsStatus.msg\n'}
[1.636689] (px4_msgs) StdoutLine: {'line': b'-- Up-to-date: /home/mustardking/ws_sensor_combined/install/px4_msgs/share/px4_msgs/msg/EstimatorInnovations.msg\n'}
[1.636712] (px4_msgs) StdoutLine: {'line': b'-- Up-to-date: /home/mustardking/ws_sensor_combined/install/px4_msgs/share/px4_msgs/msg/EstimatorSelectorStatus.msg\n'}
[1.636736] (px4_msgs) StdoutLine: {'line': b'-- Up-to-date: /home/mustardking/ws_sensor_combined/install/px4_msgs/share/px4_msgs/msg/EstimatorSensorBias.msg\n'}
[1.636761] (px4_msgs) StdoutLine: {'line': b'-- Up-to-date: /home/mustardking/ws_sensor_combined/install/px4_msgs/share/px4_msgs/msg/EstimatorStates.msg\n'}
[1.636783] (px4_msgs) StdoutLine: {'line': b'-- Up-to-date: /home/mustardking/ws_sensor_combined/install/px4_msgs/share/px4_msgs/msg/EstimatorStatus.msg\n'}
[1.636979] (px4_msgs) StdoutLine: {'line': b'-- Up-to-date: /home/mustardking/ws_sensor_combined/install/px4_msgs/share/px4_msgs/msg/EstimatorStatusFlags.msg\n'}
[1.637002] (px4_msgs) StdoutLine: {'line': b'-- Up-to-date: /home/mustardking/ws_sensor_combined/install/px4_msgs/share/px4_msgs/msg/Event.msg\n'}
[1.637025] (px4_msgs) StdoutLine: {'line': b'-- Up-to-date: /home/mustardking/ws_sensor_combined/install/px4_msgs/share/px4_msgs/msg/FailsafeFlags.msg\n'}
[1.637047] (px4_msgs) StdoutLine: {'line': b'-- Up-to-date: /home/mustardking/ws_sensor_combined/install/px4_msgs/share/px4_msgs/msg/FailureDetectorStatus.msg\n'}
[1.637197] (px4_msgs) StdoutLine: {'line': b'-- Up-to-date: /home/mustardking/ws_sensor_combined/install/px4_msgs/share/px4_msgs/msg/FigureEightStatus.msg\n'}
[1.637220] (px4_msgs) StdoutLine: {'line': b'-- Up-to-date: /home/mustardking/ws_sensor_combined/install/px4_msgs/share/px4_msgs/msg/FixedWingLateralGuidanceStatus.msg\n'}
[1.637242] (px4_msgs) StdoutLine: {'line': b'-- Up-to-date: /home/mustardking/ws_sensor_combined/install/px4_msgs/share/px4_msgs/msg/FixedWingLateralSetpoint.msg\n'}
[1.637346] (px4_msgs) StdoutLine: {'line': b'-- Up-to-date: /home/mustardking/ws_sensor_combined/install/px4_msgs/share/px4_msgs/msg/FixedWingLateralStatus.msg\n'}
[1.637382] (px4_msgs) StdoutLine: {'line': b'-- Up-to-date: /home/mustardking/ws_sensor_combined/install/px4_msgs/share/px4_msgs/msg/FixedWingLongitudinalSetpoint.msg\n'}
[1.637450] (px4_msgs) StdoutLine: {'line': b'-- Up-to-date: /home/mustardking/ws_sensor_combined/install/px4_msgs/share/px4_msgs/msg/FixedWingRunwayControl.msg\n'}
[1.637472] (px4_msgs) StdoutLine: {'line': b'-- Up-to-date: /home/mustardking/ws_sensor_combined/install/px4_msgs/share/px4_msgs/msg/FlightPhaseEstimation.msg\n'}
[1.637494] (px4_msgs) StdoutLine: {'line': b'-- Up-to-date: /home/mustardking/ws_sensor_combined/install/px4_msgs/share/px4_msgs/msg/FollowTarget.msg\n'}
[1.637517] (px4_msgs) StdoutLine: {'line': b'-- Up-to-date: /home/mustardking/ws_sensor_combined/install/px4_msgs/share/px4_msgs/msg/FollowTargetEstimator.msg\n'}
[1.637538] (px4_msgs) StdoutLine: {'line': b'-- Up-to-date: /home/mustardking/ws_sensor_combined/install/px4_msgs/share/px4_msgs/msg/FollowTargetStatus.msg\n'}
[1.637702] (px4_msgs) StdoutLine: {'line': b'-- Up-to-date: /home/mustardking/ws_sensor_combined/install/px4_msgs/share/px4_msgs/msg/FuelTankStatus.msg\n'}
[1.637724] (px4_msgs) StdoutLine: {'line': b'-- Up-to-date: /home/mustardking/ws_sensor_combined/install/px4_msgs/share/px4_msgs/msg/GeneratorStatus.msg\n'}
[1.637758] (px4_msgs) StdoutLine: {'line': b'-- Up-to-date: /home/mustardking/ws_sensor_combined/install/px4_msgs/share/px4_msgs/msg/GeofenceResult.msg\n'}
[1.637883] (px4_msgs) StdoutLine: {'line': b'-- Up-to-date: /home/mustardking/ws_sensor_combined/install/px4_msgs/share/px4_msgs/msg/GeofenceStatus.msg\n'}
[1.638027] (px4_msgs) StdoutLine: {'line': b'-- Up-to-date: /home/mustardking/ws_sensor_combined/install/px4_msgs/share/px4_msgs/msg/GimbalControls.msg\n'}
[1.638148] (px4_msgs) StdoutLine: {'line': b'-- Up-to-date: /home/mustardking/ws_sensor_combined/install/px4_msgs/share/px4_msgs/msg/GimbalDeviceAttitudeStatus.msg\n'}
[1.638308] (px4_msgs) StdoutLine: {'line': b'-- Up-to-date: /home/mustardking/ws_sensor_combined/install/px4_msgs/share/px4_msgs/msg/GimbalDeviceInformation.msg\n'}
[1.638436] (px4_msgs) StdoutLine: {'line': b'-- Up-to-date: /home/mustardking/ws_sensor_combined/install/px4_msgs/share/px4_msgs/msg/GimbalDeviceSetAttitude.msg\n'}
[1.638593] (px4_msgs) StdoutLine: {'line': b'-- Up-to-date: /home/mustardking/ws_sensor_combined/install/px4_msgs/share/px4_msgs/msg/GimbalManagerInformation.msg\n'}
[1.638717] (px4_msgs) StdoutLine: {'line': b'-- Up-to-date: /home/mustardking/ws_sensor_combined/install/px4_msgs/share/px4_msgs/msg/GimbalManagerSetAttitude.msg\n'}
[1.638880] (px4_msgs) StdoutLine: {'line': b'-- Up-to-date: /home/mustardking/ws_sensor_combined/install/px4_msgs/share/px4_msgs/msg/GimbalManagerSetManualControl.msg\n'}
[1.639012] (px4_msgs) StdoutLine: {'line': b'-- Up-to-date: /home/mustardking/ws_sensor_combined/install/px4_msgs/share/px4_msgs/msg/GimbalManagerStatus.msg\n'}
[1.639179] (px4_msgs) StdoutLine: {'line': b'-- Up-to-date: /home/mustardking/ws_sensor_combined/install/px4_msgs/share/px4_msgs/msg/GotoSetpoint.msg\n'}
[1.639392] (px4_msgs) StdoutLine: {'line': b'-- Up-to-date: /home/mustardking/ws_sensor_combined/install/px4_msgs/share/px4_msgs/msg/GpioConfig.msg\n'}
[1.639566] (px4_msgs) StdoutLine: {'line': b'-- Up-to-date: /home/mustardking/ws_sensor_combined/install/px4_msgs/share/px4_msgs/msg/GpioIn.msg\n'}
[1.639770] (px4_msgs) StdoutLine: {'line': b'-- Up-to-date: /home/mustardking/ws_sensor_combined/install/px4_msgs/share/px4_msgs/msg/GpioOut.msg\n'}
[1.640144] (px4_msgs) StdoutLine: {'line': b'-- Up-to-date: /home/mustardking/ws_sensor_combined/install/px4_msgs/share/px4_msgs/msg/GpioRequest.msg\n'}
[1.640288] (px4_msgs) StdoutLine: {'line': b'-- Up-to-date: /home/mustardking/ws_sensor_combined/install/px4_msgs/share/px4_msgs/msg/GpsDump.msg\n'}
[1.640476] (px4_msgs) StdoutLine: {'line': b'-- Up-to-date: /home/mustardking/ws_sensor_combined/install/px4_msgs/share/px4_msgs/msg/GpsInjectData.msg\n'}
[1.640601] (px4_msgs) StdoutLine: {'line': b'-- Up-to-date: /home/mustardking/ws_sensor_combined/install/px4_msgs/share/px4_msgs/msg/Gripper.msg\n'}
[1.640748] (px4_msgs) StdoutLine: {'line': b'-- Up-to-date: /home/mustardking/ws_sensor_combined/install/px4_msgs/share/px4_msgs/msg/HealthReport.msg\n'}
[1.640878] (px4_msgs) StdoutLine: {'line': b'-- Up-to-date: /home/mustardking/ws_sensor_combined/install/px4_msgs/share/px4_msgs/msg/HeaterStatus.msg\n'}
[1.641003] (px4_msgs) StdoutLine: {'line': b'-- Up-to-date: /home/mustardking/ws_sensor_combined/install/px4_msgs/share/px4_msgs/msg/HomePosition.msg\n'}
[1.641403] (px4_msgs) StdoutLine: {'line': b'-- Up-to-date: /home/mustardking/ws_sensor_combined/install/px4_msgs/share/px4_msgs/msg/HoverThrustEstimate.msg\n'}
[1.641673] (px4_msgs) StdoutLine: {'line': b'-- Up-to-date: /home/mustardking/ws_sensor_combined/install/px4_msgs/share/px4_msgs/msg/InputRc.msg\n'}
[1.641766] (px4_msgs) StdoutLine: {'line': b'-- Up-to-date: /home/mustardking/ws_sensor_combined/install/px4_msgs/share/px4_msgs/msg/InternalCombustionEngineControl.msg\n'}
[1.642012] (px4_msgs) StdoutLine: {'line': b'-- Up-to-date: /home/mustardking/ws_sensor_combined/install/px4_msgs/share/px4_msgs/msg/InternalCombustionEngineStatus.msg\n'}
[1.642168] (px4_msgs) StdoutLine: {'line': b'-- Up-to-date: /home/mustardking/ws_sensor_combined/install/px4_msgs/share/px4_msgs/msg/IridiumsbdStatus.msg\n'}
[1.642519] (px4_msgs) StdoutLine: {'line': b'-- Up-to-date: /home/mustardking/ws_sensor_combined/install/px4_msgs/share/px4_msgs/msg/IrlockReport.msg\n'}
[1.642580] (px4_msgs) StdoutLine: {'line': b'-- Up-to-date: /home/mustardking/ws_sensor_combined/install/px4_msgs/share/px4_msgs/msg/LandingGear.msg\n'}
[1.642747] (px4_msgs) StdoutLine: {'line': b'-- Up-to-date: /home/mustardking/ws_sensor_combined/install/px4_msgs/share/px4_msgs/msg/LandingGearWheel.msg\n'}
[1.642867] (px4_msgs) StdoutLine: {'line': b'-- Up-to-date: /home/mustardking/ws_sensor_combined/install/px4_msgs/share/px4_msgs/msg/LandingTargetInnovations.msg\n'}
[1.643032] (px4_msgs) StdoutLine: {'line': b'-- Up-to-date: /home/mustardking/ws_sensor_combined/install/px4_msgs/share/px4_msgs/msg/LandingTargetPose.msg\n'}
[1.643153] (px4_msgs) StdoutLine: {'line': b'-- Up-to-date: /home/mustardking/ws_sensor_combined/install/px4_msgs/share/px4_msgs/msg/LateralControlConfiguration.msg\n'}
[1.643397] (px4_msgs) StdoutLine: {'line': b'-- Up-to-date: /home/mustardking/ws_sensor_combined/install/px4_msgs/share/px4_msgs/msg/LaunchDetectionStatus.msg\n'}
[1.643537] (px4_msgs) StdoutLine: {'line': b'-- Up-to-date: /home/mustardking/ws_sensor_combined/install/px4_msgs/share/px4_msgs/msg/LedControl.msg\n'}
[1.643799] (px4_msgs) StdoutLine: {'line': b'-- Up-to-date: /home/mustardking/ws_sensor_combined/install/px4_msgs/share/px4_msgs/msg/LogMessage.msg\n'}
[1.643838] (px4_msgs) StdoutLine: {'line': b'-- Up-to-date: /home/mustardking/ws_sensor_combined/install/px4_msgs/share/px4_msgs/msg/LoggerStatus.msg\n'}
[1.644002] (px4_msgs) StdoutLine: {'line': b'-- Up-to-date: /home/mustardking/ws_sensor_combined/install/px4_msgs/share/px4_msgs/msg/LongitudinalControlConfiguration.msg\n'}
[1.644129] (px4_msgs) StdoutLine: {'line': b'-- Up-to-date: /home/mustardking/ws_sensor_combined/install/px4_msgs/share/px4_msgs/msg/MagWorkerData.msg\n'}
[1.644393] (px4_msgs) StdoutLine: {'line': b'-- Up-to-date: /home/mustardking/ws_sensor_combined/install/px4_msgs/share/px4_msgs/msg/MagnetometerBiasEstimate.msg\n'}
[1.644436] (px4_msgs) StdoutLine: {'line': b'-- Up-to-date: /home/mustardking/ws_sensor_combined/install/px4_msgs/share/px4_msgs/msg/ManualControlSetpoint.msg\n'}
[1.644547] (px4_msgs) StdoutLine: {'line': b'-- Up-to-date: /home/mustardking/ws_sensor_combined/install/px4_msgs/share/px4_msgs/msg/ManualControlSwitches.msg\n'}
[1.644669] (px4_msgs) StdoutLine: {'line': b'-- Up-to-date: /home/mustardking/ws_sensor_combined/install/px4_msgs/share/px4_msgs/msg/MavlinkLog.msg\n'}
[1.644790] (px4_msgs) StdoutLine: {'line': b'-- Up-to-date: /home/mustardking/ws_sensor_combined/install/px4_msgs/share/px4_msgs/msg/MavlinkTunnel.msg\n'}
[1.645065] (px4_msgs) StdoutLine: {'line': b'-- Up-to-date: /home/mustardking/ws_sensor_combined/install/px4_msgs/share/px4_msgs/msg/MessageFormatRequest.msg\n'}
[1.645113] (px4_msgs) StdoutLine: {'line': b'-- Up-to-date: /home/mustardking/ws_sensor_combined/install/px4_msgs/share/px4_msgs/msg/MessageFormatResponse.msg\n'}
[1.645238] (px4_msgs) StdoutLine: {'line': b'-- Up-to-date: /home/mustardking/ws_sensor_combined/install/px4_msgs/share/px4_msgs/msg/Mission.msg\n'}
[1.645480] (px4_msgs) StdoutLine: {'line': b'-- Up-to-date: /home/mustardking/ws_sensor_combined/install/px4_msgs/share/px4_msgs/msg/MissionResult.msg\n'}
[1.645577] (px4_msgs) StdoutLine: {'line': b'-- Up-to-date: /home/mustardking/ws_sensor_combined/install/px4_msgs/share/px4_msgs/msg/ModeCompleted.msg\n'}
[1.645714] (px4_msgs) StdoutLine: {'line': b'-- Up-to-date: /home/mustardking/ws_sensor_combined/install/px4_msgs/share/px4_msgs/msg/MountOrientation.msg\n'}
[1.646035] (px4_msgs) StdoutLine: {'line': b'-- Up-to-date: /home/mustardking/ws_sensor_combined/install/px4_msgs/share/px4_msgs/msg/NavigatorMissionItem.msg\n'}
[1.646060] (px4_msgs) StdoutLine: {'line': b'-- Up-to-date: /home/mustardking/ws_sensor_combined/install/px4_msgs/share/px4_msgs/msg/NavigatorStatus.msg\n'}
[1.646121] (px4_msgs) StdoutLine: {'line': b'-- Up-to-date: /home/mustardking/ws_sensor_combined/install/px4_msgs/share/px4_msgs/msg/NeuralControl.msg\n'}
[1.646287] (px4_msgs) StdoutLine: {'line': b'-- Up-to-date: /home/mustardking/ws_sensor_combined/install/px4_msgs/share/px4_msgs/msg/NormalizedUnsignedSetpoint.msg\n'}
[1.646596] (px4_msgs) StdoutLine: {'line': b'-- Up-to-date: /home/mustardking/ws_sensor_combined/install/px4_msgs/share/px4_msgs/msg/ObstacleDistance.msg\n'}
[1.646622] (px4_msgs) StdoutLine: {'line': b'-- Up-to-date: /home/mustardking/ws_sensor_combined/install/px4_msgs/share/px4_msgs/msg/OffboardControlMode.msg\n'}
[1.646698] (px4_msgs) StdoutLine: {'line': b'-- Up-to-date: /home/mustardking/ws_sensor_combined/install/px4_msgs/share/px4_msgs/msg/OnboardComputerStatus.msg\n'}
[1.646902] (px4_msgs) StdoutLine: {'line': b'-- Up-to-date: /home/mustardking/ws_sensor_combined/install/px4_msgs/share/px4_msgs/msg/OpenDroneIdArmStatus.msg\n'}
[1.647176] (px4_msgs) StdoutLine: {'line': b'-- Up-to-date: /home/mustardking/ws_sensor_combined/install/px4_msgs/share/px4_msgs/msg/OpenDroneIdOperatorId.msg\n'}
[1.647202] (px4_msgs) StdoutLine: {'line': b'-- Up-to-date: /home/mustardking/ws_sensor_combined/install/px4_msgs/share/px4_msgs/msg/OpenDroneIdSelfId.msg\n'}
[1.647271] (px4_msgs) StdoutLine: {'line': b'-- Up-to-date: /home/mustardking/ws_sensor_combined/install/px4_msgs/share/px4_msgs/msg/OpenDroneIdSystem.msg\n'}
[1.647519] (px4_msgs) StdoutLine: {'line': b'-- Up-to-date: /home/mustardking/ws_sensor_combined/install/px4_msgs/share/px4_msgs/msg/OrbTest.msg\n'}
[1.647800] (px4_msgs) StdoutLine: {'line': b'-- Up-to-date: /home/mustardking/ws_sensor_combined/install/px4_msgs/share/px4_msgs/msg/OrbTestLarge.msg\n'}
[1.647825] (px4_msgs) StdoutLine: {'line': b'-- Up-to-date: /home/mustardking/ws_sensor_combined/install/px4_msgs/share/px4_msgs/msg/OrbTestMedium.msg\n'}
[1.647891] (px4_msgs) StdoutLine: {'line': b'-- Up-to-date: /home/mustardking/ws_sensor_combined/install/px4_msgs/share/px4_msgs/msg/OrbitStatus.msg\n'}
[1.647985] (px4_msgs) StdoutLine: {'line': b'-- Up-to-date: /home/mustardking/ws_sensor_combined/install/px4_msgs/share/px4_msgs/msg/ParameterResetRequest.msg\n'}
[1.648357] (px4_msgs) StdoutLine: {'line': b'-- Up-to-date: /home/mustardking/ws_sensor_combined/install/px4_msgs/share/px4_msgs/msg/ParameterSetUsedRequest.msg\n'}
[1.648448] (px4_msgs) StdoutLine: {'line': b'-- Up-to-date: /home/mustardking/ws_sensor_combined/install/px4_msgs/share/px4_msgs/msg/ParameterSetValueRequest.msg\n'}
[1.648483] (px4_msgs) StdoutLine: {'line': b'-- Up-to-date: /home/mustardking/ws_sensor_combined/install/px4_msgs/share/px4_msgs/msg/ParameterSetValueResponse.msg\n'}
[1.648558] (px4_msgs) StdoutLine: {'line': b'-- Up-to-date: /home/mustardking/ws_sensor_combined/install/px4_msgs/share/px4_msgs/msg/ParameterUpdate.msg\n'}
[1.648689] (px4_msgs) StdoutLine: {'line': b'-- Up-to-date: /home/mustardking/ws_sensor_combined/install/px4_msgs/share/px4_msgs/msg/Ping.msg\n'}
[1.649007] (px4_msgs) StdoutLine: {'line': b'-- Up-to-date: /home/mustardking/ws_sensor_combined/install/px4_msgs/share/px4_msgs/msg/PositionControllerLandingStatus.msg\n'}
[1.649034] (px4_msgs) StdoutLine: {'line': b'-- Up-to-date: /home/mustardking/ws_sensor_combined/install/px4_msgs/share/px4_msgs/msg/PositionControllerStatus.msg\n'}
[1.649250] (px4_msgs) StdoutLine: {'line': b'-- Up-to-date: /home/mustardking/ws_sensor_combined/install/px4_msgs/share/px4_msgs/msg/PositionSetpoint.msg\n'}
[1.649296] (px4_msgs) StdoutLine: {'line': b'-- Up-to-date: /home/mustardking/ws_sensor_combined/install/px4_msgs/share/px4_msgs/msg/PositionSetpointTriplet.msg\n'}
[1.649420] (px4_msgs) StdoutLine: {'line': b'-- Up-to-date: /home/mustardking/ws_sensor_combined/install/px4_msgs/share/px4_msgs/msg/PowerButtonState.msg\n'}
[1.649601] (px4_msgs) StdoutLine: {'line': b'-- Up-to-date: /home/mustardking/ws_sensor_combined/install/px4_msgs/share/px4_msgs/msg/PowerMonitor.msg\n'}
[1.649847] (px4_msgs) StdoutLine: {'line': b'-- Up-to-date: /home/mustardking/ws_sensor_combined/install/px4_msgs/share/px4_msgs/msg/PpsCapture.msg\n'}
[1.649872] (px4_msgs) StdoutLine: {'line': b'-- Up-to-date: /home/mustardking/ws_sensor_combined/install/px4_msgs/share/px4_msgs/msg/PurePursuitStatus.msg\n'}
[1.649999] (px4_msgs) StdoutLine: {'line': b'-- Up-to-date: /home/mustardking/ws_sensor_combined/install/px4_msgs/share/px4_msgs/msg/PwmInput.msg\n'}
[1.650180] (px4_msgs) StdoutLine: {'line': b'-- Up-to-date: /home/mustardking/ws_sensor_combined/install/px4_msgs/share/px4_msgs/msg/Px4ioStatus.msg\n'}
[1.650308] (px4_msgs) StdoutLine: {'line': b'-- Up-to-date: /home/mustardking/ws_sensor_combined/install/px4_msgs/share/px4_msgs/msg/QshellReq.msg\n'}
[1.650448] (px4_msgs) StdoutLine: {'line': b'-- Up-to-date: /home/mustardking/ws_sensor_combined/install/px4_msgs/share/px4_msgs/msg/QshellRetval.msg\n'}
[1.650719] (px4_msgs) StdoutLine: {'line': b'-- Up-to-date: /home/mustardking/ws_sensor_combined/install/px4_msgs/share/px4_msgs/msg/RadioStatus.msg\n'}
[1.650748] (px4_msgs) StdoutLine: {'line': b'-- Up-to-date: /home/mustardking/ws_sensor_combined/install/px4_msgs/share/px4_msgs/msg/RateCtrlStatus.msg\n'}
[1.650799] (px4_msgs) StdoutLine: {'line': b'-- Up-to-date: /home/mustardking/ws_sensor_combined/install/px4_msgs/share/px4_msgs/msg/RcChannels.msg\n'}
[1.650960] (px4_msgs) StdoutLine: {'line': b'-- Up-to-date: /home/mustardking/ws_sensor_combined/install/px4_msgs/share/px4_msgs/msg/RcParameterMap.msg\n'}
[1.651104] (px4_msgs) StdoutLine: {'line': b'-- Up-to-date: /home/mustardking/ws_sensor_combined/install/px4_msgs/share/px4_msgs/msg/RegisterExtComponentReply.msg\n'}
[1.657107] (px4_msgs) StdoutLine: {'line': b'-- Up-to-date: /home/mustardking/ws_sensor_combined/install/px4_msgs/share/px4_msgs/msg/RegisterExtComponentRequest.msg\n'}
[1.659144] (px4_msgs) StdoutLine: {'line': b'-- Up-to-date: /home/mustardking/ws_sensor_combined/install/px4_msgs/share/px4_msgs/msg/RoverAttitudeSetpoint.msg\n'}
[1.659341] (px4_msgs) StdoutLine: {'line': b'-- Up-to-date: /home/mustardking/ws_sensor_combined/install/px4_msgs/share/px4_msgs/msg/RoverAttitudeStatus.msg\n'}
[1.659489] (px4_msgs) StdoutLine: {'line': b'-- Up-to-date: /home/mustardking/ws_sensor_combined/install/px4_msgs/share/px4_msgs/msg/RoverPositionSetpoint.msg\n'}
[1.659611] (px4_msgs) StdoutLine: {'line': b'-- Up-to-date: /home/mustardking/ws_sensor_combined/install/px4_msgs/share/px4_msgs/msg/RoverRateSetpoint.msg\n'}
[1.659773] (px4_msgs) StdoutLine: {'line': b'-- Up-to-date: /home/mustardking/ws_sensor_combined/install/px4_msgs/share/px4_msgs/msg/RoverRateStatus.msg\n'}
[1.659900] (px4_msgs) StdoutLine: {'line': b'-- Up-to-date: /home/mustardking/ws_sensor_combined/install/px4_msgs/share/px4_msgs/msg/RoverSpeedSetpoint.msg\n'}
[1.660060] (px4_msgs) StdoutLine: {'line': b'-- Up-to-date: /home/mustardking/ws_sensor_combined/install/px4_msgs/share/px4_msgs/msg/RoverSpeedStatus.msg\n'}
[1.660183] (px4_msgs) StdoutLine: {'line': b'-- Up-to-date: /home/mustardking/ws_sensor_combined/install/px4_msgs/share/px4_msgs/msg/RoverSteeringSetpoint.msg\n'}
[1.660343] (px4_msgs) StdoutLine: {'line': b'-- Up-to-date: /home/mustardking/ws_sensor_combined/install/px4_msgs/share/px4_msgs/msg/RoverThrottleSetpoint.msg\n'}
[1.660466] (px4_msgs) StdoutLine: {'line': b'-- Up-to-date: /home/mustardking/ws_sensor_combined/install/px4_msgs/share/px4_msgs/msg/Rpm.msg\n'}
[1.660625] (px4_msgs) StdoutLine: {'line': b'-- Up-to-date: /home/mustardking/ws_sensor_combined/install/px4_msgs/share/px4_msgs/msg/RtlStatus.msg\n'}
[1.660749] (px4_msgs) StdoutLine: {'line': b'-- Up-to-date: /home/mustardking/ws_sensor_combined/install/px4_msgs/share/px4_msgs/msg/RtlTimeEstimate.msg\n'}
[1.660907] (px4_msgs) StdoutLine: {'line': b'-- Up-to-date: /home/mustardking/ws_sensor_combined/install/px4_msgs/share/px4_msgs/msg/SatelliteInfo.msg\n'}
[1.661031] (px4_msgs) StdoutLine: {'line': b'-- Up-to-date: /home/mustardking/ws_sensor_combined/install/px4_msgs/share/px4_msgs/msg/SensorAccel.msg\n'}
[1.661189] (px4_msgs) StdoutLine: {'line': b'-- Up-to-date: /home/mustardking/ws_sensor_combined/install/px4_msgs/share/px4_msgs/msg/SensorAccelFifo.msg\n'}
[1.661312] (px4_msgs) StdoutLine: {'line': b'-- Up-to-date: /home/mustardking/ws_sensor_combined/install/px4_msgs/share/px4_msgs/msg/SensorAirflow.msg\n'}
[1.661433] (px4_msgs) StdoutLine: {'line': b'-- Up-to-date: /home/mustardking/ws_sensor_combined/install/px4_msgs/share/px4_msgs/msg/SensorBaro.msg\n'}
[1.661544] (px4_msgs) StdoutLine: {'line': b'-- Up-to-date: /home/mustardking/ws_sensor_combined/install/px4_msgs/share/px4_msgs/msg/SensorCombined.msg\n'}
[1.661654] (px4_msgs) StdoutLine: {'line': b'-- Up-to-date: /home/mustardking/ws_sensor_combined/install/px4_msgs/share/px4_msgs/msg/SensorCorrection.msg\n'}
[1.661777] (px4_msgs) StdoutLine: {'line': b'-- Up-to-date: /home/mustardking/ws_sensor_combined/install/px4_msgs/share/px4_msgs/msg/SensorGnssRelative.msg\n'}
[1.661939] (px4_msgs) StdoutLine: {'line': b'-- Up-to-date: /home/mustardking/ws_sensor_combined/install/px4_msgs/share/px4_msgs/msg/SensorGnssStatus.msg\n'}
[1.662064] (px4_msgs) StdoutLine: {'line': b'-- Up-to-date: /home/mustardking/ws_sensor_combined/install/px4_msgs/share/px4_msgs/msg/SensorGps.msg\n'}
[1.662236] (px4_msgs) StdoutLine: {'line': b'-- Up-to-date: /home/mustardking/ws_sensor_combined/install/px4_msgs/share/px4_msgs/msg/SensorGyro.msg\n'}
[1.662382] (px4_msgs) StdoutLine: {'line': b'-- Up-to-date: /home/mustardking/ws_sensor_combined/install/px4_msgs/share/px4_msgs/msg/SensorGyroFft.msg\n'}
[1.662538] (px4_msgs) StdoutLine: {'line': b'-- Up-to-date: /home/mustardking/ws_sensor_combined/install/px4_msgs/share/px4_msgs/msg/SensorGyroFifo.msg\n'}
[1.662694] (px4_msgs) StdoutLine: {'line': b'-- Up-to-date: /home/mustardking/ws_sensor_combined/install/px4_msgs/share/px4_msgs/msg/SensorHygrometer.msg\n'}
[1.662846] (px4_msgs) StdoutLine: {'line': b'-- Up-to-date: /home/mustardking/ws_sensor_combined/install/px4_msgs/share/px4_msgs/msg/SensorMag.msg\n'}
[1.662973] (px4_msgs) StdoutLine: {'line': b'-- Up-to-date: /home/mustardking/ws_sensor_combined/install/px4_msgs/share/px4_msgs/msg/SensorOpticalFlow.msg\n'}
[1.663152] (px4_msgs) StdoutLine: {'line': b'-- Up-to-date: /home/mustardking/ws_sensor_combined/install/px4_msgs/share/px4_msgs/msg/SensorPreflightMag.msg\n'}
[1.663268] (px4_msgs) StdoutLine: {'line': b'-- Up-to-date: /home/mustardking/ws_sensor_combined/install/px4_msgs/share/px4_msgs/msg/SensorSelection.msg\n'}
[1.663510] (px4_msgs) StdoutLine: {'line': b'-- Up-to-date: /home/mustardking/ws_sensor_combined/install/px4_msgs/share/px4_msgs/msg/SensorUwb.msg\n'}
[1.663640] (px4_msgs) StdoutLine: {'line': b'-- Up-to-date: /home/mustardking/ws_sensor_combined/install/px4_msgs/share/px4_msgs/msg/SensorsStatus.msg\n'}
[1.663805] (px4_msgs) StdoutLine: {'line': b'-- Up-to-date: /home/mustardking/ws_sensor_combined/install/px4_msgs/share/px4_msgs/msg/SensorsStatusImu.msg\n'}
[1.663934] (px4_msgs) StdoutLine: {'line': b'-- Up-to-date: /home/mustardking/ws_sensor_combined/install/px4_msgs/share/px4_msgs/msg/SystemPower.msg\n'}
[1.664117] (px4_msgs) StdoutLine: {'line': b'-- Up-to-date: /home/mustardking/ws_sensor_combined/install/px4_msgs/share/px4_msgs/msg/TakeoffStatus.msg\n'}
[1.664248] (px4_msgs) StdoutLine: {'line': b'-- Up-to-date: /home/mustardking/ws_sensor_combined/install/px4_msgs/share/px4_msgs/msg/TaskStackInfo.msg\n'}
[1.664402] (px4_msgs) StdoutLine: {'line': b'-- Up-to-date: /home/mustardking/ws_sensor_combined/install/px4_msgs/share/px4_msgs/msg/TecsStatus.msg\n'}
[1.664527] (px4_msgs) StdoutLine: {'line': b'-- Up-to-date: /home/mustardking/ws_sensor_combined/install/px4_msgs/share/px4_msgs/msg/TelemetryStatus.msg\n'}
[1.664689] (px4_msgs) StdoutLine: {'line': b'-- Up-to-date: /home/mustardking/ws_sensor_combined/install/px4_msgs/share/px4_msgs/msg/TiltrotorExtraControls.msg\n'}
[1.664811] (px4_msgs) StdoutLine: {'line': b'-- Up-to-date: /home/mustardking/ws_sensor_combined/install/px4_msgs/share/px4_msgs/msg/TimesyncStatus.msg\n'}
[1.664933] (px4_msgs) StdoutLine: {'line': b'-- Up-to-date: /home/mustardking/ws_sensor_combined/install/px4_msgs/share/px4_msgs/msg/TrajectorySetpoint.msg\n'}
[1.665042] (px4_msgs) StdoutLine: {'line': b'-- Up-to-date: /home/mustardking/ws_sensor_combined/install/px4_msgs/share/px4_msgs/msg/TrajectorySetpoint6dof.msg\n'}
[1.665152] (px4_msgs) StdoutLine: {'line': b'-- Up-to-date: /home/mustardking/ws_sensor_combined/install/px4_msgs/share/px4_msgs/msg/TransponderReport.msg\n'}
[1.665284] (px4_msgs) StdoutLine: {'line': b'-- Up-to-date: /home/mustardking/ws_sensor_combined/install/px4_msgs/share/px4_msgs/msg/TuneControl.msg\n'}
[1.665445] (px4_msgs) StdoutLine: {'line': b'-- Up-to-date: /home/mustardking/ws_sensor_combined/install/px4_msgs/share/px4_msgs/msg/UavcanParameterRequest.msg\n'}
[1.665569] (px4_msgs) StdoutLine: {'line': b'-- Up-to-date: /home/mustardking/ws_sensor_combined/install/px4_msgs/share/px4_msgs/msg/UavcanParameterValue.msg\n'}
[1.665729] (px4_msgs) StdoutLine: {'line': b'-- Up-to-date: /home/mustardking/ws_sensor_combined/install/px4_msgs/share/px4_msgs/msg/UlogStream.msg\n'}
[1.665852] (px4_msgs) StdoutLine: {'line': b'-- Up-to-date: /home/mustardking/ws_sensor_combined/install/px4_msgs/share/px4_msgs/msg/UlogStreamAck.msg\n'}
[1.666034] (px4_msgs) StdoutLine: {'line': b'-- Up-to-date: /home/mustardking/ws_sensor_combined/install/px4_msgs/share/px4_msgs/msg/UnregisterExtComponent.msg\n'}
[1.666193] (px4_msgs) StdoutLine: {'line': b'-- Up-to-date: /home/mustardking/ws_sensor_combined/install/px4_msgs/share/px4_msgs/msg/VehicleAcceleration.msg\n'}
[1.666382] (px4_msgs) StdoutLine: {'line': b'-- Up-to-date: /home/mustardking/ws_sensor_combined/install/px4_msgs/share/px4_msgs/msg/VehicleAirData.msg\n'}
[1.666527] (px4_msgs) StdoutLine: {'line': b'-- Up-to-date: /home/mustardking/ws_sensor_combined/install/px4_msgs/share/px4_msgs/msg/VehicleAngularAccelerationSetpoint.msg\n'}
[1.666729] (px4_msgs) StdoutLine: {'line': b'-- Up-to-date: /home/mustardking/ws_sensor_combined/install/px4_msgs/share/px4_msgs/msg/VehicleAngularVelocity.msg\n'}
[1.666885] (px4_msgs) StdoutLine: {'line': b'-- Up-to-date: /home/mustardking/ws_sensor_combined/install/px4_msgs/share/px4_msgs/msg/VehicleAttitude.msg\n'}
[1.667084] (px4_msgs) StdoutLine: {'line': b'-- Up-to-date: /home/mustardking/ws_sensor_combined/install/px4_msgs/share/px4_msgs/msg/VehicleAttitudeSetpoint.msg\n'}
[1.667239] (px4_msgs) StdoutLine: {'line': b'-- Up-to-date: /home/mustardking/ws_sensor_combined/install/px4_msgs/share/px4_msgs/msg/VehicleCommand.msg\n'}
[1.667497] (px4_msgs) StdoutLine: {'line': b'-- Up-to-date: /home/mustardking/ws_sensor_combined/install/px4_msgs/share/px4_msgs/msg/VehicleCommandAck.msg\n'}
[1.667651] (px4_msgs) StdoutLine: {'line': b'-- Up-to-date: /home/mustardking/ws_sensor_combined/install/px4_msgs/share/px4_msgs/msg/VehicleConstraints.msg\n'}
[1.667832] (px4_msgs) StdoutLine: {'line': b'-- Up-to-date: /home/mustardking/ws_sensor_combined/install/px4_msgs/share/px4_msgs/msg/VehicleControlMode.msg\n'}
[1.667957] (px4_msgs) StdoutLine: {'line': b'-- Up-to-date: /home/mustardking/ws_sensor_combined/install/px4_msgs/share/px4_msgs/msg/VehicleGlobalPosition.msg\n'}
[1.668086] (px4_msgs) StdoutLine: {'line': b'-- Up-to-date: /home/mustardking/ws_sensor_combined/install/px4_msgs/share/px4_msgs/msg/VehicleImu.msg\n'}
[1.668220] (px4_msgs) StdoutLine: {'line': b'-- Up-to-date: /home/mustardking/ws_sensor_combined/install/px4_msgs/share/px4_msgs/msg/VehicleImuStatus.msg\n'}
[1.668329] (px4_msgs) StdoutLine: {'line': b'-- Up-to-date: /home/mustardking/ws_sensor_combined/install/px4_msgs/share/px4_msgs/msg/VehicleLandDetected.msg\n'}
[1.668458] (px4_msgs) StdoutLine: {'line': b'-- Up-to-date: /home/mustardking/ws_sensor_combined/install/px4_msgs/share/px4_msgs/msg/VehicleLocalPosition.msg\n'}
[1.668648] (px4_msgs) StdoutLine: {'line': b'-- Up-to-date: /home/mustardking/ws_sensor_combined/install/px4_msgs/share/px4_msgs/msg/VehicleLocalPositionSetpoint.msg\n'}
[1.668813] (px4_msgs) StdoutLine: {'line': b'-- Up-to-date: /home/mustardking/ws_sensor_combined/install/px4_msgs/share/px4_msgs/msg/VehicleMagnetometer.msg\n'}
[1.669009] (px4_msgs) StdoutLine: {'line': b'-- Up-to-date: /home/mustardking/ws_sensor_combined/install/px4_msgs/share/px4_msgs/msg/VehicleOdometry.msg\n'}
[1.669162] (px4_msgs) StdoutLine: {'line': b'-- Up-to-date: /home/mustardking/ws_sensor_combined/install/px4_msgs/share/px4_msgs/msg/VehicleOpticalFlow.msg\n'}
[1.669365] (px4_msgs) StdoutLine: {'line': b'-- Up-to-date: /home/mustardking/ws_sensor_combined/install/px4_msgs/share/px4_msgs/msg/VehicleOpticalFlowVel.msg\n'}
[1.669519] (px4_msgs) StdoutLine: {'line': b'-- Up-to-date: /home/mustardking/ws_sensor_combined/install/px4_msgs/share/px4_msgs/msg/VehicleRatesSetpoint.msg\n'}
[1.669720] (px4_msgs) StdoutLine: {'line': b'-- Up-to-date: /home/mustardking/ws_sensor_combined/install/px4_msgs/share/px4_msgs/msg/VehicleRoi.msg\n'}
[1.669885] (px4_msgs) StdoutLine: {'line': b'-- Up-to-date: /home/mustardking/ws_sensor_combined/install/px4_msgs/share/px4_msgs/msg/VehicleStatus.msg\n'}
[1.670611] (px4_msgs) StdoutLine: {'line': b'-- Up-to-date: /home/mustardking/ws_sensor_combined/install/px4_msgs/share/px4_msgs/msg/VehicleThrustSetpoint.msg\n'}
[1.670647] (px4_msgs) StdoutLine: {'line': b'-- Up-to-date: /home/mustardking/ws_sensor_combined/install/px4_msgs/share/px4_msgs/msg/VehicleTorqueSetpoint.msg\n'}
[1.670762] (px4_msgs) StdoutLine: {'line': b'-- Up-to-date: /home/mustardking/ws_sensor_combined/install/px4_msgs/share/px4_msgs/msg/VelocityLimits.msg\n'}
[1.670886] (px4_msgs) StdoutLine: {'line': b'-- Up-to-date: /home/mustardking/ws_sensor_combined/install/px4_msgs/share/px4_msgs/msg/VtolVehicleStatus.msg\n'}
[1.671082] (px4_msgs) StdoutLine: {'line': b'-- Up-to-date: /home/mustardking/ws_sensor_combined/install/px4_msgs/share/px4_msgs/msg/WheelEncoders.msg\n'}
[1.671186] (px4_msgs) StdoutLine: {'line': b'-- Up-to-date: /home/mustardking/ws_sensor_combined/install/px4_msgs/share/px4_msgs/msg/Wind.msg\n'}
[1.671436] (px4_msgs) StdoutLine: {'line': b'-- Up-to-date: /home/mustardking/ws_sensor_combined/install/px4_msgs/share/px4_msgs/msg/YawEstimatorStatus.msg\n'}
[1.671569] (px4_msgs) StdoutLine: {'line': b'-- Up-to-date: /home/mustardking/ws_sensor_combined/install/px4_msgs/share/px4_msgs/srv/VehicleCommand.srv\n'}
[1.671738] (px4_msgs) StdoutLine: {'line': b'-- Up-to-date: /home/mustardking/ws_sensor_combined/install/px4_msgs/share/px4_msgs/srv/VehicleCommand_Request.msg\n'}
[1.672136] (px4_msgs) StdoutLine: {'line': b'-- Up-to-date: /home/mustardking/ws_sensor_combined/install/px4_msgs/share/px4_msgs/srv/VehicleCommand_Response.msg\n'}
[1.672351] (px4_msgs) StdoutLine: {'line': b'-- Up-to-date: /home/mustardking/ws_sensor_combined/install/px4_msgs/share/ament_index/resource_index/package_run_dependencies/px4_msgs\n'}
[1.672463] (px4_msgs) StdoutLine: {'line': b'-- Up-to-date: /home/mustardking/ws_sensor_combined/install/px4_msgs/share/ament_index/resource_index/parent_prefix_path/px4_msgs\n'}
[1.672618] (px4_msgs) StdoutLine: {'line': b'-- Up-to-date: /home/mustardking/ws_sensor_combined/install/px4_msgs/share/px4_msgs/environment/ament_prefix_path.sh\n'}
[1.672762] (px4_msgs) StdoutLine: {'line': b'-- Up-to-date: /home/mustardking/ws_sensor_combined/install/px4_msgs/share/px4_msgs/environment/ament_prefix_path.dsv\n'}
[1.672942] (px4_msgs) StdoutLine: {'line': b'-- Up-to-date: /home/mustardking/ws_sensor_combined/install/px4_msgs/share/px4_msgs/environment/path.sh\n'}
[1.673083] (px4_msgs) StdoutLine: {'line': b'-- Up-to-date: /home/mustardking/ws_sensor_combined/install/px4_msgs/share/px4_msgs/environment/path.dsv\n'}
[1.673272] (px4_msgs) StdoutLine: {'line': b'-- Up-to-date: /home/mustardking/ws_sensor_combined/install/px4_msgs/share/px4_msgs/local_setup.bash\n'}
[1.673393] (px4_msgs) StdoutLine: {'line': b'-- Up-to-date: /home/mustardking/ws_sensor_combined/install/px4_msgs/share/px4_msgs/local_setup.sh\n'}
[1.673560] (px4_msgs) StdoutLine: {'line': b'-- Up-to-date: /home/mustardking/ws_sensor_combined/install/px4_msgs/share/px4_msgs/local_setup.zsh\n'}
[1.673693] (px4_msgs) StdoutLine: {'line': b'-- Up-to-date: /home/mustardking/ws_sensor_combined/install/px4_msgs/share/px4_msgs/local_setup.dsv\n'}
[1.673854] (px4_msgs) StdoutLine: {'line': b'-- Installing: /home/mustardking/ws_sensor_combined/install/px4_msgs/share/px4_msgs/package.dsv\n'}
[1.674564] (px4_msgs) StdoutLine: {'line': b'-- Up-to-date: /home/mustardking/ws_sensor_combined/install/px4_msgs/share/ament_index/resource_index/packages/px4_msgs\n'}
[1.675156] (px4_msgs) StdoutLine: {'line': b'-- Up-to-date: /home/mustardking/ws_sensor_combined/install/px4_msgs/share/px4_msgs/cmake/export_px4_msgs__rosidl_generator_cExport.cmake\n'}
[1.675388] (px4_msgs) StdoutLine: {'line': b'-- Up-to-date: /home/mustardking/ws_sensor_combined/install/px4_msgs/share/px4_msgs/cmake/export_px4_msgs__rosidl_generator_cExport-noconfig.cmake\n'}
[1.676336] (px4_msgs) StdoutLine: {'line': b'-- Up-to-date: /home/mustardking/ws_sensor_combined/install/px4_msgs/share/px4_msgs/cmake/export_px4_msgs__rosidl_typesupport_fastrtps_cExport.cmake\n'}
[1.676394] (px4_msgs) StdoutLine: {'line': b'-- Up-to-date: /home/mustardking/ws_sensor_combined/install/px4_msgs/share/px4_msgs/cmake/export_px4_msgs__rosidl_typesupport_fastrtps_cExport-noconfig.cmake\n'}
[1.676775] (px4_msgs) StdoutLine: {'line': b'-- Up-to-date: /home/mustardking/ws_sensor_combined/install/px4_msgs/share/px4_msgs/cmake/export_px4_msgs__rosidl_generator_cppExport.cmake\n'}
[1.677224] (px4_msgs) StdoutLine: {'line': b'-- Up-to-date: /home/mustardking/ws_sensor_combined/install/px4_msgs/share/px4_msgs/cmake/export_px4_msgs__rosidl_typesupport_fastrtps_cppExport.cmake\n'}
[1.677384] (px4_msgs) StdoutLine: {'line': b'-- Up-to-date: /home/mustardking/ws_sensor_combined/install/px4_msgs/share/px4_msgs/cmake/export_px4_msgs__rosidl_typesupport_fastrtps_cppExport-noconfig.cmake\n'}
[1.677940] (px4_msgs) StdoutLine: {'line': b'-- Up-to-date: /home/mustardking/ws_sensor_combined/install/px4_msgs/share/px4_msgs/cmake/px4_msgs__rosidl_typesupport_introspection_cExport.cmake\n'}
[1.678066] (px4_msgs) StdoutLine: {'line': b'-- Up-to-date: /home/mustardking/ws_sensor_combined/install/px4_msgs/share/px4_msgs/cmake/px4_msgs__rosidl_typesupport_introspection_cExport-noconfig.cmake\n'}
[1.678580] (px4_msgs) StdoutLine: {'line': b'-- Up-to-date: /home/mustardking/ws_sensor_combined/install/px4_msgs/share/px4_msgs/cmake/px4_msgs__rosidl_typesupport_cExport.cmake\n'}
[1.678693] (px4_msgs) StdoutLine: {'line': b'-- Up-to-date: /home/mustardking/ws_sensor_combined/install/px4_msgs/share/px4_msgs/cmake/px4_msgs__rosidl_typesupport_cExport-noconfig.cmake\n'}
[1.679125] (px4_msgs) StdoutLine: {'line': b'-- Up-to-date: /home/mustardking/ws_sensor_combined/install/px4_msgs/share/px4_msgs/cmake/px4_msgs__rosidl_typesupport_introspection_cppExport.cmake\n'}
[1.679322] (px4_msgs) StdoutLine: {'line': b'-- Up-to-date: /home/mustardking/ws_sensor_combined/install/px4_msgs/share/px4_msgs/cmake/px4_msgs__rosidl_typesupport_introspection_cppExport-noconfig.cmake\n'}
[1.679748] (px4_msgs) StdoutLine: {'line': b'-- Up-to-date: /home/mustardking/ws_sensor_combined/install/px4_msgs/share/px4_msgs/cmake/px4_msgs__rosidl_typesupport_cppExport.cmake\n'}
[1.679919] (px4_msgs) StdoutLine: {'line': b'-- Up-to-date: /home/mustardking/ws_sensor_combined/install/px4_msgs/share/px4_msgs/cmake/px4_msgs__rosidl_typesupport_cppExport-noconfig.cmake\n'}
[1.680316] (px4_msgs) StdoutLine: {'line': b'-- Up-to-date: /home/mustardking/ws_sensor_combined/install/px4_msgs/share/px4_msgs/cmake/export_px4_msgs__rosidl_generator_pyExport.cmake\n'}
[1.680489] (px4_msgs) StdoutLine: {'line': b'-- Up-to-date: /home/mustardking/ws_sensor_combined/install/px4_msgs/share/px4_msgs/cmake/export_px4_msgs__rosidl_generator_pyExport-noconfig.cmake\n'}
[1.680622] (px4_msgs) StdoutLine: {'line': b'-- Up-to-date: /home/mustardking/ws_sensor_combined/install/px4_msgs/share/px4_msgs/cmake/rosidl_cmake-extras.cmake\n'}
[1.680790] (px4_msgs) StdoutLine: {'line': b'-- Up-to-date: /home/mustardking/ws_sensor_combined/install/px4_msgs/share/px4_msgs/cmake/ament_cmake_export_dependencies-extras.cmake\n'}
[1.680924] (px4_msgs) StdoutLine: {'line': b'-- Up-to-date: /home/mustardking/ws_sensor_combined/install/px4_msgs/share/px4_msgs/cmake/ament_cmake_export_include_directories-extras.cmake\n'}
[1.681089] (px4_msgs) StdoutLine: {'line': b'-- Up-to-date: /home/mustardking/ws_sensor_combined/install/px4_msgs/share/px4_msgs/cmake/ament_cmake_export_libraries-extras.cmake\n'}
[1.681229] (px4_msgs) StdoutLine: {'line': b'-- Up-to-date: /home/mustardking/ws_sensor_combined/install/px4_msgs/share/px4_msgs/cmake/ament_cmake_export_targets-extras.cmake\n'}
[1.681393] (px4_msgs) StdoutLine: {'line': b'-- Up-to-date: /home/mustardking/ws_sensor_combined/install/px4_msgs/share/px4_msgs/cmake/rosidl_cmake_export_typesupport_targets-extras.cmake\n'}
[1.681565] (px4_msgs) StdoutLine: {'line': b'-- Up-to-date: /home/mustardking/ws_sensor_combined/install/px4_msgs/share/px4_msgs/cmake/rosidl_cmake_export_typesupport_libraries-extras.cmake\n'}
[1.681694] (px4_msgs) StdoutLine: {'line': b'-- Up-to-date: /home/mustardking/ws_sensor_combined/install/px4_msgs/share/px4_msgs/cmake/px4_msgsConfig.cmake\n'}
[1.681775] (px4_msgs) StdoutLine: {'line': b'-- Up-to-date: /home/mustardking/ws_sensor_combined/install/px4_msgs/share/px4_msgs/cmake/px4_msgsConfig-version.cmake\n'}
[1.681827] (px4_msgs) StdoutLine: {'line': b'-- Up-to-date: /home/mustardking/ws_sensor_combined/install/px4_msgs/share/px4_msgs/package.xml\n'}
[1.684823] (px4_msgs) CommandEnded: {'returncode': 0}
[1.699877] (px4_msgs) JobEnded: {'identifier': 'px4_msgs', 'rc': 0}
[1.700573] (px4_ros_com) JobStarted: {'identifier': 'px4_ros_com'}
[1.703831] (px4_ros_com) JobProgress: {'identifier': 'px4_ros_com', 'progress': 'cmake'}
[1.704577] (px4_ros_com) JobProgress: {'identifier': 'px4_ros_com', 'progress': 'build'}
[1.705092] (px4_ros_com) Command: {'cmd': ['/usr/bin/cmake', '--build', '/home/mustardking/ws_sensor_combined/build/px4_ros_com', '--', '-j4', '-l4'], 'cwd': '/home/mustardking/ws_sensor_combined/build/px4_ros_com', 'env': OrderedDict([('GJS_DEBUG_TOPICS', 'JS ERROR;JS LOG'), ('LESSOPEN', '| /usr/bin/lesspipe %s'), ('USER', 'mustardking'), ('XDG_SESSION_TYPE', 'wayland'), ('GIT_ASKPASS', '/usr/share/code/resources/app/extensions/git/dist/askpass.sh'), ('SHLVL', '2'), ('LD_LIBRARY_PATH', '/home/mustardking/ws_sensor_combined/install/px4_msgs/lib'), ('HOME', '/home/mustardking'), ('CHROME_DESKTOP', 'code.desktop'), ('OLDPWD', '/home/mustardking/ws_sensor_combined'), ('TERM_PROGRAM_VERSION', '1.105.1'), ('DESKTOP_SESSION', 'ubuntu'), ('GIO_LAUNCHED_DESKTOP_FILE', '/usr/share/applications/code.desktop'), ('GNOME_SHELL_SESSION_MODE', 'ubuntu'), ('GTK_MODULES', 'gail:atk-bridge'), ('VSCODE_GIT_ASKPASS_MAIN', '/usr/share/code/resources/app/extensions/git/dist/askpass-main.js'), ('VSCODE_GIT_ASKPASS_NODE', '/usr/share/code/code'), ('MANAGERPID', '1371'), ('SYSTEMD_EXEC_PID', '1484'), ('IM_CONFIG_CHECK_ENV', '1'), ('VSCODE_PYTHON_AUTOACTIVATE_GUARD', '1'), ('DBUS_SESSION_BUS_ADDRESS', 'unix:path=/run/user/1000/bus'), ('COLORTERM', 'truecolor'), ('GIO_LAUNCHED_DESKTOP_FILE_PID', '2089'), ('IM_CONFIG_PHASE', '1'), ('WAYLAND_DISPLAY', 'wayland-0'), ('LOGNAME', 'mustardking'), ('JOURNAL_STREAM', '8:27332'), ('_', '/usr/bin/colcon'), ('XDG_SESSION_CLASS', 'user'), ('USERNAME', 'mustardking'), ('TERM', 'xterm-256color'), ('GNOME_DESKTOP_SESSION_ID', 'this-is-deprecated'), ('PATH', '/opt/gcc-arm-none-eabi-9-2020-q2-update/bin:/home/mustardking/.local/bin:/opt/gcc-arm-none-eabi-9-2020-q2-update/bin:/home/mustardking/.local/bin:/usr/local/sbin:/usr/local/bin:/usr/sbin:/usr/bin:/sbin:/bin:/usr/games:/usr/local/games:/snap/bin:/snap/bin'), ('SESSION_MANAGER', 'local/hektors-mac:@/tmp/.ICE-unix/1460,unix/hektors-mac:/tmp/.ICE-unix/1460'), ('INVOCATION_ID', 'ef6132173e1549938973bc73c166080a'), ('XDG_MENU_PREFIX', 'gnome-'), ('GNOME_SETUP_DISPLAY', ':1'), ('XDG_RUNTIME_DIR', '/run/user/1000'), ('GDK_BACKEND', 'x11'), ('DISPLAY', ':0'), ('LANG', 'en_US.UTF-8'), ('XDG_CURRENT_DESKTOP', 'Unity'), ('XMODIFIERS', '@im=ibus'), ('XDG_SESSION_DESKTOP', 'ubuntu'), ('XAUTHORITY', '/run/user/1000/.mutter-Xwaylandauth.Q6BCF3'), ('LS_COLORS', 'rs=0:di=01;34:ln=01;36:mh=00:pi=40;33:so=01;35:do=01;35:bd=40;33;01:cd=40;33;01:or=40;31;01:mi=00:su=37;41:sg=30;43:ca=30;41:tw=30;42:ow=34;42:st=37;44:ex=01;32:*.tar=01;31:*.tgz=01;31:*.arc=01;31:*.arj=01;31:*.taz=01;31:*.lha=01;31:*.lz4=01;31:*.lzh=01;31:*.lzma=01;31:*.tlz=01;31:*.txz=01;31:*.tzo=01;31:*.t7z=01;31:*.zip=01;31:*.z=01;31:*.dz=01;31:*.gz=01;31:*.lrz=01;31:*.lz=01;31:*.lzo=01;31:*.xz=01;31:*.zst=01;31:*.tzst=01;31:*.bz2=01;31:*.bz=01;31:*.tbz=01;31:*.tbz2=01;31:*.tz=01;31:*.deb=01;31:*.rpm=01;31:*.jar=01;31:*.war=01;31:*.ear=01;31:*.sar=01;31:*.rar=01;31:*.alz=01;31:*.ace=01;31:*.zoo=01;31:*.cpio=01;31:*.7z=01;31:*.rz=01;31:*.cab=01;31:*.wim=01;31:*.swm=01;31:*.dwm=01;31:*.esd=01;31:*.jpg=01;35:*.jpeg=01;35:*.mjpg=01;35:*.mjpeg=01;35:*.gif=01;35:*.bmp=01;35:*.pbm=01;35:*.pgm=01;35:*.ppm=01;35:*.tga=01;35:*.xbm=01;35:*.xpm=01;35:*.tif=01;35:*.tiff=01;35:*.png=01;35:*.svg=01;35:*.svgz=01;35:*.mng=01;35:*.pcx=01;35:*.mov=01;35:*.mpg=01;35:*.mpeg=01;35:*.m2v=01;35:*.mkv=01;35:*.webm=01;35:*.webp=01;35:*.ogm=01;35:*.mp4=01;35:*.m4v=01;35:*.mp4v=01;35:*.vob=01;35:*.qt=01;35:*.nuv=01;35:*.wmv=01;35:*.asf=01;35:*.rm=01;35:*.rmvb=01;35:*.flc=01;35:*.avi=01;35:*.fli=01;35:*.flv=01;35:*.gl=01;35:*.dl=01;35:*.xcf=01;35:*.xwd=01;35:*.yuv=01;35:*.cgm=01;35:*.emf=01;35:*.ogv=01;35:*.ogx=01;35:*.aac=00;36:*.au=00;36:*.flac=00;36:*.m4a=00;36:*.mid=00;36:*.midi=00;36:*.mka=00;36:*.mp3=00;36:*.mpc=00;36:*.ogg=00;36:*.ra=00;36:*.wav=00;36:*.oga=00;36:*.opus=00;36:*.spx=00;36:*.xspf=00;36:'), ('VSCODE_GIT_IPC_HANDLE', '/run/user/1000/vscode-git-fdd1aba908.sock'), ('TERM_PROGRAM', 'vscode'), ('SSH_AGENT_LAUNCHER', 'gnome-keyring'), ('SSH_AUTH_SOCK', '/run/user/1000/keyring/ssh'), ('ORIGINAL_XDG_CURRENT_DESKTOP', 'ubuntu:GNOME'), ('AMENT_PREFIX_PATH', '/home/mustardking/ws_sensor_combined/install/px4_msgs'), ('SHELL', '/bin/bash'), ('QT_ACCESSIBILITY', '1'), ('GDMSESSION', 'ubuntu'), ('LESSCLOSE', '/usr/bin/lesspipe %s %s'), ('GJS_DEBUG_OUTPUT', 'stderr'), ('VSCODE_GIT_ASKPASS_EXTRA_ARGS', ''), ('QT_IM_MODULE', 'ibus'), ('PWD', '/home/mustardking/ws_sensor_combined/build/px4_ros_com'), ('LC_ALL', 'en_US.UTF-8'), ('XDG_CONFIG_DIRS', '/etc/xdg/xdg-ubuntu:/etc/xdg'), ('XDG_DATA_DIRS', '/usr/share/ubuntu:/home/mustardking/.local/share/flatpak/exports/share:/var/lib/flatpak/exports/share:/usr/local/share/:/usr/share/:/var/lib/snapd/desktop'), ('PYTHONPATH', '/home/mustardking/ws_sensor_combined/install/px4_msgs/local/lib/python3.10/dist-packages'), ('COLCON', '1'), ('CMAKE_PREFIX_PATH', '/home/mustardking/ws_sensor_combined/install/px4_msgs')]), 'shell': False}
[1.719242] (-) TimerEvent: {}
[1.774550] (px4_ros_com) StdoutLine: {'line': b'\x1b[35m\x1b[1mConsolidate compiler generated dependencies of target sensor_combined_listener\x1b[0m\n'}
[1.775570] (px4_ros_com) StdoutLine: {'line': b'\x1b[35m\x1b[1mConsolidate compiler generated dependencies of target frame_transforms\x1b[0m\n'}
[1.781333] (px4_ros_com) StdoutLine: {'line': b'\x1b[35m\x1b[1mConsolidate compiler generated dependencies of target debug_vect_advertiser\x1b[0m\n'}
[1.793101] (px4_ros_com) StdoutLine: {'line': b'[ 16%] Built target debug_vect_advertiser\n'}
[1.796592] (px4_ros_com) StdoutLine: {'line': b'\x1b[35m\x1b[1mConsolidate compiler generated dependencies of target vehicle_gps_position_listener\x1b[0m\n'}
[1.797461] (px4_ros_com) StdoutLine: {'line': b'[ 33%] Built target sensor_combined_listener\n'}
[1.801779] (px4_ros_com) StdoutLine: {'line': b'\x1b[35m\x1b[1mConsolidate compiler generated dependencies of target offboard_control\x1b[0m\n'}
[1.803624] (px4_ros_com) StdoutLine: {'line': b'[ 50%] Built target frame_transforms\n'}
[1.808134] (px4_ros_com) StdoutLine: {'line': b'\x1b[35m\x1b[1mConsolidate compiler generated dependencies of target offboard_control_srv\x1b[0m\n'}
[1.811788] (px4_ros_com) StdoutLine: {'line': b'[ 66%] Built target vehicle_gps_position_listener\n'}
[1.812904] (px4_ros_com) StdoutLine: {'line': b'[ 83%] Built target offboard_control\n'}
[1.816415] (px4_ros_com) StdoutLine: {'line': b'[100%] Built target offboard_control_srv\n'}
[1.819315] (-) TimerEvent: {}
[1.821681] (px4_ros_com) StdoutLine: {'line': b'[100%] Built target ament_cmake_python_copy_px4_ros_com\n'}
[1.905488] (px4_ros_com) StdoutLine: {'line': b'running egg_info\n'}
[1.909516] (px4_ros_com) StdoutLine: {'line': b'writing px4_ros_com.egg-info/PKG-INFO\n'}
[1.909982] (px4_ros_com) StdoutLine: {'line': b'writing dependency_links to px4_ros_com.egg-info/dependency_links.txt\n'}
[1.910111] (px4_ros_com) StdoutLine: {'line': b'writing top-level names to px4_ros_com.egg-info/top_level.txt\n'}
[1.919388] (-) TimerEvent: {}
[1.921244] (px4_ros_com) StdoutLine: {'line': b"reading manifest file 'px4_ros_com.egg-info/SOURCES.txt'\n"}
[1.922295] (px4_ros_com) StdoutLine: {'line': b"writing manifest file 'px4_ros_com.egg-info/SOURCES.txt'\n"}
[1.941716] (px4_ros_com) StdoutLine: {'line': b'[100%] Built target ament_cmake_python_build_px4_ros_com_egg\n'}
[1.952813] (px4_ros_com) CommandEnded: {'returncode': 0}
[1.953595] (px4_ros_com) JobProgress: {'identifier': 'px4_ros_com', 'progress': 'install'}
[1.954350] (px4_ros_com) Command: {'cmd': ['/usr/bin/cmake', '--install', '/home/mustardking/ws_sensor_combined/build/px4_ros_com'], 'cwd': '/home/mustardking/ws_sensor_combined/build/px4_ros_com', 'env': OrderedDict([('GJS_DEBUG_TOPICS', 'JS ERROR;JS LOG'), ('LESSOPEN', '| /usr/bin/lesspipe %s'), ('USER', 'mustardking'), ('XDG_SESSION_TYPE', 'wayland'), ('GIT_ASKPASS', '/usr/share/code/resources/app/extensions/git/dist/askpass.sh'), ('SHLVL', '2'), ('LD_LIBRARY_PATH', '/home/mustardking/ws_sensor_combined/install/px4_msgs/lib'), ('HOME', '/home/mustardking'), ('CHROME_DESKTOP', 'code.desktop'), ('OLDPWD', '/home/mustardking/ws_sensor_combined'), ('TERM_PROGRAM_VERSION', '1.105.1'), ('DESKTOP_SESSION', 'ubuntu'), ('GIO_LAUNCHED_DESKTOP_FILE', '/usr/share/applications/code.desktop'), ('GNOME_SHELL_SESSION_MODE', 'ubuntu'), ('GTK_MODULES', 'gail:atk-bridge'), ('VSCODE_GIT_ASKPASS_MAIN', '/usr/share/code/resources/app/extensions/git/dist/askpass-main.js'), ('VSCODE_GIT_ASKPASS_NODE', '/usr/share/code/code'), ('MANAGERPID', '1371'), ('SYSTEMD_EXEC_PID', '1484'), ('IM_CONFIG_CHECK_ENV', '1'), ('VSCODE_PYTHON_AUTOACTIVATE_GUARD', '1'), ('DBUS_SESSION_BUS_ADDRESS', 'unix:path=/run/user/1000/bus'), ('COLORTERM', 'truecolor'), ('GIO_LAUNCHED_DESKTOP_FILE_PID', '2089'), ('IM_CONFIG_PHASE', '1'), ('WAYLAND_DISPLAY', 'wayland-0'), ('LOGNAME', 'mustardking'), ('JOURNAL_STREAM', '8:27332'), ('_', '/usr/bin/colcon'), ('XDG_SESSION_CLASS', 'user'), ('USERNAME', 'mustardking'), ('TERM', 'xterm-256color'), ('GNOME_DESKTOP_SESSION_ID', 'this-is-deprecated'), ('PATH', '/opt/gcc-arm-none-eabi-9-2020-q2-update/bin:/home/mustardking/.local/bin:/opt/gcc-arm-none-eabi-9-2020-q2-update/bin:/home/mustardking/.local/bin:/usr/local/sbin:/usr/local/bin:/usr/sbin:/usr/bin:/sbin:/bin:/usr/games:/usr/local/games:/snap/bin:/snap/bin'), ('SESSION_MANAGER', 'local/hektors-mac:@/tmp/.ICE-unix/1460,unix/hektors-mac:/tmp/.ICE-unix/1460'), ('INVOCATION_ID', 'ef6132173e1549938973bc73c166080a'), ('XDG_MENU_PREFIX', 'gnome-'), ('GNOME_SETUP_DISPLAY', ':1'), ('XDG_RUNTIME_DIR', '/run/user/1000'), ('GDK_BACKEND', 'x11'), ('DISPLAY', ':0'), ('LANG', 'en_US.UTF-8'), ('XDG_CURRENT_DESKTOP', 'Unity'), ('XMODIFIERS', '@im=ibus'), ('XDG_SESSION_DESKTOP', 'ubuntu'), ('XAUTHORITY', '/run/user/1000/.mutter-Xwaylandauth.Q6BCF3'), ('LS_COLORS', 'rs=0:di=01;34:ln=01;36:mh=00:pi=40;33:so=01;35:do=01;35:bd=40;33;01:cd=40;33;01:or=40;31;01:mi=00:su=37;41:sg=30;43:ca=30;41:tw=30;42:ow=34;42:st=37;44:ex=01;32:*.tar=01;31:*.tgz=01;31:*.arc=01;31:*.arj=01;31:*.taz=01;31:*.lha=01;31:*.lz4=01;31:*.lzh=01;31:*.lzma=01;31:*.tlz=01;31:*.txz=01;31:*.tzo=01;31:*.t7z=01;31:*.zip=01;31:*.z=01;31:*.dz=01;31:*.gz=01;31:*.lrz=01;31:*.lz=01;31:*.lzo=01;31:*.xz=01;31:*.zst=01;31:*.tzst=01;31:*.bz2=01;31:*.bz=01;31:*.tbz=01;31:*.tbz2=01;31:*.tz=01;31:*.deb=01;31:*.rpm=01;31:*.jar=01;31:*.war=01;31:*.ear=01;31:*.sar=01;31:*.rar=01;31:*.alz=01;31:*.ace=01;31:*.zoo=01;31:*.cpio=01;31:*.7z=01;31:*.rz=01;31:*.cab=01;31:*.wim=01;31:*.swm=01;31:*.dwm=01;31:*.esd=01;31:*.jpg=01;35:*.jpeg=01;35:*.mjpg=01;35:*.mjpeg=01;35:*.gif=01;35:*.bmp=01;35:*.pbm=01;35:*.pgm=01;35:*.ppm=01;35:*.tga=01;35:*.xbm=01;35:*.xpm=01;35:*.tif=01;35:*.tiff=01;35:*.png=01;35:*.svg=01;35:*.svgz=01;35:*.mng=01;35:*.pcx=01;35:*.mov=01;35:*.mpg=01;35:*.mpeg=01;35:*.m2v=01;35:*.mkv=01;35:*.webm=01;35:*.webp=01;35:*.ogm=01;35:*.mp4=01;35:*.m4v=01;35:*.mp4v=01;35:*.vob=01;35:*.qt=01;35:*.nuv=01;35:*.wmv=01;35:*.asf=01;35:*.rm=01;35:*.rmvb=01;35:*.flc=01;35:*.avi=01;35:*.fli=01;35:*.flv=01;35:*.gl=01;35:*.dl=01;35:*.xcf=01;35:*.xwd=01;35:*.yuv=01;35:*.cgm=01;35:*.emf=01;35:*.ogv=01;35:*.ogx=01;35:*.aac=00;36:*.au=00;36:*.flac=00;36:*.m4a=00;36:*.mid=00;36:*.midi=00;36:*.mka=00;36:*.mp3=00;36:*.mpc=00;36:*.ogg=00;36:*.ra=00;36:*.wav=00;36:*.oga=00;36:*.opus=00;36:*.spx=00;36:*.xspf=00;36:'), ('VSCODE_GIT_IPC_HANDLE', '/run/user/1000/vscode-git-fdd1aba908.sock'), ('TERM_PROGRAM', 'vscode'), ('SSH_AGENT_LAUNCHER', 'gnome-keyring'), ('SSH_AUTH_SOCK', '/run/user/1000/keyring/ssh'), ('ORIGINAL_XDG_CURRENT_DESKTOP', 'ubuntu:GNOME'), ('AMENT_PREFIX_PATH', '/home/mustardking/ws_sensor_combined/install/px4_msgs'), ('SHELL', '/bin/bash'), ('QT_ACCESSIBILITY', '1'), ('GDMSESSION', 'ubuntu'), ('LESSCLOSE', '/usr/bin/lesspipe %s %s'), ('GJS_DEBUG_OUTPUT', 'stderr'), ('VSCODE_GIT_ASKPASS_EXTRA_ARGS', ''), ('QT_IM_MODULE', 'ibus'), ('PWD', '/home/mustardking/ws_sensor_combined/build/px4_ros_com'), ('LC_ALL', 'en_US.UTF-8'), ('XDG_CONFIG_DIRS', '/etc/xdg/xdg-ubuntu:/etc/xdg'), ('XDG_DATA_DIRS', '/usr/share/ubuntu:/home/mustardking/.local/share/flatpak/exports/share:/var/lib/flatpak/exports/share:/usr/local/share/:/usr/share/:/var/lib/snapd/desktop'), ('PYTHONPATH', '/home/mustardking/ws_sensor_combined/install/px4_msgs/local/lib/python3.10/dist-packages'), ('COLCON', '1'), ('CMAKE_PREFIX_PATH', '/home/mustardking/ws_sensor_combined/install/px4_msgs')]), 'shell': False}
[1.960680] (px4_ros_com) StdoutLine: {'line': b'-- Install configuration: ""\n'}
[1.960775] (px4_ros_com) StdoutLine: {'line': b'-- Up-to-date: /home/mustardking/ws_sensor_combined/install/px4_ros_com/lib/px4_ros_com/sensor_combined_listener\n'}
[1.961119] (px4_ros_com) StdoutLine: {'line': b'-- Up-to-date: /home/mustardking/ws_sensor_combined/install/px4_ros_com/lib/px4_ros_com/vehicle_gps_position_listener\n'}
[1.961901] (px4_ros_com) StdoutLine: {'line': b'-- Up-to-date: /home/mustardking/ws_sensor_combined/install/px4_ros_com/lib/px4_ros_com/debug_vect_advertiser\n'}
[1.962846] (px4_ros_com) StdoutLine: {'line': b'-- Up-to-date: /home/mustardking/ws_sensor_combined/install/px4_ros_com/lib/px4_ros_com/offboard_control\n'}
[1.963649] (px4_ros_com) StdoutLine: {'line': b'-- Up-to-date: /home/mustardking/ws_sensor_combined/install/px4_ros_com/lib/px4_ros_com/offboard_control_srv\n'}
[1.963732] (px4_ros_com) StdoutLine: {'line': b'-- Up-to-date: /home/mustardking/ws_sensor_combined/install/px4_ros_com/share/px4_ros_com/environment/library_path.sh\n'}
[1.963804] (px4_ros_com) StdoutLine: {'line': b'-- Up-to-date: /home/mustardking/ws_sensor_combined/install/px4_ros_com/share/px4_ros_com/environment/library_path.dsv\n'}
[1.963834] (px4_ros_com) StdoutLine: {'line': b'-- Up-to-date: /home/mustardking/ws_sensor_combined/install/px4_ros_com/include/px4_ros_com\n'}
[1.963857] (px4_ros_com) StdoutLine: {'line': b'-- Up-to-date: /home/mustardking/ws_sensor_combined/install/px4_ros_com/include/px4_ros_com/frame_transforms.h\n'}
[1.964432] (px4_ros_com) StdoutLine: {'line': b'-- Up-to-date: /home/mustardking/ws_sensor_combined/install/px4_ros_com/lib/libframe_transforms.so\n'}
[1.964508] (px4_ros_com) StdoutLine: {'line': b'-- Up-to-date: /home/mustardking/ws_sensor_combined/install/px4_ros_com/share/px4_ros_com//launch\n'}
[1.964591] (px4_ros_com) StdoutLine: {'line': b'-- Up-to-date: /home/mustardking/ws_sensor_combined/install/px4_ros_com/share/px4_ros_com//launch/offboard_control_launch.yaml\n'}
[1.964635] (px4_ros_com) StdoutLine: {'line': b'-- Up-to-date: /home/mustardking/ws_sensor_combined/install/px4_ros_com/share/px4_ros_com//launch/sensor_combined_listener.launch.py\n'}
[1.964702] (px4_ros_com) StdoutLine: {'line': b'-- Up-to-date: /home/mustardking/ws_sensor_combined/install/px4_ros_com/share/px4_ros_com//test\n'}
[1.964777] (px4_ros_com) StdoutLine: {'line': b'-- Up-to-date: /home/mustardking/ws_sensor_combined/install/px4_ros_com/share/px4_ros_com//test/test_output.py\n'}
[1.964826] (px4_ros_com) StdoutLine: {'line': b'-- Up-to-date: /home/mustardking/ws_sensor_combined/install/px4_ros_com/share/px4_ros_com//test/__init__.py\n'}
[1.964885] (px4_ros_com) StdoutLine: {'line': b'-- Up-to-date: /home/mustardking/ws_sensor_combined/install/px4_ros_com/share/px4_ros_com//test/pipeline_io_test.py\n'}
[1.964915] (px4_ros_com) StdoutLine: {'line': b'-- Up-to-date: /home/mustardking/ws_sensor_combined/install/px4_ros_com/share/px4_ros_com//test/test_input.py\n'}
[1.964948] (px4_ros_com) StdoutLine: {'line': b'-- Up-to-date: /home/mustardking/ws_sensor_combined/install/px4_ros_com/share/px4_ros_com/environment/pythonpath.sh\n'}
[1.964981] (px4_ros_com) StdoutLine: {'line': b'-- Up-to-date: /home/mustardking/ws_sensor_combined/install/px4_ros_com/share/px4_ros_com/environment/pythonpath.dsv\n'}
[1.965013] (px4_ros_com) StdoutLine: {'line': b'-- Up-to-date: /home/mustardking/ws_sensor_combined/install/px4_ros_com/local/lib/python3.10/dist-packages/px4_ros_com-0.1.0-py3.10.egg-info\n'}
[1.965048] (px4_ros_com) StdoutLine: {'line': b'-- Installing: /home/mustardking/ws_sensor_combined/install/px4_ros_com/local/lib/python3.10/dist-packages/px4_ros_com-0.1.0-py3.10.egg-info/SOURCES.txt\n'}
[1.965083] (px4_ros_com) StdoutLine: {'line': b'-- Installing: /home/mustardking/ws_sensor_combined/install/px4_ros_com/local/lib/python3.10/dist-packages/px4_ros_com-0.1.0-py3.10.egg-info/PKG-INFO\n'}
[1.965152] (px4_ros_com) StdoutLine: {'line': b'-- Installing: /home/mustardking/ws_sensor_combined/install/px4_ros_com/local/lib/python3.10/dist-packages/px4_ros_com-0.1.0-py3.10.egg-info/dependency_links.txt\n'}
[1.965177] (px4_ros_com) StdoutLine: {'line': b'-- Installing: /home/mustardking/ws_sensor_combined/install/px4_ros_com/local/lib/python3.10/dist-packages/px4_ros_com-0.1.0-py3.10.egg-info/top_level.txt\n'}
[1.965203] (px4_ros_com) StdoutLine: {'line': b'-- Up-to-date: /home/mustardking/ws_sensor_combined/install/px4_ros_com/local/lib/python3.10/dist-packages/px4_ros_com\n'}
[1.965225] (px4_ros_com) StdoutLine: {'line': b'-- Up-to-date: /home/mustardking/ws_sensor_combined/install/px4_ros_com/local/lib/python3.10/dist-packages/px4_ros_com/module_to_import.py\n'}
[1.965247] (px4_ros_com) StdoutLine: {'line': b'-- Up-to-date: /home/mustardking/ws_sensor_combined/install/px4_ros_com/local/lib/python3.10/dist-packages/px4_ros_com/__init__.py\n'}
[1.980371] (px4_ros_com) StdoutLine: {'line': b"Listing '/home/mustardking/ws_sensor_combined/install/px4_ros_com/local/lib/python3.10/dist-packages/px4_ros_com'...\n"}
[1.982990] (px4_ros_com) StdoutLine: {'line': b'-- Up-to-date: /home/mustardking/ws_sensor_combined/install/px4_ros_com/lib/px4_ros_com/offboard_control.py\n'}
[1.983165] (px4_ros_com) StdoutLine: {'line': b'-- Up-to-date: /home/mustardking/ws_sensor_combined/install/px4_ros_com/share/ament_index/resource_index/package_run_dependencies/px4_ros_com\n'}
[1.983208] (px4_ros_com) StdoutLine: {'line': b'-- Up-to-date: /home/mustardking/ws_sensor_combined/install/px4_ros_com/share/ament_index/resource_index/parent_prefix_path/px4_ros_com\n'}
[1.983259] (px4_ros_com) StdoutLine: {'line': b'-- Up-to-date: /home/mustardking/ws_sensor_combined/install/px4_ros_com/share/px4_ros_com/environment/ament_prefix_path.sh\n'}
[1.983361] (px4_ros_com) StdoutLine: {'line': b'-- Up-to-date: /home/mustardking/ws_sensor_combined/install/px4_ros_com/share/px4_ros_com/environment/ament_prefix_path.dsv\n'}
[1.983408] (px4_ros_com) StdoutLine: {'line': b'-- Up-to-date: /home/mustardking/ws_sensor_combined/install/px4_ros_com/share/px4_ros_com/environment/path.sh\n'}
[1.983439] (px4_ros_com) StdoutLine: {'line': b'-- Up-to-date: /home/mustardking/ws_sensor_combined/install/px4_ros_com/share/px4_ros_com/environment/path.dsv\n'}
[1.983492] (px4_ros_com) StdoutLine: {'line': b'-- Up-to-date: /home/mustardking/ws_sensor_combined/install/px4_ros_com/share/px4_ros_com/local_setup.bash\n'}
[1.983533] (px4_ros_com) StdoutLine: {'line': b'-- Up-to-date: /home/mustardking/ws_sensor_combined/install/px4_ros_com/share/px4_ros_com/local_setup.sh\n'}
[1.983564] (px4_ros_com) StdoutLine: {'line': b'-- Up-to-date: /home/mustardking/ws_sensor_combined/install/px4_ros_com/share/px4_ros_com/local_setup.zsh\n'}
[1.983586] (px4_ros_com) StdoutLine: {'line': b'-- Up-to-date: /home/mustardking/ws_sensor_combined/install/px4_ros_com/share/px4_ros_com/local_setup.dsv\n'}
[1.983608] (px4_ros_com) StdoutLine: {'line': b'-- Installing: /home/mustardking/ws_sensor_combined/install/px4_ros_com/share/px4_ros_com/package.dsv\n'}
[1.983904] (px4_ros_com) StdoutLine: {'line': b'-- Up-to-date: /home/mustardking/ws_sensor_combined/install/px4_ros_com/share/ament_index/resource_index/packages/px4_ros_com\n'}
[1.984125] (px4_ros_com) StdoutLine: {'line': b'-- Up-to-date: /home/mustardking/ws_sensor_combined/install/px4_ros_com/share/px4_ros_com/cmake/export_frame_transformsExport.cmake\n'}
[1.984252] (px4_ros_com) StdoutLine: {'line': b'-- Up-to-date: /home/mustardking/ws_sensor_combined/install/px4_ros_com/share/px4_ros_com/cmake/export_frame_transformsExport-noconfig.cmake\n'}
[1.984346] (px4_ros_com) StdoutLine: {'line': b'-- Up-to-date: /home/mustardking/ws_sensor_combined/install/px4_ros_com/share/px4_ros_com/cmake/ament_cmake_export_dependencies-extras.cmake\n'}
[1.984370] (px4_ros_com) StdoutLine: {'line': b'-- Up-to-date: /home/mustardking/ws_sensor_combined/install/px4_ros_com/share/px4_ros_com/cmake/ament_cmake_export_targets-extras.cmake\n'}
[1.984394] (px4_ros_com) StdoutLine: {'line': b'-- Up-to-date: /home/mustardking/ws_sensor_combined/install/px4_ros_com/share/px4_ros_com/cmake/ament_cmake_export_include_directories-extras.cmake\n'}
[1.984416] (px4_ros_com) StdoutLine: {'line': b'-- Up-to-date: /home/mustardking/ws_sensor_combined/install/px4_ros_com/share/px4_ros_com/cmake/ament_cmake_export_libraries-extras.cmake\n'}
[1.984438] (px4_ros_com) StdoutLine: {'line': b'-- Up-to-date: /home/mustardking/ws_sensor_combined/install/px4_ros_com/share/px4_ros_com/cmake/px4_ros_comConfig.cmake\n'}
[1.984460] (px4_ros_com) StdoutLine: {'line': b'-- Up-to-date: /home/mustardking/ws_sensor_combined/install/px4_ros_com/share/px4_ros_com/cmake/px4_ros_comConfig-version.cmake\n'}
[1.984482] (px4_ros_com) StdoutLine: {'line': b'-- Up-to-date: /home/mustardking/ws_sensor_combined/install/px4_ros_com/share/px4_ros_com/package.xml\n'}
[1.985485] (px4_ros_com) CommandEnded: {'returncode': 0}
[1.992897] (px4_ros_com) JobEnded: {'identifier': 'px4_ros_com', 'rc': 0}
[1.993354] (-) EventReactorShutdown: {}
