[0.000000] (-) TimerEvent: {}
[0.000196] (px4_msgs) JobQueued: {'identifier': 'px4_msgs', 'dependencies': OrderedDict()}
[0.000233] (px4_ros_com) JobQueued: {'identifier': 'px4_ros_com', 'dependencies': OrderedDict([('px4_msgs', '/home/mustardking/ws_sensor_combined/install/px4_msgs')])}
[0.000273] (px4_msgs) JobStarted: {'identifier': 'px4_msgs'}
[0.005713] (px4_msgs) JobProgress: {'identifier': 'px4_msgs', 'progress': 'cmake'}
[0.006605] (px4_msgs) JobProgress: {'identifier': 'px4_msgs', 'progress': 'build'}
[0.006648] (px4_msgs) Command: {'cmd': ['/usr/bin/cmake', '--build', '/home/mustardking/ws_sensor_combined/build/px4_msgs', '--', '-j4', '-l4'], 'cwd': '/home/mustardking/ws_sensor_combined/build/px4_msgs', 'env': OrderedDict([('LESSOPEN', '| /usr/bin/lesspipe %s'), ('USER', 'mustardking'), ('XDG_SESSION_TYPE', 'wayland'), ('SHLVL', '2'), ('LD_LIBRARY_PATH', '/opt/ros/humble/opt/rviz_ogre_vendor/lib:/opt/ros/humble/lib/aarch64-linux-gnu:/opt/ros/humble/lib'), ('HOME', '/home/mustardking'), ('OLDPWD', '/home/mustardking/ws_sensor_combined'), ('DESKTOP_SESSION', 'ubuntu'), ('ROS_PYTHON_VERSION', '3'), ('GNOME_SHELL_SESSION_MODE', 'ubuntu'), ('GTK_MODULES', 'gail:atk-bridge'), ('SYSTEMD_EXEC_PID', '1484'), ('DBUS_SESSION_BUS_ADDRESS', 'unix:path=/run/user/1000/bus'), ('COLORTERM', 'truecolor'), ('IM_CONFIG_PHASE', '1'), ('WAYLAND_DISPLAY', 'wayland-0'), ('ROS_DISTRO', 'humble'), ('LOGNAME', 'mustardking'), ('_', '/usr/bin/colcon'), ('ROS_VERSION', '2'), ('XDG_SESSION_CLASS', 'user'), ('USERNAME', 'mustardking'), ('TERM', 'xterm-256color'), ('GNOME_DESKTOP_SESSION_ID', 'this-is-deprecated'), ('ROS_LOCALHOST_ONLY', '0'), ('PATH', '/opt/ros/humble/bin:/opt/gcc-arm-none-eabi-9-2020-q2-update/bin:/home/mustardking/.local/bin:/usr/local/sbin:/usr/local/bin:/usr/sbin:/usr/bin:/sbin:/bin:/usr/games:/usr/local/games:/snap/bin:/snap/bin'), ('SESSION_MANAGER', 'local/hektors-mac:@/tmp/.ICE-unix/1460,unix/hektors-mac:/tmp/.ICE-unix/1460'), ('XDG_MENU_PREFIX', 'gnome-'), ('GNOME_TERMINAL_SCREEN', '/org/gnome/Terminal/screen/7af8ef47_9950_4e2b_bcd5_7a6fc3a19e89'), ('GNOME_SETUP_DISPLAY', ':1'), ('XDG_RUNTIME_DIR', '/run/user/1000'), ('DISPLAY', ':0'), ('LANG', 'en_US.UTF-8'), ('XDG_CURRENT_DESKTOP', 'ubuntu:GNOME'), ('XMODIFIERS', '@im=ibus'), ('XDG_SESSION_DESKTOP', 'ubuntu'), ('XAUTHORITY', '/run/user/1000/.mutter-Xwaylandauth.Q6BCF3'), ('LS_COLORS', 'rs=0:di=01;34:ln=01;36:mh=00:pi=40;33:so=01;35:do=01;35:bd=40;33;01:cd=40;33;01:or=40;31;01:mi=00:su=37;41:sg=30;43:ca=30;41:tw=30;42:ow=34;42:st=37;44:ex=01;32:*.tar=01;31:*.tgz=01;31:*.arc=01;31:*.arj=01;31:*.taz=01;31:*.lha=01;31:*.lz4=01;31:*.lzh=01;31:*.lzma=01;31:*.tlz=01;31:*.txz=01;31:*.tzo=01;31:*.t7z=01;31:*.zip=01;31:*.z=01;31:*.dz=01;31:*.gz=01;31:*.lrz=01;31:*.lz=01;31:*.lzo=01;31:*.xz=01;31:*.zst=01;31:*.tzst=01;31:*.bz2=01;31:*.bz=01;31:*.tbz=01;31:*.tbz2=01;31:*.tz=01;31:*.deb=01;31:*.rpm=01;31:*.jar=01;31:*.war=01;31:*.ear=01;31:*.sar=01;31:*.rar=01;31:*.alz=01;31:*.ace=01;31:*.zoo=01;31:*.cpio=01;31:*.7z=01;31:*.rz=01;31:*.cab=01;31:*.wim=01;31:*.swm=01;31:*.dwm=01;31:*.esd=01;31:*.jpg=01;35:*.jpeg=01;35:*.mjpg=01;35:*.mjpeg=01;35:*.gif=01;35:*.bmp=01;35:*.pbm=01;35:*.pgm=01;35:*.ppm=01;35:*.tga=01;35:*.xbm=01;35:*.xpm=01;35:*.tif=01;35:*.tiff=01;35:*.png=01;35:*.svg=01;35:*.svgz=01;35:*.mng=01;35:*.pcx=01;35:*.mov=01;35:*.mpg=01;35:*.mpeg=01;35:*.m2v=01;35:*.mkv=01;35:*.webm=01;35:*.webp=01;35:*.ogm=01;35:*.mp4=01;35:*.m4v=01;35:*.mp4v=01;35:*.vob=01;35:*.qt=01;35:*.nuv=01;35:*.wmv=01;35:*.asf=01;35:*.rm=01;35:*.rmvb=01;35:*.flc=01;35:*.avi=01;35:*.fli=01;35:*.flv=01;35:*.gl=01;35:*.dl=01;35:*.xcf=01;35:*.xwd=01;35:*.yuv=01;35:*.cgm=01;35:*.emf=01;35:*.ogv=01;35:*.ogx=01;35:*.aac=00;36:*.au=00;36:*.flac=00;36:*.m4a=00;36:*.mid=00;36:*.midi=00;36:*.mka=00;36:*.mp3=00;36:*.mpc=00;36:*.ogg=00;36:*.ra=00;36:*.wav=00;36:*.oga=00;36:*.opus=00;36:*.spx=00;36:*.xspf=00;36:'), ('GNOME_TERMINAL_SERVICE', ':1.151'), ('SSH_AGENT_LAUNCHER', 'gnome-keyring'), ('SSH_AUTH_SOCK', '/run/user/1000/keyring/ssh'), ('AMENT_PREFIX_PATH', '/opt/ros/humble'), ('SHELL', '/bin/bash'), ('QT_ACCESSIBILITY', '1'), ('GDMSESSION', 'ubuntu'), ('LESSCLOSE', '/usr/bin/lesspipe %s %s'), ('QT_IM_MODULE', 'ibus'), ('PWD', '/home/mustardking/ws_sensor_combined/build/px4_msgs'), ('LC_ALL', 'en_US.UTF-8'), ('XDG_CONFIG_DIRS', '/etc/xdg/xdg-ubuntu:/etc/xdg'), ('XDG_DATA_DIRS', '/usr/share/ubuntu:/home/mustardking/.local/share/flatpak/exports/share:/var/lib/flatpak/exports/share:/usr/local/share/:/usr/share/:/var/lib/snapd/desktop'), ('PYTHONPATH', '/opt/ros/humble/lib/python3.10/site-packages:/opt/ros/humble/local/lib/python3.10/dist-packages'), ('COLCON', '1'), ('VTE_VERSION', '6800'), ('CMAKE_PREFIX_PATH', '/opt/ros/humble')]), 'shell': False}
[0.103325] (-) TimerEvent: {}
[0.207948] (-) TimerEvent: {}
[0.308814] (-) TimerEvent: {}
[0.413622] (-) TimerEvent: {}
[0.508003] (px4_msgs) StdoutLine: {'line': b'[  0%] Built target px4_msgs__cpp\n'}
[0.513726] (-) TimerEvent: {}
[0.557078] (px4_msgs) StdoutLine: {'line': b'[ 12%] Built target px4_msgs__rosidl_generator_c\n'}
[0.584544] (px4_msgs) StdoutLine: {'line': b'[ 12%] Built target ament_cmake_python_copy_px4_msgs\n'}
[0.613827] (-) TimerEvent: {}
[0.660943] (px4_msgs) StdoutLine: {'line': b'[ 24%] Built target px4_msgs__rosidl_typesupport_cpp\n'}
[0.692431] (px4_msgs) StdoutLine: {'line': b'[ 36%] Built target px4_msgs__rosidl_typesupport_fastrtps_cpp\n'}
[0.701918] (px4_msgs) StdoutLine: {'line': b'[ 49%] Built target px4_msgs__rosidl_typesupport_introspection_cpp\n'}
[0.702654] (px4_msgs) StdoutLine: {'line': b'[ 62%] Built target px4_msgs__rosidl_typesupport_fastrtps_c\n'}
[0.714083] (-) TimerEvent: {}
[0.728815] (px4_msgs) StdoutLine: {'line': b'[ 75%] Built target px4_msgs__rosidl_typesupport_introspection_c\n'}
[0.733123] (px4_msgs) StdoutLine: {'line': b'[ 88%] Built target px4_msgs__rosidl_typesupport_c\n'}
[0.742106] (px4_msgs) StdoutLine: {'line': b'[ 88%] Built target px4_msgs\n'}
[0.761278] (px4_msgs) StdoutLine: {'line': b'[ 88%] Built target px4_msgs__py\n'}
[0.804318] (px4_msgs) StdoutLine: {'line': b'running egg_info\n'}
[0.810282] (px4_msgs) StdoutLine: {'line': b'writing px4_msgs.egg-info/PKG-INFO\n'}
[0.810566] (px4_msgs) StdoutLine: {'line': b'writing dependency_links to px4_msgs.egg-info/dependency_links.txt\n'}
[0.810877] (px4_msgs) StdoutLine: {'line': b'writing top-level names to px4_msgs.egg-info/top_level.txt\n'}
[0.814145] (-) TimerEvent: {}
[0.829621] (px4_msgs) StdoutLine: {'line': b"reading manifest file 'px4_msgs.egg-info/SOURCES.txt'\n"}
[0.831464] (px4_msgs) StdoutLine: {'line': b"writing manifest file 'px4_msgs.egg-info/SOURCES.txt'\n"}
[0.837785] (px4_msgs) StdoutLine: {'line': b'[100%] Built target px4_msgs__rosidl_generator_py\n'}
[0.846160] (px4_msgs) StdoutLine: {'line': b'[100%] Built target ament_cmake_python_build_px4_msgs_egg\n'}
[0.851951] (px4_msgs) StdoutLine: {'line': b'[100%] Built target px4_msgs__rosidl_typesupport_fastrtps_c__pyext\n'}
[0.852194] (px4_msgs) StdoutLine: {'line': b'[100%] Built target px4_msgs__rosidl_typesupport_introspection_c__pyext\n'}
[0.855854] (px4_msgs) StdoutLine: {'line': b'[100%] Built target px4_msgs__rosidl_typesupport_c__pyext\n'}
[0.861539] (px4_msgs) CommandEnded: {'returncode': 0}
[0.862347] (px4_msgs) JobProgress: {'identifier': 'px4_msgs', 'progress': 'install'}
[0.865925] (px4_msgs) Command: {'cmd': ['/usr/bin/cmake', '--install', '/home/mustardking/ws_sensor_combined/build/px4_msgs'], 'cwd': '/home/mustardking/ws_sensor_combined/build/px4_msgs', 'env': OrderedDict([('LESSOPEN', '| /usr/bin/lesspipe %s'), ('USER', 'mustardking'), ('XDG_SESSION_TYPE', 'wayland'), ('SHLVL', '2'), ('LD_LIBRARY_PATH', '/opt/ros/humble/opt/rviz_ogre_vendor/lib:/opt/ros/humble/lib/aarch64-linux-gnu:/opt/ros/humble/lib'), ('HOME', '/home/mustardking'), ('OLDPWD', '/home/mustardking/ws_sensor_combined'), ('DESKTOP_SESSION', 'ubuntu'), ('ROS_PYTHON_VERSION', '3'), ('GNOME_SHELL_SESSION_MODE', 'ubuntu'), ('GTK_MODULES', 'gail:atk-bridge'), ('SYSTEMD_EXEC_PID', '1484'), ('DBUS_SESSION_BUS_ADDRESS', 'unix:path=/run/user/1000/bus'), ('COLORTERM', 'truecolor'), ('IM_CONFIG_PHASE', '1'), ('WAYLAND_DISPLAY', 'wayland-0'), ('ROS_DISTRO', 'humble'), ('LOGNAME', 'mustardking'), ('_', '/usr/bin/colcon'), ('ROS_VERSION', '2'), ('XDG_SESSION_CLASS', 'user'), ('USERNAME', 'mustardking'), ('TERM', 'xterm-256color'), ('GNOME_DESKTOP_SESSION_ID', 'this-is-deprecated'), ('ROS_LOCALHOST_ONLY', '0'), ('PATH', '/opt/ros/humble/bin:/opt/gcc-arm-none-eabi-9-2020-q2-update/bin:/home/mustardking/.local/bin:/usr/local/sbin:/usr/local/bin:/usr/sbin:/usr/bin:/sbin:/bin:/usr/games:/usr/local/games:/snap/bin:/snap/bin'), ('SESSION_MANAGER', 'local/hektors-mac:@/tmp/.ICE-unix/1460,unix/hektors-mac:/tmp/.ICE-unix/1460'), ('XDG_MENU_PREFIX', 'gnome-'), ('GNOME_TERMINAL_SCREEN', '/org/gnome/Terminal/screen/7af8ef47_9950_4e2b_bcd5_7a6fc3a19e89'), ('GNOME_SETUP_DISPLAY', ':1'), ('XDG_RUNTIME_DIR', '/run/user/1000'), ('DISPLAY', ':0'), ('LANG', 'en_US.UTF-8'), ('XDG_CURRENT_DESKTOP', 'ubuntu:GNOME'), ('XMODIFIERS', '@im=ibus'), ('XDG_SESSION_DESKTOP', 'ubuntu'), ('XAUTHORITY', '/run/user/1000/.mutter-Xwaylandauth.Q6BCF3'), ('LS_COLORS', 'rs=0:di=01;34:ln=01;36:mh=00:pi=40;33:so=01;35:do=01;35:bd=40;33;01:cd=40;33;01:or=40;31;01:mi=00:su=37;41:sg=30;43:ca=30;41:tw=30;42:ow=34;42:st=37;44:ex=01;32:*.tar=01;31:*.tgz=01;31:*.arc=01;31:*.arj=01;31:*.taz=01;31:*.lha=01;31:*.lz4=01;31:*.lzh=01;31:*.lzma=01;31:*.tlz=01;31:*.txz=01;31:*.tzo=01;31:*.t7z=01;31:*.zip=01;31:*.z=01;31:*.dz=01;31:*.gz=01;31:*.lrz=01;31:*.lz=01;31:*.lzo=01;31:*.xz=01;31:*.zst=01;31:*.tzst=01;31:*.bz2=01;31:*.bz=01;31:*.tbz=01;31:*.tbz2=01;31:*.tz=01;31:*.deb=01;31:*.rpm=01;31:*.jar=01;31:*.war=01;31:*.ear=01;31:*.sar=01;31:*.rar=01;31:*.alz=01;31:*.ace=01;31:*.zoo=01;31:*.cpio=01;31:*.7z=01;31:*.rz=01;31:*.cab=01;31:*.wim=01;31:*.swm=01;31:*.dwm=01;31:*.esd=01;31:*.jpg=01;35:*.jpeg=01;35:*.mjpg=01;35:*.mjpeg=01;35:*.gif=01;35:*.bmp=01;35:*.pbm=01;35:*.pgm=01;35:*.ppm=01;35:*.tga=01;35:*.xbm=01;35:*.xpm=01;35:*.tif=01;35:*.tiff=01;35:*.png=01;35:*.svg=01;35:*.svgz=01;35:*.mng=01;35:*.pcx=01;35:*.mov=01;35:*.mpg=01;35:*.mpeg=01;35:*.m2v=01;35:*.mkv=01;35:*.webm=01;35:*.webp=01;35:*.ogm=01;35:*.mp4=01;35:*.m4v=01;35:*.mp4v=01;35:*.vob=01;35:*.qt=01;35:*.nuv=01;35:*.wmv=01;35:*.asf=01;35:*.rm=01;35:*.rmvb=01;35:*.flc=01;35:*.avi=01;35:*.fli=01;35:*.flv=01;35:*.gl=01;35:*.dl=01;35:*.xcf=01;35:*.xwd=01;35:*.yuv=01;35:*.cgm=01;35:*.emf=01;35:*.ogv=01;35:*.ogx=01;35:*.aac=00;36:*.au=00;36:*.flac=00;36:*.m4a=00;36:*.mid=00;36:*.midi=00;36:*.mka=00;36:*.mp3=00;36:*.mpc=00;36:*.ogg=00;36:*.ra=00;36:*.wav=00;36:*.oga=00;36:*.opus=00;36:*.spx=00;36:*.xspf=00;36:'), ('GNOME_TERMINAL_SERVICE', ':1.151'), ('SSH_AGENT_LAUNCHER', 'gnome-keyring'), ('SSH_AUTH_SOCK', '/run/user/1000/keyring/ssh'), ('AMENT_PREFIX_PATH', '/opt/ros/humble'), ('SHELL', '/bin/bash'), ('QT_ACCESSIBILITY', '1'), ('GDMSESSION', 'ubuntu'), ('LESSCLOSE', '/usr/bin/lesspipe %s %s'), ('QT_IM_MODULE', 'ibus'), ('PWD', '/home/mustardking/ws_sensor_combined/build/px4_msgs'), ('LC_ALL', 'en_US.UTF-8'), ('XDG_CONFIG_DIRS', '/etc/xdg/xdg-ubuntu:/etc/xdg'), ('XDG_DATA_DIRS', '/usr/share/ubuntu:/home/mustardking/.local/share/flatpak/exports/share:/var/lib/flatpak/exports/share:/usr/local/share/:/usr/share/:/var/lib/snapd/desktop'), ('PYTHONPATH', '/opt/ros/humble/lib/python3.10/site-packages:/opt/ros/humble/local/lib/python3.10/dist-packages'), ('COLCON', '1'), ('VTE_VERSION', '6800'), ('CMAKE_PREFIX_PATH', '/opt/ros/humble')]), 'shell': False}
[0.870988] (px4_msgs) StdoutLine: {'line': b'-- Install configuration: ""\n'}
[0.871736] (px4_msgs) StdoutLine: {'line': b'-- Up-to-date: /home/mustardking/ws_sensor_combined/install/px4_msgs/share/ament_index/resource_index/rosidl_interfaces/px4_msgs\n'}
[0.871785] (px4_msgs) StdoutLine: {'line': b'-- Up-to-date: /home/mustardking/ws_sensor_combined/install/px4_msgs/include/px4_msgs/px4_msgs\n'}
[0.871815] (px4_msgs) StdoutLine: {'line': b'-- Up-to-date: /home/mustardking/ws_sensor_combined/install/px4_msgs/include/px4_msgs/px4_msgs/srv\n'}
[0.871840] (px4_msgs) StdoutLine: {'line': b'-- Up-to-date: /home/mustardking/ws_sensor_combined/install/px4_msgs/include/px4_msgs/px4_msgs/srv/vehicle_command.h\n'}
[0.871865] (px4_msgs) StdoutLine: {'line': b'-- Up-to-date: /home/mustardking/ws_sensor_combined/install/px4_msgs/include/px4_msgs/px4_msgs/srv/detail\n'}
[0.871894] (px4_msgs) StdoutLine: {'line': b'-- Up-to-date: /home/mustardking/ws_sensor_combined/install/px4_msgs/include/px4_msgs/px4_msgs/srv/detail/vehicle_command__functions.h\n'}
[0.871918] (px4_msgs) StdoutLine: {'line': b'-- Up-to-date: /home/mustardking/ws_sensor_combined/install/px4_msgs/include/px4_msgs/px4_msgs/srv/detail/vehicle_command__struct.h\n'}
[0.871943] (px4_msgs) StdoutLine: {'line': b'-- Up-to-date: /home/mustardking/ws_sensor_combined/install/px4_msgs/include/px4_msgs/px4_msgs/srv/detail/vehicle_command__functions.c\n'}
[0.871967] (px4_msgs) StdoutLine: {'line': b'-- Up-to-date: /home/mustardking/ws_sensor_combined/install/px4_msgs/include/px4_msgs/px4_msgs/srv/detail/vehicle_command__type_support.h\n'}
[0.871991] (px4_msgs) StdoutLine: {'line': b'-- Up-to-date: /home/mustardking/ws_sensor_combined/install/px4_msgs/include/px4_msgs/px4_msgs/msg\n'}
[0.872014] (px4_msgs) StdoutLine: {'line': b'-- Up-to-date: /home/mustardking/ws_sensor_combined/install/px4_msgs/include/px4_msgs/px4_msgs/msg/estimator_aid_source3d.h\n'}
[0.872048] (px4_msgs) StdoutLine: {'line': b'-- Up-to-date: /home/mustardking/ws_sensor_combined/install/px4_msgs/include/px4_msgs/px4_msgs/msg/estimator_states.h\n'}
[0.872072] (px4_msgs) StdoutLine: {'line': b'-- Up-to-date: /home/mustardking/ws_sensor_combined/install/px4_msgs/include/px4_msgs/px4_msgs/msg/camera_status.h\n'}
[0.872096] (px4_msgs) StdoutLine: {'line': b'-- Up-to-date: /home/mustardking/ws_sensor_combined/install/px4_msgs/include/px4_msgs/px4_msgs/msg/system_power.h\n'}
[0.872119] (px4_msgs) StdoutLine: {'line': b'-- Up-to-date: /home/mustardking/ws_sensor_combined/install/px4_msgs/include/px4_msgs/px4_msgs/msg/vehicle_angular_acceleration_setpoint.h\n'}
[0.872143] (px4_msgs) StdoutLine: {'line': b'-- Up-to-date: /home/mustardking/ws_sensor_combined/install/px4_msgs/include/px4_msgs/px4_msgs/msg/satellite_info.h\n'}
[0.872167] (px4_msgs) StdoutLine: {'line': b'-- Up-to-date: /home/mustardking/ws_sensor_combined/install/px4_msgs/include/px4_msgs/px4_msgs/msg/orb_test.h\n'}
[0.872203] (px4_msgs) StdoutLine: {'line': b'-- Up-to-date: /home/mustardking/ws_sensor_combined/install/px4_msgs/include/px4_msgs/px4_msgs/msg/neural_control.h\n'}
[0.872237] (px4_msgs) StdoutLine: {'line': b'-- Up-to-date: /home/mustardking/ws_sensor_combined/install/px4_msgs/include/px4_msgs/px4_msgs/msg/register_ext_component_request.h\n'}
[0.872262] (px4_msgs) StdoutLine: {'line': b'-- Up-to-date: /home/mustardking/ws_sensor_combined/install/px4_msgs/include/px4_msgs/px4_msgs/msg/rate_ctrl_status.h\n'}
[0.872285] (px4_msgs) StdoutLine: {'line': b'-- Up-to-date: /home/mustardking/ws_sensor_combined/install/px4_msgs/include/px4_msgs/px4_msgs/msg/logger_status.h\n'}
[0.872317] (px4_msgs) StdoutLine: {'line': b'-- Up-to-date: /home/mustardking/ws_sensor_combined/install/px4_msgs/include/px4_msgs/px4_msgs/msg/sensor_accel_fifo.h\n'}
[0.872341] (px4_msgs) StdoutLine: {'line': b'-- Up-to-date: /home/mustardking/ws_sensor_combined/install/px4_msgs/include/px4_msgs/px4_msgs/msg/airspeed_validated.h\n'}
[0.872364] (px4_msgs) StdoutLine: {'line': b'-- Up-to-date: /home/mustardking/ws_sensor_combined/install/px4_msgs/include/px4_msgs/px4_msgs/msg/ulog_stream.h\n'}
[0.872387] (px4_msgs) StdoutLine: {'line': b'-- Up-to-date: /home/mustardking/ws_sensor_combined/install/px4_msgs/include/px4_msgs/px4_msgs/msg/fuel_tank_status.h\n'}
[0.872415] (px4_msgs) StdoutLine: {'line': b'-- Up-to-date: /home/mustardking/ws_sensor_combined/install/px4_msgs/include/px4_msgs/px4_msgs/msg/control_allocator_status.h\n'}
[0.872439] (px4_msgs) StdoutLine: {'line': b'-- Up-to-date: /home/mustardking/ws_sensor_combined/install/px4_msgs/include/px4_msgs/px4_msgs/msg/parameter_set_used_request.h\n'}
[0.872462] (px4_msgs) StdoutLine: {'line': b'-- Up-to-date: /home/mustardking/ws_sensor_combined/install/px4_msgs/include/px4_msgs/px4_msgs/msg/arming_check_reply.h\n'}
[0.872487] (px4_msgs) StdoutLine: {'line': b'-- Up-to-date: /home/mustardking/ws_sensor_combined/install/px4_msgs/include/px4_msgs/px4_msgs/msg/estimator_bias3d.h\n'}
[0.872520] (px4_msgs) StdoutLine: {'line': b'-- Up-to-date: /home/mustardking/ws_sensor_combined/install/px4_msgs/include/px4_msgs/px4_msgs/msg/dataman_request.h\n'}
[0.872545] (px4_msgs) StdoutLine: {'line': b'-- Up-to-date: /home/mustardking/ws_sensor_combined/install/px4_msgs/include/px4_msgs/px4_msgs/msg/estimator_event_flags.h\n'}
[0.872577] (px4_msgs) StdoutLine: {'line': b'-- Up-to-date: /home/mustardking/ws_sensor_combined/install/px4_msgs/include/px4_msgs/px4_msgs/msg/vehicle_local_position.h\n'}
[0.872680] (px4_msgs) StdoutLine: {'line': b'-- Up-to-date: /home/mustardking/ws_sensor_combined/install/px4_msgs/include/px4_msgs/px4_msgs/msg/vehicle_attitude.h\n'}
[0.872707] (px4_msgs) StdoutLine: {'line': b'-- Up-to-date: /home/mustardking/ws_sensor_combined/install/px4_msgs/include/px4_msgs/px4_msgs/msg/vehicle_angular_velocity.h\n'}
[0.872731] (px4_msgs) StdoutLine: {'line': b'-- Up-to-date: /home/mustardking/ws_sensor_combined/install/px4_msgs/include/px4_msgs/px4_msgs/msg/collision_constraints.h\n'}
[0.872754] (px4_msgs) StdoutLine: {'line': b'-- Up-to-date: /home/mustardking/ws_sensor_combined/install/px4_msgs/include/px4_msgs/px4_msgs/msg/transponder_report.h\n'}
[0.872778] (px4_msgs) StdoutLine: {'line': b'-- Up-to-date: /home/mustardking/ws_sensor_combined/install/px4_msgs/include/px4_msgs/px4_msgs/msg/offboard_control_mode.h\n'}
[0.872801] (px4_msgs) StdoutLine: {'line': b'-- Up-to-date: /home/mustardking/ws_sensor_combined/install/px4_msgs/include/px4_msgs/px4_msgs/msg/mount_orientation.h\n'}
[0.872825] (px4_msgs) StdoutLine: {'line': b'-- Up-to-date: /home/mustardking/ws_sensor_combined/install/px4_msgs/include/px4_msgs/px4_msgs/msg/yaw_estimator_status.h\n'}
[0.872900] (px4_msgs) StdoutLine: {'line': b'-- Up-to-date: /home/mustardking/ws_sensor_combined/install/px4_msgs/include/px4_msgs/px4_msgs/msg/orbit_status.h\n'}
[0.872943] (px4_msgs) StdoutLine: {'line': b'-- Up-to-date: /home/mustardking/ws_sensor_combined/install/px4_msgs/include/px4_msgs/px4_msgs/msg/ulog_stream_ack.h\n'}
[0.872973] (px4_msgs) StdoutLine: {'line': b'-- Up-to-date: /home/mustardking/ws_sensor_combined/install/px4_msgs/include/px4_msgs/px4_msgs/msg/actuator_motors.h\n'}
[0.872998] (px4_msgs) StdoutLine: {'line': b'-- Up-to-date: /home/mustardking/ws_sensor_combined/install/px4_msgs/include/px4_msgs/px4_msgs/msg/task_stack_info.h\n'}
[0.873022] (px4_msgs) StdoutLine: {'line': b'-- Up-to-date: /home/mustardking/ws_sensor_combined/install/px4_msgs/include/px4_msgs/px4_msgs/msg/sensor_gnss_relative.h\n'}
[0.873047] (px4_msgs) StdoutLine: {'line': b'-- Up-to-date: /home/mustardking/ws_sensor_combined/install/px4_msgs/include/px4_msgs/px4_msgs/msg/vehicle_status.h\n'}
[0.873071] (px4_msgs) StdoutLine: {'line': b'-- Up-to-date: /home/mustardking/ws_sensor_combined/install/px4_msgs/include/px4_msgs/px4_msgs/msg/vehicle_optical_flow_vel.h\n'}
[0.873103] (px4_msgs) StdoutLine: {'line': b'-- Up-to-date: /home/mustardking/ws_sensor_combined/install/px4_msgs/include/px4_msgs/px4_msgs/msg/landing_gear_wheel.h\n'}
[0.873130] (px4_msgs) StdoutLine: {'line': b'-- Up-to-date: /home/mustardking/ws_sensor_combined/install/px4_msgs/include/px4_msgs/px4_msgs/msg/autotune_attitude_control_status.h\n'}
[0.873155] (px4_msgs) StdoutLine: {'line': b'-- Up-to-date: /home/mustardking/ws_sensor_combined/install/px4_msgs/include/px4_msgs/px4_msgs/msg/gps_inject_data.h\n'}
[0.873190] (px4_msgs) StdoutLine: {'line': b'-- Up-to-date: /home/mustardking/ws_sensor_combined/install/px4_msgs/include/px4_msgs/px4_msgs/msg/internal_combustion_engine_status.h\n'}
[0.873216] (px4_msgs) StdoutLine: {'line': b'-- Up-to-date: /home/mustardking/ws_sensor_combined/install/px4_msgs/include/px4_msgs/px4_msgs/msg/mode_completed.h\n'}
[0.873240] (px4_msgs) StdoutLine: {'line': b'-- Up-to-date: /home/mustardking/ws_sensor_combined/install/px4_msgs/include/px4_msgs/px4_msgs/msg/gimbal_device_information.h\n'}
[0.873263] (px4_msgs) StdoutLine: {'line': b'-- Up-to-date: /home/mustardking/ws_sensor_combined/install/px4_msgs/include/px4_msgs/px4_msgs/msg/mavlink_tunnel.h\n'}
[0.873289] (px4_msgs) StdoutLine: {'line': b'-- Up-to-date: /home/mustardking/ws_sensor_combined/install/px4_msgs/include/px4_msgs/px4_msgs/msg/debug_value.h\n'}
[0.873312] (px4_msgs) StdoutLine: {'line': b'-- Up-to-date: /home/mustardking/ws_sensor_combined/install/px4_msgs/include/px4_msgs/px4_msgs/msg/vehicle_command_ack.h\n'}
[0.873336] (px4_msgs) StdoutLine: {'line': b'-- Up-to-date: /home/mustardking/ws_sensor_combined/install/px4_msgs/include/px4_msgs/px4_msgs/msg/mission.h\n'}
[0.873359] (px4_msgs) StdoutLine: {'line': b'-- Up-to-date: /home/mustardking/ws_sensor_combined/install/px4_msgs/include/px4_msgs/px4_msgs/msg/hover_thrust_estimate.h\n'}
[0.873383] (px4_msgs) StdoutLine: {'line': b'-- Up-to-date: /home/mustardking/ws_sensor_combined/install/px4_msgs/include/px4_msgs/px4_msgs/msg/failure_detector_status.h\n'}
[0.873406] (px4_msgs) StdoutLine: {'line': b'-- Up-to-date: /home/mustardking/ws_sensor_combined/install/px4_msgs/include/px4_msgs/px4_msgs/msg/heater_status.h\n'}
[0.873442] (px4_msgs) StdoutLine: {'line': b'-- Up-to-date: /home/mustardking/ws_sensor_combined/install/px4_msgs/include/px4_msgs/px4_msgs/msg/esc_report.h\n'}
[0.873468] (px4_msgs) StdoutLine: {'line': b'-- Up-to-date: /home/mustardking/ws_sensor_combined/install/px4_msgs/include/px4_msgs/px4_msgs/msg/sensor_gyro_fifo.h\n'}
[0.873491] (px4_msgs) StdoutLine: {'line': b'-- Up-to-date: /home/mustardking/ws_sensor_combined/install/px4_msgs/include/px4_msgs/px4_msgs/msg/health_report.h\n'}
[0.873515] (px4_msgs) StdoutLine: {'line': b'-- Up-to-date: /home/mustardking/ws_sensor_combined/install/px4_msgs/include/px4_msgs/px4_msgs/msg/actuator_test.h\n'}
[0.873538] (px4_msgs) StdoutLine: {'line': b'-- Up-to-date: /home/mustardking/ws_sensor_combined/install/px4_msgs/include/px4_msgs/px4_msgs/msg/fixed_wing_lateral_guidance_status.h\n'}
[0.873561] (px4_msgs) StdoutLine: {'line': b'-- Up-to-date: /home/mustardking/ws_sensor_combined/install/px4_msgs/include/px4_msgs/px4_msgs/msg/geofence_status.h\n'}
[0.873584] (px4_msgs) StdoutLine: {'line': b'-- Up-to-date: /home/mustardking/ws_sensor_combined/install/px4_msgs/include/px4_msgs/px4_msgs/msg/gpio_out.h\n'}
[0.873608] (px4_msgs) StdoutLine: {'line': b'-- Up-to-date: /home/mustardking/ws_sensor_combined/install/px4_msgs/include/px4_msgs/px4_msgs/msg/follow_target_estimator.h\n'}
[0.873631] (px4_msgs) StdoutLine: {'line': b'-- Up-to-date: /home/mustardking/ws_sensor_combined/install/px4_msgs/include/px4_msgs/px4_msgs/msg/vehicle_rates_setpoint.h\n'}
[0.873655] (px4_msgs) StdoutLine: {'line': b'-- Up-to-date: /home/mustardking/ws_sensor_combined/install/px4_msgs/include/px4_msgs/px4_msgs/msg/home_position.h\n'}
[0.873678] (px4_msgs) StdoutLine: {'line': b'-- Up-to-date: /home/mustardking/ws_sensor_combined/install/px4_msgs/include/px4_msgs/px4_msgs/msg/position_controller_landing_status.h\n'}
[0.873701] (px4_msgs) StdoutLine: {'line': b'-- Up-to-date: /home/mustardking/ws_sensor_combined/install/px4_msgs/include/px4_msgs/px4_msgs/msg/rover_speed_setpoint.h\n'}
[0.873725] (px4_msgs) StdoutLine: {'line': b'-- Up-to-date: /home/mustardking/ws_sensor_combined/install/px4_msgs/include/px4_msgs/px4_msgs/msg/rc_channels.h\n'}
[0.873748] (px4_msgs) StdoutLine: {'line': b'-- Up-to-date: /home/mustardking/ws_sensor_combined/install/px4_msgs/include/px4_msgs/px4_msgs/msg/rover_rate_setpoint.h\n'}
[0.873771] (px4_msgs) StdoutLine: {'line': b'-- Up-to-date: /home/mustardking/ws_sensor_combined/install/px4_msgs/include/px4_msgs/px4_msgs/msg/gimbal_manager_set_manual_control.h\n'}
[0.873804] (px4_msgs) StdoutLine: {'line': b'-- Up-to-date: /home/mustardking/ws_sensor_combined/install/px4_msgs/include/px4_msgs/px4_msgs/msg/vehicle_imu_status.h\n'}
[0.873828] (px4_msgs) StdoutLine: {'line': b'-- Up-to-date: /home/mustardking/ws_sensor_combined/install/px4_msgs/include/px4_msgs/px4_msgs/msg/ekf2_timestamps.h\n'}
[0.873853] (px4_msgs) StdoutLine: {'line': b'-- Up-to-date: /home/mustardking/ws_sensor_combined/install/px4_msgs/include/px4_msgs/px4_msgs/msg/takeoff_status.h\n'}
[0.873885] (px4_msgs) StdoutLine: {'line': b'-- Up-to-date: /home/mustardking/ws_sensor_combined/install/px4_msgs/include/px4_msgs/px4_msgs/msg/rover_throttle_setpoint.h\n'}
[0.873911] (px4_msgs) StdoutLine: {'line': b'-- Up-to-date: /home/mustardking/ws_sensor_combined/install/px4_msgs/include/px4_msgs/px4_msgs/msg/orb_test_large.h\n'}
[0.873934] (px4_msgs) StdoutLine: {'line': b'-- Up-to-date: /home/mustardking/ws_sensor_combined/install/px4_msgs/include/px4_msgs/px4_msgs/msg/rtl_time_estimate.h\n'}
[0.873961] (px4_msgs) StdoutLine: {'line': b'-- Up-to-date: /home/mustardking/ws_sensor_combined/install/px4_msgs/include/px4_msgs/px4_msgs/msg/actuator_controls_status.h\n'}
[0.873984] (px4_msgs) StdoutLine: {'line': b'-- Up-to-date: /home/mustardking/ws_sensor_combined/install/px4_msgs/include/px4_msgs/px4_msgs/msg/sensor_gps.h\n'}
[0.874007] (px4_msgs) StdoutLine: {'line': b'-- Up-to-date: /home/mustardking/ws_sensor_combined/install/px4_msgs/include/px4_msgs/px4_msgs/msg/battery_status.h\n'}
[0.874030] (px4_msgs) StdoutLine: {'line': b'-- Up-to-date: /home/mustardking/ws_sensor_combined/install/px4_msgs/include/px4_msgs/px4_msgs/msg/flight_phase_estimation.h\n'}
[0.874054] (px4_msgs) StdoutLine: {'line': b'-- Up-to-date: /home/mustardking/ws_sensor_combined/install/px4_msgs/include/px4_msgs/px4_msgs/msg/tiltrotor_extra_controls.h\n'}
[0.874077] (px4_msgs) StdoutLine: {'line': b'-- Up-to-date: /home/mustardking/ws_sensor_combined/install/px4_msgs/include/px4_msgs/px4_msgs/msg/airspeed.h\n'}
[0.874107] (px4_msgs) StdoutLine: {'line': b'-- Up-to-date: /home/mustardking/ws_sensor_combined/install/px4_msgs/include/px4_msgs/px4_msgs/msg/goto_setpoint.h\n'}
[0.874132] (px4_msgs) StdoutLine: {'line': b'-- Up-to-date: /home/mustardking/ws_sensor_combined/install/px4_msgs/include/px4_msgs/px4_msgs/msg/rpm.h\n'}
[0.874517] (px4_msgs) StdoutLine: {'line': b'-- Up-to-date: /home/mustardking/ws_sensor_combined/install/px4_msgs/include/px4_msgs/px4_msgs/msg/adc_report.h\n'}
[0.874553] (px4_msgs) StdoutLine: {'line': b'-- Up-to-date: /home/mustardking/ws_sensor_combined/install/px4_msgs/include/px4_msgs/px4_msgs/msg/telemetry_status.h\n'}
[0.874578] (px4_msgs) StdoutLine: {'line': b'-- Up-to-date: /home/mustardking/ws_sensor_combined/install/px4_msgs/include/px4_msgs/px4_msgs/msg/vehicle_global_position.h\n'}
[0.874602] (px4_msgs) StdoutLine: {'line': b'-- Up-to-date: /home/mustardking/ws_sensor_combined/install/px4_msgs/include/px4_msgs/px4_msgs/msg/battery_info.h\n'}
[0.874627] (px4_msgs) StdoutLine: {'line': b'-- Up-to-date: /home/mustardking/ws_sensor_combined/install/px4_msgs/include/px4_msgs/px4_msgs/msg/magnetometer_bias_estimate.h\n'}
[0.874655] (px4_msgs) StdoutLine: {'line': b'-- Up-to-date: /home/mustardking/ws_sensor_combined/install/px4_msgs/include/px4_msgs/px4_msgs/msg/vehicle_attitude_setpoint.h\n'}
[0.874678] (px4_msgs) StdoutLine: {'line': b'-- Up-to-date: /home/mustardking/ws_sensor_combined/install/px4_msgs/include/px4_msgs/px4_msgs/msg/estimator_sensor_bias.h\n'}
[0.874701] (px4_msgs) StdoutLine: {'line': b'-- Up-to-date: /home/mustardking/ws_sensor_combined/install/px4_msgs/include/px4_msgs/px4_msgs/msg/sensor_selection.h\n'}
[0.874724] (px4_msgs) StdoutLine: {'line': b'-- Up-to-date: /home/mustardking/ws_sensor_combined/install/px4_msgs/include/px4_msgs/px4_msgs/msg/estimator_innovations.h\n'}
[0.874747] (px4_msgs) StdoutLine: {'line': b'-- Up-to-date: /home/mustardking/ws_sensor_combined/install/px4_msgs/include/px4_msgs/px4_msgs/msg/wheel_encoders.h\n'}
[0.874770] (px4_msgs) StdoutLine: {'line': b'-- Up-to-date: /home/mustardking/ws_sensor_combined/install/px4_msgs/include/px4_msgs/px4_msgs/msg/open_drone_id_operator_id.h\n'}
[0.874794] (px4_msgs) StdoutLine: {'line': b'-- Up-to-date: /home/mustardking/ws_sensor_combined/install/px4_msgs/include/px4_msgs/px4_msgs/msg/qshell_req.h\n'}
[0.874825] (px4_msgs) StdoutLine: {'line': b'-- Up-to-date: /home/mustardking/ws_sensor_combined/install/px4_msgs/include/px4_msgs/px4_msgs/msg/button_event.h\n'}
[0.874852] (px4_msgs) StdoutLine: {'line': b'-- Up-to-date: /home/mustardking/ws_sensor_combined/install/px4_msgs/include/px4_msgs/px4_msgs/msg/sensors_status.h\n'}
[0.874876] (px4_msgs) StdoutLine: {'line': b'-- Up-to-date: /home/mustardking/ws_sensor_combined/install/px4_msgs/include/px4_msgs/px4_msgs/msg/tune_control.h\n'}
[0.874898] (px4_msgs) StdoutLine: {'line': b'-- Up-to-date: /home/mustardking/ws_sensor_combined/install/px4_msgs/include/px4_msgs/px4_msgs/msg/sensor_correction.h\n'}
[0.874922] (px4_msgs) StdoutLine: {'line': b'-- Up-to-date: /home/mustardking/ws_sensor_combined/install/px4_msgs/include/px4_msgs/px4_msgs/msg/fixed_wing_lateral_setpoint.h\n'}
[0.874945] (px4_msgs) StdoutLine: {'line': b'-- Up-to-date: /home/mustardking/ws_sensor_combined/install/px4_msgs/include/px4_msgs/px4_msgs/msg/debug_vect.h\n'}
[0.874968] (px4_msgs) StdoutLine: {'line': b'-- Up-to-date: /home/mustardking/ws_sensor_combined/install/px4_msgs/include/px4_msgs/px4_msgs/msg/sensor_preflight_mag.h\n'}
[0.875003] (px4_msgs) StdoutLine: {'line': b'-- Up-to-date: /home/mustardking/ws_sensor_combined/install/px4_msgs/include/px4_msgs/px4_msgs/msg/camera_capture.h\n'}
[0.875031] (px4_msgs) StdoutLine: {'line': b'-- Up-to-date: /home/mustardking/ws_sensor_combined/install/px4_msgs/include/px4_msgs/px4_msgs/msg/debug_key_value.h\n'}
[0.875054] (px4_msgs) StdoutLine: {'line': b'-- Up-to-date: /home/mustardking/ws_sensor_combined/install/px4_msgs/include/px4_msgs/px4_msgs/msg/open_drone_id_self_id.h\n'}
[0.875077] (px4_msgs) StdoutLine: {'line': b'-- Up-to-date: /home/mustardking/ws_sensor_combined/install/px4_msgs/include/px4_msgs/px4_msgs/msg/generator_status.h\n'}
[0.875100] (px4_msgs) StdoutLine: {'line': b'-- Up-to-date: /home/mustardking/ws_sensor_combined/install/px4_msgs/include/px4_msgs/px4_msgs/msg/actuator_servos.h\n'}
[0.875125] (px4_msgs) StdoutLine: {'line': b'-- Up-to-date: /home/mustardking/ws_sensor_combined/install/px4_msgs/include/px4_msgs/px4_msgs/msg/estimator_status.h\n'}
[0.875148] (px4_msgs) StdoutLine: {'line': b'-- Up-to-date: /home/mustardking/ws_sensor_combined/install/px4_msgs/include/px4_msgs/px4_msgs/msg/trajectory_setpoint.h\n'}
[0.875171] (px4_msgs) StdoutLine: {'line': b'-- Up-to-date: /home/mustardking/ws_sensor_combined/install/px4_msgs/include/px4_msgs/px4_msgs/msg/navigator_status.h\n'}
[0.875193] (px4_msgs) StdoutLine: {'line': b'-- Up-to-date: /home/mustardking/ws_sensor_combined/install/px4_msgs/include/px4_msgs/px4_msgs/msg/esc_status.h\n'}
[0.875228] (px4_msgs) StdoutLine: {'line': b'-- Up-to-date: /home/mustardking/ws_sensor_combined/install/px4_msgs/include/px4_msgs/px4_msgs/msg/position_setpoint_triplet.h\n'}
[0.875253] (px4_msgs) StdoutLine: {'line': b'-- Up-to-date: /home/mustardking/ws_sensor_combined/install/px4_msgs/include/px4_msgs/px4_msgs/msg/vehicle_land_detected.h\n'}
[0.875277] (px4_msgs) StdoutLine: {'line': b'-- Up-to-date: /home/mustardking/ws_sensor_combined/install/px4_msgs/include/px4_msgs/px4_msgs/msg/parameter_set_value_response.h\n'}
[0.875300] (px4_msgs) StdoutLine: {'line': b'-- Up-to-date: /home/mustardking/ws_sensor_combined/install/px4_msgs/include/px4_msgs/px4_msgs/msg/vehicle_acceleration.h\n'}
[0.875324] (px4_msgs) StdoutLine: {'line': b'-- Up-to-date: /home/mustardking/ws_sensor_combined/install/px4_msgs/include/px4_msgs/px4_msgs/msg/sensor_accel.h\n'}
[0.875347] (px4_msgs) StdoutLine: {'line': b'-- Up-to-date: /home/mustardking/ws_sensor_combined/install/px4_msgs/include/px4_msgs/px4_msgs/msg/manual_control_setpoint.h\n'}
[0.875370] (px4_msgs) StdoutLine: {'line': b'-- Up-to-date: /home/mustardking/ws_sensor_combined/install/px4_msgs/include/px4_msgs/px4_msgs/msg/position_setpoint.h\n'}
[0.875393] (px4_msgs) StdoutLine: {'line': b'-- Up-to-date: /home/mustardking/ws_sensor_combined/install/px4_msgs/include/px4_msgs/px4_msgs/msg/gimbal_device_set_attitude.h\n'}
[0.875417] (px4_msgs) StdoutLine: {'line': b'-- Up-to-date: /home/mustardking/ws_sensor_combined/install/px4_msgs/include/px4_msgs/px4_msgs/msg/open_drone_id_arm_status.h\n'}
[0.875441] (px4_msgs) StdoutLine: {'line': b'-- Up-to-date: /home/mustardking/ws_sensor_combined/install/px4_msgs/include/px4_msgs/px4_msgs/msg/parameter_set_value_request.h\n'}
[0.875466] (px4_msgs) StdoutLine: {'line': b'-- Up-to-date: /home/mustardking/ws_sensor_combined/install/px4_msgs/include/px4_msgs/px4_msgs/msg/uavcan_parameter_request.h\n'}
[0.875492] (px4_msgs) StdoutLine: {'line': b'-- Up-to-date: /home/mustardking/ws_sensor_combined/install/px4_msgs/include/px4_msgs/px4_msgs/msg/landing_target_pose.h\n'}
[0.875515] (px4_msgs) StdoutLine: {'line': b'-- Up-to-date: /home/mustardking/ws_sensor_combined/install/px4_msgs/include/px4_msgs/px4_msgs/msg/ping.h\n'}
[0.875538] (px4_msgs) StdoutLine: {'line': b'-- Up-to-date: /home/mustardking/ws_sensor_combined/install/px4_msgs/include/px4_msgs/px4_msgs/msg/gimbal_controls.h\n'}
[0.875561] (px4_msgs) StdoutLine: {'line': b'-- Up-to-date: /home/mustardking/ws_sensor_combined/install/px4_msgs/include/px4_msgs/px4_msgs/msg/mavlink_log.h\n'}
[0.875584] (px4_msgs) StdoutLine: {'line': b'-- Up-to-date: /home/mustardking/ws_sensor_combined/install/px4_msgs/include/px4_msgs/px4_msgs/msg/iridiumsbd_status.h\n'}
[0.875617] (px4_msgs) StdoutLine: {'line': b'-- Up-to-date: /home/mustardking/ws_sensor_combined/install/px4_msgs/include/px4_msgs/px4_msgs/msg/gpio_request.h\n'}
[0.875643] (px4_msgs) StdoutLine: {'line': b'-- Up-to-date: /home/mustardking/ws_sensor_combined/install/px4_msgs/include/px4_msgs/px4_msgs/msg/timesync_status.h\n'}
[0.875666] (px4_msgs) StdoutLine: {'line': b'-- Up-to-date: /home/mustardking/ws_sensor_combined/install/px4_msgs/include/px4_msgs/px4_msgs/msg/input_rc.h\n'}
[0.875689] (px4_msgs) StdoutLine: {'line': b'-- Up-to-date: /home/mustardking/ws_sensor_combined/install/px4_msgs/include/px4_msgs/px4_msgs/msg/rover_attitude_setpoint.h\n'}
[0.875712] (px4_msgs) StdoutLine: {'line': b'-- Up-to-date: /home/mustardking/ws_sensor_combined/install/px4_msgs/include/px4_msgs/px4_msgs/msg/lateral_control_configuration.h\n'}
[0.875736] (px4_msgs) StdoutLine: {'line': b'-- Up-to-date: /home/mustardking/ws_sensor_combined/install/px4_msgs/include/px4_msgs/px4_msgs/msg/gpio_in.h\n'}
[0.875759] (px4_msgs) StdoutLine: {'line': b'-- Up-to-date: /home/mustardking/ws_sensor_combined/install/px4_msgs/include/px4_msgs/px4_msgs/msg/actuator_armed.h\n'}
[0.875782] (px4_msgs) StdoutLine: {'line': b'-- Up-to-date: /home/mustardking/ws_sensor_combined/install/px4_msgs/include/px4_msgs/px4_msgs/msg/actuator_outputs.h\n'}
[0.875814] (px4_msgs) StdoutLine: {'line': b'-- Up-to-date: /home/mustardking/ws_sensor_combined/install/px4_msgs/include/px4_msgs/px4_msgs/msg/rc_parameter_map.h\n'}
[0.875845] (px4_msgs) StdoutLine: {'line': b'-- Up-to-date: /home/mustardking/ws_sensor_combined/install/px4_msgs/include/px4_msgs/px4_msgs/msg/estimator_aid_source2d.h\n'}
[0.875872] (px4_msgs) StdoutLine: {'line': b'-- Up-to-date: /home/mustardking/ws_sensor_combined/install/px4_msgs/include/px4_msgs/px4_msgs/msg/airspeed_wind.h\n'}
[0.875895] (px4_msgs) StdoutLine: {'line': b'-- Up-to-date: /home/mustardking/ws_sensor_combined/install/px4_msgs/include/px4_msgs/px4_msgs/msg/internal_combustion_engine_control.h\n'}
[0.875921] (px4_msgs) StdoutLine: {'line': b'-- Up-to-date: /home/mustardking/ws_sensor_combined/install/px4_msgs/include/px4_msgs/px4_msgs/msg/trajectory_setpoint6dof.h\n'}
[0.875945] (px4_msgs) StdoutLine: {'line': b'-- Up-to-date: /home/mustardking/ws_sensor_combined/install/px4_msgs/include/px4_msgs/px4_msgs/msg/orb_test_medium.h\n'}
[0.875968] (px4_msgs) StdoutLine: {'line': b'-- Up-to-date: /home/mustardking/ws_sensor_combined/install/px4_msgs/include/px4_msgs/px4_msgs/msg/gimbal_manager_status.h\n'}
[0.875991] (px4_msgs) StdoutLine: {'line': b'-- Up-to-date: /home/mustardking/ws_sensor_combined/install/px4_msgs/include/px4_msgs/px4_msgs/msg/wind.h\n'}
[0.876015] (px4_msgs) StdoutLine: {'line': b'-- Up-to-date: /home/mustardking/ws_sensor_combined/install/px4_msgs/include/px4_msgs/px4_msgs/msg/estimator_bias.h\n'}
[0.876038] (px4_msgs) StdoutLine: {'line': b'-- Up-to-date: /home/mustardking/ws_sensor_combined/install/px4_msgs/include/px4_msgs/px4_msgs/msg/rover_speed_status.h\n'}
[0.876063] (px4_msgs) StdoutLine: {'line': b'-- Up-to-date: /home/mustardking/ws_sensor_combined/install/px4_msgs/include/px4_msgs/px4_msgs/msg/cellular_status.h\n'}
[0.876086] (px4_msgs) StdoutLine: {'line': b'-- Up-to-date: /home/mustardking/ws_sensor_combined/install/px4_msgs/include/px4_msgs/px4_msgs/msg/event.h\n'}
[0.876109] (px4_msgs) StdoutLine: {'line': b'-- Up-to-date: /home/mustardking/ws_sensor_combined/install/px4_msgs/include/px4_msgs/px4_msgs/msg/dronecan_node_status.h\n'}
[0.876132] (px4_msgs) StdoutLine: {'line': b'-- Up-to-date: /home/mustardking/ws_sensor_combined/install/px4_msgs/include/px4_msgs/px4_msgs/msg/can_interface_status.h\n'}
[0.876155] (px4_msgs) StdoutLine: {'line': b'-- Up-to-date: /home/mustardking/ws_sensor_combined/install/px4_msgs/include/px4_msgs/px4_msgs/msg/vehicle_air_data.h\n'}
[0.876178] (px4_msgs) StdoutLine: {'line': b'-- Up-to-date: /home/mustardking/ws_sensor_combined/install/px4_msgs/include/px4_msgs/px4_msgs/msg/normalized_unsigned_setpoint.h\n'}
[0.876202] (px4_msgs) StdoutLine: {'line': b'-- Up-to-date: /home/mustardking/ws_sensor_combined/install/px4_msgs/include/px4_msgs/px4_msgs/msg/vehicle_command.h\n'}
[0.876226] (px4_msgs) StdoutLine: {'line': b'-- Up-to-date: /home/mustardking/ws_sensor_combined/install/px4_msgs/include/px4_msgs/px4_msgs/msg/open_drone_id_system.h\n'}
[0.876248] (px4_msgs) StdoutLine: {'line': b'-- Up-to-date: /home/mustardking/ws_sensor_combined/install/px4_msgs/include/px4_msgs/px4_msgs/msg/arming_check_request.h\n'}
[0.876271] (px4_msgs) StdoutLine: {'line': b'-- Up-to-date: /home/mustardking/ws_sensor_combined/install/px4_msgs/include/px4_msgs/px4_msgs/msg/velocity_limits.h\n'}
[0.876294] (px4_msgs) StdoutLine: {'line': b'-- Up-to-date: /home/mustardking/ws_sensor_combined/install/px4_msgs/include/px4_msgs/px4_msgs/msg/onboard_computer_status.h\n'}
[0.876318] (px4_msgs) StdoutLine: {'line': b'-- Up-to-date: /home/mustardking/ws_sensor_combined/install/px4_msgs/include/px4_msgs/px4_msgs/msg/config_overrides.h\n'}
[0.876344] (px4_msgs) StdoutLine: {'line': b'-- Up-to-date: /home/mustardking/ws_sensor_combined/install/px4_msgs/include/px4_msgs/px4_msgs/msg/led_control.h\n'}
[0.876368] (px4_msgs) StdoutLine: {'line': b'-- Up-to-date: /home/mustardking/ws_sensor_combined/install/px4_msgs/include/px4_msgs/px4_msgs/msg/manual_control_switches.h\n'}
[0.876405] (px4_msgs) StdoutLine: {'line': b'-- Up-to-date: /home/mustardking/ws_sensor_combined/install/px4_msgs/include/px4_msgs/px4_msgs/msg/navigator_mission_item.h\n'}
[0.876430] (px4_msgs) StdoutLine: {'line': b'-- Up-to-date: /home/mustardking/ws_sensor_combined/install/px4_msgs/include/px4_msgs/px4_msgs/msg/register_ext_component_reply.h\n'}
[0.876454] (px4_msgs) StdoutLine: {'line': b'-- Up-to-date: /home/mustardking/ws_sensor_combined/install/px4_msgs/include/px4_msgs/px4_msgs/msg/estimator_selector_status.h\n'}
[0.876477] (px4_msgs) StdoutLine: {'line': b'-- Up-to-date: /home/mustardking/ws_sensor_combined/install/px4_msgs/include/px4_msgs/px4_msgs/msg/estimator_aid_source1d.h\n'}
[0.876500] (px4_msgs) StdoutLine: {'line': b'-- Up-to-date: /home/mustardking/ws_sensor_combined/install/px4_msgs/include/px4_msgs/px4_msgs/msg/power_button_state.h\n'}
[0.876531] (px4_msgs) StdoutLine: {'line': b'-- Up-to-date: /home/mustardking/ws_sensor_combined/install/px4_msgs/include/px4_msgs/px4_msgs/msg/estimator_gps_status.h\n'}
[0.876558] (px4_msgs) StdoutLine: {'line': b'-- Up-to-date: /home/mustardking/ws_sensor_combined/install/px4_msgs/include/px4_msgs/px4_msgs/msg/unregister_ext_component.h\n'}
[0.876581] (px4_msgs) StdoutLine: {'line': b'-- Up-to-date: /home/mustardking/ws_sensor_combined/install/px4_msgs/include/px4_msgs/px4_msgs/msg/debug_array.h\n'}
[0.876613] (px4_msgs) StdoutLine: {'line': b'-- Up-to-date: /home/mustardking/ws_sensor_combined/install/px4_msgs/include/px4_msgs/px4_msgs/msg/parameter_update.h\n'}
[0.876638] (px4_msgs) StdoutLine: {'line': b'-- Up-to-date: /home/mustardking/ws_sensor_combined/install/px4_msgs/include/px4_msgs/px4_msgs/msg/sensor_gyro.h\n'}
[0.876664] (px4_msgs) StdoutLine: {'line': b'-- Up-to-date: /home/mustardking/ws_sensor_combined/install/px4_msgs/include/px4_msgs/px4_msgs/msg/sensor_mag.h\n'}
[0.876686] (px4_msgs) StdoutLine: {'line': b'-- Up-to-date: /home/mustardking/ws_sensor_combined/install/px4_msgs/include/px4_msgs/px4_msgs/msg/vtol_vehicle_status.h\n'}
[0.876711] (px4_msgs) StdoutLine: {'line': b'-- Up-to-date: /home/mustardking/ws_sensor_combined/install/px4_msgs/include/px4_msgs/px4_msgs/msg/rtl_status.h\n'}
[0.876744] (px4_msgs) StdoutLine: {'line': b'-- Up-to-date: /home/mustardking/ws_sensor_combined/install/px4_msgs/include/px4_msgs/px4_msgs/msg/action_request.h\n'}
[0.876767] (px4_msgs) StdoutLine: {'line': b'-- Up-to-date: /home/mustardking/ws_sensor_combined/install/px4_msgs/include/px4_msgs/px4_msgs/msg/vehicle_optical_flow.h\n'}
[0.876795] (px4_msgs) StdoutLine: {'line': b'-- Up-to-date: /home/mustardking/ws_sensor_combined/install/px4_msgs/include/px4_msgs/px4_msgs/msg/mission_result.h\n'}
[0.876825] (px4_msgs) StdoutLine: {'line': b'-- Up-to-date: /home/mustardking/ws_sensor_combined/install/px4_msgs/include/px4_msgs/px4_msgs/msg/parameter_reset_request.h\n'}
[0.876933] (px4_msgs) StdoutLine: {'line': b'-- Up-to-date: /home/mustardking/ws_sensor_combined/install/px4_msgs/include/px4_msgs/px4_msgs/msg/rover_rate_status.h\n'}
[0.876971] (px4_msgs) StdoutLine: {'line': b'-- Up-to-date: /home/mustardking/ws_sensor_combined/install/px4_msgs/include/px4_msgs/px4_msgs/msg/gimbal_device_attitude_status.h\n'}
[0.877001] (px4_msgs) StdoutLine: {'line': b'-- Up-to-date: /home/mustardking/ws_sensor_combined/install/px4_msgs/include/px4_msgs/px4_msgs/msg/sensor_airflow.h\n'}
[0.877032] (px4_msgs) StdoutLine: {'line': b'-- Up-to-date: /home/mustardking/ws_sensor_combined/install/px4_msgs/include/px4_msgs/px4_msgs/msg/sensor_uwb.h\n'}
[0.877065] (px4_msgs) StdoutLine: {'line': b'-- Up-to-date: /home/mustardking/ws_sensor_combined/install/px4_msgs/include/px4_msgs/px4_msgs/msg/rover_steering_setpoint.h\n'}
[0.877151] (px4_msgs) StdoutLine: {'line': b'-- Up-to-date: /home/mustardking/ws_sensor_combined/install/px4_msgs/include/px4_msgs/px4_msgs/msg/camera_trigger.h\n'}
[0.877205] (px4_msgs) StdoutLine: {'line': b'-- Up-to-date: /home/mustardking/ws_sensor_combined/install/px4_msgs/include/px4_msgs/px4_msgs/msg/longitudinal_control_configuration.h\n'}
[0.877491] (px4_msgs) StdoutLine: {'line': b'-- Up-to-date: /home/mustardking/ws_sensor_combined/install/px4_msgs/include/px4_msgs/px4_msgs/msg/obstacle_distance.h\n'}
[0.877627] (px4_msgs) StdoutLine: {'line': b'-- Up-to-date: /home/mustardking/ws_sensor_combined/install/px4_msgs/include/px4_msgs/px4_msgs/msg/fixed_wing_longitudinal_setpoint.h\n'}
[0.877714] (px4_msgs) StdoutLine: {'line': b'-- Up-to-date: /home/mustardking/ws_sensor_combined/install/px4_msgs/include/px4_msgs/px4_msgs/msg/sensor_gnss_status.h\n'}
[0.877845] (px4_msgs) StdoutLine: {'line': b'-- Up-to-date: /home/mustardking/ws_sensor_combined/install/px4_msgs/include/px4_msgs/px4_msgs/msg/gimbal_manager_information.h\n'}
[0.877993] (px4_msgs) StdoutLine: {'line': b'-- Up-to-date: /home/mustardking/ws_sensor_combined/install/px4_msgs/include/px4_msgs/px4_msgs/msg/sensor_combined.h\n'}
[0.878074] (px4_msgs) StdoutLine: {'line': b'-- Up-to-date: /home/mustardking/ws_sensor_combined/install/px4_msgs/include/px4_msgs/px4_msgs/msg/pps_capture.h\n'}
[0.878172] (px4_msgs) StdoutLine: {'line': b'-- Up-to-date: /home/mustardking/ws_sensor_combined/install/px4_msgs/include/px4_msgs/px4_msgs/msg/position_controller_status.h\n'}
[0.878262] (px4_msgs) StdoutLine: {'line': b'-- Up-to-date: /home/mustardking/ws_sensor_combined/install/px4_msgs/include/px4_msgs/px4_msgs/msg/sensor_optical_flow.h\n'}
[0.878401] (px4_msgs) StdoutLine: {'line': b'-- Up-to-date: /home/mustardking/ws_sensor_combined/install/px4_msgs/include/px4_msgs/px4_msgs/msg/gpio_config.h\n'}
[0.878531] (px4_msgs) StdoutLine: {'line': b'-- Up-to-date: /home/mustardking/ws_sensor_combined/install/px4_msgs/include/px4_msgs/px4_msgs/msg/uavcan_parameter_value.h\n'}
[0.878699] (px4_msgs) StdoutLine: {'line': b'-- Up-to-date: /home/mustardking/ws_sensor_combined/install/px4_msgs/include/px4_msgs/px4_msgs/msg/rosidl_generator_c__visibility_control.h\n'}
[0.878765] (px4_msgs) StdoutLine: {'line': b'-- Up-to-date: /home/mustardking/ws_sensor_combined/install/px4_msgs/include/px4_msgs/px4_msgs/msg/px4io_status.h\n'}
[0.878845] (px4_msgs) StdoutLine: {'line': b'-- Up-to-date: /home/mustardking/ws_sensor_combined/install/px4_msgs/include/px4_msgs/px4_msgs/msg/launch_detection_status.h\n'}
[0.878974] (px4_msgs) StdoutLine: {'line': b'-- Up-to-date: /home/mustardking/ws_sensor_combined/install/px4_msgs/include/px4_msgs/px4_msgs/msg/vehicle_torque_setpoint.h\n'}
[0.879082] (px4_msgs) StdoutLine: {'line': b'-- Up-to-date: /home/mustardking/ws_sensor_combined/install/px4_msgs/include/px4_msgs/px4_msgs/msg/vehicle_odometry.h\n'}
[0.879215] (px4_msgs) StdoutLine: {'line': b'-- Up-to-date: /home/mustardking/ws_sensor_combined/install/px4_msgs/include/px4_msgs/px4_msgs/msg/vehicle_constraints.h\n'}
[0.879287] (px4_msgs) StdoutLine: {'line': b'-- Up-to-date: /home/mustardking/ws_sensor_combined/install/px4_msgs/include/px4_msgs/px4_msgs/msg/differential_pressure.h\n'}
[0.879350] (px4_msgs) StdoutLine: {'line': b'-- Up-to-date: /home/mustardking/ws_sensor_combined/install/px4_msgs/include/px4_msgs/px4_msgs/msg/qshell_retval.h\n'}
[0.879501] (px4_msgs) StdoutLine: {'line': b'-- Up-to-date: /home/mustardking/ws_sensor_combined/install/px4_msgs/include/px4_msgs/px4_msgs/msg/actuator_servos_trim.h\n'}
[0.879570] (px4_msgs) StdoutLine: {'line': b'-- Up-to-date: /home/mustardking/ws_sensor_combined/install/px4_msgs/include/px4_msgs/px4_msgs/msg/sensor_baro.h\n'}
[0.879730] (px4_msgs) StdoutLine: {'line': b'-- Up-to-date: /home/mustardking/ws_sensor_combined/install/px4_msgs/include/px4_msgs/px4_msgs/msg/irlock_report.h\n'}
[0.879792] (px4_msgs) StdoutLine: {'line': b'-- Up-to-date: /home/mustardking/ws_sensor_combined/install/px4_msgs/include/px4_msgs/px4_msgs/msg/vehicle_imu.h\n'}
[0.879910] (px4_msgs) StdoutLine: {'line': b'-- Up-to-date: /home/mustardking/ws_sensor_combined/install/px4_msgs/include/px4_msgs/px4_msgs/msg/cpuload.h\n'}
[0.880014] (px4_msgs) StdoutLine: {'line': b'-- Up-to-date: /home/mustardking/ws_sensor_combined/install/px4_msgs/include/px4_msgs/px4_msgs/msg/gps_dump.h\n'}
[0.880096] (px4_msgs) StdoutLine: {'line': b'-- Up-to-date: /home/mustardking/ws_sensor_combined/install/px4_msgs/include/px4_msgs/px4_msgs/msg/log_message.h\n'}
[0.880162] (px4_msgs) StdoutLine: {'line': b'-- Up-to-date: /home/mustardking/ws_sensor_combined/install/px4_msgs/include/px4_msgs/px4_msgs/msg/landing_gear.h\n'}
[0.880235] (px4_msgs) StdoutLine: {'line': b'-- Up-to-date: /home/mustardking/ws_sensor_combined/install/px4_msgs/include/px4_msgs/px4_msgs/msg/estimator_status_flags.h\n'}
[0.880437] (px4_msgs) StdoutLine: {'line': b'-- Up-to-date: /home/mustardking/ws_sensor_combined/install/px4_msgs/include/px4_msgs/px4_msgs/msg/mag_worker_data.h\n'}
[0.880527] (px4_msgs) StdoutLine: {'line': b'-- Up-to-date: /home/mustardking/ws_sensor_combined/install/px4_msgs/include/px4_msgs/px4_msgs/msg/pwm_input.h\n'}
[0.880610] (px4_msgs) StdoutLine: {'line': b'-- Up-to-date: /home/mustardking/ws_sensor_combined/install/px4_msgs/include/px4_msgs/px4_msgs/msg/fixed_wing_runway_control.h\n'}
[0.880686] (px4_msgs) StdoutLine: {'line': b'-- Up-to-date: /home/mustardking/ws_sensor_combined/install/px4_msgs/include/px4_msgs/px4_msgs/msg/distance_sensor_mode_change_request.h\n'}
[0.880786] (px4_msgs) StdoutLine: {'line': b'-- Up-to-date: /home/mustardking/ws_sensor_combined/install/px4_msgs/include/px4_msgs/px4_msgs/msg/follow_target.h\n'}
[0.880923] (px4_msgs) StdoutLine: {'line': b'-- Up-to-date: /home/mustardking/ws_sensor_combined/install/px4_msgs/include/px4_msgs/px4_msgs/msg/sensor_gyro_fft.h\n'}
[0.880996] (px4_msgs) StdoutLine: {'line': b'-- Up-to-date: /home/mustardking/ws_sensor_combined/install/px4_msgs/include/px4_msgs/px4_msgs/msg/landing_target_innovations.h\n'}
[0.881054] (px4_msgs) StdoutLine: {'line': b'-- Up-to-date: /home/mustardking/ws_sensor_combined/install/px4_msgs/include/px4_msgs/px4_msgs/msg/fixed_wing_lateral_status.h\n'}
[0.881143] (px4_msgs) StdoutLine: {'line': b'-- Up-to-date: /home/mustardking/ws_sensor_combined/install/px4_msgs/include/px4_msgs/px4_msgs/msg/vehicle_magnetometer.h\n'}
[0.881229] (px4_msgs) StdoutLine: {'line': b'-- Up-to-date: /home/mustardking/ws_sensor_combined/install/px4_msgs/include/px4_msgs/px4_msgs/msg/radio_status.h\n'}
[0.881363] (px4_msgs) StdoutLine: {'line': b'-- Up-to-date: /home/mustardking/ws_sensor_combined/install/px4_msgs/include/px4_msgs/px4_msgs/msg/follow_target_status.h\n'}
[0.881436] (px4_msgs) StdoutLine: {'line': b'-- Up-to-date: /home/mustardking/ws_sensor_combined/install/px4_msgs/include/px4_msgs/px4_msgs/msg/pure_pursuit_status.h\n'}
[0.881527] (px4_msgs) StdoutLine: {'line': b'-- Up-to-date: /home/mustardking/ws_sensor_combined/install/px4_msgs/include/px4_msgs/px4_msgs/msg/rover_position_setpoint.h\n'}
[0.881642] (px4_msgs) StdoutLine: {'line': b'-- Up-to-date: /home/mustardking/ws_sensor_combined/install/px4_msgs/include/px4_msgs/px4_msgs/msg/gimbal_manager_set_attitude.h\n'}
[0.881774] (px4_msgs) StdoutLine: {'line': b'-- Up-to-date: /home/mustardking/ws_sensor_combined/install/px4_msgs/include/px4_msgs/px4_msgs/msg/figure_eight_status.h\n'}
[0.881847] (px4_msgs) StdoutLine: {'line': b'-- Up-to-date: /home/mustardking/ws_sensor_combined/install/px4_msgs/include/px4_msgs/px4_msgs/msg/message_format_response.h\n'}
[0.881919] (px4_msgs) StdoutLine: {'line': b'-- Up-to-date: /home/mustardking/ws_sensor_combined/install/px4_msgs/include/px4_msgs/px4_msgs/msg/distance_sensor.h\n'}
[0.882013] (px4_msgs) StdoutLine: {'line': b'-- Up-to-date: /home/mustardking/ws_sensor_combined/install/px4_msgs/include/px4_msgs/px4_msgs/msg/gripper.h\n'}
[0.882079] (px4_msgs) StdoutLine: {'line': b'-- Up-to-date: /home/mustardking/ws_sensor_combined/install/px4_msgs/include/px4_msgs/px4_msgs/msg/power_monitor.h\n'}
[0.882161] (px4_msgs) StdoutLine: {'line': b'-- Up-to-date: /home/mustardking/ws_sensor_combined/install/px4_msgs/include/px4_msgs/px4_msgs/msg/tecs_status.h\n'}
[0.882194] (px4_msgs) StdoutLine: {'line': b'-- Up-to-date: /home/mustardking/ws_sensor_combined/install/px4_msgs/include/px4_msgs/px4_msgs/msg/vehicle_thrust_setpoint.h\n'}
[0.882331] (px4_msgs) StdoutLine: {'line': b'-- Up-to-date: /home/mustardking/ws_sensor_combined/install/px4_msgs/include/px4_msgs/px4_msgs/msg/vehicle_control_mode.h\n'}
[0.882424] (px4_msgs) StdoutLine: {'line': b'-- Up-to-date: /home/mustardking/ws_sensor_combined/install/px4_msgs/include/px4_msgs/px4_msgs/msg/geofence_result.h\n'}
[0.882745] (px4_msgs) StdoutLine: {'line': b'-- Up-to-date: /home/mustardking/ws_sensor_combined/install/px4_msgs/include/px4_msgs/px4_msgs/msg/message_format_request.h\n'}
[0.882933] (px4_msgs) StdoutLine: {'line': b'-- Up-to-date: /home/mustardking/ws_sensor_combined/install/px4_msgs/include/px4_msgs/px4_msgs/msg/dataman_response.h\n'}
[0.883020] (px4_msgs) StdoutLine: {'line': b'-- Up-to-date: /home/mustardking/ws_sensor_combined/install/px4_msgs/include/px4_msgs/px4_msgs/msg/vehicle_local_position_setpoint.h\n'}
[0.883068] (px4_msgs) StdoutLine: {'line': b'-- Up-to-date: /home/mustardking/ws_sensor_combined/install/px4_msgs/include/px4_msgs/px4_msgs/msg/rover_attitude_status.h\n'}
[0.883121] (px4_msgs) StdoutLine: {'line': b'-- Up-to-date: /home/mustardking/ws_sensor_combined/install/px4_msgs/include/px4_msgs/px4_msgs/msg/failsafe_flags.h\n'}
[0.883152] (px4_msgs) StdoutLine: {'line': b'-- Up-to-date: /home/mustardking/ws_sensor_combined/install/px4_msgs/include/px4_msgs/px4_msgs/msg/sensor_hygrometer.h\n'}
[0.883240] (px4_msgs) StdoutLine: {'line': b'-- Up-to-date: /home/mustardking/ws_sensor_combined/install/px4_msgs/include/px4_msgs/px4_msgs/msg/sensors_status_imu.h\n'}
[0.883328] (px4_msgs) StdoutLine: {'line': b'-- Up-to-date: /home/mustardking/ws_sensor_combined/install/px4_msgs/include/px4_msgs/px4_msgs/msg/detail\n'}
[0.883416] (px4_msgs) StdoutLine: {'line': b'-- Up-to-date: /home/mustardking/ws_sensor_combined/install/px4_msgs/include/px4_msgs/px4_msgs/msg/detail/mode_completed__functions.h\n'}
[0.883660] (px4_msgs) StdoutLine: {'line': b'-- Up-to-date: /home/mustardking/ws_sensor_combined/install/px4_msgs/include/px4_msgs/px4_msgs/msg/detail/vehicle_optical_flow__functions.h\n'}
[0.883741] (px4_msgs) StdoutLine: {'line': b'-- Up-to-date: /home/mustardking/ws_sensor_combined/install/px4_msgs/include/px4_msgs/px4_msgs/msg/detail/estimator_selector_status__struct.h\n'}
[0.883898] (px4_msgs) StdoutLine: {'line': b'-- Up-to-date: /home/mustardking/ws_sensor_combined/install/px4_msgs/include/px4_msgs/px4_msgs/msg/detail/pure_pursuit_status__struct.h\n'}
[0.883942] (px4_msgs) StdoutLine: {'line': b'-- Up-to-date: /home/mustardking/ws_sensor_combined/install/px4_msgs/include/px4_msgs/px4_msgs/msg/detail/dataman_response__functions.h\n'}
[0.884027] (px4_msgs) StdoutLine: {'line': b'-- Up-to-date: /home/mustardking/ws_sensor_combined/install/px4_msgs/include/px4_msgs/px4_msgs/msg/detail/orb_test__struct.h\n'}
[0.884222] (px4_msgs) StdoutLine: {'line': b'-- Up-to-date: /home/mustardking/ws_sensor_combined/install/px4_msgs/include/px4_msgs/px4_msgs/msg/detail/iridiumsbd_status__struct.h\n'}
[0.884314] (px4_msgs) StdoutLine: {'line': b'-- Up-to-date: /home/mustardking/ws_sensor_combined/install/px4_msgs/include/px4_msgs/px4_msgs/msg/detail/sensors_status__type_support.h\n'}
[0.884365] (px4_msgs) StdoutLine: {'line': b'-- Up-to-date: /home/mustardking/ws_sensor_combined/install/px4_msgs/include/px4_msgs/px4_msgs/msg/detail/sensors_status__struct.h\n'}
[0.884453] (px4_msgs) StdoutLine: {'line': b'-- Up-to-date: /home/mustardking/ws_sensor_combined/install/px4_msgs/include/px4_msgs/px4_msgs/msg/detail/estimator_aid_source2d__type_support.h\n'}
[0.884487] (px4_msgs) StdoutLine: {'line': b'-- Up-to-date: /home/mustardking/ws_sensor_combined/install/px4_msgs/include/px4_msgs/px4_msgs/msg/detail/actuator_outputs__type_support.h\n'}
[0.884780] (px4_msgs) StdoutLine: {'line': b'-- Up-to-date: /home/mustardking/ws_sensor_combined/install/px4_msgs/include/px4_msgs/px4_msgs/msg/detail/airspeed_validated__functions.h\n'}
[0.884830] (px4_msgs) StdoutLine: {'line': b'-- Up-to-date: /home/mustardking/ws_sensor_combined/install/px4_msgs/include/px4_msgs/px4_msgs/msg/detail/fuel_tank_status__struct.h\n'}
[0.884972] (px4_msgs) StdoutLine: {'line': b'-- Up-to-date: /home/mustardking/ws_sensor_combined/install/px4_msgs/include/px4_msgs/px4_msgs/msg/detail/message_format_response__type_support.h\n'}
[0.885033] (px4_msgs) StdoutLine: {'line': b'-- Up-to-date: /home/mustardking/ws_sensor_combined/install/px4_msgs/include/px4_msgs/px4_msgs/msg/detail/sensor_gyro_fifo__type_support.h\n'}
[0.885129] (px4_msgs) StdoutLine: {'line': b'-- Up-to-date: /home/mustardking/ws_sensor_combined/install/px4_msgs/include/px4_msgs/px4_msgs/msg/detail/collision_constraints__functions.c\n'}
[0.885285] (px4_msgs) StdoutLine: {'line': b'-- Up-to-date: /home/mustardking/ws_sensor_combined/install/px4_msgs/include/px4_msgs/px4_msgs/msg/detail/gps_dump__functions.h\n'}
[0.885449] (px4_msgs) StdoutLine: {'line': b'-- Up-to-date: /home/mustardking/ws_sensor_combined/install/px4_msgs/include/px4_msgs/px4_msgs/msg/detail/cellular_status__type_support.h\n'}
[0.885632] (px4_msgs) StdoutLine: {'line': b'-- Up-to-date: /home/mustardking/ws_sensor_combined/install/px4_msgs/include/px4_msgs/px4_msgs/msg/detail/fixed_wing_lateral_setpoint__type_support.h\n'}
[0.885810] (px4_msgs) StdoutLine: {'line': b'-- Up-to-date: /home/mustardking/ws_sensor_combined/install/px4_msgs/include/px4_msgs/px4_msgs/msg/detail/failsafe_flags__struct.h\n'}
[0.885981] (px4_msgs) StdoutLine: {'line': b'-- Up-to-date: /home/mustardking/ws_sensor_combined/install/px4_msgs/include/px4_msgs/px4_msgs/msg/detail/tune_control__struct.h\n'}
[0.886111] (px4_msgs) StdoutLine: {'line': b'-- Up-to-date: /home/mustardking/ws_sensor_combined/install/px4_msgs/include/px4_msgs/px4_msgs/msg/detail/arming_check_reply__functions.c\n'}
[0.886227] (px4_msgs) StdoutLine: {'line': b'-- Up-to-date: /home/mustardking/ws_sensor_combined/install/px4_msgs/include/px4_msgs/px4_msgs/msg/detail/position_setpoint__type_support.h\n'}
[0.886265] (px4_msgs) StdoutLine: {'line': b'-- Up-to-date: /home/mustardking/ws_sensor_combined/install/px4_msgs/include/px4_msgs/px4_msgs/msg/detail/flight_phase_estimation__struct.h\n'}
[0.886344] (px4_msgs) StdoutLine: {'line': b'-- Up-to-date: /home/mustardking/ws_sensor_combined/install/px4_msgs/include/px4_msgs/px4_msgs/msg/detail/orb_test_medium__type_support.h\n'}
[0.886470] (px4_msgs) StdoutLine: {'line': b'-- Up-to-date: /home/mustardking/ws_sensor_combined/install/px4_msgs/include/px4_msgs/px4_msgs/msg/detail/system_power__functions.h\n'}
[0.886513] (px4_msgs) StdoutLine: {'line': b'-- Up-to-date: /home/mustardking/ws_sensor_combined/install/px4_msgs/include/px4_msgs/px4_msgs/msg/detail/actuator_controls_status__struct.h\n'}
[0.886559] (px4_msgs) StdoutLine: {'line': b'-- Up-to-date: /home/mustardking/ws_sensor_combined/install/px4_msgs/include/px4_msgs/px4_msgs/msg/detail/gimbal_controls__functions.c\n'}
[0.886667] (px4_msgs) StdoutLine: {'line': b'-- Up-to-date: /home/mustardking/ws_sensor_combined/install/px4_msgs/include/px4_msgs/px4_msgs/msg/detail/gimbal_manager_set_manual_control__struct.h\n'}
[0.886716] (px4_msgs) StdoutLine: {'line': b'-- Up-to-date: /home/mustardking/ws_sensor_combined/install/px4_msgs/include/px4_msgs/px4_msgs/msg/detail/actuator_motors__type_support.h\n'}
[0.886742] (px4_msgs) StdoutLine: {'line': b'-- Up-to-date: /home/mustardking/ws_sensor_combined/install/px4_msgs/include/px4_msgs/px4_msgs/msg/detail/magnetometer_bias_estimate__functions.h\n'}
[0.886767] (px4_msgs) StdoutLine: {'line': b'-- Up-to-date: /home/mustardking/ws_sensor_combined/install/px4_msgs/include/px4_msgs/px4_msgs/msg/detail/rate_ctrl_status__functions.c\n'}
[0.886790] (px4_msgs) StdoutLine: {'line': b'-- Up-to-date: /home/mustardking/ws_sensor_combined/install/px4_msgs/include/px4_msgs/px4_msgs/msg/detail/sensor_combined__functions.h\n'}
[0.886813] (px4_msgs) StdoutLine: {'line': b'-- Up-to-date: /home/mustardking/ws_sensor_combined/install/px4_msgs/include/px4_msgs/px4_msgs/msg/detail/qshell_retval__type_support.h\n'}
[0.886845] (px4_msgs) StdoutLine: {'line': b'-- Up-to-date: /home/mustardking/ws_sensor_combined/install/px4_msgs/include/px4_msgs/px4_msgs/msg/detail/debug_value__functions.h\n'}
[0.886870] (px4_msgs) StdoutLine: {'line': b'-- Up-to-date: /home/mustardking/ws_sensor_combined/install/px4_msgs/include/px4_msgs/px4_msgs/msg/detail/camera_trigger__functions.h\n'}
[0.886894] (px4_msgs) StdoutLine: {'line': b'-- Up-to-date: /home/mustardking/ws_sensor_combined/install/px4_msgs/include/px4_msgs/px4_msgs/msg/detail/offboard_control_mode__type_support.h\n'}
[0.886917] (px4_msgs) StdoutLine: {'line': b'-- Up-to-date: /home/mustardking/ws_sensor_combined/install/px4_msgs/include/px4_msgs/px4_msgs/msg/detail/vehicle_control_mode__functions.h\n'}
[0.886940] (px4_msgs) StdoutLine: {'line': b'-- Up-to-date: /home/mustardking/ws_sensor_combined/install/px4_msgs/include/px4_msgs/px4_msgs/msg/detail/sensor_gyro_fft__struct.h\n'}
[0.886963] (px4_msgs) StdoutLine: {'line': b'-- Up-to-date: /home/mustardking/ws_sensor_combined/install/px4_msgs/include/px4_msgs/px4_msgs/msg/detail/mavlink_tunnel__functions.c\n'}
[0.886987] (px4_msgs) StdoutLine: {'line': b'-- Up-to-date: /home/mustardking/ws_sensor_combined/install/px4_msgs/include/px4_msgs/px4_msgs/msg/detail/satellite_info__functions.c\n'}
[0.887010] (px4_msgs) StdoutLine: {'line': b'-- Up-to-date: /home/mustardking/ws_sensor_combined/install/px4_msgs/include/px4_msgs/px4_msgs/msg/detail/lateral_control_configuration__functions.h\n'}
[0.887033] (px4_msgs) StdoutLine: {'line': b'-- Up-to-date: /home/mustardking/ws_sensor_combined/install/px4_msgs/include/px4_msgs/px4_msgs/msg/detail/autotune_attitude_control_status__type_support.h\n'}
[0.887056] (px4_msgs) StdoutLine: {'line': b'-- Up-to-date: /home/mustardking/ws_sensor_combined/install/px4_msgs/include/px4_msgs/px4_msgs/msg/detail/obstacle_distance__struct.h\n'}
[0.887079] (px4_msgs) StdoutLine: {'line': b'-- Up-to-date: /home/mustardking/ws_sensor_combined/install/px4_msgs/include/px4_msgs/px4_msgs/msg/detail/tecs_status__functions.h\n'}
[0.887105] (px4_msgs) StdoutLine: {'line': b'-- Up-to-date: /home/mustardking/ws_sensor_combined/install/px4_msgs/include/px4_msgs/px4_msgs/msg/detail/rc_channels__functions.c\n'}
[0.887132] (px4_msgs) StdoutLine: {'line': b'-- Up-to-date: /home/mustardking/ws_sensor_combined/install/px4_msgs/include/px4_msgs/px4_msgs/msg/detail/sensor_gyro_fifo__struct.h\n'}
[0.887164] (px4_msgs) StdoutLine: {'line': b'-- Up-to-date: /home/mustardking/ws_sensor_combined/install/px4_msgs/include/px4_msgs/px4_msgs/msg/detail/dataman_response__functions.c\n'}
[0.887189] (px4_msgs) StdoutLine: {'line': b'-- Up-to-date: /home/mustardking/ws_sensor_combined/install/px4_msgs/include/px4_msgs/px4_msgs/msg/detail/fuel_tank_status__functions.h\n'}
[0.887212] (px4_msgs) StdoutLine: {'line': b'-- Up-to-date: /home/mustardking/ws_sensor_combined/install/px4_msgs/include/px4_msgs/px4_msgs/msg/detail/gpio_out__type_support.h\n'}
[0.887237] (px4_msgs) StdoutLine: {'line': b'-- Up-to-date: /home/mustardking/ws_sensor_combined/install/px4_msgs/include/px4_msgs/px4_msgs/msg/detail/vehicle_air_data__functions.c\n'}
[0.887260] (px4_msgs) StdoutLine: {'line': b'-- Up-to-date: /home/mustardking/ws_sensor_combined/install/px4_msgs/include/px4_msgs/px4_msgs/msg/detail/orb_test_large__type_support.h\n'}
[0.887284] (px4_msgs) StdoutLine: {'line': b'-- Up-to-date: /home/mustardking/ws_sensor_combined/install/px4_msgs/include/px4_msgs/px4_msgs/msg/detail/debug_array__functions.h\n'}
[0.887307] (px4_msgs) StdoutLine: {'line': b'-- Up-to-date: /home/mustardking/ws_sensor_combined/install/px4_msgs/include/px4_msgs/px4_msgs/msg/detail/yaw_estimator_status__functions.h\n'}
[0.887330] (px4_msgs) StdoutLine: {'line': b'-- Up-to-date: /home/mustardking/ws_sensor_combined/install/px4_msgs/include/px4_msgs/px4_msgs/msg/detail/ping__struct.h\n'}
[0.887353] (px4_msgs) StdoutLine: {'line': b'-- Up-to-date: /home/mustardking/ws_sensor_combined/install/px4_msgs/include/px4_msgs/px4_msgs/msg/detail/vehicle_local_position_setpoint__type_support.h\n'}
[0.887376] (px4_msgs) StdoutLine: {'line': b'-- Up-to-date: /home/mustardking/ws_sensor_combined/install/px4_msgs/include/px4_msgs/px4_msgs/msg/detail/uavcan_parameter_request__functions.c\n'}
[0.887400] (px4_msgs) StdoutLine: {'line': b'-- Up-to-date: /home/mustardking/ws_sensor_combined/install/px4_msgs/include/px4_msgs/px4_msgs/msg/detail/config_overrides__struct.h\n'}
[0.887424] (px4_msgs) StdoutLine: {'line': b'-- Up-to-date: /home/mustardking/ws_sensor_combined/install/px4_msgs/include/px4_msgs/px4_msgs/msg/detail/landing_gear_wheel__struct.h\n'}
[0.887447] (px4_msgs) StdoutLine: {'line': b'-- Up-to-date: /home/mustardking/ws_sensor_combined/install/px4_msgs/include/px4_msgs/px4_msgs/msg/detail/estimator_innovations__functions.h\n'}
[0.887471] (px4_msgs) StdoutLine: {'line': b'-- Up-to-date: /home/mustardking/ws_sensor_combined/install/px4_msgs/include/px4_msgs/px4_msgs/msg/detail/vehicle_command_ack__type_support.h\n'}
[0.887498] (px4_msgs) StdoutLine: {'line': b'-- Up-to-date: /home/mustardking/ws_sensor_combined/install/px4_msgs/include/px4_msgs/px4_msgs/msg/detail/dataman_request__struct.h\n'}
[0.887527] (px4_msgs) StdoutLine: {'line': b'-- Up-to-date: /home/mustardking/ws_sensor_combined/install/px4_msgs/include/px4_msgs/px4_msgs/msg/detail/camera_status__struct.h\n'}
[0.887550] (px4_msgs) StdoutLine: {'line': b'-- Up-to-date: /home/mustardking/ws_sensor_combined/install/px4_msgs/include/px4_msgs/px4_msgs/msg/detail/collision_constraints__struct.h\n'}
[0.887574] (px4_msgs) StdoutLine: {'line': b'-- Up-to-date: /home/mustardking/ws_sensor_combined/install/px4_msgs/include/px4_msgs/px4_msgs/msg/detail/position_setpoint_triplet__functions.c\n'}
[0.887598] (px4_msgs) StdoutLine: {'line': b'-- Up-to-date: /home/mustardking/ws_sensor_combined/install/px4_msgs/include/px4_msgs/px4_msgs/msg/detail/position_controller_landing_status__functions.h\n'}
[0.887621] (px4_msgs) StdoutLine: {'line': b'-- Up-to-date: /home/mustardking/ws_sensor_combined/install/px4_msgs/include/px4_msgs/px4_msgs/msg/detail/rover_throttle_setpoint__functions.c\n'}
[0.887658] (px4_msgs) StdoutLine: {'line': b'-- Up-to-date: /home/mustardking/ws_sensor_combined/install/px4_msgs/include/px4_msgs/px4_msgs/msg/detail/led_control__functions.c\n'}
[0.887689] (px4_msgs) StdoutLine: {'line': b'-- Up-to-date: /home/mustardking/ws_sensor_combined/install/px4_msgs/include/px4_msgs/px4_msgs/msg/detail/uavcan_parameter_value__functions.h\n'}
[0.887713] (px4_msgs) StdoutLine: {'line': b'-- Up-to-date: /home/mustardking/ws_sensor_combined/install/px4_msgs/include/px4_msgs/px4_msgs/msg/detail/satellite_info__struct.h\n'}
[0.887736] (px4_msgs) StdoutLine: {'line': b'-- Up-to-date: /home/mustardking/ws_sensor_combined/install/px4_msgs/include/px4_msgs/px4_msgs/msg/detail/camera_status__functions.h\n'}
[0.887759] (px4_msgs) StdoutLine: {'line': b'-- Up-to-date: /home/mustardking/ws_sensor_combined/install/px4_msgs/include/px4_msgs/px4_msgs/msg/detail/power_button_state__type_support.h\n'}
[0.887782] (px4_msgs) StdoutLine: {'line': b'-- Up-to-date: /home/mustardking/ws_sensor_combined/install/px4_msgs/include/px4_msgs/px4_msgs/msg/detail/failsafe_flags__functions.c\n'}
[0.887805] (px4_msgs) StdoutLine: {'line': b'-- Up-to-date: /home/mustardking/ws_sensor_combined/install/px4_msgs/include/px4_msgs/px4_msgs/msg/detail/rover_throttle_setpoint__type_support.h\n'}
[0.887828] (px4_msgs) StdoutLine: {'line': b'-- Up-to-date: /home/mustardking/ws_sensor_combined/install/px4_msgs/include/px4_msgs/px4_msgs/msg/detail/vehicle_command_ack__struct.h\n'}
[0.887856] (px4_msgs) StdoutLine: {'line': b'-- Up-to-date: /home/mustardking/ws_sensor_combined/install/px4_msgs/include/px4_msgs/px4_msgs/msg/detail/camera_status__functions.c\n'}
[0.887879] (px4_msgs) StdoutLine: {'line': b'-- Up-to-date: /home/mustardking/ws_sensor_combined/install/px4_msgs/include/px4_msgs/px4_msgs/msg/detail/gpio_in__struct.h\n'}
[0.887902] (px4_msgs) StdoutLine: {'line': b'-- Up-to-date: /home/mustardking/ws_sensor_combined/install/px4_msgs/include/px4_msgs/px4_msgs/msg/detail/tiltrotor_extra_controls__functions.h\n'}
[0.887938] (px4_msgs) StdoutLine: {'line': b'-- Up-to-date: /home/mustardking/ws_sensor_combined/install/px4_msgs/include/px4_msgs/px4_msgs/msg/detail/sensor_selection__functions.c\n'}
[0.887971] (px4_msgs) StdoutLine: {'line': b'-- Up-to-date: /home/mustardking/ws_sensor_combined/install/px4_msgs/include/px4_msgs/px4_msgs/msg/detail/task_stack_info__functions.h\n'}
[0.888002] (px4_msgs) StdoutLine: {'line': b'-- Up-to-date: /home/mustardking/ws_sensor_combined/install/px4_msgs/include/px4_msgs/px4_msgs/msg/detail/estimator_bias__type_support.h\n'}
[0.888029] (px4_msgs) StdoutLine: {'line': b'-- Up-to-date: /home/mustardking/ws_sensor_combined/install/px4_msgs/include/px4_msgs/px4_msgs/msg/detail/open_drone_id_operator_id__type_support.h\n'}
[0.888052] (px4_msgs) StdoutLine: {'line': b'-- Up-to-date: /home/mustardking/ws_sensor_combined/install/px4_msgs/include/px4_msgs/px4_msgs/msg/detail/mission_result__functions.c\n'}
[0.888074] (px4_msgs) StdoutLine: {'line': b'-- Up-to-date: /home/mustardking/ws_sensor_combined/install/px4_msgs/include/px4_msgs/px4_msgs/msg/detail/collision_constraints__type_support.h\n'}
[0.888097] (px4_msgs) StdoutLine: {'line': b'-- Up-to-date: /home/mustardking/ws_sensor_combined/install/px4_msgs/include/px4_msgs/px4_msgs/msg/detail/gimbal_device_information__struct.h\n'}
[0.888120] (px4_msgs) StdoutLine: {'line': b'-- Up-to-date: /home/mustardking/ws_sensor_combined/install/px4_msgs/include/px4_msgs/px4_msgs/msg/detail/mission_result__struct.h\n'}
[0.888142] (px4_msgs) StdoutLine: {'line': b'-- Up-to-date: /home/mustardking/ws_sensor_combined/install/px4_msgs/include/px4_msgs/px4_msgs/msg/detail/debug_vect__functions.c\n'}
[0.888165] (px4_msgs) StdoutLine: {'line': b'-- Up-to-date: /home/mustardking/ws_sensor_combined/install/px4_msgs/include/px4_msgs/px4_msgs/msg/detail/camera_trigger__type_support.h\n'}
[0.888188] (px4_msgs) StdoutLine: {'line': b'-- Up-to-date: /home/mustardking/ws_sensor_combined/install/px4_msgs/include/px4_msgs/px4_msgs/msg/detail/sensor_baro__functions.h\n'}
[0.888214] (px4_msgs) StdoutLine: {'line': b'-- Up-to-date: /home/mustardking/ws_sensor_combined/install/px4_msgs/include/px4_msgs/px4_msgs/msg/detail/register_ext_component_reply__type_support.h\n'}
[0.888237] (px4_msgs) StdoutLine: {'line': b'-- Up-to-date: /home/mustardking/ws_sensor_combined/install/px4_msgs/include/px4_msgs/px4_msgs/msg/detail/estimator_bias__functions.h\n'}
[0.888260] (px4_msgs) StdoutLine: {'line': b'-- Up-to-date: /home/mustardking/ws_sensor_combined/install/px4_msgs/include/px4_msgs/px4_msgs/msg/detail/actuator_servos_trim__functions.c\n'}
[0.888282] (px4_msgs) StdoutLine: {'line': b'-- Up-to-date: /home/mustardking/ws_sensor_combined/install/px4_msgs/include/px4_msgs/px4_msgs/msg/detail/longitudinal_control_configuration__functions.c\n'}
[0.888305] (px4_msgs) StdoutLine: {'line': b'-- Up-to-date: /home/mustardking/ws_sensor_combined/install/px4_msgs/include/px4_msgs/px4_msgs/msg/detail/event__type_support.h\n'}
[0.888328] (px4_msgs) StdoutLine: {'line': b'-- Up-to-date: /home/mustardking/ws_sensor_combined/install/px4_msgs/include/px4_msgs/px4_msgs/msg/detail/vehicle_angular_acceleration_setpoint__struct.h\n'}
[0.888360] (px4_msgs) StdoutLine: {'line': b'-- Up-to-date: /home/mustardking/ws_sensor_combined/install/px4_msgs/include/px4_msgs/px4_msgs/msg/detail/vehicle_rates_setpoint__type_support.h\n'}
[0.888384] (px4_msgs) StdoutLine: {'line': b'-- Up-to-date: /home/mustardking/ws_sensor_combined/install/px4_msgs/include/px4_msgs/px4_msgs/msg/detail/px4io_status__struct.h\n'}
[0.888407] (px4_msgs) StdoutLine: {'line': b'-- Up-to-date: /home/mustardking/ws_sensor_combined/install/px4_msgs/include/px4_msgs/px4_msgs/msg/detail/vehicle_angular_acceleration_setpoint__functions.c\n'}
[0.888431] (px4_msgs) StdoutLine: {'line': b'-- Up-to-date: /home/mustardking/ws_sensor_combined/install/px4_msgs/include/px4_msgs/px4_msgs/msg/detail/control_allocator_status__struct.h\n'}
[0.888454] (px4_msgs) StdoutLine: {'line': b'-- Up-to-date: /home/mustardking/ws_sensor_combined/install/px4_msgs/include/px4_msgs/px4_msgs/msg/detail/vehicle_control_mode__functions.c\n'}
[0.888476] (px4_msgs) StdoutLine: {'line': b'-- Up-to-date: /home/mustardking/ws_sensor_combined/install/px4_msgs/include/px4_msgs/px4_msgs/msg/detail/hover_thrust_estimate__functions.c\n'}
[0.888499] (px4_msgs) StdoutLine: {'line': b'-- Up-to-date: /home/mustardking/ws_sensor_combined/install/px4_msgs/include/px4_msgs/px4_msgs/msg/detail/collision_constraints__functions.h\n'}
[0.888522] (px4_msgs) StdoutLine: {'line': b'-- Up-to-date: /home/mustardking/ws_sensor_combined/install/px4_msgs/include/px4_msgs/px4_msgs/msg/detail/vtol_vehicle_status__functions.c\n'}
[0.888545] (px4_msgs) StdoutLine: {'line': b'-- Up-to-date: /home/mustardking/ws_sensor_combined/install/px4_msgs/include/px4_msgs/px4_msgs/msg/detail/debug_vect__struct.h\n'}
[0.888568] (px4_msgs) StdoutLine: {'line': b'-- Up-to-date: /home/mustardking/ws_sensor_combined/install/px4_msgs/include/px4_msgs/px4_msgs/msg/detail/navigator_mission_item__functions.h\n'}
[0.888596] (px4_msgs) StdoutLine: {'line': b'-- Up-to-date: /home/mustardking/ws_sensor_combined/install/px4_msgs/include/px4_msgs/px4_msgs/msg/detail/tiltrotor_extra_controls__struct.h\n'}
[0.888620] (px4_msgs) StdoutLine: {'line': b'-- Up-to-date: /home/mustardking/ws_sensor_combined/install/px4_msgs/include/px4_msgs/px4_msgs/msg/detail/rover_rate_setpoint__type_support.h\n'}
[0.888644] (px4_msgs) StdoutLine: {'line': b'-- Up-to-date: /home/mustardking/ws_sensor_combined/install/px4_msgs/include/px4_msgs/px4_msgs/msg/detail/vehicle_local_position__functions.c\n'}
[0.888666] (px4_msgs) StdoutLine: {'line': b'-- Up-to-date: /home/mustardking/ws_sensor_combined/install/px4_msgs/include/px4_msgs/px4_msgs/msg/detail/airspeed__functions.h\n'}
[0.888697] (px4_msgs) StdoutLine: {'line': b'-- Up-to-date: /home/mustardking/ws_sensor_combined/install/px4_msgs/include/px4_msgs/px4_msgs/msg/detail/vehicle_acceleration__functions.c\n'}
[0.888724] (px4_msgs) StdoutLine: {'line': b'-- Up-to-date: /home/mustardking/ws_sensor_combined/install/px4_msgs/include/px4_msgs/px4_msgs/msg/detail/position_controller_landing_status__struct.h\n'}
[0.888747] (px4_msgs) StdoutLine: {'line': b'-- Up-to-date: /home/mustardking/ws_sensor_combined/install/px4_msgs/include/px4_msgs/px4_msgs/msg/detail/geofence_status__functions.c\n'}
[0.888770] (px4_msgs) StdoutLine: {'line': b'-- Up-to-date: /home/mustardking/ws_sensor_combined/install/px4_msgs/include/px4_msgs/px4_msgs/msg/detail/gpio_config__type_support.h\n'}
[0.888793] (px4_msgs) StdoutLine: {'line': b'-- Up-to-date: /home/mustardking/ws_sensor_combined/install/px4_msgs/include/px4_msgs/px4_msgs/msg/detail/esc_report__functions.c\n'}
[0.888816] (px4_msgs) StdoutLine: {'line': b'-- Up-to-date: /home/mustardking/ws_sensor_combined/install/px4_msgs/include/px4_msgs/px4_msgs/msg/detail/dataman_response__type_support.h\n'}
[0.888838] (px4_msgs) StdoutLine: {'line': b'-- Up-to-date: /home/mustardking/ws_sensor_combined/install/px4_msgs/include/px4_msgs/px4_msgs/msg/detail/estimator_gps_status__struct.h\n'}
[0.888930] (px4_msgs) StdoutLine: {'line': b'-- Up-to-date: /home/mustardking/ws_sensor_combined/install/px4_msgs/include/px4_msgs/px4_msgs/msg/detail/vehicle_angular_velocity__functions.h\n'}
[0.888954] (px4_msgs) StdoutLine: {'line': b'-- Up-to-date: /home/mustardking/ws_sensor_combined/install/px4_msgs/include/px4_msgs/px4_msgs/msg/detail/gpio_in__functions.h\n'}
[0.888976] (px4_msgs) StdoutLine: {'line': b'-- Up-to-date: /home/mustardking/ws_sensor_combined/install/px4_msgs/include/px4_msgs/px4_msgs/msg/detail/sensor_gps__type_support.h\n'}
[0.888999] (px4_msgs) StdoutLine: {'line': b'-- Up-to-date: /home/mustardking/ws_sensor_combined/install/px4_msgs/include/px4_msgs/px4_msgs/msg/detail/debug_value__type_support.h\n'}
[0.889022] (px4_msgs) StdoutLine: {'line': b'-- Up-to-date: /home/mustardking/ws_sensor_combined/install/px4_msgs/include/px4_msgs/px4_msgs/msg/detail/vehicle_attitude__type_support.h\n'}
[0.889045] (px4_msgs) StdoutLine: {'line': b'-- Up-to-date: /home/mustardking/ws_sensor_combined/install/px4_msgs/include/px4_msgs/px4_msgs/msg/detail/input_rc__type_support.h\n'}
[0.889068] (px4_msgs) StdoutLine: {'line': b'-- Up-to-date: /home/mustardking/ws_sensor_combined/install/px4_msgs/include/px4_msgs/px4_msgs/msg/detail/vehicle_global_position__functions.h\n'}
[0.889090] (px4_msgs) StdoutLine: {'line': b'-- Up-to-date: /home/mustardking/ws_sensor_combined/install/px4_msgs/include/px4_msgs/px4_msgs/msg/detail/mission__struct.h\n'}
[0.889113] (px4_msgs) StdoutLine: {'line': b'-- Up-to-date: /home/mustardking/ws_sensor_combined/install/px4_msgs/include/px4_msgs/px4_msgs/msg/detail/rover_speed_status__functions.c\n'}
[0.889135] (px4_msgs) StdoutLine: {'line': b'-- Up-to-date: /home/mustardking/ws_sensor_combined/install/px4_msgs/include/px4_msgs/px4_msgs/msg/detail/rover_steering_setpoint__functions.h\n'}
[0.889158] (px4_msgs) StdoutLine: {'line': b'-- Up-to-date: /home/mustardking/ws_sensor_combined/install/px4_msgs/include/px4_msgs/px4_msgs/msg/detail/actuator_servos_trim__functions.h\n'}
[0.889181] (px4_msgs) StdoutLine: {'line': b'-- Up-to-date: /home/mustardking/ws_sensor_combined/install/px4_msgs/include/px4_msgs/px4_msgs/msg/detail/estimator_status_flags__functions.c\n'}
[0.889203] (px4_msgs) StdoutLine: {'line': b'-- Up-to-date: /home/mustardking/ws_sensor_combined/install/px4_msgs/include/px4_msgs/px4_msgs/msg/detail/radio_status__type_support.h\n'}
[0.889226] (px4_msgs) StdoutLine: {'line': b'-- Up-to-date: /home/mustardking/ws_sensor_combined/install/px4_msgs/include/px4_msgs/px4_msgs/msg/detail/vehicle_air_data__type_support.h\n'}
[0.889249] (px4_msgs) StdoutLine: {'line': b'-- Up-to-date: /home/mustardking/ws_sensor_combined/install/px4_msgs/include/px4_msgs/px4_msgs/msg/detail/camera_status__type_support.h\n'}
[0.889272] (px4_msgs) StdoutLine: {'line': b'-- Up-to-date: /home/mustardking/ws_sensor_combined/install/px4_msgs/include/px4_msgs/px4_msgs/msg/detail/sensor_optical_flow__struct.h\n'}
[0.889297] (px4_msgs) StdoutLine: {'line': b'-- Up-to-date: /home/mustardking/ws_sensor_combined/install/px4_msgs/include/px4_msgs/px4_msgs/msg/detail/mission__functions.c\n'}
[0.889319] (px4_msgs) StdoutLine: {'line': b'-- Up-to-date: /home/mustardking/ws_sensor_combined/install/px4_msgs/include/px4_msgs/px4_msgs/msg/detail/velocity_limits__functions.c\n'}
[0.889342] (px4_msgs) StdoutLine: {'line': b'-- Up-to-date: /home/mustardking/ws_sensor_combined/install/px4_msgs/include/px4_msgs/px4_msgs/msg/detail/sensors_status__functions.c\n'}
[0.889366] (px4_msgs) StdoutLine: {'line': b'-- Up-to-date: /home/mustardking/ws_sensor_combined/install/px4_msgs/include/px4_msgs/px4_msgs/msg/detail/vehicle_acceleration__type_support.h\n'}
[0.889388] (px4_msgs) StdoutLine: {'line': b'-- Up-to-date: /home/mustardking/ws_sensor_combined/install/px4_msgs/include/px4_msgs/px4_msgs/msg/detail/gimbal_device_attitude_status__functions.c\n'}
[0.889411] (px4_msgs) StdoutLine: {'line': b'-- Up-to-date: /home/mustardking/ws_sensor_combined/install/px4_msgs/include/px4_msgs/px4_msgs/msg/detail/rover_position_setpoint__struct.h\n'}
[0.889432] (px4_msgs) StdoutLine: {'line': b'-- Up-to-date: /home/mustardking/ws_sensor_combined/install/px4_msgs/include/px4_msgs/px4_msgs/msg/detail/sensor_gnss_status__functions.c\n'}
[0.889454] (px4_msgs) StdoutLine: {'line': b'-- Up-to-date: /home/mustardking/ws_sensor_combined/install/px4_msgs/include/px4_msgs/px4_msgs/msg/detail/wind__struct.h\n'}
[0.889476] (px4_msgs) StdoutLine: {'line': b'-- Up-to-date: /home/mustardking/ws_sensor_combined/install/px4_msgs/include/px4_msgs/px4_msgs/msg/detail/vehicle_odometry__functions.c\n'}
[0.889497] (px4_msgs) StdoutLine: {'line': b'-- Up-to-date: /home/mustardking/ws_sensor_combined/install/px4_msgs/include/px4_msgs/px4_msgs/msg/detail/ulog_stream_ack__struct.h\n'}
[0.889519] (px4_msgs) StdoutLine: {'line': b'-- Up-to-date: /home/mustardking/ws_sensor_combined/install/px4_msgs/include/px4_msgs/px4_msgs/msg/detail/velocity_limits__type_support.h\n'}
[0.889541] (px4_msgs) StdoutLine: {'line': b'-- Up-to-date: /home/mustardking/ws_sensor_combined/install/px4_msgs/include/px4_msgs/px4_msgs/msg/detail/vehicle_torque_setpoint__functions.c\n'}
[0.889562] (px4_msgs) StdoutLine: {'line': b'-- Up-to-date: /home/mustardking/ws_sensor_combined/install/px4_msgs/include/px4_msgs/px4_msgs/msg/detail/airspeed_wind__struct.h\n'}
[0.889585] (px4_msgs) StdoutLine: {'line': b'-- Up-to-date: /home/mustardking/ws_sensor_combined/install/px4_msgs/include/px4_msgs/px4_msgs/msg/detail/vehicle_magnetometer__struct.h\n'}
[0.889606] (px4_msgs) StdoutLine: {'line': b'-- Up-to-date: /home/mustardking/ws_sensor_combined/install/px4_msgs/include/px4_msgs/px4_msgs/msg/detail/debug_value__struct.h\n'}
[0.889628] (px4_msgs) StdoutLine: {'line': b'-- Up-to-date: /home/mustardking/ws_sensor_combined/install/px4_msgs/include/px4_msgs/px4_msgs/msg/detail/position_controller_landing_status__type_support.h\n'}
[0.889649] (px4_msgs) StdoutLine: {'line': b'-- Up-to-date: /home/mustardking/ws_sensor_combined/install/px4_msgs/include/px4_msgs/px4_msgs/msg/detail/parameter_set_used_request__functions.c\n'}
[0.889671] (px4_msgs) StdoutLine: {'line': b'-- Up-to-date: /home/mustardking/ws_sensor_combined/install/px4_msgs/include/px4_msgs/px4_msgs/msg/detail/estimator_event_flags__functions.h\n'}
[0.889693] (px4_msgs) StdoutLine: {'line': b'-- Up-to-date: /home/mustardking/ws_sensor_combined/install/px4_msgs/include/px4_msgs/px4_msgs/msg/detail/sensor_preflight_mag__functions.c\n'}
[0.889714] (px4_msgs) StdoutLine: {'line': b'-- Up-to-date: /home/mustardking/ws_sensor_combined/install/px4_msgs/include/px4_msgs/px4_msgs/msg/detail/failsafe_flags__functions.h\n'}
[0.889736] (px4_msgs) StdoutLine: {'line': b'-- Up-to-date: /home/mustardking/ws_sensor_combined/install/px4_msgs/include/px4_msgs/px4_msgs/msg/detail/parameter_set_value_response__functions.c\n'}
[0.889758] (px4_msgs) StdoutLine: {'line': b'-- Up-to-date: /home/mustardking/ws_sensor_combined/install/px4_msgs/include/px4_msgs/px4_msgs/msg/detail/action_request__functions.c\n'}
[0.889781] (px4_msgs) StdoutLine: {'line': b'-- Up-to-date: /home/mustardking/ws_sensor_combined/install/px4_msgs/include/px4_msgs/px4_msgs/msg/detail/unregister_ext_component__type_support.h\n'}
[0.889803] (px4_msgs) StdoutLine: {'line': b'-- Up-to-date: /home/mustardking/ws_sensor_combined/install/px4_msgs/include/px4_msgs/px4_msgs/msg/detail/fixed_wing_lateral_status__struct.h\n'}
[0.889825] (px4_msgs) StdoutLine: {'line': b'-- Up-to-date: /home/mustardking/ws_sensor_combined/install/px4_msgs/include/px4_msgs/px4_msgs/msg/detail/offboard_control_mode__struct.h\n'}
[0.889847] (px4_msgs) StdoutLine: {'line': b'-- Up-to-date: /home/mustardking/ws_sensor_combined/install/px4_msgs/include/px4_msgs/px4_msgs/msg/detail/neural_control__functions.h\n'}
[0.889868] (px4_msgs) StdoutLine: {'line': b'-- Up-to-date: /home/mustardking/ws_sensor_combined/install/px4_msgs/include/px4_msgs/px4_msgs/msg/detail/goto_setpoint__functions.h\n'}
[0.889890] (px4_msgs) StdoutLine: {'line': b'-- Up-to-date: /home/mustardking/ws_sensor_combined/install/px4_msgs/include/px4_msgs/px4_msgs/msg/detail/gimbal_manager_information__functions.c\n'}
[0.889911] (px4_msgs) StdoutLine: {'line': b'-- Up-to-date: /home/mustardking/ws_sensor_combined/install/px4_msgs/include/px4_msgs/px4_msgs/msg/detail/manual_control_switches__type_support.h\n'}
[0.889935] (px4_msgs) StdoutLine: {'line': b'-- Up-to-date: /home/mustardking/ws_sensor_combined/install/px4_msgs/include/px4_msgs/px4_msgs/msg/detail/vehicle_local_position__struct.h\n'}
[0.889957] (px4_msgs) StdoutLine: {'line': b'-- Up-to-date: /home/mustardking/ws_sensor_combined/install/px4_msgs/include/px4_msgs/px4_msgs/msg/detail/vehicle_global_position__struct.h\n'}
[0.889978] (px4_msgs) StdoutLine: {'line': b'-- Up-to-date: /home/mustardking/ws_sensor_combined/install/px4_msgs/include/px4_msgs/px4_msgs/msg/detail/tecs_status__functions.c\n'}
[0.890003] (px4_msgs) StdoutLine: {'line': b'-- Up-to-date: /home/mustardking/ws_sensor_combined/install/px4_msgs/include/px4_msgs/px4_msgs/msg/detail/gripper__type_support.h\n'}
[0.890024] (px4_msgs) StdoutLine: {'line': b'-- Up-to-date: /home/mustardking/ws_sensor_combined/install/px4_msgs/include/px4_msgs/px4_msgs/msg/detail/vehicle_optical_flow__type_support.h\n'}
[0.890046] (px4_msgs) StdoutLine: {'line': b'-- Up-to-date: /home/mustardking/ws_sensor_combined/install/px4_msgs/include/px4_msgs/px4_msgs/msg/detail/heater_status__functions.c\n'}
[0.890067] (px4_msgs) StdoutLine: {'line': b'-- Up-to-date: /home/mustardking/ws_sensor_combined/install/px4_msgs/include/px4_msgs/px4_msgs/msg/detail/timesync_status__struct.h\n'}
[0.890089] (px4_msgs) StdoutLine: {'line': b'-- Up-to-date: /home/mustardking/ws_sensor_combined/install/px4_msgs/include/px4_msgs/px4_msgs/msg/detail/parameter_set_used_request__struct.h\n'}
[0.890111] (px4_msgs) StdoutLine: {'line': b'-- Up-to-date: /home/mustardking/ws_sensor_combined/install/px4_msgs/include/px4_msgs/px4_msgs/msg/detail/open_drone_id_system__functions.c\n'}
[0.890133] (px4_msgs) StdoutLine: {'line': b'-- Up-to-date: /home/mustardking/ws_sensor_combined/install/px4_msgs/include/px4_msgs/px4_msgs/msg/detail/vehicle_global_position__type_support.h\n'}
[0.890155] (px4_msgs) StdoutLine: {'line': b'-- Up-to-date: /home/mustardking/ws_sensor_combined/install/px4_msgs/include/px4_msgs/px4_msgs/msg/detail/differential_pressure__functions.h\n'}
[0.890176] (px4_msgs) StdoutLine: {'line': b'-- Up-to-date: /home/mustardking/ws_sensor_combined/install/px4_msgs/include/px4_msgs/px4_msgs/msg/detail/gripper__functions.h\n'}
[0.890198] (px4_msgs) StdoutLine: {'line': b'-- Up-to-date: /home/mustardking/ws_sensor_combined/install/px4_msgs/include/px4_msgs/px4_msgs/msg/detail/logger_status__functions.c\n'}
[0.890219] (px4_msgs) StdoutLine: {'line': b'-- Up-to-date: /home/mustardking/ws_sensor_combined/install/px4_msgs/include/px4_msgs/px4_msgs/msg/detail/radio_status__functions.c\n'}
[0.890241] (px4_msgs) StdoutLine: {'line': b'-- Up-to-date: /home/mustardking/ws_sensor_combined/install/px4_msgs/include/px4_msgs/px4_msgs/msg/detail/orb_test_large__functions.c\n'}
[0.890264] (px4_msgs) StdoutLine: {'line': b'-- Up-to-date: /home/mustardking/ws_sensor_combined/install/px4_msgs/include/px4_msgs/px4_msgs/msg/detail/autotune_attitude_control_status__struct.h\n'}
[0.890286] (px4_msgs) StdoutLine: {'line': b'-- Up-to-date: /home/mustardking/ws_sensor_combined/install/px4_msgs/include/px4_msgs/px4_msgs/msg/detail/normalized_unsigned_setpoint__functions.h\n'}
[0.890308] (px4_msgs) StdoutLine: {'line': b'-- Up-to-date: /home/mustardking/ws_sensor_combined/install/px4_msgs/include/px4_msgs/px4_msgs/msg/detail/vehicle_magnetometer__functions.h\n'}
[0.890329] (px4_msgs) StdoutLine: {'line': b'-- Up-to-date: /home/mustardking/ws_sensor_combined/install/px4_msgs/include/px4_msgs/px4_msgs/msg/detail/message_format_request__functions.c\n'}
[0.890351] (px4_msgs) StdoutLine: {'line': b'-- Up-to-date: /home/mustardking/ws_sensor_combined/install/px4_msgs/include/px4_msgs/px4_msgs/msg/detail/vehicle_acceleration__functions.h\n'}
[0.890372] (px4_msgs) StdoutLine: {'line': b'-- Up-to-date: /home/mustardking/ws_sensor_combined/install/px4_msgs/include/px4_msgs/px4_msgs/msg/detail/parameter_update__functions.c\n'}
[0.890394] (px4_msgs) StdoutLine: {'line': b'-- Up-to-date: /home/mustardking/ws_sensor_combined/install/px4_msgs/include/px4_msgs/px4_msgs/msg/detail/debug_key_value__struct.h\n'}
[0.890416] (px4_msgs) StdoutLine: {'line': b'-- Up-to-date: /home/mustardking/ws_sensor_combined/install/px4_msgs/include/px4_msgs/px4_msgs/msg/detail/fixed_wing_longitudinal_setpoint__functions.h\n'}
[0.890437] (px4_msgs) StdoutLine: {'line': b'-- Up-to-date: /home/mustardking/ws_sensor_combined/install/px4_msgs/include/px4_msgs/px4_msgs/msg/detail/sensor_gnss_relative__type_support.h\n'}
[0.890460] (px4_msgs) StdoutLine: {'line': b'-- Up-to-date: /home/mustardking/ws_sensor_combined/install/px4_msgs/include/px4_msgs/px4_msgs/msg/detail/gimbal_manager_status__functions.h\n'}
[0.890482] (px4_msgs) StdoutLine: {'line': b'-- Up-to-date: /home/mustardking/ws_sensor_combined/install/px4_msgs/include/px4_msgs/px4_msgs/msg/detail/fixed_wing_runway_control__functions.c\n'}
[0.890504] (px4_msgs) StdoutLine: {'line': b'-- Up-to-date: /home/mustardking/ws_sensor_combined/install/px4_msgs/include/px4_msgs/px4_msgs/msg/detail/sensors_status_imu__functions.c\n'}
[0.890526] (px4_msgs) StdoutLine: {'line': b'-- Up-to-date: /home/mustardking/ws_sensor_combined/install/px4_msgs/include/px4_msgs/px4_msgs/msg/detail/adc_report__type_support.h\n'}
[0.890549] (px4_msgs) StdoutLine: {'line': b'-- Up-to-date: /home/mustardking/ws_sensor_combined/install/px4_msgs/include/px4_msgs/px4_msgs/msg/detail/open_drone_id_self_id__functions.h\n'}
[0.890571] (px4_msgs) StdoutLine: {'line': b'-- Up-to-date: /home/mustardking/ws_sensor_combined/install/px4_msgs/include/px4_msgs/px4_msgs/msg/detail/parameter_update__type_support.h\n'}
[0.890592] (px4_msgs) StdoutLine: {'line': b'-- Up-to-date: /home/mustardking/ws_sensor_combined/install/px4_msgs/include/px4_msgs/px4_msgs/msg/detail/heater_status__struct.h\n'}
[0.890615] (px4_msgs) StdoutLine: {'line': b'-- Up-to-date: /home/mustardking/ws_sensor_combined/install/px4_msgs/include/px4_msgs/px4_msgs/msg/detail/gimbal_device_set_attitude__struct.h\n'}
[0.890637] (px4_msgs) StdoutLine: {'line': b'-- Up-to-date: /home/mustardking/ws_sensor_combined/install/px4_msgs/include/px4_msgs/px4_msgs/msg/detail/sensors_status_imu__struct.h\n'}
[0.890661] (px4_msgs) StdoutLine: {'line': b'-- Up-to-date: /home/mustardking/ws_sensor_combined/install/px4_msgs/include/px4_msgs/px4_msgs/msg/detail/rover_attitude_status__type_support.h\n'}
[0.890683] (px4_msgs) StdoutLine: {'line': b'-- Up-to-date: /home/mustardking/ws_sensor_combined/install/px4_msgs/include/px4_msgs/px4_msgs/msg/detail/rover_speed_status__type_support.h\n'}
[0.890705] (px4_msgs) StdoutLine: {'line': b'-- Up-to-date: /home/mustardking/ws_sensor_combined/install/px4_msgs/include/px4_msgs/px4_msgs/msg/detail/message_format_request__struct.h\n'}
[0.890727] (px4_msgs) StdoutLine: {'line': b'-- Up-to-date: /home/mustardking/ws_sensor_combined/install/px4_msgs/include/px4_msgs/px4_msgs/msg/detail/orb_test_large__struct.h\n'}
[0.890750] (px4_msgs) StdoutLine: {'line': b'-- Up-to-date: /home/mustardking/ws_sensor_combined/install/px4_msgs/include/px4_msgs/px4_msgs/msg/detail/esc_status__struct.h\n'}
[0.890772] (px4_msgs) StdoutLine: {'line': b'-- Up-to-date: /home/mustardking/ws_sensor_combined/install/px4_msgs/include/px4_msgs/px4_msgs/msg/detail/vehicle_land_detected__functions.h\n'}
[0.890793] (px4_msgs) StdoutLine: {'line': b'-- Up-to-date: /home/mustardking/ws_sensor_combined/install/px4_msgs/include/px4_msgs/px4_msgs/msg/detail/distance_sensor__functions.c\n'}
[0.890816] (px4_msgs) StdoutLine: {'line': b'-- Up-to-date: /home/mustardking/ws_sensor_combined/install/px4_msgs/include/px4_msgs/px4_msgs/msg/detail/mount_orientation__type_support.h\n'}
[0.890837] (px4_msgs) StdoutLine: {'line': b'-- Up-to-date: /home/mustardking/ws_sensor_combined/install/px4_msgs/include/px4_msgs/px4_msgs/msg/detail/gpio_config__struct.h\n'}
[0.890859] (px4_msgs) StdoutLine: {'line': b'-- Up-to-date: /home/mustardking/ws_sensor_combined/install/px4_msgs/include/px4_msgs/px4_msgs/msg/detail/geofence_status__functions.h\n'}
[0.890881] (px4_msgs) StdoutLine: {'line': b'-- Up-to-date: /home/mustardking/ws_sensor_combined/install/px4_msgs/include/px4_msgs/px4_msgs/msg/detail/button_event__type_support.h\n'}
[0.890903] (px4_msgs) StdoutLine: {'line': b'-- Up-to-date: /home/mustardking/ws_sensor_combined/install/px4_msgs/include/px4_msgs/px4_msgs/msg/detail/satellite_info__functions.h\n'}
[0.890925] (px4_msgs) StdoutLine: {'line': b'-- Up-to-date: /home/mustardking/ws_sensor_combined/install/px4_msgs/include/px4_msgs/px4_msgs/msg/detail/estimator_selector_status__functions.c\n'}
[0.890946] (px4_msgs) StdoutLine: {'line': b'-- Up-to-date: /home/mustardking/ws_sensor_combined/install/px4_msgs/include/px4_msgs/px4_msgs/msg/detail/battery_info__type_support.h\n'}
[0.890968] (px4_msgs) StdoutLine: {'line': b'-- Up-to-date: /home/mustardking/ws_sensor_combined/install/px4_msgs/include/px4_msgs/px4_msgs/msg/detail/telemetry_status__functions.h\n'}
[0.890990] (px4_msgs) StdoutLine: {'line': b'-- Up-to-date: /home/mustardking/ws_sensor_combined/install/px4_msgs/include/px4_msgs/px4_msgs/msg/detail/pps_capture__struct.h\n'}
[0.891012] (px4_msgs) StdoutLine: {'line': b'-- Up-to-date: /home/mustardking/ws_sensor_combined/install/px4_msgs/include/px4_msgs/px4_msgs/msg/detail/wind__functions.h\n'}
[0.891033] (px4_msgs) StdoutLine: {'line': b'-- Up-to-date: /home/mustardking/ws_sensor_combined/install/px4_msgs/include/px4_msgs/px4_msgs/msg/detail/fixed_wing_runway_control__struct.h\n'}
[0.891055] (px4_msgs) StdoutLine: {'line': b'-- Up-to-date: /home/mustardking/ws_sensor_combined/install/px4_msgs/include/px4_msgs/px4_msgs/msg/detail/mavlink_log__type_support.h\n'}
[0.891076] (px4_msgs) StdoutLine: {'line': b'-- Up-to-date: /home/mustardking/ws_sensor_combined/install/px4_msgs/include/px4_msgs/px4_msgs/msg/detail/landing_target_pose__functions.h\n'}
[0.891098] (px4_msgs) StdoutLine: {'line': b'-- Up-to-date: /home/mustardking/ws_sensor_combined/install/px4_msgs/include/px4_msgs/px4_msgs/msg/detail/internal_combustion_engine_control__functions.h\n'}
[0.891119] (px4_msgs) StdoutLine: {'line': b'-- Up-to-date: /home/mustardking/ws_sensor_combined/install/px4_msgs/include/px4_msgs/px4_msgs/msg/detail/system_power__type_support.h\n'}
[0.891141] (px4_msgs) StdoutLine: {'line': b'-- Up-to-date: /home/mustardking/ws_sensor_combined/install/px4_msgs/include/px4_msgs/px4_msgs/msg/detail/register_ext_component_reply__functions.h\n'}
[0.891164] (px4_msgs) StdoutLine: {'line': b'-- Up-to-date: /home/mustardking/ws_sensor_combined/install/px4_msgs/include/px4_msgs/px4_msgs/msg/detail/rate_ctrl_status__type_support.h\n'}
[0.891186] (px4_msgs) StdoutLine: {'line': b'-- Up-to-date: /home/mustardking/ws_sensor_combined/install/px4_msgs/include/px4_msgs/px4_msgs/msg/detail/wind__type_support.h\n'}
[0.891208] (px4_msgs) StdoutLine: {'line': b'-- Up-to-date: /home/mustardking/ws_sensor_combined/install/px4_msgs/include/px4_msgs/px4_msgs/msg/detail/goto_setpoint__functions.c\n'}
[0.891231] (px4_msgs) StdoutLine: {'line': b'-- Up-to-date: /home/mustardking/ws_sensor_combined/install/px4_msgs/include/px4_msgs/px4_msgs/msg/detail/geofence_status__type_support.h\n'}
[0.891253] (px4_msgs) StdoutLine: {'line': b'-- Up-to-date: /home/mustardking/ws_sensor_combined/install/px4_msgs/include/px4_msgs/px4_msgs/msg/detail/fixed_wing_lateral_status__functions.h\n'}
[0.891274] (px4_msgs) StdoutLine: {'line': b'-- Up-to-date: /home/mustardking/ws_sensor_combined/install/px4_msgs/include/px4_msgs/px4_msgs/msg/detail/sensor_uwb__functions.h\n'}
[0.891296] (px4_msgs) StdoutLine: {'line': b'-- Up-to-date: /home/mustardking/ws_sensor_combined/install/px4_msgs/include/px4_msgs/px4_msgs/msg/detail/vehicle_attitude_setpoint__type_support.h\n'}
[0.891320] (px4_msgs) StdoutLine: {'line': b'-- Up-to-date: /home/mustardking/ws_sensor_combined/install/px4_msgs/include/px4_msgs/px4_msgs/msg/detail/estimator_aid_source2d__functions.h\n'}
[0.891342] (px4_msgs) StdoutLine: {'line': b'-- Up-to-date: /home/mustardking/ws_sensor_combined/install/px4_msgs/include/px4_msgs/px4_msgs/msg/detail/vehicle_control_mode__type_support.h\n'}
[0.891364] (px4_msgs) StdoutLine: {'line': b'-- Up-to-date: /home/mustardking/ws_sensor_combined/install/px4_msgs/include/px4_msgs/px4_msgs/msg/detail/actuator_test__functions.c\n'}
[0.891386] (px4_msgs) StdoutLine: {'line': b'-- Up-to-date: /home/mustardking/ws_sensor_combined/install/px4_msgs/include/px4_msgs/px4_msgs/msg/detail/estimator_selector_status__functions.h\n'}
[0.891407] (px4_msgs) StdoutLine: {'line': b'-- Up-to-date: /home/mustardking/ws_sensor_combined/install/px4_msgs/include/px4_msgs/px4_msgs/msg/detail/mount_orientation__struct.h\n'}
[0.891429] (px4_msgs) StdoutLine: {'line': b'-- Up-to-date: /home/mustardking/ws_sensor_combined/install/px4_msgs/include/px4_msgs/px4_msgs/msg/detail/transponder_report__struct.h\n'}
[0.891450] (px4_msgs) StdoutLine: {'line': b'-- Up-to-date: /home/mustardking/ws_sensor_combined/install/px4_msgs/include/px4_msgs/px4_msgs/msg/detail/task_stack_info__functions.c\n'}
[0.891472] (px4_msgs) StdoutLine: {'line': b'-- Up-to-date: /home/mustardking/ws_sensor_combined/install/px4_msgs/include/px4_msgs/px4_msgs/msg/detail/qshell_req__functions.c\n'}
[0.891494] (px4_msgs) StdoutLine: {'line': b'-- Up-to-date: /home/mustardking/ws_sensor_combined/install/px4_msgs/include/px4_msgs/px4_msgs/msg/detail/orbit_status__type_support.h\n'}
[0.891516] (px4_msgs) StdoutLine: {'line': b'-- Up-to-date: /home/mustardking/ws_sensor_combined/install/px4_msgs/include/px4_msgs/px4_msgs/msg/detail/sensor_accel_fifo__type_support.h\n'}
[0.891538] (px4_msgs) StdoutLine: {'line': b'-- Up-to-date: /home/mustardking/ws_sensor_combined/install/px4_msgs/include/px4_msgs/px4_msgs/msg/detail/goto_setpoint__struct.h\n'}
[0.891560] (px4_msgs) StdoutLine: {'line': b'-- Up-to-date: /home/mustardking/ws_sensor_combined/install/px4_msgs/include/px4_msgs/px4_msgs/msg/detail/estimator_status_flags__type_support.h\n'}
[0.891582] (px4_msgs) StdoutLine: {'line': b'-- Up-to-date: /home/mustardking/ws_sensor_combined/install/px4_msgs/include/px4_msgs/px4_msgs/msg/detail/position_setpoint__functions.c\n'}
[0.891603] (px4_msgs) StdoutLine: {'line': b'-- Up-to-date: /home/mustardking/ws_sensor_combined/install/px4_msgs/include/px4_msgs/px4_msgs/msg/detail/navigator_mission_item__type_support.h\n'}
[0.891625] (px4_msgs) StdoutLine: {'line': b'-- Up-to-date: /home/mustardking/ws_sensor_combined/install/px4_msgs/include/px4_msgs/px4_msgs/msg/detail/rpm__struct.h\n'}
[0.891647] (px4_msgs) StdoutLine: {'line': b'-- Up-to-date: /home/mustardking/ws_sensor_combined/install/px4_msgs/include/px4_msgs/px4_msgs/msg/detail/gimbal_manager_status__type_support.h\n'}
[0.891669] (px4_msgs) StdoutLine: {'line': b'-- Up-to-date: /home/mustardking/ws_sensor_combined/install/px4_msgs/include/px4_msgs/px4_msgs/msg/detail/follow_target__functions.c\n'}
[0.891691] (px4_msgs) StdoutLine: {'line': b'-- Up-to-date: /home/mustardking/ws_sensor_combined/install/px4_msgs/include/px4_msgs/px4_msgs/msg/detail/estimator_aid_source3d__functions.c\n'}
[0.891714] (px4_msgs) StdoutLine: {'line': b'-- Up-to-date: /home/mustardking/ws_sensor_combined/install/px4_msgs/include/px4_msgs/px4_msgs/msg/detail/gimbal_manager_set_manual_control__functions.c\n'}
[0.891735] (px4_msgs) StdoutLine: {'line': b'-- Up-to-date: /home/mustardking/ws_sensor_combined/install/px4_msgs/include/px4_msgs/px4_msgs/msg/detail/mag_worker_data__type_support.h\n'}
[0.891757] (px4_msgs) StdoutLine: {'line': b'-- Up-to-date: /home/mustardking/ws_sensor_combined/install/px4_msgs/include/px4_msgs/px4_msgs/msg/detail/qshell_retval__functions.h\n'}
[0.891780] (px4_msgs) StdoutLine: {'line': b'-- Up-to-date: /home/mustardking/ws_sensor_combined/install/px4_msgs/include/px4_msgs/px4_msgs/msg/detail/follow_target__struct.h\n'}
[0.891802] (px4_msgs) StdoutLine: {'line': b'-- Up-to-date: /home/mustardking/ws_sensor_combined/install/px4_msgs/include/px4_msgs/px4_msgs/msg/detail/follow_target_estimator__type_support.h\n'}
[0.891824] (px4_msgs) StdoutLine: {'line': b'-- Up-to-date: /home/mustardking/ws_sensor_combined/install/px4_msgs/include/px4_msgs/px4_msgs/msg/detail/vehicle_odometry__type_support.h\n'}
[0.891845] (px4_msgs) StdoutLine: {'line': b'-- Up-to-date: /home/mustardking/ws_sensor_combined/install/px4_msgs/include/px4_msgs/px4_msgs/msg/detail/landing_target_pose__type_support.h\n'}
[0.891868] (px4_msgs) StdoutLine: {'line': b'-- Up-to-date: /home/mustardking/ws_sensor_combined/install/px4_msgs/include/px4_msgs/px4_msgs/msg/detail/trajectory_setpoint__type_support.h\n'}
[0.891889] (px4_msgs) StdoutLine: {'line': b'-- Up-to-date: /home/mustardking/ws_sensor_combined/install/px4_msgs/include/px4_msgs/px4_msgs/msg/detail/estimator_bias3d__type_support.h\n'}
[0.891910] (px4_msgs) StdoutLine: {'line': b'-- Up-to-date: /home/mustardking/ws_sensor_combined/install/px4_msgs/include/px4_msgs/px4_msgs/msg/detail/can_interface_status__type_support.h\n'}
[0.891932] (px4_msgs) StdoutLine: {'line': b'-- Up-to-date: /home/mustardking/ws_sensor_combined/install/px4_msgs/include/px4_msgs/px4_msgs/msg/detail/vehicle_optical_flow__struct.h\n'}
[0.891956] (px4_msgs) StdoutLine: {'line': b'-- Up-to-date: /home/mustardking/ws_sensor_combined/install/px4_msgs/include/px4_msgs/px4_msgs/msg/detail/debug_array__type_support.h\n'}
[0.891978] (px4_msgs) StdoutLine: {'line': b'-- Up-to-date: /home/mustardking/ws_sensor_combined/install/px4_msgs/include/px4_msgs/px4_msgs/msg/detail/yaw_estimator_status__struct.h\n'}
[0.891999] (px4_msgs) StdoutLine: {'line': b'-- Up-to-date: /home/mustardking/ws_sensor_combined/install/px4_msgs/include/px4_msgs/px4_msgs/msg/detail/open_drone_id_system__type_support.h\n'}
[0.892021] (px4_msgs) StdoutLine: {'line': b'-- Up-to-date: /home/mustardking/ws_sensor_combined/install/px4_msgs/include/px4_msgs/px4_msgs/msg/detail/irlock_report__functions.h\n'}
[0.892043] (px4_msgs) StdoutLine: {'line': b'-- Up-to-date: /home/mustardking/ws_sensor_combined/install/px4_msgs/include/px4_msgs/px4_msgs/msg/detail/distance_sensor__type_support.h\n'}
[0.892064] (px4_msgs) StdoutLine: {'line': b'-- Up-to-date: /home/mustardking/ws_sensor_combined/install/px4_msgs/include/px4_msgs/px4_msgs/msg/detail/rover_speed_setpoint__type_support.h\n'}
[0.892086] (px4_msgs) StdoutLine: {'line': b'-- Up-to-date: /home/mustardking/ws_sensor_combined/install/px4_msgs/include/px4_msgs/px4_msgs/msg/detail/gpio_config__functions.h\n'}
[0.892108] (px4_msgs) StdoutLine: {'line': b'-- Up-to-date: /home/mustardking/ws_sensor_combined/install/px4_msgs/include/px4_msgs/px4_msgs/msg/detail/gpio_out__struct.h\n'}
[0.892130] (px4_msgs) StdoutLine: {'line': b'-- Up-to-date: /home/mustardking/ws_sensor_combined/install/px4_msgs/include/px4_msgs/px4_msgs/msg/detail/battery_info__functions.c\n'}
[0.892151] (px4_msgs) StdoutLine: {'line': b'-- Up-to-date: /home/mustardking/ws_sensor_combined/install/px4_msgs/include/px4_msgs/px4_msgs/msg/detail/button_event__functions.h\n'}
[0.892172] (px4_msgs) StdoutLine: {'line': b'-- Up-to-date: /home/mustardking/ws_sensor_combined/install/px4_msgs/include/px4_msgs/px4_msgs/msg/detail/manual_control_setpoint__struct.h\n'}
[0.892195] (px4_msgs) StdoutLine: {'line': b'-- Up-to-date: /home/mustardking/ws_sensor_combined/install/px4_msgs/include/px4_msgs/px4_msgs/msg/detail/fixed_wing_runway_control__type_support.h\n'}
[0.892218] (px4_msgs) StdoutLine: {'line': b'-- Up-to-date: /home/mustardking/ws_sensor_combined/install/px4_msgs/include/px4_msgs/px4_msgs/msg/detail/sensor_correction__type_support.h\n'}
[0.892239] (px4_msgs) StdoutLine: {'line': b'-- Up-to-date: /home/mustardking/ws_sensor_combined/install/px4_msgs/include/px4_msgs/px4_msgs/msg/detail/esc_status__functions.c\n'}
[0.892261] (px4_msgs) StdoutLine: {'line': b'-- Up-to-date: /home/mustardking/ws_sensor_combined/install/px4_msgs/include/px4_msgs/px4_msgs/msg/detail/vehicle_constraints__functions.h\n'}
[0.892283] (px4_msgs) StdoutLine: {'line': b'-- Up-to-date: /home/mustardking/ws_sensor_combined/install/px4_msgs/include/px4_msgs/px4_msgs/msg/detail/fixed_wing_longitudinal_setpoint__struct.h\n'}
[0.892304] (px4_msgs) StdoutLine: {'line': b'-- Up-to-date: /home/mustardking/ws_sensor_combined/install/px4_msgs/include/px4_msgs/px4_msgs/msg/detail/esc_report__struct.h\n'}
[0.892326] (px4_msgs) StdoutLine: {'line': b'-- Up-to-date: /home/mustardking/ws_sensor_combined/install/px4_msgs/include/px4_msgs/px4_msgs/msg/detail/telemetry_status__struct.h\n'}
[0.892347] (px4_msgs) StdoutLine: {'line': b'-- Up-to-date: /home/mustardking/ws_sensor_combined/install/px4_msgs/include/px4_msgs/px4_msgs/msg/detail/debug_value__functions.c\n'}
[0.892369] (px4_msgs) StdoutLine: {'line': b'-- Up-to-date: /home/mustardking/ws_sensor_combined/install/px4_msgs/include/px4_msgs/px4_msgs/msg/detail/camera_trigger__struct.h\n'}
[0.892407] (px4_msgs) StdoutLine: {'line': b'-- Up-to-date: /home/mustardking/ws_sensor_combined/install/px4_msgs/include/px4_msgs/px4_msgs/msg/detail/gimbal_manager_set_attitude__functions.h\n'}
[0.892431] (px4_msgs) StdoutLine: {'line': b'-- Up-to-date: /home/mustardking/ws_sensor_combined/install/px4_msgs/include/px4_msgs/px4_msgs/msg/detail/normalized_unsigned_setpoint__struct.h\n'}
[0.892453] (px4_msgs) StdoutLine: {'line': b'-- Up-to-date: /home/mustardking/ws_sensor_combined/install/px4_msgs/include/px4_msgs/px4_msgs/msg/detail/heater_status__functions.h\n'}
[0.892474] (px4_msgs) StdoutLine: {'line': b'-- Up-to-date: /home/mustardking/ws_sensor_combined/install/px4_msgs/include/px4_msgs/px4_msgs/msg/detail/telemetry_status__functions.c\n'}
[0.892496] (px4_msgs) StdoutLine: {'line': b'-- Up-to-date: /home/mustardking/ws_sensor_combined/install/px4_msgs/include/px4_msgs/px4_msgs/msg/detail/onboard_computer_status__functions.c\n'}
[0.892517] (px4_msgs) StdoutLine: {'line': b'-- Up-to-date: /home/mustardking/ws_sensor_combined/install/px4_msgs/include/px4_msgs/px4_msgs/msg/detail/follow_target_status__type_support.h\n'}
[0.892539] (px4_msgs) StdoutLine: {'line': b'-- Up-to-date: /home/mustardking/ws_sensor_combined/install/px4_msgs/include/px4_msgs/px4_msgs/msg/detail/vehicle_angular_acceleration_setpoint__type_support.h\n'}
[0.892561] (px4_msgs) StdoutLine: {'line': b'-- Up-to-date: /home/mustardking/ws_sensor_combined/install/px4_msgs/include/px4_msgs/px4_msgs/msg/detail/tune_control__functions.h\n'}
[0.892583] (px4_msgs) StdoutLine: {'line': b'-- Up-to-date: /home/mustardking/ws_sensor_combined/install/px4_msgs/include/px4_msgs/px4_msgs/msg/detail/dataman_response__struct.h\n'}
[0.892605] (px4_msgs) StdoutLine: {'line': b'-- Up-to-date: /home/mustardking/ws_sensor_combined/install/px4_msgs/include/px4_msgs/px4_msgs/msg/detail/sensor_accel_fifo__functions.h\n'}
[0.892630] (px4_msgs) StdoutLine: {'line': b'-- Up-to-date: /home/mustardking/ws_sensor_combined/install/px4_msgs/include/px4_msgs/px4_msgs/msg/detail/register_ext_component_request__struct.h\n'}
[0.892651] (px4_msgs) StdoutLine: {'line': b'-- Up-to-date: /home/mustardking/ws_sensor_combined/install/px4_msgs/include/px4_msgs/px4_msgs/msg/detail/mount_orientation__functions.h\n'}
[0.892673] (px4_msgs) StdoutLine: {'line': b'-- Up-to-date: /home/mustardking/ws_sensor_combined/install/px4_msgs/include/px4_msgs/px4_msgs/msg/detail/mag_worker_data__struct.h\n'}
[0.892696] (px4_msgs) StdoutLine: {'line': b'-- Up-to-date: /home/mustardking/ws_sensor_combined/install/px4_msgs/include/px4_msgs/px4_msgs/msg/detail/register_ext_component_reply__functions.c\n'}
[0.892718] (px4_msgs) StdoutLine: {'line': b'-- Up-to-date: /home/mustardking/ws_sensor_combined/install/px4_msgs/include/px4_msgs/px4_msgs/msg/detail/vehicle_status__struct.h\n'}
[0.892739] (px4_msgs) StdoutLine: {'line': b'-- Up-to-date: /home/mustardking/ws_sensor_combined/install/px4_msgs/include/px4_msgs/px4_msgs/msg/detail/gpio_request__struct.h\n'}
[0.892761] (px4_msgs) StdoutLine: {'line': b'-- Up-to-date: /home/mustardking/ws_sensor_combined/install/px4_msgs/include/px4_msgs/px4_msgs/msg/detail/rtl_time_estimate__functions.c\n'}
[0.892783] (px4_msgs) StdoutLine: {'line': b'-- Up-to-date: /home/mustardking/ws_sensor_combined/install/px4_msgs/include/px4_msgs/px4_msgs/msg/detail/gpio_in__functions.c\n'}
[0.892805] (px4_msgs) StdoutLine: {'line': b'-- Up-to-date: /home/mustardking/ws_sensor_combined/install/px4_msgs/include/px4_msgs/px4_msgs/msg/detail/differential_pressure__type_support.h\n'}
[0.892827] (px4_msgs) StdoutLine: {'line': b'-- Up-to-date: /home/mustardking/ws_sensor_combined/install/px4_msgs/include/px4_msgs/px4_msgs/msg/detail/mission_result__type_support.h\n'}
[0.892945] (px4_msgs) StdoutLine: {'line': b'-- Up-to-date: /home/mustardking/ws_sensor_combined/install/px4_msgs/include/px4_msgs/px4_msgs/msg/detail/estimator_status__struct.h\n'}
[0.893081] (px4_msgs) StdoutLine: {'line': b'-- Up-to-date: /home/mustardking/ws_sensor_combined/install/px4_msgs/include/px4_msgs/px4_msgs/msg/detail/trajectory_setpoint6dof__functions.c\n'}
[0.893269] (px4_msgs) StdoutLine: {'line': b'-- Up-to-date: /home/mustardking/ws_sensor_combined/install/px4_msgs/include/px4_msgs/px4_msgs/msg/detail/manual_control_switches__struct.h\n'}
[0.893459] (px4_msgs) StdoutLine: {'line': b'-- Up-to-date: /home/mustardking/ws_sensor_combined/install/px4_msgs/include/px4_msgs/px4_msgs/msg/detail/rover_rate_status__struct.h\n'}
[0.893601] (px4_msgs) StdoutLine: {'line': b'-- Up-to-date: /home/mustardking/ws_sensor_combined/install/px4_msgs/include/px4_msgs/px4_msgs/msg/detail/position_controller_status__struct.h\n'}
[0.893680] (px4_msgs) StdoutLine: {'line': b'-- Up-to-date: /home/mustardking/ws_sensor_combined/install/px4_msgs/include/px4_msgs/px4_msgs/msg/detail/sensor_preflight_mag__type_support.h\n'}
[0.893718] (px4_msgs) StdoutLine: {'line': b'-- Up-to-date: /home/mustardking/ws_sensor_combined/install/px4_msgs/include/px4_msgs/px4_msgs/msg/detail/camera_trigger__functions.c\n'}
[0.893743] (px4_msgs) StdoutLine: {'line': b'-- Up-to-date: /home/mustardking/ws_sensor_combined/install/px4_msgs/include/px4_msgs/px4_msgs/msg/detail/actuator_test__functions.h\n'}
[0.893890] (px4_msgs) StdoutLine: {'line': b'-- Up-to-date: /home/mustardking/ws_sensor_combined/install/px4_msgs/include/px4_msgs/px4_msgs/msg/detail/wheel_encoders__struct.h\n'}
[0.893921] (px4_msgs) StdoutLine: {'line': b'-- Up-to-date: /home/mustardking/ws_sensor_combined/install/px4_msgs/include/px4_msgs/px4_msgs/msg/detail/vehicle_control_mode__struct.h\n'}
[0.893946] (px4_msgs) StdoutLine: {'line': b'-- Up-to-date: /home/mustardking/ws_sensor_combined/install/px4_msgs/include/px4_msgs/px4_msgs/msg/detail/sensor_accel__functions.c\n'}
[0.894114] (px4_msgs) StdoutLine: {'line': b'-- Up-to-date: /home/mustardking/ws_sensor_combined/install/px4_msgs/include/px4_msgs/px4_msgs/msg/detail/pwm_input__struct.h\n'}
[0.894141] (px4_msgs) StdoutLine: {'line': b'-- Up-to-date: /home/mustardking/ws_sensor_combined/install/px4_msgs/include/px4_msgs/px4_msgs/msg/detail/radio_status__struct.h\n'}
[0.894165] (px4_msgs) StdoutLine: {'line': b'-- Up-to-date: /home/mustardking/ws_sensor_combined/install/px4_msgs/include/px4_msgs/px4_msgs/msg/detail/vehicle_optical_flow_vel__type_support.h\n'}
[0.894196] (px4_msgs) StdoutLine: {'line': b'-- Up-to-date: /home/mustardking/ws_sensor_combined/install/px4_msgs/include/px4_msgs/px4_msgs/msg/detail/rover_rate_status__functions.h\n'}
[0.894237] (px4_msgs) StdoutLine: {'line': b'-- Up-to-date: /home/mustardking/ws_sensor_combined/install/px4_msgs/include/px4_msgs/px4_msgs/msg/detail/gimbal_manager_status__functions.c\n'}
[0.894348] (px4_msgs) StdoutLine: {'line': b'-- Up-to-date: /home/mustardking/ws_sensor_combined/install/px4_msgs/include/px4_msgs/px4_msgs/msg/detail/rover_attitude_status__functions.c\n'}
[0.894441] (px4_msgs) StdoutLine: {'line': b'-- Up-to-date: /home/mustardking/ws_sensor_combined/install/px4_msgs/include/px4_msgs/px4_msgs/msg/detail/airspeed_wind__functions.h\n'}
[0.894511] (px4_msgs) StdoutLine: {'line': b'-- Up-to-date: /home/mustardking/ws_sensor_combined/install/px4_msgs/include/px4_msgs/px4_msgs/msg/detail/uavcan_parameter_value__functions.c\n'}
[0.894557] (px4_msgs) StdoutLine: {'line': b'-- Up-to-date: /home/mustardking/ws_sensor_combined/install/px4_msgs/include/px4_msgs/px4_msgs/msg/detail/gimbal_device_attitude_status__type_support.h\n'}
[0.894599] (px4_msgs) StdoutLine: {'line': b'-- Up-to-date: /home/mustardking/ws_sensor_combined/install/px4_msgs/include/px4_msgs/px4_msgs/msg/detail/magnetometer_bias_estimate__type_support.h\n'}
[0.894653] (px4_msgs) StdoutLine: {'line': b'-- Up-to-date: /home/mustardking/ws_sensor_combined/install/px4_msgs/include/px4_msgs/px4_msgs/msg/detail/figure_eight_status__functions.c\n'}
[0.894693] (px4_msgs) StdoutLine: {'line': b'-- Up-to-date: /home/mustardking/ws_sensor_combined/install/px4_msgs/include/px4_msgs/px4_msgs/msg/detail/position_setpoint_triplet__type_support.h\n'}
[0.894844] (px4_msgs) StdoutLine: {'line': b'-- Up-to-date: /home/mustardking/ws_sensor_combined/install/px4_msgs/include/px4_msgs/px4_msgs/msg/detail/logger_status__type_support.h\n'}
[0.894879] (px4_msgs) StdoutLine: {'line': b'-- Up-to-date: /home/mustardking/ws_sensor_combined/install/px4_msgs/include/px4_msgs/px4_msgs/msg/detail/failure_detector_status__functions.c\n'}
[0.894904] (px4_msgs) StdoutLine: {'line': b'-- Up-to-date: /home/mustardking/ws_sensor_combined/install/px4_msgs/include/px4_msgs/px4_msgs/msg/detail/pure_pursuit_status__functions.h\n'}
[0.894938] (px4_msgs) StdoutLine: {'line': b'-- Up-to-date: /home/mustardking/ws_sensor_combined/install/px4_msgs/include/px4_msgs/px4_msgs/msg/detail/cpuload__functions.h\n'}
[0.895535] (px4_msgs) StdoutLine: {'line': b'-- Up-to-date: /home/mustardking/ws_sensor_combined/install/px4_msgs/include/px4_msgs/px4_msgs/msg/detail/adc_report__functions.h\n'}
[0.895856] (px4_msgs) StdoutLine: {'line': b'-- Up-to-date: /home/mustardking/ws_sensor_combined/install/px4_msgs/include/px4_msgs/px4_msgs/msg/detail/parameter_set_used_request__type_support.h\n'}
[0.895885] (px4_msgs) StdoutLine: {'line': b'-- Up-to-date: /home/mustardking/ws_sensor_combined/install/px4_msgs/include/px4_msgs/px4_msgs/msg/detail/gpio_request__functions.h\n'}
[0.895923] (px4_msgs) StdoutLine: {'line': b'-- Up-to-date: /home/mustardking/ws_sensor_combined/install/px4_msgs/include/px4_msgs/px4_msgs/msg/detail/px4io_status__functions.c\n'}
[0.895948] (px4_msgs) StdoutLine: {'line': b'-- Up-to-date: /home/mustardking/ws_sensor_combined/install/px4_msgs/include/px4_msgs/px4_msgs/msg/detail/action_request__struct.h\n'}
[0.896141] (px4_msgs) StdoutLine: {'line': b'-- Up-to-date: /home/mustardking/ws_sensor_combined/install/px4_msgs/include/px4_msgs/px4_msgs/msg/detail/vehicle_attitude__functions.h\n'}
[0.896338] (px4_msgs) StdoutLine: {'line': b'-- Up-to-date: /home/mustardking/ws_sensor_combined/install/px4_msgs/include/px4_msgs/px4_msgs/msg/detail/input_rc__struct.h\n'}
[0.896393] (px4_msgs) StdoutLine: {'line': b'-- Up-to-date: /home/mustardking/ws_sensor_combined/install/px4_msgs/include/px4_msgs/px4_msgs/msg/detail/sensor_gyro_fft__functions.h\n'}
[0.896442] (px4_msgs) StdoutLine: {'line': b'-- Up-to-date: /home/mustardking/ws_sensor_combined/install/px4_msgs/include/px4_msgs/px4_msgs/msg/detail/sensor_gyro__struct.h\n'}
[0.896619] (px4_msgs) StdoutLine: {'line': b'-- Up-to-date: /home/mustardking/ws_sensor_combined/install/px4_msgs/include/px4_msgs/px4_msgs/msg/detail/arming_check_request__struct.h\n'}
[0.896646] (px4_msgs) StdoutLine: {'line': b'-- Up-to-date: /home/mustardking/ws_sensor_combined/install/px4_msgs/include/px4_msgs/px4_msgs/msg/detail/cpuload__functions.c\n'}
[0.896676] (px4_msgs) StdoutLine: {'line': b'-- Up-to-date: /home/mustardking/ws_sensor_combined/install/px4_msgs/include/px4_msgs/px4_msgs/msg/detail/system_power__functions.c\n'}
[0.896700] (px4_msgs) StdoutLine: {'line': b'-- Up-to-date: /home/mustardking/ws_sensor_combined/install/px4_msgs/include/px4_msgs/px4_msgs/msg/detail/tiltrotor_extra_controls__type_support.h\n'}
[0.896723] (px4_msgs) StdoutLine: {'line': b'-- Up-to-date: /home/mustardking/ws_sensor_combined/install/px4_msgs/include/px4_msgs/px4_msgs/msg/detail/arming_check_reply__struct.h\n'}
[0.896746] (px4_msgs) StdoutLine: {'line': b'-- Up-to-date: /home/mustardking/ws_sensor_combined/install/px4_msgs/include/px4_msgs/px4_msgs/msg/detail/ulog_stream__struct.h\n'}
[0.896960] (px4_msgs) StdoutLine: {'line': b'-- Up-to-date: /home/mustardking/ws_sensor_combined/install/px4_msgs/include/px4_msgs/px4_msgs/msg/detail/estimator_selector_status__type_support.h\n'}
[0.897030] (px4_msgs) StdoutLine: {'line': b'-- Up-to-date: /home/mustardking/ws_sensor_combined/install/px4_msgs/include/px4_msgs/px4_msgs/msg/detail/flight_phase_estimation__functions.c\n'}
[0.897096] (px4_msgs) StdoutLine: {'line': b'-- Up-to-date: /home/mustardking/ws_sensor_combined/install/px4_msgs/include/px4_msgs/px4_msgs/msg/detail/follow_target_status__functions.c\n'}
[0.897159] (px4_msgs) StdoutLine: {'line': b'-- Up-to-date: /home/mustardking/ws_sensor_combined/install/px4_msgs/include/px4_msgs/px4_msgs/msg/detail/battery_status__struct.h\n'}
[0.897222] (px4_msgs) StdoutLine: {'line': b'-- Up-to-date: /home/mustardking/ws_sensor_combined/install/px4_msgs/include/px4_msgs/px4_msgs/msg/detail/vehicle_roi__type_support.h\n'}
[0.897308] (px4_msgs) StdoutLine: {'line': b'-- Up-to-date: /home/mustardking/ws_sensor_combined/install/px4_msgs/include/px4_msgs/px4_msgs/msg/detail/geofence_result__type_support.h\n'}
[0.897332] (px4_msgs) StdoutLine: {'line': b'-- Up-to-date: /home/mustardking/ws_sensor_combined/install/px4_msgs/include/px4_msgs/px4_msgs/msg/detail/debug_vect__functions.h\n'}
[0.897410] (px4_msgs) StdoutLine: {'line': b'-- Up-to-date: /home/mustardking/ws_sensor_combined/install/px4_msgs/include/px4_msgs/px4_msgs/msg/detail/ulog_stream_ack__type_support.h\n'}
[0.897482] (px4_msgs) StdoutLine: {'line': b'-- Up-to-date: /home/mustardking/ws_sensor_combined/install/px4_msgs/include/px4_msgs/px4_msgs/msg/detail/rtl_status__functions.h\n'}
[0.897570] (px4_msgs) StdoutLine: {'line': b'-- Up-to-date: /home/mustardking/ws_sensor_combined/install/px4_msgs/include/px4_msgs/px4_msgs/msg/detail/rover_position_setpoint__functions.h\n'}
[0.897599] (px4_msgs) StdoutLine: {'line': b'-- Up-to-date: /home/mustardking/ws_sensor_combined/install/px4_msgs/include/px4_msgs/px4_msgs/msg/detail/mavlink_tunnel__struct.h\n'}
[0.897623] (px4_msgs) StdoutLine: {'line': b'-- Up-to-date: /home/mustardking/ws_sensor_combined/install/px4_msgs/include/px4_msgs/px4_msgs/msg/detail/sensor_selection__struct.h\n'}
[0.897648] (px4_msgs) StdoutLine: {'line': b'-- Up-to-date: /home/mustardking/ws_sensor_combined/install/px4_msgs/include/px4_msgs/px4_msgs/msg/detail/magnetometer_bias_estimate__struct.h\n'}
[0.897672] (px4_msgs) StdoutLine: {'line': b'-- Up-to-date: /home/mustardking/ws_sensor_combined/install/px4_msgs/include/px4_msgs/px4_msgs/msg/detail/gimbal_manager_information__struct.h\n'}
[0.897695] (px4_msgs) StdoutLine: {'line': b'-- Up-to-date: /home/mustardking/ws_sensor_combined/install/px4_msgs/include/px4_msgs/px4_msgs/msg/detail/follow_target_status__functions.h\n'}
[0.897718] (px4_msgs) StdoutLine: {'line': b'-- Up-to-date: /home/mustardking/ws_sensor_combined/install/px4_msgs/include/px4_msgs/px4_msgs/msg/detail/estimator_status__functions.h\n'}
[0.897750] (px4_msgs) StdoutLine: {'line': b'-- Up-to-date: /home/mustardking/ws_sensor_combined/install/px4_msgs/include/px4_msgs/px4_msgs/msg/detail/vehicle_optical_flow_vel__functions.h\n'}
[0.898004] (px4_msgs) StdoutLine: {'line': b'-- Up-to-date: /home/mustardking/ws_sensor_combined/install/px4_msgs/include/px4_msgs/px4_msgs/msg/detail/pure_pursuit_status__type_support.h\n'}
[0.898159] (px4_msgs) StdoutLine: {'line': b'-- Up-to-date: /home/mustardking/ws_sensor_combined/install/px4_msgs/include/px4_msgs/px4_msgs/msg/detail/rover_position_setpoint__type_support.h\n'}
[0.899164] (px4_msgs) StdoutLine: {'line': b'-- Up-to-date: /home/mustardking/ws_sensor_combined/install/px4_msgs/include/px4_msgs/px4_msgs/msg/detail/vehicle_constraints__type_support.h\n'}
[0.899192] (px4_msgs) StdoutLine: {'line': b'-- Up-to-date: /home/mustardking/ws_sensor_combined/install/px4_msgs/include/px4_msgs/px4_msgs/msg/detail/estimator_innovations__type_support.h\n'}
[0.899216] (px4_msgs) StdoutLine: {'line': b'-- Up-to-date: /home/mustardking/ws_sensor_combined/install/px4_msgs/include/px4_msgs/px4_msgs/msg/detail/sensor_airflow__functions.c\n'}
[0.899355] (px4_msgs) StdoutLine: {'line': b'-- Up-to-date: /home/mustardking/ws_sensor_combined/install/px4_msgs/include/px4_msgs/px4_msgs/msg/detail/flight_phase_estimation__type_support.h\n'}
[0.899384] (px4_msgs) StdoutLine: {'line': b'-- Up-to-date: /home/mustardking/ws_sensor_combined/install/px4_msgs/include/px4_msgs/px4_msgs/msg/detail/estimator_aid_source1d__functions.h\n'}
[0.899408] (px4_msgs) StdoutLine: {'line': b'-- Up-to-date: /home/mustardking/ws_sensor_combined/install/px4_msgs/include/px4_msgs/px4_msgs/msg/detail/hover_thrust_estimate__type_support.h\n'}
[0.899545] (px4_msgs) StdoutLine: {'line': b'-- Up-to-date: /home/mustardking/ws_sensor_combined/install/px4_msgs/include/px4_msgs/px4_msgs/msg/detail/failure_detector_status__type_support.h\n'}
[0.899572] (px4_msgs) StdoutLine: {'line': b'-- Up-to-date: /home/mustardking/ws_sensor_combined/install/px4_msgs/include/px4_msgs/px4_msgs/msg/detail/distance_sensor_mode_change_request__struct.h\n'}
[0.899601] (px4_msgs) StdoutLine: {'line': b'-- Up-to-date: /home/mustardking/ws_sensor_combined/install/px4_msgs/include/px4_msgs/px4_msgs/msg/detail/adc_report__struct.h\n'}
[0.899719] (px4_msgs) StdoutLine: {'line': b'-- Up-to-date: /home/mustardking/ws_sensor_combined/install/px4_msgs/include/px4_msgs/px4_msgs/msg/detail/obstacle_distance__type_support.h\n'}
[0.899747] (px4_msgs) StdoutLine: {'line': b'-- Up-to-date: /home/mustardking/ws_sensor_combined/install/px4_msgs/include/px4_msgs/px4_msgs/msg/detail/vehicle_attitude_setpoint__functions.c\n'}
[0.899815] (px4_msgs) StdoutLine: {'line': b'-- Up-to-date: /home/mustardking/ws_sensor_combined/install/px4_msgs/include/px4_msgs/px4_msgs/msg/detail/actuator_servos_trim__type_support.h\n'}
[0.899860] (px4_msgs) StdoutLine: {'line': b'-- Up-to-date: /home/mustardking/ws_sensor_combined/install/px4_msgs/include/px4_msgs/px4_msgs/msg/detail/longitudinal_control_configuration__functions.h\n'}
[0.899945] (px4_msgs) StdoutLine: {'line': b'-- Up-to-date: /home/mustardking/ws_sensor_combined/install/px4_msgs/include/px4_msgs/px4_msgs/msg/detail/uavcan_parameter_request__functions.h\n'}
[0.899997] (px4_msgs) StdoutLine: {'line': b'-- Up-to-date: /home/mustardking/ws_sensor_combined/install/px4_msgs/include/px4_msgs/px4_msgs/msg/detail/qshell_retval__struct.h\n'}
[0.900079] (px4_msgs) StdoutLine: {'line': b'-- Up-to-date: /home/mustardking/ws_sensor_combined/install/px4_msgs/include/px4_msgs/px4_msgs/msg/detail/airspeed__type_support.h\n'}
[0.900154] (px4_msgs) StdoutLine: {'line': b'-- Up-to-date: /home/mustardking/ws_sensor_combined/install/px4_msgs/include/px4_msgs/px4_msgs/msg/detail/lateral_control_configuration__struct.h\n'}
[0.900233] (px4_msgs) StdoutLine: {'line': b'-- Up-to-date: /home/mustardking/ws_sensor_combined/install/px4_msgs/include/px4_msgs/px4_msgs/msg/detail/vehicle_roi__functions.h\n'}
[0.900302] (px4_msgs) StdoutLine: {'line': b'-- Up-to-date: /home/mustardking/ws_sensor_combined/install/px4_msgs/include/px4_msgs/px4_msgs/msg/detail/vehicle_constraints__functions.c\n'}
[0.900369] (px4_msgs) StdoutLine: {'line': b'-- Up-to-date: /home/mustardking/ws_sensor_combined/install/px4_msgs/include/px4_msgs/px4_msgs/msg/detail/sensor_uwb__functions.c\n'}
[0.900459] (px4_msgs) StdoutLine: {'line': b'-- Up-to-date: /home/mustardking/ws_sensor_combined/install/px4_msgs/include/px4_msgs/px4_msgs/msg/detail/estimator_innovations__struct.h\n'}
[0.900509] (px4_msgs) StdoutLine: {'line': b'-- Up-to-date: /home/mustardking/ws_sensor_combined/install/px4_msgs/include/px4_msgs/px4_msgs/msg/detail/position_controller_status__functions.c\n'}
[0.900568] (px4_msgs) StdoutLine: {'line': b'-- Up-to-date: /home/mustardking/ws_sensor_combined/install/px4_msgs/include/px4_msgs/px4_msgs/msg/detail/parameter_set_value_request__type_support.h\n'}
[0.900617] (px4_msgs) StdoutLine: {'line': b'-- Up-to-date: /home/mustardking/ws_sensor_combined/install/px4_msgs/include/px4_msgs/px4_msgs/msg/detail/camera_capture__functions.c\n'}
[0.900699] (px4_msgs) StdoutLine: {'line': b'-- Up-to-date: /home/mustardking/ws_sensor_combined/install/px4_msgs/include/px4_msgs/px4_msgs/msg/detail/estimator_aid_source1d__struct.h\n'}
[0.900756] (px4_msgs) StdoutLine: {'line': b'-- Up-to-date: /home/mustardking/ws_sensor_combined/install/px4_msgs/include/px4_msgs/px4_msgs/msg/detail/button_event__struct.h\n'}
[0.900811] (px4_msgs) StdoutLine: {'line': b'-- Up-to-date: /home/mustardking/ws_sensor_combined/install/px4_msgs/include/px4_msgs/px4_msgs/msg/detail/fixed_wing_lateral_guidance_status__functions.h\n'}
[0.900906] (px4_msgs) StdoutLine: {'line': b'-- Up-to-date: /home/mustardking/ws_sensor_combined/install/px4_msgs/include/px4_msgs/px4_msgs/msg/detail/orb_test__functions.h\n'}
[0.900931] (px4_msgs) StdoutLine: {'line': b'-- Up-to-date: /home/mustardking/ws_sensor_combined/install/px4_msgs/include/px4_msgs/px4_msgs/msg/detail/figure_eight_status__functions.h\n'}
[0.900954] (px4_msgs) StdoutLine: {'line': b'-- Up-to-date: /home/mustardking/ws_sensor_combined/install/px4_msgs/include/px4_msgs/px4_msgs/msg/detail/vehicle_global_position__functions.c\n'}
[0.901043] (px4_msgs) StdoutLine: {'line': b'-- Up-to-date: /home/mustardking/ws_sensor_combined/install/px4_msgs/include/px4_msgs/px4_msgs/msg/detail/log_message__struct.h\n'}
[0.901116] (px4_msgs) StdoutLine: {'line': b'-- Up-to-date: /home/mustardking/ws_sensor_combined/install/px4_msgs/include/px4_msgs/px4_msgs/msg/detail/generator_status__type_support.h\n'}
[0.901151] (px4_msgs) StdoutLine: {'line': b'-- Up-to-date: /home/mustardking/ws_sensor_combined/install/px4_msgs/include/px4_msgs/px4_msgs/msg/detail/mission__functions.h\n'}
[0.901232] (px4_msgs) StdoutLine: {'line': b'-- Up-to-date: /home/mustardking/ws_sensor_combined/install/px4_msgs/include/px4_msgs/px4_msgs/msg/detail/mission__type_support.h\n'}
[0.901267] (px4_msgs) StdoutLine: {'line': b'-- Up-to-date: /home/mustardking/ws_sensor_combined/install/px4_msgs/include/px4_msgs/px4_msgs/msg/detail/hover_thrust_estimate__functions.h\n'}
[0.901344] (px4_msgs) StdoutLine: {'line': b'-- Up-to-date: /home/mustardking/ws_sensor_combined/install/px4_msgs/include/px4_msgs/px4_msgs/msg/detail/sensor_mag__functions.c\n'}
[0.901387] (px4_msgs) StdoutLine: {'line': b'-- Up-to-date: /home/mustardking/ws_sensor_combined/install/px4_msgs/include/px4_msgs/px4_msgs/msg/detail/power_button_state__struct.h\n'}
[0.901440] (px4_msgs) StdoutLine: {'line': b'-- Up-to-date: /home/mustardking/ws_sensor_combined/install/px4_msgs/include/px4_msgs/px4_msgs/msg/detail/vehicle_command__functions.h\n'}
[0.901483] (px4_msgs) StdoutLine: {'line': b'-- Up-to-date: /home/mustardking/ws_sensor_combined/install/px4_msgs/include/px4_msgs/px4_msgs/msg/detail/action_request__functions.h\n'}
[0.901524] (px4_msgs) StdoutLine: {'line': b'-- Up-to-date: /home/mustardking/ws_sensor_combined/install/px4_msgs/include/px4_msgs/px4_msgs/msg/detail/ekf2_timestamps__functions.h\n'}
[0.901583] (px4_msgs) StdoutLine: {'line': b'-- Up-to-date: /home/mustardking/ws_sensor_combined/install/px4_msgs/include/px4_msgs/px4_msgs/msg/detail/tiltrotor_extra_controls__functions.c\n'}
[0.901675] (px4_msgs) StdoutLine: {'line': b'-- Up-to-date: /home/mustardking/ws_sensor_combined/install/px4_msgs/include/px4_msgs/px4_msgs/msg/detail/button_event__functions.c\n'}
[0.901750] (px4_msgs) StdoutLine: {'line': b'-- Up-to-date: /home/mustardking/ws_sensor_combined/install/px4_msgs/include/px4_msgs/px4_msgs/msg/detail/vehicle_roi__struct.h\n'}
[0.901785] (px4_msgs) StdoutLine: {'line': b'-- Up-to-date: /home/mustardking/ws_sensor_combined/install/px4_msgs/include/px4_msgs/px4_msgs/msg/detail/vehicle_optical_flow_vel__functions.c\n'}
[0.911739] (px4_msgs) StdoutLine: {'line': b'-- Up-to-date: /home/mustardking/ws_sensor_combined/install/px4_msgs/include/px4_msgs/px4_msgs/msg/detail/internal_combustion_engine_status__functions.h\n'}
[0.911810] (px4_msgs) StdoutLine: {'line': b'-- Up-to-date: /home/mustardking/ws_sensor_combined/install/px4_msgs/include/px4_msgs/px4_msgs/msg/detail/mode_completed__functions.c\n'}
[0.912233] (px4_msgs) StdoutLine: {'line': b'-- Up-to-date: /home/mustardking/ws_sensor_combined/install/px4_msgs/include/px4_msgs/px4_msgs/msg/detail/position_setpoint_triplet__struct.h\n'}
[0.912302] (px4_msgs) StdoutLine: {'line': b'-- Up-to-date: /home/mustardking/ws_sensor_combined/install/px4_msgs/include/px4_msgs/px4_msgs/msg/detail/rover_position_setpoint__functions.c\n'}
[0.912685] (px4_msgs) StdoutLine: {'line': b'-- Up-to-date: /home/mustardking/ws_sensor_combined/install/px4_msgs/include/px4_msgs/px4_msgs/msg/detail/arming_check_reply__functions.h\n'}
[0.912741] (px4_msgs) StdoutLine: {'line': b'-- Up-to-date: /home/mustardking/ws_sensor_combined/install/px4_msgs/include/px4_msgs/px4_msgs/msg/detail/battery_status__functions.c\n'}
[0.912805] (px4_msgs) StdoutLine: {'line': b'-- Up-to-date: /home/mustardking/ws_sensor_combined/install/px4_msgs/include/px4_msgs/px4_msgs/msg/detail/qshell_req__type_support.h\n'}
[0.912935] (px4_msgs) StdoutLine: {'line': b'-- Up-to-date: /home/mustardking/ws_sensor_combined/install/px4_msgs/include/px4_msgs/px4_msgs/msg/detail/log_message__type_support.h\n'}
[0.913120] (px4_msgs) StdoutLine: {'line': b'-- Up-to-date: /home/mustardking/ws_sensor_combined/install/px4_msgs/include/px4_msgs/px4_msgs/msg/detail/airspeed_wind__type_support.h\n'}
[0.913146] (px4_msgs) StdoutLine: {'line': b'-- Up-to-date: /home/mustardking/ws_sensor_combined/install/px4_msgs/include/px4_msgs/px4_msgs/msg/detail/battery_info__struct.h\n'}
[0.913543] (px4_msgs) StdoutLine: {'line': b'-- Up-to-date: /home/mustardking/ws_sensor_combined/install/px4_msgs/include/px4_msgs/px4_msgs/msg/detail/dronecan_node_status__type_support.h\n'}
[0.913627] (px4_msgs) StdoutLine: {'line': b'-- Up-to-date: /home/mustardking/ws_sensor_combined/install/px4_msgs/include/px4_msgs/px4_msgs/msg/detail/sensor_hygrometer__functions.h\n'}
[0.913889] (px4_msgs) StdoutLine: {'line': b'-- Up-to-date: /home/mustardking/ws_sensor_combined/install/px4_msgs/include/px4_msgs/px4_msgs/msg/detail/internal_combustion_engine_control__struct.h\n'}
[0.913950] (px4_msgs) StdoutLine: {'line': b'-- Up-to-date: /home/mustardking/ws_sensor_combined/install/px4_msgs/include/px4_msgs/px4_msgs/msg/detail/radio_status__functions.h\n'}
[0.913975] (px4_msgs) StdoutLine: {'line': b'-- Up-to-date: /home/mustardking/ws_sensor_combined/install/px4_msgs/include/px4_msgs/px4_msgs/msg/detail/ping__type_support.h\n'}
[0.914003] (px4_msgs) StdoutLine: {'line': b'-- Up-to-date: /home/mustardking/ws_sensor_combined/install/px4_msgs/include/px4_msgs/px4_msgs/msg/detail/actuator_servos__functions.h\n'}
[0.914026] (px4_msgs) StdoutLine: {'line': b'-- Up-to-date: /home/mustardking/ws_sensor_combined/install/px4_msgs/include/px4_msgs/px4_msgs/msg/detail/takeoff_status__type_support.h\n'}
[0.914049] (px4_msgs) StdoutLine: {'line': b'-- Up-to-date: /home/mustardking/ws_sensor_combined/install/px4_msgs/include/px4_msgs/px4_msgs/msg/detail/gpio_out__functions.c\n'}
[0.914073] (px4_msgs) StdoutLine: {'line': b'-- Up-to-date: /home/mustardking/ws_sensor_combined/install/px4_msgs/include/px4_msgs/px4_msgs/msg/detail/fixed_wing_lateral_status__type_support.h\n'}
[0.914098] (px4_msgs) StdoutLine: {'line': b'-- Up-to-date: /home/mustardking/ws_sensor_combined/install/px4_msgs/include/px4_msgs/px4_msgs/msg/detail/rover_attitude_setpoint__functions.h\n'}
[0.914121] (px4_msgs) StdoutLine: {'line': b'-- Up-to-date: /home/mustardking/ws_sensor_combined/install/px4_msgs/include/px4_msgs/px4_msgs/msg/detail/gripper__functions.c\n'}
[0.914143] (px4_msgs) StdoutLine: {'line': b'-- Up-to-date: /home/mustardking/ws_sensor_combined/install/px4_msgs/include/px4_msgs/px4_msgs/msg/detail/follow_target__type_support.h\n'}
[0.914166] (-) TimerEvent: {}
[0.914223] (px4_msgs) StdoutLine: {'line': b'-- Up-to-date: /home/mustardking/ws_sensor_combined/install/px4_msgs/include/px4_msgs/px4_msgs/msg/detail/irlock_report__type_support.h\n'}
[0.914249] (px4_msgs) StdoutLine: {'line': b'-- Up-to-date: /home/mustardking/ws_sensor_combined/install/px4_msgs/include/px4_msgs/px4_msgs/msg/detail/distance_sensor__functions.h\n'}
[0.914273] (px4_msgs) StdoutLine: {'line': b'-- Up-to-date: /home/mustardking/ws_sensor_combined/install/px4_msgs/include/px4_msgs/px4_msgs/msg/detail/debug_key_value__functions.c\n'}
[0.914296] (px4_msgs) StdoutLine: {'line': b'-- Up-to-date: /home/mustardking/ws_sensor_combined/install/px4_msgs/include/px4_msgs/px4_msgs/msg/detail/rover_steering_setpoint__functions.c\n'}
[0.914319] (px4_msgs) StdoutLine: {'line': b'-- Up-to-date: /home/mustardking/ws_sensor_combined/install/px4_msgs/include/px4_msgs/px4_msgs/msg/detail/vehicle_imu_status__functions.c\n'}
[0.914342] (px4_msgs) StdoutLine: {'line': b'-- Up-to-date: /home/mustardking/ws_sensor_combined/install/px4_msgs/include/px4_msgs/px4_msgs/msg/detail/estimator_aid_source1d__type_support.h\n'}
[0.914365] (px4_msgs) StdoutLine: {'line': b'-- Up-to-date: /home/mustardking/ws_sensor_combined/install/px4_msgs/include/px4_msgs/px4_msgs/msg/detail/rc_parameter_map__type_support.h\n'}
[0.914388] (px4_msgs) StdoutLine: {'line': b'-- Up-to-date: /home/mustardking/ws_sensor_combined/install/px4_msgs/include/px4_msgs/px4_msgs/msg/detail/ulog_stream__functions.c\n'}
[0.914412] (px4_msgs) StdoutLine: {'line': b'-- Up-to-date: /home/mustardking/ws_sensor_combined/install/px4_msgs/include/px4_msgs/px4_msgs/msg/detail/position_setpoint__struct.h\n'}
[0.914452] (px4_msgs) StdoutLine: {'line': b'-- Up-to-date: /home/mustardking/ws_sensor_combined/install/px4_msgs/include/px4_msgs/px4_msgs/msg/detail/navigator_mission_item__functions.c\n'}
[0.914496] (px4_msgs) StdoutLine: {'line': b'-- Up-to-date: /home/mustardking/ws_sensor_combined/install/px4_msgs/include/px4_msgs/px4_msgs/msg/detail/landing_target_innovations__functions.c\n'}
[0.914522] (px4_msgs) StdoutLine: {'line': b'-- Up-to-date: /home/mustardking/ws_sensor_combined/install/px4_msgs/include/px4_msgs/px4_msgs/msg/detail/sensor_hygrometer__functions.c\n'}
[0.914559] (px4_msgs) StdoutLine: {'line': b'-- Up-to-date: /home/mustardking/ws_sensor_combined/install/px4_msgs/include/px4_msgs/px4_msgs/msg/detail/failsafe_flags__type_support.h\n'}
[0.915247] (px4_msgs) StdoutLine: {'line': b'-- Up-to-date: /home/mustardking/ws_sensor_combined/install/px4_msgs/include/px4_msgs/px4_msgs/msg/detail/sensor_mag__type_support.h\n'}
[0.915598] (px4_msgs) StdoutLine: {'line': b'-- Up-to-date: /home/mustardking/ws_sensor_combined/install/px4_msgs/include/px4_msgs/px4_msgs/msg/detail/estimator_gps_status__functions.c\n'}
[0.915892] (px4_msgs) StdoutLine: {'line': b'-- Up-to-date: /home/mustardking/ws_sensor_combined/install/px4_msgs/include/px4_msgs/px4_msgs/msg/detail/sensor_gyro__functions.h\n'}
[0.915921] (px4_msgs) StdoutLine: {'line': b'-- Up-to-date: /home/mustardking/ws_sensor_combined/install/px4_msgs/include/px4_msgs/px4_msgs/msg/detail/ekf2_timestamps__functions.c\n'}
[0.915955] (px4_msgs) StdoutLine: {'line': b'-- Up-to-date: /home/mustardking/ws_sensor_combined/install/px4_msgs/include/px4_msgs/px4_msgs/msg/detail/estimator_aid_source3d__type_support.h\n'}
[0.915981] (px4_msgs) StdoutLine: {'line': b'-- Up-to-date: /home/mustardking/ws_sensor_combined/install/px4_msgs/include/px4_msgs/px4_msgs/msg/detail/sensors_status_imu__type_support.h\n'}
[0.916011] (px4_msgs) StdoutLine: {'line': b'-- Up-to-date: /home/mustardking/ws_sensor_combined/install/px4_msgs/include/px4_msgs/px4_msgs/msg/detail/estimator_aid_source2d__functions.c\n'}
[0.916193] (px4_msgs) StdoutLine: {'line': b'-- Up-to-date: /home/mustardking/ws_sensor_combined/install/px4_msgs/include/px4_msgs/px4_msgs/msg/detail/landing_gear_wheel__type_support.h\n'}
[0.917762] (px4_msgs) StdoutLine: {'line': b'-- Up-to-date: /home/mustardking/ws_sensor_combined/install/px4_msgs/include/px4_msgs/px4_msgs/msg/detail/rover_attitude_setpoint__functions.c\n'}
[0.917830] (px4_msgs) StdoutLine: {'line': b'-- Up-to-date: /home/mustardking/ws_sensor_combined/install/px4_msgs/include/px4_msgs/px4_msgs/msg/detail/vehicle_imu_status__functions.h\n'}
[0.917868] (px4_msgs) StdoutLine: {'line': b'-- Up-to-date: /home/mustardking/ws_sensor_combined/install/px4_msgs/include/px4_msgs/px4_msgs/msg/detail/vehicle_angular_velocity__struct.h\n'}
[0.917894] (px4_msgs) StdoutLine: {'line': b'-- Up-to-date: /home/mustardking/ws_sensor_combined/install/px4_msgs/include/px4_msgs/px4_msgs/msg/detail/open_drone_id_arm_status__struct.h\n'}
[0.918307] (px4_msgs) StdoutLine: {'line': b'-- Up-to-date: /home/mustardking/ws_sensor_combined/install/px4_msgs/include/px4_msgs/px4_msgs/msg/detail/navigator_mission_item__struct.h\n'}
[0.918441] (px4_msgs) StdoutLine: {'line': b'-- Up-to-date: /home/mustardking/ws_sensor_combined/install/px4_msgs/include/px4_msgs/px4_msgs/msg/detail/debug_key_value__functions.h\n'}
[0.918745] (px4_msgs) StdoutLine: {'line': b'-- Up-to-date: /home/mustardking/ws_sensor_combined/install/px4_msgs/include/px4_msgs/px4_msgs/msg/detail/tecs_status__type_support.h\n'}
[0.918939] (px4_msgs) StdoutLine: {'line': b'-- Up-to-date: /home/mustardking/ws_sensor_combined/install/px4_msgs/include/px4_msgs/px4_msgs/msg/detail/follow_target_status__struct.h\n'}
[0.919065] (px4_msgs) StdoutLine: {'line': b'-- Up-to-date: /home/mustardking/ws_sensor_combined/install/px4_msgs/include/px4_msgs/px4_msgs/msg/detail/open_drone_id_self_id__type_support.h\n'}
[0.919168] (px4_msgs) StdoutLine: {'line': b'-- Up-to-date: /home/mustardking/ws_sensor_combined/install/px4_msgs/include/px4_msgs/px4_msgs/msg/detail/home_position__struct.h\n'}
[0.919223] (px4_msgs) StdoutLine: {'line': b'-- Up-to-date: /home/mustardking/ws_sensor_combined/install/px4_msgs/include/px4_msgs/px4_msgs/msg/detail/rc_parameter_map__functions.c\n'}
[0.919269] (px4_msgs) StdoutLine: {'line': b'-- Up-to-date: /home/mustardking/ws_sensor_combined/install/px4_msgs/include/px4_msgs/px4_msgs/msg/detail/config_overrides__functions.c\n'}
[0.919308] (px4_msgs) StdoutLine: {'line': b'-- Up-to-date: /home/mustardking/ws_sensor_combined/install/px4_msgs/include/px4_msgs/px4_msgs/msg/detail/arming_check_request__functions.h\n'}
[0.919352] (px4_msgs) StdoutLine: {'line': b'-- Up-to-date: /home/mustardking/ws_sensor_combined/install/px4_msgs/include/px4_msgs/px4_msgs/msg/detail/mission_result__functions.h\n'}
[0.919395] (px4_msgs) StdoutLine: {'line': b'-- Up-to-date: /home/mustardking/ws_sensor_combined/install/px4_msgs/include/px4_msgs/px4_msgs/msg/detail/debug_key_value__type_support.h\n'}
[0.919426] (px4_msgs) StdoutLine: {'line': b'-- Up-to-date: /home/mustardking/ws_sensor_combined/install/px4_msgs/include/px4_msgs/px4_msgs/msg/detail/gpio_request__functions.c\n'}
[0.919450] (px4_msgs) StdoutLine: {'line': b'-- Up-to-date: /home/mustardking/ws_sensor_combined/install/px4_msgs/include/px4_msgs/px4_msgs/msg/detail/estimator_gps_status__functions.h\n'}
[0.919499] (px4_msgs) StdoutLine: {'line': b'-- Up-to-date: /home/mustardking/ws_sensor_combined/install/px4_msgs/include/px4_msgs/px4_msgs/msg/detail/geofence_result__functions.c\n'}
[0.919531] (px4_msgs) StdoutLine: {'line': b'-- Up-to-date: /home/mustardking/ws_sensor_combined/install/px4_msgs/include/px4_msgs/px4_msgs/msg/detail/vtol_vehicle_status__type_support.h\n'}
[0.919555] (px4_msgs) StdoutLine: {'line': b'-- Up-to-date: /home/mustardking/ws_sensor_combined/install/px4_msgs/include/px4_msgs/px4_msgs/msg/detail/orb_test__functions.c\n'}
[0.919583] (px4_msgs) StdoutLine: {'line': b'-- Up-to-date: /home/mustardking/ws_sensor_combined/install/px4_msgs/include/px4_msgs/px4_msgs/msg/detail/offboard_control_mode__functions.c\n'}
[0.919632] (px4_msgs) StdoutLine: {'line': b'-- Up-to-date: /home/mustardking/ws_sensor_combined/install/px4_msgs/include/px4_msgs/px4_msgs/msg/detail/generator_status__struct.h\n'}
[0.919665] (px4_msgs) StdoutLine: {'line': b'-- Up-to-date: /home/mustardking/ws_sensor_combined/install/px4_msgs/include/px4_msgs/px4_msgs/msg/detail/differential_pressure__functions.c\n'}
[0.919703] (px4_msgs) StdoutLine: {'line': b'-- Up-to-date: /home/mustardking/ws_sensor_combined/install/px4_msgs/include/px4_msgs/px4_msgs/msg/detail/vehicle_acceleration__struct.h\n'}
[0.919742] (px4_msgs) StdoutLine: {'line': b'-- Up-to-date: /home/mustardking/ws_sensor_combined/install/px4_msgs/include/px4_msgs/px4_msgs/msg/detail/trajectory_setpoint6dof__type_support.h\n'}
[0.919770] (px4_msgs) StdoutLine: {'line': b'-- Up-to-date: /home/mustardking/ws_sensor_combined/install/px4_msgs/include/px4_msgs/px4_msgs/msg/detail/rover_rate_setpoint__functions.h\n'}
[0.919815] (px4_msgs) StdoutLine: {'line': b'-- Up-to-date: /home/mustardking/ws_sensor_combined/install/px4_msgs/include/px4_msgs/px4_msgs/msg/detail/telemetry_status__type_support.h\n'}
[0.919851] (px4_msgs) StdoutLine: {'line': b'-- Up-to-date: /home/mustardking/ws_sensor_combined/install/px4_msgs/include/px4_msgs/px4_msgs/msg/detail/pwm_input__functions.c\n'}
[0.919891] (px4_msgs) StdoutLine: {'line': b'-- Up-to-date: /home/mustardking/ws_sensor_combined/install/px4_msgs/include/px4_msgs/px4_msgs/msg/detail/vehicle_rates_setpoint__struct.h\n'}
[0.919923] (px4_msgs) StdoutLine: {'line': b'-- Up-to-date: /home/mustardking/ws_sensor_combined/install/px4_msgs/include/px4_msgs/px4_msgs/msg/detail/sensor_accel__struct.h\n'}
[0.919947] (px4_msgs) StdoutLine: {'line': b'-- Up-to-date: /home/mustardking/ws_sensor_combined/install/px4_msgs/include/px4_msgs/px4_msgs/msg/detail/irlock_report__struct.h\n'}
[0.919970] (px4_msgs) StdoutLine: {'line': b'-- Up-to-date: /home/mustardking/ws_sensor_combined/install/px4_msgs/include/px4_msgs/px4_msgs/msg/detail/mavlink_log__functions.c\n'}
[0.919994] (px4_msgs) StdoutLine: {'line': b'-- Up-to-date: /home/mustardking/ws_sensor_combined/install/px4_msgs/include/px4_msgs/px4_msgs/msg/detail/vtol_vehicle_status__functions.h\n'}
[0.920033] (px4_msgs) StdoutLine: {'line': b'-- Up-to-date: /home/mustardking/ws_sensor_combined/install/px4_msgs/include/px4_msgs/px4_msgs/msg/detail/actuator_motors__functions.h\n'}
[0.920071] (px4_msgs) StdoutLine: {'line': b'-- Up-to-date: /home/mustardking/ws_sensor_combined/install/px4_msgs/include/px4_msgs/px4_msgs/msg/detail/gripper__struct.h\n'}
[0.920124] (px4_msgs) StdoutLine: {'line': b'-- Up-to-date: /home/mustardking/ws_sensor_combined/install/px4_msgs/include/px4_msgs/px4_msgs/msg/detail/control_allocator_status__functions.c\n'}
[0.920174] (px4_msgs) StdoutLine: {'line': b'-- Up-to-date: /home/mustardking/ws_sensor_combined/install/px4_msgs/include/px4_msgs/px4_msgs/msg/detail/sensor_uwb__struct.h\n'}
[0.920209] (px4_msgs) StdoutLine: {'line': b'-- Up-to-date: /home/mustardking/ws_sensor_combined/install/px4_msgs/include/px4_msgs/px4_msgs/msg/detail/open_drone_id_operator_id__struct.h\n'}
[0.920254] (px4_msgs) StdoutLine: {'line': b'-- Up-to-date: /home/mustardking/ws_sensor_combined/install/px4_msgs/include/px4_msgs/px4_msgs/msg/detail/estimator_gps_status__type_support.h\n'}
[0.920294] (px4_msgs) StdoutLine: {'line': b'-- Up-to-date: /home/mustardking/ws_sensor_combined/install/px4_msgs/include/px4_msgs/px4_msgs/msg/detail/actuator_outputs__functions.h\n'}
[0.920319] (px4_msgs) StdoutLine: {'line': b'-- Up-to-date: /home/mustardking/ws_sensor_combined/install/px4_msgs/include/px4_msgs/px4_msgs/msg/detail/rover_throttle_setpoint__functions.h\n'}
[0.920344] (px4_msgs) StdoutLine: {'line': b'-- Up-to-date: /home/mustardking/ws_sensor_combined/install/px4_msgs/include/px4_msgs/px4_msgs/msg/detail/landing_gear__functions.h\n'}
[0.920383] (px4_msgs) StdoutLine: {'line': b'-- Up-to-date: /home/mustardking/ws_sensor_combined/install/px4_msgs/include/px4_msgs/px4_msgs/msg/detail/gimbal_manager_set_manual_control__type_support.h\n'}
[0.920431] (px4_msgs) StdoutLine: {'line': b'-- Up-to-date: /home/mustardking/ws_sensor_combined/install/px4_msgs/include/px4_msgs/px4_msgs/msg/detail/vehicle_rates_setpoint__functions.h\n'}
[0.920470] (px4_msgs) StdoutLine: {'line': b'-- Up-to-date: /home/mustardking/ws_sensor_combined/install/px4_msgs/include/px4_msgs/px4_msgs/msg/detail/estimator_sensor_bias__struct.h\n'}
[0.920499] (px4_msgs) StdoutLine: {'line': b'-- Up-to-date: /home/mustardking/ws_sensor_combined/install/px4_msgs/include/px4_msgs/px4_msgs/msg/detail/wheel_encoders__type_support.h\n'}
[0.920524] (px4_msgs) StdoutLine: {'line': b'-- Up-to-date: /home/mustardking/ws_sensor_combined/install/px4_msgs/include/px4_msgs/px4_msgs/msg/detail/vehicle_angular_velocity__type_support.h\n'}
[0.920549] (px4_msgs) StdoutLine: {'line': b'-- Up-to-date: /home/mustardking/ws_sensor_combined/install/px4_msgs/include/px4_msgs/px4_msgs/msg/detail/geofence_result__struct.h\n'}
[0.920575] (px4_msgs) StdoutLine: {'line': b'-- Up-to-date: /home/mustardking/ws_sensor_combined/install/px4_msgs/include/px4_msgs/px4_msgs/msg/detail/fixed_wing_lateral_guidance_status__type_support.h\n'}
[0.920600] (px4_msgs) StdoutLine: {'line': b'-- Up-to-date: /home/mustardking/ws_sensor_combined/install/px4_msgs/include/px4_msgs/px4_msgs/msg/detail/vehicle_imu__type_support.h\n'}
[0.920631] (px4_msgs) StdoutLine: {'line': b'-- Up-to-date: /home/mustardking/ws_sensor_combined/install/px4_msgs/include/px4_msgs/px4_msgs/msg/detail/timesync_status__functions.h\n'}
[0.920664] (px4_msgs) StdoutLine: {'line': b'-- Up-to-date: /home/mustardking/ws_sensor_combined/install/px4_msgs/include/px4_msgs/px4_msgs/msg/detail/config_overrides__functions.h\n'}
[0.920712] (px4_msgs) StdoutLine: {'line': b'-- Up-to-date: /home/mustardking/ws_sensor_combined/install/px4_msgs/include/px4_msgs/px4_msgs/msg/detail/sensor_mag__struct.h\n'}
[0.920751] (px4_msgs) StdoutLine: {'line': b'-- Up-to-date: /home/mustardking/ws_sensor_combined/install/px4_msgs/include/px4_msgs/px4_msgs/msg/detail/sensor_gnss_relative__functions.h\n'}
[0.920776] (px4_msgs) StdoutLine: {'line': b'-- Up-to-date: /home/mustardking/ws_sensor_combined/install/px4_msgs/include/px4_msgs/px4_msgs/msg/detail/gimbal_manager_set_manual_control__functions.h\n'}
[0.920936] (px4_msgs) StdoutLine: {'line': b'-- Up-to-date: /home/mustardking/ws_sensor_combined/install/px4_msgs/include/px4_msgs/px4_msgs/msg/detail/ulog_stream__type_support.h\n'}
[0.920975] (px4_msgs) StdoutLine: {'line': b'-- Up-to-date: /home/mustardking/ws_sensor_combined/install/px4_msgs/include/px4_msgs/px4_msgs/msg/detail/dataman_request__type_support.h\n'}
[0.921008] (px4_msgs) StdoutLine: {'line': b'-- Up-to-date: /home/mustardking/ws_sensor_combined/install/px4_msgs/include/px4_msgs/px4_msgs/msg/detail/gpio_config__functions.c\n'}
[0.921042] (px4_msgs) StdoutLine: {'line': b'-- Up-to-date: /home/mustardking/ws_sensor_combined/install/px4_msgs/include/px4_msgs/px4_msgs/msg/detail/airspeed_validated__type_support.h\n'}
[0.921092] (px4_msgs) StdoutLine: {'line': b'-- Up-to-date: /home/mustardking/ws_sensor_combined/install/px4_msgs/include/px4_msgs/px4_msgs/msg/detail/airspeed_wind__functions.c\n'}
[0.921117] (px4_msgs) StdoutLine: {'line': b'-- Up-to-date: /home/mustardking/ws_sensor_combined/install/px4_msgs/include/px4_msgs/px4_msgs/msg/detail/distance_sensor_mode_change_request__functions.h\n'}
[0.921585] (px4_msgs) StdoutLine: {'line': b'-- Up-to-date: /home/mustardking/ws_sensor_combined/install/px4_msgs/include/px4_msgs/px4_msgs/msg/detail/px4io_status__type_support.h\n'}
[0.921798] (px4_msgs) StdoutLine: {'line': b'-- Up-to-date: /home/mustardking/ws_sensor_combined/install/px4_msgs/include/px4_msgs/px4_msgs/msg/detail/rtl_time_estimate__functions.h\n'}
[0.921975] (px4_msgs) StdoutLine: {'line': b'-- Up-to-date: /home/mustardking/ws_sensor_combined/install/px4_msgs/include/px4_msgs/px4_msgs/msg/detail/parameter_set_used_request__functions.h\n'}
[0.922006] (px4_msgs) StdoutLine: {'line': b'-- Up-to-date: /home/mustardking/ws_sensor_combined/install/px4_msgs/include/px4_msgs/px4_msgs/msg/detail/landing_target_innovations__struct.h\n'}
[0.922030] (px4_msgs) StdoutLine: {'line': b'-- Up-to-date: /home/mustardking/ws_sensor_combined/install/px4_msgs/include/px4_msgs/px4_msgs/msg/detail/fixed_wing_lateral_setpoint__functions.h\n'}
[0.922055] (px4_msgs) StdoutLine: {'line': b'-- Up-to-date: /home/mustardking/ws_sensor_combined/install/px4_msgs/include/px4_msgs/px4_msgs/msg/detail/vehicle_local_position_setpoint__functions.h\n'}
[0.922080] (px4_msgs) StdoutLine: {'line': b'-- Up-to-date: /home/mustardking/ws_sensor_combined/install/px4_msgs/include/px4_msgs/px4_msgs/msg/detail/can_interface_status__functions.h\n'}
[0.922388] (px4_msgs) StdoutLine: {'line': b'-- Up-to-date: /home/mustardking/ws_sensor_combined/install/px4_msgs/include/px4_msgs/px4_msgs/msg/detail/logger_status__functions.h\n'}
[0.922430] (px4_msgs) StdoutLine: {'line': b'-- Up-to-date: /home/mustardking/ws_sensor_combined/install/px4_msgs/include/px4_msgs/px4_msgs/msg/detail/rate_ctrl_status__struct.h\n'}
[0.922457] (px4_msgs) StdoutLine: {'line': b'-- Up-to-date: /home/mustardking/ws_sensor_combined/install/px4_msgs/include/px4_msgs/px4_msgs/msg/detail/vehicle_air_data__struct.h\n'}
[0.922481] (px4_msgs) StdoutLine: {'line': b'-- Up-to-date: /home/mustardking/ws_sensor_combined/install/px4_msgs/include/px4_msgs/px4_msgs/msg/detail/onboard_computer_status__struct.h\n'}
[0.922774] (px4_msgs) StdoutLine: {'line': b'-- Up-to-date: /home/mustardking/ws_sensor_combined/install/px4_msgs/include/px4_msgs/px4_msgs/msg/detail/register_ext_component_request__functions.c\n'}
[0.922823] (px4_msgs) StdoutLine: {'line': b'-- Up-to-date: /home/mustardking/ws_sensor_combined/install/px4_msgs/include/px4_msgs/px4_msgs/msg/detail/event__functions.c\n'}
[0.922888] (px4_msgs) StdoutLine: {'line': b'-- Up-to-date: /home/mustardking/ws_sensor_combined/install/px4_msgs/include/px4_msgs/px4_msgs/msg/detail/sensor_uwb__type_support.h\n'}
[0.922922] (px4_msgs) StdoutLine: {'line': b'-- Up-to-date: /home/mustardking/ws_sensor_combined/install/px4_msgs/include/px4_msgs/px4_msgs/msg/detail/parameter_set_value_request__struct.h\n'}
[0.922961] (px4_msgs) StdoutLine: {'line': b'-- Up-to-date: /home/mustardking/ws_sensor_combined/install/px4_msgs/include/px4_msgs/px4_msgs/msg/detail/airspeed__functions.c\n'}
[0.923082] (px4_msgs) StdoutLine: {'line': b'-- Up-to-date: /home/mustardking/ws_sensor_combined/install/px4_msgs/include/px4_msgs/px4_msgs/msg/detail/estimator_status__functions.c\n'}
[0.923111] (px4_msgs) StdoutLine: {'line': b'-- Up-to-date: /home/mustardking/ws_sensor_combined/install/px4_msgs/include/px4_msgs/px4_msgs/msg/detail/dronecan_node_status__struct.h\n'}
[0.923136] (px4_msgs) StdoutLine: {'line': b'-- Up-to-date: /home/mustardking/ws_sensor_combined/install/px4_msgs/include/px4_msgs/px4_msgs/msg/detail/dronecan_node_status__functions.h\n'}
[0.923291] (px4_msgs) StdoutLine: {'line': b'-- Up-to-date: /home/mustardking/ws_sensor_combined/install/px4_msgs/include/px4_msgs/px4_msgs/msg/detail/position_controller_status__functions.h\n'}
[0.923317] (px4_msgs) StdoutLine: {'line': b'-- Up-to-date: /home/mustardking/ws_sensor_combined/install/px4_msgs/include/px4_msgs/px4_msgs/msg/detail/gimbal_controls__functions.h\n'}
[0.923549] (px4_msgs) StdoutLine: {'line': b'-- Up-to-date: /home/mustardking/ws_sensor_combined/install/px4_msgs/include/px4_msgs/px4_msgs/msg/detail/estimator_bias__functions.c\n'}
[0.923720] (px4_msgs) StdoutLine: {'line': b'-- Up-to-date: /home/mustardking/ws_sensor_combined/install/px4_msgs/include/px4_msgs/px4_msgs/msg/detail/home_position__functions.c\n'}
[0.923753] (px4_msgs) StdoutLine: {'line': b'-- Up-to-date: /home/mustardking/ws_sensor_combined/install/px4_msgs/include/px4_msgs/px4_msgs/msg/detail/rover_speed_status__functions.h\n'}
[0.923787] (px4_msgs) StdoutLine: {'line': b'-- Up-to-date: /home/mustardking/ws_sensor_combined/install/px4_msgs/include/px4_msgs/px4_msgs/msg/detail/cpuload__type_support.h\n'}
[0.923897] (px4_msgs) StdoutLine: {'line': b'-- Up-to-date: /home/mustardking/ws_sensor_combined/install/px4_msgs/include/px4_msgs/px4_msgs/msg/detail/manual_control_setpoint__functions.c\n'}
[0.923938] (px4_msgs) StdoutLine: {'line': b'-- Up-to-date: /home/mustardking/ws_sensor_combined/install/px4_msgs/include/px4_msgs/px4_msgs/msg/detail/adc_report__functions.c\n'}
[0.924046] (px4_msgs) StdoutLine: {'line': b'-- Up-to-date: /home/mustardking/ws_sensor_combined/install/px4_msgs/include/px4_msgs/px4_msgs/msg/detail/landing_target_innovations__functions.h\n'}
[0.924145] (px4_msgs) StdoutLine: {'line': b'-- Up-to-date: /home/mustardking/ws_sensor_combined/install/px4_msgs/include/px4_msgs/px4_msgs/msg/detail/normalized_unsigned_setpoint__type_support.h\n'}
[0.924184] (px4_msgs) StdoutLine: {'line': b'-- Up-to-date: /home/mustardking/ws_sensor_combined/install/px4_msgs/include/px4_msgs/px4_msgs/msg/detail/landing_gear__functions.c\n'}
[0.924230] (px4_msgs) StdoutLine: {'line': b'-- Up-to-date: /home/mustardking/ws_sensor_combined/install/px4_msgs/include/px4_msgs/px4_msgs/msg/detail/rover_attitude_setpoint__struct.h\n'}
[0.924272] (px4_msgs) StdoutLine: {'line': b'-- Up-to-date: /home/mustardking/ws_sensor_combined/install/px4_msgs/include/px4_msgs/px4_msgs/msg/detail/estimator_aid_source3d__functions.h\n'}
[0.924323] (px4_msgs) StdoutLine: {'line': b'-- Up-to-date: /home/mustardking/ws_sensor_combined/install/px4_msgs/include/px4_msgs/px4_msgs/msg/detail/internal_combustion_engine_control__functions.c\n'}
[0.924415] (px4_msgs) StdoutLine: {'line': b'-- Up-to-date: /home/mustardking/ws_sensor_combined/install/px4_msgs/include/px4_msgs/px4_msgs/msg/detail/generator_status__functions.h\n'}
[0.924567] (px4_msgs) StdoutLine: {'line': b'-- Up-to-date: /home/mustardking/ws_sensor_combined/install/px4_msgs/include/px4_msgs/px4_msgs/msg/detail/vehicle_angular_acceleration_setpoint__functions.h\n'}
[0.924640] (px4_msgs) StdoutLine: {'line': b'-- Up-to-date: /home/mustardking/ws_sensor_combined/install/px4_msgs/include/px4_msgs/px4_msgs/msg/detail/arming_check_request__functions.c\n'}
[0.924666] (px4_msgs) StdoutLine: {'line': b'-- Up-to-date: /home/mustardking/ws_sensor_combined/install/px4_msgs/include/px4_msgs/px4_msgs/msg/detail/battery_status__functions.h\n'}
[0.924697] (px4_msgs) StdoutLine: {'line': b'-- Up-to-date: /home/mustardking/ws_sensor_combined/install/px4_msgs/include/px4_msgs/px4_msgs/msg/detail/vehicle_land_detected__struct.h\n'}
[0.924817] (px4_msgs) StdoutLine: {'line': b'-- Up-to-date: /home/mustardking/ws_sensor_combined/install/px4_msgs/include/px4_msgs/px4_msgs/msg/detail/power_monitor__functions.c\n'}
[0.925064] (px4_msgs) StdoutLine: {'line': b'-- Up-to-date: /home/mustardking/ws_sensor_combined/install/px4_msgs/include/px4_msgs/px4_msgs/msg/detail/flight_phase_estimation__functions.h\n'}
[0.925099] (px4_msgs) StdoutLine: {'line': b'-- Up-to-date: /home/mustardking/ws_sensor_combined/install/px4_msgs/include/px4_msgs/px4_msgs/msg/detail/ulog_stream_ack__functions.h\n'}
[0.925128] (px4_msgs) StdoutLine: {'line': b'-- Up-to-date: /home/mustardking/ws_sensor_combined/install/px4_msgs/include/px4_msgs/px4_msgs/msg/detail/vehicle_imu_status__type_support.h\n'}
[0.925238] (px4_msgs) StdoutLine: {'line': b'-- Up-to-date: /home/mustardking/ws_sensor_combined/install/px4_msgs/include/px4_msgs/px4_msgs/msg/detail/actuator_motors__functions.c\n'}
[0.925297] (px4_msgs) StdoutLine: {'line': b'-- Up-to-date: /home/mustardking/ws_sensor_combined/install/px4_msgs/include/px4_msgs/px4_msgs/msg/detail/rover_attitude_setpoint__type_support.h\n'}
[0.925423] (px4_msgs) StdoutLine: {'line': b'-- Up-to-date: /home/mustardking/ws_sensor_combined/install/px4_msgs/include/px4_msgs/px4_msgs/msg/detail/parameter_reset_request__struct.h\n'}
[0.925449] (px4_msgs) StdoutLine: {'line': b'-- Up-to-date: /home/mustardking/ws_sensor_combined/install/px4_msgs/include/px4_msgs/px4_msgs/msg/detail/vehicle_odometry__struct.h\n'}
[0.925481] (px4_msgs) StdoutLine: {'line': b'-- Up-to-date: /home/mustardking/ws_sensor_combined/install/px4_msgs/include/px4_msgs/px4_msgs/msg/detail/ping__functions.c\n'}
[0.925511] (px4_msgs) StdoutLine: {'line': b'-- Up-to-date: /home/mustardking/ws_sensor_combined/install/px4_msgs/include/px4_msgs/px4_msgs/msg/detail/landing_target_pose__functions.c\n'}
[0.925545] (px4_msgs) StdoutLine: {'line': b'-- Up-to-date: /home/mustardking/ws_sensor_combined/install/px4_msgs/include/px4_msgs/px4_msgs/msg/detail/uavcan_parameter_value__type_support.h\n'}
[0.925569] (px4_msgs) StdoutLine: {'line': b'-- Up-to-date: /home/mustardking/ws_sensor_combined/install/px4_msgs/include/px4_msgs/px4_msgs/msg/detail/ekf2_timestamps__type_support.h\n'}
[0.925596] (px4_msgs) StdoutLine: {'line': b'-- Up-to-date: /home/mustardking/ws_sensor_combined/install/px4_msgs/include/px4_msgs/px4_msgs/msg/detail/vehicle_status__functions.h\n'}
[0.925639] (px4_msgs) StdoutLine: {'line': b'-- Up-to-date: /home/mustardking/ws_sensor_combined/install/px4_msgs/include/px4_msgs/px4_msgs/msg/detail/sensor_airflow__struct.h\n'}
[0.925685] (px4_msgs) StdoutLine: {'line': b'-- Up-to-date: /home/mustardking/ws_sensor_combined/install/px4_msgs/include/px4_msgs/px4_msgs/msg/detail/position_setpoint_triplet__functions.h\n'}
[0.925710] (px4_msgs) StdoutLine: {'line': b'-- Up-to-date: /home/mustardking/ws_sensor_combined/install/px4_msgs/include/px4_msgs/px4_msgs/msg/detail/debug_array__functions.c\n'}
[0.925849] (px4_msgs) StdoutLine: {'line': b'-- Up-to-date: /home/mustardking/ws_sensor_combined/install/px4_msgs/include/px4_msgs/px4_msgs/msg/detail/sensor_gyro_fifo__functions.h\n'}
[0.925923] (px4_msgs) StdoutLine: {'line': b'-- Up-to-date: /home/mustardking/ws_sensor_combined/install/px4_msgs/include/px4_msgs/px4_msgs/msg/detail/open_drone_id_arm_status__functions.h\n'}
[0.925961] (px4_msgs) StdoutLine: {'line': b'-- Up-to-date: /home/mustardking/ws_sensor_combined/install/px4_msgs/include/px4_msgs/px4_msgs/msg/detail/control_allocator_status__functions.h\n'}
[0.926092] (px4_msgs) StdoutLine: {'line': b'-- Up-to-date: /home/mustardking/ws_sensor_combined/install/px4_msgs/include/px4_msgs/px4_msgs/msg/detail/power_monitor__functions.h\n'}
[0.926228] (px4_msgs) StdoutLine: {'line': b'-- Up-to-date: /home/mustardking/ws_sensor_combined/install/px4_msgs/include/px4_msgs/px4_msgs/msg/detail/gimbal_manager_information__type_support.h\n'}
[0.926256] (px4_msgs) StdoutLine: {'line': b'-- Up-to-date: /home/mustardking/ws_sensor_combined/install/px4_msgs/include/px4_msgs/px4_msgs/msg/detail/parameter_reset_request__functions.c\n'}
[0.926286] (px4_msgs) StdoutLine: {'line': b'-- Up-to-date: /home/mustardking/ws_sensor_combined/install/px4_msgs/include/px4_msgs/px4_msgs/msg/detail/vehicle_thrust_setpoint__type_support.h\n'}
[0.926393] (px4_msgs) StdoutLine: {'line': b'-- Up-to-date: /home/mustardking/ws_sensor_combined/install/px4_msgs/include/px4_msgs/px4_msgs/msg/detail/gps_dump__type_support.h\n'}
[0.926419] (px4_msgs) StdoutLine: {'line': b'-- Up-to-date: /home/mustardking/ws_sensor_combined/install/px4_msgs/include/px4_msgs/px4_msgs/msg/detail/wheel_encoders__functions.h\n'}
[0.926607] (px4_msgs) StdoutLine: {'line': b'-- Up-to-date: /home/mustardking/ws_sensor_combined/install/px4_msgs/include/px4_msgs/px4_msgs/msg/detail/landing_gear_wheel__functions.c\n'}
[0.926649] (px4_msgs) StdoutLine: {'line': b'-- Up-to-date: /home/mustardking/ws_sensor_combined/install/px4_msgs/include/px4_msgs/px4_msgs/msg/detail/rover_attitude_status__functions.h\n'}
[0.926674] (px4_msgs) StdoutLine: {'line': b'-- Up-to-date: /home/mustardking/ws_sensor_combined/install/px4_msgs/include/px4_msgs/px4_msgs/msg/detail/estimator_status_flags__functions.h\n'}
[0.926699] (px4_msgs) StdoutLine: {'line': b'-- Up-to-date: /home/mustardking/ws_sensor_combined/install/px4_msgs/include/px4_msgs/px4_msgs/msg/detail/fixed_wing_lateral_status__functions.c\n'}
[0.926821] (px4_msgs) StdoutLine: {'line': b'-- Up-to-date: /home/mustardking/ws_sensor_combined/install/px4_msgs/include/px4_msgs/px4_msgs/msg/detail/generator_status__functions.c\n'}
[0.926856] (px4_msgs) StdoutLine: {'line': b'-- Up-to-date: /home/mustardking/ws_sensor_combined/install/px4_msgs/include/px4_msgs/px4_msgs/msg/detail/mag_worker_data__functions.c\n'}
[0.926948] (px4_msgs) StdoutLine: {'line': b'-- Up-to-date: /home/mustardking/ws_sensor_combined/install/px4_msgs/include/px4_msgs/px4_msgs/msg/detail/vehicle_local_position__type_support.h\n'}
[0.927120] (px4_msgs) StdoutLine: {'line': b'-- Up-to-date: /home/mustardking/ws_sensor_combined/install/px4_msgs/include/px4_msgs/px4_msgs/msg/detail/gps_dump__functions.c\n'}
[0.927156] (px4_msgs) StdoutLine: {'line': b'-- Up-to-date: /home/mustardking/ws_sensor_combined/install/px4_msgs/include/px4_msgs/px4_msgs/msg/detail/yaw_estimator_status__functions.c\n'}
[0.927217] (px4_msgs) StdoutLine: {'line': b'-- Up-to-date: /home/mustardking/ws_sensor_combined/install/px4_msgs/include/px4_msgs/px4_msgs/msg/detail/vehicle_imu__functions.c\n'}
[0.927242] (px4_msgs) StdoutLine: {'line': b'-- Up-to-date: /home/mustardking/ws_sensor_combined/install/px4_msgs/include/px4_msgs/px4_msgs/msg/detail/power_button_state__functions.c\n'}
[0.927267] (px4_msgs) StdoutLine: {'line': b'-- Up-to-date: /home/mustardking/ws_sensor_combined/install/px4_msgs/include/px4_msgs/px4_msgs/msg/detail/lateral_control_configuration__functions.c\n'}
[0.927296] (px4_msgs) StdoutLine: {'line': b'-- Up-to-date: /home/mustardking/ws_sensor_combined/install/px4_msgs/include/px4_msgs/px4_msgs/msg/detail/sensor_accel_fifo__functions.c\n'}
[0.927364] (px4_msgs) StdoutLine: {'line': b'-- Up-to-date: /home/mustardking/ws_sensor_combined/install/px4_msgs/include/px4_msgs/px4_msgs/msg/detail/navigator_status__functions.h\n'}
[0.927441] (px4_msgs) StdoutLine: {'line': b'-- Up-to-date: /home/mustardking/ws_sensor_combined/install/px4_msgs/include/px4_msgs/px4_msgs/msg/detail/actuator_servos_trim__struct.h\n'}
[0.927505] (px4_msgs) StdoutLine: {'line': b'-- Up-to-date: /home/mustardking/ws_sensor_combined/install/px4_msgs/include/px4_msgs/px4_msgs/msg/detail/autotune_attitude_control_status__functions.c\n'}
[0.927603] (px4_msgs) StdoutLine: {'line': b'-- Up-to-date: /home/mustardking/ws_sensor_combined/install/px4_msgs/include/px4_msgs/px4_msgs/msg/detail/onboard_computer_status__type_support.h\n'}
[0.927735] (px4_msgs) StdoutLine: {'line': b'-- Up-to-date: /home/mustardking/ws_sensor_combined/install/px4_msgs/include/px4_msgs/px4_msgs/msg/detail/trajectory_setpoint__functions.c\n'}
[0.927872] (px4_msgs) StdoutLine: {'line': b'-- Up-to-date: /home/mustardking/ws_sensor_combined/install/px4_msgs/include/px4_msgs/px4_msgs/msg/detail/iridiumsbd_status__functions.c\n'}
[0.927898] (px4_msgs) StdoutLine: {'line': b'-- Up-to-date: /home/mustardking/ws_sensor_combined/install/px4_msgs/include/px4_msgs/px4_msgs/msg/detail/vehicle_local_position_setpoint__struct.h\n'}
[0.927999] (px4_msgs) StdoutLine: {'line': b'-- Up-to-date: /home/mustardking/ws_sensor_combined/install/px4_msgs/include/px4_msgs/px4_msgs/msg/detail/rc_parameter_map__functions.h\n'}
[0.928099] (px4_msgs) StdoutLine: {'line': b'-- Up-to-date: /home/mustardking/ws_sensor_combined/install/px4_msgs/include/px4_msgs/px4_msgs/msg/detail/task_stack_info__struct.h\n'}
[0.928316] (px4_msgs) StdoutLine: {'line': b'-- Up-to-date: /home/mustardking/ws_sensor_combined/install/px4_msgs/include/px4_msgs/px4_msgs/msg/detail/timesync_status__type_support.h\n'}
[0.928447] (px4_msgs) StdoutLine: {'line': b'-- Up-to-date: /home/mustardking/ws_sensor_combined/install/px4_msgs/include/px4_msgs/px4_msgs/msg/detail/iridiumsbd_status__type_support.h\n'}
[0.928538] (px4_msgs) StdoutLine: {'line': b'-- Up-to-date: /home/mustardking/ws_sensor_combined/install/px4_msgs/include/px4_msgs/px4_msgs/msg/detail/mavlink_log__struct.h\n'}
[0.928691] (px4_msgs) StdoutLine: {'line': b'-- Up-to-date: /home/mustardking/ws_sensor_combined/install/px4_msgs/include/px4_msgs/px4_msgs/msg/detail/neural_control__functions.c\n'}
[0.928761] (px4_msgs) StdoutLine: {'line': b'-- Up-to-date: /home/mustardking/ws_sensor_combined/install/px4_msgs/include/px4_msgs/px4_msgs/msg/detail/estimator_innovations__functions.c\n'}
[0.928952] (px4_msgs) StdoutLine: {'line': b'-- Up-to-date: /home/mustardking/ws_sensor_combined/install/px4_msgs/include/px4_msgs/px4_msgs/msg/detail/parameter_reset_request__functions.h\n'}
[0.929230] (px4_msgs) StdoutLine: {'line': b'-- Up-to-date: /home/mustardking/ws_sensor_combined/install/px4_msgs/include/px4_msgs/px4_msgs/msg/detail/action_request__type_support.h\n'}
[0.929291] (px4_msgs) StdoutLine: {'line': b'-- Up-to-date: /home/mustardking/ws_sensor_combined/install/px4_msgs/include/px4_msgs/px4_msgs/msg/detail/config_overrides__type_support.h\n'}
[0.929342] (px4_msgs) StdoutLine: {'line': b'-- Up-to-date: /home/mustardking/ws_sensor_combined/install/px4_msgs/include/px4_msgs/px4_msgs/msg/detail/orb_test_large__functions.h\n'}
[0.929394] (px4_msgs) StdoutLine: {'line': b'-- Up-to-date: /home/mustardking/ws_sensor_combined/install/px4_msgs/include/px4_msgs/px4_msgs/msg/detail/gimbal_device_information__functions.c\n'}
[0.929459] (px4_msgs) StdoutLine: {'line': b'-- Up-to-date: /home/mustardking/ws_sensor_combined/install/px4_msgs/include/px4_msgs/px4_msgs/msg/detail/rover_steering_setpoint__struct.h\n'}
[0.929573] (px4_msgs) StdoutLine: {'line': b'-- Up-to-date: /home/mustardking/ws_sensor_combined/install/px4_msgs/include/px4_msgs/px4_msgs/msg/detail/cellular_status__struct.h\n'}
[0.929697] (px4_msgs) StdoutLine: {'line': b'-- Up-to-date: /home/mustardking/ws_sensor_combined/install/px4_msgs/include/px4_msgs/px4_msgs/msg/detail/sensor_airflow__type_support.h\n'}
[0.929760] (px4_msgs) StdoutLine: {'line': b'-- Up-to-date: /home/mustardking/ws_sensor_combined/install/px4_msgs/include/px4_msgs/px4_msgs/msg/detail/fixed_wing_lateral_setpoint__functions.c\n'}
[0.929800] (px4_msgs) StdoutLine: {'line': b'-- Up-to-date: /home/mustardking/ws_sensor_combined/install/px4_msgs/include/px4_msgs/px4_msgs/msg/detail/sensor_combined__functions.c\n'}
[0.929895] (px4_msgs) StdoutLine: {'line': b'-- Up-to-date: /home/mustardking/ws_sensor_combined/install/px4_msgs/include/px4_msgs/px4_msgs/msg/detail/register_ext_component_reply__struct.h\n'}
[0.930083] (px4_msgs) StdoutLine: {'line': b'-- Up-to-date: /home/mustardking/ws_sensor_combined/install/px4_msgs/include/px4_msgs/px4_msgs/msg/detail/camera_capture__type_support.h\n'}
[0.930311] (px4_msgs) StdoutLine: {'line': b'-- Up-to-date: /home/mustardking/ws_sensor_combined/install/px4_msgs/include/px4_msgs/px4_msgs/msg/detail/fixed_wing_longitudinal_setpoint__functions.c\n'}
[0.930693] (px4_msgs) StdoutLine: {'line': b'-- Up-to-date: /home/mustardking/ws_sensor_combined/install/px4_msgs/include/px4_msgs/px4_msgs/msg/detail/actuator_test__type_support.h\n'}
[0.931115] (px4_msgs) StdoutLine: {'line': b'-- Up-to-date: /home/mustardking/ws_sensor_combined/install/px4_msgs/include/px4_msgs/px4_msgs/msg/detail/gps_inject_data__functions.c\n'}
[0.931508] (px4_msgs) StdoutLine: {'line': b'-- Up-to-date: /home/mustardking/ws_sensor_combined/install/px4_msgs/include/px4_msgs/px4_msgs/msg/detail/estimator_bias3d__functions.h\n'}
[0.931849] (px4_msgs) StdoutLine: {'line': b'-- Up-to-date: /home/mustardking/ws_sensor_combined/install/px4_msgs/include/px4_msgs/px4_msgs/msg/detail/gimbal_device_information__type_support.h\n'}
[0.932245] (px4_msgs) StdoutLine: {'line': b'-- Up-to-date: /home/mustardking/ws_sensor_combined/install/px4_msgs/include/px4_msgs/px4_msgs/msg/detail/estimator_bias3d__functions.c\n'}
[0.932327] (px4_msgs) StdoutLine: {'line': b'-- Up-to-date: /home/mustardking/ws_sensor_combined/install/px4_msgs/include/px4_msgs/px4_msgs/msg/detail/trajectory_setpoint6dof__functions.h\n'}
[0.932363] (px4_msgs) StdoutLine: {'line': b'-- Up-to-date: /home/mustardking/ws_sensor_combined/install/px4_msgs/include/px4_msgs/px4_msgs/msg/detail/open_drone_id_self_id__struct.h\n'}
[0.932395] (px4_msgs) StdoutLine: {'line': b'-- Up-to-date: /home/mustardking/ws_sensor_combined/install/px4_msgs/include/px4_msgs/px4_msgs/msg/detail/health_report__type_support.h\n'}
[0.932428] (px4_msgs) StdoutLine: {'line': b'-- Up-to-date: /home/mustardking/ws_sensor_combined/install/px4_msgs/include/px4_msgs/px4_msgs/msg/detail/manual_control_switches__functions.h\n'}
[0.932512] (px4_msgs) StdoutLine: {'line': b'-- Up-to-date: /home/mustardking/ws_sensor_combined/install/px4_msgs/include/px4_msgs/px4_msgs/msg/detail/orb_test_medium__functions.c\n'}
[0.932568] (px4_msgs) StdoutLine: {'line': b'-- Up-to-date: /home/mustardking/ws_sensor_combined/install/px4_msgs/include/px4_msgs/px4_msgs/msg/detail/dataman_request__functions.c\n'}
[0.932758] (px4_msgs) StdoutLine: {'line': b'-- Up-to-date: /home/mustardking/ws_sensor_combined/install/px4_msgs/include/px4_msgs/px4_msgs/msg/detail/message_format_response__struct.h\n'}
[0.933227] (px4_msgs) StdoutLine: {'line': b'-- Up-to-date: /home/mustardking/ws_sensor_combined/install/px4_msgs/include/px4_msgs/px4_msgs/msg/detail/estimator_sensor_bias__type_support.h\n'}
[0.933389] (px4_msgs) StdoutLine: {'line': b'-- Up-to-date: /home/mustardking/ws_sensor_combined/install/px4_msgs/include/px4_msgs/px4_msgs/msg/detail/vehicle_torque_setpoint__functions.h\n'}
[0.933867] (px4_msgs) StdoutLine: {'line': b'-- Up-to-date: /home/mustardking/ws_sensor_combined/install/px4_msgs/include/px4_msgs/px4_msgs/msg/detail/mount_orientation__functions.c\n'}
[0.933994] (px4_msgs) StdoutLine: {'line': b'-- Up-to-date: /home/mustardking/ws_sensor_combined/install/px4_msgs/include/px4_msgs/px4_msgs/msg/detail/gpio_request__type_support.h\n'}
[0.934019] (px4_msgs) StdoutLine: {'line': b'-- Up-to-date: /home/mustardking/ws_sensor_combined/install/px4_msgs/include/px4_msgs/px4_msgs/msg/detail/rover_steering_setpoint__type_support.h\n'}
[0.934043] (px4_msgs) StdoutLine: {'line': b'-- Up-to-date: /home/mustardking/ws_sensor_combined/install/px4_msgs/include/px4_msgs/px4_msgs/msg/detail/open_drone_id_system__struct.h\n'}
[0.934067] (px4_msgs) StdoutLine: {'line': b'-- Up-to-date: /home/mustardking/ws_sensor_combined/install/px4_msgs/include/px4_msgs/px4_msgs/msg/detail/landing_target_pose__struct.h\n'}
[0.934090] (px4_msgs) StdoutLine: {'line': b'-- Up-to-date: /home/mustardking/ws_sensor_combined/install/px4_msgs/include/px4_msgs/px4_msgs/msg/detail/mavlink_log__functions.h\n'}
[0.934113] (px4_msgs) StdoutLine: {'line': b'-- Up-to-date: /home/mustardking/ws_sensor_combined/install/px4_msgs/include/px4_msgs/px4_msgs/msg/detail/vehicle_land_detected__functions.c\n'}
[0.934153] (px4_msgs) StdoutLine: {'line': b'-- Up-to-date: /home/mustardking/ws_sensor_combined/install/px4_msgs/include/px4_msgs/px4_msgs/msg/detail/fixed_wing_longitudinal_setpoint__type_support.h\n'}
[0.934211] (px4_msgs) StdoutLine: {'line': b'-- Up-to-date: /home/mustardking/ws_sensor_combined/install/px4_msgs/include/px4_msgs/px4_msgs/msg/detail/position_setpoint__functions.h\n'}
[0.934237] (px4_msgs) StdoutLine: {'line': b'-- Up-to-date: /home/mustardking/ws_sensor_combined/install/px4_msgs/include/px4_msgs/px4_msgs/msg/detail/actuator_controls_status__functions.h\n'}
[0.934271] (px4_msgs) StdoutLine: {'line': b'-- Up-to-date: /home/mustardking/ws_sensor_combined/install/px4_msgs/include/px4_msgs/px4_msgs/msg/detail/unregister_ext_component__functions.h\n'}
[0.934296] (px4_msgs) StdoutLine: {'line': b'-- Up-to-date: /home/mustardking/ws_sensor_combined/install/px4_msgs/include/px4_msgs/px4_msgs/msg/detail/ekf2_timestamps__struct.h\n'}
[0.934389] (px4_msgs) StdoutLine: {'line': b'-- Up-to-date: /home/mustardking/ws_sensor_combined/install/px4_msgs/include/px4_msgs/px4_msgs/msg/detail/vehicle_thrust_setpoint__functions.h\n'}
[0.934436] (px4_msgs) StdoutLine: {'line': b'-- Up-to-date: /home/mustardking/ws_sensor_combined/install/px4_msgs/include/px4_msgs/px4_msgs/msg/detail/rover_rate_status__functions.c\n'}
[0.934513] (px4_msgs) StdoutLine: {'line': b'-- Up-to-date: /home/mustardking/ws_sensor_combined/install/px4_msgs/include/px4_msgs/px4_msgs/msg/detail/airspeed__struct.h\n'}
[0.934549] (px4_msgs) StdoutLine: {'line': b'-- Up-to-date: /home/mustardking/ws_sensor_combined/install/px4_msgs/include/px4_msgs/px4_msgs/msg/detail/sensor_gps__functions.c\n'}
[0.934622] (px4_msgs) StdoutLine: {'line': b'-- Up-to-date: /home/mustardking/ws_sensor_combined/install/px4_msgs/include/px4_msgs/px4_msgs/msg/detail/yaw_estimator_status__type_support.h\n'}
[0.934652] (px4_msgs) StdoutLine: {'line': b'-- Up-to-date: /home/mustardking/ws_sensor_combined/install/px4_msgs/include/px4_msgs/px4_msgs/msg/detail/debug_vect__type_support.h\n'}
[0.934675] (px4_msgs) StdoutLine: {'line': b'-- Up-to-date: /home/mustardking/ws_sensor_combined/install/px4_msgs/include/px4_msgs/px4_msgs/msg/detail/gimbal_device_set_attitude__functions.c\n'}
[0.934698] (px4_msgs) StdoutLine: {'line': b'-- Up-to-date: /home/mustardking/ws_sensor_combined/install/px4_msgs/include/px4_msgs/px4_msgs/msg/detail/pwm_input__functions.h\n'}
[0.934848] (px4_msgs) StdoutLine: {'line': b'-- Up-to-date: /home/mustardking/ws_sensor_combined/install/px4_msgs/include/px4_msgs/px4_msgs/msg/detail/estimator_aid_source1d__functions.c\n'}
[0.935050] (px4_msgs) StdoutLine: {'line': b'-- Up-to-date: /home/mustardking/ws_sensor_combined/install/px4_msgs/include/px4_msgs/px4_msgs/msg/detail/heater_status__type_support.h\n'}
[0.935543] (px4_msgs) StdoutLine: {'line': b'-- Up-to-date: /home/mustardking/ws_sensor_combined/install/px4_msgs/include/px4_msgs/px4_msgs/msg/detail/mag_worker_data__functions.h\n'}
[0.936425] (px4_msgs) StdoutLine: {'line': b'-- Up-to-date: /home/mustardking/ws_sensor_combined/install/px4_msgs/include/px4_msgs/px4_msgs/msg/detail/satellite_info__type_support.h\n'}
[0.936812] (px4_msgs) StdoutLine: {'line': b'-- Up-to-date: /home/mustardking/ws_sensor_combined/install/px4_msgs/include/px4_msgs/px4_msgs/msg/detail/estimator_states__type_support.h\n'}
[0.937297] (px4_msgs) StdoutLine: {'line': b'-- Up-to-date: /home/mustardking/ws_sensor_combined/install/px4_msgs/include/px4_msgs/px4_msgs/msg/detail/navigator_status__struct.h\n'}
[0.937950] (px4_msgs) StdoutLine: {'line': b'-- Up-to-date: /home/mustardking/ws_sensor_combined/install/px4_msgs/include/px4_msgs/px4_msgs/msg/detail/orbit_status__struct.h\n'}
[0.938365] (px4_msgs) StdoutLine: {'line': b'-- Up-to-date: /home/mustardking/ws_sensor_combined/install/px4_msgs/include/px4_msgs/px4_msgs/msg/detail/longitudinal_control_configuration__type_support.h\n'}
[0.938981] (px4_msgs) StdoutLine: {'line': b'-- Up-to-date: /home/mustardking/ws_sensor_combined/install/px4_msgs/include/px4_msgs/px4_msgs/msg/detail/vtol_vehicle_status__struct.h\n'}
[0.939509] (px4_msgs) StdoutLine: {'line': b'-- Up-to-date: /home/mustardking/ws_sensor_combined/install/px4_msgs/include/px4_msgs/px4_msgs/msg/detail/ping__functions.h\n'}
[0.939765] (px4_msgs) StdoutLine: {'line': b'-- Up-to-date: /home/mustardking/ws_sensor_combined/install/px4_msgs/include/px4_msgs/px4_msgs/msg/detail/sensor_gps__struct.h\n'}
[0.939905] (px4_msgs) StdoutLine: {'line': b'-- Up-to-date: /home/mustardking/ws_sensor_combined/install/px4_msgs/include/px4_msgs/px4_msgs/msg/detail/wind__functions.c\n'}
[0.940041] (px4_msgs) StdoutLine: {'line': b'-- Up-to-date: /home/mustardking/ws_sensor_combined/install/px4_msgs/include/px4_msgs/px4_msgs/msg/detail/log_message__functions.h\n'}
[0.940162] (px4_msgs) StdoutLine: {'line': b'-- Up-to-date: /home/mustardking/ws_sensor_combined/install/px4_msgs/include/px4_msgs/px4_msgs/msg/detail/sensor_gnss_status__struct.h\n'}
[0.940265] (px4_msgs) StdoutLine: {'line': b'-- Up-to-date: /home/mustardking/ws_sensor_combined/install/px4_msgs/include/px4_msgs/px4_msgs/msg/detail/parameter_reset_request__type_support.h\n'}
[0.940366] (px4_msgs) StdoutLine: {'line': b'-- Up-to-date: /home/mustardking/ws_sensor_combined/install/px4_msgs/include/px4_msgs/px4_msgs/msg/detail/gpio_in__type_support.h\n'}
[0.940506] (px4_msgs) StdoutLine: {'line': b'-- Up-to-date: /home/mustardking/ws_sensor_combined/install/px4_msgs/include/px4_msgs/px4_msgs/msg/detail/esc_status__functions.h\n'}
[0.940622] (px4_msgs) StdoutLine: {'line': b'-- Up-to-date: /home/mustardking/ws_sensor_combined/install/px4_msgs/include/px4_msgs/px4_msgs/msg/detail/vehicle_torque_setpoint__struct.h\n'}
[0.940751] (px4_msgs) StdoutLine: {'line': b'-- Up-to-date: /home/mustardking/ws_sensor_combined/install/px4_msgs/include/px4_msgs/px4_msgs/msg/detail/gpio_out__functions.h\n'}
[0.941418] (px4_msgs) StdoutLine: {'line': b'-- Up-to-date: /home/mustardking/ws_sensor_combined/install/px4_msgs/include/px4_msgs/px4_msgs/msg/detail/goto_setpoint__type_support.h\n'}
[0.941545] (px4_msgs) StdoutLine: {'line': b'-- Up-to-date: /home/mustardking/ws_sensor_combined/install/px4_msgs/include/px4_msgs/px4_msgs/msg/detail/orb_test_medium__functions.h\n'}
[0.941615] (px4_msgs) StdoutLine: {'line': b'-- Up-to-date: /home/mustardking/ws_sensor_combined/install/px4_msgs/include/px4_msgs/px4_msgs/msg/detail/dataman_request__functions.h\n'}
[0.941641] (px4_msgs) StdoutLine: {'line': b'-- Up-to-date: /home/mustardking/ws_sensor_combined/install/px4_msgs/include/px4_msgs/px4_msgs/msg/detail/sensor_airflow__functions.h\n'}
[0.941666] (px4_msgs) StdoutLine: {'line': b'-- Up-to-date: /home/mustardking/ws_sensor_combined/install/px4_msgs/include/px4_msgs/px4_msgs/msg/detail/sensor_correction__struct.h\n'}
[0.941727] (px4_msgs) StdoutLine: {'line': b'-- Up-to-date: /home/mustardking/ws_sensor_combined/install/px4_msgs/include/px4_msgs/px4_msgs/msg/detail/sensor_preflight_mag__functions.h\n'}
[0.941772] (px4_msgs) StdoutLine: {'line': b'-- Up-to-date: /home/mustardking/ws_sensor_combined/install/px4_msgs/include/px4_msgs/px4_msgs/msg/detail/vehicle_angular_velocity__functions.c\n'}
[0.941812] (px4_msgs) StdoutLine: {'line': b'-- Up-to-date: /home/mustardking/ws_sensor_combined/install/px4_msgs/include/px4_msgs/px4_msgs/msg/detail/parameter_set_value_response__struct.h\n'}
[0.941841] (px4_msgs) StdoutLine: {'line': b'-- Up-to-date: /home/mustardking/ws_sensor_combined/install/px4_msgs/include/px4_msgs/px4_msgs/msg/detail/mode_completed__struct.h\n'}
[0.941916] (px4_msgs) StdoutLine: {'line': b'-- Up-to-date: /home/mustardking/ws_sensor_combined/install/px4_msgs/include/px4_msgs/px4_msgs/msg/detail/internal_combustion_engine_status__type_support.h\n'}
[0.941958] (px4_msgs) StdoutLine: {'line': b'-- Up-to-date: /home/mustardking/ws_sensor_combined/install/px4_msgs/include/px4_msgs/px4_msgs/msg/detail/tune_control__functions.c\n'}
[0.941991] (px4_msgs) StdoutLine: {'line': b'-- Up-to-date: /home/mustardking/ws_sensor_combined/install/px4_msgs/include/px4_msgs/px4_msgs/msg/detail/gimbal_manager_status__struct.h\n'}
[0.942041] (px4_msgs) StdoutLine: {'line': b'-- Up-to-date: /home/mustardking/ws_sensor_combined/install/px4_msgs/include/px4_msgs/px4_msgs/msg/detail/estimator_status__type_support.h\n'}
[0.942194] (px4_msgs) StdoutLine: {'line': b'-- Up-to-date: /home/mustardking/ws_sensor_combined/install/px4_msgs/include/px4_msgs/px4_msgs/msg/detail/trajectory_setpoint__struct.h\n'}
[0.942258] (px4_msgs) StdoutLine: {'line': b'-- Up-to-date: /home/mustardking/ws_sensor_combined/install/px4_msgs/include/px4_msgs/px4_msgs/msg/detail/event__struct.h\n'}
[0.942282] (px4_msgs) StdoutLine: {'line': b'-- Up-to-date: /home/mustardking/ws_sensor_combined/install/px4_msgs/include/px4_msgs/px4_msgs/msg/detail/failure_detector_status__functions.h\n'}
[0.942306] (px4_msgs) StdoutLine: {'line': b'-- Up-to-date: /home/mustardking/ws_sensor_combined/install/px4_msgs/include/px4_msgs/px4_msgs/msg/detail/airspeed_validated__functions.c\n'}
[0.942329] (px4_msgs) StdoutLine: {'line': b'-- Up-to-date: /home/mustardking/ws_sensor_combined/install/px4_msgs/include/px4_msgs/px4_msgs/msg/detail/vehicle_command__struct.h\n'}
[0.942352] (px4_msgs) StdoutLine: {'line': b'-- Up-to-date: /home/mustardking/ws_sensor_combined/install/px4_msgs/include/px4_msgs/px4_msgs/msg/detail/parameter_set_value_request__functions.h\n'}
[0.942392] (px4_msgs) StdoutLine: {'line': b'-- Up-to-date: /home/mustardking/ws_sensor_combined/install/px4_msgs/include/px4_msgs/px4_msgs/msg/detail/rover_throttle_setpoint__struct.h\n'}
[0.942576] (px4_msgs) StdoutLine: {'line': b'-- Up-to-date: /home/mustardking/ws_sensor_combined/install/px4_msgs/include/px4_msgs/px4_msgs/msg/detail/sensor_gps__functions.h\n'}
[0.942864] (px4_msgs) StdoutLine: {'line': b'-- Up-to-date: /home/mustardking/ws_sensor_combined/install/px4_msgs/include/px4_msgs/px4_msgs/msg/detail/sensor_gyro_fft__functions.c\n'}
[0.943187] (px4_msgs) StdoutLine: {'line': b'-- Up-to-date: /home/mustardking/ws_sensor_combined/install/px4_msgs/include/px4_msgs/px4_msgs/msg/detail/sensor_mag__functions.h\n'}
[0.943674] (px4_msgs) StdoutLine: {'line': b'-- Up-to-date: /home/mustardking/ws_sensor_combined/install/px4_msgs/include/px4_msgs/px4_msgs/msg/detail/vehicle_land_detected__type_support.h\n'}
[0.943969] (px4_msgs) StdoutLine: {'line': b'-- Up-to-date: /home/mustardking/ws_sensor_combined/install/px4_msgs/include/px4_msgs/px4_msgs/msg/detail/led_control__struct.h\n'}
[0.944167] (px4_msgs) StdoutLine: {'line': b'-- Up-to-date: /home/mustardking/ws_sensor_combined/install/px4_msgs/include/px4_msgs/px4_msgs/msg/detail/longitudinal_control_configuration__struct.h\n'}
[0.944201] (px4_msgs) StdoutLine: {'line': b'-- Up-to-date: /home/mustardking/ws_sensor_combined/install/px4_msgs/include/px4_msgs/px4_msgs/msg/detail/estimator_aid_source2d__struct.h\n'}
[0.944226] (px4_msgs) StdoutLine: {'line': b'-- Up-to-date: /home/mustardking/ws_sensor_combined/install/px4_msgs/include/px4_msgs/px4_msgs/msg/detail/velocity_limits__functions.h\n'}
[0.944250] (px4_msgs) StdoutLine: {'line': b'-- Up-to-date: /home/mustardking/ws_sensor_combined/install/px4_msgs/include/px4_msgs/px4_msgs/msg/detail/battery_info__functions.h\n'}
[0.944274] (px4_msgs) StdoutLine: {'line': b'-- Up-to-date: /home/mustardking/ws_sensor_combined/install/px4_msgs/include/px4_msgs/px4_msgs/msg/detail/mavlink_tunnel__type_support.h\n'}
[0.944298] (px4_msgs) StdoutLine: {'line': b'-- Up-to-date: /home/mustardking/ws_sensor_combined/install/px4_msgs/include/px4_msgs/px4_msgs/msg/detail/estimator_event_flags__struct.h\n'}
[0.944320] (px4_msgs) StdoutLine: {'line': b'-- Up-to-date: /home/mustardking/ws_sensor_combined/install/px4_msgs/include/px4_msgs/px4_msgs/msg/detail/led_control__type_support.h\n'}
[0.944344] (px4_msgs) StdoutLine: {'line': b'-- Up-to-date: /home/mustardking/ws_sensor_combined/install/px4_msgs/include/px4_msgs/px4_msgs/msg/detail/rover_rate_status__type_support.h\n'}
[0.944370] (px4_msgs) StdoutLine: {'line': b'-- Up-to-date: /home/mustardking/ws_sensor_combined/install/px4_msgs/include/px4_msgs/px4_msgs/msg/detail/uavcan_parameter_value__struct.h\n'}
[0.944393] (px4_msgs) StdoutLine: {'line': b'-- Up-to-date: /home/mustardking/ws_sensor_combined/install/px4_msgs/include/px4_msgs/px4_msgs/msg/detail/control_allocator_status__type_support.h\n'}
[0.944416] (px4_msgs) StdoutLine: {'line': b'-- Up-to-date: /home/mustardking/ws_sensor_combined/install/px4_msgs/include/px4_msgs/px4_msgs/msg/detail/vehicle_odometry__functions.h\n'}
[0.944440] (px4_msgs) StdoutLine: {'line': b'-- Up-to-date: /home/mustardking/ws_sensor_combined/install/px4_msgs/include/px4_msgs/px4_msgs/msg/detail/rover_speed_setpoint__struct.h\n'}
[0.944467] (px4_msgs) StdoutLine: {'line': b'-- Up-to-date: /home/mustardking/ws_sensor_combined/install/px4_msgs/include/px4_msgs/px4_msgs/msg/detail/gimbal_manager_set_attitude__functions.c\n'}
[0.944496] (px4_msgs) StdoutLine: {'line': b'-- Up-to-date: /home/mustardking/ws_sensor_combined/install/px4_msgs/include/px4_msgs/px4_msgs/msg/detail/rover_rate_setpoint__struct.h\n'}
[0.944519] (px4_msgs) StdoutLine: {'line': b'-- Up-to-date: /home/mustardking/ws_sensor_combined/install/px4_msgs/include/px4_msgs/px4_msgs/msg/detail/takeoff_status__functions.c\n'}
[0.944550] (px4_msgs) StdoutLine: {'line': b'-- Up-to-date: /home/mustardking/ws_sensor_combined/install/px4_msgs/include/px4_msgs/px4_msgs/msg/detail/parameter_update__functions.h\n'}
[0.944578] (px4_msgs) StdoutLine: {'line': b'-- Up-to-date: /home/mustardking/ws_sensor_combined/install/px4_msgs/include/px4_msgs/px4_msgs/msg/detail/vehicle_imu__struct.h\n'}
[0.944602] (px4_msgs) StdoutLine: {'line': b'-- Up-to-date: /home/mustardking/ws_sensor_combined/install/px4_msgs/include/px4_msgs/px4_msgs/msg/detail/estimator_event_flags__functions.c\n'}
[0.944625] (px4_msgs) StdoutLine: {'line': b'-- Up-to-date: /home/mustardking/ws_sensor_combined/install/px4_msgs/include/px4_msgs/px4_msgs/msg/detail/geofence_result__functions.h\n'}
[0.944649] (px4_msgs) StdoutLine: {'line': b'-- Up-to-date: /home/mustardking/ws_sensor_combined/install/px4_msgs/include/px4_msgs/px4_msgs/msg/detail/rover_speed_status__struct.h\n'}
[0.944672] (px4_msgs) StdoutLine: {'line': b'-- Up-to-date: /home/mustardking/ws_sensor_combined/install/px4_msgs/include/px4_msgs/px4_msgs/msg/detail/transponder_report__functions.h\n'}
[0.944696] (px4_msgs) StdoutLine: {'line': b'-- Up-to-date: /home/mustardking/ws_sensor_combined/install/px4_msgs/include/px4_msgs/px4_msgs/msg/detail/qshell_req__struct.h\n'}
[0.944719] (px4_msgs) StdoutLine: {'line': b'-- Up-to-date: /home/mustardking/ws_sensor_combined/install/px4_msgs/include/px4_msgs/px4_msgs/msg/detail/esc_report__type_support.h\n'}
[0.944749] (px4_msgs) StdoutLine: {'line': b'-- Up-to-date: /home/mustardking/ws_sensor_combined/install/px4_msgs/include/px4_msgs/px4_msgs/msg/detail/gimbal_device_attitude_status__struct.h\n'}
[0.944774] (px4_msgs) StdoutLine: {'line': b'-- Up-to-date: /home/mustardking/ws_sensor_combined/install/px4_msgs/include/px4_msgs/px4_msgs/msg/detail/unregister_ext_component__functions.c\n'}
[0.944797] (px4_msgs) StdoutLine: {'line': b'-- Up-to-date: /home/mustardking/ws_sensor_combined/install/px4_msgs/include/px4_msgs/px4_msgs/msg/detail/actuator_servos__functions.c\n'}
[0.944820] (px4_msgs) StdoutLine: {'line': b'-- Up-to-date: /home/mustardking/ws_sensor_combined/install/px4_msgs/include/px4_msgs/px4_msgs/msg/detail/gimbal_controls__struct.h\n'}
[0.944903] (px4_msgs) StdoutLine: {'line': b'-- Up-to-date: /home/mustardking/ws_sensor_combined/install/px4_msgs/include/px4_msgs/px4_msgs/msg/detail/health_report__functions.c\n'}
[0.944938] (px4_msgs) StdoutLine: {'line': b'-- Up-to-date: /home/mustardking/ws_sensor_combined/install/px4_msgs/include/px4_msgs/px4_msgs/msg/detail/vehicle_command__functions.c\n'}
[0.944961] (px4_msgs) StdoutLine: {'line': b'-- Up-to-date: /home/mustardking/ws_sensor_combined/install/px4_msgs/include/px4_msgs/px4_msgs/msg/detail/system_power__struct.h\n'}
[0.944984] (px4_msgs) StdoutLine: {'line': b'-- Up-to-date: /home/mustardking/ws_sensor_combined/install/px4_msgs/include/px4_msgs/px4_msgs/msg/detail/sensor_hygrometer__struct.h\n'}
[0.945007] (px4_msgs) StdoutLine: {'line': b'-- Up-to-date: /home/mustardking/ws_sensor_combined/install/px4_msgs/include/px4_msgs/px4_msgs/msg/detail/power_monitor__type_support.h\n'}
[0.945030] (px4_msgs) StdoutLine: {'line': b'-- Up-to-date: /home/mustardking/ws_sensor_combined/install/px4_msgs/include/px4_msgs/px4_msgs/msg/detail/neural_control__struct.h\n'}
[0.945053] (px4_msgs) StdoutLine: {'line': b'-- Up-to-date: /home/mustardking/ws_sensor_combined/install/px4_msgs/include/px4_msgs/px4_msgs/msg/detail/unregister_ext_component__struct.h\n'}
[0.945084] (px4_msgs) StdoutLine: {'line': b'-- Up-to-date: /home/mustardking/ws_sensor_combined/install/px4_msgs/include/px4_msgs/px4_msgs/msg/detail/arming_check_request__type_support.h\n'}
[0.945109] (px4_msgs) StdoutLine: {'line': b'-- Up-to-date: /home/mustardking/ws_sensor_combined/install/px4_msgs/include/px4_msgs/px4_msgs/msg/detail/manual_control_switches__functions.c\n'}
[0.945134] (px4_msgs) StdoutLine: {'line': b'-- Up-to-date: /home/mustardking/ws_sensor_combined/install/px4_msgs/include/px4_msgs/px4_msgs/msg/detail/landing_gear__struct.h\n'}
[0.945166] (px4_msgs) StdoutLine: {'line': b'-- Up-to-date: /home/mustardking/ws_sensor_combined/install/px4_msgs/include/px4_msgs/px4_msgs/msg/detail/irlock_report__functions.c\n'}
[0.945190] (px4_msgs) StdoutLine: {'line': b'-- Up-to-date: /home/mustardking/ws_sensor_combined/install/px4_msgs/include/px4_msgs/px4_msgs/msg/detail/normalized_unsigned_setpoint__functions.c\n'}
[0.945214] (px4_msgs) StdoutLine: {'line': b'-- Up-to-date: /home/mustardking/ws_sensor_combined/install/px4_msgs/include/px4_msgs/px4_msgs/msg/detail/vehicle_command__type_support.h\n'}
[0.945237] (px4_msgs) StdoutLine: {'line': b'-- Up-to-date: /home/mustardking/ws_sensor_combined/install/px4_msgs/include/px4_msgs/px4_msgs/msg/detail/open_drone_id_operator_id__functions.h\n'}
[0.945262] (px4_msgs) StdoutLine: {'line': b'-- Up-to-date: /home/mustardking/ws_sensor_combined/install/px4_msgs/include/px4_msgs/px4_msgs/msg/detail/sensor_selection__functions.h\n'}
[0.945284] (px4_msgs) StdoutLine: {'line': b'-- Up-to-date: /home/mustardking/ws_sensor_combined/install/px4_msgs/include/px4_msgs/px4_msgs/msg/detail/sensor_baro__type_support.h\n'}
[0.945307] (px4_msgs) StdoutLine: {'line': b'-- Up-to-date: /home/mustardking/ws_sensor_combined/install/px4_msgs/include/px4_msgs/px4_msgs/msg/detail/actuator_servos__type_support.h\n'}
[0.945331] (px4_msgs) StdoutLine: {'line': b'-- Up-to-date: /home/mustardking/ws_sensor_combined/install/px4_msgs/include/px4_msgs/px4_msgs/msg/detail/vehicle_local_position_setpoint__functions.c\n'}
[0.945354] (px4_msgs) StdoutLine: {'line': b'-- Up-to-date: /home/mustardking/ws_sensor_combined/install/px4_msgs/include/px4_msgs/px4_msgs/msg/detail/vehicle_imu_status__struct.h\n'}
[0.945380] (px4_msgs) StdoutLine: {'line': b'-- Up-to-date: /home/mustardking/ws_sensor_combined/install/px4_msgs/include/px4_msgs/px4_msgs/msg/detail/fuel_tank_status__type_support.h\n'}
[0.945403] (px4_msgs) StdoutLine: {'line': b'-- Up-to-date: /home/mustardking/ws_sensor_combined/install/px4_msgs/include/px4_msgs/px4_msgs/msg/detail/vehicle_optical_flow_vel__struct.h\n'}
[0.945432] (px4_msgs) StdoutLine: {'line': b'-- Up-to-date: /home/mustardking/ws_sensor_combined/install/px4_msgs/include/px4_msgs/px4_msgs/msg/detail/launch_detection_status__type_support.h\n'}
[0.945458] (px4_msgs) StdoutLine: {'line': b'-- Up-to-date: /home/mustardking/ws_sensor_combined/install/px4_msgs/include/px4_msgs/px4_msgs/msg/detail/orbit_status__functions.c\n'}
[0.945481] (px4_msgs) StdoutLine: {'line': b'-- Up-to-date: /home/mustardking/ws_sensor_combined/install/px4_msgs/include/px4_msgs/px4_msgs/msg/detail/cellular_status__functions.c\n'}
[0.945504] (px4_msgs) StdoutLine: {'line': b'-- Up-to-date: /home/mustardking/ws_sensor_combined/install/px4_msgs/include/px4_msgs/px4_msgs/msg/detail/gps_inject_data__struct.h\n'}
[0.945529] (px4_msgs) StdoutLine: {'line': b'-- Up-to-date: /home/mustardking/ws_sensor_combined/install/px4_msgs/include/px4_msgs/px4_msgs/msg/detail/vehicle_attitude__functions.c\n'}
[0.945564] (px4_msgs) StdoutLine: {'line': b'-- Up-to-date: /home/mustardking/ws_sensor_combined/install/px4_msgs/include/px4_msgs/px4_msgs/msg/detail/vehicle_magnetometer__functions.c\n'}
[0.945590] (px4_msgs) StdoutLine: {'line': b'-- Up-to-date: /home/mustardking/ws_sensor_combined/install/px4_msgs/include/px4_msgs/px4_msgs/msg/detail/vehicle_attitude_setpoint__struct.h\n'}
[0.945614] (px4_msgs) StdoutLine: {'line': b'-- Up-to-date: /home/mustardking/ws_sensor_combined/install/px4_msgs/include/px4_msgs/px4_msgs/msg/detail/health_report__functions.h\n'}
[0.945637] (px4_msgs) StdoutLine: {'line': b'-- Up-to-date: /home/mustardking/ws_sensor_combined/install/px4_msgs/include/px4_msgs/px4_msgs/msg/detail/autotune_attitude_control_status__functions.h\n'}
[0.945660] (px4_msgs) StdoutLine: {'line': b'-- Up-to-date: /home/mustardking/ws_sensor_combined/install/px4_msgs/include/px4_msgs/px4_msgs/msg/detail/navigator_status__functions.c\n'}
[0.945682] (px4_msgs) StdoutLine: {'line': b'-- Up-to-date: /home/mustardking/ws_sensor_combined/install/px4_msgs/include/px4_msgs/px4_msgs/msg/detail/orb_test__type_support.h\n'}
[0.945718] (px4_msgs) StdoutLine: {'line': b'-- Up-to-date: /home/mustardking/ws_sensor_combined/install/px4_msgs/include/px4_msgs/px4_msgs/msg/detail/differential_pressure__struct.h\n'}
[0.945756] (px4_msgs) StdoutLine: {'line': b'-- Up-to-date: /home/mustardking/ws_sensor_combined/install/px4_msgs/include/px4_msgs/px4_msgs/msg/detail/rtl_time_estimate__type_support.h\n'}
[0.949408] (px4_msgs) StdoutLine: {'line': b'-- Up-to-date: /home/mustardking/ws_sensor_combined/install/px4_msgs/include/px4_msgs/px4_msgs/msg/detail/sensor_correction__functions.h\n'}
[0.949463] (px4_msgs) StdoutLine: {'line': b'-- Up-to-date: /home/mustardking/ws_sensor_combined/install/px4_msgs/include/px4_msgs/px4_msgs/msg/detail/vehicle_imu__functions.h\n'}
[0.949491] (px4_msgs) StdoutLine: {'line': b'-- Up-to-date: /home/mustardking/ws_sensor_combined/install/px4_msgs/include/px4_msgs/px4_msgs/msg/detail/internal_combustion_engine_status__functions.c\n'}
[0.949532] (px4_msgs) StdoutLine: {'line': b'-- Up-to-date: /home/mustardking/ws_sensor_combined/install/px4_msgs/include/px4_msgs/px4_msgs/msg/detail/parameter_set_value_response__functions.h\n'}
[0.949568] (px4_msgs) StdoutLine: {'line': b'-- Up-to-date: /home/mustardking/ws_sensor_combined/install/px4_msgs/include/px4_msgs/px4_msgs/msg/detail/landing_gear__type_support.h\n'}
[0.949594] (px4_msgs) StdoutLine: {'line': b'-- Up-to-date: /home/mustardking/ws_sensor_combined/install/px4_msgs/include/px4_msgs/px4_msgs/msg/detail/parameter_set_value_response__type_support.h\n'}
[0.949618] (px4_msgs) StdoutLine: {'line': b'-- Up-to-date: /home/mustardking/ws_sensor_combined/install/px4_msgs/include/px4_msgs/px4_msgs/msg/detail/rate_ctrl_status__functions.h\n'}
[0.949642] (px4_msgs) StdoutLine: {'line': b'-- Up-to-date: /home/mustardking/ws_sensor_combined/install/px4_msgs/include/px4_msgs/px4_msgs/msg/detail/failure_detector_status__struct.h\n'}
[0.949668] (px4_msgs) StdoutLine: {'line': b'-- Up-to-date: /home/mustardking/ws_sensor_combined/install/px4_msgs/include/px4_msgs/px4_msgs/msg/detail/gimbal_device_attitude_status__functions.h\n'}
[0.949691] (px4_msgs) StdoutLine: {'line': b'-- Up-to-date: /home/mustardking/ws_sensor_combined/install/px4_msgs/include/px4_msgs/px4_msgs/msg/detail/rpm__functions.c\n'}
[0.949714] (px4_msgs) StdoutLine: {'line': b'-- Up-to-date: /home/mustardking/ws_sensor_combined/install/px4_msgs/include/px4_msgs/px4_msgs/msg/detail/gps_dump__struct.h\n'}
[0.949738] (px4_msgs) StdoutLine: {'line': b'-- Up-to-date: /home/mustardking/ws_sensor_combined/install/px4_msgs/include/px4_msgs/px4_msgs/msg/detail/takeoff_status__struct.h\n'}
[0.949760] (px4_msgs) StdoutLine: {'line': b'-- Up-to-date: /home/mustardking/ws_sensor_combined/install/px4_msgs/include/px4_msgs/px4_msgs/msg/detail/led_control__functions.h\n'}
[0.949783] (px4_msgs) StdoutLine: {'line': b'-- Up-to-date: /home/mustardking/ws_sensor_combined/install/px4_msgs/include/px4_msgs/px4_msgs/msg/detail/rtl_status__struct.h\n'}
[0.949809] (px4_msgs) StdoutLine: {'line': b'-- Up-to-date: /home/mustardking/ws_sensor_combined/install/px4_msgs/include/px4_msgs/px4_msgs/msg/detail/sensor_preflight_mag__struct.h\n'}
[0.949832] (px4_msgs) StdoutLine: {'line': b'-- Up-to-date: /home/mustardking/ws_sensor_combined/install/px4_msgs/include/px4_msgs/px4_msgs/msg/detail/mode_completed__type_support.h\n'}
[0.949854] (px4_msgs) StdoutLine: {'line': b'-- Up-to-date: /home/mustardking/ws_sensor_combined/install/px4_msgs/include/px4_msgs/px4_msgs/msg/detail/vehicle_thrust_setpoint__struct.h\n'}
[0.949877] (px4_msgs) StdoutLine: {'line': b'-- Up-to-date: /home/mustardking/ws_sensor_combined/install/px4_msgs/include/px4_msgs/px4_msgs/msg/detail/figure_eight_status__struct.h\n'}
[0.949899] (px4_msgs) StdoutLine: {'line': b'-- Up-to-date: /home/mustardking/ws_sensor_combined/install/px4_msgs/include/px4_msgs/px4_msgs/msg/detail/uavcan_parameter_request__type_support.h\n'}
[0.949921] (px4_msgs) StdoutLine: {'line': b'-- Up-to-date: /home/mustardking/ws_sensor_combined/install/px4_msgs/include/px4_msgs/px4_msgs/msg/detail/vehicle_local_position__functions.h\n'}
[0.949943] (px4_msgs) StdoutLine: {'line': b'-- Up-to-date: /home/mustardking/ws_sensor_combined/install/px4_msgs/include/px4_msgs/px4_msgs/msg/detail/rover_rate_setpoint__functions.c\n'}
[0.949966] (px4_msgs) StdoutLine: {'line': b'-- Up-to-date: /home/mustardking/ws_sensor_combined/install/px4_msgs/include/px4_msgs/px4_msgs/msg/detail/gimbal_device_set_attitude__functions.h\n'}
[0.949988] (px4_msgs) StdoutLine: {'line': b'-- Up-to-date: /home/mustardking/ws_sensor_combined/install/px4_msgs/include/px4_msgs/px4_msgs/msg/detail/sensor_gyro__functions.c\n'}
[0.950012] (px4_msgs) StdoutLine: {'line': b'-- Up-to-date: /home/mustardking/ws_sensor_combined/install/px4_msgs/include/px4_msgs/px4_msgs/msg/detail/cpuload__struct.h\n'}
[0.950037] (px4_msgs) StdoutLine: {'line': b'-- Up-to-date: /home/mustardking/ws_sensor_combined/install/px4_msgs/include/px4_msgs/px4_msgs/msg/detail/launch_detection_status__functions.c\n'}
[0.950059] (px4_msgs) StdoutLine: {'line': b'-- Up-to-date: /home/mustardking/ws_sensor_combined/install/px4_msgs/include/px4_msgs/px4_msgs/msg/detail/estimator_bias3d__struct.h\n'}
[0.950082] (px4_msgs) StdoutLine: {'line': b'-- Up-to-date: /home/mustardking/ws_sensor_combined/install/px4_msgs/include/px4_msgs/px4_msgs/msg/detail/actuator_test__struct.h\n'}
[0.950105] (px4_msgs) StdoutLine: {'line': b'-- Up-to-date: /home/mustardking/ws_sensor_combined/install/px4_msgs/include/px4_msgs/px4_msgs/msg/detail/lateral_control_configuration__type_support.h\n'}
[0.950129] (px4_msgs) StdoutLine: {'line': b'-- Up-to-date: /home/mustardking/ws_sensor_combined/install/px4_msgs/include/px4_msgs/px4_msgs/msg/detail/power_monitor__struct.h\n'}
[0.950151] (px4_msgs) StdoutLine: {'line': b'-- Up-to-date: /home/mustardking/ws_sensor_combined/install/px4_msgs/include/px4_msgs/px4_msgs/msg/detail/tecs_status__struct.h\n'}
[0.950174] (px4_msgs) StdoutLine: {'line': b'-- Up-to-date: /home/mustardking/ws_sensor_combined/install/px4_msgs/include/px4_msgs/px4_msgs/msg/detail/estimator_states__functions.h\n'}
[0.950201] (px4_msgs) StdoutLine: {'line': b'-- Up-to-date: /home/mustardking/ws_sensor_combined/install/px4_msgs/include/px4_msgs/px4_msgs/msg/detail/log_message__functions.c\n'}
[0.950224] (px4_msgs) StdoutLine: {'line': b'-- Up-to-date: /home/mustardking/ws_sensor_combined/install/px4_msgs/include/px4_msgs/px4_msgs/msg/detail/sensor_optical_flow__functions.c\n'}
[0.950247] (px4_msgs) StdoutLine: {'line': b'-- Up-to-date: /home/mustardking/ws_sensor_combined/install/px4_msgs/include/px4_msgs/px4_msgs/msg/detail/estimator_sensor_bias__functions.c\n'}
[0.950271] (px4_msgs) StdoutLine: {'line': b'-- Up-to-date: /home/mustardking/ws_sensor_combined/install/px4_msgs/include/px4_msgs/px4_msgs/msg/detail/message_format_request__functions.h\n'}
[0.950294] (px4_msgs) StdoutLine: {'line': b'-- Up-to-date: /home/mustardking/ws_sensor_combined/install/px4_msgs/include/px4_msgs/px4_msgs/msg/detail/ulog_stream_ack__functions.c\n'}
[0.950316] (px4_msgs) StdoutLine: {'line': b'-- Up-to-date: /home/mustardking/ws_sensor_combined/install/px4_msgs/include/px4_msgs/px4_msgs/msg/detail/camera_capture__functions.h\n'}
[0.950339] (px4_msgs) StdoutLine: {'line': b'-- Up-to-date: /home/mustardking/ws_sensor_combined/install/px4_msgs/include/px4_msgs/px4_msgs/msg/detail/input_rc__functions.h\n'}
[0.950362] (px4_msgs) StdoutLine: {'line': b'-- Up-to-date: /home/mustardking/ws_sensor_combined/install/px4_msgs/include/px4_msgs/px4_msgs/msg/detail/landing_gear_wheel__functions.h\n'}
[0.950385] (px4_msgs) StdoutLine: {'line': b'-- Up-to-date: /home/mustardking/ws_sensor_combined/install/px4_msgs/include/px4_msgs/px4_msgs/msg/detail/estimator_status_flags__struct.h\n'}
[0.950408] (px4_msgs) StdoutLine: {'line': b'-- Up-to-date: /home/mustardking/ws_sensor_combined/install/px4_msgs/include/px4_msgs/px4_msgs/msg/detail/open_drone_id_system__functions.h\n'}
[0.950431] (px4_msgs) StdoutLine: {'line': b'-- Up-to-date: /home/mustardking/ws_sensor_combined/install/px4_msgs/include/px4_msgs/px4_msgs/msg/detail/fixed_wing_lateral_setpoint__struct.h\n'}
[0.950453] (px4_msgs) StdoutLine: {'line': b'-- Up-to-date: /home/mustardking/ws_sensor_combined/install/px4_msgs/include/px4_msgs/px4_msgs/msg/detail/estimator_event_flags__type_support.h\n'}
[0.950476] (px4_msgs) StdoutLine: {'line': b'-- Up-to-date: /home/mustardking/ws_sensor_combined/install/px4_msgs/include/px4_msgs/px4_msgs/msg/detail/sensor_gyro_fft__type_support.h\n'}
[0.950502] (px4_msgs) StdoutLine: {'line': b'-- Up-to-date: /home/mustardking/ws_sensor_combined/install/px4_msgs/include/px4_msgs/px4_msgs/msg/detail/actuator_controls_status__functions.c\n'}
[0.950525] (px4_msgs) StdoutLine: {'line': b'-- Up-to-date: /home/mustardking/ws_sensor_combined/install/px4_msgs/include/px4_msgs/px4_msgs/msg/detail/input_rc__functions.c\n'}
[0.950551] (px4_msgs) StdoutLine: {'line': b'-- Up-to-date: /home/mustardking/ws_sensor_combined/install/px4_msgs/include/px4_msgs/px4_msgs/msg/detail/rc_channels__type_support.h\n'}
[0.950575] (px4_msgs) StdoutLine: {'line': b'-- Up-to-date: /home/mustardking/ws_sensor_combined/install/px4_msgs/include/px4_msgs/px4_msgs/msg/detail/fuel_tank_status__functions.c\n'}
[0.950598] (px4_msgs) StdoutLine: {'line': b'-- Up-to-date: /home/mustardking/ws_sensor_combined/install/px4_msgs/include/px4_msgs/px4_msgs/msg/detail/pps_capture__functions.h\n'}
[0.950620] (px4_msgs) StdoutLine: {'line': b'-- Up-to-date: /home/mustardking/ws_sensor_combined/install/px4_msgs/include/px4_msgs/px4_msgs/msg/detail/fixed_wing_lateral_guidance_status__functions.c\n'}
[0.950644] (px4_msgs) StdoutLine: {'line': b'-- Up-to-date: /home/mustardking/ws_sensor_combined/install/px4_msgs/include/px4_msgs/px4_msgs/msg/detail/estimator_aid_source3d__struct.h\n'}
[0.950666] (px4_msgs) StdoutLine: {'line': b'-- Up-to-date: /home/mustardking/ws_sensor_combined/install/px4_msgs/include/px4_msgs/px4_msgs/msg/detail/message_format_request__type_support.h\n'}
[0.950689] (px4_msgs) StdoutLine: {'line': b'-- Up-to-date: /home/mustardking/ws_sensor_combined/install/px4_msgs/include/px4_msgs/px4_msgs/msg/detail/internal_combustion_engine_control__type_support.h\n'}
[0.950712] (px4_msgs) StdoutLine: {'line': b'-- Up-to-date: /home/mustardking/ws_sensor_combined/install/px4_msgs/include/px4_msgs/px4_msgs/msg/detail/mavlink_tunnel__functions.h\n'}
[0.950734] (px4_msgs) StdoutLine: {'line': b'-- Up-to-date: /home/mustardking/ws_sensor_combined/install/px4_msgs/include/px4_msgs/px4_msgs/msg/detail/open_drone_id_arm_status__functions.c\n'}
[0.950758] (px4_msgs) StdoutLine: {'line': b'-- Up-to-date: /home/mustardking/ws_sensor_combined/install/px4_msgs/include/px4_msgs/px4_msgs/msg/detail/vehicle_torque_setpoint__type_support.h\n'}
[0.950780] (px4_msgs) StdoutLine: {'line': b'-- Up-to-date: /home/mustardking/ws_sensor_combined/install/px4_msgs/include/px4_msgs/px4_msgs/msg/detail/vehicle_command_ack__functions.h\n'}
[0.950804] (px4_msgs) StdoutLine: {'line': b'-- Up-to-date: /home/mustardking/ws_sensor_combined/install/px4_msgs/include/px4_msgs/px4_msgs/msg/detail/open_drone_id_arm_status__type_support.h\n'}
[0.950826] (px4_msgs) StdoutLine: {'line': b'-- Up-to-date: /home/mustardking/ws_sensor_combined/install/px4_msgs/include/px4_msgs/px4_msgs/msg/detail/offboard_control_mode__functions.h\n'}
[0.950850] (px4_msgs) StdoutLine: {'line': b'-- Up-to-date: /home/mustardking/ws_sensor_combined/install/px4_msgs/include/px4_msgs/px4_msgs/msg/detail/sensor_gnss_status__functions.h\n'}
[0.950873] (px4_msgs) StdoutLine: {'line': b'-- Up-to-date: /home/mustardking/ws_sensor_combined/install/px4_msgs/include/px4_msgs/px4_msgs/msg/detail/gimbal_manager_set_attitude__type_support.h\n'}
[0.950895] (px4_msgs) StdoutLine: {'line': b'-- Up-to-date: /home/mustardking/ws_sensor_combined/install/px4_msgs/include/px4_msgs/px4_msgs/msg/detail/takeoff_status__functions.h\n'}
[0.950917] (px4_msgs) StdoutLine: {'line': b'-- Up-to-date: /home/mustardking/ws_sensor_combined/install/px4_msgs/include/px4_msgs/px4_msgs/msg/detail/vehicle_status__functions.c\n'}
[0.950940] (px4_msgs) StdoutLine: {'line': b'-- Up-to-date: /home/mustardking/ws_sensor_combined/install/px4_msgs/include/px4_msgs/px4_msgs/msg/detail/vehicle_magnetometer__type_support.h\n'}
[0.950963] (px4_msgs) StdoutLine: {'line': b'-- Up-to-date: /home/mustardking/ws_sensor_combined/install/px4_msgs/include/px4_msgs/px4_msgs/msg/detail/rc_channels__functions.h\n'}
[0.950985] (px4_msgs) StdoutLine: {'line': b'-- Up-to-date: /home/mustardking/ws_sensor_combined/install/px4_msgs/include/px4_msgs/px4_msgs/msg/detail/gimbal_controls__type_support.h\n'}
[0.951007] (px4_msgs) StdoutLine: {'line': b'-- Up-to-date: /home/mustardking/ws_sensor_combined/install/px4_msgs/include/px4_msgs/px4_msgs/msg/detail/debug_array__struct.h\n'}
[0.951032] (px4_msgs) StdoutLine: {'line': b'-- Up-to-date: /home/mustardking/ws_sensor_combined/install/px4_msgs/include/px4_msgs/px4_msgs/msg/detail/manual_control_setpoint__functions.h\n'}
[0.951054] (px4_msgs) StdoutLine: {'line': b'-- Up-to-date: /home/mustardking/ws_sensor_combined/install/px4_msgs/include/px4_msgs/px4_msgs/msg/detail/sensor_gnss_status__type_support.h\n'}
[0.951076] (px4_msgs) StdoutLine: {'line': b'-- Up-to-date: /home/mustardking/ws_sensor_combined/install/px4_msgs/include/px4_msgs/px4_msgs/msg/detail/tune_control__type_support.h\n'}
[0.951099] (px4_msgs) StdoutLine: {'line': b'-- Up-to-date: /home/mustardking/ws_sensor_combined/install/px4_msgs/include/px4_msgs/px4_msgs/msg/detail/follow_target__functions.h\n'}
[0.951121] (px4_msgs) StdoutLine: {'line': b'-- Up-to-date: /home/mustardking/ws_sensor_combined/install/px4_msgs/include/px4_msgs/px4_msgs/msg/detail/vehicle_thrust_setpoint__functions.c\n'}
[0.951143] (px4_msgs) StdoutLine: {'line': b'-- Up-to-date: /home/mustardking/ws_sensor_combined/install/px4_msgs/include/px4_msgs/px4_msgs/msg/detail/uavcan_parameter_request__struct.h\n'}
[0.951177] (px4_msgs) StdoutLine: {'line': b'-- Up-to-date: /home/mustardking/ws_sensor_combined/install/px4_msgs/include/px4_msgs/px4_msgs/msg/detail/obstacle_distance__functions.h\n'}
[0.951208] (px4_msgs) StdoutLine: {'line': b'-- Up-to-date: /home/mustardking/ws_sensor_combined/install/px4_msgs/include/px4_msgs/px4_msgs/msg/detail/gimbal_device_set_attitude__type_support.h\n'}
[0.951231] (px4_msgs) StdoutLine: {'line': b'-- Up-to-date: /home/mustardking/ws_sensor_combined/install/px4_msgs/include/px4_msgs/px4_msgs/msg/detail/sensor_optical_flow__type_support.h\n'}
[0.951381] (px4_msgs) StdoutLine: {'line': b'-- Up-to-date: /home/mustardking/ws_sensor_combined/install/px4_msgs/include/px4_msgs/px4_msgs/msg/detail/estimator_states__functions.c\n'}
[0.951414] (px4_msgs) StdoutLine: {'line': b'-- Up-to-date: /home/mustardking/ws_sensor_combined/install/px4_msgs/include/px4_msgs/px4_msgs/msg/detail/navigator_status__type_support.h\n'}
[0.951439] (px4_msgs) StdoutLine: {'line': b'-- Up-to-date: /home/mustardking/ws_sensor_combined/install/px4_msgs/include/px4_msgs/px4_msgs/msg/detail/sensor_hygrometer__type_support.h\n'}
[0.951465] (px4_msgs) StdoutLine: {'line': b'-- Up-to-date: /home/mustardking/ws_sensor_combined/install/px4_msgs/include/px4_msgs/px4_msgs/msg/detail/vehicle_air_data__functions.h\n'}
[0.951489] (px4_msgs) StdoutLine: {'line': b'-- Up-to-date: /home/mustardking/ws_sensor_combined/install/px4_msgs/include/px4_msgs/px4_msgs/msg/detail/gimbal_manager_information__functions.h\n'}
[0.951514] (px4_msgs) StdoutLine: {'line': b'-- Up-to-date: /home/mustardking/ws_sensor_combined/install/px4_msgs/include/px4_msgs/px4_msgs/msg/detail/distance_sensor__struct.h\n'}
[0.951538] (px4_msgs) StdoutLine: {'line': b'-- Up-to-date: /home/mustardking/ws_sensor_combined/install/px4_msgs/include/px4_msgs/px4_msgs/msg/detail/position_controller_status__type_support.h\n'}
[0.951571] (px4_msgs) StdoutLine: {'line': b'-- Up-to-date: /home/mustardking/ws_sensor_combined/install/px4_msgs/include/px4_msgs/px4_msgs/msg/detail/task_stack_info__type_support.h\n'}
[0.951607] (px4_msgs) StdoutLine: {'line': b'-- Up-to-date: /home/mustardking/ws_sensor_combined/install/px4_msgs/include/px4_msgs/px4_msgs/msg/detail/sensor_optical_flow__functions.h\n'}
[0.951691] (px4_msgs) StdoutLine: {'line': b'-- Up-to-date: /home/mustardking/ws_sensor_combined/install/px4_msgs/include/px4_msgs/px4_msgs/msg/detail/launch_detection_status__struct.h\n'}
[0.951959] (px4_msgs) StdoutLine: {'line': b'-- Up-to-date: /home/mustardking/ws_sensor_combined/install/px4_msgs/include/px4_msgs/px4_msgs/msg/detail/sensors_status__functions.h\n'}
[0.952016] (px4_msgs) StdoutLine: {'line': b'-- Up-to-date: /home/mustardking/ws_sensor_combined/install/px4_msgs/include/px4_msgs/px4_msgs/msg/detail/rc_parameter_map__struct.h\n'}
[0.952046] (px4_msgs) StdoutLine: {'line': b'-- Up-to-date: /home/mustardking/ws_sensor_combined/install/px4_msgs/include/px4_msgs/px4_msgs/msg/detail/parameter_set_value_request__functions.c\n'}
[0.952084] (px4_msgs) StdoutLine: {'line': b'-- Up-to-date: /home/mustardking/ws_sensor_combined/install/px4_msgs/include/px4_msgs/px4_msgs/msg/detail/vehicle_attitude__struct.h\n'}
[0.952107] (px4_msgs) StdoutLine: {'line': b'-- Up-to-date: /home/mustardking/ws_sensor_combined/install/px4_msgs/include/px4_msgs/px4_msgs/msg/detail/follow_target_estimator__functions.h\n'}
[0.952131] (px4_msgs) StdoutLine: {'line': b'-- Up-to-date: /home/mustardking/ws_sensor_combined/install/px4_msgs/include/px4_msgs/px4_msgs/msg/detail/pps_capture__type_support.h\n'}
[0.952154] (px4_msgs) StdoutLine: {'line': b'-- Up-to-date: /home/mustardking/ws_sensor_combined/install/px4_msgs/include/px4_msgs/px4_msgs/msg/detail/orbit_status__functions.h\n'}
[0.952177] (px4_msgs) StdoutLine: {'line': b'-- Up-to-date: /home/mustardking/ws_sensor_combined/install/px4_msgs/include/px4_msgs/px4_msgs/msg/detail/esc_status__type_support.h\n'}
[0.952200] (px4_msgs) StdoutLine: {'line': b'-- Up-to-date: /home/mustardking/ws_sensor_combined/install/px4_msgs/include/px4_msgs/px4_msgs/msg/detail/logger_status__struct.h\n'}
[0.952224] (px4_msgs) StdoutLine: {'line': b'-- Up-to-date: /home/mustardking/ws_sensor_combined/install/px4_msgs/include/px4_msgs/px4_msgs/msg/detail/gps_inject_data__type_support.h\n'}
[0.952247] (px4_msgs) StdoutLine: {'line': b'-- Up-to-date: /home/mustardking/ws_sensor_combined/install/px4_msgs/include/px4_msgs/px4_msgs/msg/detail/timesync_status__functions.c\n'}
[0.952270] (px4_msgs) StdoutLine: {'line': b'-- Up-to-date: /home/mustardking/ws_sensor_combined/install/px4_msgs/include/px4_msgs/px4_msgs/msg/detail/hover_thrust_estimate__struct.h\n'}
[0.952325] (px4_msgs) StdoutLine: {'line': b'-- Up-to-date: /home/mustardking/ws_sensor_combined/install/px4_msgs/include/px4_msgs/px4_msgs/msg/detail/follow_target_estimator__struct.h\n'}
[0.952350] (px4_msgs) StdoutLine: {'line': b'-- Up-to-date: /home/mustardking/ws_sensor_combined/install/px4_msgs/include/px4_msgs/px4_msgs/msg/detail/arming_check_reply__type_support.h\n'}
[0.952372] (px4_msgs) StdoutLine: {'line': b'-- Up-to-date: /home/mustardking/ws_sensor_combined/install/px4_msgs/include/px4_msgs/px4_msgs/msg/detail/position_controller_landing_status__functions.c\n'}
[0.952396] (px4_msgs) StdoutLine: {'line': b'-- Up-to-date: /home/mustardking/ws_sensor_combined/install/px4_msgs/include/px4_msgs/px4_msgs/msg/detail/sensors_status_imu__functions.h\n'}
[0.952419] (px4_msgs) StdoutLine: {'line': b'-- Up-to-date: /home/mustardking/ws_sensor_combined/install/px4_msgs/include/px4_msgs/px4_msgs/msg/detail/sensor_gyro_fifo__functions.c\n'}
[0.952454] (px4_msgs) StdoutLine: {'line': b'-- Up-to-date: /home/mustardking/ws_sensor_combined/install/px4_msgs/include/px4_msgs/px4_msgs/msg/detail/obstacle_distance__functions.c\n'}
[0.952482] (px4_msgs) StdoutLine: {'line': b'-- Up-to-date: /home/mustardking/ws_sensor_combined/install/px4_msgs/include/px4_msgs/px4_msgs/msg/detail/rover_attitude_status__struct.h\n'}
[0.952504] (px4_msgs) StdoutLine: {'line': b'-- Up-to-date: /home/mustardking/ws_sensor_combined/install/px4_msgs/include/px4_msgs/px4_msgs/msg/detail/sensor_gnss_relative__struct.h\n'}
[0.952526] (px4_msgs) StdoutLine: {'line': b'-- Up-to-date: /home/mustardking/ws_sensor_combined/install/px4_msgs/include/px4_msgs/px4_msgs/msg/detail/actuator_armed__functions.c\n'}
[0.952549] (px4_msgs) StdoutLine: {'line': b'-- Up-to-date: /home/mustardking/ws_sensor_combined/install/px4_msgs/include/px4_msgs/px4_msgs/msg/detail/health_report__struct.h\n'}
[0.952588] (px4_msgs) StdoutLine: {'line': b'-- Up-to-date: /home/mustardking/ws_sensor_combined/install/px4_msgs/include/px4_msgs/px4_msgs/msg/detail/open_drone_id_operator_id__functions.c\n'}
[0.952611] (px4_msgs) StdoutLine: {'line': b'-- Up-to-date: /home/mustardking/ws_sensor_combined/install/px4_msgs/include/px4_msgs/px4_msgs/msg/detail/register_ext_component_request__functions.h\n'}
[0.952642] (px4_msgs) StdoutLine: {'line': b'-- Up-to-date: /home/mustardking/ws_sensor_combined/install/px4_msgs/include/px4_msgs/px4_msgs/msg/detail/open_drone_id_self_id__functions.c\n'}
[0.952668] (px4_msgs) StdoutLine: {'line': b'-- Up-to-date: /home/mustardking/ws_sensor_combined/install/px4_msgs/include/px4_msgs/px4_msgs/msg/detail/orb_test_medium__struct.h\n'}
[0.952690] (px4_msgs) StdoutLine: {'line': b'-- Up-to-date: /home/mustardking/ws_sensor_combined/install/px4_msgs/include/px4_msgs/px4_msgs/msg/detail/estimator_states__struct.h\n'}
[0.952713] (px4_msgs) StdoutLine: {'line': b'-- Up-to-date: /home/mustardking/ws_sensor_combined/install/px4_msgs/include/px4_msgs/px4_msgs/msg/detail/rtl_status__functions.c\n'}
[0.952738] (px4_msgs) StdoutLine: {'line': b'-- Up-to-date: /home/mustardking/ws_sensor_combined/install/px4_msgs/include/px4_msgs/px4_msgs/msg/detail/sensor_accel__type_support.h\n'}
[0.952775] (px4_msgs) StdoutLine: {'line': b'-- Up-to-date: /home/mustardking/ws_sensor_combined/install/px4_msgs/include/px4_msgs/px4_msgs/msg/detail/pps_capture__functions.c\n'}
[0.952798] (px4_msgs) StdoutLine: {'line': b'-- Up-to-date: /home/mustardking/ws_sensor_combined/install/px4_msgs/include/px4_msgs/px4_msgs/msg/detail/actuator_servos__struct.h\n'}
[0.952819] (px4_msgs) StdoutLine: {'line': b'-- Up-to-date: /home/mustardking/ws_sensor_combined/install/px4_msgs/include/px4_msgs/px4_msgs/msg/detail/vehicle_roi__functions.c\n'}
[0.952842] (px4_msgs) StdoutLine: {'line': b'-- Up-to-date: /home/mustardking/ws_sensor_combined/install/px4_msgs/include/px4_msgs/px4_msgs/msg/detail/home_position__functions.h\n'}
[0.952996] (px4_msgs) StdoutLine: {'line': b'-- Up-to-date: /home/mustardking/ws_sensor_combined/install/px4_msgs/include/px4_msgs/px4_msgs/msg/detail/vehicle_attitude_setpoint__functions.h\n'}
[0.953035] (px4_msgs) StdoutLine: {'line': b'-- Up-to-date: /home/mustardking/ws_sensor_combined/install/px4_msgs/include/px4_msgs/px4_msgs/msg/detail/transponder_report__functions.c\n'}
[0.953063] (px4_msgs) StdoutLine: {'line': b'-- Up-to-date: /home/mustardking/ws_sensor_combined/install/px4_msgs/include/px4_msgs/px4_msgs/msg/detail/rtl_time_estimate__struct.h\n'}
[0.953094] (px4_msgs) StdoutLine: {'line': b'-- Up-to-date: /home/mustardking/ws_sensor_combined/install/px4_msgs/include/px4_msgs/px4_msgs/msg/detail/manual_control_setpoint__type_support.h\n'}
[0.953175] (px4_msgs) StdoutLine: {'line': b'-- Up-to-date: /home/mustardking/ws_sensor_combined/install/px4_msgs/include/px4_msgs/px4_msgs/msg/detail/rover_speed_setpoint__functions.h\n'}
[0.953212] (px4_msgs) StdoutLine: {'line': b'-- Up-to-date: /home/mustardking/ws_sensor_combined/install/px4_msgs/include/px4_msgs/px4_msgs/msg/detail/estimator_bias__struct.h\n'}
[0.953245] (px4_msgs) StdoutLine: {'line': b'-- Up-to-date: /home/mustardking/ws_sensor_combined/install/px4_msgs/include/px4_msgs/px4_msgs/msg/detail/follow_target_estimator__functions.c\n'}
[0.953270] (px4_msgs) StdoutLine: {'line': b'-- Up-to-date: /home/mustardking/ws_sensor_combined/install/px4_msgs/include/px4_msgs/px4_msgs/msg/detail/distance_sensor_mode_change_request__functions.c\n'}
[0.953314] (px4_msgs) StdoutLine: {'line': b'-- Up-to-date: /home/mustardking/ws_sensor_combined/install/px4_msgs/include/px4_msgs/px4_msgs/msg/detail/velocity_limits__struct.h\n'}
[0.953338] (px4_msgs) StdoutLine: {'line': b'-- Up-to-date: /home/mustardking/ws_sensor_combined/install/px4_msgs/include/px4_msgs/px4_msgs/msg/detail/sensor_selection__type_support.h\n'}
[0.953383] (px4_msgs) StdoutLine: {'line': b'-- Up-to-date: /home/mustardking/ws_sensor_combined/install/px4_msgs/include/px4_msgs/px4_msgs/msg/detail/launch_detection_status__functions.h\n'}
[0.953428] (px4_msgs) StdoutLine: {'line': b'-- Up-to-date: /home/mustardking/ws_sensor_combined/install/px4_msgs/include/px4_msgs/px4_msgs/msg/detail/landing_target_innovations__type_support.h\n'}
[0.953453] (px4_msgs) StdoutLine: {'line': b'-- Up-to-date: /home/mustardking/ws_sensor_combined/install/px4_msgs/include/px4_msgs/px4_msgs/msg/detail/vehicle_optical_flow__functions.c\n'}
[0.953476] (px4_msgs) StdoutLine: {'line': b'-- Up-to-date: /home/mustardking/ws_sensor_combined/install/px4_msgs/include/px4_msgs/px4_msgs/msg/detail/can_interface_status__functions.c\n'}
[0.953507] (px4_msgs) StdoutLine: {'line': b'-- Up-to-date: /home/mustardking/ws_sensor_combined/install/px4_msgs/include/px4_msgs/px4_msgs/msg/detail/battery_status__type_support.h\n'}
[0.953531] (px4_msgs) StdoutLine: {'line': b'-- Up-to-date: /home/mustardking/ws_sensor_combined/install/px4_msgs/include/px4_msgs/px4_msgs/msg/detail/gimbal_manager_set_attitude__struct.h\n'}
[0.953555] (px4_msgs) StdoutLine: {'line': b'-- Up-to-date: /home/mustardking/ws_sensor_combined/install/px4_msgs/include/px4_msgs/px4_msgs/msg/detail/home_position__type_support.h\n'}
[0.953625] (px4_msgs) StdoutLine: {'line': b'-- Up-to-date: /home/mustardking/ws_sensor_combined/install/px4_msgs/include/px4_msgs/px4_msgs/msg/detail/sensor_accel_fifo__struct.h\n'}
[0.953662] (px4_msgs) StdoutLine: {'line': b'-- Up-to-date: /home/mustardking/ws_sensor_combined/install/px4_msgs/include/px4_msgs/px4_msgs/msg/detail/estimator_sensor_bias__functions.h\n'}
[0.953707] (px4_msgs) StdoutLine: {'line': b'-- Up-to-date: /home/mustardking/ws_sensor_combined/install/px4_msgs/include/px4_msgs/px4_msgs/msg/detail/iridiumsbd_status__functions.h\n'}
[0.953770] (px4_msgs) StdoutLine: {'line': b'-- Up-to-date: /home/mustardking/ws_sensor_combined/install/px4_msgs/include/px4_msgs/px4_msgs/msg/detail/dronecan_node_status__functions.c\n'}
[0.953801] (px4_msgs) StdoutLine: {'line': b'-- Up-to-date: /home/mustardking/ws_sensor_combined/install/px4_msgs/include/px4_msgs/px4_msgs/msg/detail/wheel_encoders__functions.c\n'}
[0.953823] (px4_msgs) StdoutLine: {'line': b'-- Up-to-date: /home/mustardking/ws_sensor_combined/install/px4_msgs/include/px4_msgs/px4_msgs/msg/detail/sensor_accel__functions.h\n'}
[0.953848] (px4_msgs) StdoutLine: {'line': b'-- Up-to-date: /home/mustardking/ws_sensor_combined/install/px4_msgs/include/px4_msgs/px4_msgs/msg/detail/distance_sensor_mode_change_request__type_support.h\n'}
[0.953871] (px4_msgs) StdoutLine: {'line': b'-- Up-to-date: /home/mustardking/ws_sensor_combined/install/px4_msgs/include/px4_msgs/px4_msgs/msg/detail/vehicle_rates_setpoint__functions.c\n'}
[0.953893] (px4_msgs) StdoutLine: {'line': b'-- Up-to-date: /home/mustardking/ws_sensor_combined/install/px4_msgs/include/px4_msgs/px4_msgs/msg/detail/esc_report__functions.h\n'}
[0.953914] (px4_msgs) StdoutLine: {'line': b'-- Up-to-date: /home/mustardking/ws_sensor_combined/install/px4_msgs/include/px4_msgs/px4_msgs/msg/detail/message_format_response__functions.c\n'}
[0.953996] (px4_msgs) StdoutLine: {'line': b'-- Up-to-date: /home/mustardking/ws_sensor_combined/install/px4_msgs/include/px4_msgs/px4_msgs/msg/detail/can_interface_status__struct.h\n'}
[0.954077] (px4_msgs) StdoutLine: {'line': b'-- Up-to-date: /home/mustardking/ws_sensor_combined/install/px4_msgs/include/px4_msgs/px4_msgs/msg/detail/fixed_wing_runway_control__functions.h\n'}
[0.954220] (px4_msgs) StdoutLine: {'line': b'-- Up-to-date: /home/mustardking/ws_sensor_combined/install/px4_msgs/include/px4_msgs/px4_msgs/msg/detail/sensor_correction__functions.c\n'}
[0.954317] (px4_msgs) StdoutLine: {'line': b'-- Up-to-date: /home/mustardking/ws_sensor_combined/install/px4_msgs/include/px4_msgs/px4_msgs/msg/detail/trajectory_setpoint6dof__struct.h\n'}
[0.954381] (px4_msgs) StdoutLine: {'line': b'-- Up-to-date: /home/mustardking/ws_sensor_combined/install/px4_msgs/include/px4_msgs/px4_msgs/msg/detail/sensor_baro__struct.h\n'}
[0.954438] (px4_msgs) StdoutLine: {'line': b'-- Up-to-date: /home/mustardking/ws_sensor_combined/install/px4_msgs/include/px4_msgs/px4_msgs/msg/detail/px4io_status__functions.h\n'}
[0.954532] (px4_msgs) StdoutLine: {'line': b'-- Up-to-date: /home/mustardking/ws_sensor_combined/install/px4_msgs/include/px4_msgs/px4_msgs/msg/detail/actuator_outputs__struct.h\n'}
[0.954761] (px4_msgs) StdoutLine: {'line': b'-- Up-to-date: /home/mustardking/ws_sensor_combined/install/px4_msgs/include/px4_msgs/px4_msgs/msg/detail/rpm__type_support.h\n'}
[0.954832] (px4_msgs) StdoutLine: {'line': b'-- Up-to-date: /home/mustardking/ws_sensor_combined/install/px4_msgs/include/px4_msgs/px4_msgs/msg/detail/pwm_input__type_support.h\n'}
[0.954948] (px4_msgs) StdoutLine: {'line': b'-- Up-to-date: /home/mustardking/ws_sensor_combined/install/px4_msgs/include/px4_msgs/px4_msgs/msg/detail/rtl_status__type_support.h\n'}
[0.955021] (px4_msgs) StdoutLine: {'line': b'-- Up-to-date: /home/mustardking/ws_sensor_combined/install/px4_msgs/include/px4_msgs/px4_msgs/msg/detail/pure_pursuit_status__functions.c\n'}
[0.955135] (px4_msgs) StdoutLine: {'line': b'-- Up-to-date: /home/mustardking/ws_sensor_combined/install/px4_msgs/include/px4_msgs/px4_msgs/msg/detail/actuator_armed__type_support.h\n'}
[0.955227] (px4_msgs) StdoutLine: {'line': b'-- Up-to-date: /home/mustardking/ws_sensor_combined/install/px4_msgs/include/px4_msgs/px4_msgs/msg/detail/parameter_update__struct.h\n'}
[0.955321] (px4_msgs) StdoutLine: {'line': b'-- Up-to-date: /home/mustardking/ws_sensor_combined/install/px4_msgs/include/px4_msgs/px4_msgs/msg/detail/geofence_status__struct.h\n'}
[0.955411] (px4_msgs) StdoutLine: {'line': b'-- Up-to-date: /home/mustardking/ws_sensor_combined/install/px4_msgs/include/px4_msgs/px4_msgs/msg/detail/vehicle_command_ack__functions.c\n'}
[0.955552] (px4_msgs) StdoutLine: {'line': b'-- Up-to-date: /home/mustardking/ws_sensor_combined/install/px4_msgs/include/px4_msgs/px4_msgs/msg/detail/sensor_baro__functions.c\n'}
[0.955611] (px4_msgs) StdoutLine: {'line': b'-- Up-to-date: /home/mustardking/ws_sensor_combined/install/px4_msgs/include/px4_msgs/px4_msgs/msg/detail/rc_channels__struct.h\n'}
[0.955708] (px4_msgs) StdoutLine: {'line': b'-- Up-to-date: /home/mustardking/ws_sensor_combined/install/px4_msgs/include/px4_msgs/px4_msgs/msg/detail/gps_inject_data__functions.h\n'}
[0.955813] (px4_msgs) StdoutLine: {'line': b'-- Up-to-date: /home/mustardking/ws_sensor_combined/install/px4_msgs/include/px4_msgs/px4_msgs/msg/detail/trajectory_setpoint__functions.h\n'}
[0.955931] (px4_msgs) StdoutLine: {'line': b'-- Up-to-date: /home/mustardking/ws_sensor_combined/install/px4_msgs/include/px4_msgs/px4_msgs/msg/detail/camera_capture__struct.h\n'}
[0.955966] (px4_msgs) StdoutLine: {'line': b'-- Up-to-date: /home/mustardking/ws_sensor_combined/install/px4_msgs/include/px4_msgs/px4_msgs/msg/detail/vehicle_status__type_support.h\n'}
[0.956083] (px4_msgs) StdoutLine: {'line': b'-- Up-to-date: /home/mustardking/ws_sensor_combined/install/px4_msgs/include/px4_msgs/px4_msgs/msg/detail/sensor_gyro__type_support.h\n'}
[0.956180] (px4_msgs) StdoutLine: {'line': b'-- Up-to-date: /home/mustardking/ws_sensor_combined/install/px4_msgs/include/px4_msgs/px4_msgs/msg/detail/cellular_status__functions.h\n'}
[0.956243] (px4_msgs) StdoutLine: {'line': b'-- Up-to-date: /home/mustardking/ws_sensor_combined/install/px4_msgs/include/px4_msgs/px4_msgs/msg/detail/rpm__functions.h\n'}
[0.956294] (px4_msgs) StdoutLine: {'line': b'-- Up-to-date: /home/mustardking/ws_sensor_combined/install/px4_msgs/include/px4_msgs/px4_msgs/msg/detail/actuator_armed__struct.h\n'}
[0.956355] (px4_msgs) StdoutLine: {'line': b'-- Up-to-date: /home/mustardking/ws_sensor_combined/install/px4_msgs/include/px4_msgs/px4_msgs/msg/detail/fixed_wing_lateral_guidance_status__struct.h\n'}
[0.956492] (px4_msgs) StdoutLine: {'line': b'-- Up-to-date: /home/mustardking/ws_sensor_combined/install/px4_msgs/include/px4_msgs/px4_msgs/msg/detail/actuator_armed__functions.h\n'}
[0.956622] (px4_msgs) StdoutLine: {'line': b'-- Up-to-date: /home/mustardking/ws_sensor_combined/install/px4_msgs/include/px4_msgs/px4_msgs/msg/detail/ulog_stream__functions.h\n'}
[0.956715] (px4_msgs) StdoutLine: {'line': b'-- Up-to-date: /home/mustardking/ws_sensor_combined/install/px4_msgs/include/px4_msgs/px4_msgs/msg/detail/rover_speed_setpoint__functions.c\n'}
[0.956789] (px4_msgs) StdoutLine: {'line': b'-- Up-to-date: /home/mustardking/ws_sensor_combined/install/px4_msgs/include/px4_msgs/px4_msgs/msg/detail/actuator_controls_status__type_support.h\n'}
[0.956912] (px4_msgs) StdoutLine: {'line': b'-- Up-to-date: /home/mustardking/ws_sensor_combined/install/px4_msgs/include/px4_msgs/px4_msgs/msg/detail/actuator_outputs__functions.c\n'}
[0.957065] (px4_msgs) StdoutLine: {'line': b'-- Up-to-date: /home/mustardking/ws_sensor_combined/install/px4_msgs/include/px4_msgs/px4_msgs/msg/detail/message_format_response__functions.h\n'}
[0.957177] (px4_msgs) StdoutLine: {'line': b'-- Up-to-date: /home/mustardking/ws_sensor_combined/install/px4_msgs/include/px4_msgs/px4_msgs/msg/detail/power_button_state__functions.h\n'}
[0.957237] (px4_msgs) StdoutLine: {'line': b'-- Up-to-date: /home/mustardking/ws_sensor_combined/install/px4_msgs/include/px4_msgs/px4_msgs/msg/detail/airspeed_validated__struct.h\n'}
[0.957336] (px4_msgs) StdoutLine: {'line': b'-- Up-to-date: /home/mustardking/ws_sensor_combined/install/px4_msgs/include/px4_msgs/px4_msgs/msg/detail/sensor_combined__struct.h\n'}
[0.957448] (px4_msgs) StdoutLine: {'line': b'-- Up-to-date: /home/mustardking/ws_sensor_combined/install/px4_msgs/include/px4_msgs/px4_msgs/msg/detail/sensor_gnss_relative__functions.c\n'}
[0.957534] (px4_msgs) StdoutLine: {'line': b'-- Up-to-date: /home/mustardking/ws_sensor_combined/install/px4_msgs/include/px4_msgs/px4_msgs/msg/detail/sensor_combined__type_support.h\n'}
[0.957664] (px4_msgs) StdoutLine: {'line': b'-- Up-to-date: /home/mustardking/ws_sensor_combined/install/px4_msgs/include/px4_msgs/px4_msgs/msg/detail/onboard_computer_status__functions.h\n'}
[0.957727] (px4_msgs) StdoutLine: {'line': b'-- Up-to-date: /home/mustardking/ws_sensor_combined/install/px4_msgs/include/px4_msgs/px4_msgs/msg/detail/neural_control__type_support.h\n'}
[0.957799] (px4_msgs) StdoutLine: {'line': b'-- Up-to-date: /home/mustardking/ws_sensor_combined/install/px4_msgs/include/px4_msgs/px4_msgs/msg/detail/qshell_req__functions.h\n'}
[0.957870] (px4_msgs) StdoutLine: {'line': b'-- Up-to-date: /home/mustardking/ws_sensor_combined/install/px4_msgs/include/px4_msgs/px4_msgs/msg/detail/qshell_retval__functions.c\n'}
[0.957918] (px4_msgs) StdoutLine: {'line': b'-- Up-to-date: /home/mustardking/ws_sensor_combined/install/px4_msgs/include/px4_msgs/px4_msgs/msg/detail/magnetometer_bias_estimate__functions.c\n'}
[0.957999] (px4_msgs) StdoutLine: {'line': b'-- Up-to-date: /home/mustardking/ws_sensor_combined/install/px4_msgs/include/px4_msgs/px4_msgs/msg/detail/actuator_motors__struct.h\n'}
[0.958050] (px4_msgs) StdoutLine: {'line': b'-- Up-to-date: /home/mustardking/ws_sensor_combined/install/px4_msgs/include/px4_msgs/px4_msgs/msg/detail/figure_eight_status__type_support.h\n'}
[0.958139] (px4_msgs) StdoutLine: {'line': b'-- Up-to-date: /home/mustardking/ws_sensor_combined/install/px4_msgs/include/px4_msgs/px4_msgs/msg/detail/register_ext_component_request__type_support.h\n'}
[0.958233] (px4_msgs) StdoutLine: {'line': b'-- Up-to-date: /home/mustardking/ws_sensor_combined/install/px4_msgs/include/px4_msgs/px4_msgs/msg/detail/gimbal_device_information__functions.h\n'}
[0.958306] (px4_msgs) StdoutLine: {'line': b'-- Up-to-date: /home/mustardking/ws_sensor_combined/install/px4_msgs/include/px4_msgs/px4_msgs/msg/detail/internal_combustion_engine_status__struct.h\n'}
[0.958401] (px4_msgs) StdoutLine: {'line': b'-- Up-to-date: /home/mustardking/ws_sensor_combined/install/px4_msgs/include/px4_msgs/px4_msgs/msg/detail/transponder_report__type_support.h\n'}
[0.958528] (px4_msgs) StdoutLine: {'line': b'-- Up-to-date: /home/mustardking/ws_sensor_combined/install/px4_msgs/include/px4_msgs/px4_msgs/msg/detail/vehicle_constraints__struct.h\n'}
[0.958585] (px4_msgs) StdoutLine: {'line': b'-- Up-to-date: /home/mustardking/ws_sensor_combined/install/px4_msgs/include/px4_msgs/px4_msgs/msg/detail/event__functions.h\n'}
[0.958706] (px4_msgs) StdoutLine: {'line': b'-- Up-to-date: /home/mustardking/ws_sensor_combined/install/px4_msgs/include/px4_msgs/px4_msgs/msg/vehicle_roi.h\n'}
[0.958784] (px4_msgs) StdoutLine: {'line': b'-- Up-to-date: /home/mustardking/ws_sensor_combined/install/px4_msgs/share/px4_msgs/environment/library_path.sh\n'}
[0.958851] (px4_msgs) StdoutLine: {'line': b'-- Up-to-date: /home/mustardking/ws_sensor_combined/install/px4_msgs/share/px4_msgs/environment/library_path.dsv\n'}
[0.958904] (px4_msgs) StdoutLine: {'line': b'-- Up-to-date: /home/mustardking/ws_sensor_combined/install/px4_msgs/lib/libpx4_msgs__rosidl_generator_c.so\n'}
[0.959002] (px4_msgs) StdoutLine: {'line': b'-- Up-to-date: /home/mustardking/ws_sensor_combined/install/px4_msgs/include/px4_msgs/px4_msgs\n'}
[0.959138] (px4_msgs) StdoutLine: {'line': b'-- Up-to-date: /home/mustardking/ws_sensor_combined/install/px4_msgs/include/px4_msgs/px4_msgs/srv\n'}
[0.959187] (px4_msgs) StdoutLine: {'line': b'-- Up-to-date: /home/mustardking/ws_sensor_combined/install/px4_msgs/include/px4_msgs/px4_msgs/srv/detail\n'}
[0.959310] (px4_msgs) StdoutLine: {'line': b'-- Up-to-date: /home/mustardking/ws_sensor_combined/install/px4_msgs/include/px4_msgs/px4_msgs/srv/detail/vehicle_command__rosidl_typesupport_fastrtps_c.h\n'}
[0.959373] (px4_msgs) StdoutLine: {'line': b'-- Up-to-date: /home/mustardking/ws_sensor_combined/install/px4_msgs/include/px4_msgs/px4_msgs/msg\n'}
[0.959449] (px4_msgs) StdoutLine: {'line': b'-- Up-to-date: /home/mustardking/ws_sensor_combined/install/px4_msgs/include/px4_msgs/px4_msgs/msg/rosidl_typesupport_fastrtps_c__visibility_control.h\n'}
[0.959539] (px4_msgs) StdoutLine: {'line': b'-- Up-to-date: /home/mustardking/ws_sensor_combined/install/px4_msgs/include/px4_msgs/px4_msgs/msg/detail\n'}
[0.959666] (px4_msgs) StdoutLine: {'line': b'-- Up-to-date: /home/mustardking/ws_sensor_combined/install/px4_msgs/include/px4_msgs/px4_msgs/msg/detail/heater_status__rosidl_typesupport_fastrtps_c.h\n'}
[0.959743] (px4_msgs) StdoutLine: {'line': b'-- Up-to-date: /home/mustardking/ws_sensor_combined/install/px4_msgs/include/px4_msgs/px4_msgs/msg/detail/vehicle_optical_flow_vel__rosidl_typesupport_fastrtps_c.h\n'}
[0.959828] (px4_msgs) StdoutLine: {'line': b'-- Up-to-date: /home/mustardking/ws_sensor_combined/install/px4_msgs/include/px4_msgs/px4_msgs/msg/detail/actuator_servos__rosidl_typesupport_fastrtps_c.h\n'}
[0.959890] (px4_msgs) StdoutLine: {'line': b'-- Up-to-date: /home/mustardking/ws_sensor_combined/install/px4_msgs/include/px4_msgs/px4_msgs/msg/detail/sensor_uwb__rosidl_typesupport_fastrtps_c.h\n'}
[0.959946] (px4_msgs) StdoutLine: {'line': b'-- Up-to-date: /home/mustardking/ws_sensor_combined/install/px4_msgs/include/px4_msgs/px4_msgs/msg/detail/camera_capture__rosidl_typesupport_fastrtps_c.h\n'}
[0.960023] (px4_msgs) StdoutLine: {'line': b'-- Up-to-date: /home/mustardking/ws_sensor_combined/install/px4_msgs/include/px4_msgs/px4_msgs/msg/detail/gimbal_controls__rosidl_typesupport_fastrtps_c.h\n'}
[0.960086] (px4_msgs) StdoutLine: {'line': b'-- Up-to-date: /home/mustardking/ws_sensor_combined/install/px4_msgs/include/px4_msgs/px4_msgs/msg/detail/can_interface_status__rosidl_typesupport_fastrtps_c.h\n'}
[0.960248] (px4_msgs) StdoutLine: {'line': b'-- Up-to-date: /home/mustardking/ws_sensor_combined/install/px4_msgs/include/px4_msgs/px4_msgs/msg/detail/distance_sensor__rosidl_typesupport_fastrtps_c.h\n'}
[0.960340] (px4_msgs) StdoutLine: {'line': b'-- Up-to-date: /home/mustardking/ws_sensor_combined/install/px4_msgs/include/px4_msgs/px4_msgs/msg/detail/open_drone_id_self_id__rosidl_typesupport_fastrtps_c.h\n'}
[0.960431] (px4_msgs) StdoutLine: {'line': b'-- Up-to-date: /home/mustardking/ws_sensor_combined/install/px4_msgs/include/px4_msgs/px4_msgs/msg/detail/actuator_outputs__rosidl_typesupport_fastrtps_c.h\n'}
[0.960465] (px4_msgs) StdoutLine: {'line': b'-- Up-to-date: /home/mustardking/ws_sensor_combined/install/px4_msgs/include/px4_msgs/px4_msgs/msg/detail/gimbal_manager_information__rosidl_typesupport_fastrtps_c.h\n'}
[0.960528] (px4_msgs) StdoutLine: {'line': b'-- Up-to-date: /home/mustardking/ws_sensor_combined/install/px4_msgs/include/px4_msgs/px4_msgs/msg/detail/camera_trigger__rosidl_typesupport_fastrtps_c.h\n'}
[0.960633] (px4_msgs) StdoutLine: {'line': b'-- Up-to-date: /home/mustardking/ws_sensor_combined/install/px4_msgs/include/px4_msgs/px4_msgs/msg/detail/gpio_in__rosidl_typesupport_fastrtps_c.h\n'}
[0.960732] (px4_msgs) StdoutLine: {'line': b'-- Up-to-date: /home/mustardking/ws_sensor_combined/install/px4_msgs/include/px4_msgs/px4_msgs/msg/detail/rtl_time_estimate__rosidl_typesupport_fastrtps_c.h\n'}
[0.960826] (px4_msgs) StdoutLine: {'line': b'-- Up-to-date: /home/mustardking/ws_sensor_combined/install/px4_msgs/include/px4_msgs/px4_msgs/msg/detail/yaw_estimator_status__rosidl_typesupport_fastrtps_c.h\n'}
[0.960890] (px4_msgs) StdoutLine: {'line': b'-- Up-to-date: /home/mustardking/ws_sensor_combined/install/px4_msgs/include/px4_msgs/px4_msgs/msg/detail/debug_array__rosidl_typesupport_fastrtps_c.h\n'}
[0.960915] (px4_msgs) StdoutLine: {'line': b'-- Up-to-date: /home/mustardking/ws_sensor_combined/install/px4_msgs/include/px4_msgs/px4_msgs/msg/detail/vehicle_constraints__rosidl_typesupport_fastrtps_c.h\n'}
[0.960937] (px4_msgs) StdoutLine: {'line': b'-- Up-to-date: /home/mustardking/ws_sensor_combined/install/px4_msgs/include/px4_msgs/px4_msgs/msg/detail/parameter_set_value_request__rosidl_typesupport_fastrtps_c.h\n'}
[0.960962] (px4_msgs) StdoutLine: {'line': b'-- Up-to-date: /home/mustardking/ws_sensor_combined/install/px4_msgs/include/px4_msgs/px4_msgs/msg/detail/parameter_set_used_request__rosidl_typesupport_fastrtps_c.h\n'}
[0.960993] (px4_msgs) StdoutLine: {'line': b'-- Up-to-date: /home/mustardking/ws_sensor_combined/install/px4_msgs/include/px4_msgs/px4_msgs/msg/detail/sensor_selection__rosidl_typesupport_fastrtps_c.h\n'}
[0.961025] (px4_msgs) StdoutLine: {'line': b'-- Up-to-date: /home/mustardking/ws_sensor_combined/install/px4_msgs/include/px4_msgs/px4_msgs/msg/detail/wheel_encoders__rosidl_typesupport_fastrtps_c.h\n'}
[0.961067] (px4_msgs) StdoutLine: {'line': b'-- Up-to-date: /home/mustardking/ws_sensor_combined/install/px4_msgs/include/px4_msgs/px4_msgs/msg/detail/vtol_vehicle_status__rosidl_typesupport_fastrtps_c.h\n'}
[0.961110] (px4_msgs) StdoutLine: {'line': b'-- Up-to-date: /home/mustardking/ws_sensor_combined/install/px4_msgs/include/px4_msgs/px4_msgs/msg/detail/actuator_controls_status__rosidl_typesupport_fastrtps_c.h\n'}
[0.961147] (px4_msgs) StdoutLine: {'line': b'-- Up-to-date: /home/mustardking/ws_sensor_combined/install/px4_msgs/include/px4_msgs/px4_msgs/msg/detail/sensor_accel__rosidl_typesupport_fastrtps_c.h\n'}
[0.961190] (px4_msgs) StdoutLine: {'line': b'-- Up-to-date: /home/mustardking/ws_sensor_combined/install/px4_msgs/include/px4_msgs/px4_msgs/msg/detail/estimator_sensor_bias__rosidl_typesupport_fastrtps_c.h\n'}
[0.961228] (px4_msgs) StdoutLine: {'line': b'-- Up-to-date: /home/mustardking/ws_sensor_combined/install/px4_msgs/include/px4_msgs/px4_msgs/msg/detail/vehicle_global_position__rosidl_typesupport_fastrtps_c.h\n'}
[0.961264] (px4_msgs) StdoutLine: {'line': b'-- Up-to-date: /home/mustardking/ws_sensor_combined/install/px4_msgs/include/px4_msgs/px4_msgs/msg/detail/autotune_attitude_control_status__rosidl_typesupport_fastrtps_c.h\n'}
[0.961295] (px4_msgs) StdoutLine: {'line': b'-- Up-to-date: /home/mustardking/ws_sensor_combined/install/px4_msgs/include/px4_msgs/px4_msgs/msg/detail/irlock_report__rosidl_typesupport_fastrtps_c.h\n'}
[0.961327] (px4_msgs) StdoutLine: {'line': b'-- Up-to-date: /home/mustardking/ws_sensor_combined/install/px4_msgs/include/px4_msgs/px4_msgs/msg/detail/rover_steering_setpoint__rosidl_typesupport_fastrtps_c.h\n'}
[0.961350] (px4_msgs) StdoutLine: {'line': b'-- Up-to-date: /home/mustardking/ws_sensor_combined/install/px4_msgs/include/px4_msgs/px4_msgs/msg/detail/vehicle_land_detected__rosidl_typesupport_fastrtps_c.h\n'}
[0.961390] (px4_msgs) StdoutLine: {'line': b'-- Up-to-date: /home/mustardking/ws_sensor_combined/install/px4_msgs/include/px4_msgs/px4_msgs/msg/detail/sensors_status_imu__rosidl_typesupport_fastrtps_c.h\n'}
[0.961415] (px4_msgs) StdoutLine: {'line': b'-- Up-to-date: /home/mustardking/ws_sensor_combined/install/px4_msgs/include/px4_msgs/px4_msgs/msg/detail/airspeed_validated__rosidl_typesupport_fastrtps_c.h\n'}
[0.961437] (px4_msgs) StdoutLine: {'line': b'-- Up-to-date: /home/mustardking/ws_sensor_combined/install/px4_msgs/include/px4_msgs/px4_msgs/msg/detail/vehicle_angular_velocity__rosidl_typesupport_fastrtps_c.h\n'}
[0.961458] (px4_msgs) StdoutLine: {'line': b'-- Up-to-date: /home/mustardking/ws_sensor_combined/install/px4_msgs/include/px4_msgs/px4_msgs/msg/detail/obstacle_distance__rosidl_typesupport_fastrtps_c.h\n'}
[0.961492] (px4_msgs) StdoutLine: {'line': b'-- Up-to-date: /home/mustardking/ws_sensor_combined/install/px4_msgs/include/px4_msgs/px4_msgs/msg/detail/failure_detector_status__rosidl_typesupport_fastrtps_c.h\n'}
[0.961515] (px4_msgs) StdoutLine: {'line': b'-- Up-to-date: /home/mustardking/ws_sensor_combined/install/px4_msgs/include/px4_msgs/px4_msgs/msg/detail/gimbal_device_attitude_status__rosidl_typesupport_fastrtps_c.h\n'}
[0.961538] (px4_msgs) StdoutLine: {'line': b'-- Up-to-date: /home/mustardking/ws_sensor_combined/install/px4_msgs/include/px4_msgs/px4_msgs/msg/detail/sensor_preflight_mag__rosidl_typesupport_fastrtps_c.h\n'}
[0.961560] (px4_msgs) StdoutLine: {'line': b'-- Up-to-date: /home/mustardking/ws_sensor_combined/install/px4_msgs/include/px4_msgs/px4_msgs/msg/detail/vehicle_torque_setpoint__rosidl_typesupport_fastrtps_c.h\n'}
[0.961586] (px4_msgs) StdoutLine: {'line': b'-- Up-to-date: /home/mustardking/ws_sensor_combined/install/px4_msgs/include/px4_msgs/px4_msgs/msg/detail/config_overrides__rosidl_typesupport_fastrtps_c.h\n'}
[0.961619] (px4_msgs) StdoutLine: {'line': b'-- Up-to-date: /home/mustardking/ws_sensor_combined/install/px4_msgs/include/px4_msgs/px4_msgs/msg/detail/debug_key_value__rosidl_typesupport_fastrtps_c.h\n'}
[0.961642] (px4_msgs) StdoutLine: {'line': b'-- Up-to-date: /home/mustardking/ws_sensor_combined/install/px4_msgs/include/px4_msgs/px4_msgs/msg/detail/pwm_input__rosidl_typesupport_fastrtps_c.h\n'}
[0.961675] (px4_msgs) StdoutLine: {'line': b'-- Up-to-date: /home/mustardking/ws_sensor_combined/install/px4_msgs/include/px4_msgs/px4_msgs/msg/detail/navigator_status__rosidl_typesupport_fastrtps_c.h\n'}
[0.961699] (px4_msgs) StdoutLine: {'line': b'-- Up-to-date: /home/mustardking/ws_sensor_combined/install/px4_msgs/include/px4_msgs/px4_msgs/msg/detail/dataman_request__rosidl_typesupport_fastrtps_c.h\n'}
[0.961727] (px4_msgs) StdoutLine: {'line': b'-- Up-to-date: /home/mustardking/ws_sensor_combined/install/px4_msgs/include/px4_msgs/px4_msgs/msg/detail/vehicle_acceleration__rosidl_typesupport_fastrtps_c.h\n'}
[0.961757] (px4_msgs) StdoutLine: {'line': b'-- Up-to-date: /home/mustardking/ws_sensor_combined/install/px4_msgs/include/px4_msgs/px4_msgs/msg/detail/orbit_status__rosidl_typesupport_fastrtps_c.h\n'}
[0.961798] (px4_msgs) StdoutLine: {'line': b'-- Up-to-date: /home/mustardking/ws_sensor_combined/install/px4_msgs/include/px4_msgs/px4_msgs/msg/detail/vehicle_optical_flow__rosidl_typesupport_fastrtps_c.h\n'}
[0.961826] (px4_msgs) StdoutLine: {'line': b'-- Up-to-date: /home/mustardking/ws_sensor_combined/install/px4_msgs/include/px4_msgs/px4_msgs/msg/detail/airspeed_wind__rosidl_typesupport_fastrtps_c.h\n'}
[0.961847] (px4_msgs) StdoutLine: {'line': b'-- Up-to-date: /home/mustardking/ws_sensor_combined/install/px4_msgs/include/px4_msgs/px4_msgs/msg/detail/rover_position_setpoint__rosidl_typesupport_fastrtps_c.h\n'}
[0.961869] (px4_msgs) StdoutLine: {'line': b'-- Up-to-date: /home/mustardking/ws_sensor_combined/install/px4_msgs/include/px4_msgs/px4_msgs/msg/detail/rtl_status__rosidl_typesupport_fastrtps_c.h\n'}
[0.961899] (px4_msgs) StdoutLine: {'line': b'-- Up-to-date: /home/mustardking/ws_sensor_combined/install/px4_msgs/include/px4_msgs/px4_msgs/msg/detail/actuator_test__rosidl_typesupport_fastrtps_c.h\n'}
[0.961930] (px4_msgs) StdoutLine: {'line': b'-- Up-to-date: /home/mustardking/ws_sensor_combined/install/px4_msgs/include/px4_msgs/px4_msgs/msg/detail/vehicle_thrust_setpoint__rosidl_typesupport_fastrtps_c.h\n'}
[0.961953] (px4_msgs) StdoutLine: {'line': b'-- Up-to-date: /home/mustardking/ws_sensor_combined/install/px4_msgs/include/px4_msgs/px4_msgs/msg/detail/sensor_gnss_relative__rosidl_typesupport_fastrtps_c.h\n'}
[0.961983] (px4_msgs) StdoutLine: {'line': b'-- Up-to-date: /home/mustardking/ws_sensor_combined/install/px4_msgs/include/px4_msgs/px4_msgs/msg/detail/uavcan_parameter_value__rosidl_typesupport_fastrtps_c.h\n'}
[0.962009] (px4_msgs) StdoutLine: {'line': b'-- Up-to-date: /home/mustardking/ws_sensor_combined/install/px4_msgs/include/px4_msgs/px4_msgs/msg/detail/estimator_states__rosidl_typesupport_fastrtps_c.h\n'}
[0.962031] (px4_msgs) StdoutLine: {'line': b'-- Up-to-date: /home/mustardking/ws_sensor_combined/install/px4_msgs/include/px4_msgs/px4_msgs/msg/detail/estimator_bias__rosidl_typesupport_fastrtps_c.h\n'}
[0.962052] (px4_msgs) StdoutLine: {'line': b'-- Up-to-date: /home/mustardking/ws_sensor_combined/install/px4_msgs/include/px4_msgs/px4_msgs/msg/detail/lateral_control_configuration__rosidl_typesupport_fastrtps_c.h\n'}
[0.962080] (px4_msgs) StdoutLine: {'line': b'-- Up-to-date: /home/mustardking/ws_sensor_combined/install/px4_msgs/include/px4_msgs/px4_msgs/msg/detail/navigator_mission_item__rosidl_typesupport_fastrtps_c.h\n'}
[0.962105] (px4_msgs) StdoutLine: {'line': b'-- Up-to-date: /home/mustardking/ws_sensor_combined/install/px4_msgs/include/px4_msgs/px4_msgs/msg/detail/rover_speed_status__rosidl_typesupport_fastrtps_c.h\n'}
[0.962126] (px4_msgs) StdoutLine: {'line': b'-- Up-to-date: /home/mustardking/ws_sensor_combined/install/px4_msgs/include/px4_msgs/px4_msgs/msg/detail/internal_combustion_engine_status__rosidl_typesupport_fastrtps_c.h\n'}
[0.962157] (px4_msgs) StdoutLine: {'line': b'-- Up-to-date: /home/mustardking/ws_sensor_combined/install/px4_msgs/include/px4_msgs/px4_msgs/msg/detail/vehicle_roi__rosidl_typesupport_fastrtps_c.h\n'}
[0.962179] (px4_msgs) StdoutLine: {'line': b'-- Up-to-date: /home/mustardking/ws_sensor_combined/install/px4_msgs/include/px4_msgs/px4_msgs/msg/detail/parameter_set_value_response__rosidl_typesupport_fastrtps_c.h\n'}
[0.962201] (px4_msgs) StdoutLine: {'line': b'-- Up-to-date: /home/mustardking/ws_sensor_combined/install/px4_msgs/include/px4_msgs/px4_msgs/msg/detail/logger_status__rosidl_typesupport_fastrtps_c.h\n'}
[0.962223] (px4_msgs) StdoutLine: {'line': b'-- Up-to-date: /home/mustardking/ws_sensor_combined/install/px4_msgs/include/px4_msgs/px4_msgs/msg/detail/actuator_servos_trim__rosidl_typesupport_fastrtps_c.h\n'}
[0.962244] (px4_msgs) StdoutLine: {'line': b'-- Up-to-date: /home/mustardking/ws_sensor_combined/install/px4_msgs/include/px4_msgs/px4_msgs/msg/detail/esc_status__rosidl_typesupport_fastrtps_c.h\n'}
[0.962265] (px4_msgs) StdoutLine: {'line': b'-- Up-to-date: /home/mustardking/ws_sensor_combined/install/px4_msgs/include/px4_msgs/px4_msgs/msg/detail/offboard_control_mode__rosidl_typesupport_fastrtps_c.h\n'}
[0.962287] (px4_msgs) StdoutLine: {'line': b'-- Up-to-date: /home/mustardking/ws_sensor_combined/install/px4_msgs/include/px4_msgs/px4_msgs/msg/detail/launch_detection_status__rosidl_typesupport_fastrtps_c.h\n'}
[0.962308] (px4_msgs) StdoutLine: {'line': b'-- Up-to-date: /home/mustardking/ws_sensor_combined/install/px4_msgs/include/px4_msgs/px4_msgs/msg/detail/message_format_response__rosidl_typesupport_fastrtps_c.h\n'}
[0.962336] (px4_msgs) StdoutLine: {'line': b'-- Up-to-date: /home/mustardking/ws_sensor_combined/install/px4_msgs/include/px4_msgs/px4_msgs/msg/detail/button_event__rosidl_typesupport_fastrtps_c.h\n'}
[0.962358] (px4_msgs) StdoutLine: {'line': b'-- Up-to-date: /home/mustardking/ws_sensor_combined/install/px4_msgs/include/px4_msgs/px4_msgs/msg/detail/mavlink_tunnel__rosidl_typesupport_fastrtps_c.h\n'}
[0.962381] (px4_msgs) StdoutLine: {'line': b'-- Up-to-date: /home/mustardking/ws_sensor_combined/install/px4_msgs/include/px4_msgs/px4_msgs/msg/detail/sensor_combined__rosidl_typesupport_fastrtps_c.h\n'}
[0.962402] (px4_msgs) StdoutLine: {'line': b'-- Up-to-date: /home/mustardking/ws_sensor_combined/install/px4_msgs/include/px4_msgs/px4_msgs/msg/detail/register_ext_component_reply__rosidl_typesupport_fastrtps_c.h\n'}
[0.962424] (px4_msgs) StdoutLine: {'line': b'-- Up-to-date: /home/mustardking/ws_sensor_combined/install/px4_msgs/include/px4_msgs/px4_msgs/msg/detail/unregister_ext_component__rosidl_typesupport_fastrtps_c.h\n'}
[0.962446] (px4_msgs) StdoutLine: {'line': b'-- Up-to-date: /home/mustardking/ws_sensor_combined/install/px4_msgs/include/px4_msgs/px4_msgs/msg/detail/system_power__rosidl_typesupport_fastrtps_c.h\n'}
[0.962469] (px4_msgs) StdoutLine: {'line': b'-- Up-to-date: /home/mustardking/ws_sensor_combined/install/px4_msgs/include/px4_msgs/px4_msgs/msg/detail/landing_gear_wheel__rosidl_typesupport_fastrtps_c.h\n'}
[0.962490] (px4_msgs) StdoutLine: {'line': b'-- Up-to-date: /home/mustardking/ws_sensor_combined/install/px4_msgs/include/px4_msgs/px4_msgs/msg/detail/pps_capture__rosidl_typesupport_fastrtps_c.h\n'}
[0.962511] (px4_msgs) StdoutLine: {'line': b'-- Up-to-date: /home/mustardking/ws_sensor_combined/install/px4_msgs/include/px4_msgs/px4_msgs/msg/detail/airspeed__rosidl_typesupport_fastrtps_c.h\n'}
[0.962533] (px4_msgs) StdoutLine: {'line': b'-- Up-to-date: /home/mustardking/ws_sensor_combined/install/px4_msgs/include/px4_msgs/px4_msgs/msg/detail/radio_status__rosidl_typesupport_fastrtps_c.h\n'}
[0.962555] (px4_msgs) StdoutLine: {'line': b'-- Up-to-date: /home/mustardking/ws_sensor_combined/install/px4_msgs/include/px4_msgs/px4_msgs/msg/detail/power_monitor__rosidl_typesupport_fastrtps_c.h\n'}
[0.962576] (px4_msgs) StdoutLine: {'line': b'-- Up-to-date: /home/mustardking/ws_sensor_combined/install/px4_msgs/include/px4_msgs/px4_msgs/msg/detail/battery_info__rosidl_typesupport_fastrtps_c.h\n'}
[0.962598] (px4_msgs) StdoutLine: {'line': b'-- Up-to-date: /home/mustardking/ws_sensor_combined/install/px4_msgs/include/px4_msgs/px4_msgs/msg/detail/sensor_hygrometer__rosidl_typesupport_fastrtps_c.h\n'}
[0.962619] (px4_msgs) StdoutLine: {'line': b'-- Up-to-date: /home/mustardking/ws_sensor_combined/install/px4_msgs/include/px4_msgs/px4_msgs/msg/detail/orb_test__rosidl_typesupport_fastrtps_c.h\n'}
[0.962641] (px4_msgs) StdoutLine: {'line': b'-- Up-to-date: /home/mustardking/ws_sensor_combined/install/px4_msgs/include/px4_msgs/px4_msgs/msg/detail/transponder_report__rosidl_typesupport_fastrtps_c.h\n'}
[0.962662] (px4_msgs) StdoutLine: {'line': b'-- Up-to-date: /home/mustardking/ws_sensor_combined/install/px4_msgs/include/px4_msgs/px4_msgs/msg/detail/position_setpoint__rosidl_typesupport_fastrtps_c.h\n'}
[0.962684] (px4_msgs) StdoutLine: {'line': b'-- Up-to-date: /home/mustardking/ws_sensor_combined/install/px4_msgs/include/px4_msgs/px4_msgs/msg/detail/vehicle_command__rosidl_typesupport_fastrtps_c.h\n'}
[0.962714] (px4_msgs) StdoutLine: {'line': b'-- Up-to-date: /home/mustardking/ws_sensor_combined/install/px4_msgs/include/px4_msgs/px4_msgs/msg/detail/action_request__rosidl_typesupport_fastrtps_c.h\n'}
[0.962737] (px4_msgs) StdoutLine: {'line': b'-- Up-to-date: /home/mustardking/ws_sensor_combined/install/px4_msgs/include/px4_msgs/px4_msgs/msg/detail/position_controller_status__rosidl_typesupport_fastrtps_c.h\n'}
[0.962758] (px4_msgs) StdoutLine: {'line': b'-- Up-to-date: /home/mustardking/ws_sensor_combined/install/px4_msgs/include/px4_msgs/px4_msgs/msg/detail/sensor_airflow__rosidl_typesupport_fastrtps_c.h\n'}
[0.962780] (px4_msgs) StdoutLine: {'line': b'-- Up-to-date: /home/mustardking/ws_sensor_combined/install/px4_msgs/include/px4_msgs/px4_msgs/msg/detail/vehicle_air_data__rosidl_typesupport_fastrtps_c.h\n'}
[0.962801] (px4_msgs) StdoutLine: {'line': b'-- Up-to-date: /home/mustardking/ws_sensor_combined/install/px4_msgs/include/px4_msgs/px4_msgs/msg/detail/gimbal_manager_set_manual_control__rosidl_typesupport_fastrtps_c.h\n'}
[0.962823] (px4_msgs) StdoutLine: {'line': b'-- Up-to-date: /home/mustardking/ws_sensor_combined/install/px4_msgs/include/px4_msgs/px4_msgs/msg/detail/input_rc__rosidl_typesupport_fastrtps_c.h\n'}
[0.962845] (px4_msgs) StdoutLine: {'line': b'-- Up-to-date: /home/mustardking/ws_sensor_combined/install/px4_msgs/include/px4_msgs/px4_msgs/msg/detail/flight_phase_estimation__rosidl_typesupport_fastrtps_c.h\n'}
[0.962866] (px4_msgs) StdoutLine: {'line': b'-- Up-to-date: /home/mustardking/ws_sensor_combined/install/px4_msgs/include/px4_msgs/px4_msgs/msg/detail/log_message__rosidl_typesupport_fastrtps_c.h\n'}
[0.962890] (px4_msgs) StdoutLine: {'line': b'-- Up-to-date: /home/mustardking/ws_sensor_combined/install/px4_msgs/include/px4_msgs/px4_msgs/msg/detail/vehicle_command_ack__rosidl_typesupport_fastrtps_c.h\n'}
[0.962916] (px4_msgs) StdoutLine: {'line': b'-- Up-to-date: /home/mustardking/ws_sensor_combined/install/px4_msgs/include/px4_msgs/px4_msgs/msg/detail/telemetry_status__rosidl_typesupport_fastrtps_c.h\n'}
[0.962937] (px4_msgs) StdoutLine: {'line': b'-- Up-to-date: /home/mustardking/ws_sensor_combined/install/px4_msgs/include/px4_msgs/px4_msgs/msg/detail/arming_check_reply__rosidl_typesupport_fastrtps_c.h\n'}
[0.962959] (px4_msgs) StdoutLine: {'line': b'-- Up-to-date: /home/mustardking/ws_sensor_combined/install/px4_msgs/include/px4_msgs/px4_msgs/msg/detail/vehicle_imu_status__rosidl_typesupport_fastrtps_c.h\n'}
[0.962981] (px4_msgs) StdoutLine: {'line': b'-- Up-to-date: /home/mustardking/ws_sensor_combined/install/px4_msgs/include/px4_msgs/px4_msgs/msg/detail/geofence_result__rosidl_typesupport_fastrtps_c.h\n'}
[0.963002] (px4_msgs) StdoutLine: {'line': b'-- Up-to-date: /home/mustardking/ws_sensor_combined/install/px4_msgs/include/px4_msgs/px4_msgs/msg/detail/sensor_baro__rosidl_typesupport_fastrtps_c.h\n'}
[0.963024] (px4_msgs) StdoutLine: {'line': b'-- Up-to-date: /home/mustardking/ws_sensor_combined/install/px4_msgs/include/px4_msgs/px4_msgs/msg/detail/vehicle_attitude_setpoint__rosidl_typesupport_fastrtps_c.h\n'}
[0.963045] (px4_msgs) StdoutLine: {'line': b'-- Up-to-date: /home/mustardking/ws_sensor_combined/install/px4_msgs/include/px4_msgs/px4_msgs/msg/detail/orb_test_large__rosidl_typesupport_fastrtps_c.h\n'}
[0.963067] (px4_msgs) StdoutLine: {'line': b'-- Up-to-date: /home/mustardking/ws_sensor_combined/install/px4_msgs/include/px4_msgs/px4_msgs/msg/detail/generator_status__rosidl_typesupport_fastrtps_c.h\n'}
[0.963103] (px4_msgs) StdoutLine: {'line': b'-- Up-to-date: /home/mustardking/ws_sensor_combined/install/px4_msgs/include/px4_msgs/px4_msgs/msg/detail/debug_value__rosidl_typesupport_fastrtps_c.h\n'}
[0.963125] (px4_msgs) StdoutLine: {'line': b'-- Up-to-date: /home/mustardking/ws_sensor_combined/install/px4_msgs/include/px4_msgs/px4_msgs/msg/detail/vehicle_local_position__rosidl_typesupport_fastrtps_c.h\n'}
[0.963146] (px4_msgs) StdoutLine: {'line': b'-- Up-to-date: /home/mustardking/ws_sensor_combined/install/px4_msgs/include/px4_msgs/px4_msgs/msg/detail/vehicle_local_position_setpoint__rosidl_typesupport_fastrtps_c.h\n'}
[0.963168] (px4_msgs) StdoutLine: {'line': b'-- Up-to-date: /home/mustardking/ws_sensor_combined/install/px4_msgs/include/px4_msgs/px4_msgs/msg/detail/sensor_gnss_status__rosidl_typesupport_fastrtps_c.h\n'}
[0.963189] (px4_msgs) StdoutLine: {'line': b'-- Up-to-date: /home/mustardking/ws_sensor_combined/install/px4_msgs/include/px4_msgs/px4_msgs/msg/detail/mag_worker_data__rosidl_typesupport_fastrtps_c.h\n'}
[0.963211] (px4_msgs) StdoutLine: {'line': b'-- Up-to-date: /home/mustardking/ws_sensor_combined/install/px4_msgs/include/px4_msgs/px4_msgs/msg/detail/mission_result__rosidl_typesupport_fastrtps_c.h\n'}
[0.963233] (px4_msgs) StdoutLine: {'line': b'-- Up-to-date: /home/mustardking/ws_sensor_combined/install/px4_msgs/include/px4_msgs/px4_msgs/msg/detail/fuel_tank_status__rosidl_typesupport_fastrtps_c.h\n'}
[0.963254] (px4_msgs) StdoutLine: {'line': b'-- Up-to-date: /home/mustardking/ws_sensor_combined/install/px4_msgs/include/px4_msgs/px4_msgs/msg/detail/distance_sensor_mode_change_request__rosidl_typesupport_fastrtps_c.h\n'}
[0.963276] (px4_msgs) StdoutLine: {'line': b'-- Up-to-date: /home/mustardking/ws_sensor_combined/install/px4_msgs/include/px4_msgs/px4_msgs/msg/detail/rover_throttle_setpoint__rosidl_typesupport_fastrtps_c.h\n'}
[0.963298] (px4_msgs) StdoutLine: {'line': b'-- Up-to-date: /home/mustardking/ws_sensor_combined/install/px4_msgs/include/px4_msgs/px4_msgs/msg/detail/vehicle_attitude__rosidl_typesupport_fastrtps_c.h\n'}
[0.963319] (px4_msgs) StdoutLine: {'line': b'-- Up-to-date: /home/mustardking/ws_sensor_combined/install/px4_msgs/include/px4_msgs/px4_msgs/msg/detail/actuator_armed__rosidl_typesupport_fastrtps_c.h\n'}
[0.963341] (px4_msgs) StdoutLine: {'line': b'-- Up-to-date: /home/mustardking/ws_sensor_combined/install/px4_msgs/include/px4_msgs/px4_msgs/msg/detail/manual_control_setpoint__rosidl_typesupport_fastrtps_c.h\n'}
[0.963365] (px4_msgs) StdoutLine: {'line': b'-- Up-to-date: /home/mustardking/ws_sensor_combined/install/px4_msgs/include/px4_msgs/px4_msgs/msg/detail/failsafe_flags__rosidl_typesupport_fastrtps_c.h\n'}
[0.963386] (px4_msgs) StdoutLine: {'line': b'-- Up-to-date: /home/mustardking/ws_sensor_combined/install/px4_msgs/include/px4_msgs/px4_msgs/msg/detail/follow_target_estimator__rosidl_typesupport_fastrtps_c.h\n'}
[0.963408] (px4_msgs) StdoutLine: {'line': b'-- Up-to-date: /home/mustardking/ws_sensor_combined/install/px4_msgs/include/px4_msgs/px4_msgs/msg/detail/estimator_aid_source1d__rosidl_typesupport_fastrtps_c.h\n'}
[0.963431] (px4_msgs) StdoutLine: {'line': b'-- Up-to-date: /home/mustardking/ws_sensor_combined/install/px4_msgs/include/px4_msgs/px4_msgs/msg/detail/velocity_limits__rosidl_typesupport_fastrtps_c.h\n'}
[0.963453] (px4_msgs) StdoutLine: {'line': b'-- Up-to-date: /home/mustardking/ws_sensor_combined/install/px4_msgs/include/px4_msgs/px4_msgs/msg/detail/vehicle_angular_acceleration_setpoint__rosidl_typesupport_fastrtps_c.h\n'}
[0.963475] (px4_msgs) StdoutLine: {'line': b'-- Up-to-date: /home/mustardking/ws_sensor_combined/install/px4_msgs/include/px4_msgs/px4_msgs/msg/detail/figure_eight_status__rosidl_typesupport_fastrtps_c.h\n'}
[0.963499] (px4_msgs) StdoutLine: {'line': b'-- Up-to-date: /home/mustardking/ws_sensor_combined/install/px4_msgs/include/px4_msgs/px4_msgs/msg/detail/gimbal_manager_set_attitude__rosidl_typesupport_fastrtps_c.h\n'}
[0.963521] (px4_msgs) StdoutLine: {'line': b'-- Up-to-date: /home/mustardking/ws_sensor_combined/install/px4_msgs/include/px4_msgs/px4_msgs/msg/detail/health_report__rosidl_typesupport_fastrtps_c.h\n'}
[0.963546] (px4_msgs) StdoutLine: {'line': b'-- Up-to-date: /home/mustardking/ws_sensor_combined/install/px4_msgs/include/px4_msgs/px4_msgs/msg/detail/sensor_mag__rosidl_typesupport_fastrtps_c.h\n'}
[0.963574] (px4_msgs) StdoutLine: {'line': b'-- Up-to-date: /home/mustardking/ws_sensor_combined/install/px4_msgs/include/px4_msgs/px4_msgs/msg/detail/ulog_stream_ack__rosidl_typesupport_fastrtps_c.h\n'}
[0.963631] (px4_msgs) StdoutLine: {'line': b'-- Up-to-date: /home/mustardking/ws_sensor_combined/install/px4_msgs/include/px4_msgs/px4_msgs/msg/detail/trajectory_setpoint__rosidl_typesupport_fastrtps_c.h\n'}
[0.963653] (px4_msgs) StdoutLine: {'line': b'-- Up-to-date: /home/mustardking/ws_sensor_combined/install/px4_msgs/include/px4_msgs/px4_msgs/msg/detail/gpio_config__rosidl_typesupport_fastrtps_c.h\n'}
[0.963685] (px4_msgs) StdoutLine: {'line': b'-- Up-to-date: /home/mustardking/ws_sensor_combined/install/px4_msgs/include/px4_msgs/px4_msgs/msg/detail/tune_control__rosidl_typesupport_fastrtps_c.h\n'}
[0.963728] (px4_msgs) StdoutLine: {'line': b'-- Up-to-date: /home/mustardking/ws_sensor_combined/install/px4_msgs/include/px4_msgs/px4_msgs/msg/detail/fixed_wing_longitudinal_setpoint__rosidl_typesupport_fastrtps_c.h\n'}
[0.963751] (px4_msgs) StdoutLine: {'line': b'-- Up-to-date: /home/mustardking/ws_sensor_combined/install/px4_msgs/include/px4_msgs/px4_msgs/msg/detail/goto_setpoint__rosidl_typesupport_fastrtps_c.h\n'}
[0.963773] (px4_msgs) StdoutLine: {'line': b'-- Up-to-date: /home/mustardking/ws_sensor_combined/install/px4_msgs/include/px4_msgs/px4_msgs/msg/detail/rover_speed_setpoint__rosidl_typesupport_fastrtps_c.h\n'}
[0.963794] (px4_msgs) StdoutLine: {'line': b'-- Up-to-date: /home/mustardking/ws_sensor_combined/install/px4_msgs/include/px4_msgs/px4_msgs/msg/detail/vehicle_rates_setpoint__rosidl_typesupport_fastrtps_c.h\n'}
[0.963816] (px4_msgs) StdoutLine: {'line': b'-- Up-to-date: /home/mustardking/ws_sensor_combined/install/px4_msgs/include/px4_msgs/px4_msgs/msg/detail/rover_rate_setpoint__rosidl_typesupport_fastrtps_c.h\n'}
[0.963838] (px4_msgs) StdoutLine: {'line': b'-- Up-to-date: /home/mustardking/ws_sensor_combined/install/px4_msgs/include/px4_msgs/px4_msgs/msg/detail/estimator_aid_source3d__rosidl_typesupport_fastrtps_c.h\n'}
[0.963860] (px4_msgs) StdoutLine: {'line': b'-- Up-to-date: /home/mustardking/ws_sensor_combined/install/px4_msgs/include/px4_msgs/px4_msgs/msg/detail/internal_combustion_engine_control__rosidl_typesupport_fastrtps_c.h\n'}
[0.963884] (px4_msgs) StdoutLine: {'line': b'-- Up-to-date: /home/mustardking/ws_sensor_combined/install/px4_msgs/include/px4_msgs/px4_msgs/msg/detail/open_drone_id_system__rosidl_typesupport_fastrtps_c.h\n'}
[0.963906] (px4_msgs) StdoutLine: {'line': b'-- Up-to-date: /home/mustardking/ws_sensor_combined/install/px4_msgs/include/px4_msgs/px4_msgs/msg/detail/esc_report__rosidl_typesupport_fastrtps_c.h\n'}
[0.963927] (px4_msgs) StdoutLine: {'line': b'-- Up-to-date: /home/mustardking/ws_sensor_combined/install/px4_msgs/include/px4_msgs/px4_msgs/msg/detail/sensors_status__rosidl_typesupport_fastrtps_c.h\n'}
[0.963949] (px4_msgs) StdoutLine: {'line': b'-- Up-to-date: /home/mustardking/ws_sensor_combined/install/px4_msgs/include/px4_msgs/px4_msgs/msg/detail/fixed_wing_lateral_setpoint__rosidl_typesupport_fastrtps_c.h\n'}
[0.963971] (px4_msgs) StdoutLine: {'line': b'-- Up-to-date: /home/mustardking/ws_sensor_combined/install/px4_msgs/include/px4_msgs/px4_msgs/msg/detail/arming_check_request__rosidl_typesupport_fastrtps_c.h\n'}
[0.964010] (px4_msgs) StdoutLine: {'line': b'-- Up-to-date: /home/mustardking/ws_sensor_combined/install/px4_msgs/include/px4_msgs/px4_msgs/msg/detail/dronecan_node_status__rosidl_typesupport_fastrtps_c.h\n'}
[0.964031] (px4_msgs) StdoutLine: {'line': b'-- Up-to-date: /home/mustardking/ws_sensor_combined/install/px4_msgs/include/px4_msgs/px4_msgs/msg/detail/trajectory_setpoint6dof__rosidl_typesupport_fastrtps_c.h\n'}
[0.964053] (px4_msgs) StdoutLine: {'line': b'-- Up-to-date: /home/mustardking/ws_sensor_combined/install/px4_msgs/include/px4_msgs/px4_msgs/msg/detail/register_ext_component_request__rosidl_typesupport_fastrtps_c.h\n'}
[0.964088] (px4_msgs) StdoutLine: {'line': b'-- Up-to-date: /home/mustardking/ws_sensor_combined/install/px4_msgs/include/px4_msgs/px4_msgs/msg/detail/sensor_gyro_fifo__rosidl_typesupport_fastrtps_c.h\n'}
[0.964111] (px4_msgs) StdoutLine: {'line': b'-- Up-to-date: /home/mustardking/ws_sensor_combined/install/px4_msgs/include/px4_msgs/px4_msgs/msg/detail/ekf2_timestamps__rosidl_typesupport_fastrtps_c.h\n'}
[0.964132] (px4_msgs) StdoutLine: {'line': b'-- Up-to-date: /home/mustardking/ws_sensor_combined/install/px4_msgs/include/px4_msgs/px4_msgs/msg/detail/estimator_innovations__rosidl_typesupport_fastrtps_c.h\n'}
[0.964157] (px4_msgs) StdoutLine: {'line': b'-- Up-to-date: /home/mustardking/ws_sensor_combined/install/px4_msgs/include/px4_msgs/px4_msgs/msg/detail/neural_control__rosidl_typesupport_fastrtps_c.h\n'}
[0.964186] (px4_msgs) StdoutLine: {'line': b'-- Up-to-date: /home/mustardking/ws_sensor_combined/install/px4_msgs/include/px4_msgs/px4_msgs/msg/detail/mavlink_log__rosidl_typesupport_fastrtps_c.h\n'}
[0.964209] (px4_msgs) StdoutLine: {'line': b'-- Up-to-date: /home/mustardking/ws_sensor_combined/install/px4_msgs/include/px4_msgs/px4_msgs/msg/detail/sensor_optical_flow__rosidl_typesupport_fastrtps_c.h\n'}
[0.964242] (px4_msgs) StdoutLine: {'line': b'-- Up-to-date: /home/mustardking/ws_sensor_combined/install/px4_msgs/include/px4_msgs/px4_msgs/msg/detail/rc_channels__rosidl_typesupport_fastrtps_c.h\n'}
[0.964270] (px4_msgs) StdoutLine: {'line': b'-- Up-to-date: /home/mustardking/ws_sensor_combined/install/px4_msgs/include/px4_msgs/px4_msgs/msg/detail/actuator_motors__rosidl_typesupport_fastrtps_c.h\n'}
[0.964304] (px4_msgs) StdoutLine: {'line': b'-- Up-to-date: /home/mustardking/ws_sensor_combined/install/px4_msgs/include/px4_msgs/px4_msgs/msg/detail/sensor_correction__rosidl_typesupport_fastrtps_c.h\n'}
[0.964326] (px4_msgs) StdoutLine: {'line': b'-- Up-to-date: /home/mustardking/ws_sensor_combined/install/px4_msgs/include/px4_msgs/px4_msgs/msg/detail/home_position__rosidl_typesupport_fastrtps_c.h\n'}
[0.964348] (px4_msgs) StdoutLine: {'line': b'-- Up-to-date: /home/mustardking/ws_sensor_combined/install/px4_msgs/include/px4_msgs/px4_msgs/msg/detail/dataman_response__rosidl_typesupport_fastrtps_c.h\n'}
[0.964372] (px4_msgs) StdoutLine: {'line': b'-- Up-to-date: /home/mustardking/ws_sensor_combined/install/px4_msgs/include/px4_msgs/px4_msgs/msg/detail/sensor_accel_fifo__rosidl_typesupport_fastrtps_c.h\n'}
[0.964394] (px4_msgs) StdoutLine: {'line': b'-- Up-to-date: /home/mustardking/ws_sensor_combined/install/px4_msgs/include/px4_msgs/px4_msgs/msg/detail/rover_attitude_status__rosidl_typesupport_fastrtps_c.h\n'}
[0.964416] (px4_msgs) StdoutLine: {'line': b'-- Up-to-date: /home/mustardking/ws_sensor_combined/install/px4_msgs/include/px4_msgs/px4_msgs/msg/detail/qshell_req__rosidl_typesupport_fastrtps_c.h\n'}
[0.964438] (px4_msgs) StdoutLine: {'line': b'-- Up-to-date: /home/mustardking/ws_sensor_combined/install/px4_msgs/include/px4_msgs/px4_msgs/msg/detail/rover_attitude_setpoint__rosidl_typesupport_fastrtps_c.h\n'}
[0.964459] (px4_msgs) StdoutLine: {'line': b'-- Up-to-date: /home/mustardking/ws_sensor_combined/install/px4_msgs/include/px4_msgs/px4_msgs/msg/detail/tiltrotor_extra_controls__rosidl_typesupport_fastrtps_c.h\n'}
[0.964492] (px4_msgs) StdoutLine: {'line': b'-- Up-to-date: /home/mustardking/ws_sensor_combined/install/px4_msgs/include/px4_msgs/px4_msgs/msg/detail/landing_target_pose__rosidl_typesupport_fastrtps_c.h\n'}
[0.964514] (px4_msgs) StdoutLine: {'line': b'-- Up-to-date: /home/mustardking/ws_sensor_combined/install/px4_msgs/include/px4_msgs/px4_msgs/msg/detail/position_setpoint_triplet__rosidl_typesupport_fastrtps_c.h\n'}
[0.964536] (px4_msgs) StdoutLine: {'line': b'-- Up-to-date: /home/mustardking/ws_sensor_combined/install/px4_msgs/include/px4_msgs/px4_msgs/msg/detail/vehicle_status__rosidl_typesupport_fastrtps_c.h\n'}
[0.964558] (px4_msgs) StdoutLine: {'line': b'-- Up-to-date: /home/mustardking/ws_sensor_combined/install/px4_msgs/include/px4_msgs/px4_msgs/msg/detail/open_drone_id_arm_status__rosidl_typesupport_fastrtps_c.h\n'}
[0.964580] (px4_msgs) StdoutLine: {'line': b'-- Up-to-date: /home/mustardking/ws_sensor_combined/install/px4_msgs/include/px4_msgs/px4_msgs/msg/detail/control_allocator_status__rosidl_typesupport_fastrtps_c.h\n'}
[0.964601] (px4_msgs) StdoutLine: {'line': b'-- Up-to-date: /home/mustardking/ws_sensor_combined/install/px4_msgs/include/px4_msgs/px4_msgs/msg/detail/gripper__rosidl_typesupport_fastrtps_c.h\n'}
[0.964623] (px4_msgs) StdoutLine: {'line': b'-- Up-to-date: /home/mustardking/ws_sensor_combined/install/px4_msgs/include/px4_msgs/px4_msgs/msg/detail/takeoff_status__rosidl_typesupport_fastrtps_c.h\n'}
[0.964644] (px4_msgs) StdoutLine: {'line': b'-- Up-to-date: /home/mustardking/ws_sensor_combined/install/px4_msgs/include/px4_msgs/px4_msgs/msg/detail/wind__rosidl_typesupport_fastrtps_c.h\n'}
[0.964681] (px4_msgs) StdoutLine: {'line': b'-- Up-to-date: /home/mustardking/ws_sensor_combined/install/px4_msgs/include/px4_msgs/px4_msgs/msg/detail/estimator_aid_source2d__rosidl_typesupport_fastrtps_c.h\n'}
[0.964703] (px4_msgs) StdoutLine: {'line': b'-- Up-to-date: /home/mustardking/ws_sensor_combined/install/px4_msgs/include/px4_msgs/px4_msgs/msg/detail/parameter_reset_request__rosidl_typesupport_fastrtps_c.h\n'}
[0.964725] (px4_msgs) StdoutLine: {'line': b'-- Up-to-date: /home/mustardking/ws_sensor_combined/install/px4_msgs/include/px4_msgs/px4_msgs/msg/detail/vehicle_odometry__rosidl_typesupport_fastrtps_c.h\n'}
[0.964746] (px4_msgs) StdoutLine: {'line': b'-- Up-to-date: /home/mustardking/ws_sensor_combined/install/px4_msgs/include/px4_msgs/px4_msgs/msg/detail/vehicle_imu__rosidl_typesupport_fastrtps_c.h\n'}
[0.964768] (px4_msgs) StdoutLine: {'line': b'-- Up-to-date: /home/mustardking/ws_sensor_combined/install/px4_msgs/include/px4_msgs/px4_msgs/msg/detail/parameter_update__rosidl_typesupport_fastrtps_c.h\n'}
[0.964792] (px4_msgs) StdoutLine: {'line': b'-- Up-to-date: /home/mustardking/ws_sensor_combined/install/px4_msgs/include/px4_msgs/px4_msgs/msg/detail/hover_thrust_estimate__rosidl_typesupport_fastrtps_c.h\n'}
[0.964815] (px4_msgs) StdoutLine: {'line': b'-- Up-to-date: /home/mustardking/ws_sensor_combined/install/px4_msgs/include/px4_msgs/px4_msgs/msg/detail/uavcan_parameter_request__rosidl_typesupport_fastrtps_c.h\n'}
[0.964906] (px4_msgs) StdoutLine: {'line': b'-- Up-to-date: /home/mustardking/ws_sensor_combined/install/px4_msgs/include/px4_msgs/px4_msgs/msg/detail/pure_pursuit_status__rosidl_typesupport_fastrtps_c.h\n'}
[0.964945] (px4_msgs) StdoutLine: {'line': b'-- Up-to-date: /home/mustardking/ws_sensor_combined/install/px4_msgs/include/px4_msgs/px4_msgs/msg/detail/cpuload__rosidl_typesupport_fastrtps_c.h\n'}
[0.964969] (px4_msgs) StdoutLine: {'line': b'-- Up-to-date: /home/mustardking/ws_sensor_combined/install/px4_msgs/include/px4_msgs/px4_msgs/msg/detail/timesync_status__rosidl_typesupport_fastrtps_c.h\n'}
[0.964991] (px4_msgs) StdoutLine: {'line': b'-- Up-to-date: /home/mustardking/ws_sensor_combined/install/px4_msgs/include/px4_msgs/px4_msgs/msg/detail/gimbal_device_information__rosidl_typesupport_fastrtps_c.h\n'}
[0.965014] (px4_msgs) StdoutLine: {'line': b'-- Up-to-date: /home/mustardking/ws_sensor_combined/install/px4_msgs/include/px4_msgs/px4_msgs/msg/detail/landing_gear__rosidl_typesupport_fastrtps_c.h\n'}
[0.965037] (px4_msgs) StdoutLine: {'line': b'-- Up-to-date: /home/mustardking/ws_sensor_combined/install/px4_msgs/include/px4_msgs/px4_msgs/msg/detail/sensor_gps__rosidl_typesupport_fastrtps_c.h\n'}
[0.965060] (px4_msgs) StdoutLine: {'line': b'-- Up-to-date: /home/mustardking/ws_sensor_combined/install/px4_msgs/include/px4_msgs/px4_msgs/msg/detail/ulog_stream__rosidl_typesupport_fastrtps_c.h\n'}
[0.965082] (px4_msgs) StdoutLine: {'line': b'-- Up-to-date: /home/mustardking/ws_sensor_combined/install/px4_msgs/include/px4_msgs/px4_msgs/msg/detail/gps_inject_data__rosidl_typesupport_fastrtps_c.h\n'}
[0.965104] (px4_msgs) StdoutLine: {'line': b'-- Up-to-date: /home/mustardking/ws_sensor_combined/install/px4_msgs/include/px4_msgs/px4_msgs/msg/detail/task_stack_info__rosidl_typesupport_fastrtps_c.h\n'}
[0.965142] (px4_msgs) StdoutLine: {'line': b'-- Up-to-date: /home/mustardking/ws_sensor_combined/install/px4_msgs/include/px4_msgs/px4_msgs/msg/detail/estimator_selector_status__rosidl_typesupport_fastrtps_c.h\n'}
[0.965164] (px4_msgs) StdoutLine: {'line': b'-- Up-to-date: /home/mustardking/ws_sensor_combined/install/px4_msgs/include/px4_msgs/px4_msgs/msg/detail/gimbal_manager_status__rosidl_typesupport_fastrtps_c.h\n'}
[0.965187] (px4_msgs) StdoutLine: {'line': b'-- Up-to-date: /home/mustardking/ws_sensor_combined/install/px4_msgs/include/px4_msgs/px4_msgs/msg/detail/position_controller_landing_status__rosidl_typesupport_fastrtps_c.h\n'}
[0.965210] (px4_msgs) StdoutLine: {'line': b'-- Up-to-date: /home/mustardking/ws_sensor_combined/install/px4_msgs/include/px4_msgs/px4_msgs/msg/detail/differential_pressure__rosidl_typesupport_fastrtps_c.h\n'}
[0.965232] (px4_msgs) StdoutLine: {'line': b'-- Up-to-date: /home/mustardking/ws_sensor_combined/install/px4_msgs/include/px4_msgs/px4_msgs/msg/detail/iridiumsbd_status__rosidl_typesupport_fastrtps_c.h\n'}
[0.965254] (px4_msgs) StdoutLine: {'line': b'-- Up-to-date: /home/mustardking/ws_sensor_combined/install/px4_msgs/include/px4_msgs/px4_msgs/msg/detail/battery_status__rosidl_typesupport_fastrtps_c.h\n'}
[0.965277] (px4_msgs) StdoutLine: {'line': b'-- Up-to-date: /home/mustardking/ws_sensor_combined/install/px4_msgs/include/px4_msgs/px4_msgs/msg/detail/collision_constraints__rosidl_typesupport_fastrtps_c.h\n'}
[0.965299] (px4_msgs) StdoutLine: {'line': b'-- Up-to-date: /home/mustardking/ws_sensor_combined/install/px4_msgs/include/px4_msgs/px4_msgs/msg/detail/manual_control_switches__rosidl_typesupport_fastrtps_c.h\n'}
[0.965332] (px4_msgs) StdoutLine: {'line': b'-- Up-to-date: /home/mustardking/ws_sensor_combined/install/px4_msgs/include/px4_msgs/px4_msgs/msg/detail/led_control__rosidl_typesupport_fastrtps_c.h\n'}
[0.965357] (px4_msgs) StdoutLine: {'line': b'-- Up-to-date: /home/mustardking/ws_sensor_combined/install/px4_msgs/include/px4_msgs/px4_msgs/msg/detail/mode_completed__rosidl_typesupport_fastrtps_c.h\n'}
[0.965379] (px4_msgs) StdoutLine: {'line': b'-- Up-to-date: /home/mustardking/ws_sensor_combined/install/px4_msgs/include/px4_msgs/px4_msgs/msg/detail/cellular_status__rosidl_typesupport_fastrtps_c.h\n'}
[0.965403] (px4_msgs) StdoutLine: {'line': b'-- Up-to-date: /home/mustardking/ws_sensor_combined/install/px4_msgs/include/px4_msgs/px4_msgs/msg/detail/gimbal_device_set_attitude__rosidl_typesupport_fastrtps_c.h\n'}
[0.965425] (px4_msgs) StdoutLine: {'line': b'-- Up-to-date: /home/mustardking/ws_sensor_combined/install/px4_msgs/include/px4_msgs/px4_msgs/msg/detail/qshell_retval__rosidl_typesupport_fastrtps_c.h\n'}
[0.965448] (px4_msgs) StdoutLine: {'line': b'-- Up-to-date: /home/mustardking/ws_sensor_combined/install/px4_msgs/include/px4_msgs/px4_msgs/msg/detail/tecs_status__rosidl_typesupport_fastrtps_c.h\n'}
[0.965470] (px4_msgs) StdoutLine: {'line': b'-- Up-to-date: /home/mustardking/ws_sensor_combined/install/px4_msgs/include/px4_msgs/px4_msgs/msg/detail/follow_target_status__rosidl_typesupport_fastrtps_c.h\n'}
[0.965495] (px4_msgs) StdoutLine: {'line': b'-- Up-to-date: /home/mustardking/ws_sensor_combined/install/px4_msgs/include/px4_msgs/px4_msgs/msg/detail/vehicle_magnetometer__rosidl_typesupport_fastrtps_c.h\n'}
[0.965518] (px4_msgs) StdoutLine: {'line': b'-- Up-to-date: /home/mustardking/ws_sensor_combined/install/px4_msgs/include/px4_msgs/px4_msgs/msg/detail/normalized_unsigned_setpoint__rosidl_typesupport_fastrtps_c.h\n'}
[0.965540] (px4_msgs) StdoutLine: {'line': b'-- Up-to-date: /home/mustardking/ws_sensor_combined/install/px4_msgs/include/px4_msgs/px4_msgs/msg/detail/follow_target__rosidl_typesupport_fastrtps_c.h\n'}
[0.965562] (px4_msgs) StdoutLine: {'line': b'-- Up-to-date: /home/mustardking/ws_sensor_combined/install/px4_msgs/include/px4_msgs/px4_msgs/msg/detail/estimator_event_flags__rosidl_typesupport_fastrtps_c.h\n'}
[0.965584] (px4_msgs) StdoutLine: {'line': b'-- Up-to-date: /home/mustardking/ws_sensor_combined/install/px4_msgs/include/px4_msgs/px4_msgs/msg/detail/message_format_request__rosidl_typesupport_fastrtps_c.h\n'}
[0.965611] (px4_msgs) StdoutLine: {'line': b'-- Up-to-date: /home/mustardking/ws_sensor_combined/install/px4_msgs/include/px4_msgs/px4_msgs/msg/detail/rpm__rosidl_typesupport_fastrtps_c.h\n'}
[0.965635] (px4_msgs) StdoutLine: {'line': b'-- Up-to-date: /home/mustardking/ws_sensor_combined/install/px4_msgs/include/px4_msgs/px4_msgs/msg/detail/onboard_computer_status__rosidl_typesupport_fastrtps_c.h\n'}
[0.965658] (px4_msgs) StdoutLine: {'line': b'-- Up-to-date: /home/mustardking/ws_sensor_combined/install/px4_msgs/include/px4_msgs/px4_msgs/msg/detail/estimator_bias3d__rosidl_typesupport_fastrtps_c.h\n'}
[0.965680] (px4_msgs) StdoutLine: {'line': b'-- Up-to-date: /home/mustardking/ws_sensor_combined/install/px4_msgs/include/px4_msgs/px4_msgs/msg/detail/open_drone_id_operator_id__rosidl_typesupport_fastrtps_c.h\n'}
[0.965703] (px4_msgs) StdoutLine: {'line': b'-- Up-to-date: /home/mustardking/ws_sensor_combined/install/px4_msgs/include/px4_msgs/px4_msgs/msg/detail/gps_dump__rosidl_typesupport_fastrtps_c.h\n'}
[0.965725] (px4_msgs) StdoutLine: {'line': b'-- Up-to-date: /home/mustardking/ws_sensor_combined/install/px4_msgs/include/px4_msgs/px4_msgs/msg/detail/longitudinal_control_configuration__rosidl_typesupport_fastrtps_c.h\n'}
[0.965747] (px4_msgs) StdoutLine: {'line': b'-- Up-to-date: /home/mustardking/ws_sensor_combined/install/px4_msgs/include/px4_msgs/px4_msgs/msg/detail/sensor_gyro__rosidl_typesupport_fastrtps_c.h\n'}
[0.965769] (px4_msgs) StdoutLine: {'line': b'-- Up-to-date: /home/mustardking/ws_sensor_combined/install/px4_msgs/include/px4_msgs/px4_msgs/msg/detail/gpio_out__rosidl_typesupport_fastrtps_c.h\n'}
[0.965791] (px4_msgs) StdoutLine: {'line': b'-- Up-to-date: /home/mustardking/ws_sensor_combined/install/px4_msgs/include/px4_msgs/px4_msgs/msg/detail/event__rosidl_typesupport_fastrtps_c.h\n'}
[0.965813] (px4_msgs) StdoutLine: {'line': b'-- Up-to-date: /home/mustardking/ws_sensor_combined/install/px4_msgs/include/px4_msgs/px4_msgs/msg/detail/geofence_status__rosidl_typesupport_fastrtps_c.h\n'}
[0.965835] (px4_msgs) StdoutLine: {'line': b'-- Up-to-date: /home/mustardking/ws_sensor_combined/install/px4_msgs/include/px4_msgs/px4_msgs/msg/detail/estimator_status__rosidl_typesupport_fastrtps_c.h\n'}
[0.965859] (px4_msgs) StdoutLine: {'line': b'-- Up-to-date: /home/mustardking/ws_sensor_combined/install/px4_msgs/include/px4_msgs/px4_msgs/msg/detail/rate_ctrl_status__rosidl_typesupport_fastrtps_c.h\n'}
[0.965882] (px4_msgs) StdoutLine: {'line': b'-- Up-to-date: /home/mustardking/ws_sensor_combined/install/px4_msgs/include/px4_msgs/px4_msgs/msg/detail/debug_vect__rosidl_typesupport_fastrtps_c.h\n'}
[0.965904] (px4_msgs) StdoutLine: {'line': b'-- Up-to-date: /home/mustardking/ws_sensor_combined/install/px4_msgs/include/px4_msgs/px4_msgs/msg/detail/estimator_status_flags__rosidl_typesupport_fastrtps_c.h\n'}
[0.965928] (px4_msgs) StdoutLine: {'line': b'-- Up-to-date: /home/mustardking/ws_sensor_combined/install/px4_msgs/include/px4_msgs/px4_msgs/msg/detail/px4io_status__rosidl_typesupport_fastrtps_c.h\n'}
[0.965951] (px4_msgs) StdoutLine: {'line': b'-- Up-to-date: /home/mustardking/ws_sensor_combined/install/px4_msgs/include/px4_msgs/px4_msgs/msg/detail/vehicle_control_mode__rosidl_typesupport_fastrtps_c.h\n'}
[0.965972] (px4_msgs) StdoutLine: {'line': b'-- Up-to-date: /home/mustardking/ws_sensor_combined/install/px4_msgs/include/px4_msgs/px4_msgs/msg/detail/mission__rosidl_typesupport_fastrtps_c.h\n'}
[0.965995] (px4_msgs) StdoutLine: {'line': b'-- Up-to-date: /home/mustardking/ws_sensor_combined/install/px4_msgs/include/px4_msgs/px4_msgs/msg/detail/camera_status__rosidl_typesupport_fastrtps_c.h\n'}
[0.966017] (px4_msgs) StdoutLine: {'line': b'-- Up-to-date: /home/mustardking/ws_sensor_combined/install/px4_msgs/include/px4_msgs/px4_msgs/msg/detail/power_button_state__rosidl_typesupport_fastrtps_c.h\n'}
[0.966040] (px4_msgs) StdoutLine: {'line': b'-- Up-to-date: /home/mustardking/ws_sensor_combined/install/px4_msgs/include/px4_msgs/px4_msgs/msg/detail/mount_orientation__rosidl_typesupport_fastrtps_c.h\n'}
[0.966063] (px4_msgs) StdoutLine: {'line': b'-- Up-to-date: /home/mustardking/ws_sensor_combined/install/px4_msgs/include/px4_msgs/px4_msgs/msg/detail/landing_target_innovations__rosidl_typesupport_fastrtps_c.h\n'}
[0.966086] (px4_msgs) StdoutLine: {'line': b'-- Up-to-date: /home/mustardking/ws_sensor_combined/install/px4_msgs/include/px4_msgs/px4_msgs/msg/detail/fixed_wing_lateral_status__rosidl_typesupport_fastrtps_c.h\n'}
[0.966159] (px4_msgs) StdoutLine: {'line': b'-- Up-to-date: /home/mustardking/ws_sensor_combined/install/px4_msgs/include/px4_msgs/px4_msgs/msg/detail/satellite_info__rosidl_typesupport_fastrtps_c.h\n'}
[0.966183] (px4_msgs) StdoutLine: {'line': b'-- Up-to-date: /home/mustardking/ws_sensor_combined/install/px4_msgs/include/px4_msgs/px4_msgs/msg/detail/magnetometer_bias_estimate__rosidl_typesupport_fastrtps_c.h\n'}
[0.966205] (px4_msgs) StdoutLine: {'line': b'-- Up-to-date: /home/mustardking/ws_sensor_combined/install/px4_msgs/include/px4_msgs/px4_msgs/msg/detail/rc_parameter_map__rosidl_typesupport_fastrtps_c.h\n'}
[0.966236] (px4_msgs) StdoutLine: {'line': b'-- Up-to-date: /home/mustardking/ws_sensor_combined/install/px4_msgs/include/px4_msgs/px4_msgs/msg/detail/orb_test_medium__rosidl_typesupport_fastrtps_c.h\n'}
[0.966271] (px4_msgs) StdoutLine: {'line': b'-- Up-to-date: /home/mustardking/ws_sensor_combined/install/px4_msgs/include/px4_msgs/px4_msgs/msg/detail/adc_report__rosidl_typesupport_fastrtps_c.h\n'}
[0.966294] (px4_msgs) StdoutLine: {'line': b'-- Up-to-date: /home/mustardking/ws_sensor_combined/install/px4_msgs/include/px4_msgs/px4_msgs/msg/detail/ping__rosidl_typesupport_fastrtps_c.h\n'}
[0.966318] (px4_msgs) StdoutLine: {'line': b'-- Up-to-date: /home/mustardking/ws_sensor_combined/install/px4_msgs/include/px4_msgs/px4_msgs/msg/detail/estimator_gps_status__rosidl_typesupport_fastrtps_c.h\n'}
[0.966341] (px4_msgs) StdoutLine: {'line': b'-- Up-to-date: /home/mustardking/ws_sensor_combined/install/px4_msgs/include/px4_msgs/px4_msgs/msg/detail/fixed_wing_runway_control__rosidl_typesupport_fastrtps_c.h\n'}
[0.966363] (px4_msgs) StdoutLine: {'line': b'-- Up-to-date: /home/mustardking/ws_sensor_combined/install/px4_msgs/include/px4_msgs/px4_msgs/msg/detail/sensor_gyro_fft__rosidl_typesupport_fastrtps_c.h\n'}
[0.966399] (px4_msgs) StdoutLine: {'line': b'-- Up-to-date: /home/mustardking/ws_sensor_combined/install/px4_msgs/include/px4_msgs/px4_msgs/msg/detail/rover_rate_status__rosidl_typesupport_fastrtps_c.h\n'}
[0.966422] (px4_msgs) StdoutLine: {'line': b'-- Up-to-date: /home/mustardking/ws_sensor_combined/install/px4_msgs/include/px4_msgs/px4_msgs/msg/detail/fixed_wing_lateral_guidance_status__rosidl_typesupport_fastrtps_c.h\n'}
[0.966445] (px4_msgs) StdoutLine: {'line': b'-- Up-to-date: /home/mustardking/ws_sensor_combined/install/px4_msgs/include/px4_msgs/px4_msgs/msg/detail/gpio_request__rosidl_typesupport_fastrtps_c.h\n'}
[0.966467] (px4_msgs) StdoutLine: {'line': b'-- Up-to-date: /home/mustardking/ws_sensor_combined/install/px4_msgs/lib/libpx4_msgs__rosidl_typesupport_fastrtps_c.so\n'}
[0.966490] (px4_msgs) StdoutLine: {'line': b'-- Up-to-date: /home/mustardking/ws_sensor_combined/install/px4_msgs/include/px4_msgs/px4_msgs\n'}
[0.966513] (px4_msgs) StdoutLine: {'line': b'-- Up-to-date: /home/mustardking/ws_sensor_combined/install/px4_msgs/include/px4_msgs/px4_msgs/srv\n'}
[0.966536] (px4_msgs) StdoutLine: {'line': b'-- Up-to-date: /home/mustardking/ws_sensor_combined/install/px4_msgs/include/px4_msgs/px4_msgs/srv/vehicle_command.hpp\n'}
[0.966559] (px4_msgs) StdoutLine: {'line': b'-- Up-to-date: /home/mustardking/ws_sensor_combined/install/px4_msgs/include/px4_msgs/px4_msgs/srv/detail\n'}
[0.966581] (px4_msgs) StdoutLine: {'line': b'-- Up-to-date: /home/mustardking/ws_sensor_combined/install/px4_msgs/include/px4_msgs/px4_msgs/srv/detail/vehicle_command__builder.hpp\n'}
[0.966606] (px4_msgs) StdoutLine: {'line': b'-- Up-to-date: /home/mustardking/ws_sensor_combined/install/px4_msgs/include/px4_msgs/px4_msgs/srv/detail/vehicle_command__type_support.hpp\n'}
[0.966629] (px4_msgs) StdoutLine: {'line': b'-- Up-to-date: /home/mustardking/ws_sensor_combined/install/px4_msgs/include/px4_msgs/px4_msgs/srv/detail/vehicle_command__struct.hpp\n'}
[0.966651] (px4_msgs) StdoutLine: {'line': b'-- Up-to-date: /home/mustardking/ws_sensor_combined/install/px4_msgs/include/px4_msgs/px4_msgs/srv/detail/vehicle_command__traits.hpp\n'}
[0.966673] (px4_msgs) StdoutLine: {'line': b'-- Up-to-date: /home/mustardking/ws_sensor_combined/install/px4_msgs/include/px4_msgs/px4_msgs/msg\n'}
[0.966696] (px4_msgs) StdoutLine: {'line': b'-- Up-to-date: /home/mustardking/ws_sensor_combined/install/px4_msgs/include/px4_msgs/px4_msgs/msg/irlock_report.hpp\n'}
[0.966726] (px4_msgs) StdoutLine: {'line': b'-- Up-to-date: /home/mustardking/ws_sensor_combined/install/px4_msgs/include/px4_msgs/px4_msgs/msg/actuator_servos_trim.hpp\n'}
[0.966750] (px4_msgs) StdoutLine: {'line': b'-- Up-to-date: /home/mustardking/ws_sensor_combined/install/px4_msgs/include/px4_msgs/px4_msgs/msg/vehicle_angular_velocity.hpp\n'}
[0.966772] (px4_msgs) StdoutLine: {'line': b'-- Up-to-date: /home/mustardking/ws_sensor_combined/install/px4_msgs/include/px4_msgs/px4_msgs/msg/vehicle_local_position_setpoint.hpp\n'}
[0.966794] (px4_msgs) StdoutLine: {'line': b'-- Up-to-date: /home/mustardking/ws_sensor_combined/install/px4_msgs/include/px4_msgs/px4_msgs/msg/vehicle_status.hpp\n'}
[0.966817] (px4_msgs) StdoutLine: {'line': b'-- Up-to-date: /home/mustardking/ws_sensor_combined/install/px4_msgs/include/px4_msgs/px4_msgs/msg/rover_steering_setpoint.hpp\n'}
[0.966839] (px4_msgs) StdoutLine: {'line': b'-- Up-to-date: /home/mustardking/ws_sensor_combined/install/px4_msgs/include/px4_msgs/px4_msgs/msg/launch_detection_status.hpp\n'}
[0.966862] (px4_msgs) StdoutLine: {'line': b'-- Up-to-date: /home/mustardking/ws_sensor_combined/install/px4_msgs/include/px4_msgs/px4_msgs/msg/rc_parameter_map.hpp\n'}
[0.966898] (px4_msgs) StdoutLine: {'line': b'-- Up-to-date: /home/mustardking/ws_sensor_combined/install/px4_msgs/include/px4_msgs/px4_msgs/msg/velocity_limits.hpp\n'}
[0.966920] (px4_msgs) StdoutLine: {'line': b'-- Up-to-date: /home/mustardking/ws_sensor_combined/install/px4_msgs/include/px4_msgs/px4_msgs/msg/gpio_in.hpp\n'}
[0.966944] (px4_msgs) StdoutLine: {'line': b'-- Up-to-date: /home/mustardking/ws_sensor_combined/install/px4_msgs/include/px4_msgs/px4_msgs/msg/actuator_test.hpp\n'}
[0.966966] (px4_msgs) StdoutLine: {'line': b'-- Up-to-date: /home/mustardking/ws_sensor_combined/install/px4_msgs/include/px4_msgs/px4_msgs/msg/vehicle_air_data.hpp\n'}
[0.966988] (px4_msgs) StdoutLine: {'line': b'-- Up-to-date: /home/mustardking/ws_sensor_combined/install/px4_msgs/include/px4_msgs/px4_msgs/msg/radio_status.hpp\n'}
[0.967010] (px4_msgs) StdoutLine: {'line': b'-- Up-to-date: /home/mustardking/ws_sensor_combined/install/px4_msgs/include/px4_msgs/px4_msgs/msg/task_stack_info.hpp\n'}
[0.967032] (px4_msgs) StdoutLine: {'line': b'-- Up-to-date: /home/mustardking/ws_sensor_combined/install/px4_msgs/include/px4_msgs/px4_msgs/msg/control_allocator_status.hpp\n'}
[0.967054] (px4_msgs) StdoutLine: {'line': b'-- Up-to-date: /home/mustardking/ws_sensor_combined/install/px4_msgs/include/px4_msgs/px4_msgs/msg/orb_test_large.hpp\n'}
[0.967088] (px4_msgs) StdoutLine: {'line': b'-- Up-to-date: /home/mustardking/ws_sensor_combined/install/px4_msgs/include/px4_msgs/px4_msgs/msg/sensor_correction.hpp\n'}
[0.967111] (px4_msgs) StdoutLine: {'line': b'-- Up-to-date: /home/mustardking/ws_sensor_combined/install/px4_msgs/include/px4_msgs/px4_msgs/msg/vehicle_land_detected.hpp\n'}
[0.967133] (px4_msgs) StdoutLine: {'line': b'-- Up-to-date: /home/mustardking/ws_sensor_combined/install/px4_msgs/include/px4_msgs/px4_msgs/msg/adc_report.hpp\n'}
[0.967155] (px4_msgs) StdoutLine: {'line': b'-- Up-to-date: /home/mustardking/ws_sensor_combined/install/px4_msgs/include/px4_msgs/px4_msgs/msg/arming_check_reply.hpp\n'}
[0.967177] (px4_msgs) StdoutLine: {'line': b'-- Up-to-date: /home/mustardking/ws_sensor_combined/install/px4_msgs/include/px4_msgs/px4_msgs/msg/fixed_wing_lateral_setpoint.hpp\n'}
[0.967199] (px4_msgs) StdoutLine: {'line': b'-- Up-to-date: /home/mustardking/ws_sensor_combined/install/px4_msgs/include/px4_msgs/px4_msgs/msg/action_request.hpp\n'}
[0.967221] (px4_msgs) StdoutLine: {'line': b'-- Up-to-date: /home/mustardking/ws_sensor_combined/install/px4_msgs/include/px4_msgs/px4_msgs/msg/heater_status.hpp\n'}
[0.967250] (px4_msgs) StdoutLine: {'line': b'-- Up-to-date: /home/mustardking/ws_sensor_combined/install/px4_msgs/include/px4_msgs/px4_msgs/msg/vehicle_attitude.hpp\n'}
[0.967276] (px4_msgs) StdoutLine: {'line': b'-- Up-to-date: /home/mustardking/ws_sensor_combined/install/px4_msgs/include/px4_msgs/px4_msgs/msg/parameter_set_used_request.hpp\n'}
[0.967299] (px4_msgs) StdoutLine: {'line': b'-- Up-to-date: /home/mustardking/ws_sensor_combined/install/px4_msgs/include/px4_msgs/px4_msgs/msg/dronecan_node_status.hpp\n'}
[0.967321] (px4_msgs) StdoutLine: {'line': b'-- Up-to-date: /home/mustardking/ws_sensor_combined/install/px4_msgs/include/px4_msgs/px4_msgs/msg/geofence_result.hpp\n'}
[0.967345] (px4_msgs) StdoutLine: {'line': b'-- Up-to-date: /home/mustardking/ws_sensor_combined/install/px4_msgs/include/px4_msgs/px4_msgs/msg/sensors_status.hpp\n'}
[0.967367] (px4_msgs) StdoutLine: {'line': b'-- Up-to-date: /home/mustardking/ws_sensor_combined/install/px4_msgs/include/px4_msgs/px4_msgs/msg/normalized_unsigned_setpoint.hpp\n'}
[0.967400] (px4_msgs) StdoutLine: {'line': b'-- Up-to-date: /home/mustardking/ws_sensor_combined/install/px4_msgs/include/px4_msgs/px4_msgs/msg/position_setpoint_triplet.hpp\n'}
[0.967427] (px4_msgs) StdoutLine: {'line': b'-- Up-to-date: /home/mustardking/ws_sensor_combined/install/px4_msgs/include/px4_msgs/px4_msgs/msg/vehicle_command_ack.hpp\n'}
[0.967449] (px4_msgs) StdoutLine: {'line': b'-- Up-to-date: /home/mustardking/ws_sensor_combined/install/px4_msgs/include/px4_msgs/px4_msgs/msg/neural_control.hpp\n'}
[0.967472] (px4_msgs) StdoutLine: {'line': b'-- Up-to-date: /home/mustardking/ws_sensor_combined/install/px4_msgs/include/px4_msgs/px4_msgs/msg/offboard_control_mode.hpp\n'}
[0.967494] (px4_msgs) StdoutLine: {'line': b'-- Up-to-date: /home/mustardking/ws_sensor_combined/install/px4_msgs/include/px4_msgs/px4_msgs/msg/esc_report.hpp\n'}
[0.967518] (px4_msgs) StdoutLine: {'line': b'-- Up-to-date: /home/mustardking/ws_sensor_combined/install/px4_msgs/include/px4_msgs/px4_msgs/msg/estimator_gps_status.hpp\n'}
[0.967540] (px4_msgs) StdoutLine: {'line': b'-- Up-to-date: /home/mustardking/ws_sensor_combined/install/px4_msgs/include/px4_msgs/px4_msgs/msg/sensor_mag.hpp\n'}
[0.967562] (px4_msgs) StdoutLine: {'line': b'-- Up-to-date: /home/mustardking/ws_sensor_combined/install/px4_msgs/include/px4_msgs/px4_msgs/msg/actuator_controls_status.hpp\n'}
[0.967585] (px4_msgs) StdoutLine: {'line': b'-- Up-to-date: /home/mustardking/ws_sensor_combined/install/px4_msgs/include/px4_msgs/px4_msgs/msg/wheel_encoders.hpp\n'}
[0.967607] (px4_msgs) StdoutLine: {'line': b'-- Up-to-date: /home/mustardking/ws_sensor_combined/install/px4_msgs/include/px4_msgs/px4_msgs/msg/sensor_hygrometer.hpp\n'}
[0.967629] (px4_msgs) StdoutLine: {'line': b'-- Up-to-date: /home/mustardking/ws_sensor_combined/install/px4_msgs/include/px4_msgs/px4_msgs/msg/open_drone_id_system.hpp\n'}
[0.967651] (px4_msgs) StdoutLine: {'line': b'-- Up-to-date: /home/mustardking/ws_sensor_combined/install/px4_msgs/include/px4_msgs/px4_msgs/msg/hover_thrust_estimate.hpp\n'}
[0.967676] (px4_msgs) StdoutLine: {'line': b'-- Up-to-date: /home/mustardking/ws_sensor_combined/install/px4_msgs/include/px4_msgs/px4_msgs/msg/gpio_config.hpp\n'}
[0.967699] (px4_msgs) StdoutLine: {'line': b'-- Up-to-date: /home/mustardking/ws_sensor_combined/install/px4_msgs/include/px4_msgs/px4_msgs/msg/open_drone_id_self_id.hpp\n'}
[0.967721] (px4_msgs) StdoutLine: {'line': b'-- Up-to-date: /home/mustardking/ws_sensor_combined/install/px4_msgs/include/px4_msgs/px4_msgs/msg/config_overrides.hpp\n'}
[0.967743] (px4_msgs) StdoutLine: {'line': b'-- Up-to-date: /home/mustardking/ws_sensor_combined/install/px4_msgs/include/px4_msgs/px4_msgs/msg/landing_target_innovations.hpp\n'}
[0.967765] (px4_msgs) StdoutLine: {'line': b'-- Up-to-date: /home/mustardking/ws_sensor_combined/install/px4_msgs/include/px4_msgs/px4_msgs/msg/landing_gear.hpp\n'}
[0.967788] (px4_msgs) StdoutLine: {'line': b'-- Up-to-date: /home/mustardking/ws_sensor_combined/install/px4_msgs/include/px4_msgs/px4_msgs/msg/estimator_event_flags.hpp\n'}
[0.967810] (px4_msgs) StdoutLine: {'line': b'-- Up-to-date: /home/mustardking/ws_sensor_combined/install/px4_msgs/include/px4_msgs/px4_msgs/msg/rover_attitude_status.hpp\n'}
[0.967833] (px4_msgs) StdoutLine: {'line': b'-- Up-to-date: /home/mustardking/ws_sensor_combined/install/px4_msgs/include/px4_msgs/px4_msgs/msg/rpm.hpp\n'}
[0.967855] (px4_msgs) StdoutLine: {'line': b'-- Up-to-date: /home/mustardking/ws_sensor_combined/install/px4_msgs/include/px4_msgs/px4_msgs/msg/dataman_request.hpp\n'}
[0.967877] (px4_msgs) StdoutLine: {'line': b'-- Up-to-date: /home/mustardking/ws_sensor_combined/install/px4_msgs/include/px4_msgs/px4_msgs/msg/mavlink_log.hpp\n'}
[0.967899] (px4_msgs) StdoutLine: {'line': b'-- Up-to-date: /home/mustardking/ws_sensor_combined/install/px4_msgs/include/px4_msgs/px4_msgs/msg/rc_channels.hpp\n'}
[0.967921] (px4_msgs) StdoutLine: {'line': b'-- Up-to-date: /home/mustardking/ws_sensor_combined/install/px4_msgs/include/px4_msgs/px4_msgs/msg/goto_setpoint.hpp\n'}
[0.967942] (px4_msgs) StdoutLine: {'line': b'-- Up-to-date: /home/mustardking/ws_sensor_combined/install/px4_msgs/include/px4_msgs/px4_msgs/msg/sensor_gyro.hpp\n'}
[0.967964] (px4_msgs) StdoutLine: {'line': b'-- Up-to-date: /home/mustardking/ws_sensor_combined/install/px4_msgs/include/px4_msgs/px4_msgs/msg/fixed_wing_lateral_guidance_status.hpp\n'}
[0.967986] (px4_msgs) StdoutLine: {'line': b'-- Up-to-date: /home/mustardking/ws_sensor_combined/install/px4_msgs/include/px4_msgs/px4_msgs/msg/generator_status.hpp\n'}
[0.968009] (px4_msgs) StdoutLine: {'line': b'-- Up-to-date: /home/mustardking/ws_sensor_combined/install/px4_msgs/include/px4_msgs/px4_msgs/msg/tune_control.hpp\n'}
[0.968031] (px4_msgs) StdoutLine: {'line': b'-- Up-to-date: /home/mustardking/ws_sensor_combined/install/px4_msgs/include/px4_msgs/px4_msgs/msg/trajectory_setpoint6dof.hpp\n'}
[0.968055] (px4_msgs) StdoutLine: {'line': b'-- Up-to-date: /home/mustardking/ws_sensor_combined/install/px4_msgs/include/px4_msgs/px4_msgs/msg/cellular_status.hpp\n'}
[0.968077] (px4_msgs) StdoutLine: {'line': b'-- Up-to-date: /home/mustardking/ws_sensor_combined/install/px4_msgs/include/px4_msgs/px4_msgs/msg/sensor_airflow.hpp\n'}
[0.968100] (px4_msgs) StdoutLine: {'line': b'-- Up-to-date: /home/mustardking/ws_sensor_combined/install/px4_msgs/include/px4_msgs/px4_msgs/msg/camera_capture.hpp\n'}
[0.968121] (px4_msgs) StdoutLine: {'line': b'-- Up-to-date: /home/mustardking/ws_sensor_combined/install/px4_msgs/include/px4_msgs/px4_msgs/msg/pps_capture.hpp\n'}
[0.968143] (px4_msgs) StdoutLine: {'line': b'-- Up-to-date: /home/mustardking/ws_sensor_combined/install/px4_msgs/include/px4_msgs/px4_msgs/msg/button_event.hpp\n'}
[0.968165] (px4_msgs) StdoutLine: {'line': b'-- Up-to-date: /home/mustardking/ws_sensor_combined/install/px4_msgs/include/px4_msgs/px4_msgs/msg/differential_pressure.hpp\n'}
[0.968187] (px4_msgs) StdoutLine: {'line': b'-- Up-to-date: /home/mustardking/ws_sensor_combined/install/px4_msgs/include/px4_msgs/px4_msgs/msg/actuator_outputs.hpp\n'}
[0.968209] (px4_msgs) StdoutLine: {'line': b'-- Up-to-date: /home/mustardking/ws_sensor_combined/install/px4_msgs/include/px4_msgs/px4_msgs/msg/input_rc.hpp\n'}
[0.968231] (px4_msgs) StdoutLine: {'line': b'-- Up-to-date: /home/mustardking/ws_sensor_combined/install/px4_msgs/include/px4_msgs/px4_msgs/msg/estimator_bias.hpp\n'}
[0.968253] (px4_msgs) StdoutLine: {'line': b'-- Up-to-date: /home/mustardking/ws_sensor_combined/install/px4_msgs/include/px4_msgs/px4_msgs/msg/gimbal_manager_information.hpp\n'}
[0.968275] (px4_msgs) StdoutLine: {'line': b'-- Up-to-date: /home/mustardking/ws_sensor_combined/install/px4_msgs/include/px4_msgs/px4_msgs/msg/internal_combustion_engine_status.hpp\n'}
[0.968296] (px4_msgs) StdoutLine: {'line': b'-- Up-to-date: /home/mustardking/ws_sensor_combined/install/px4_msgs/include/px4_msgs/px4_msgs/msg/rover_position_setpoint.hpp\n'}
[0.968318] (px4_msgs) StdoutLine: {'line': b'-- Up-to-date: /home/mustardking/ws_sensor_combined/install/px4_msgs/include/px4_msgs/px4_msgs/msg/vehicle_rates_setpoint.hpp\n'}
[0.968340] (px4_msgs) StdoutLine: {'line': b'-- Up-to-date: /home/mustardking/ws_sensor_combined/install/px4_msgs/include/px4_msgs/px4_msgs/msg/rate_ctrl_status.hpp\n'}
[0.968363] (px4_msgs) StdoutLine: {'line': b'-- Up-to-date: /home/mustardking/ws_sensor_combined/install/px4_msgs/include/px4_msgs/px4_msgs/msg/camera_status.hpp\n'}
[0.968385] (px4_msgs) StdoutLine: {'line': b'-- Up-to-date: /home/mustardking/ws_sensor_combined/install/px4_msgs/include/px4_msgs/px4_msgs/msg/flight_phase_estimation.hpp\n'}
[0.968406] (px4_msgs) StdoutLine: {'line': b'-- Up-to-date: /home/mustardking/ws_sensor_combined/install/px4_msgs/include/px4_msgs/px4_msgs/msg/parameter_set_value_request.hpp\n'}
[0.968431] (px4_msgs) StdoutLine: {'line': b'-- Up-to-date: /home/mustardking/ws_sensor_combined/install/px4_msgs/include/px4_msgs/px4_msgs/msg/distance_sensor.hpp\n'}
[0.968453] (px4_msgs) StdoutLine: {'line': b'-- Up-to-date: /home/mustardking/ws_sensor_combined/install/px4_msgs/include/px4_msgs/px4_msgs/msg/dataman_response.hpp\n'}
[0.968475] (px4_msgs) StdoutLine: {'line': b'-- Up-to-date: /home/mustardking/ws_sensor_combined/install/px4_msgs/include/px4_msgs/px4_msgs/msg/follow_target.hpp\n'}
[0.968497] (px4_msgs) StdoutLine: {'line': b'-- Up-to-date: /home/mustardking/ws_sensor_combined/install/px4_msgs/include/px4_msgs/px4_msgs/msg/distance_sensor_mode_change_request.hpp\n'}
[0.968519] (px4_msgs) StdoutLine: {'line': b'-- Up-to-date: /home/mustardking/ws_sensor_combined/install/px4_msgs/include/px4_msgs/px4_msgs/msg/gimbal_controls.hpp\n'}
[0.968542] (px4_msgs) StdoutLine: {'line': b'-- Up-to-date: /home/mustardking/ws_sensor_combined/install/px4_msgs/include/px4_msgs/px4_msgs/msg/logger_status.hpp\n'}
[0.968564] (px4_msgs) StdoutLine: {'line': b'-- Up-to-date: /home/mustardking/ws_sensor_combined/install/px4_msgs/include/px4_msgs/px4_msgs/msg/vehicle_imu.hpp\n'}
[0.968587] (px4_msgs) StdoutLine: {'line': b'-- Up-to-date: /home/mustardking/ws_sensor_combined/install/px4_msgs/include/px4_msgs/px4_msgs/msg/gimbal_device_attitude_status.hpp\n'}
[0.968610] (px4_msgs) StdoutLine: {'line': b'-- Up-to-date: /home/mustardking/ws_sensor_combined/install/px4_msgs/include/px4_msgs/px4_msgs/msg/ulog_stream_ack.hpp\n'}
[0.968631] (px4_msgs) StdoutLine: {'line': b'-- Up-to-date: /home/mustardking/ws_sensor_combined/install/px4_msgs/include/px4_msgs/px4_msgs/msg/trajectory_setpoint.hpp\n'}
[0.968653] (px4_msgs) StdoutLine: {'line': b'-- Up-to-date: /home/mustardking/ws_sensor_combined/install/px4_msgs/include/px4_msgs/px4_msgs/msg/qshell_req.hpp\n'}
[0.968675] (px4_msgs) StdoutLine: {'line': b'-- Up-to-date: /home/mustardking/ws_sensor_combined/install/px4_msgs/include/px4_msgs/px4_msgs/msg/estimator_aid_source3d.hpp\n'}
[0.968697] (px4_msgs) StdoutLine: {'line': b'-- Up-to-date: /home/mustardking/ws_sensor_combined/install/px4_msgs/include/px4_msgs/px4_msgs/msg/rtl_time_estimate.hpp\n'}
[0.968719] (px4_msgs) StdoutLine: {'line': b'-- Up-to-date: /home/mustardking/ws_sensor_combined/install/px4_msgs/include/px4_msgs/px4_msgs/msg/sensor_gyro_fifo.hpp\n'}
[0.968742] (px4_msgs) StdoutLine: {'line': b'-- Up-to-date: /home/mustardking/ws_sensor_combined/install/px4_msgs/include/px4_msgs/px4_msgs/msg/magnetometer_bias_estimate.hpp\n'}
[0.968765] (px4_msgs) StdoutLine: {'line': b'-- Up-to-date: /home/mustardking/ws_sensor_combined/install/px4_msgs/include/px4_msgs/px4_msgs/msg/parameter_update.hpp\n'}
[0.968787] (px4_msgs) StdoutLine: {'line': b'-- Up-to-date: /home/mustardking/ws_sensor_combined/install/px4_msgs/include/px4_msgs/px4_msgs/msg/gimbal_manager_set_manual_control.hpp\n'}
[0.968809] (px4_msgs) StdoutLine: {'line': b'-- Up-to-date: /home/mustardking/ws_sensor_combined/install/px4_msgs/include/px4_msgs/px4_msgs/msg/position_setpoint.hpp\n'}
[0.968832] (px4_msgs) StdoutLine: {'line': b'-- Up-to-date: /home/mustardking/ws_sensor_combined/install/px4_msgs/include/px4_msgs/px4_msgs/msg/gripper.hpp\n'}
[0.968921] (px4_msgs) StdoutLine: {'line': b'-- Up-to-date: /home/mustardking/ws_sensor_combined/install/px4_msgs/include/px4_msgs/px4_msgs/msg/vehicle_local_position.hpp\n'}
[0.968946] (px4_msgs) StdoutLine: {'line': b'-- Up-to-date: /home/mustardking/ws_sensor_combined/install/px4_msgs/include/px4_msgs/px4_msgs/msg/sensor_uwb.hpp\n'}
[0.968968] (px4_msgs) StdoutLine: {'line': b'-- Up-to-date: /home/mustardking/ws_sensor_combined/install/px4_msgs/include/px4_msgs/px4_msgs/msg/sensor_selection.hpp\n'}
[0.968990] (px4_msgs) StdoutLine: {'line': b'-- Up-to-date: /home/mustardking/ws_sensor_combined/install/px4_msgs/include/px4_msgs/px4_msgs/msg/transponder_report.hpp\n'}
[0.969012] (px4_msgs) StdoutLine: {'line': b'-- Up-to-date: /home/mustardking/ws_sensor_combined/install/px4_msgs/include/px4_msgs/px4_msgs/msg/longitudinal_control_configuration.hpp\n'}
[0.969034] (px4_msgs) StdoutLine: {'line': b'-- Up-to-date: /home/mustardking/ws_sensor_combined/install/px4_msgs/include/px4_msgs/px4_msgs/msg/estimator_selector_status.hpp\n'}
[0.969056] (px4_msgs) StdoutLine: {'line': b'-- Up-to-date: /home/mustardking/ws_sensor_combined/install/px4_msgs/include/px4_msgs/px4_msgs/msg/failsafe_flags.hpp\n'}
[0.969078] (px4_msgs) StdoutLine: {'line': b'-- Up-to-date: /home/mustardking/ws_sensor_combined/install/px4_msgs/include/px4_msgs/px4_msgs/msg/vehicle_optical_flow.hpp\n'}
[0.969100] (px4_msgs) StdoutLine: {'line': b'-- Up-to-date: /home/mustardking/ws_sensor_combined/install/px4_msgs/include/px4_msgs/px4_msgs/msg/vtol_vehicle_status.hpp\n'}
[0.969122] (px4_msgs) StdoutLine: {'line': b'-- Up-to-date: /home/mustardking/ws_sensor_combined/install/px4_msgs/include/px4_msgs/px4_msgs/msg/position_controller_landing_status.hpp\n'}
[0.969145] (px4_msgs) StdoutLine: {'line': b'-- Up-to-date: /home/mustardking/ws_sensor_combined/install/px4_msgs/include/px4_msgs/px4_msgs/msg/airspeed_wind.hpp\n'}
[0.969167] (px4_msgs) StdoutLine: {'line': b'-- Up-to-date: /home/mustardking/ws_sensor_combined/install/px4_msgs/include/px4_msgs/px4_msgs/msg/vehicle_control_mode.hpp\n'}
[0.969191] (px4_msgs) StdoutLine: {'line': b'-- Up-to-date: /home/mustardking/ws_sensor_combined/install/px4_msgs/include/px4_msgs/px4_msgs/msg/battery_status.hpp\n'}
[0.969213] (px4_msgs) StdoutLine: {'line': b'-- Up-to-date: /home/mustardking/ws_sensor_combined/install/px4_msgs/include/px4_msgs/px4_msgs/msg/sensor_combined.hpp\n'}
[0.969238] (px4_msgs) StdoutLine: {'line': b'-- Up-to-date: /home/mustardking/ws_sensor_combined/install/px4_msgs/include/px4_msgs/px4_msgs/msg/gimbal_manager_status.hpp\n'}
[0.969260] (px4_msgs) StdoutLine: {'line': b'-- Up-to-date: /home/mustardking/ws_sensor_combined/install/px4_msgs/include/px4_msgs/px4_msgs/msg/geofence_status.hpp\n'}
[0.969282] (px4_msgs) StdoutLine: {'line': b'-- Up-to-date: /home/mustardking/ws_sensor_combined/install/px4_msgs/include/px4_msgs/px4_msgs/msg/mount_orientation.hpp\n'}
[0.969303] (px4_msgs) StdoutLine: {'line': b'-- Up-to-date: /home/mustardking/ws_sensor_combined/install/px4_msgs/include/px4_msgs/px4_msgs/msg/lateral_control_configuration.hpp\n'}
[0.969327] (px4_msgs) StdoutLine: {'line': b'-- Up-to-date: /home/mustardking/ws_sensor_combined/install/px4_msgs/include/px4_msgs/px4_msgs/msg/manual_control_setpoint.hpp\n'}
[0.969348] (px4_msgs) StdoutLine: {'line': b'-- Up-to-date: /home/mustardking/ws_sensor_combined/install/px4_msgs/include/px4_msgs/px4_msgs/msg/estimator_aid_source1d.hpp\n'}
[0.969370] (px4_msgs) StdoutLine: {'line': b'-- Up-to-date: /home/mustardking/ws_sensor_combined/install/px4_msgs/include/px4_msgs/px4_msgs/msg/vehicle_roi.hpp\n'}
[0.969392] (px4_msgs) StdoutLine: {'line': b'-- Up-to-date: /home/mustardking/ws_sensor_combined/install/px4_msgs/include/px4_msgs/px4_msgs/msg/estimator_innovations.hpp\n'}
[0.969414] (px4_msgs) StdoutLine: {'line': b'-- Up-to-date: /home/mustardking/ws_sensor_combined/install/px4_msgs/include/px4_msgs/px4_msgs/msg/orbit_status.hpp\n'}
[0.969436] (px4_msgs) StdoutLine: {'line': b'-- Up-to-date: /home/mustardking/ws_sensor_combined/install/px4_msgs/include/px4_msgs/px4_msgs/msg/gimbal_manager_set_attitude.hpp\n'}
[0.969458] (px4_msgs) StdoutLine: {'line': b'-- Up-to-date: /home/mustardking/ws_sensor_combined/install/px4_msgs/include/px4_msgs/px4_msgs/msg/satellite_info.hpp\n'}
[0.969480] (px4_msgs) StdoutLine: {'line': b'-- Up-to-date: /home/mustardking/ws_sensor_combined/install/px4_msgs/include/px4_msgs/px4_msgs/msg/wind.hpp\n'}
[0.969503] (px4_msgs) StdoutLine: {'line': b'-- Up-to-date: /home/mustardking/ws_sensor_combined/install/px4_msgs/include/px4_msgs/px4_msgs/msg/sensor_optical_flow.hpp\n'}
[0.969527] (px4_msgs) StdoutLine: {'line': b'-- Up-to-date: /home/mustardking/ws_sensor_combined/install/px4_msgs/include/px4_msgs/px4_msgs/msg/message_format_response.hpp\n'}
[0.969549] (px4_msgs) StdoutLine: {'line': b'-- Up-to-date: /home/mustardking/ws_sensor_combined/install/px4_msgs/include/px4_msgs/px4_msgs/msg/telemetry_status.hpp\n'}
[0.969571] (px4_msgs) StdoutLine: {'line': b'-- Up-to-date: /home/mustardking/ws_sensor_combined/install/px4_msgs/include/px4_msgs/px4_msgs/msg/orb_test.hpp\n'}
[0.969593] (px4_msgs) StdoutLine: {'line': b'-- Up-to-date: /home/mustardking/ws_sensor_combined/install/px4_msgs/include/px4_msgs/px4_msgs/msg/sensor_preflight_mag.hpp\n'}
[0.969616] (px4_msgs) StdoutLine: {'line': b'-- Up-to-date: /home/mustardking/ws_sensor_combined/install/px4_msgs/include/px4_msgs/px4_msgs/msg/uavcan_parameter_value.hpp\n'}
[0.969638] (px4_msgs) StdoutLine: {'line': b'-- Up-to-date: /home/mustardking/ws_sensor_combined/install/px4_msgs/include/px4_msgs/px4_msgs/msg/fixed_wing_lateral_status.hpp\n'}
[0.969660] (px4_msgs) StdoutLine: {'line': b'-- Up-to-date: /home/mustardking/ws_sensor_combined/install/px4_msgs/include/px4_msgs/px4_msgs/msg/cpuload.hpp\n'}
[0.969682] (px4_msgs) StdoutLine: {'line': b'-- Up-to-date: /home/mustardking/ws_sensor_combined/install/px4_msgs/include/px4_msgs/px4_msgs/msg/log_message.hpp\n'}
[0.969704] (px4_msgs) StdoutLine: {'line': b'-- Up-to-date: /home/mustardking/ws_sensor_combined/install/px4_msgs/include/px4_msgs/px4_msgs/msg/navigator_status.hpp\n'}
[0.969729] (px4_msgs) StdoutLine: {'line': b'-- Up-to-date: /home/mustardking/ws_sensor_combined/install/px4_msgs/include/px4_msgs/px4_msgs/msg/vehicle_torque_setpoint.hpp\n'}
[0.969751] (px4_msgs) StdoutLine: {'line': b'-- Up-to-date: /home/mustardking/ws_sensor_combined/install/px4_msgs/include/px4_msgs/px4_msgs/msg/home_position.hpp\n'}
[0.969773] (px4_msgs) StdoutLine: {'line': b'-- Up-to-date: /home/mustardking/ws_sensor_combined/install/px4_msgs/include/px4_msgs/px4_msgs/msg/uavcan_parameter_request.hpp\n'}
[0.969795] (px4_msgs) StdoutLine: {'line': b'-- Up-to-date: /home/mustardking/ws_sensor_combined/install/px4_msgs/include/px4_msgs/px4_msgs/msg/navigator_mission_item.hpp\n'}
[0.969823] (px4_msgs) StdoutLine: {'line': b'-- Up-to-date: /home/mustardking/ws_sensor_combined/install/px4_msgs/include/px4_msgs/px4_msgs/msg/actuator_motors.hpp\n'}
[0.969849] (px4_msgs) StdoutLine: {'line': b'-- Up-to-date: /home/mustardking/ws_sensor_combined/install/px4_msgs/include/px4_msgs/px4_msgs/msg/arming_check_request.hpp\n'}
[0.969872] (px4_msgs) StdoutLine: {'line': b'-- Up-to-date: /home/mustardking/ws_sensor_combined/install/px4_msgs/include/px4_msgs/px4_msgs/msg/landing_gear_wheel.hpp\n'}
[0.969894] (px4_msgs) StdoutLine: {'line': b'-- Up-to-date: /home/mustardking/ws_sensor_combined/install/px4_msgs/include/px4_msgs/px4_msgs/msg/vehicle_angular_acceleration_setpoint.hpp\n'}
[0.969916] (px4_msgs) StdoutLine: {'line': b'-- Up-to-date: /home/mustardking/ws_sensor_combined/install/px4_msgs/include/px4_msgs/px4_msgs/msg/sensor_baro.hpp\n'}
[0.969937] (px4_msgs) StdoutLine: {'line': b'-- Up-to-date: /home/mustardking/ws_sensor_combined/install/px4_msgs/include/px4_msgs/px4_msgs/msg/rover_attitude_setpoint.hpp\n'}
[0.969959] (px4_msgs) StdoutLine: {'line': b'-- Up-to-date: /home/mustardking/ws_sensor_combined/install/px4_msgs/include/px4_msgs/px4_msgs/msg/landing_target_pose.hpp\n'}
[0.969981] (px4_msgs) StdoutLine: {'line': b'-- Up-to-date: /home/mustardking/ws_sensor_combined/install/px4_msgs/include/px4_msgs/px4_msgs/msg/airspeed.hpp\n'}
[0.970006] (px4_msgs) StdoutLine: {'line': b'-- Up-to-date: /home/mustardking/ws_sensor_combined/install/px4_msgs/include/px4_msgs/px4_msgs/msg/manual_control_switches.hpp\n'}
[0.970028] (px4_msgs) StdoutLine: {'line': b'-- Up-to-date: /home/mustardking/ws_sensor_combined/install/px4_msgs/include/px4_msgs/px4_msgs/msg/estimator_status.hpp\n'}
[0.970051] (px4_msgs) StdoutLine: {'line': b'-- Up-to-date: /home/mustardking/ws_sensor_combined/install/px4_msgs/include/px4_msgs/px4_msgs/msg/power_button_state.hpp\n'}
[0.970073] (px4_msgs) StdoutLine: {'line': b'-- Up-to-date: /home/mustardking/ws_sensor_combined/install/px4_msgs/include/px4_msgs/px4_msgs/msg/gimbal_device_information.hpp\n'}
[0.970095] (px4_msgs) StdoutLine: {'line': b'-- Up-to-date: /home/mustardking/ws_sensor_combined/install/px4_msgs/include/px4_msgs/px4_msgs/msg/rosidl_generator_cpp__visibility_control.hpp\n'}
[0.970117] (px4_msgs) StdoutLine: {'line': b'-- Up-to-date: /home/mustardking/ws_sensor_combined/install/px4_msgs/include/px4_msgs/px4_msgs/msg/rover_speed_setpoint.hpp\n'}
[0.970139] (px4_msgs) StdoutLine: {'line': b'-- Up-to-date: /home/mustardking/ws_sensor_combined/install/px4_msgs/include/px4_msgs/px4_msgs/msg/power_monitor.hpp\n'}
[0.970161] (px4_msgs) StdoutLine: {'line': b'-- Up-to-date: /home/mustardking/ws_sensor_combined/install/px4_msgs/include/px4_msgs/px4_msgs/msg/vehicle_optical_flow_vel.hpp\n'}
[0.970183] (px4_msgs) StdoutLine: {'line': b'-- Up-to-date: /home/mustardking/ws_sensor_combined/install/px4_msgs/include/px4_msgs/px4_msgs/msg/battery_info.hpp\n'}
[0.970204] (px4_msgs) StdoutLine: {'line': b'-- Up-to-date: /home/mustardking/ws_sensor_combined/install/px4_msgs/include/px4_msgs/px4_msgs/msg/fuel_tank_status.hpp\n'}
[0.970240] (px4_msgs) StdoutLine: {'line': b'-- Up-to-date: /home/mustardking/ws_sensor_combined/install/px4_msgs/include/px4_msgs/px4_msgs/msg/register_ext_component_request.hpp\n'}
[0.970263] (px4_msgs) StdoutLine: {'line': b'-- Up-to-date: /home/mustardking/ws_sensor_combined/install/px4_msgs/include/px4_msgs/px4_msgs/msg/gimbal_device_set_attitude.hpp\n'}
[0.970287] (px4_msgs) StdoutLine: {'line': b'-- Up-to-date: /home/mustardking/ws_sensor_combined/install/px4_msgs/include/px4_msgs/px4_msgs/msg/rover_rate_setpoint.hpp\n'}
[0.970308] (px4_msgs) StdoutLine: {'line': b'-- Up-to-date: /home/mustardking/ws_sensor_combined/install/px4_msgs/include/px4_msgs/px4_msgs/msg/ekf2_timestamps.hpp\n'}
[0.970330] (px4_msgs) StdoutLine: {'line': b'-- Up-to-date: /home/mustardking/ws_sensor_combined/install/px4_msgs/include/px4_msgs/px4_msgs/msg/iridiumsbd_status.hpp\n'}
[0.970352] (px4_msgs) StdoutLine: {'line': b'-- Up-to-date: /home/mustardking/ws_sensor_combined/install/px4_msgs/include/px4_msgs/px4_msgs/msg/gpio_out.hpp\n'}
[0.970409] (px4_msgs) StdoutLine: {'line': b'-- Up-to-date: /home/mustardking/ws_sensor_combined/install/px4_msgs/include/px4_msgs/px4_msgs/msg/position_controller_status.hpp\n'}
[0.970439] (px4_msgs) StdoutLine: {'line': b'-- Up-to-date: /home/mustardking/ws_sensor_combined/install/px4_msgs/include/px4_msgs/px4_msgs/msg/fixed_wing_runway_control.hpp\n'}
[0.970461] (px4_msgs) StdoutLine: {'line': b'-- Up-to-date: /home/mustardking/ws_sensor_combined/install/px4_msgs/include/px4_msgs/px4_msgs/msg/fixed_wing_longitudinal_setpoint.hpp\n'}
[0.970484] (px4_msgs) StdoutLine: {'line': b'-- Up-to-date: /home/mustardking/ws_sensor_combined/install/px4_msgs/include/px4_msgs/px4_msgs/msg/ulog_stream.hpp\n'}
[0.970505] (px4_msgs) StdoutLine: {'line': b'-- Up-to-date: /home/mustardking/ws_sensor_combined/install/px4_msgs/include/px4_msgs/px4_msgs/msg/open_drone_id_arm_status.hpp\n'}
[0.970527] (px4_msgs) StdoutLine: {'line': b'-- Up-to-date: /home/mustardking/ws_sensor_combined/install/px4_msgs/include/px4_msgs/px4_msgs/msg/sensor_accel_fifo.hpp\n'}
[0.970549] (px4_msgs) StdoutLine: {'line': b'-- Up-to-date: /home/mustardking/ws_sensor_combined/install/px4_msgs/include/px4_msgs/px4_msgs/msg/vehicle_global_position.hpp\n'}
[0.970571] (px4_msgs) StdoutLine: {'line': b'-- Up-to-date: /home/mustardking/ws_sensor_combined/install/px4_msgs/include/px4_msgs/px4_msgs/msg/can_interface_status.hpp\n'}
[0.970593] (px4_msgs) StdoutLine: {'line': b'-- Up-to-date: /home/mustardking/ws_sensor_combined/install/px4_msgs/include/px4_msgs/px4_msgs/msg/debug_vect.hpp\n'}
[0.970614] (px4_msgs) StdoutLine: {'line': b'-- Up-to-date: /home/mustardking/ws_sensor_combined/install/px4_msgs/include/px4_msgs/px4_msgs/msg/px4io_status.hpp\n'}
[0.970637] (px4_msgs) StdoutLine: {'line': b'-- Up-to-date: /home/mustardking/ws_sensor_combined/install/px4_msgs/include/px4_msgs/px4_msgs/msg/obstacle_distance.hpp\n'}
[0.970659] (px4_msgs) StdoutLine: {'line': b'-- Up-to-date: /home/mustardking/ws_sensor_combined/install/px4_msgs/include/px4_msgs/px4_msgs/msg/sensor_gyro_fft.hpp\n'}
[0.970681] (px4_msgs) StdoutLine: {'line': b'-- Up-to-date: /home/mustardking/ws_sensor_combined/install/px4_msgs/include/px4_msgs/px4_msgs/msg/rover_rate_status.hpp\n'}
[0.970702] (px4_msgs) StdoutLine: {'line': b'-- Up-to-date: /home/mustardking/ws_sensor_combined/install/px4_msgs/include/px4_msgs/px4_msgs/msg/follow_target_status.hpp\n'}
[0.970724] (px4_msgs) StdoutLine: {'line': b'-- Up-to-date: /home/mustardking/ws_sensor_combined/install/px4_msgs/include/px4_msgs/px4_msgs/msg/estimator_status_flags.hpp\n'}
[0.970746] (px4_msgs) StdoutLine: {'line': b'-- Up-to-date: /home/mustardking/ws_sensor_combined/install/px4_msgs/include/px4_msgs/px4_msgs/msg/system_power.hpp\n'}
[0.970768] (px4_msgs) StdoutLine: {'line': b'-- Up-to-date: /home/mustardking/ws_sensor_combined/install/px4_msgs/include/px4_msgs/px4_msgs/msg/rtl_status.hpp\n'}
[0.970793] (px4_msgs) StdoutLine: {'line': b'-- Up-to-date: /home/mustardking/ws_sensor_combined/install/px4_msgs/include/px4_msgs/px4_msgs/msg/timesync_status.hpp\n'}
[0.970816] (px4_msgs) StdoutLine: {'line': b'-- Up-to-date: /home/mustardking/ws_sensor_combined/install/px4_msgs/include/px4_msgs/px4_msgs/msg/mode_completed.hpp\n'}
[0.970837] (px4_msgs) StdoutLine: {'line': b'-- Up-to-date: /home/mustardking/ws_sensor_combined/install/px4_msgs/include/px4_msgs/px4_msgs/msg/estimator_bias3d.hpp\n'}
[0.970861] (px4_msgs) StdoutLine: {'line': b'-- Up-to-date: /home/mustardking/ws_sensor_combined/install/px4_msgs/include/px4_msgs/px4_msgs/msg/led_control.hpp\n'}
[0.970882] (px4_msgs) StdoutLine: {'line': b'-- Up-to-date: /home/mustardking/ws_sensor_combined/install/px4_msgs/include/px4_msgs/px4_msgs/msg/qshell_retval.hpp\n'}
[0.970905] (px4_msgs) StdoutLine: {'line': b'-- Up-to-date: /home/mustardking/ws_sensor_combined/install/px4_msgs/include/px4_msgs/px4_msgs/msg/vehicle_imu_status.hpp\n'}
[0.970936] (px4_msgs) StdoutLine: {'line': b'-- Up-to-date: /home/mustardking/ws_sensor_combined/install/px4_msgs/include/px4_msgs/px4_msgs/msg/takeoff_status.hpp\n'}
[0.970958] (px4_msgs) StdoutLine: {'line': b'-- Up-to-date: /home/mustardking/ws_sensor_combined/install/px4_msgs/include/px4_msgs/px4_msgs/msg/sensor_gnss_relative.hpp\n'}
[0.970982] (px4_msgs) StdoutLine: {'line': b'-- Up-to-date: /home/mustardking/ws_sensor_combined/install/px4_msgs/include/px4_msgs/px4_msgs/msg/mission_result.hpp\n'}
[0.971005] (px4_msgs) StdoutLine: {'line': b'-- Up-to-date: /home/mustardking/ws_sensor_combined/install/px4_msgs/include/px4_msgs/px4_msgs/msg/mission.hpp\n'}
[0.971027] (px4_msgs) StdoutLine: {'line': b'-- Up-to-date: /home/mustardking/ws_sensor_combined/install/px4_msgs/include/px4_msgs/px4_msgs/msg/tecs_status.hpp\n'}
[0.971049] (px4_msgs) StdoutLine: {'line': b'-- Up-to-date: /home/mustardking/ws_sensor_combined/install/px4_msgs/include/px4_msgs/px4_msgs/msg/vehicle_constraints.hpp\n'}
[0.971070] (px4_msgs) StdoutLine: {'line': b'-- Up-to-date: /home/mustardking/ws_sensor_combined/install/px4_msgs/include/px4_msgs/px4_msgs/msg/health_report.hpp\n'}
[0.971092] (px4_msgs) StdoutLine: {'line': b'-- Up-to-date: /home/mustardking/ws_sensor_combined/install/px4_msgs/include/px4_msgs/px4_msgs/msg/sensors_status_imu.hpp\n'}
[0.971115] (px4_msgs) StdoutLine: {'line': b'-- Up-to-date: /home/mustardking/ws_sensor_combined/install/px4_msgs/include/px4_msgs/px4_msgs/msg/message_format_request.hpp\n'}
[0.971137] (px4_msgs) StdoutLine: {'line': b'-- Up-to-date: /home/mustardking/ws_sensor_combined/install/px4_msgs/include/px4_msgs/px4_msgs/msg/orb_test_medium.hpp\n'}
[0.971158] (px4_msgs) StdoutLine: {'line': b'-- Up-to-date: /home/mustardking/ws_sensor_combined/install/px4_msgs/include/px4_msgs/px4_msgs/msg/tiltrotor_extra_controls.hpp\n'}
[0.971181] (px4_msgs) StdoutLine: {'line': b'-- Up-to-date: /home/mustardking/ws_sensor_combined/install/px4_msgs/include/px4_msgs/px4_msgs/msg/actuator_armed.hpp\n'}
[0.971203] (px4_msgs) StdoutLine: {'line': b'-- Up-to-date: /home/mustardking/ws_sensor_combined/install/px4_msgs/include/px4_msgs/px4_msgs/msg/estimator_sensor_bias.hpp\n'}
[0.971225] (px4_msgs) StdoutLine: {'line': b'-- Up-to-date: /home/mustardking/ws_sensor_combined/install/px4_msgs/include/px4_msgs/px4_msgs/msg/vehicle_attitude_setpoint.hpp\n'}
[0.971246] (px4_msgs) StdoutLine: {'line': b'-- Up-to-date: /home/mustardking/ws_sensor_combined/install/px4_msgs/include/px4_msgs/px4_msgs/msg/debug_key_value.hpp\n'}
[0.971268] (px4_msgs) StdoutLine: {'line': b'-- Up-to-date: /home/mustardking/ws_sensor_combined/install/px4_msgs/include/px4_msgs/px4_msgs/msg/sensor_accel.hpp\n'}
[0.971290] (px4_msgs) StdoutLine: {'line': b'-- Up-to-date: /home/mustardking/ws_sensor_combined/install/px4_msgs/include/px4_msgs/px4_msgs/msg/actuator_servos.hpp\n'}
[0.971312] (px4_msgs) StdoutLine: {'line': b'-- Up-to-date: /home/mustardking/ws_sensor_combined/install/px4_msgs/include/px4_msgs/px4_msgs/msg/figure_eight_status.hpp\n'}
[0.971334] (px4_msgs) StdoutLine: {'line': b'-- Up-to-date: /home/mustardking/ws_sensor_combined/install/px4_msgs/include/px4_msgs/px4_msgs/msg/gpio_request.hpp\n'}
[0.971356] (px4_msgs) StdoutLine: {'line': b'-- Up-to-date: /home/mustardking/ws_sensor_combined/install/px4_msgs/include/px4_msgs/px4_msgs/msg/event.hpp\n'}
[0.971378] (px4_msgs) StdoutLine: {'line': b'-- Up-to-date: /home/mustardking/ws_sensor_combined/install/px4_msgs/include/px4_msgs/px4_msgs/msg/vehicle_magnetometer.hpp\n'}
[0.971401] (px4_msgs) StdoutLine: {'line': b'-- Up-to-date: /home/mustardking/ws_sensor_combined/install/px4_msgs/include/px4_msgs/px4_msgs/msg/mag_worker_data.hpp\n'}
[0.971423] (px4_msgs) StdoutLine: {'line': b'-- Up-to-date: /home/mustardking/ws_sensor_combined/install/px4_msgs/include/px4_msgs/px4_msgs/msg/airspeed_validated.hpp\n'}
[0.971445] (px4_msgs) StdoutLine: {'line': b'-- Up-to-date: /home/mustardking/ws_sensor_combined/install/px4_msgs/include/px4_msgs/px4_msgs/msg/gps_inject_data.hpp\n'}
[0.971467] (px4_msgs) StdoutLine: {'line': b'-- Up-to-date: /home/mustardking/ws_sensor_combined/install/px4_msgs/include/px4_msgs/px4_msgs/msg/yaw_estimator_status.hpp\n'}
[0.971489] (px4_msgs) StdoutLine: {'line': b'-- Up-to-date: /home/mustardking/ws_sensor_combined/install/px4_msgs/include/px4_msgs/px4_msgs/msg/follow_target_estimator.hpp\n'}
[0.971511] (px4_msgs) StdoutLine: {'line': b'-- Up-to-date: /home/mustardking/ws_sensor_combined/install/px4_msgs/include/px4_msgs/px4_msgs/msg/failure_detector_status.hpp\n'}
[0.971533] (px4_msgs) StdoutLine: {'line': b'-- Up-to-date: /home/mustardking/ws_sensor_combined/install/px4_msgs/include/px4_msgs/px4_msgs/msg/rover_speed_status.hpp\n'}
[0.971558] (px4_msgs) StdoutLine: {'line': b'-- Up-to-date: /home/mustardking/ws_sensor_combined/install/px4_msgs/include/px4_msgs/px4_msgs/msg/autotune_attitude_control_status.hpp\n'}
[0.971580] (px4_msgs) StdoutLine: {'line': b'-- Up-to-date: /home/mustardking/ws_sensor_combined/install/px4_msgs/include/px4_msgs/px4_msgs/msg/onboard_computer_status.hpp\n'}
[0.971602] (px4_msgs) StdoutLine: {'line': b'-- Up-to-date: /home/mustardking/ws_sensor_combined/install/px4_msgs/include/px4_msgs/px4_msgs/msg/parameter_reset_request.hpp\n'}
[0.971624] (px4_msgs) StdoutLine: {'line': b'-- Up-to-date: /home/mustardking/ws_sensor_combined/install/px4_msgs/include/px4_msgs/px4_msgs/msg/vehicle_thrust_setpoint.hpp\n'}
[0.971646] (px4_msgs) StdoutLine: {'line': b'-- Up-to-date: /home/mustardking/ws_sensor_combined/install/px4_msgs/include/px4_msgs/px4_msgs/msg/open_drone_id_operator_id.hpp\n'}
[0.971670] (px4_msgs) StdoutLine: {'line': b'-- Up-to-date: /home/mustardking/ws_sensor_combined/install/px4_msgs/include/px4_msgs/px4_msgs/msg/ping.hpp\n'}
[0.971692] (px4_msgs) StdoutLine: {'line': b'-- Up-to-date: /home/mustardking/ws_sensor_combined/install/px4_msgs/include/px4_msgs/px4_msgs/msg/debug_value.hpp\n'}
[0.971726] (px4_msgs) StdoutLine: {'line': b'-- Up-to-date: /home/mustardking/ws_sensor_combined/install/px4_msgs/include/px4_msgs/px4_msgs/msg/gps_dump.hpp\n'}
[0.971749] (px4_msgs) StdoutLine: {'line': b'-- Up-to-date: /home/mustardking/ws_sensor_combined/install/px4_msgs/include/px4_msgs/px4_msgs/msg/esc_status.hpp\n'}
[0.971778] (px4_msgs) StdoutLine: {'line': b'-- Up-to-date: /home/mustardking/ws_sensor_combined/install/px4_msgs/include/px4_msgs/px4_msgs/msg/collision_constraints.hpp\n'}
[0.971802] (px4_msgs) StdoutLine: {'line': b'-- Up-to-date: /home/mustardking/ws_sensor_combined/install/px4_msgs/include/px4_msgs/px4_msgs/msg/mavlink_tunnel.hpp\n'}
[0.971824] (px4_msgs) StdoutLine: {'line': b'-- Up-to-date: /home/mustardking/ws_sensor_combined/install/px4_msgs/include/px4_msgs/px4_msgs/msg/estimator_aid_source2d.hpp\n'}
[0.971846] (px4_msgs) StdoutLine: {'line': b'-- Up-to-date: /home/mustardking/ws_sensor_combined/install/px4_msgs/include/px4_msgs/px4_msgs/msg/vehicle_acceleration.hpp\n'}
[0.971868] (px4_msgs) StdoutLine: {'line': b'-- Up-to-date: /home/mustardking/ws_sensor_combined/install/px4_msgs/include/px4_msgs/px4_msgs/msg/internal_combustion_engine_control.hpp\n'}
[0.971891] (px4_msgs) StdoutLine: {'line': b'-- Up-to-date: /home/mustardking/ws_sensor_combined/install/px4_msgs/include/px4_msgs/px4_msgs/msg/rover_throttle_setpoint.hpp\n'}
[0.971914] (px4_msgs) StdoutLine: {'line': b'-- Up-to-date: /home/mustardking/ws_sensor_combined/install/px4_msgs/include/px4_msgs/px4_msgs/msg/unregister_ext_component.hpp\n'}
[0.971936] (px4_msgs) StdoutLine: {'line': b'-- Up-to-date: /home/mustardking/ws_sensor_combined/install/px4_msgs/include/px4_msgs/px4_msgs/msg/estimator_states.hpp\n'}
[0.971959] (px4_msgs) StdoutLine: {'line': b'-- Up-to-date: /home/mustardking/ws_sensor_combined/install/px4_msgs/include/px4_msgs/px4_msgs/msg/sensor_gps.hpp\n'}
[0.971981] (px4_msgs) StdoutLine: {'line': b'-- Up-to-date: /home/mustardking/ws_sensor_combined/install/px4_msgs/include/px4_msgs/px4_msgs/msg/pwm_input.hpp\n'}
[0.972003] (px4_msgs) StdoutLine: {'line': b'-- Up-to-date: /home/mustardking/ws_sensor_combined/install/px4_msgs/include/px4_msgs/px4_msgs/msg/pure_pursuit_status.hpp\n'}
[0.972025] (px4_msgs) StdoutLine: {'line': b'-- Up-to-date: /home/mustardking/ws_sensor_combined/install/px4_msgs/include/px4_msgs/px4_msgs/msg/vehicle_command.hpp\n'}
[0.972047] (px4_msgs) StdoutLine: {'line': b'-- Up-to-date: /home/mustardking/ws_sensor_combined/install/px4_msgs/include/px4_msgs/px4_msgs/msg/parameter_set_value_response.hpp\n'}
[0.972069] (px4_msgs) StdoutLine: {'line': b'-- Up-to-date: /home/mustardking/ws_sensor_combined/install/px4_msgs/include/px4_msgs/px4_msgs/msg/sensor_gnss_status.hpp\n'}
[0.972092] (px4_msgs) StdoutLine: {'line': b'-- Up-to-date: /home/mustardking/ws_sensor_combined/install/px4_msgs/include/px4_msgs/px4_msgs/msg/vehicle_odometry.hpp\n'}
[0.972114] (px4_msgs) StdoutLine: {'line': b'-- Up-to-date: /home/mustardking/ws_sensor_combined/install/px4_msgs/include/px4_msgs/px4_msgs/msg/debug_array.hpp\n'}
[0.972136] (px4_msgs) StdoutLine: {'line': b'-- Up-to-date: /home/mustardking/ws_sensor_combined/install/px4_msgs/include/px4_msgs/px4_msgs/msg/camera_trigger.hpp\n'}
[0.972158] (px4_msgs) StdoutLine: {'line': b'-- Up-to-date: /home/mustardking/ws_sensor_combined/install/px4_msgs/include/px4_msgs/px4_msgs/msg/register_ext_component_reply.hpp\n'}
[0.972180] (px4_msgs) StdoutLine: {'line': b'-- Up-to-date: /home/mustardking/ws_sensor_combined/install/px4_msgs/include/px4_msgs/px4_msgs/msg/detail\n'}
[0.972202] (px4_msgs) StdoutLine: {'line': b'-- Up-to-date: /home/mustardking/ws_sensor_combined/install/px4_msgs/include/px4_msgs/px4_msgs/msg/detail/sensor_mag__struct.hpp\n'}
[0.972224] (px4_msgs) StdoutLine: {'line': b'-- Up-to-date: /home/mustardking/ws_sensor_combined/install/px4_msgs/include/px4_msgs/px4_msgs/msg/detail/launch_detection_status__traits.hpp\n'}
[0.972245] (px4_msgs) StdoutLine: {'line': b'-- Up-to-date: /home/mustardking/ws_sensor_combined/install/px4_msgs/include/px4_msgs/px4_msgs/msg/detail/gimbal_device_attitude_status__struct.hpp\n'}
[0.972280] (px4_msgs) StdoutLine: {'line': b'-- Up-to-date: /home/mustardking/ws_sensor_combined/install/px4_msgs/include/px4_msgs/px4_msgs/msg/detail/uavcan_parameter_value__traits.hpp\n'}
[0.972302] (px4_msgs) StdoutLine: {'line': b'-- Up-to-date: /home/mustardking/ws_sensor_combined/install/px4_msgs/include/px4_msgs/px4_msgs/msg/detail/gimbal_controls__traits.hpp\n'}
[0.972328] (px4_msgs) StdoutLine: {'line': b'-- Up-to-date: /home/mustardking/ws_sensor_combined/install/px4_msgs/include/px4_msgs/px4_msgs/msg/detail/arming_check_reply__type_support.hpp\n'}
[0.972350] (px4_msgs) StdoutLine: {'line': b'-- Up-to-date: /home/mustardking/ws_sensor_combined/install/px4_msgs/include/px4_msgs/px4_msgs/msg/detail/input_rc__type_support.hpp\n'}
[0.972371] (px4_msgs) StdoutLine: {'line': b'-- Up-to-date: /home/mustardking/ws_sensor_combined/install/px4_msgs/include/px4_msgs/px4_msgs/msg/detail/vehicle_global_position__struct.hpp\n'}
[0.972412] (px4_msgs) StdoutLine: {'line': b'-- Up-to-date: /home/mustardking/ws_sensor_combined/install/px4_msgs/include/px4_msgs/px4_msgs/msg/detail/position_setpoint_triplet__struct.hpp\n'}
[0.972439] (px4_msgs) StdoutLine: {'line': b'-- Up-to-date: /home/mustardking/ws_sensor_combined/install/px4_msgs/include/px4_msgs/px4_msgs/msg/detail/task_stack_info__struct.hpp\n'}
[0.972462] (px4_msgs) StdoutLine: {'line': b'-- Up-to-date: /home/mustardking/ws_sensor_combined/install/px4_msgs/include/px4_msgs/px4_msgs/msg/detail/event__builder.hpp\n'}
[0.972484] (px4_msgs) StdoutLine: {'line': b'-- Up-to-date: /home/mustardking/ws_sensor_combined/install/px4_msgs/include/px4_msgs/px4_msgs/msg/detail/qshell_retval__type_support.hpp\n'}
[0.972508] (px4_msgs) StdoutLine: {'line': b'-- Up-to-date: /home/mustardking/ws_sensor_combined/install/px4_msgs/include/px4_msgs/px4_msgs/msg/detail/rover_rate_status__struct.hpp\n'}
[0.972530] (px4_msgs) StdoutLine: {'line': b'-- Up-to-date: /home/mustardking/ws_sensor_combined/install/px4_msgs/include/px4_msgs/px4_msgs/msg/detail/failsafe_flags__struct.hpp\n'}
[0.972551] (px4_msgs) StdoutLine: {'line': b'-- Up-to-date: /home/mustardking/ws_sensor_combined/install/px4_msgs/include/px4_msgs/px4_msgs/msg/detail/transponder_report__struct.hpp\n'}
[0.972574] (px4_msgs) StdoutLine: {'line': b'-- Up-to-date: /home/mustardking/ws_sensor_combined/install/px4_msgs/include/px4_msgs/px4_msgs/msg/detail/wind__type_support.hpp\n'}
[0.972596] (px4_msgs) StdoutLine: {'line': b'-- Up-to-date: /home/mustardking/ws_sensor_combined/install/px4_msgs/include/px4_msgs/px4_msgs/msg/detail/sensor_combined__builder.hpp\n'}
[0.972617] (px4_msgs) StdoutLine: {'line': b'-- Up-to-date: /home/mustardking/ws_sensor_combined/install/px4_msgs/include/px4_msgs/px4_msgs/msg/detail/magnetometer_bias_estimate__builder.hpp\n'}
[0.972639] (px4_msgs) StdoutLine: {'line': b'-- Up-to-date: /home/mustardking/ws_sensor_combined/install/px4_msgs/include/px4_msgs/px4_msgs/msg/detail/position_setpoint_triplet__builder.hpp\n'}
[0.972673] (px4_msgs) StdoutLine: {'line': b'-- Up-to-date: /home/mustardking/ws_sensor_combined/install/px4_msgs/include/px4_msgs/px4_msgs/msg/detail/vehicle_odometry__struct.hpp\n'}
[0.972696] (px4_msgs) StdoutLine: {'line': b'-- Up-to-date: /home/mustardking/ws_sensor_combined/install/px4_msgs/include/px4_msgs/px4_msgs/msg/detail/takeoff_status__type_support.hpp\n'}
[0.972717] (px4_msgs) StdoutLine: {'line': b'-- Up-to-date: /home/mustardking/ws_sensor_combined/install/px4_msgs/include/px4_msgs/px4_msgs/msg/detail/estimator_aid_source1d__type_support.hpp\n'}
[0.972739] (px4_msgs) StdoutLine: {'line': b'-- Up-to-date: /home/mustardking/ws_sensor_combined/install/px4_msgs/include/px4_msgs/px4_msgs/msg/detail/parameter_set_used_request__traits.hpp\n'}
[0.972761] (px4_msgs) StdoutLine: {'line': b'-- Up-to-date: /home/mustardking/ws_sensor_combined/install/px4_msgs/include/px4_msgs/px4_msgs/msg/detail/internal_combustion_engine_status__type_support.hpp\n'}
[0.972783] (px4_msgs) StdoutLine: {'line': b'-- Up-to-date: /home/mustardking/ws_sensor_combined/install/px4_msgs/include/px4_msgs/px4_msgs/msg/detail/mount_orientation__type_support.hpp\n'}
[0.972805] (px4_msgs) StdoutLine: {'line': b'-- Up-to-date: /home/mustardking/ws_sensor_combined/install/px4_msgs/include/px4_msgs/px4_msgs/msg/detail/parameter_set_value_request__type_support.hpp\n'}
[0.972827] (px4_msgs) StdoutLine: {'line': b'-- Up-to-date: /home/mustardking/ws_sensor_combined/install/px4_msgs/include/px4_msgs/px4_msgs/msg/detail/rover_attitude_status__builder.hpp\n'}
[0.972915] (px4_msgs) StdoutLine: {'line': b'-- Up-to-date: /home/mustardking/ws_sensor_combined/install/px4_msgs/include/px4_msgs/px4_msgs/msg/detail/esc_report__builder.hpp\n'}
[0.972941] (px4_msgs) StdoutLine: {'line': b'-- Up-to-date: /home/mustardking/ws_sensor_combined/install/px4_msgs/include/px4_msgs/px4_msgs/msg/detail/vehicle_angular_velocity__traits.hpp\n'}
[0.972962] (px4_msgs) StdoutLine: {'line': b'-- Up-to-date: /home/mustardking/ws_sensor_combined/install/px4_msgs/include/px4_msgs/px4_msgs/msg/detail/actuator_servos__type_support.hpp\n'}
[0.972984] (px4_msgs) StdoutLine: {'line': b'-- Up-to-date: /home/mustardking/ws_sensor_combined/install/px4_msgs/include/px4_msgs/px4_msgs/msg/detail/manual_control_setpoint__struct.hpp\n'}
[0.973006] (px4_msgs) StdoutLine: {'line': b'-- Up-to-date: /home/mustardking/ws_sensor_combined/install/px4_msgs/include/px4_msgs/px4_msgs/msg/detail/vehicle_attitude_setpoint__builder.hpp\n'}
[0.973029] (px4_msgs) StdoutLine: {'line': b'-- Up-to-date: /home/mustardking/ws_sensor_combined/install/px4_msgs/include/px4_msgs/px4_msgs/msg/detail/uavcan_parameter_value__type_support.hpp\n'}
[0.973053] (px4_msgs) StdoutLine: {'line': b'-- Up-to-date: /home/mustardking/ws_sensor_combined/install/px4_msgs/include/px4_msgs/px4_msgs/msg/detail/actuator_motors__struct.hpp\n'}
[0.973078] (px4_msgs) StdoutLine: {'line': b'-- Up-to-date: /home/mustardking/ws_sensor_combined/install/px4_msgs/include/px4_msgs/px4_msgs/msg/detail/sensor_gnss_status__struct.hpp\n'}
[0.973103] (px4_msgs) StdoutLine: {'line': b'-- Up-to-date: /home/mustardking/ws_sensor_combined/install/px4_msgs/include/px4_msgs/px4_msgs/msg/detail/estimator_aid_source2d__traits.hpp\n'}
[0.973124] (px4_msgs) StdoutLine: {'line': b'-- Up-to-date: /home/mustardking/ws_sensor_combined/install/px4_msgs/include/px4_msgs/px4_msgs/msg/detail/actuator_controls_status__builder.hpp\n'}
[0.973146] (px4_msgs) StdoutLine: {'line': b'-- Up-to-date: /home/mustardking/ws_sensor_combined/install/px4_msgs/include/px4_msgs/px4_msgs/msg/detail/onboard_computer_status__type_support.hpp\n'}
[0.973169] (px4_msgs) StdoutLine: {'line': b'-- Up-to-date: /home/mustardking/ws_sensor_combined/install/px4_msgs/include/px4_msgs/px4_msgs/msg/detail/sensor_baro__struct.hpp\n'}
[0.973191] (px4_msgs) StdoutLine: {'line': b'-- Up-to-date: /home/mustardking/ws_sensor_combined/install/px4_msgs/include/px4_msgs/px4_msgs/msg/detail/sensor_accel__type_support.hpp\n'}
[0.973212] (px4_msgs) StdoutLine: {'line': b'-- Up-to-date: /home/mustardking/ws_sensor_combined/install/px4_msgs/include/px4_msgs/px4_msgs/msg/detail/airspeed__builder.hpp\n'}
[0.973234] (px4_msgs) StdoutLine: {'line': b'-- Up-to-date: /home/mustardking/ws_sensor_combined/install/px4_msgs/include/px4_msgs/px4_msgs/msg/detail/estimator_aid_source3d__type_support.hpp\n'}
[0.973256] (px4_msgs) StdoutLine: {'line': b'-- Up-to-date: /home/mustardking/ws_sensor_combined/install/px4_msgs/include/px4_msgs/px4_msgs/msg/detail/internal_combustion_engine_control__builder.hpp\n'}
[0.973293] (px4_msgs) StdoutLine: {'line': b'-- Up-to-date: /home/mustardking/ws_sensor_combined/install/px4_msgs/include/px4_msgs/px4_msgs/msg/detail/yaw_estimator_status__type_support.hpp\n'}
[0.973316] (px4_msgs) StdoutLine: {'line': b'-- Up-to-date: /home/mustardking/ws_sensor_combined/install/px4_msgs/include/px4_msgs/px4_msgs/msg/detail/dataman_request__traits.hpp\n'}
[0.973338] (px4_msgs) StdoutLine: {'line': b'-- Up-to-date: /home/mustardking/ws_sensor_combined/install/px4_msgs/include/px4_msgs/px4_msgs/msg/detail/battery_status__builder.hpp\n'}
[0.973359] (px4_msgs) StdoutLine: {'line': b'-- Up-to-date: /home/mustardking/ws_sensor_combined/install/px4_msgs/include/px4_msgs/px4_msgs/msg/detail/vehicle_local_position_setpoint__builder.hpp\n'}
[0.973381] (px4_msgs) StdoutLine: {'line': b'-- Up-to-date: /home/mustardking/ws_sensor_combined/install/px4_msgs/include/px4_msgs/px4_msgs/msg/detail/register_ext_component_reply__struct.hpp\n'}
[0.973403] (px4_msgs) StdoutLine: {'line': b'-- Up-to-date: /home/mustardking/ws_sensor_combined/install/px4_msgs/include/px4_msgs/px4_msgs/msg/detail/landing_gear_wheel__builder.hpp\n'}
[0.973425] (px4_msgs) StdoutLine: {'line': b'-- Up-to-date: /home/mustardking/ws_sensor_combined/install/px4_msgs/include/px4_msgs/px4_msgs/msg/detail/sensors_status_imu__traits.hpp\n'}
[0.973447] (px4_msgs) StdoutLine: {'line': b'-- Up-to-date: /home/mustardking/ws_sensor_combined/install/px4_msgs/include/px4_msgs/px4_msgs/msg/detail/power_button_state__traits.hpp\n'}
[0.973470] (px4_msgs) StdoutLine: {'line': b'-- Up-to-date: /home/mustardking/ws_sensor_combined/install/px4_msgs/include/px4_msgs/px4_msgs/msg/detail/trajectory_setpoint__traits.hpp\n'}
[0.973491] (px4_msgs) StdoutLine: {'line': b'-- Up-to-date: /home/mustardking/ws_sensor_combined/install/px4_msgs/include/px4_msgs/px4_msgs/msg/detail/wind__builder.hpp\n'}
[0.973513] (px4_msgs) StdoutLine: {'line': b'-- Up-to-date: /home/mustardking/ws_sensor_combined/install/px4_msgs/include/px4_msgs/px4_msgs/msg/detail/mission__type_support.hpp\n'}
[0.973535] (px4_msgs) StdoutLine: {'line': b'-- Up-to-date: /home/mustardking/ws_sensor_combined/install/px4_msgs/include/px4_msgs/px4_msgs/msg/detail/register_ext_component_request__traits.hpp\n'}
[0.973576] (px4_msgs) StdoutLine: {'line': b'-- Up-to-date: /home/mustardking/ws_sensor_combined/install/px4_msgs/include/px4_msgs/px4_msgs/msg/detail/mission__traits.hpp\n'}
[0.973598] (px4_msgs) StdoutLine: {'line': b'-- Up-to-date: /home/mustardking/ws_sensor_combined/install/px4_msgs/include/px4_msgs/px4_msgs/msg/detail/orb_test__struct.hpp\n'}
[0.973621] (px4_msgs) StdoutLine: {'line': b'-- Up-to-date: /home/mustardking/ws_sensor_combined/install/px4_msgs/include/px4_msgs/px4_msgs/msg/detail/debug_value__builder.hpp\n'}
[0.973643] (px4_msgs) StdoutLine: {'line': b'-- Up-to-date: /home/mustardking/ws_sensor_combined/install/px4_msgs/include/px4_msgs/px4_msgs/msg/detail/vehicle_imu__struct.hpp\n'}
[0.973677] (px4_msgs) StdoutLine: {'line': b'-- Up-to-date: /home/mustardking/ws_sensor_combined/install/px4_msgs/include/px4_msgs/px4_msgs/msg/detail/home_position__builder.hpp\n'}
[0.973700] (px4_msgs) StdoutLine: {'line': b'-- Up-to-date: /home/mustardking/ws_sensor_combined/install/px4_msgs/include/px4_msgs/px4_msgs/msg/detail/follow_target_status__builder.hpp\n'}
[0.973722] (px4_msgs) StdoutLine: {'line': b'-- Up-to-date: /home/mustardking/ws_sensor_combined/install/px4_msgs/include/px4_msgs/px4_msgs/msg/detail/ulog_stream_ack__traits.hpp\n'}
[0.973743] (px4_msgs) StdoutLine: {'line': b'-- Up-to-date: /home/mustardking/ws_sensor_combined/install/px4_msgs/include/px4_msgs/px4_msgs/msg/detail/led_control__builder.hpp\n'}
[0.973768] (px4_msgs) StdoutLine: {'line': b'-- Up-to-date: /home/mustardking/ws_sensor_combined/install/px4_msgs/include/px4_msgs/px4_msgs/msg/detail/estimator_innovations__struct.hpp\n'}
[0.973792] (px4_msgs) StdoutLine: {'line': b'-- Up-to-date: /home/mustardking/ws_sensor_combined/install/px4_msgs/include/px4_msgs/px4_msgs/msg/detail/gimbal_device_attitude_status__builder.hpp\n'}
[0.973814] (px4_msgs) StdoutLine: {'line': b'-- Up-to-date: /home/mustardking/ws_sensor_combined/install/px4_msgs/include/px4_msgs/px4_msgs/msg/detail/debug_key_value__type_support.hpp\n'}
[0.973836] (px4_msgs) StdoutLine: {'line': b'-- Up-to-date: /home/mustardking/ws_sensor_combined/install/px4_msgs/include/px4_msgs/px4_msgs/msg/detail/figure_eight_status__traits.hpp\n'}
[0.973859] (px4_msgs) StdoutLine: {'line': b'-- Up-to-date: /home/mustardking/ws_sensor_combined/install/px4_msgs/include/px4_msgs/px4_msgs/msg/detail/gpio_request__type_support.hpp\n'}
[0.973881] (px4_msgs) StdoutLine: {'line': b'-- Up-to-date: /home/mustardking/ws_sensor_combined/install/px4_msgs/include/px4_msgs/px4_msgs/msg/detail/offboard_control_mode__builder.hpp\n'}
[0.973903] (px4_msgs) StdoutLine: {'line': b'-- Up-to-date: /home/mustardking/ws_sensor_combined/install/px4_msgs/include/px4_msgs/px4_msgs/msg/detail/sensor_correction__type_support.hpp\n'}
[0.973925] (px4_msgs) StdoutLine: {'line': b'-- Up-to-date: /home/mustardking/ws_sensor_combined/install/px4_msgs/include/px4_msgs/px4_msgs/msg/detail/gimbal_manager_status__struct.hpp\n'}
[0.973947] (px4_msgs) StdoutLine: {'line': b'-- Up-to-date: /home/mustardking/ws_sensor_combined/install/px4_msgs/include/px4_msgs/px4_msgs/msg/detail/vehicle_odometry__traits.hpp\n'}
[0.973968] (px4_msgs) StdoutLine: {'line': b'-- Up-to-date: /home/mustardking/ws_sensor_combined/install/px4_msgs/include/px4_msgs/px4_msgs/msg/detail/differential_pressure__type_support.hpp\n'}
[0.973991] (px4_msgs) StdoutLine: {'line': b'-- Up-to-date: /home/mustardking/ws_sensor_combined/install/px4_msgs/include/px4_msgs/px4_msgs/msg/detail/tune_control__traits.hpp\n'}
[0.974012] (px4_msgs) StdoutLine: {'line': b'-- Up-to-date: /home/mustardking/ws_sensor_combined/install/px4_msgs/include/px4_msgs/px4_msgs/msg/detail/ping__type_support.hpp\n'}
[0.974035] (px4_msgs) StdoutLine: {'line': b'-- Up-to-date: /home/mustardking/ws_sensor_combined/install/px4_msgs/include/px4_msgs/px4_msgs/msg/detail/fixed_wing_longitudinal_setpoint__traits.hpp\n'}
[0.974057] (px4_msgs) StdoutLine: {'line': b'-- Up-to-date: /home/mustardking/ws_sensor_combined/install/px4_msgs/include/px4_msgs/px4_msgs/msg/detail/rover_attitude_status__struct.hpp\n'}
[0.974081] (px4_msgs) StdoutLine: {'line': b'-- Up-to-date: /home/mustardking/ws_sensor_combined/install/px4_msgs/include/px4_msgs/px4_msgs/msg/detail/goto_setpoint__traits.hpp\n'}
[0.974103] (px4_msgs) StdoutLine: {'line': b'-- Up-to-date: /home/mustardking/ws_sensor_combined/install/px4_msgs/include/px4_msgs/px4_msgs/msg/detail/pps_capture__traits.hpp\n'}
[0.974124] (px4_msgs) StdoutLine: {'line': b'-- Up-to-date: /home/mustardking/ws_sensor_combined/install/px4_msgs/include/px4_msgs/px4_msgs/msg/detail/gimbal_device_set_attitude__builder.hpp\n'}
[0.974146] (px4_msgs) StdoutLine: {'line': b'-- Up-to-date: /home/mustardking/ws_sensor_combined/install/px4_msgs/include/px4_msgs/px4_msgs/msg/detail/sensor_selection__type_support.hpp\n'}
[0.974168] (px4_msgs) StdoutLine: {'line': b'-- Up-to-date: /home/mustardking/ws_sensor_combined/install/px4_msgs/include/px4_msgs/px4_msgs/msg/detail/orbit_status__builder.hpp\n'}
[0.974190] (px4_msgs) StdoutLine: {'line': b'-- Up-to-date: /home/mustardking/ws_sensor_combined/install/px4_msgs/include/px4_msgs/px4_msgs/msg/detail/gripper__type_support.hpp\n'}
[0.974227] (px4_msgs) StdoutLine: {'line': b'-- Up-to-date: /home/mustardking/ws_sensor_combined/install/px4_msgs/include/px4_msgs/px4_msgs/msg/detail/parameter_reset_request__builder.hpp\n'}
[0.974250] (px4_msgs) StdoutLine: {'line': b'-- Up-to-date: /home/mustardking/ws_sensor_combined/install/px4_msgs/include/px4_msgs/px4_msgs/msg/detail/landing_target_innovations__builder.hpp\n'}
[0.974272] (px4_msgs) StdoutLine: {'line': b'-- Up-to-date: /home/mustardking/ws_sensor_combined/install/px4_msgs/include/px4_msgs/px4_msgs/msg/detail/tiltrotor_extra_controls__type_support.hpp\n'}
[0.974294] (px4_msgs) StdoutLine: {'line': b'-- Up-to-date: /home/mustardking/ws_sensor_combined/install/px4_msgs/include/px4_msgs/px4_msgs/msg/detail/arming_check_request__struct.hpp\n'}
[0.974316] (px4_msgs) StdoutLine: {'line': b'-- Up-to-date: /home/mustardking/ws_sensor_combined/install/px4_msgs/include/px4_msgs/px4_msgs/msg/detail/debug_value__traits.hpp\n'}
[0.974338] (px4_msgs) StdoutLine: {'line': b'-- Up-to-date: /home/mustardking/ws_sensor_combined/install/px4_msgs/include/px4_msgs/px4_msgs/msg/detail/ulog_stream__builder.hpp\n'}
[0.974360] (px4_msgs) StdoutLine: {'line': b'-- Up-to-date: /home/mustardking/ws_sensor_combined/install/px4_msgs/include/px4_msgs/px4_msgs/msg/detail/trajectory_setpoint6dof__struct.hpp\n'}
[0.974382] (px4_msgs) StdoutLine: {'line': b'-- Up-to-date: /home/mustardking/ws_sensor_combined/install/px4_msgs/include/px4_msgs/px4_msgs/msg/detail/actuator_servos__struct.hpp\n'}
[0.974407] (px4_msgs) StdoutLine: {'line': b'-- Up-to-date: /home/mustardking/ws_sensor_combined/install/px4_msgs/include/px4_msgs/px4_msgs/msg/detail/vehicle_roi__type_support.hpp\n'}
[0.974429] (px4_msgs) StdoutLine: {'line': b'-- Up-to-date: /home/mustardking/ws_sensor_combined/install/px4_msgs/include/px4_msgs/px4_msgs/msg/detail/position_setpoint__type_support.hpp\n'}
[0.974451] (px4_msgs) StdoutLine: {'line': b'-- Up-to-date: /home/mustardking/ws_sensor_combined/install/px4_msgs/include/px4_msgs/px4_msgs/msg/detail/vehicle_global_position__type_support.hpp\n'}
[0.974491] (px4_msgs) StdoutLine: {'line': b'-- Up-to-date: /home/mustardking/ws_sensor_combined/install/px4_msgs/include/px4_msgs/px4_msgs/msg/detail/mission_result__struct.hpp\n'}
[0.974515] (px4_msgs) StdoutLine: {'line': b'-- Up-to-date: /home/mustardking/ws_sensor_combined/install/px4_msgs/include/px4_msgs/px4_msgs/msg/detail/gimbal_manager_set_attitude__type_support.hpp\n'}
[0.974537] (px4_msgs) StdoutLine: {'line': b'-- Up-to-date: /home/mustardking/ws_sensor_combined/install/px4_msgs/include/px4_msgs/px4_msgs/msg/detail/manual_control_switches__traits.hpp\n'}
[0.974559] (px4_msgs) StdoutLine: {'line': b'-- Up-to-date: /home/mustardking/ws_sensor_combined/install/px4_msgs/include/px4_msgs/px4_msgs/msg/detail/rover_attitude_setpoint__builder.hpp\n'}
[0.974581] (px4_msgs) StdoutLine: {'line': b'-- Up-to-date: /home/mustardking/ws_sensor_combined/install/px4_msgs/include/px4_msgs/px4_msgs/msg/detail/trajectory_setpoint6dof__type_support.hpp\n'}
[0.974605] (px4_msgs) StdoutLine: {'line': b'-- Up-to-date: /home/mustardking/ws_sensor_combined/install/px4_msgs/include/px4_msgs/px4_msgs/msg/detail/arming_check_reply__builder.hpp\n'}
[0.974627] (px4_msgs) StdoutLine: {'line': b'-- Up-to-date: /home/mustardking/ws_sensor_combined/install/px4_msgs/include/px4_msgs/px4_msgs/msg/detail/camera_capture__type_support.hpp\n'}
[0.974649] (px4_msgs) StdoutLine: {'line': b'-- Up-to-date: /home/mustardking/ws_sensor_combined/install/px4_msgs/include/px4_msgs/px4_msgs/msg/detail/gripper__struct.hpp\n'}
[0.974671] (px4_msgs) StdoutLine: {'line': b'-- Up-to-date: /home/mustardking/ws_sensor_combined/install/px4_msgs/include/px4_msgs/px4_msgs/msg/detail/rover_position_setpoint__builder.hpp\n'}
[0.974693] (px4_msgs) StdoutLine: {'line': b'-- Up-to-date: /home/mustardking/ws_sensor_combined/install/px4_msgs/include/px4_msgs/px4_msgs/msg/detail/parameter_reset_request__type_support.hpp\n'}
[0.974715] (px4_msgs) StdoutLine: {'line': b'-- Up-to-date: /home/mustardking/ws_sensor_combined/install/px4_msgs/include/px4_msgs/px4_msgs/msg/detail/fixed_wing_lateral_status__traits.hpp\n'}
[0.974736] (px4_msgs) StdoutLine: {'line': b'-- Up-to-date: /home/mustardking/ws_sensor_combined/install/px4_msgs/include/px4_msgs/px4_msgs/msg/detail/neural_control__type_support.hpp\n'}
[0.974762] (px4_msgs) StdoutLine: {'line': b'-- Up-to-date: /home/mustardking/ws_sensor_combined/install/px4_msgs/include/px4_msgs/px4_msgs/msg/detail/takeoff_status__struct.hpp\n'}
[0.974791] (px4_msgs) StdoutLine: {'line': b'-- Up-to-date: /home/mustardking/ws_sensor_combined/install/px4_msgs/include/px4_msgs/px4_msgs/msg/detail/orb_test_large__builder.hpp\n'}
[0.974814] (px4_msgs) StdoutLine: {'line': b'-- Up-to-date: /home/mustardking/ws_sensor_combined/install/px4_msgs/include/px4_msgs/px4_msgs/msg/detail/estimator_gps_status__struct.hpp\n'}
[0.974836] (px4_msgs) StdoutLine: {'line': b'-- Up-to-date: /home/mustardking/ws_sensor_combined/install/px4_msgs/include/px4_msgs/px4_msgs/msg/detail/vehicle_local_position_setpoint__struct.hpp\n'}
[0.974858] (px4_msgs) StdoutLine: {'line': b'-- Up-to-date: /home/mustardking/ws_sensor_combined/install/px4_msgs/include/px4_msgs/px4_msgs/msg/detail/rc_channels__traits.hpp\n'}
[0.974880] (px4_msgs) StdoutLine: {'line': b'-- Up-to-date: /home/mustardking/ws_sensor_combined/install/px4_msgs/include/px4_msgs/px4_msgs/msg/detail/rover_position_setpoint__type_support.hpp\n'}
[0.974901] (px4_msgs) StdoutLine: {'line': b'-- Up-to-date: /home/mustardking/ws_sensor_combined/install/px4_msgs/include/px4_msgs/px4_msgs/msg/detail/fixed_wing_lateral_status__struct.hpp\n'}
[0.974923] (px4_msgs) StdoutLine: {'line': b'-- Up-to-date: /home/mustardking/ws_sensor_combined/install/px4_msgs/include/px4_msgs/px4_msgs/msg/detail/rc_parameter_map__struct.hpp\n'}
[0.974946] (px4_msgs) StdoutLine: {'line': b'-- Up-to-date: /home/mustardking/ws_sensor_combined/install/px4_msgs/include/px4_msgs/px4_msgs/msg/detail/estimator_event_flags__traits.hpp\n'}
[0.974968] (px4_msgs) StdoutLine: {'line': b'-- Up-to-date: /home/mustardking/ws_sensor_combined/install/px4_msgs/include/px4_msgs/px4_msgs/msg/detail/position_controller_status__traits.hpp\n'}
[0.974990] (px4_msgs) StdoutLine: {'line': b'-- Up-to-date: /home/mustardking/ws_sensor_combined/install/px4_msgs/include/px4_msgs/px4_msgs/msg/detail/differential_pressure__builder.hpp\n'}
[0.975012] (px4_msgs) StdoutLine: {'line': b'-- Up-to-date: /home/mustardking/ws_sensor_combined/install/px4_msgs/include/px4_msgs/px4_msgs/msg/detail/estimator_sensor_bias__traits.hpp\n'}
[0.975034] (px4_msgs) StdoutLine: {'line': b'-- Up-to-date: /home/mustardking/ws_sensor_combined/install/px4_msgs/include/px4_msgs/px4_msgs/msg/detail/open_drone_id_operator_id__traits.hpp\n'}
[0.975058] (px4_msgs) StdoutLine: {'line': b'-- Up-to-date: /home/mustardking/ws_sensor_combined/install/px4_msgs/include/px4_msgs/px4_msgs/msg/detail/vehicle_command__builder.hpp\n'}
[0.975081] (px4_msgs) StdoutLine: {'line': b'-- Up-to-date: /home/mustardking/ws_sensor_combined/install/px4_msgs/include/px4_msgs/px4_msgs/msg/detail/mode_completed__type_support.hpp\n'}
[0.975103] (px4_msgs) StdoutLine: {'line': b'-- Up-to-date: /home/mustardking/ws_sensor_combined/install/px4_msgs/include/px4_msgs/px4_msgs/msg/detail/rover_throttle_setpoint__builder.hpp\n'}
[0.975125] (px4_msgs) StdoutLine: {'line': b'-- Up-to-date: /home/mustardking/ws_sensor_combined/install/px4_msgs/include/px4_msgs/px4_msgs/msg/detail/position_setpoint__builder.hpp\n'}
[0.975150] (px4_msgs) StdoutLine: {'line': b'-- Up-to-date: /home/mustardking/ws_sensor_combined/install/px4_msgs/include/px4_msgs/px4_msgs/msg/detail/iridiumsbd_status__struct.hpp\n'}
[0.975172] (px4_msgs) StdoutLine: {'line': b'-- Up-to-date: /home/mustardking/ws_sensor_combined/install/px4_msgs/include/px4_msgs/px4_msgs/msg/detail/battery_info__traits.hpp\n'}
[0.975194] (px4_msgs) StdoutLine: {'line': b'-- Up-to-date: /home/mustardking/ws_sensor_combined/install/px4_msgs/include/px4_msgs/px4_msgs/msg/detail/home_position__struct.hpp\n'}
[0.975217] (px4_msgs) StdoutLine: {'line': b'-- Up-to-date: /home/mustardking/ws_sensor_combined/install/px4_msgs/include/px4_msgs/px4_msgs/msg/detail/sensor_gyro_fifo__struct.hpp\n'}
[0.975238] (px4_msgs) StdoutLine: {'line': b'-- Up-to-date: /home/mustardking/ws_sensor_combined/install/px4_msgs/include/px4_msgs/px4_msgs/msg/detail/velocity_limits__struct.hpp\n'}
[0.975260] (px4_msgs) StdoutLine: {'line': b'-- Up-to-date: /home/mustardking/ws_sensor_combined/install/px4_msgs/include/px4_msgs/px4_msgs/msg/detail/satellite_info__traits.hpp\n'}
[0.975282] (px4_msgs) StdoutLine: {'line': b'-- Up-to-date: /home/mustardking/ws_sensor_combined/install/px4_msgs/include/px4_msgs/px4_msgs/msg/detail/debug_array__traits.hpp\n'}
[0.975304] (px4_msgs) StdoutLine: {'line': b'-- Up-to-date: /home/mustardking/ws_sensor_combined/install/px4_msgs/include/px4_msgs/px4_msgs/msg/detail/vehicle_control_mode__traits.hpp\n'}
[0.975347] (px4_msgs) StdoutLine: {'line': b'-- Up-to-date: /home/mustardking/ws_sensor_combined/install/px4_msgs/include/px4_msgs/px4_msgs/msg/detail/health_report__type_support.hpp\n'}
[0.975372] (px4_msgs) StdoutLine: {'line': b'-- Up-to-date: /home/mustardking/ws_sensor_combined/install/px4_msgs/include/px4_msgs/px4_msgs/msg/detail/radio_status__builder.hpp\n'}
[0.975401] (px4_msgs) StdoutLine: {'line': b'-- Up-to-date: /home/mustardking/ws_sensor_combined/install/px4_msgs/include/px4_msgs/px4_msgs/msg/detail/flight_phase_estimation__struct.hpp\n'}
[0.975423] (px4_msgs) StdoutLine: {'line': b'-- Up-to-date: /home/mustardking/ws_sensor_combined/install/px4_msgs/include/px4_msgs/px4_msgs/msg/detail/vehicle_roi__struct.hpp\n'}
[0.975445] (px4_msgs) StdoutLine: {'line': b'-- Up-to-date: /home/mustardking/ws_sensor_combined/install/px4_msgs/include/px4_msgs/px4_msgs/msg/detail/follow_target_status__struct.hpp\n'}
[0.975467] (px4_msgs) StdoutLine: {'line': b'-- Up-to-date: /home/mustardking/ws_sensor_combined/install/px4_msgs/include/px4_msgs/px4_msgs/msg/detail/ekf2_timestamps__struct.hpp\n'}
[0.975489] (px4_msgs) StdoutLine: {'line': b'-- Up-to-date: /home/mustardking/ws_sensor_combined/install/px4_msgs/include/px4_msgs/px4_msgs/msg/detail/dronecan_node_status__type_support.hpp\n'}
[0.975511] (px4_msgs) StdoutLine: {'line': b'-- Up-to-date: /home/mustardking/ws_sensor_combined/install/px4_msgs/include/px4_msgs/px4_msgs/msg/detail/autotune_attitude_control_status__type_support.hpp\n'}
[0.975534] (px4_msgs) StdoutLine: {'line': b'-- Up-to-date: /home/mustardking/ws_sensor_combined/install/px4_msgs/include/px4_msgs/px4_msgs/msg/detail/actuator_servos_trim__traits.hpp\n'}
[0.975556] (px4_msgs) StdoutLine: {'line': b'-- Up-to-date: /home/mustardking/ws_sensor_combined/install/px4_msgs/include/px4_msgs/px4_msgs/msg/detail/sensor_combined__type_support.hpp\n'}
[0.975578] (px4_msgs) StdoutLine: {'line': b'-- Up-to-date: /home/mustardking/ws_sensor_combined/install/px4_msgs/include/px4_msgs/px4_msgs/msg/detail/input_rc__builder.hpp\n'}
[0.975601] (px4_msgs) StdoutLine: {'line': b'-- Up-to-date: /home/mustardking/ws_sensor_combined/install/px4_msgs/include/px4_msgs/px4_msgs/msg/detail/fixed_wing_lateral_setpoint__traits.hpp\n'}
[0.975623] (px4_msgs) StdoutLine: {'line': b'-- Up-to-date: /home/mustardking/ws_sensor_combined/install/px4_msgs/include/px4_msgs/px4_msgs/msg/detail/estimator_gps_status__traits.hpp\n'}
[0.975645] (px4_msgs) StdoutLine: {'line': b'-- Up-to-date: /home/mustardking/ws_sensor_combined/install/px4_msgs/include/px4_msgs/px4_msgs/msg/detail/actuator_controls_status__traits.hpp\n'}
[0.975667] (px4_msgs) StdoutLine: {'line': b'-- Up-to-date: /home/mustardking/ws_sensor_combined/install/px4_msgs/include/px4_msgs/px4_msgs/msg/detail/vehicle_angular_velocity__struct.hpp\n'}
[0.975691] (px4_msgs) StdoutLine: {'line': b'-- Up-to-date: /home/mustardking/ws_sensor_combined/install/px4_msgs/include/px4_msgs/px4_msgs/msg/detail/landing_target_innovations__struct.hpp\n'}
[0.975713] (px4_msgs) StdoutLine: {'line': b'-- Up-to-date: /home/mustardking/ws_sensor_combined/install/px4_msgs/include/px4_msgs/px4_msgs/msg/detail/mavlink_log__type_support.hpp\n'}
[0.975735] (px4_msgs) StdoutLine: {'line': b'-- Up-to-date: /home/mustardking/ws_sensor_combined/install/px4_msgs/include/px4_msgs/px4_msgs/msg/detail/goto_setpoint__struct.hpp\n'}
[0.975757] (px4_msgs) StdoutLine: {'line': b'-- Up-to-date: /home/mustardking/ws_sensor_combined/install/px4_msgs/include/px4_msgs/px4_msgs/msg/detail/actuator_armed__traits.hpp\n'}
[0.975779] (px4_msgs) StdoutLine: {'line': b'-- Up-to-date: /home/mustardking/ws_sensor_combined/install/px4_msgs/include/px4_msgs/px4_msgs/msg/detail/event__struct.hpp\n'}
[0.975801] (px4_msgs) StdoutLine: {'line': b'-- Up-to-date: /home/mustardking/ws_sensor_combined/install/px4_msgs/include/px4_msgs/px4_msgs/msg/detail/sensor_gyro_fifo__type_support.hpp\n'}
[0.975823] (px4_msgs) StdoutLine: {'line': b'-- Up-to-date: /home/mustardking/ws_sensor_combined/install/px4_msgs/include/px4_msgs/px4_msgs/msg/detail/sensor_hygrometer__type_support.hpp\n'}
[0.975847] (px4_msgs) StdoutLine: {'line': b'-- Up-to-date: /home/mustardking/ws_sensor_combined/install/px4_msgs/include/px4_msgs/px4_msgs/msg/detail/collision_constraints__type_support.hpp\n'}
[0.975870] (px4_msgs) StdoutLine: {'line': b'-- Up-to-date: /home/mustardking/ws_sensor_combined/install/px4_msgs/include/px4_msgs/px4_msgs/msg/detail/fixed_wing_lateral_guidance_status__struct.hpp\n'}
[0.975903] (px4_msgs) StdoutLine: {'line': b'-- Up-to-date: /home/mustardking/ws_sensor_combined/install/px4_msgs/include/px4_msgs/px4_msgs/msg/detail/sensor_gnss_relative__struct.hpp\n'}
[0.975925] (px4_msgs) StdoutLine: {'line': b'-- Up-to-date: /home/mustardking/ws_sensor_combined/install/px4_msgs/include/px4_msgs/px4_msgs/msg/detail/adc_report__builder.hpp\n'}
[0.975947] (px4_msgs) StdoutLine: {'line': b'-- Up-to-date: /home/mustardking/ws_sensor_combined/install/px4_msgs/include/px4_msgs/px4_msgs/msg/detail/lateral_control_configuration__builder.hpp\n'}
[0.975970] (px4_msgs) StdoutLine: {'line': b'-- Up-to-date: /home/mustardking/ws_sensor_combined/install/px4_msgs/include/px4_msgs/px4_msgs/msg/detail/estimator_bias3d__builder.hpp\n'}
[0.975992] (px4_msgs) StdoutLine: {'line': b'-- Up-to-date: /home/mustardking/ws_sensor_combined/install/px4_msgs/include/px4_msgs/px4_msgs/msg/detail/failsafe_flags__builder.hpp\n'}
[0.976013] (px4_msgs) StdoutLine: {'line': b'-- Up-to-date: /home/mustardking/ws_sensor_combined/install/px4_msgs/include/px4_msgs/px4_msgs/msg/detail/position_controller_landing_status__builder.hpp\n'}
[0.976036] (px4_msgs) StdoutLine: {'line': b'-- Up-to-date: /home/mustardking/ws_sensor_combined/install/px4_msgs/include/px4_msgs/px4_msgs/msg/detail/yaw_estimator_status__traits.hpp\n'}
[0.976057] (px4_msgs) StdoutLine: {'line': b'-- Up-to-date: /home/mustardking/ws_sensor_combined/install/px4_msgs/include/px4_msgs/px4_msgs/msg/detail/gimbal_manager_status__builder.hpp\n'}
[0.976089] (px4_msgs) StdoutLine: {'line': b'-- Up-to-date: /home/mustardking/ws_sensor_combined/install/px4_msgs/include/px4_msgs/px4_msgs/msg/detail/figure_eight_status__struct.hpp\n'}
[0.976113] (px4_msgs) StdoutLine: {'line': b'-- Up-to-date: /home/mustardking/ws_sensor_combined/install/px4_msgs/include/px4_msgs/px4_msgs/msg/detail/debug_vect__traits.hpp\n'}
[0.976135] (px4_msgs) StdoutLine: {'line': b'-- Up-to-date: /home/mustardking/ws_sensor_combined/install/px4_msgs/include/px4_msgs/px4_msgs/msg/detail/pure_pursuit_status__type_support.hpp\n'}
[0.976158] (px4_msgs) StdoutLine: {'line': b'-- Up-to-date: /home/mustardking/ws_sensor_combined/install/px4_msgs/include/px4_msgs/px4_msgs/msg/detail/ulog_stream_ack__struct.hpp\n'}
[0.976180] (px4_msgs) StdoutLine: {'line': b'-- Up-to-date: /home/mustardking/ws_sensor_combined/install/px4_msgs/include/px4_msgs/px4_msgs/msg/detail/sensor_mag__type_support.hpp\n'}
[0.976201] (px4_msgs) StdoutLine: {'line': b'-- Up-to-date: /home/mustardking/ws_sensor_combined/install/px4_msgs/include/px4_msgs/px4_msgs/msg/detail/timesync_status__struct.hpp\n'}
[0.976224] (px4_msgs) StdoutLine: {'line': b'-- Up-to-date: /home/mustardking/ws_sensor_combined/install/px4_msgs/include/px4_msgs/px4_msgs/msg/detail/sensor_airflow__struct.hpp\n'}
[0.976246] (px4_msgs) StdoutLine: {'line': b'-- Up-to-date: /home/mustardking/ws_sensor_combined/install/px4_msgs/include/px4_msgs/px4_msgs/msg/detail/lateral_control_configuration__type_support.hpp\n'}
[0.976268] (px4_msgs) StdoutLine: {'line': b'-- Up-to-date: /home/mustardking/ws_sensor_combined/install/px4_msgs/include/px4_msgs/px4_msgs/msg/detail/onboard_computer_status__struct.hpp\n'}
[0.976290] (px4_msgs) StdoutLine: {'line': b'-- Up-to-date: /home/mustardking/ws_sensor_combined/install/px4_msgs/include/px4_msgs/px4_msgs/msg/detail/trajectory_setpoint6dof__builder.hpp\n'}
[0.976312] (px4_msgs) StdoutLine: {'line': b'-- Up-to-date: /home/mustardking/ws_sensor_combined/install/px4_msgs/include/px4_msgs/px4_msgs/msg/detail/sensor_accel_fifo__struct.hpp\n'}
[0.976336] (px4_msgs) StdoutLine: {'line': b'-- Up-to-date: /home/mustardking/ws_sensor_combined/install/px4_msgs/include/px4_msgs/px4_msgs/msg/detail/led_control__traits.hpp\n'}
[0.976358] (px4_msgs) StdoutLine: {'line': b'-- Up-to-date: /home/mustardking/ws_sensor_combined/install/px4_msgs/include/px4_msgs/px4_msgs/msg/detail/vehicle_acceleration__traits.hpp\n'}
[0.976380] (px4_msgs) StdoutLine: {'line': b'-- Up-to-date: /home/mustardking/ws_sensor_combined/install/px4_msgs/include/px4_msgs/px4_msgs/msg/detail/estimator_selector_status__struct.hpp\n'}
[0.976402] (px4_msgs) StdoutLine: {'line': b'-- Up-to-date: /home/mustardking/ws_sensor_combined/install/px4_msgs/include/px4_msgs/px4_msgs/msg/detail/position_setpoint__traits.hpp\n'}
[0.976424] (px4_msgs) StdoutLine: {'line': b'-- Up-to-date: /home/mustardking/ws_sensor_combined/install/px4_msgs/include/px4_msgs/px4_msgs/msg/detail/differential_pressure__struct.hpp\n'}
[0.976446] (px4_msgs) StdoutLine: {'line': b'-- Up-to-date: /home/mustardking/ws_sensor_combined/install/px4_msgs/include/px4_msgs/px4_msgs/msg/detail/sensor_hygrometer__traits.hpp\n'}
[0.976468] (px4_msgs) StdoutLine: {'line': b'-- Up-to-date: /home/mustardking/ws_sensor_combined/install/px4_msgs/include/px4_msgs/px4_msgs/msg/detail/vehicle_attitude__builder.hpp\n'}
[0.976490] (px4_msgs) StdoutLine: {'line': b'-- Up-to-date: /home/mustardking/ws_sensor_combined/install/px4_msgs/include/px4_msgs/px4_msgs/msg/detail/sensor_selection__traits.hpp\n'}
[0.976524] (px4_msgs) StdoutLine: {'line': b'-- Up-to-date: /home/mustardking/ws_sensor_combined/install/px4_msgs/include/px4_msgs/px4_msgs/msg/detail/vehicle_optical_flow_vel__traits.hpp\n'}
[0.976548] (px4_msgs) StdoutLine: {'line': b'-- Up-to-date: /home/mustardking/ws_sensor_combined/install/px4_msgs/include/px4_msgs/px4_msgs/msg/detail/gpio_out__traits.hpp\n'}
[0.976571] (px4_msgs) StdoutLine: {'line': b'-- Up-to-date: /home/mustardking/ws_sensor_combined/install/px4_msgs/include/px4_msgs/px4_msgs/msg/detail/parameter_reset_request__struct.hpp\n'}
[0.976593] (px4_msgs) StdoutLine: {'line': b'-- Up-to-date: /home/mustardking/ws_sensor_combined/install/px4_msgs/include/px4_msgs/px4_msgs/msg/detail/failsafe_flags__type_support.hpp\n'}
[0.976616] (px4_msgs) StdoutLine: {'line': b'-- Up-to-date: /home/mustardking/ws_sensor_combined/install/px4_msgs/include/px4_msgs/px4_msgs/msg/detail/vehicle_control_mode__struct.hpp\n'}
[0.976639] (px4_msgs) StdoutLine: {'line': b'-- Up-to-date: /home/mustardking/ws_sensor_combined/install/px4_msgs/include/px4_msgs/px4_msgs/msg/detail/register_ext_component_reply__type_support.hpp\n'}
[0.976661] (px4_msgs) StdoutLine: {'line': b'-- Up-to-date: /home/mustardking/ws_sensor_combined/install/px4_msgs/include/px4_msgs/px4_msgs/msg/detail/gpio_out__struct.hpp\n'}
[0.976683] (px4_msgs) StdoutLine: {'line': b'-- Up-to-date: /home/mustardking/ws_sensor_combined/install/px4_msgs/include/px4_msgs/px4_msgs/msg/detail/rover_attitude_setpoint__traits.hpp\n'}
[0.976705] (px4_msgs) StdoutLine: {'line': b'-- Up-to-date: /home/mustardking/ws_sensor_combined/install/px4_msgs/include/px4_msgs/px4_msgs/msg/detail/gimbal_manager_status__type_support.hpp\n'}
[0.976727] (px4_msgs) StdoutLine: {'line': b'-- Up-to-date: /home/mustardking/ws_sensor_combined/install/px4_msgs/include/px4_msgs/px4_msgs/msg/detail/parameter_set_value_request__struct.hpp\n'}
[0.976748] (px4_msgs) StdoutLine: {'line': b'-- Up-to-date: /home/mustardking/ws_sensor_combined/install/px4_msgs/include/px4_msgs/px4_msgs/msg/detail/mavlink_tunnel__struct.hpp\n'}
[0.976771] (px4_msgs) StdoutLine: {'line': b'-- Up-to-date: /home/mustardking/ws_sensor_combined/install/px4_msgs/include/px4_msgs/px4_msgs/msg/detail/rover_steering_setpoint__type_support.hpp\n'}
[0.976792] (px4_msgs) StdoutLine: {'line': b'-- Up-to-date: /home/mustardking/ws_sensor_combined/install/px4_msgs/include/px4_msgs/px4_msgs/msg/detail/vehicle_global_position__traits.hpp\n'}
[0.976825] (px4_msgs) StdoutLine: {'line': b'-- Up-to-date: /home/mustardking/ws_sensor_combined/install/px4_msgs/include/px4_msgs/px4_msgs/msg/detail/gps_inject_data__struct.hpp\n'}
[0.976931] (px4_msgs) StdoutLine: {'line': b'-- Up-to-date: /home/mustardking/ws_sensor_combined/install/px4_msgs/include/px4_msgs/px4_msgs/msg/detail/takeoff_status__traits.hpp\n'}
[0.976958] (px4_msgs) StdoutLine: {'line': b'-- Up-to-date: /home/mustardking/ws_sensor_combined/install/px4_msgs/include/px4_msgs/px4_msgs/msg/detail/gpio_config__struct.hpp\n'}
[0.976990] (px4_msgs) StdoutLine: {'line': b'-- Up-to-date: /home/mustardking/ws_sensor_combined/install/px4_msgs/include/px4_msgs/px4_msgs/msg/detail/landing_gear__struct.hpp\n'}
[0.977022] (px4_msgs) StdoutLine: {'line': b'-- Up-to-date: /home/mustardking/ws_sensor_combined/install/px4_msgs/include/px4_msgs/px4_msgs/msg/detail/log_message__type_support.hpp\n'}
[0.977048] (px4_msgs) StdoutLine: {'line': b'-- Up-to-date: /home/mustardking/ws_sensor_combined/install/px4_msgs/include/px4_msgs/px4_msgs/msg/detail/system_power__struct.hpp\n'}
[0.977078] (px4_msgs) StdoutLine: {'line': b'-- Up-to-date: /home/mustardking/ws_sensor_combined/install/px4_msgs/include/px4_msgs/px4_msgs/msg/detail/launch_detection_status__type_support.hpp\n'}
[0.977111] (px4_msgs) StdoutLine: {'line': b'-- Up-to-date: /home/mustardking/ws_sensor_combined/install/px4_msgs/include/px4_msgs/px4_msgs/msg/detail/vehicle_attitude__type_support.hpp\n'}
[0.977135] (px4_msgs) StdoutLine: {'line': b'-- Up-to-date: /home/mustardking/ws_sensor_combined/install/px4_msgs/include/px4_msgs/px4_msgs/msg/detail/logger_status__struct.hpp\n'}
[0.977167] (px4_msgs) StdoutLine: {'line': b'-- Up-to-date: /home/mustardking/ws_sensor_combined/install/px4_msgs/include/px4_msgs/px4_msgs/msg/detail/fixed_wing_runway_control__type_support.hpp\n'}
[0.977199] (px4_msgs) StdoutLine: {'line': b'-- Up-to-date: /home/mustardking/ws_sensor_combined/install/px4_msgs/include/px4_msgs/px4_msgs/msg/detail/camera_status__struct.hpp\n'}
[0.977230] (px4_msgs) StdoutLine: {'line': b'-- Up-to-date: /home/mustardking/ws_sensor_combined/install/px4_msgs/include/px4_msgs/px4_msgs/msg/detail/actuator_outputs__struct.hpp\n'}
[0.977254] (px4_msgs) StdoutLine: {'line': b'-- Up-to-date: /home/mustardking/ws_sensor_combined/install/px4_msgs/include/px4_msgs/px4_msgs/msg/detail/rover_rate_setpoint__struct.hpp\n'}
[0.977278] (px4_msgs) StdoutLine: {'line': b'-- Up-to-date: /home/mustardking/ws_sensor_combined/install/px4_msgs/include/px4_msgs/px4_msgs/msg/detail/tecs_status__type_support.hpp\n'}
[0.977300] (px4_msgs) StdoutLine: {'line': b'-- Up-to-date: /home/mustardking/ws_sensor_combined/install/px4_msgs/include/px4_msgs/px4_msgs/msg/detail/vehicle_thrust_setpoint__builder.hpp\n'}
[0.977322] (px4_msgs) StdoutLine: {'line': b'-- Up-to-date: /home/mustardking/ws_sensor_combined/install/px4_msgs/include/px4_msgs/px4_msgs/msg/detail/mission__struct.hpp\n'}
[0.977361] (px4_msgs) StdoutLine: {'line': b'-- Up-to-date: /home/mustardking/ws_sensor_combined/install/px4_msgs/include/px4_msgs/px4_msgs/msg/detail/actuator_test__traits.hpp\n'}
[0.977409] (px4_msgs) StdoutLine: {'line': b'-- Up-to-date: /home/mustardking/ws_sensor_combined/install/px4_msgs/include/px4_msgs/px4_msgs/msg/detail/open_drone_id_operator_id__type_support.hpp\n'}
[0.977435] (px4_msgs) StdoutLine: {'line': b'-- Up-to-date: /home/mustardking/ws_sensor_combined/install/px4_msgs/include/px4_msgs/px4_msgs/msg/detail/vtol_vehicle_status__traits.hpp\n'}
[0.977471] (px4_msgs) StdoutLine: {'line': b'-- Up-to-date: /home/mustardking/ws_sensor_combined/install/px4_msgs/include/px4_msgs/px4_msgs/msg/detail/telemetry_status__struct.hpp\n'}
[0.977494] (px4_msgs) StdoutLine: {'line': b'-- Up-to-date: /home/mustardking/ws_sensor_combined/install/px4_msgs/include/px4_msgs/px4_msgs/msg/detail/tune_control__struct.hpp\n'}
[0.977518] (px4_msgs) StdoutLine: {'line': b'-- Up-to-date: /home/mustardking/ws_sensor_combined/install/px4_msgs/include/px4_msgs/px4_msgs/msg/detail/sensors_status__traits.hpp\n'}
[0.977541] (px4_msgs) StdoutLine: {'line': b'-- Up-to-date: /home/mustardking/ws_sensor_combined/install/px4_msgs/include/px4_msgs/px4_msgs/msg/detail/gimbal_device_attitude_status__type_support.hpp\n'}
[0.977569] (px4_msgs) StdoutLine: {'line': b'-- Up-to-date: /home/mustardking/ws_sensor_combined/install/px4_msgs/include/px4_msgs/px4_msgs/msg/detail/pure_pursuit_status__builder.hpp\n'}
[0.977609] (px4_msgs) StdoutLine: {'line': b'-- Up-to-date: /home/mustardking/ws_sensor_combined/install/px4_msgs/include/px4_msgs/px4_msgs/msg/detail/gpio_out__type_support.hpp\n'}
[0.977663] (px4_msgs) StdoutLine: {'line': b'-- Up-to-date: /home/mustardking/ws_sensor_combined/install/px4_msgs/include/px4_msgs/px4_msgs/msg/detail/estimator_bias3d__traits.hpp\n'}
[0.977716] (px4_msgs) StdoutLine: {'line': b'-- Up-to-date: /home/mustardking/ws_sensor_combined/install/px4_msgs/include/px4_msgs/px4_msgs/msg/detail/vehicle_command_ack__builder.hpp\n'}
[0.977943] (px4_msgs) StdoutLine: {'line': b'-- Up-to-date: /home/mustardking/ws_sensor_combined/install/px4_msgs/include/px4_msgs/px4_msgs/msg/detail/vehicle_imu__traits.hpp\n'}
[0.978136] (px4_msgs) StdoutLine: {'line': b'-- Up-to-date: /home/mustardking/ws_sensor_combined/install/px4_msgs/include/px4_msgs/px4_msgs/msg/detail/battery_info__type_support.hpp\n'}
[0.978198] (px4_msgs) StdoutLine: {'line': b'-- Up-to-date: /home/mustardking/ws_sensor_combined/install/px4_msgs/include/px4_msgs/px4_msgs/msg/detail/irlock_report__type_support.hpp\n'}
[0.978370] (px4_msgs) StdoutLine: {'line': b'-- Up-to-date: /home/mustardking/ws_sensor_combined/install/px4_msgs/include/px4_msgs/px4_msgs/msg/detail/tecs_status__traits.hpp\n'}
[0.978455] (px4_msgs) StdoutLine: {'line': b'-- Up-to-date: /home/mustardking/ws_sensor_combined/install/px4_msgs/include/px4_msgs/px4_msgs/msg/detail/orbit_status__struct.hpp\n'}
[0.978547] (px4_msgs) StdoutLine: {'line': b'-- Up-to-date: /home/mustardking/ws_sensor_combined/install/px4_msgs/include/px4_msgs/px4_msgs/msg/detail/velocity_limits__type_support.hpp\n'}
[0.978612] (px4_msgs) StdoutLine: {'line': b'-- Up-to-date: /home/mustardking/ws_sensor_combined/install/px4_msgs/include/px4_msgs/px4_msgs/msg/detail/gpio_in__struct.hpp\n'}
[0.978790] (px4_msgs) StdoutLine: {'line': b'-- Up-to-date: /home/mustardking/ws_sensor_combined/install/px4_msgs/include/px4_msgs/px4_msgs/msg/detail/camera_trigger__struct.hpp\n'}
[0.978914] (px4_msgs) StdoutLine: {'line': b'-- Up-to-date: /home/mustardking/ws_sensor_combined/install/px4_msgs/include/px4_msgs/px4_msgs/msg/detail/estimator_event_flags__type_support.hpp\n'}
[0.979085] (px4_msgs) StdoutLine: {'line': b'-- Up-to-date: /home/mustardking/ws_sensor_combined/install/px4_msgs/include/px4_msgs/px4_msgs/msg/detail/parameter_update__struct.hpp\n'}
[0.979184] (px4_msgs) StdoutLine: {'line': b'-- Up-to-date: /home/mustardking/ws_sensor_combined/install/px4_msgs/include/px4_msgs/px4_msgs/msg/detail/camera_status__traits.hpp\n'}
[0.979213] (px4_msgs) StdoutLine: {'line': b'-- Up-to-date: /home/mustardking/ws_sensor_combined/install/px4_msgs/include/px4_msgs/px4_msgs/msg/detail/parameter_set_used_request__builder.hpp\n'}
[0.979236] (px4_msgs) StdoutLine: {'line': b'-- Up-to-date: /home/mustardking/ws_sensor_combined/install/px4_msgs/include/px4_msgs/px4_msgs/msg/detail/open_drone_id_arm_status__builder.hpp\n'}
[0.979329] (px4_msgs) StdoutLine: {'line': b'-- Up-to-date: /home/mustardking/ws_sensor_combined/install/px4_msgs/include/px4_msgs/px4_msgs/msg/detail/sensor_selection__builder.hpp\n'}
[0.979404] (px4_msgs) StdoutLine: {'line': b'-- Up-to-date: /home/mustardking/ws_sensor_combined/install/px4_msgs/include/px4_msgs/px4_msgs/msg/detail/gimbal_manager_information__traits.hpp\n'}
[0.979448] (px4_msgs) StdoutLine: {'line': b'-- Up-to-date: /home/mustardking/ws_sensor_combined/install/px4_msgs/include/px4_msgs/px4_msgs/msg/detail/sensor_gnss_status__builder.hpp\n'}
[0.979524] (px4_msgs) StdoutLine: {'line': b'-- Up-to-date: /home/mustardking/ws_sensor_combined/install/px4_msgs/include/px4_msgs/px4_msgs/msg/detail/rover_rate_status__type_support.hpp\n'}
[0.979704] (px4_msgs) StdoutLine: {'line': b'-- Up-to-date: /home/mustardking/ws_sensor_combined/install/px4_msgs/include/px4_msgs/px4_msgs/msg/detail/camera_capture__struct.hpp\n'}
[0.979776] (px4_msgs) StdoutLine: {'line': b'-- Up-to-date: /home/mustardking/ws_sensor_combined/install/px4_msgs/include/px4_msgs/px4_msgs/msg/detail/open_drone_id_self_id__type_support.hpp\n'}
[0.979875] (px4_msgs) StdoutLine: {'line': b'-- Up-to-date: /home/mustardking/ws_sensor_combined/install/px4_msgs/include/px4_msgs/px4_msgs/msg/detail/gimbal_device_information__type_support.hpp\n'}
[0.980035] (px4_msgs) StdoutLine: {'line': b'-- Up-to-date: /home/mustardking/ws_sensor_combined/install/px4_msgs/include/px4_msgs/px4_msgs/msg/detail/takeoff_status__builder.hpp\n'}
[0.980132] (px4_msgs) StdoutLine: {'line': b'-- Up-to-date: /home/mustardking/ws_sensor_combined/install/px4_msgs/include/px4_msgs/px4_msgs/msg/detail/arming_check_request__type_support.hpp\n'}
[0.980171] (px4_msgs) StdoutLine: {'line': b'-- Up-to-date: /home/mustardking/ws_sensor_combined/install/px4_msgs/include/px4_msgs/px4_msgs/msg/detail/sensor_accel_fifo__builder.hpp\n'}
[0.980200] (px4_msgs) StdoutLine: {'line': b'-- Up-to-date: /home/mustardking/ws_sensor_combined/install/px4_msgs/include/px4_msgs/px4_msgs/msg/detail/control_allocator_status__traits.hpp\n'}
[0.980222] (px4_msgs) StdoutLine: {'line': b'-- Up-to-date: /home/mustardking/ws_sensor_combined/install/px4_msgs/include/px4_msgs/px4_msgs/msg/detail/control_allocator_status__struct.hpp\n'}
[0.980244] (px4_msgs) StdoutLine: {'line': b'-- Up-to-date: /home/mustardking/ws_sensor_combined/install/px4_msgs/include/px4_msgs/px4_msgs/msg/detail/manual_control_switches__type_support.hpp\n'}
[0.980266] (px4_msgs) StdoutLine: {'line': b'-- Up-to-date: /home/mustardking/ws_sensor_combined/install/px4_msgs/include/px4_msgs/px4_msgs/msg/detail/vehicle_land_detected__traits.hpp\n'}
[0.980288] (px4_msgs) StdoutLine: {'line': b'-- Up-to-date: /home/mustardking/ws_sensor_combined/install/px4_msgs/include/px4_msgs/px4_msgs/msg/detail/sensor_preflight_mag__builder.hpp\n'}
[0.980310] (px4_msgs) StdoutLine: {'line': b'-- Up-to-date: /home/mustardking/ws_sensor_combined/install/px4_msgs/include/px4_msgs/px4_msgs/msg/detail/gpio_config__builder.hpp\n'}
[0.980333] (px4_msgs) StdoutLine: {'line': b'-- Up-to-date: /home/mustardking/ws_sensor_combined/install/px4_msgs/include/px4_msgs/px4_msgs/msg/detail/sensor_hygrometer__builder.hpp\n'}
[0.980373] (px4_msgs) StdoutLine: {'line': b'-- Up-to-date: /home/mustardking/ws_sensor_combined/install/px4_msgs/include/px4_msgs/px4_msgs/msg/detail/flight_phase_estimation__traits.hpp\n'}
[0.980395] (px4_msgs) StdoutLine: {'line': b'-- Up-to-date: /home/mustardking/ws_sensor_combined/install/px4_msgs/include/px4_msgs/px4_msgs/msg/detail/can_interface_status__traits.hpp\n'}
[0.980417] (px4_msgs) StdoutLine: {'line': b'-- Up-to-date: /home/mustardking/ws_sensor_combined/install/px4_msgs/include/px4_msgs/px4_msgs/msg/detail/rover_position_setpoint__traits.hpp\n'}
[0.980438] (px4_msgs) StdoutLine: {'line': b'-- Up-to-date: /home/mustardking/ws_sensor_combined/install/px4_msgs/include/px4_msgs/px4_msgs/msg/detail/airspeed__struct.hpp\n'}
[0.980460] (px4_msgs) StdoutLine: {'line': b'-- Up-to-date: /home/mustardking/ws_sensor_combined/install/px4_msgs/include/px4_msgs/px4_msgs/msg/detail/mavlink_log__builder.hpp\n'}
[0.980482] (px4_msgs) StdoutLine: {'line': b'-- Up-to-date: /home/mustardking/ws_sensor_combined/install/px4_msgs/include/px4_msgs/px4_msgs/msg/detail/fixed_wing_runway_control__builder.hpp\n'}
[0.980511] (px4_msgs) StdoutLine: {'line': b'-- Up-to-date: /home/mustardking/ws_sensor_combined/install/px4_msgs/include/px4_msgs/px4_msgs/msg/detail/vehicle_angular_acceleration_setpoint__struct.hpp\n'}
[0.980539] (px4_msgs) StdoutLine: {'line': b'-- Up-to-date: /home/mustardking/ws_sensor_combined/install/px4_msgs/include/px4_msgs/px4_msgs/msg/detail/vehicle_imu__type_support.hpp\n'}
[0.980560] (px4_msgs) StdoutLine: {'line': b'-- Up-to-date: /home/mustardking/ws_sensor_combined/install/px4_msgs/include/px4_msgs/px4_msgs/msg/detail/gpio_request__traits.hpp\n'}
[0.980582] (px4_msgs) StdoutLine: {'line': b'-- Up-to-date: /home/mustardking/ws_sensor_combined/install/px4_msgs/include/px4_msgs/px4_msgs/msg/detail/open_drone_id_arm_status__struct.hpp\n'}
[0.980612] (px4_msgs) StdoutLine: {'line': b'-- Up-to-date: /home/mustardking/ws_sensor_combined/install/px4_msgs/include/px4_msgs/px4_msgs/msg/detail/gimbal_device_information__builder.hpp\n'}
[0.980695] (px4_msgs) StdoutLine: {'line': b'-- Up-to-date: /home/mustardking/ws_sensor_combined/install/px4_msgs/include/px4_msgs/px4_msgs/msg/detail/landing_target_pose__struct.hpp\n'}
[0.980743] (px4_msgs) StdoutLine: {'line': b'-- Up-to-date: /home/mustardking/ws_sensor_combined/install/px4_msgs/include/px4_msgs/px4_msgs/msg/detail/can_interface_status__struct.hpp\n'}
[0.980781] (px4_msgs) StdoutLine: {'line': b'-- Up-to-date: /home/mustardking/ws_sensor_combined/install/px4_msgs/include/px4_msgs/px4_msgs/msg/detail/gimbal_manager_set_attitude__struct.hpp\n'}
[0.980807] (px4_msgs) StdoutLine: {'line': b'-- Up-to-date: /home/mustardking/ws_sensor_combined/install/px4_msgs/include/px4_msgs/px4_msgs/msg/detail/landing_gear__traits.hpp\n'}
[0.980833] (px4_msgs) StdoutLine: {'line': b'-- Up-to-date: /home/mustardking/ws_sensor_combined/install/px4_msgs/include/px4_msgs/px4_msgs/msg/detail/vehicle_local_position_setpoint__type_support.hpp\n'}
[0.980920] (px4_msgs) StdoutLine: {'line': b'-- Up-to-date: /home/mustardking/ws_sensor_combined/install/px4_msgs/include/px4_msgs/px4_msgs/msg/detail/vehicle_torque_setpoint__builder.hpp\n'}
[0.980945] (px4_msgs) StdoutLine: {'line': b'-- Up-to-date: /home/mustardking/ws_sensor_combined/install/px4_msgs/include/px4_msgs/px4_msgs/msg/detail/manual_control_switches__struct.hpp\n'}
[0.980968] (px4_msgs) StdoutLine: {'line': b'-- Up-to-date: /home/mustardking/ws_sensor_combined/install/px4_msgs/include/px4_msgs/px4_msgs/msg/detail/radio_status__type_support.hpp\n'}
[0.981007] (px4_msgs) StdoutLine: {'line': b'-- Up-to-date: /home/mustardking/ws_sensor_combined/install/px4_msgs/include/px4_msgs/px4_msgs/msg/detail/vehicle_magnetometer__type_support.hpp\n'}
[0.981032] (px4_msgs) StdoutLine: {'line': b'-- Up-to-date: /home/mustardking/ws_sensor_combined/install/px4_msgs/include/px4_msgs/px4_msgs/msg/detail/estimator_bias__struct.hpp\n'}
[0.981057] (px4_msgs) StdoutLine: {'line': b'-- Up-to-date: /home/mustardking/ws_sensor_combined/install/px4_msgs/include/px4_msgs/px4_msgs/msg/detail/actuator_motors__traits.hpp\n'}
[0.981140] (px4_msgs) StdoutLine: {'line': b'-- Up-to-date: /home/mustardking/ws_sensor_combined/install/px4_msgs/include/px4_msgs/px4_msgs/msg/detail/sensor_gyro_fft__traits.hpp\n'}
[0.981229] (px4_msgs) StdoutLine: {'line': b'-- Up-to-date: /home/mustardking/ws_sensor_combined/install/px4_msgs/include/px4_msgs/px4_msgs/msg/detail/airspeed_wind__struct.hpp\n'}
[0.981269] (px4_msgs) StdoutLine: {'line': b'-- Up-to-date: /home/mustardking/ws_sensor_combined/install/px4_msgs/include/px4_msgs/px4_msgs/msg/detail/estimator_bias__type_support.hpp\n'}
[0.981296] (px4_msgs) StdoutLine: {'line': b'-- Up-to-date: /home/mustardking/ws_sensor_combined/install/px4_msgs/include/px4_msgs/px4_msgs/msg/detail/actuator_motors__type_support.hpp\n'}
[0.981326] (px4_msgs) StdoutLine: {'line': b'-- Up-to-date: /home/mustardking/ws_sensor_combined/install/px4_msgs/include/px4_msgs/px4_msgs/msg/detail/autotune_attitude_control_status__traits.hpp\n'}
[0.981349] (px4_msgs) StdoutLine: {'line': b'-- Up-to-date: /home/mustardking/ws_sensor_combined/install/px4_msgs/include/px4_msgs/px4_msgs/msg/detail/sensor_gnss_relative__type_support.hpp\n'}
[0.981373] (px4_msgs) StdoutLine: {'line': b'-- Up-to-date: /home/mustardking/ws_sensor_combined/install/px4_msgs/include/px4_msgs/px4_msgs/msg/detail/vehicle_magnetometer__struct.hpp\n'}
[0.981442] (px4_msgs) StdoutLine: {'line': b'-- Up-to-date: /home/mustardking/ws_sensor_combined/install/px4_msgs/include/px4_msgs/px4_msgs/msg/detail/rover_speed_setpoint__traits.hpp\n'}
[0.981468] (px4_msgs) StdoutLine: {'line': b'-- Up-to-date: /home/mustardking/ws_sensor_combined/install/px4_msgs/include/px4_msgs/px4_msgs/msg/detail/gimbal_controls__builder.hpp\n'}
[0.981503] (px4_msgs) StdoutLine: {'line': b'-- Up-to-date: /home/mustardking/ws_sensor_combined/install/px4_msgs/include/px4_msgs/px4_msgs/msg/detail/vehicle_local_position__builder.hpp\n'}
[0.981527] (px4_msgs) StdoutLine: {'line': b'-- Up-to-date: /home/mustardking/ws_sensor_combined/install/px4_msgs/include/px4_msgs/px4_msgs/msg/detail/fixed_wing_lateral_guidance_status__builder.hpp\n'}
[0.981553] (px4_msgs) StdoutLine: {'line': b'-- Up-to-date: /home/mustardking/ws_sensor_combined/install/px4_msgs/include/px4_msgs/px4_msgs/msg/detail/internal_combustion_engine_status__traits.hpp\n'}
[0.981575] (px4_msgs) StdoutLine: {'line': b'-- Up-to-date: /home/mustardking/ws_sensor_combined/install/px4_msgs/include/px4_msgs/px4_msgs/msg/detail/config_overrides__traits.hpp\n'}
[0.981597] (px4_msgs) StdoutLine: {'line': b'-- Up-to-date: /home/mustardking/ws_sensor_combined/install/px4_msgs/include/px4_msgs/px4_msgs/msg/detail/rc_parameter_map__type_support.hpp\n'}
[0.981620] (px4_msgs) StdoutLine: {'line': b'-- Up-to-date: /home/mustardking/ws_sensor_combined/install/px4_msgs/include/px4_msgs/px4_msgs/msg/detail/can_interface_status__builder.hpp\n'}
[0.981643] (px4_msgs) StdoutLine: {'line': b'-- Up-to-date: /home/mustardking/ws_sensor_combined/install/px4_msgs/include/px4_msgs/px4_msgs/msg/detail/power_monitor__traits.hpp\n'}
[0.981665] (px4_msgs) StdoutLine: {'line': b'-- Up-to-date: /home/mustardking/ws_sensor_combined/install/px4_msgs/include/px4_msgs/px4_msgs/msg/detail/estimator_aid_source2d__builder.hpp\n'}
[0.981688] (px4_msgs) StdoutLine: {'line': b'-- Up-to-date: /home/mustardking/ws_sensor_combined/install/px4_msgs/include/px4_msgs/px4_msgs/msg/detail/estimator_states__traits.hpp\n'}
[0.981710] (px4_msgs) StdoutLine: {'line': b'-- Up-to-date: /home/mustardking/ws_sensor_combined/install/px4_msgs/include/px4_msgs/px4_msgs/msg/detail/gimbal_manager_set_manual_control__struct.hpp\n'}
[0.981732] (px4_msgs) StdoutLine: {'line': b'-- Up-to-date: /home/mustardking/ws_sensor_combined/install/px4_msgs/include/px4_msgs/px4_msgs/msg/detail/irlock_report__traits.hpp\n'}
[0.981754] (px4_msgs) StdoutLine: {'line': b'-- Up-to-date: /home/mustardking/ws_sensor_combined/install/px4_msgs/include/px4_msgs/px4_msgs/msg/detail/iridiumsbd_status__builder.hpp\n'}
[0.981779] (px4_msgs) StdoutLine: {'line': b'-- Up-to-date: /home/mustardking/ws_sensor_combined/install/px4_msgs/include/px4_msgs/px4_msgs/msg/detail/irlock_report__struct.hpp\n'}
[0.981801] (px4_msgs) StdoutLine: {'line': b'-- Up-to-date: /home/mustardking/ws_sensor_combined/install/px4_msgs/include/px4_msgs/px4_msgs/msg/detail/vehicle_constraints__type_support.hpp\n'}
[0.981823] (px4_msgs) StdoutLine: {'line': b'-- Up-to-date: /home/mustardking/ws_sensor_combined/install/px4_msgs/include/px4_msgs/px4_msgs/msg/detail/vehicle_optical_flow__type_support.hpp\n'}
[0.981846] (px4_msgs) StdoutLine: {'line': b'-- Up-to-date: /home/mustardking/ws_sensor_combined/install/px4_msgs/include/px4_msgs/px4_msgs/msg/detail/vehicle_roi__builder.hpp\n'}
[0.981873] (px4_msgs) StdoutLine: {'line': b'-- Up-to-date: /home/mustardking/ws_sensor_combined/install/px4_msgs/include/px4_msgs/px4_msgs/msg/detail/arming_check_reply__struct.hpp\n'}
[0.981954] (px4_msgs) StdoutLine: {'line': b'-- Up-to-date: /home/mustardking/ws_sensor_combined/install/px4_msgs/include/px4_msgs/px4_msgs/msg/detail/mode_completed__struct.hpp\n'}
[0.982007] (px4_msgs) StdoutLine: {'line': b'-- Up-to-date: /home/mustardking/ws_sensor_combined/install/px4_msgs/include/px4_msgs/px4_msgs/msg/detail/sensor_hygrometer__struct.hpp\n'}
[0.982091] (px4_msgs) StdoutLine: {'line': b'-- Up-to-date: /home/mustardking/ws_sensor_combined/install/px4_msgs/include/px4_msgs/px4_msgs/msg/detail/open_drone_id_self_id__traits.hpp\n'}
[0.982173] (px4_msgs) StdoutLine: {'line': b'-- Up-to-date: /home/mustardking/ws_sensor_combined/install/px4_msgs/include/px4_msgs/px4_msgs/msg/detail/ping__builder.hpp\n'}
[0.982265] (px4_msgs) StdoutLine: {'line': b'-- Up-to-date: /home/mustardking/ws_sensor_combined/install/px4_msgs/include/px4_msgs/px4_msgs/msg/detail/offboard_control_mode__type_support.hpp\n'}
[0.982292] (px4_msgs) StdoutLine: {'line': b'-- Up-to-date: /home/mustardking/ws_sensor_combined/install/px4_msgs/include/px4_msgs/px4_msgs/msg/detail/estimator_bias__builder.hpp\n'}
[0.982315] (px4_msgs) StdoutLine: {'line': b'-- Up-to-date: /home/mustardking/ws_sensor_combined/install/px4_msgs/include/px4_msgs/px4_msgs/msg/detail/figure_eight_status__builder.hpp\n'}
[0.982374] (px4_msgs) StdoutLine: {'line': b'-- Up-to-date: /home/mustardking/ws_sensor_combined/install/px4_msgs/include/px4_msgs/px4_msgs/msg/detail/mount_orientation__struct.hpp\n'}
[0.982398] (px4_msgs) StdoutLine: {'line': b'-- Up-to-date: /home/mustardking/ws_sensor_combined/install/px4_msgs/include/px4_msgs/px4_msgs/msg/detail/gimbal_manager_set_attitude__builder.hpp\n'}
[0.982422] (px4_msgs) StdoutLine: {'line': b'-- Up-to-date: /home/mustardking/ws_sensor_combined/install/px4_msgs/include/px4_msgs/px4_msgs/msg/detail/gimbal_manager_information__struct.hpp\n'}
[0.982444] (px4_msgs) StdoutLine: {'line': b'-- Up-to-date: /home/mustardking/ws_sensor_combined/install/px4_msgs/include/px4_msgs/px4_msgs/msg/detail/gimbal_controls__struct.hpp\n'}
[0.982467] (px4_msgs) StdoutLine: {'line': b'-- Up-to-date: /home/mustardking/ws_sensor_combined/install/px4_msgs/include/px4_msgs/px4_msgs/msg/detail/fixed_wing_lateral_guidance_status__type_support.hpp\n'}
[0.982491] (px4_msgs) StdoutLine: {'line': b'-- Up-to-date: /home/mustardking/ws_sensor_combined/install/px4_msgs/include/px4_msgs/px4_msgs/msg/detail/generator_status__type_support.hpp\n'}
[0.982533] (px4_msgs) StdoutLine: {'line': b'-- Up-to-date: /home/mustardking/ws_sensor_combined/install/px4_msgs/include/px4_msgs/px4_msgs/msg/detail/navigator_status__builder.hpp\n'}
[0.982567] (px4_msgs) StdoutLine: {'line': b'-- Up-to-date: /home/mustardking/ws_sensor_combined/install/px4_msgs/include/px4_msgs/px4_msgs/msg/detail/battery_status__struct.hpp\n'}
[0.982591] (px4_msgs) StdoutLine: {'line': b'-- Up-to-date: /home/mustardking/ws_sensor_combined/install/px4_msgs/include/px4_msgs/px4_msgs/msg/detail/power_button_state__type_support.hpp\n'}
[0.982614] (px4_msgs) StdoutLine: {'line': b'-- Up-to-date: /home/mustardking/ws_sensor_combined/install/px4_msgs/include/px4_msgs/px4_msgs/msg/detail/register_ext_component_reply__builder.hpp\n'}
[0.982651] (px4_msgs) StdoutLine: {'line': b'-- Up-to-date: /home/mustardking/ws_sensor_combined/install/px4_msgs/include/px4_msgs/px4_msgs/msg/detail/px4io_status__traits.hpp\n'}
[0.982673] (px4_msgs) StdoutLine: {'line': b'-- Up-to-date: /home/mustardking/ws_sensor_combined/install/px4_msgs/include/px4_msgs/px4_msgs/msg/detail/sensor_optical_flow__traits.hpp\n'}
[0.982696] (px4_msgs) StdoutLine: {'line': b'-- Up-to-date: /home/mustardking/ws_sensor_combined/install/px4_msgs/include/px4_msgs/px4_msgs/msg/detail/neural_control__builder.hpp\n'}
[0.982718] (px4_msgs) StdoutLine: {'line': b'-- Up-to-date: /home/mustardking/ws_sensor_combined/install/px4_msgs/include/px4_msgs/px4_msgs/msg/detail/actuator_test__type_support.hpp\n'}
[0.982741] (px4_msgs) StdoutLine: {'line': b'-- Up-to-date: /home/mustardking/ws_sensor_combined/install/px4_msgs/include/px4_msgs/px4_msgs/msg/detail/action_request__struct.hpp\n'}
[0.982764] (px4_msgs) StdoutLine: {'line': b'-- Up-to-date: /home/mustardking/ws_sensor_combined/install/px4_msgs/include/px4_msgs/px4_msgs/msg/detail/trajectory_setpoint6dof__traits.hpp\n'}
[0.982788] (px4_msgs) StdoutLine: {'line': b'-- Up-to-date: /home/mustardking/ws_sensor_combined/install/px4_msgs/include/px4_msgs/px4_msgs/msg/detail/rtl_status__struct.hpp\n'}
[0.982810] (px4_msgs) StdoutLine: {'line': b'-- Up-to-date: /home/mustardking/ws_sensor_combined/install/px4_msgs/include/px4_msgs/px4_msgs/msg/detail/rc_channels__struct.hpp\n'}
[0.982832] (px4_msgs) StdoutLine: {'line': b'-- Up-to-date: /home/mustardking/ws_sensor_combined/install/px4_msgs/include/px4_msgs/px4_msgs/msg/detail/failsafe_flags__traits.hpp\n'}
[0.982855] (px4_msgs) StdoutLine: {'line': b'-- Up-to-date: /home/mustardking/ws_sensor_combined/install/px4_msgs/include/px4_msgs/px4_msgs/msg/detail/follow_target_status__type_support.hpp\n'}
[0.982877] (px4_msgs) StdoutLine: {'line': b'-- Up-to-date: /home/mustardking/ws_sensor_combined/install/px4_msgs/include/px4_msgs/px4_msgs/msg/detail/fixed_wing_runway_control__struct.hpp\n'}
[0.982900] (px4_msgs) StdoutLine: {'line': b'-- Up-to-date: /home/mustardking/ws_sensor_combined/install/px4_msgs/include/px4_msgs/px4_msgs/msg/detail/vehicle_acceleration__builder.hpp\n'}
[0.982922] (px4_msgs) StdoutLine: {'line': b'-- Up-to-date: /home/mustardking/ws_sensor_combined/install/px4_msgs/include/px4_msgs/px4_msgs/msg/detail/distance_sensor__type_support.hpp\n'}
[0.982948] (px4_msgs) StdoutLine: {'line': b'-- Up-to-date: /home/mustardking/ws_sensor_combined/install/px4_msgs/include/px4_msgs/px4_msgs/msg/detail/pwm_input__struct.hpp\n'}
[0.982972] (px4_msgs) StdoutLine: {'line': b'-- Up-to-date: /home/mustardking/ws_sensor_combined/install/px4_msgs/include/px4_msgs/px4_msgs/msg/detail/fuel_tank_status__struct.hpp\n'}
[0.982994] (px4_msgs) StdoutLine: {'line': b'-- Up-to-date: /home/mustardking/ws_sensor_combined/install/px4_msgs/include/px4_msgs/px4_msgs/msg/detail/esc_report__traits.hpp\n'}
[0.983017] (px4_msgs) StdoutLine: {'line': b'-- Up-to-date: /home/mustardking/ws_sensor_combined/install/px4_msgs/include/px4_msgs/px4_msgs/msg/detail/vehicle_rates_setpoint__struct.hpp\n'}
[0.983039] (px4_msgs) StdoutLine: {'line': b'-- Up-to-date: /home/mustardking/ws_sensor_combined/install/px4_msgs/include/px4_msgs/px4_msgs/msg/detail/rc_parameter_map__builder.hpp\n'}
[0.983063] (px4_msgs) StdoutLine: {'line': b'-- Up-to-date: /home/mustardking/ws_sensor_combined/install/px4_msgs/include/px4_msgs/px4_msgs/msg/detail/gpio_config__type_support.hpp\n'}
[0.983085] (px4_msgs) StdoutLine: {'line': b'-- Up-to-date: /home/mustardking/ws_sensor_combined/install/px4_msgs/include/px4_msgs/px4_msgs/msg/detail/telemetry_status__type_support.hpp\n'}
[0.983107] (px4_msgs) StdoutLine: {'line': b'-- Up-to-date: /home/mustardking/ws_sensor_combined/install/px4_msgs/include/px4_msgs/px4_msgs/msg/detail/airspeed_validated__struct.hpp\n'}
[0.983129] (px4_msgs) StdoutLine: {'line': b'-- Up-to-date: /home/mustardking/ws_sensor_combined/install/px4_msgs/include/px4_msgs/px4_msgs/msg/detail/vehicle_torque_setpoint__traits.hpp\n'}
[0.983179] (px4_msgs) StdoutLine: {'line': b'-- Up-to-date: /home/mustardking/ws_sensor_combined/install/px4_msgs/include/px4_msgs/px4_msgs/msg/detail/vehicle_land_detected__struct.hpp\n'}
[0.983204] (px4_msgs) StdoutLine: {'line': b'-- Up-to-date: /home/mustardking/ws_sensor_combined/install/px4_msgs/include/px4_msgs/px4_msgs/msg/detail/message_format_request__struct.hpp\n'}
[0.983251] (px4_msgs) StdoutLine: {'line': b'-- Up-to-date: /home/mustardking/ws_sensor_combined/install/px4_msgs/include/px4_msgs/px4_msgs/msg/detail/vehicle_torque_setpoint__type_support.hpp\n'}
[0.983278] (px4_msgs) StdoutLine: {'line': b'-- Up-to-date: /home/mustardking/ws_sensor_combined/install/px4_msgs/include/px4_msgs/px4_msgs/msg/detail/geofence_result__builder.hpp\n'}
[0.983300] (px4_msgs) StdoutLine: {'line': b'-- Up-to-date: /home/mustardking/ws_sensor_combined/install/px4_msgs/include/px4_msgs/px4_msgs/msg/detail/control_allocator_status__type_support.hpp\n'}
[0.983322] (px4_msgs) StdoutLine: {'line': b'-- Up-to-date: /home/mustardking/ws_sensor_combined/install/px4_msgs/include/px4_msgs/px4_msgs/msg/detail/open_drone_id_operator_id__struct.hpp\n'}
[0.983345] (px4_msgs) StdoutLine: {'line': b'-- Up-to-date: /home/mustardking/ws_sensor_combined/install/px4_msgs/include/px4_msgs/px4_msgs/msg/detail/actuator_armed__builder.hpp\n'}
[0.983367] (px4_msgs) StdoutLine: {'line': b'-- Up-to-date: /home/mustardking/ws_sensor_combined/install/px4_msgs/include/px4_msgs/px4_msgs/msg/detail/satellite_info__type_support.hpp\n'}
[0.983390] (px4_msgs) StdoutLine: {'line': b'-- Up-to-date: /home/mustardking/ws_sensor_combined/install/px4_msgs/include/px4_msgs/px4_msgs/msg/detail/cellular_status__type_support.hpp\n'}
[0.983413] (px4_msgs) StdoutLine: {'line': b'-- Up-to-date: /home/mustardking/ws_sensor_combined/install/px4_msgs/include/px4_msgs/px4_msgs/msg/detail/px4io_status__type_support.hpp\n'}
[0.983435] (px4_msgs) StdoutLine: {'line': b'-- Up-to-date: /home/mustardking/ws_sensor_combined/install/px4_msgs/include/px4_msgs/px4_msgs/msg/detail/normalized_unsigned_setpoint__type_support.hpp\n'}
[0.983457] (px4_msgs) StdoutLine: {'line': b'-- Up-to-date: /home/mustardking/ws_sensor_combined/install/px4_msgs/include/px4_msgs/px4_msgs/msg/detail/geofence_result__type_support.hpp\n'}
[0.983479] (px4_msgs) StdoutLine: {'line': b'-- Up-to-date: /home/mustardking/ws_sensor_combined/install/px4_msgs/include/px4_msgs/px4_msgs/msg/detail/debug_key_value__traits.hpp\n'}
[0.983502] (px4_msgs) StdoutLine: {'line': b'-- Up-to-date: /home/mustardking/ws_sensor_combined/install/px4_msgs/include/px4_msgs/px4_msgs/msg/detail/sensors_status_imu__struct.hpp\n'}
[0.983524] (px4_msgs) StdoutLine: {'line': b'-- Up-to-date: /home/mustardking/ws_sensor_combined/install/px4_msgs/include/px4_msgs/px4_msgs/msg/detail/landing_target_pose__traits.hpp\n'}
[0.983546] (px4_msgs) StdoutLine: {'line': b'-- Up-to-date: /home/mustardking/ws_sensor_combined/install/px4_msgs/include/px4_msgs/px4_msgs/msg/detail/estimator_innovations__traits.hpp\n'}
[0.983569] (px4_msgs) StdoutLine: {'line': b'-- Up-to-date: /home/mustardking/ws_sensor_combined/install/px4_msgs/include/px4_msgs/px4_msgs/msg/detail/vehicle_attitude__struct.hpp\n'}
[0.983591] (px4_msgs) StdoutLine: {'line': b'-- Up-to-date: /home/mustardking/ws_sensor_combined/install/px4_msgs/include/px4_msgs/px4_msgs/msg/detail/gimbal_device_set_attitude__struct.hpp\n'}
[0.983632] (px4_msgs) StdoutLine: {'line': b'-- Up-to-date: /home/mustardking/ws_sensor_combined/install/px4_msgs/include/px4_msgs/px4_msgs/msg/detail/sensor_accel__traits.hpp\n'}
[0.983655] (px4_msgs) StdoutLine: {'line': b'-- Up-to-date: /home/mustardking/ws_sensor_combined/install/px4_msgs/include/px4_msgs/px4_msgs/msg/detail/sensor_uwb__builder.hpp\n'}
[0.983692] (px4_msgs) StdoutLine: {'line': b'-- Up-to-date: /home/mustardking/ws_sensor_combined/install/px4_msgs/include/px4_msgs/px4_msgs/msg/detail/position_controller_status__struct.hpp\n'}
[0.983716] (px4_msgs) StdoutLine: {'line': b'-- Up-to-date: /home/mustardking/ws_sensor_combined/install/px4_msgs/include/px4_msgs/px4_msgs/msg/detail/distance_sensor__struct.hpp\n'}
[0.983741] (px4_msgs) StdoutLine: {'line': b'-- Up-to-date: /home/mustardking/ws_sensor_combined/install/px4_msgs/include/px4_msgs/px4_msgs/msg/detail/velocity_limits__builder.hpp\n'}
[0.983764] (px4_msgs) StdoutLine: {'line': b'-- Up-to-date: /home/mustardking/ws_sensor_combined/install/px4_msgs/include/px4_msgs/px4_msgs/msg/detail/vehicle_thrust_setpoint__traits.hpp\n'}
[0.983807] (px4_msgs) StdoutLine: {'line': b'-- Up-to-date: /home/mustardking/ws_sensor_combined/install/px4_msgs/include/px4_msgs/px4_msgs/msg/detail/hover_thrust_estimate__traits.hpp\n'}
[0.983837] (px4_msgs) StdoutLine: {'line': b'-- Up-to-date: /home/mustardking/ws_sensor_combined/install/px4_msgs/include/px4_msgs/px4_msgs/msg/detail/distance_sensor_mode_change_request__builder.hpp\n'}
[0.983859] (px4_msgs) StdoutLine: {'line': b'-- Up-to-date: /home/mustardking/ws_sensor_combined/install/px4_msgs/include/px4_msgs/px4_msgs/msg/detail/estimator_selector_status__type_support.hpp\n'}
[0.983882] (px4_msgs) StdoutLine: {'line': b'-- Up-to-date: /home/mustardking/ws_sensor_combined/install/px4_msgs/include/px4_msgs/px4_msgs/msg/detail/orb_test_medium__traits.hpp\n'}
[0.983904] (px4_msgs) StdoutLine: {'line': b'-- Up-to-date: /home/mustardking/ws_sensor_combined/install/px4_msgs/include/px4_msgs/px4_msgs/msg/detail/gpio_in__type_support.hpp\n'}
[0.983929] (px4_msgs) StdoutLine: {'line': b'-- Up-to-date: /home/mustardking/ws_sensor_combined/install/px4_msgs/include/px4_msgs/px4_msgs/msg/detail/message_format_response__builder.hpp\n'}
[0.983951] (px4_msgs) StdoutLine: {'line': b'-- Up-to-date: /home/mustardking/ws_sensor_combined/install/px4_msgs/include/px4_msgs/px4_msgs/msg/detail/rpm__builder.hpp\n'}
[0.983973] (px4_msgs) StdoutLine: {'line': b'-- Up-to-date: /home/mustardking/ws_sensor_combined/install/px4_msgs/include/px4_msgs/px4_msgs/msg/detail/airspeed_wind__type_support.hpp\n'}
[0.984002] (px4_msgs) StdoutLine: {'line': b'-- Up-to-date: /home/mustardking/ws_sensor_combined/install/px4_msgs/include/px4_msgs/px4_msgs/msg/detail/fixed_wing_lateral_status__builder.hpp\n'}
[0.984029] (px4_msgs) StdoutLine: {'line': b'-- Up-to-date: /home/mustardking/ws_sensor_combined/install/px4_msgs/include/px4_msgs/px4_msgs/msg/detail/parameter_set_value_response__type_support.hpp\n'}
[0.984051] (px4_msgs) StdoutLine: {'line': b'-- Up-to-date: /home/mustardking/ws_sensor_combined/install/px4_msgs/include/px4_msgs/px4_msgs/msg/detail/rtl_status__traits.hpp\n'}
[0.984073] (px4_msgs) StdoutLine: {'line': b'-- Up-to-date: /home/mustardking/ws_sensor_combined/install/px4_msgs/include/px4_msgs/px4_msgs/msg/detail/sensor_uwb__struct.hpp\n'}
[0.984095] (px4_msgs) StdoutLine: {'line': b'-- Up-to-date: /home/mustardking/ws_sensor_combined/install/px4_msgs/include/px4_msgs/px4_msgs/msg/detail/rover_throttle_setpoint__type_support.hpp\n'}
[0.984118] (px4_msgs) StdoutLine: {'line': b'-- Up-to-date: /home/mustardking/ws_sensor_combined/install/px4_msgs/include/px4_msgs/px4_msgs/msg/detail/rtl_time_estimate__type_support.hpp\n'}
[0.984140] (px4_msgs) StdoutLine: {'line': b'-- Up-to-date: /home/mustardking/ws_sensor_combined/install/px4_msgs/include/px4_msgs/px4_msgs/msg/detail/open_drone_id_self_id__struct.hpp\n'}
[0.984167] (px4_msgs) StdoutLine: {'line': b'-- Up-to-date: /home/mustardking/ws_sensor_combined/install/px4_msgs/include/px4_msgs/px4_msgs/msg/detail/fuel_tank_status__builder.hpp\n'}
[0.984190] (px4_msgs) StdoutLine: {'line': b'-- Up-to-date: /home/mustardking/ws_sensor_combined/install/px4_msgs/include/px4_msgs/px4_msgs/msg/detail/yaw_estimator_status__builder.hpp\n'}
[0.984222] (px4_msgs) StdoutLine: {'line': b'-- Up-to-date: /home/mustardking/ws_sensor_combined/install/px4_msgs/include/px4_msgs/px4_msgs/msg/detail/heater_status__struct.hpp\n'}
[0.984257] (px4_msgs) StdoutLine: {'line': b'-- Up-to-date: /home/mustardking/ws_sensor_combined/install/px4_msgs/include/px4_msgs/px4_msgs/msg/detail/message_format_response__struct.hpp\n'}
[0.984284] (px4_msgs) StdoutLine: {'line': b'-- Up-to-date: /home/mustardking/ws_sensor_combined/install/px4_msgs/include/px4_msgs/px4_msgs/msg/detail/dataman_response__traits.hpp\n'}
[0.984307] (px4_msgs) StdoutLine: {'line': b'-- Up-to-date: /home/mustardking/ws_sensor_combined/install/px4_msgs/include/px4_msgs/px4_msgs/msg/detail/vehicle_command_ack__type_support.hpp\n'}
[0.984329] (px4_msgs) StdoutLine: {'line': b'-- Up-to-date: /home/mustardking/ws_sensor_combined/install/px4_msgs/include/px4_msgs/px4_msgs/msg/detail/rover_throttle_setpoint__struct.hpp\n'}
[0.984351] (px4_msgs) StdoutLine: {'line': b'-- Up-to-date: /home/mustardking/ws_sensor_combined/install/px4_msgs/include/px4_msgs/px4_msgs/msg/detail/sensor_accel_fifo__type_support.hpp\n'}
[0.984374] (px4_msgs) StdoutLine: {'line': b'-- Up-to-date: /home/mustardking/ws_sensor_combined/install/px4_msgs/include/px4_msgs/px4_msgs/msg/detail/transponder_report__builder.hpp\n'}
[0.984410] (px4_msgs) StdoutLine: {'line': b'-- Up-to-date: /home/mustardking/ws_sensor_combined/install/px4_msgs/include/px4_msgs/px4_msgs/msg/detail/internal_combustion_engine_status__builder.hpp\n'}
[0.984433] (px4_msgs) StdoutLine: {'line': b'-- Up-to-date: /home/mustardking/ws_sensor_combined/install/px4_msgs/include/px4_msgs/px4_msgs/msg/detail/parameter_set_value_request__traits.hpp\n'}
[0.984460] (px4_msgs) StdoutLine: {'line': b'-- Up-to-date: /home/mustardking/ws_sensor_combined/install/px4_msgs/include/px4_msgs/px4_msgs/msg/detail/button_event__builder.hpp\n'}
[0.984483] (px4_msgs) StdoutLine: {'line': b'-- Up-to-date: /home/mustardking/ws_sensor_combined/install/px4_msgs/include/px4_msgs/px4_msgs/msg/detail/navigator_status__type_support.hpp\n'}
[0.984505] (px4_msgs) StdoutLine: {'line': b'-- Up-to-date: /home/mustardking/ws_sensor_combined/install/px4_msgs/include/px4_msgs/px4_msgs/msg/detail/debug_vect__type_support.hpp\n'}
[0.984528] (px4_msgs) StdoutLine: {'line': b'-- Up-to-date: /home/mustardking/ws_sensor_combined/install/px4_msgs/include/px4_msgs/px4_msgs/msg/detail/mag_worker_data__struct.hpp\n'}
[0.984551] (px4_msgs) StdoutLine: {'line': b'-- Up-to-date: /home/mustardking/ws_sensor_combined/install/px4_msgs/include/px4_msgs/px4_msgs/msg/detail/log_message__builder.hpp\n'}
[0.984587] (px4_msgs) StdoutLine: {'line': b'-- Up-to-date: /home/mustardking/ws_sensor_combined/install/px4_msgs/include/px4_msgs/px4_msgs/msg/detail/power_button_state__struct.hpp\n'}
[0.984612] (px4_msgs) StdoutLine: {'line': b'-- Up-to-date: /home/mustardking/ws_sensor_combined/install/px4_msgs/include/px4_msgs/px4_msgs/msg/detail/cpuload__traits.hpp\n'}
[0.984637] (px4_msgs) StdoutLine: {'line': b'-- Up-to-date: /home/mustardking/ws_sensor_combined/install/px4_msgs/include/px4_msgs/px4_msgs/msg/detail/dronecan_node_status__struct.hpp\n'}
[0.984660] (px4_msgs) StdoutLine: {'line': b'-- Up-to-date: /home/mustardking/ws_sensor_combined/install/px4_msgs/include/px4_msgs/px4_msgs/msg/detail/register_ext_component_reply__traits.hpp\n'}
[0.984686] (px4_msgs) StdoutLine: {'line': b'-- Up-to-date: /home/mustardking/ws_sensor_combined/install/px4_msgs/include/px4_msgs/px4_msgs/msg/detail/vehicle_optical_flow__traits.hpp\n'}
[0.984717] (px4_msgs) StdoutLine: {'line': b'-- Up-to-date: /home/mustardking/ws_sensor_combined/install/px4_msgs/include/px4_msgs/px4_msgs/msg/detail/timesync_status__builder.hpp\n'}
[0.984739] (px4_msgs) StdoutLine: {'line': b'-- Up-to-date: /home/mustardking/ws_sensor_combined/install/px4_msgs/include/px4_msgs/px4_msgs/msg/detail/rtl_time_estimate__struct.hpp\n'}
[0.984762] (px4_msgs) StdoutLine: {'line': b'-- Up-to-date: /home/mustardking/ws_sensor_combined/install/px4_msgs/include/px4_msgs/px4_msgs/msg/detail/fixed_wing_lateral_setpoint__builder.hpp\n'}
[0.984784] (px4_msgs) StdoutLine: {'line': b'-- Up-to-date: /home/mustardking/ws_sensor_combined/install/px4_msgs/include/px4_msgs/px4_msgs/msg/detail/vehicle_magnetometer__builder.hpp\n'}
[0.984807] (px4_msgs) StdoutLine: {'line': b'-- Up-to-date: /home/mustardking/ws_sensor_combined/install/px4_msgs/include/px4_msgs/px4_msgs/msg/detail/task_stack_info__type_support.hpp\n'}
[0.984832] (px4_msgs) StdoutLine: {'line': b'-- Up-to-date: /home/mustardking/ws_sensor_combined/install/px4_msgs/include/px4_msgs/px4_msgs/msg/detail/open_drone_id_self_id__builder.hpp\n'}
[0.984909] (px4_msgs) StdoutLine: {'line': b'-- Up-to-date: /home/mustardking/ws_sensor_combined/install/px4_msgs/include/px4_msgs/px4_msgs/msg/detail/vehicle_angular_velocity__builder.hpp\n'}
[0.984935] (px4_msgs) StdoutLine: {'line': b'-- Up-to-date: /home/mustardking/ws_sensor_combined/install/px4_msgs/include/px4_msgs/px4_msgs/msg/detail/orb_test_large__traits.hpp\n'}
[0.984962] (px4_msgs) StdoutLine: {'line': b'-- Up-to-date: /home/mustardking/ws_sensor_combined/install/px4_msgs/include/px4_msgs/px4_msgs/msg/detail/rc_channels__type_support.hpp\n'}
[0.984998] (px4_msgs) StdoutLine: {'line': b'-- Up-to-date: /home/mustardking/ws_sensor_combined/install/px4_msgs/include/px4_msgs/px4_msgs/msg/detail/estimator_status__traits.hpp\n'}
[0.985021] (px4_msgs) StdoutLine: {'line': b'-- Up-to-date: /home/mustardking/ws_sensor_combined/install/px4_msgs/include/px4_msgs/px4_msgs/msg/detail/action_request__type_support.hpp\n'}
[0.985044] (px4_msgs) StdoutLine: {'line': b'-- Up-to-date: /home/mustardking/ws_sensor_combined/install/px4_msgs/include/px4_msgs/px4_msgs/msg/detail/sensor_gyro_fft__struct.hpp\n'}
[0.985067] (px4_msgs) StdoutLine: {'line': b'-- Up-to-date: /home/mustardking/ws_sensor_combined/install/px4_msgs/include/px4_msgs/px4_msgs/msg/detail/control_allocator_status__builder.hpp\n'}
[0.985090] (px4_msgs) StdoutLine: {'line': b'-- Up-to-date: /home/mustardking/ws_sensor_combined/install/px4_msgs/include/px4_msgs/px4_msgs/msg/detail/sensor_gyro_fft__type_support.hpp\n'}
[0.985112] (px4_msgs) StdoutLine: {'line': b'-- Up-to-date: /home/mustardking/ws_sensor_combined/install/px4_msgs/include/px4_msgs/px4_msgs/msg/detail/dronecan_node_status__builder.hpp\n'}
[0.985135] (px4_msgs) StdoutLine: {'line': b'-- Up-to-date: /home/mustardking/ws_sensor_combined/install/px4_msgs/include/px4_msgs/px4_msgs/msg/detail/heater_status__builder.hpp\n'}
[0.985158] (px4_msgs) StdoutLine: {'line': b'-- Up-to-date: /home/mustardking/ws_sensor_combined/install/px4_msgs/include/px4_msgs/px4_msgs/msg/detail/sensor_gps__builder.hpp\n'}
[0.985180] (px4_msgs) StdoutLine: {'line': b'-- Up-to-date: /home/mustardking/ws_sensor_combined/install/px4_msgs/include/px4_msgs/px4_msgs/msg/detail/mavlink_log__traits.hpp\n'}
[0.985203] (px4_msgs) StdoutLine: {'line': b'-- Up-to-date: /home/mustardking/ws_sensor_combined/install/px4_msgs/include/px4_msgs/px4_msgs/msg/detail/unregister_ext_component__struct.hpp\n'}
[0.985229] (px4_msgs) StdoutLine: {'line': b'-- Up-to-date: /home/mustardking/ws_sensor_combined/install/px4_msgs/include/px4_msgs/px4_msgs/msg/detail/neural_control__traits.hpp\n'}
[0.985252] (px4_msgs) StdoutLine: {'line': b'-- Up-to-date: /home/mustardking/ws_sensor_combined/install/px4_msgs/include/px4_msgs/px4_msgs/msg/detail/tecs_status__struct.hpp\n'}
[0.985274] (px4_msgs) StdoutLine: {'line': b'-- Up-to-date: /home/mustardking/ws_sensor_combined/install/px4_msgs/include/px4_msgs/px4_msgs/msg/detail/esc_status__traits.hpp\n'}
[0.985296] (px4_msgs) StdoutLine: {'line': b'-- Up-to-date: /home/mustardking/ws_sensor_combined/install/px4_msgs/include/px4_msgs/px4_msgs/msg/detail/rtl_time_estimate__traits.hpp\n'}
[0.985318] (px4_msgs) StdoutLine: {'line': b'-- Up-to-date: /home/mustardking/ws_sensor_combined/install/px4_msgs/include/px4_msgs/px4_msgs/msg/detail/internal_combustion_engine_status__struct.hpp\n'}
[0.985341] (px4_msgs) StdoutLine: {'line': b'-- Up-to-date: /home/mustardking/ws_sensor_combined/install/px4_msgs/include/px4_msgs/px4_msgs/msg/detail/vehicle_air_data__struct.hpp\n'}
[0.985368] (px4_msgs) StdoutLine: {'line': b'-- Up-to-date: /home/mustardking/ws_sensor_combined/install/px4_msgs/include/px4_msgs/px4_msgs/msg/detail/rover_rate_status__traits.hpp\n'}
[0.985390] (px4_msgs) StdoutLine: {'line': b'-- Up-to-date: /home/mustardking/ws_sensor_combined/install/px4_msgs/include/px4_msgs/px4_msgs/msg/detail/orbit_status__type_support.hpp\n'}
[0.985414] (px4_msgs) StdoutLine: {'line': b'-- Up-to-date: /home/mustardking/ws_sensor_combined/install/px4_msgs/include/px4_msgs/px4_msgs/msg/detail/px4io_status__struct.hpp\n'}
[0.985437] (px4_msgs) StdoutLine: {'line': b'-- Up-to-date: /home/mustardking/ws_sensor_combined/install/px4_msgs/include/px4_msgs/px4_msgs/msg/detail/estimator_status__builder.hpp\n'}
[0.985465] (px4_msgs) StdoutLine: {'line': b'-- Up-to-date: /home/mustardking/ws_sensor_combined/install/px4_msgs/include/px4_msgs/px4_msgs/msg/detail/vehicle_land_detected__builder.hpp\n'}
[0.985500] (px4_msgs) StdoutLine: {'line': b'-- Up-to-date: /home/mustardking/ws_sensor_combined/install/px4_msgs/include/px4_msgs/px4_msgs/msg/detail/input_rc__struct.hpp\n'}
[0.985523] (px4_msgs) StdoutLine: {'line': b'-- Up-to-date: /home/mustardking/ws_sensor_combined/install/px4_msgs/include/px4_msgs/px4_msgs/msg/detail/sensor_accel_fifo__traits.hpp\n'}
[0.985546] (px4_msgs) StdoutLine: {'line': b'-- Up-to-date: /home/mustardking/ws_sensor_combined/install/px4_msgs/include/px4_msgs/px4_msgs/msg/detail/hover_thrust_estimate__struct.hpp\n'}
[0.985568] (px4_msgs) StdoutLine: {'line': b'-- Up-to-date: /home/mustardking/ws_sensor_combined/install/px4_msgs/include/px4_msgs/px4_msgs/msg/detail/vtol_vehicle_status__builder.hpp\n'}
[0.985591] (px4_msgs) StdoutLine: {'line': b'-- Up-to-date: /home/mustardking/ws_sensor_combined/install/px4_msgs/include/px4_msgs/px4_msgs/msg/detail/navigator_mission_item__struct.hpp\n'}
[0.985613] (px4_msgs) StdoutLine: {'line': b'-- Up-to-date: /home/mustardking/ws_sensor_combined/install/px4_msgs/include/px4_msgs/px4_msgs/msg/detail/estimator_selector_status__builder.hpp\n'}
[0.985637] (px4_msgs) StdoutLine: {'line': b'-- Up-to-date: /home/mustardking/ws_sensor_combined/install/px4_msgs/include/px4_msgs/px4_msgs/msg/detail/vehicle_optical_flow__struct.hpp\n'}
[0.985659] (px4_msgs) StdoutLine: {'line': b'-- Up-to-date: /home/mustardking/ws_sensor_combined/install/px4_msgs/include/px4_msgs/px4_msgs/msg/detail/vehicle_imu_status__struct.hpp\n'}
[0.985681] (px4_msgs) StdoutLine: {'line': b'-- Up-to-date: /home/mustardking/ws_sensor_combined/install/px4_msgs/include/px4_msgs/px4_msgs/msg/detail/airspeed_wind__builder.hpp\n'}
[0.985705] (px4_msgs) StdoutLine: {'line': b'-- Up-to-date: /home/mustardking/ws_sensor_combined/install/px4_msgs/include/px4_msgs/px4_msgs/msg/detail/timesync_status__type_support.hpp\n'}
[0.985742] (px4_msgs) StdoutLine: {'line': b'-- Up-to-date: /home/mustardking/ws_sensor_combined/install/px4_msgs/include/px4_msgs/px4_msgs/msg/detail/rover_throttle_setpoint__traits.hpp\n'}
[0.985770] (px4_msgs) StdoutLine: {'line': b'-- Up-to-date: /home/mustardking/ws_sensor_combined/install/px4_msgs/include/px4_msgs/px4_msgs/msg/detail/vehicle_imu_status__type_support.hpp\n'}
[0.985792] (px4_msgs) StdoutLine: {'line': b'-- Up-to-date: /home/mustardking/ws_sensor_combined/install/px4_msgs/include/px4_msgs/px4_msgs/msg/detail/rover_speed_status__traits.hpp\n'}
[0.985814] (px4_msgs) StdoutLine: {'line': b'-- Up-to-date: /home/mustardking/ws_sensor_combined/install/px4_msgs/include/px4_msgs/px4_msgs/msg/detail/estimator_gps_status__type_support.hpp\n'}
[0.985837] (px4_msgs) StdoutLine: {'line': b'-- Up-to-date: /home/mustardking/ws_sensor_combined/install/px4_msgs/include/px4_msgs/px4_msgs/msg/detail/fuel_tank_status__traits.hpp\n'}
[0.985862] (px4_msgs) StdoutLine: {'line': b'-- Up-to-date: /home/mustardking/ws_sensor_combined/install/px4_msgs/include/px4_msgs/px4_msgs/msg/detail/landing_target_innovations__type_support.hpp\n'}
[0.985892] (px4_msgs) StdoutLine: {'line': b'-- Up-to-date: /home/mustardking/ws_sensor_combined/install/px4_msgs/include/px4_msgs/px4_msgs/msg/detail/vehicle_status__type_support.hpp\n'}
[0.985914] (px4_msgs) StdoutLine: {'line': b'-- Up-to-date: /home/mustardking/ws_sensor_combined/install/px4_msgs/include/px4_msgs/px4_msgs/msg/detail/parameter_update__traits.hpp\n'}
[0.985949] (px4_msgs) StdoutLine: {'line': b'-- Up-to-date: /home/mustardking/ws_sensor_combined/install/px4_msgs/include/px4_msgs/px4_msgs/msg/detail/sensor_airflow__builder.hpp\n'}
[0.986004] (px4_msgs) StdoutLine: {'line': b'-- Up-to-date: /home/mustardking/ws_sensor_combined/install/px4_msgs/include/px4_msgs/px4_msgs/msg/detail/ulog_stream_ack__builder.hpp\n'}
[0.986050] (px4_msgs) StdoutLine: {'line': b'-- Up-to-date: /home/mustardking/ws_sensor_combined/install/px4_msgs/include/px4_msgs/px4_msgs/msg/detail/iridiumsbd_status__type_support.hpp\n'}
[0.986075] (px4_msgs) StdoutLine: {'line': b'-- Up-to-date: /home/mustardking/ws_sensor_combined/install/px4_msgs/include/px4_msgs/px4_msgs/msg/detail/estimator_states__struct.hpp\n'}
[0.986107] (px4_msgs) StdoutLine: {'line': b'-- Up-to-date: /home/mustardking/ws_sensor_combined/install/px4_msgs/include/px4_msgs/px4_msgs/msg/detail/autotune_attitude_control_status__struct.hpp\n'}
[0.986230] (px4_msgs) StdoutLine: {'line': b'-- Up-to-date: /home/mustardking/ws_sensor_combined/install/px4_msgs/include/px4_msgs/px4_msgs/msg/detail/esc_report__type_support.hpp\n'}
[0.986255] (px4_msgs) StdoutLine: {'line': b'-- Up-to-date: /home/mustardking/ws_sensor_combined/install/px4_msgs/include/px4_msgs/px4_msgs/msg/detail/log_message__struct.hpp\n'}
[0.986277] (px4_msgs) StdoutLine: {'line': b'-- Up-to-date: /home/mustardking/ws_sensor_combined/install/px4_msgs/include/px4_msgs/px4_msgs/msg/detail/pure_pursuit_status__struct.hpp\n'}
[0.986300] (px4_msgs) StdoutLine: {'line': b'-- Up-to-date: /home/mustardking/ws_sensor_combined/install/px4_msgs/include/px4_msgs/px4_msgs/msg/detail/navigator_status__traits.hpp\n'}
[0.986322] (px4_msgs) StdoutLine: {'line': b'-- Up-to-date: /home/mustardking/ws_sensor_combined/install/px4_msgs/include/px4_msgs/px4_msgs/msg/detail/gimbal_controls__type_support.hpp\n'}
[0.986345] (px4_msgs) StdoutLine: {'line': b'-- Up-to-date: /home/mustardking/ws_sensor_combined/install/px4_msgs/include/px4_msgs/px4_msgs/msg/detail/vehicle_odometry__type_support.hpp\n'}
[0.986367] (px4_msgs) StdoutLine: {'line': b'-- Up-to-date: /home/mustardking/ws_sensor_combined/install/px4_msgs/include/px4_msgs/px4_msgs/msg/detail/geofence_result__struct.hpp\n'}
[0.986390] (px4_msgs) StdoutLine: {'line': b'-- Up-to-date: /home/mustardking/ws_sensor_combined/install/px4_msgs/include/px4_msgs/px4_msgs/msg/detail/actuator_servos__builder.hpp\n'}
[0.986412] (px4_msgs) StdoutLine: {'line': b'-- Up-to-date: /home/mustardking/ws_sensor_combined/install/px4_msgs/include/px4_msgs/px4_msgs/msg/detail/gimbal_device_information__struct.hpp\n'}
[0.986434] (px4_msgs) StdoutLine: {'line': b'-- Up-to-date: /home/mustardking/ws_sensor_combined/install/px4_msgs/include/px4_msgs/px4_msgs/msg/detail/rover_rate_setpoint__traits.hpp\n'}
[0.986457] (px4_msgs) StdoutLine: {'line': b'-- Up-to-date: /home/mustardking/ws_sensor_combined/install/px4_msgs/include/px4_msgs/px4_msgs/msg/detail/logger_status__traits.hpp\n'}
[0.986479] (px4_msgs) StdoutLine: {'line': b'-- Up-to-date: /home/mustardking/ws_sensor_combined/install/px4_msgs/include/px4_msgs/px4_msgs/msg/detail/vehicle_optical_flow_vel__type_support.hpp\n'}
[0.986501] (px4_msgs) StdoutLine: {'line': b'-- Up-to-date: /home/mustardking/ws_sensor_combined/install/px4_msgs/include/px4_msgs/px4_msgs/msg/detail/vehicle_optical_flow_vel__struct.hpp\n'}
[0.986523] (px4_msgs) StdoutLine: {'line': b'-- Up-to-date: /home/mustardking/ws_sensor_combined/install/px4_msgs/include/px4_msgs/px4_msgs/msg/detail/camera_status__type_support.hpp\n'}
[0.986545] (px4_msgs) StdoutLine: {'line': b'-- Up-to-date: /home/mustardking/ws_sensor_combined/install/px4_msgs/include/px4_msgs/px4_msgs/msg/detail/vehicle_rates_setpoint__type_support.hpp\n'}
[0.986567] (px4_msgs) StdoutLine: {'line': b'-- Up-to-date: /home/mustardking/ws_sensor_combined/install/px4_msgs/include/px4_msgs/px4_msgs/msg/detail/satellite_info__builder.hpp\n'}
[0.986589] (px4_msgs) StdoutLine: {'line': b'-- Up-to-date: /home/mustardking/ws_sensor_combined/install/px4_msgs/include/px4_msgs/px4_msgs/msg/detail/mag_worker_data__type_support.hpp\n'}
[0.986612] (px4_msgs) StdoutLine: {'line': b'-- Up-to-date: /home/mustardking/ws_sensor_combined/install/px4_msgs/include/px4_msgs/px4_msgs/msg/detail/vehicle_constraints__builder.hpp\n'}
[0.986636] (px4_msgs) StdoutLine: {'line': b'-- Up-to-date: /home/mustardking/ws_sensor_combined/install/px4_msgs/include/px4_msgs/px4_msgs/msg/detail/message_format_request__builder.hpp\n'}
[0.986658] (px4_msgs) StdoutLine: {'line': b'-- Up-to-date: /home/mustardking/ws_sensor_combined/install/px4_msgs/include/px4_msgs/px4_msgs/msg/detail/differential_pressure__traits.hpp\n'}
[0.986680] (px4_msgs) StdoutLine: {'line': b'-- Up-to-date: /home/mustardking/ws_sensor_combined/install/px4_msgs/include/px4_msgs/px4_msgs/msg/detail/sensor_gps__struct.hpp\n'}
[0.986703] (px4_msgs) StdoutLine: {'line': b'-- Up-to-date: /home/mustardking/ws_sensor_combined/install/px4_msgs/include/px4_msgs/px4_msgs/msg/detail/landing_gear__builder.hpp\n'}
[0.986725] (px4_msgs) StdoutLine: {'line': b'-- Up-to-date: /home/mustardking/ws_sensor_combined/install/px4_msgs/include/px4_msgs/px4_msgs/msg/detail/cellular_status__struct.hpp\n'}
[0.986747] (px4_msgs) StdoutLine: {'line': b'-- Up-to-date: /home/mustardking/ws_sensor_combined/install/px4_msgs/include/px4_msgs/px4_msgs/msg/detail/lateral_control_configuration__struct.hpp\n'}
[0.986769] (px4_msgs) StdoutLine: {'line': b'-- Up-to-date: /home/mustardking/ws_sensor_combined/install/px4_msgs/include/px4_msgs/px4_msgs/msg/detail/vehicle_acceleration__type_support.hpp\n'}
[0.986791] (px4_msgs) StdoutLine: {'line': b'-- Up-to-date: /home/mustardking/ws_sensor_combined/install/px4_msgs/include/px4_msgs/px4_msgs/msg/detail/ekf2_timestamps__traits.hpp\n'}
[0.986816] (px4_msgs) StdoutLine: {'line': b'-- Up-to-date: /home/mustardking/ws_sensor_combined/install/px4_msgs/include/px4_msgs/px4_msgs/msg/detail/obstacle_distance__traits.hpp\n'}
[0.986841] (px4_msgs) StdoutLine: {'line': b'-- Up-to-date: /home/mustardking/ws_sensor_combined/install/px4_msgs/include/px4_msgs/px4_msgs/msg/detail/led_control__struct.hpp\n'}
[0.986863] (px4_msgs) StdoutLine: {'line': b'-- Up-to-date: /home/mustardking/ws_sensor_combined/install/px4_msgs/include/px4_msgs/px4_msgs/msg/detail/cellular_status__traits.hpp\n'}
[0.986886] (px4_msgs) StdoutLine: {'line': b'-- Up-to-date: /home/mustardking/ws_sensor_combined/install/px4_msgs/include/px4_msgs/px4_msgs/msg/detail/gimbal_manager_set_manual_control__builder.hpp\n'}
[0.986908] (px4_msgs) StdoutLine: {'line': b'-- Up-to-date: /home/mustardking/ws_sensor_combined/install/px4_msgs/include/px4_msgs/px4_msgs/msg/detail/follow_target_estimator__type_support.hpp\n'}
[0.986939] (px4_msgs) StdoutLine: {'line': b'-- Up-to-date: /home/mustardking/ws_sensor_combined/install/px4_msgs/include/px4_msgs/px4_msgs/msg/detail/rover_rate_status__builder.hpp\n'}
[0.986962] (px4_msgs) StdoutLine: {'line': b'-- Up-to-date: /home/mustardking/ws_sensor_combined/install/px4_msgs/include/px4_msgs/px4_msgs/msg/detail/sensors_status_imu__type_support.hpp\n'}
[0.986984] (px4_msgs) StdoutLine: {'line': b'-- Up-to-date: /home/mustardking/ws_sensor_combined/install/px4_msgs/include/px4_msgs/px4_msgs/msg/detail/estimator_innovations__builder.hpp\n'}
[0.987006] (px4_msgs) StdoutLine: {'line': b'-- Up-to-date: /home/mustardking/ws_sensor_combined/install/px4_msgs/include/px4_msgs/px4_msgs/msg/detail/tiltrotor_extra_controls__builder.hpp\n'}
[0.987029] (px4_msgs) StdoutLine: {'line': b'-- Up-to-date: /home/mustardking/ws_sensor_combined/install/px4_msgs/include/px4_msgs/px4_msgs/msg/detail/vehicle_roi__traits.hpp\n'}
[0.987051] (px4_msgs) StdoutLine: {'line': b'-- Up-to-date: /home/mustardking/ws_sensor_combined/install/px4_msgs/include/px4_msgs/px4_msgs/msg/detail/vehicle_local_position__struct.hpp\n'}
[0.987074] (px4_msgs) StdoutLine: {'line': b'-- Up-to-date: /home/mustardking/ws_sensor_combined/install/px4_msgs/include/px4_msgs/px4_msgs/msg/detail/estimator_aid_source3d__traits.hpp\n'}
[0.987096] (px4_msgs) StdoutLine: {'line': b'-- Up-to-date: /home/mustardking/ws_sensor_combined/install/px4_msgs/include/px4_msgs/px4_msgs/msg/detail/magnetometer_bias_estimate__struct.hpp\n'}
[0.987119] (px4_msgs) StdoutLine: {'line': b'-- Up-to-date: /home/mustardking/ws_sensor_combined/install/px4_msgs/include/px4_msgs/px4_msgs/msg/detail/led_control__type_support.hpp\n'}
[0.987169] (px4_msgs) StdoutLine: {'line': b'-- Up-to-date: /home/mustardking/ws_sensor_combined/install/px4_msgs/include/px4_msgs/px4_msgs/msg/detail/vehicle_imu__builder.hpp\n'}
[0.987192] (px4_msgs) StdoutLine: {'line': b'-- Up-to-date: /home/mustardking/ws_sensor_combined/install/px4_msgs/include/px4_msgs/px4_msgs/msg/detail/orb_test__builder.hpp\n'}
[0.987214] (px4_msgs) StdoutLine: {'line': b'-- Up-to-date: /home/mustardking/ws_sensor_combined/install/px4_msgs/include/px4_msgs/px4_msgs/msg/detail/rover_speed_status__struct.hpp\n'}
[0.987236] (px4_msgs) StdoutLine: {'line': b'-- Up-to-date: /home/mustardking/ws_sensor_combined/install/px4_msgs/include/px4_msgs/px4_msgs/msg/detail/landing_gear_wheel__struct.hpp\n'}
[0.987258] (px4_msgs) StdoutLine: {'line': b'-- Up-to-date: /home/mustardking/ws_sensor_combined/install/px4_msgs/include/px4_msgs/px4_msgs/msg/detail/gps_dump__traits.hpp\n'}
[0.987281] (px4_msgs) StdoutLine: {'line': b'-- Up-to-date: /home/mustardking/ws_sensor_combined/install/px4_msgs/include/px4_msgs/px4_msgs/msg/detail/gpio_request__struct.hpp\n'}
[0.987303] (px4_msgs) StdoutLine: {'line': b'-- Up-to-date: /home/mustardking/ws_sensor_combined/install/px4_msgs/include/px4_msgs/px4_msgs/msg/detail/orb_test_medium__builder.hpp\n'}
[0.987326] (px4_msgs) StdoutLine: {'line': b'-- Up-to-date: /home/mustardking/ws_sensor_combined/install/px4_msgs/include/px4_msgs/px4_msgs/msg/detail/gimbal_manager_set_manual_control__traits.hpp\n'}
[0.987348] (px4_msgs) StdoutLine: {'line': b'-- Up-to-date: /home/mustardking/ws_sensor_combined/install/px4_msgs/include/px4_msgs/px4_msgs/msg/detail/estimator_gps_status__builder.hpp\n'}
[0.987369] (px4_msgs) StdoutLine: {'line': b'-- Up-to-date: /home/mustardking/ws_sensor_combined/install/px4_msgs/include/px4_msgs/px4_msgs/msg/detail/vehicle_rates_setpoint__builder.hpp\n'}
[0.987392] (px4_msgs) StdoutLine: {'line': b'-- Up-to-date: /home/mustardking/ws_sensor_combined/install/px4_msgs/include/px4_msgs/px4_msgs/msg/detail/rover_speed_setpoint__type_support.hpp\n'}
[0.987414] (px4_msgs) StdoutLine: {'line': b'-- Up-to-date: /home/mustardking/ws_sensor_combined/install/px4_msgs/include/px4_msgs/px4_msgs/msg/detail/trajectory_setpoint__type_support.hpp\n'}
[0.987436] (px4_msgs) StdoutLine: {'line': b'-- Up-to-date: /home/mustardking/ws_sensor_combined/install/px4_msgs/include/px4_msgs/px4_msgs/msg/detail/dataman_request__struct.hpp\n'}
[0.987459] (px4_msgs) StdoutLine: {'line': b'-- Up-to-date: /home/mustardking/ws_sensor_combined/install/px4_msgs/include/px4_msgs/px4_msgs/msg/detail/rover_attitude_setpoint__struct.hpp\n'}
[0.987481] (px4_msgs) StdoutLine: {'line': b'-- Up-to-date: /home/mustardking/ws_sensor_combined/install/px4_msgs/include/px4_msgs/px4_msgs/msg/detail/tune_control__type_support.hpp\n'}
[0.987517] (px4_msgs) StdoutLine: {'line': b'-- Up-to-date: /home/mustardking/ws_sensor_combined/install/px4_msgs/include/px4_msgs/px4_msgs/msg/detail/gimbal_manager_information__builder.hpp\n'}
[0.987544] (px4_msgs) StdoutLine: {'line': b'-- Up-to-date: /home/mustardking/ws_sensor_combined/install/px4_msgs/include/px4_msgs/px4_msgs/msg/detail/position_controller_status__builder.hpp\n'}
[0.987566] (px4_msgs) StdoutLine: {'line': b'-- Up-to-date: /home/mustardking/ws_sensor_combined/install/px4_msgs/include/px4_msgs/px4_msgs/msg/detail/dronecan_node_status__traits.hpp\n'}
[0.987588] (px4_msgs) StdoutLine: {'line': b'-- Up-to-date: /home/mustardking/ws_sensor_combined/install/px4_msgs/include/px4_msgs/px4_msgs/msg/detail/vehicle_angular_acceleration_setpoint__traits.hpp\n'}
[0.987611] (px4_msgs) StdoutLine: {'line': b'-- Up-to-date: /home/mustardking/ws_sensor_combined/install/px4_msgs/include/px4_msgs/px4_msgs/msg/detail/rover_attitude_setpoint__type_support.hpp\n'}
[0.987633] (px4_msgs) StdoutLine: {'line': b'-- Up-to-date: /home/mustardking/ws_sensor_combined/install/px4_msgs/include/px4_msgs/px4_msgs/msg/detail/estimator_bias3d__type_support.hpp\n'}
[0.987658] (px4_msgs) StdoutLine: {'line': b'-- Up-to-date: /home/mustardking/ws_sensor_combined/install/px4_msgs/include/px4_msgs/px4_msgs/msg/detail/ulog_stream_ack__type_support.hpp\n'}
[0.987680] (px4_msgs) StdoutLine: {'line': b'-- Up-to-date: /home/mustardking/ws_sensor_combined/install/px4_msgs/include/px4_msgs/px4_msgs/msg/detail/message_format_request__traits.hpp\n'}
[0.987702] (px4_msgs) StdoutLine: {'line': b'-- Up-to-date: /home/mustardking/ws_sensor_combined/install/px4_msgs/include/px4_msgs/px4_msgs/msg/detail/goto_setpoint__type_support.hpp\n'}
[0.987724] (px4_msgs) StdoutLine: {'line': b'-- Up-to-date: /home/mustardking/ws_sensor_combined/install/px4_msgs/include/px4_msgs/px4_msgs/msg/detail/open_drone_id_system__type_support.hpp\n'}
[0.987747] (px4_msgs) StdoutLine: {'line': b'-- Up-to-date: /home/mustardking/ws_sensor_combined/install/px4_msgs/include/px4_msgs/px4_msgs/msg/detail/generator_status__traits.hpp\n'}
[0.987769] (px4_msgs) StdoutLine: {'line': b'-- Up-to-date: /home/mustardking/ws_sensor_combined/install/px4_msgs/include/px4_msgs/px4_msgs/msg/detail/vehicle_local_position__traits.hpp\n'}
[0.987791] (px4_msgs) StdoutLine: {'line': b'-- Up-to-date: /home/mustardking/ws_sensor_combined/install/px4_msgs/include/px4_msgs/px4_msgs/msg/detail/mission_result__builder.hpp\n'}
[0.987813] (px4_msgs) StdoutLine: {'line': b'-- Up-to-date: /home/mustardking/ws_sensor_combined/install/px4_msgs/include/px4_msgs/px4_msgs/msg/detail/sensor_gps__type_support.hpp\n'}
[0.987842] (px4_msgs) StdoutLine: {'line': b'-- Up-to-date: /home/mustardking/ws_sensor_combined/install/px4_msgs/include/px4_msgs/px4_msgs/msg/detail/ekf2_timestamps__builder.hpp\n'}
[0.987864] (px4_msgs) StdoutLine: {'line': b'-- Up-to-date: /home/mustardking/ws_sensor_combined/install/px4_msgs/include/px4_msgs/px4_msgs/msg/detail/heater_status__type_support.hpp\n'}
[0.987886] (px4_msgs) StdoutLine: {'line': b'-- Up-to-date: /home/mustardking/ws_sensor_combined/install/px4_msgs/include/px4_msgs/px4_msgs/msg/detail/arming_check_request__builder.hpp\n'}
[0.987908] (px4_msgs) StdoutLine: {'line': b'-- Up-to-date: /home/mustardking/ws_sensor_combined/install/px4_msgs/include/px4_msgs/px4_msgs/msg/detail/estimator_states__builder.hpp\n'}
[0.987930] (px4_msgs) StdoutLine: {'line': b'-- Up-to-date: /home/mustardking/ws_sensor_combined/install/px4_msgs/include/px4_msgs/px4_msgs/msg/detail/fixed_wing_longitudinal_setpoint__type_support.hpp\n'}
[0.987953] (px4_msgs) StdoutLine: {'line': b'-- Up-to-date: /home/mustardking/ws_sensor_combined/install/px4_msgs/include/px4_msgs/px4_msgs/msg/detail/longitudinal_control_configuration__type_support.hpp\n'}
[0.987987] (px4_msgs) StdoutLine: {'line': b'-- Up-to-date: /home/mustardking/ws_sensor_combined/install/px4_msgs/include/px4_msgs/px4_msgs/msg/detail/vtol_vehicle_status__struct.hpp\n'}
[0.988009] (px4_msgs) StdoutLine: {'line': b'-- Up-to-date: /home/mustardking/ws_sensor_combined/install/px4_msgs/include/px4_msgs/px4_msgs/msg/detail/esc_report__struct.hpp\n'}
[0.988045] (px4_msgs) StdoutLine: {'line': b'-- Up-to-date: /home/mustardking/ws_sensor_combined/install/px4_msgs/include/px4_msgs/px4_msgs/msg/detail/geofence_status__builder.hpp\n'}
[0.988067] (px4_msgs) StdoutLine: {'line': b'-- Up-to-date: /home/mustardking/ws_sensor_combined/install/px4_msgs/include/px4_msgs/px4_msgs/msg/detail/landing_target_innovations__traits.hpp\n'}
[0.988090] (px4_msgs) StdoutLine: {'line': b'-- Up-to-date: /home/mustardking/ws_sensor_combined/install/px4_msgs/include/px4_msgs/px4_msgs/msg/detail/vehicle_status__builder.hpp\n'}
[0.988112] (px4_msgs) StdoutLine: {'line': b'-- Up-to-date: /home/mustardking/ws_sensor_combined/install/px4_msgs/include/px4_msgs/px4_msgs/msg/detail/sensor_correction__builder.hpp\n'}
[0.988135] (px4_msgs) StdoutLine: {'line': b'-- Up-to-date: /home/mustardking/ws_sensor_combined/install/px4_msgs/include/px4_msgs/px4_msgs/msg/detail/vehicle_odometry__builder.hpp\n'}
[0.988159] (px4_msgs) StdoutLine: {'line': b'-- Up-to-date: /home/mustardking/ws_sensor_combined/install/px4_msgs/include/px4_msgs/px4_msgs/msg/detail/button_event__traits.hpp\n'}
[0.988197] (px4_msgs) StdoutLine: {'line': b'-- Up-to-date: /home/mustardking/ws_sensor_combined/install/px4_msgs/include/px4_msgs/px4_msgs/msg/detail/navigator_mission_item__traits.hpp\n'}
[0.988229] (px4_msgs) StdoutLine: {'line': b'-- Up-to-date: /home/mustardking/ws_sensor_combined/install/px4_msgs/include/px4_msgs/px4_msgs/msg/detail/rc_channels__builder.hpp\n'}
[0.988252] (px4_msgs) StdoutLine: {'line': b'-- Up-to-date: /home/mustardking/ws_sensor_combined/install/px4_msgs/include/px4_msgs/px4_msgs/msg/detail/can_interface_status__type_support.hpp\n'}
[0.988275] (px4_msgs) StdoutLine: {'line': b'-- Up-to-date: /home/mustardking/ws_sensor_combined/install/px4_msgs/include/px4_msgs/px4_msgs/msg/detail/vtol_vehicle_status__type_support.hpp\n'}
[0.988297] (px4_msgs) StdoutLine: {'line': b'-- Up-to-date: /home/mustardking/ws_sensor_combined/install/px4_msgs/include/px4_msgs/px4_msgs/msg/detail/tecs_status__builder.hpp\n'}
[0.988319] (px4_msgs) StdoutLine: {'line': b'-- Up-to-date: /home/mustardking/ws_sensor_combined/install/px4_msgs/include/px4_msgs/px4_msgs/msg/detail/launch_detection_status__builder.hpp\n'}
[0.988341] (px4_msgs) StdoutLine: {'line': b'-- Up-to-date: /home/mustardking/ws_sensor_combined/install/px4_msgs/include/px4_msgs/px4_msgs/msg/detail/pure_pursuit_status__traits.hpp\n'}
[0.988363] (px4_msgs) StdoutLine: {'line': b'-- Up-to-date: /home/mustardking/ws_sensor_combined/install/px4_msgs/include/px4_msgs/px4_msgs/msg/detail/follow_target__struct.hpp\n'}
[0.988385] (px4_msgs) StdoutLine: {'line': b'-- Up-to-date: /home/mustardking/ws_sensor_combined/install/px4_msgs/include/px4_msgs/px4_msgs/msg/detail/vehicle_command_ack__traits.hpp\n'}
[0.988408] (px4_msgs) StdoutLine: {'line': b'-- Up-to-date: /home/mustardking/ws_sensor_combined/install/px4_msgs/include/px4_msgs/px4_msgs/msg/detail/uavcan_parameter_request__struct.hpp\n'}
[0.988431] (px4_msgs) StdoutLine: {'line': b'-- Up-to-date: /home/mustardking/ws_sensor_combined/install/px4_msgs/include/px4_msgs/px4_msgs/msg/detail/uavcan_parameter_request__traits.hpp\n'}
[0.988453] (px4_msgs) StdoutLine: {'line': b'-- Up-to-date: /home/mustardking/ws_sensor_combined/install/px4_msgs/include/px4_msgs/px4_msgs/msg/detail/figure_eight_status__type_support.hpp\n'}
[0.988475] (px4_msgs) StdoutLine: {'line': b'-- Up-to-date: /home/mustardking/ws_sensor_combined/install/px4_msgs/include/px4_msgs/px4_msgs/msg/detail/vehicle_attitude_setpoint__type_support.hpp\n'}
[0.988498] (px4_msgs) StdoutLine: {'line': b'-- Up-to-date: /home/mustardking/ws_sensor_combined/install/px4_msgs/include/px4_msgs/px4_msgs/msg/detail/battery_status__type_support.hpp\n'}
[0.988520] (px4_msgs) StdoutLine: {'line': b'-- Up-to-date: /home/mustardking/ws_sensor_combined/install/px4_msgs/include/px4_msgs/px4_msgs/msg/detail/sensor_gps__traits.hpp\n'}
[0.988542] (px4_msgs) StdoutLine: {'line': b'-- Up-to-date: /home/mustardking/ws_sensor_combined/install/px4_msgs/include/px4_msgs/px4_msgs/msg/detail/qshell_req__struct.hpp\n'}
[0.988565] (px4_msgs) StdoutLine: {'line': b'-- Up-to-date: /home/mustardking/ws_sensor_combined/install/px4_msgs/include/px4_msgs/px4_msgs/msg/detail/position_controller_landing_status__struct.hpp\n'}
[0.988587] (px4_msgs) StdoutLine: {'line': b'-- Up-to-date: /home/mustardking/ws_sensor_combined/install/px4_msgs/include/px4_msgs/px4_msgs/msg/detail/rpm__type_support.hpp\n'}
[0.988615] (px4_msgs) StdoutLine: {'line': b'-- Up-to-date: /home/mustardking/ws_sensor_combined/install/px4_msgs/include/px4_msgs/px4_msgs/msg/detail/offboard_control_mode__traits.hpp\n'}
[0.988637] (px4_msgs) StdoutLine: {'line': b'-- Up-to-date: /home/mustardking/ws_sensor_combined/install/px4_msgs/include/px4_msgs/px4_msgs/msg/detail/sensor_accel__struct.hpp\n'}
[0.988660] (px4_msgs) StdoutLine: {'line': b'-- Up-to-date: /home/mustardking/ws_sensor_combined/install/px4_msgs/include/px4_msgs/px4_msgs/msg/detail/dataman_request__builder.hpp\n'}
[0.988682] (px4_msgs) StdoutLine: {'line': b'-- Up-to-date: /home/mustardking/ws_sensor_combined/install/px4_msgs/include/px4_msgs/px4_msgs/msg/detail/register_ext_component_request__type_support.hpp\n'}
[0.988706] (px4_msgs) StdoutLine: {'line': b'-- Up-to-date: /home/mustardking/ws_sensor_combined/install/px4_msgs/include/px4_msgs/px4_msgs/msg/detail/trajectory_setpoint__struct.hpp\n'}
[0.988728] (px4_msgs) StdoutLine: {'line': b'-- Up-to-date: /home/mustardking/ws_sensor_combined/install/px4_msgs/include/px4_msgs/px4_msgs/msg/detail/actuator_servos__traits.hpp\n'}
[0.988750] (px4_msgs) StdoutLine: {'line': b'-- Up-to-date: /home/mustardking/ws_sensor_combined/install/px4_msgs/include/px4_msgs/px4_msgs/msg/detail/debug_vect__struct.hpp\n'}
[0.988786] (px4_msgs) StdoutLine: {'line': b'-- Up-to-date: /home/mustardking/ws_sensor_combined/install/px4_msgs/include/px4_msgs/px4_msgs/msg/detail/qshell_req__builder.hpp\n'}
[0.988831] (px4_msgs) StdoutLine: {'line': b'-- Up-to-date: /home/mustardking/ws_sensor_combined/install/px4_msgs/include/px4_msgs/px4_msgs/msg/detail/generator_status__struct.hpp\n'}
[0.988930] (px4_msgs) StdoutLine: {'line': b'-- Up-to-date: /home/mustardking/ws_sensor_combined/install/px4_msgs/include/px4_msgs/px4_msgs/msg/detail/velocity_limits__traits.hpp\n'}
[0.988963] (px4_msgs) StdoutLine: {'line': b'-- Up-to-date: /home/mustardking/ws_sensor_combined/install/px4_msgs/include/px4_msgs/px4_msgs/msg/detail/longitudinal_control_configuration__traits.hpp\n'}
[0.989001] (px4_msgs) StdoutLine: {'line': b'-- Up-to-date: /home/mustardking/ws_sensor_combined/install/px4_msgs/include/px4_msgs/px4_msgs/msg/detail/ping__traits.hpp\n'}
[0.989025] (px4_msgs) StdoutLine: {'line': b'-- Up-to-date: /home/mustardking/ws_sensor_combined/install/px4_msgs/include/px4_msgs/px4_msgs/msg/detail/mode_completed__traits.hpp\n'}
[0.989052] (px4_msgs) StdoutLine: {'line': b'-- Up-to-date: /home/mustardking/ws_sensor_combined/install/px4_msgs/include/px4_msgs/px4_msgs/msg/detail/camera_trigger__type_support.hpp\n'}
[0.989075] (px4_msgs) StdoutLine: {'line': b'-- Up-to-date: /home/mustardking/ws_sensor_combined/install/px4_msgs/include/px4_msgs/px4_msgs/msg/detail/sensor_accel__builder.hpp\n'}
[0.989098] (px4_msgs) StdoutLine: {'line': b'-- Up-to-date: /home/mustardking/ws_sensor_combined/install/px4_msgs/include/px4_msgs/px4_msgs/msg/detail/open_drone_id_arm_status__type_support.hpp\n'}
[0.989138] (px4_msgs) StdoutLine: {'line': b'-- Up-to-date: /home/mustardking/ws_sensor_combined/install/px4_msgs/include/px4_msgs/px4_msgs/msg/detail/health_report__struct.hpp\n'}
[0.989160] (px4_msgs) StdoutLine: {'line': b'-- Up-to-date: /home/mustardking/ws_sensor_combined/install/px4_msgs/include/px4_msgs/px4_msgs/msg/detail/health_report__builder.hpp\n'}
[0.989183] (px4_msgs) StdoutLine: {'line': b'-- Up-to-date: /home/mustardking/ws_sensor_combined/install/px4_msgs/include/px4_msgs/px4_msgs/msg/detail/sensor_gnss_status__type_support.hpp\n'}
[0.989206] (px4_msgs) StdoutLine: {'line': b'-- Up-to-date: /home/mustardking/ws_sensor_combined/install/px4_msgs/include/px4_msgs/px4_msgs/msg/detail/fixed_wing_longitudinal_setpoint__struct.hpp\n'}
[0.989229] (px4_msgs) StdoutLine: {'line': b'-- Up-to-date: /home/mustardking/ws_sensor_combined/install/px4_msgs/include/px4_msgs/px4_msgs/msg/detail/arming_check_request__traits.hpp\n'}
[0.989251] (px4_msgs) StdoutLine: {'line': b'-- Up-to-date: /home/mustardking/ws_sensor_combined/install/px4_msgs/include/px4_msgs/px4_msgs/msg/detail/fixed_wing_lateral_setpoint__type_support.hpp\n'}
[0.989274] (px4_msgs) StdoutLine: {'line': b'-- Up-to-date: /home/mustardking/ws_sensor_combined/install/px4_msgs/include/px4_msgs/px4_msgs/msg/detail/gps_inject_data__traits.hpp\n'}
[0.989297] (px4_msgs) StdoutLine: {'line': b'-- Up-to-date: /home/mustardking/ws_sensor_combined/install/px4_msgs/include/px4_msgs/px4_msgs/msg/detail/offboard_control_mode__struct.hpp\n'}
[0.989326] (px4_msgs) StdoutLine: {'line': b'-- Up-to-date: /home/mustardking/ws_sensor_combined/install/px4_msgs/include/px4_msgs/px4_msgs/msg/detail/sensor_baro__traits.hpp\n'}
[0.989357] (px4_msgs) StdoutLine: {'line': b'-- Up-to-date: /home/mustardking/ws_sensor_combined/install/px4_msgs/include/px4_msgs/px4_msgs/msg/detail/camera_capture__traits.hpp\n'}
[0.989383] (px4_msgs) StdoutLine: {'line': b'-- Up-to-date: /home/mustardking/ws_sensor_combined/install/px4_msgs/include/px4_msgs/px4_msgs/msg/detail/parameter_set_value_request__builder.hpp\n'}
[0.989406] (px4_msgs) StdoutLine: {'line': b'-- Up-to-date: /home/mustardking/ws_sensor_combined/install/px4_msgs/include/px4_msgs/px4_msgs/msg/detail/sensor_uwb__type_support.hpp\n'}
[0.989430] (px4_msgs) StdoutLine: {'line': b'-- Up-to-date: /home/mustardking/ws_sensor_combined/install/px4_msgs/include/px4_msgs/px4_msgs/msg/detail/navigator_status__struct.hpp\n'}
[0.989455] (px4_msgs) StdoutLine: {'line': b'-- Up-to-date: /home/mustardking/ws_sensor_combined/install/px4_msgs/include/px4_msgs/px4_msgs/msg/detail/gimbal_device_set_attitude__type_support.hpp\n'}
[0.989483] (px4_msgs) StdoutLine: {'line': b'-- Up-to-date: /home/mustardking/ws_sensor_combined/install/px4_msgs/include/px4_msgs/px4_msgs/msg/detail/orbit_status__traits.hpp\n'}
[0.989519] (px4_msgs) StdoutLine: {'line': b'-- Up-to-date: /home/mustardking/ws_sensor_combined/install/px4_msgs/include/px4_msgs/px4_msgs/msg/detail/estimator_bias__traits.hpp\n'}
[0.989557] (px4_msgs) StdoutLine: {'line': b'-- Up-to-date: /home/mustardking/ws_sensor_combined/install/px4_msgs/include/px4_msgs/px4_msgs/msg/detail/logger_status__type_support.hpp\n'}
[0.989582] (px4_msgs) StdoutLine: {'line': b'-- Up-to-date: /home/mustardking/ws_sensor_combined/install/px4_msgs/include/px4_msgs/px4_msgs/msg/detail/parameter_update__type_support.hpp\n'}
[0.989654] (px4_msgs) StdoutLine: {'line': b'-- Up-to-date: /home/mustardking/ws_sensor_combined/install/px4_msgs/include/px4_msgs/px4_msgs/msg/detail/landing_target_pose__builder.hpp\n'}
[0.989686] (px4_msgs) StdoutLine: {'line': b'-- Up-to-date: /home/mustardking/ws_sensor_combined/install/px4_msgs/include/px4_msgs/px4_msgs/msg/detail/parameter_set_value_response__struct.hpp\n'}
[0.989710] (px4_msgs) StdoutLine: {'line': b'-- Up-to-date: /home/mustardking/ws_sensor_combined/install/px4_msgs/include/px4_msgs/px4_msgs/msg/detail/qshell_retval__traits.hpp\n'}
[0.989736] (px4_msgs) StdoutLine: {'line': b'-- Up-to-date: /home/mustardking/ws_sensor_combined/install/px4_msgs/include/px4_msgs/px4_msgs/msg/detail/failure_detector_status__type_support.hpp\n'}
[0.989758] (px4_msgs) StdoutLine: {'line': b'-- Up-to-date: /home/mustardking/ws_sensor_combined/install/px4_msgs/include/px4_msgs/px4_msgs/msg/detail/sensor_gyro__builder.hpp\n'}
[0.989781] (px4_msgs) StdoutLine: {'line': b'-- Up-to-date: /home/mustardking/ws_sensor_combined/install/px4_msgs/include/px4_msgs/px4_msgs/msg/detail/esc_status__builder.hpp\n'}
[0.989817] (px4_msgs) StdoutLine: {'line': b'-- Up-to-date: /home/mustardking/ws_sensor_combined/install/px4_msgs/include/px4_msgs/px4_msgs/msg/detail/sensor_optical_flow__type_support.hpp\n'}
[0.989840] (px4_msgs) StdoutLine: {'line': b'-- Up-to-date: /home/mustardking/ws_sensor_combined/install/px4_msgs/include/px4_msgs/px4_msgs/msg/detail/rtl_status__type_support.hpp\n'}
[0.989863] (px4_msgs) StdoutLine: {'line': b'-- Up-to-date: /home/mustardking/ws_sensor_combined/install/px4_msgs/include/px4_msgs/px4_msgs/msg/detail/position_controller_status__type_support.hpp\n'}
[0.989889] (px4_msgs) StdoutLine: {'line': b'-- Up-to-date: /home/mustardking/ws_sensor_combined/install/px4_msgs/include/px4_msgs/px4_msgs/msg/detail/obstacle_distance__builder.hpp\n'}
[0.989911] (px4_msgs) StdoutLine: {'line': b'-- Up-to-date: /home/mustardking/ws_sensor_combined/install/px4_msgs/include/px4_msgs/px4_msgs/msg/detail/dataman_response__builder.hpp\n'}
[0.989933] (px4_msgs) StdoutLine: {'line': b'-- Up-to-date: /home/mustardking/ws_sensor_combined/install/px4_msgs/include/px4_msgs/px4_msgs/msg/detail/estimator_aid_source2d__struct.hpp\n'}
[0.989955] (px4_msgs) StdoutLine: {'line': b'-- Up-to-date: /home/mustardking/ws_sensor_combined/install/px4_msgs/include/px4_msgs/px4_msgs/msg/detail/vehicle_status__traits.hpp\n'}
[0.989977] (px4_msgs) StdoutLine: {'line': b'-- Up-to-date: /home/mustardking/ws_sensor_combined/install/px4_msgs/include/px4_msgs/px4_msgs/msg/detail/vehicle_acceleration__struct.hpp\n'}
[0.990026] (px4_msgs) StdoutLine: {'line': b'-- Up-to-date: /home/mustardking/ws_sensor_combined/install/px4_msgs/include/px4_msgs/px4_msgs/msg/detail/system_power__builder.hpp\n'}
[0.990069] (px4_msgs) StdoutLine: {'line': b'-- Up-to-date: /home/mustardking/ws_sensor_combined/install/px4_msgs/include/px4_msgs/px4_msgs/msg/detail/task_stack_info__builder.hpp\n'}
[0.990091] (px4_msgs) StdoutLine: {'line': b'-- Up-to-date: /home/mustardking/ws_sensor_combined/install/px4_msgs/include/px4_msgs/px4_msgs/msg/detail/debug_array__builder.hpp\n'}
[0.990113] (px4_msgs) StdoutLine: {'line': b'-- Up-to-date: /home/mustardking/ws_sensor_combined/install/px4_msgs/include/px4_msgs/px4_msgs/msg/detail/gpio_request__builder.hpp\n'}
[0.990135] (px4_msgs) StdoutLine: {'line': b'-- Up-to-date: /home/mustardking/ws_sensor_combined/install/px4_msgs/include/px4_msgs/px4_msgs/msg/detail/yaw_estimator_status__struct.hpp\n'}
[0.990158] (px4_msgs) StdoutLine: {'line': b'-- Up-to-date: /home/mustardking/ws_sensor_combined/install/px4_msgs/include/px4_msgs/px4_msgs/msg/detail/config_overrides__struct.hpp\n'}
[0.990181] (px4_msgs) StdoutLine: {'line': b'-- Up-to-date: /home/mustardking/ws_sensor_combined/install/px4_msgs/include/px4_msgs/px4_msgs/msg/detail/telemetry_status__traits.hpp\n'}
[0.990204] (px4_msgs) StdoutLine: {'line': b'-- Up-to-date: /home/mustardking/ws_sensor_combined/install/px4_msgs/include/px4_msgs/px4_msgs/msg/detail/sensor_preflight_mag__traits.hpp\n'}
[0.990246] (px4_msgs) StdoutLine: {'line': b'-- Up-to-date: /home/mustardking/ws_sensor_combined/install/px4_msgs/include/px4_msgs/px4_msgs/msg/detail/estimator_event_flags__builder.hpp\n'}
[0.990269] (px4_msgs) StdoutLine: {'line': b'-- Up-to-date: /home/mustardking/ws_sensor_combined/install/px4_msgs/include/px4_msgs/px4_msgs/msg/detail/fixed_wing_longitudinal_setpoint__builder.hpp\n'}
[0.990291] (px4_msgs) StdoutLine: {'line': b'-- Up-to-date: /home/mustardking/ws_sensor_combined/install/px4_msgs/include/px4_msgs/px4_msgs/msg/detail/config_overrides__type_support.hpp\n'}
[0.990339] (px4_msgs) StdoutLine: {'line': b'-- Up-to-date: /home/mustardking/ws_sensor_combined/install/px4_msgs/include/px4_msgs/px4_msgs/msg/detail/rover_rate_setpoint__type_support.hpp\n'}
[0.990362] (px4_msgs) StdoutLine: {'line': b'-- Up-to-date: /home/mustardking/ws_sensor_combined/install/px4_msgs/include/px4_msgs/px4_msgs/msg/detail/gps_dump__type_support.hpp\n'}
[0.990384] (px4_msgs) StdoutLine: {'line': b'-- Up-to-date: /home/mustardking/ws_sensor_combined/install/px4_msgs/include/px4_msgs/px4_msgs/msg/detail/navigator_mission_item__type_support.hpp\n'}
[0.990406] (px4_msgs) StdoutLine: {'line': b'-- Up-to-date: /home/mustardking/ws_sensor_combined/install/px4_msgs/include/px4_msgs/px4_msgs/msg/detail/rc_parameter_map__traits.hpp\n'}
[0.990428] (px4_msgs) StdoutLine: {'line': b'-- Up-to-date: /home/mustardking/ws_sensor_combined/install/px4_msgs/include/px4_msgs/px4_msgs/msg/detail/sensor_correction__struct.hpp\n'}
[0.990453] (px4_msgs) StdoutLine: {'line': b'-- Up-to-date: /home/mustardking/ws_sensor_combined/install/px4_msgs/include/px4_msgs/px4_msgs/msg/detail/sensor_gyro__type_support.hpp\n'}
[0.990478] (px4_msgs) StdoutLine: {'line': b'-- Up-to-date: /home/mustardking/ws_sensor_combined/install/px4_msgs/include/px4_msgs/px4_msgs/msg/detail/parameter_set_value_response__builder.hpp\n'}
[0.990501] (px4_msgs) StdoutLine: {'line': b'-- Up-to-date: /home/mustardking/ws_sensor_combined/install/px4_msgs/include/px4_msgs/px4_msgs/msg/detail/magnetometer_bias_estimate__type_support.hpp\n'}
[0.990523] (px4_msgs) StdoutLine: {'line': b'-- Up-to-date: /home/mustardking/ws_sensor_combined/install/px4_msgs/include/px4_msgs/px4_msgs/msg/detail/airspeed_validated__type_support.hpp\n'}
[0.990545] (px4_msgs) StdoutLine: {'line': b'-- Up-to-date: /home/mustardking/ws_sensor_combined/install/px4_msgs/include/px4_msgs/px4_msgs/msg/detail/sensor_gyro__struct.hpp\n'}
[0.990596] (px4_msgs) StdoutLine: {'line': b'-- Up-to-date: /home/mustardking/ws_sensor_combined/install/px4_msgs/include/px4_msgs/px4_msgs/msg/detail/landing_gear_wheel__traits.hpp\n'}
[0.990619] (px4_msgs) StdoutLine: {'line': b'-- Up-to-date: /home/mustardking/ws_sensor_combined/install/px4_msgs/include/px4_msgs/px4_msgs/msg/detail/orb_test__traits.hpp\n'}
[0.990641] (px4_msgs) StdoutLine: {'line': b'-- Up-to-date: /home/mustardking/ws_sensor_combined/install/px4_msgs/include/px4_msgs/px4_msgs/msg/detail/distance_sensor__builder.hpp\n'}
[0.990676] (px4_msgs) StdoutLine: {'line': b'-- Up-to-date: /home/mustardking/ws_sensor_combined/install/px4_msgs/include/px4_msgs/px4_msgs/msg/detail/heater_status__traits.hpp\n'}
[0.990698] (px4_msgs) StdoutLine: {'line': b'-- Up-to-date: /home/mustardking/ws_sensor_combined/install/px4_msgs/include/px4_msgs/px4_msgs/msg/detail/manual_control_switches__builder.hpp\n'}
[0.990720] (px4_msgs) StdoutLine: {'line': b'-- Up-to-date: /home/mustardking/ws_sensor_combined/install/px4_msgs/include/px4_msgs/px4_msgs/msg/detail/estimator_aid_source3d__builder.hpp\n'}
[0.990742] (px4_msgs) StdoutLine: {'line': b'-- Up-to-date: /home/mustardking/ws_sensor_combined/install/px4_msgs/include/px4_msgs/px4_msgs/msg/detail/vehicle_angular_acceleration_setpoint__builder.hpp\n'}
[0.990801] (px4_msgs) StdoutLine: {'line': b'-- Up-to-date: /home/mustardking/ws_sensor_combined/install/px4_msgs/include/px4_msgs/px4_msgs/msg/detail/sensor_gyro_fifo__builder.hpp\n'}
[0.990830] (px4_msgs) StdoutLine: {'line': b'-- Up-to-date: /home/mustardking/ws_sensor_combined/install/px4_msgs/include/px4_msgs/px4_msgs/msg/detail/mag_worker_data__traits.hpp\n'}
[0.990852] (px4_msgs) StdoutLine: {'line': b'-- Up-to-date: /home/mustardking/ws_sensor_combined/install/px4_msgs/include/px4_msgs/px4_msgs/msg/detail/unregister_ext_component__builder.hpp\n'}
[0.990874] (px4_msgs) StdoutLine: {'line': b'-- Up-to-date: /home/mustardking/ws_sensor_combined/install/px4_msgs/include/px4_msgs/px4_msgs/msg/detail/manual_control_setpoint__builder.hpp\n'}
[0.990942] (px4_msgs) StdoutLine: {'line': b'-- Up-to-date: /home/mustardking/ws_sensor_combined/install/px4_msgs/include/px4_msgs/px4_msgs/msg/detail/config_overrides__builder.hpp\n'}
[0.990966] (px4_msgs) StdoutLine: {'line': b'-- Up-to-date: /home/mustardking/ws_sensor_combined/install/px4_msgs/include/px4_msgs/px4_msgs/msg/detail/mode_completed__builder.hpp\n'}
[0.990988] (px4_msgs) StdoutLine: {'line': b'-- Up-to-date: /home/mustardking/ws_sensor_combined/install/px4_msgs/include/px4_msgs/px4_msgs/msg/detail/iridiumsbd_status__traits.hpp\n'}
[0.991010] (px4_msgs) StdoutLine: {'line': b'-- Up-to-date: /home/mustardking/ws_sensor_combined/install/px4_msgs/include/px4_msgs/px4_msgs/msg/detail/sensor_mag__builder.hpp\n'}
[0.991032] (px4_msgs) StdoutLine: {'line': b'-- Up-to-date: /home/mustardking/ws_sensor_combined/install/px4_msgs/include/px4_msgs/px4_msgs/msg/detail/vehicle_command__type_support.hpp\n'}
[0.991054] (px4_msgs) StdoutLine: {'line': b'-- Up-to-date: /home/mustardking/ws_sensor_combined/install/px4_msgs/include/px4_msgs/px4_msgs/msg/detail/actuator_armed__type_support.hpp\n'}
[0.991117] (px4_msgs) StdoutLine: {'line': b'-- Up-to-date: /home/mustardking/ws_sensor_combined/install/px4_msgs/include/px4_msgs/px4_msgs/msg/detail/power_monitor__builder.hpp\n'}
[0.991140] (px4_msgs) StdoutLine: {'line': b'-- Up-to-date: /home/mustardking/ws_sensor_combined/install/px4_msgs/include/px4_msgs/px4_msgs/msg/detail/onboard_computer_status__traits.hpp\n'}
[0.991172] (px4_msgs) StdoutLine: {'line': b'-- Up-to-date: /home/mustardking/ws_sensor_combined/install/px4_msgs/include/px4_msgs/px4_msgs/msg/detail/camera_capture__builder.hpp\n'}
[0.991195] (px4_msgs) StdoutLine: {'line': b'-- Up-to-date: /home/mustardking/ws_sensor_combined/install/px4_msgs/include/px4_msgs/px4_msgs/msg/detail/mavlink_tunnel__builder.hpp\n'}
[0.991217] (px4_msgs) StdoutLine: {'line': b'-- Up-to-date: /home/mustardking/ws_sensor_combined/install/px4_msgs/include/px4_msgs/px4_msgs/msg/detail/gimbal_device_attitude_status__traits.hpp\n'}
[0.991241] (px4_msgs) StdoutLine: {'line': b'-- Up-to-date: /home/mustardking/ws_sensor_combined/install/px4_msgs/include/px4_msgs/px4_msgs/msg/detail/landing_target_pose__type_support.hpp\n'}
[0.991264] (px4_msgs) StdoutLine: {'line': b'-- Up-to-date: /home/mustardking/ws_sensor_combined/install/px4_msgs/include/px4_msgs/px4_msgs/msg/detail/estimator_states__type_support.hpp\n'}
[0.991288] (px4_msgs) StdoutLine: {'line': b'-- Up-to-date: /home/mustardking/ws_sensor_combined/install/px4_msgs/include/px4_msgs/px4_msgs/msg/detail/actuator_test__builder.hpp\n'}
[0.991311] (px4_msgs) StdoutLine: {'line': b'-- Up-to-date: /home/mustardking/ws_sensor_combined/install/px4_msgs/include/px4_msgs/px4_msgs/msg/detail/dataman_response__type_support.hpp\n'}
[0.991333] (px4_msgs) StdoutLine: {'line': b'-- Up-to-date: /home/mustardking/ws_sensor_combined/install/px4_msgs/include/px4_msgs/px4_msgs/msg/detail/neural_control__struct.hpp\n'}
[0.991356] (px4_msgs) StdoutLine: {'line': b'-- Up-to-date: /home/mustardking/ws_sensor_combined/install/px4_msgs/include/px4_msgs/px4_msgs/msg/detail/telemetry_status__builder.hpp\n'}
[0.991380] (px4_msgs) StdoutLine: {'line': b'-- Up-to-date: /home/mustardking/ws_sensor_combined/install/px4_msgs/include/px4_msgs/px4_msgs/msg/detail/estimator_selector_status__traits.hpp\n'}
[0.991402] (px4_msgs) StdoutLine: {'line': b'-- Up-to-date: /home/mustardking/ws_sensor_combined/install/px4_msgs/include/px4_msgs/px4_msgs/msg/detail/collision_constraints__traits.hpp\n'}
[0.991425] (px4_msgs) StdoutLine: {'line': b'-- Up-to-date: /home/mustardking/ws_sensor_combined/install/px4_msgs/include/px4_msgs/px4_msgs/msg/detail/actuator_controls_status__struct.hpp\n'}
[0.991447] (px4_msgs) StdoutLine: {'line': b'-- Up-to-date: /home/mustardking/ws_sensor_combined/install/px4_msgs/include/px4_msgs/px4_msgs/msg/detail/sensor_gyro_fft__builder.hpp\n'}
[0.991469] (px4_msgs) StdoutLine: {'line': b'-- Up-to-date: /home/mustardking/ws_sensor_combined/install/px4_msgs/include/px4_msgs/px4_msgs/msg/detail/vehicle_attitude__traits.hpp\n'}
[0.991493] (px4_msgs) StdoutLine: {'line': b'-- Up-to-date: /home/mustardking/ws_sensor_combined/install/px4_msgs/include/px4_msgs/px4_msgs/msg/detail/gpio_in__traits.hpp\n'}
[0.991516] (px4_msgs) StdoutLine: {'line': b'-- Up-to-date: /home/mustardking/ws_sensor_combined/install/px4_msgs/include/px4_msgs/px4_msgs/msg/detail/follow_target_estimator__traits.hpp\n'}
[0.991547] (px4_msgs) StdoutLine: {'line': b'-- Up-to-date: /home/mustardking/ws_sensor_combined/install/px4_msgs/include/px4_msgs/px4_msgs/msg/detail/unregister_ext_component__type_support.hpp\n'}
[0.991570] (px4_msgs) StdoutLine: {'line': b'-- Up-to-date: /home/mustardking/ws_sensor_combined/install/px4_msgs/include/px4_msgs/px4_msgs/msg/detail/battery_status__traits.hpp\n'}
[0.991592] (px4_msgs) StdoutLine: {'line': b'-- Up-to-date: /home/mustardking/ws_sensor_combined/install/px4_msgs/include/px4_msgs/px4_msgs/msg/detail/vehicle_command_ack__struct.hpp\n'}
[0.991614] (px4_msgs) StdoutLine: {'line': b'-- Up-to-date: /home/mustardking/ws_sensor_combined/install/px4_msgs/include/px4_msgs/px4_msgs/msg/detail/fuel_tank_status__type_support.hpp\n'}
[0.991636] (px4_msgs) StdoutLine: {'line': b'-- Up-to-date: /home/mustardking/ws_sensor_combined/install/px4_msgs/include/px4_msgs/px4_msgs/msg/detail/gripper__traits.hpp\n'}
[0.991659] (px4_msgs) StdoutLine: {'line': b'-- Up-to-date: /home/mustardking/ws_sensor_combined/install/px4_msgs/include/px4_msgs/px4_msgs/msg/detail/sensor_gnss_relative__traits.hpp\n'}
[0.991681] (px4_msgs) StdoutLine: {'line': b'-- Up-to-date: /home/mustardking/ws_sensor_combined/install/px4_msgs/include/px4_msgs/px4_msgs/msg/detail/vehicle_command__struct.hpp\n'}
[0.991709] (px4_msgs) StdoutLine: {'line': b'-- Up-to-date: /home/mustardking/ws_sensor_combined/install/px4_msgs/include/px4_msgs/px4_msgs/msg/detail/home_position__traits.hpp\n'}
[0.991736] (px4_msgs) StdoutLine: {'line': b'-- Up-to-date: /home/mustardking/ws_sensor_combined/install/px4_msgs/include/px4_msgs/px4_msgs/msg/detail/orb_test_large__type_support.hpp\n'}
[0.991760] (px4_msgs) StdoutLine: {'line': b'-- Up-to-date: /home/mustardking/ws_sensor_combined/install/px4_msgs/include/px4_msgs/px4_msgs/msg/detail/orb_test_medium__struct.hpp\n'}
[0.991782] (px4_msgs) StdoutLine: {'line': b'-- Up-to-date: /home/mustardking/ws_sensor_combined/install/px4_msgs/include/px4_msgs/px4_msgs/msg/detail/sensor_selection__struct.hpp\n'}
[0.991810] (px4_msgs) StdoutLine: {'line': b'-- Up-to-date: /home/mustardking/ws_sensor_combined/install/px4_msgs/include/px4_msgs/px4_msgs/msg/detail/home_position__type_support.hpp\n'}
[0.991836] (px4_msgs) StdoutLine: {'line': b'-- Up-to-date: /home/mustardking/ws_sensor_combined/install/px4_msgs/include/px4_msgs/px4_msgs/msg/detail/rover_rate_setpoint__builder.hpp\n'}
[0.991858] (px4_msgs) StdoutLine: {'line': b'-- Up-to-date: /home/mustardking/ws_sensor_combined/install/px4_msgs/include/px4_msgs/px4_msgs/msg/detail/battery_info__builder.hpp\n'}
[0.991880] (px4_msgs) StdoutLine: {'line': b'-- Up-to-date: /home/mustardking/ws_sensor_combined/install/px4_msgs/include/px4_msgs/px4_msgs/msg/detail/dataman_response__struct.hpp\n'}
[0.991902] (px4_msgs) StdoutLine: {'line': b'-- Up-to-date: /home/mustardking/ws_sensor_combined/install/px4_msgs/include/px4_msgs/px4_msgs/msg/detail/qshell_req__type_support.hpp\n'}
[0.991940] (px4_msgs) StdoutLine: {'line': b'-- Up-to-date: /home/mustardking/ws_sensor_combined/install/px4_msgs/include/px4_msgs/px4_msgs/msg/detail/gimbal_device_set_attitude__traits.hpp\n'}
[0.991964] (px4_msgs) StdoutLine: {'line': b'-- Up-to-date: /home/mustardking/ws_sensor_combined/install/px4_msgs/include/px4_msgs/px4_msgs/msg/detail/vehicle_magnetometer__traits.hpp\n'}
[0.991987] (px4_msgs) StdoutLine: {'line': b'-- Up-to-date: /home/mustardking/ws_sensor_combined/install/px4_msgs/include/px4_msgs/px4_msgs/msg/detail/cpuload__struct.hpp\n'}
[0.992010] (px4_msgs) StdoutLine: {'line': b'-- Up-to-date: /home/mustardking/ws_sensor_combined/install/px4_msgs/include/px4_msgs/px4_msgs/msg/detail/autotune_attitude_control_status__builder.hpp\n'}
[0.992032] (px4_msgs) StdoutLine: {'line': b'-- Up-to-date: /home/mustardking/ws_sensor_combined/install/px4_msgs/include/px4_msgs/px4_msgs/msg/detail/mavlink_tunnel__traits.hpp\n'}
[0.992054] (px4_msgs) StdoutLine: {'line': b'-- Up-to-date: /home/mustardking/ws_sensor_combined/install/px4_msgs/include/px4_msgs/px4_msgs/msg/detail/camera_trigger__builder.hpp\n'}
[0.992076] (px4_msgs) StdoutLine: {'line': b'-- Up-to-date: /home/mustardking/ws_sensor_combined/install/px4_msgs/include/px4_msgs/px4_msgs/msg/detail/sensors_status__type_support.hpp\n'}
[0.992098] (px4_msgs) StdoutLine: {'line': b'-- Up-to-date: /home/mustardking/ws_sensor_combined/install/px4_msgs/include/px4_msgs/px4_msgs/msg/detail/magnetometer_bias_estimate__traits.hpp\n'}
[0.992133] (px4_msgs) StdoutLine: {'line': b'-- Up-to-date: /home/mustardking/ws_sensor_combined/install/px4_msgs/include/px4_msgs/px4_msgs/msg/detail/collision_constraints__builder.hpp\n'}
[0.992156] (px4_msgs) StdoutLine: {'line': b'-- Up-to-date: /home/mustardking/ws_sensor_combined/install/px4_msgs/include/px4_msgs/px4_msgs/msg/detail/airspeed__type_support.hpp\n'}
[0.992178] (px4_msgs) StdoutLine: {'line': b'-- Up-to-date: /home/mustardking/ws_sensor_combined/install/px4_msgs/include/px4_msgs/px4_msgs/msg/detail/qshell_retval__builder.hpp\n'}
[0.992201] (px4_msgs) StdoutLine: {'line': b'-- Up-to-date: /home/mustardking/ws_sensor_combined/install/px4_msgs/include/px4_msgs/px4_msgs/msg/detail/pwm_input__builder.hpp\n'}
[0.992227] (px4_msgs) StdoutLine: {'line': b'-- Up-to-date: /home/mustardking/ws_sensor_combined/install/px4_msgs/include/px4_msgs/px4_msgs/msg/detail/onboard_computer_status__builder.hpp\n'}
[0.992250] (px4_msgs) StdoutLine: {'line': b'-- Up-to-date: /home/mustardking/ws_sensor_combined/install/px4_msgs/include/px4_msgs/px4_msgs/msg/detail/hover_thrust_estimate__type_support.hpp\n'}
[0.992272] (px4_msgs) StdoutLine: {'line': b'-- Up-to-date: /home/mustardking/ws_sensor_combined/install/px4_msgs/include/px4_msgs/px4_msgs/msg/detail/vehicle_status__struct.hpp\n'}
[0.992296] (px4_msgs) StdoutLine: {'line': b'-- Up-to-date: /home/mustardking/ws_sensor_combined/install/px4_msgs/include/px4_msgs/px4_msgs/msg/detail/sensor_preflight_mag__type_support.hpp\n'}
[0.992389] (px4_msgs) StdoutLine: {'line': b'-- Up-to-date: /home/mustardking/ws_sensor_combined/install/px4_msgs/include/px4_msgs/px4_msgs/msg/detail/internal_combustion_engine_control__struct.hpp\n'}
[0.992413] (px4_msgs) StdoutLine: {'line': b'-- Up-to-date: /home/mustardking/ws_sensor_combined/install/px4_msgs/include/px4_msgs/px4_msgs/msg/detail/action_request__builder.hpp\n'}
[0.992443] (px4_msgs) StdoutLine: {'line': b'-- Up-to-date: /home/mustardking/ws_sensor_combined/install/px4_msgs/include/px4_msgs/px4_msgs/msg/detail/debug_vect__builder.hpp\n'}
[0.992493] (px4_msgs) StdoutLine: {'line': b'-- Up-to-date: /home/mustardking/ws_sensor_combined/install/px4_msgs/include/px4_msgs/px4_msgs/msg/detail/gimbal_manager_set_manual_control__type_support.hpp\n'}
[0.992515] (px4_msgs) StdoutLine: {'line': b'-- Up-to-date: /home/mustardking/ws_sensor_combined/install/px4_msgs/include/px4_msgs/px4_msgs/msg/detail/cpuload__type_support.hpp\n'}
[0.992538] (px4_msgs) StdoutLine: {'line': b'-- Up-to-date: /home/mustardking/ws_sensor_combined/install/px4_msgs/include/px4_msgs/px4_msgs/msg/detail/power_button_state__builder.hpp\n'}
[0.992560] (px4_msgs) StdoutLine: {'line': b'-- Up-to-date: /home/mustardking/ws_sensor_combined/install/px4_msgs/include/px4_msgs/px4_msgs/msg/detail/parameter_reset_request__traits.hpp\n'}
[0.992582] (px4_msgs) StdoutLine: {'line': b'-- Up-to-date: /home/mustardking/ws_sensor_combined/install/px4_msgs/include/px4_msgs/px4_msgs/msg/detail/lateral_control_configuration__traits.hpp\n'}
[0.992617] (px4_msgs) StdoutLine: {'line': b'-- Up-to-date: /home/mustardking/ws_sensor_combined/install/px4_msgs/include/px4_msgs/px4_msgs/msg/detail/vehicle_thrust_setpoint__type_support.hpp\n'}
[0.992669] (px4_msgs) StdoutLine: {'line': b'-- Up-to-date: /home/mustardking/ws_sensor_combined/install/px4_msgs/include/px4_msgs/px4_msgs/msg/detail/debug_array__type_support.hpp\n'}
[0.992692] (px4_msgs) StdoutLine: {'line': b'-- Up-to-date: /home/mustardking/ws_sensor_combined/install/px4_msgs/include/px4_msgs/px4_msgs/msg/detail/power_monitor__type_support.hpp\n'}
[0.992714] (px4_msgs) StdoutLine: {'line': b'-- Up-to-date: /home/mustardking/ws_sensor_combined/install/px4_msgs/include/px4_msgs/px4_msgs/msg/detail/navigator_mission_item__builder.hpp\n'}
[0.992738] (px4_msgs) StdoutLine: {'line': b'-- Up-to-date: /home/mustardking/ws_sensor_combined/install/px4_msgs/include/px4_msgs/px4_msgs/msg/detail/estimator_sensor_bias__type_support.hpp\n'}
[0.992760] (px4_msgs) StdoutLine: {'line': b'-- Up-to-date: /home/mustardking/ws_sensor_combined/install/px4_msgs/include/px4_msgs/px4_msgs/msg/detail/open_drone_id_system__builder.hpp\n'}
[0.992811] (px4_msgs) StdoutLine: {'line': b'-- Up-to-date: /home/mustardking/ws_sensor_combined/install/px4_msgs/include/px4_msgs/px4_msgs/msg/detail/distance_sensor_mode_change_request__struct.hpp\n'}
[0.992834] (px4_msgs) StdoutLine: {'line': b'-- Up-to-date: /home/mustardking/ws_sensor_combined/install/px4_msgs/include/px4_msgs/px4_msgs/msg/detail/actuator_outputs__builder.hpp\n'}
[0.992919] (px4_msgs) StdoutLine: {'line': b'-- Up-to-date: /home/mustardking/ws_sensor_combined/install/px4_msgs/include/px4_msgs/px4_msgs/msg/detail/gripper__builder.hpp\n'}
[0.992944] (px4_msgs) StdoutLine: {'line': b'-- Up-to-date: /home/mustardking/ws_sensor_combined/install/px4_msgs/include/px4_msgs/px4_msgs/msg/detail/actuator_servos_trim__builder.hpp\n'}
[0.993002] (px4_msgs) StdoutLine: {'line': b'-- Up-to-date: /home/mustardking/ws_sensor_combined/install/px4_msgs/include/px4_msgs/px4_msgs/msg/detail/qshell_req__traits.hpp\n'}
[0.993026] (px4_msgs) StdoutLine: {'line': b'-- Up-to-date: /home/mustardking/ws_sensor_combined/install/px4_msgs/include/px4_msgs/px4_msgs/msg/detail/sensor_combined__struct.hpp\n'}
[0.993048] (px4_msgs) StdoutLine: {'line': b'-- Up-to-date: /home/mustardking/ws_sensor_combined/install/px4_msgs/include/px4_msgs/px4_msgs/msg/detail/gimbal_device_information__traits.hpp\n'}
[0.993073] (px4_msgs) StdoutLine: {'line': b'-- Up-to-date: /home/mustardking/ws_sensor_combined/install/px4_msgs/include/px4_msgs/px4_msgs/msg/detail/tiltrotor_extra_controls__traits.hpp\n'}
[0.993095] (px4_msgs) StdoutLine: {'line': b'-- Up-to-date: /home/mustardking/ws_sensor_combined/install/px4_msgs/include/px4_msgs/px4_msgs/msg/detail/estimator_aid_source1d__struct.hpp\n'}
[0.993137] (px4_msgs) StdoutLine: {'line': b'-- Up-to-date: /home/mustardking/ws_sensor_combined/install/px4_msgs/include/px4_msgs/px4_msgs/msg/detail/ulog_stream__struct.hpp\n'}
[0.993171] (px4_msgs) StdoutLine: {'line': b'-- Up-to-date: /home/mustardking/ws_sensor_combined/install/px4_msgs/include/px4_msgs/px4_msgs/msg/detail/rover_position_setpoint__struct.hpp\n'}
[0.993196] (px4_msgs) StdoutLine: {'line': b'-- Up-to-date: /home/mustardking/ws_sensor_combined/install/px4_msgs/include/px4_msgs/px4_msgs/msg/detail/wind__struct.hpp\n'}
[0.993218] (px4_msgs) StdoutLine: {'line': b'-- Up-to-date: /home/mustardking/ws_sensor_combined/install/px4_msgs/include/px4_msgs/px4_msgs/msg/detail/sensor_gnss_relative__builder.hpp\n'}
[0.993240] (px4_msgs) StdoutLine: {'line': b'-- Up-to-date: /home/mustardking/ws_sensor_combined/install/px4_msgs/include/px4_msgs/px4_msgs/msg/detail/vehicle_control_mode__builder.hpp\n'}
[0.993262] (px4_msgs) StdoutLine: {'line': b'-- Up-to-date: /home/mustardking/ws_sensor_combined/install/px4_msgs/include/px4_msgs/px4_msgs/msg/detail/irlock_report__builder.hpp\n'}
[0.993284] (px4_msgs) StdoutLine: {'line': b'-- Up-to-date: /home/mustardking/ws_sensor_combined/install/px4_msgs/include/px4_msgs/px4_msgs/msg/detail/mount_orientation__traits.hpp\n'}
[0.993354] (px4_msgs) StdoutLine: {'line': b'-- Up-to-date: /home/mustardking/ws_sensor_combined/install/px4_msgs/include/px4_msgs/px4_msgs/msg/detail/open_drone_id_arm_status__traits.hpp\n'}
[0.993394] (px4_msgs) StdoutLine: {'line': b'-- Up-to-date: /home/mustardking/ws_sensor_combined/install/px4_msgs/include/px4_msgs/px4_msgs/msg/detail/follow_target__traits.hpp\n'}
[0.993418] (px4_msgs) StdoutLine: {'line': b'-- Up-to-date: /home/mustardking/ws_sensor_combined/install/px4_msgs/include/px4_msgs/px4_msgs/msg/detail/pps_capture__struct.hpp\n'}
[0.993473] (px4_msgs) StdoutLine: {'line': b'-- Up-to-date: /home/mustardking/ws_sensor_combined/install/px4_msgs/include/px4_msgs/px4_msgs/msg/detail/vehicle_constraints__struct.hpp\n'}
[0.993500] (px4_msgs) StdoutLine: {'line': b'-- Up-to-date: /home/mustardking/ws_sensor_combined/install/px4_msgs/include/px4_msgs/px4_msgs/msg/detail/rover_speed_status__type_support.hpp\n'}
[0.993542] (px4_msgs) StdoutLine: {'line': b'-- Up-to-date: /home/mustardking/ws_sensor_combined/install/px4_msgs/include/px4_msgs/px4_msgs/msg/detail/distance_sensor_mode_change_request__type_support.hpp\n'}
[0.993572] (px4_msgs) StdoutLine: {'line': b'-- Up-to-date: /home/mustardking/ws_sensor_combined/install/px4_msgs/include/px4_msgs/px4_msgs/msg/detail/rate_ctrl_status__type_support.hpp\n'}
[0.993610] (px4_msgs) StdoutLine: {'line': b'-- Up-to-date: /home/mustardking/ws_sensor_combined/install/px4_msgs/include/px4_msgs/px4_msgs/msg/detail/vehicle_thrust_setpoint__struct.hpp\n'}
[0.993634] (px4_msgs) StdoutLine: {'line': b'-- Up-to-date: /home/mustardking/ws_sensor_combined/install/px4_msgs/include/px4_msgs/px4_msgs/msg/detail/position_setpoint_triplet__traits.hpp\n'}
[0.993667] (px4_msgs) StdoutLine: {'line': b'-- Up-to-date: /home/mustardking/ws_sensor_combined/install/px4_msgs/include/px4_msgs/px4_msgs/msg/detail/debug_key_value__builder.hpp\n'}
[0.993710] (px4_msgs) StdoutLine: {'line': b'-- Up-to-date: /home/mustardking/ws_sensor_combined/install/px4_msgs/include/px4_msgs/px4_msgs/msg/detail/sensor_gyro_fifo__traits.hpp\n'}
[0.993774] (px4_msgs) StdoutLine: {'line': b'-- Up-to-date: /home/mustardking/ws_sensor_combined/install/px4_msgs/include/px4_msgs/px4_msgs/msg/detail/sensor_gnss_status__traits.hpp\n'}
[0.993800] (px4_msgs) StdoutLine: {'line': b'-- Up-to-date: /home/mustardking/ws_sensor_combined/install/px4_msgs/include/px4_msgs/px4_msgs/msg/detail/adc_report__struct.hpp\n'}
[0.993837] (px4_msgs) StdoutLine: {'line': b'-- Up-to-date: /home/mustardking/ws_sensor_combined/install/px4_msgs/include/px4_msgs/px4_msgs/msg/detail/wheel_encoders__type_support.hpp\n'}
[0.993910] (px4_msgs) StdoutLine: {'line': b'-- Up-to-date: /home/mustardking/ws_sensor_combined/install/px4_msgs/include/px4_msgs/px4_msgs/msg/detail/sensors_status_imu__builder.hpp\n'}
[0.993943] (px4_msgs) StdoutLine: {'line': b'-- Up-to-date: /home/mustardking/ws_sensor_combined/install/px4_msgs/include/px4_msgs/px4_msgs/msg/detail/mag_worker_data__builder.hpp\n'}
[0.993967] (px4_msgs) StdoutLine: {'line': b'-- Up-to-date: /home/mustardking/ws_sensor_combined/install/px4_msgs/include/px4_msgs/px4_msgs/msg/detail/estimator_status__struct.hpp\n'}
[0.993989] (px4_msgs) StdoutLine: {'line': b'-- Up-to-date: /home/mustardking/ws_sensor_combined/install/px4_msgs/include/px4_msgs/px4_msgs/msg/detail/rtl_status__builder.hpp\n'}
[0.994045] (px4_msgs) StdoutLine: {'line': b'-- Up-to-date: /home/mustardking/ws_sensor_combined/install/px4_msgs/include/px4_msgs/px4_msgs/msg/detail/battery_info__struct.hpp\n'}
[0.994075] (px4_msgs) StdoutLine: {'line': b'-- Up-to-date: /home/mustardking/ws_sensor_combined/install/px4_msgs/include/px4_msgs/px4_msgs/msg/detail/vehicle_optical_flow__builder.hpp\n'}
[0.994100] (px4_msgs) StdoutLine: {'line': b'-- Up-to-date: /home/mustardking/ws_sensor_combined/install/px4_msgs/include/px4_msgs/px4_msgs/msg/detail/estimator_sensor_bias__builder.hpp\n'}
[0.994124] (px4_msgs) StdoutLine: {'line': b'-- Up-to-date: /home/mustardking/ws_sensor_combined/install/px4_msgs/include/px4_msgs/px4_msgs/msg/detail/parameter_update__builder.hpp\n'}
[0.994146] (px4_msgs) StdoutLine: {'line': b'-- Up-to-date: /home/mustardking/ws_sensor_combined/install/px4_msgs/include/px4_msgs/px4_msgs/msg/detail/actuator_test__struct.hpp\n'}
[0.994176] (px4_msgs) StdoutLine: {'line': b'-- Up-to-date: /home/mustardking/ws_sensor_combined/install/px4_msgs/include/px4_msgs/px4_msgs/msg/detail/wheel_encoders__traits.hpp\n'}
[0.994208] (px4_msgs) StdoutLine: {'line': b'-- Up-to-date: /home/mustardking/ws_sensor_combined/install/px4_msgs/include/px4_msgs/px4_msgs/msg/detail/sensors_status__builder.hpp\n'}
[0.994279] (px4_msgs) StdoutLine: {'line': b'-- Up-to-date: /home/mustardking/ws_sensor_combined/install/px4_msgs/include/px4_msgs/px4_msgs/msg/detail/cellular_status__builder.hpp\n'}
[0.994311] (px4_msgs) StdoutLine: {'line': b'-- Up-to-date: /home/mustardking/ws_sensor_combined/install/px4_msgs/include/px4_msgs/px4_msgs/msg/detail/orb_test__type_support.hpp\n'}
[0.994334] (px4_msgs) StdoutLine: {'line': b'-- Up-to-date: /home/mustardking/ws_sensor_combined/install/px4_msgs/include/px4_msgs/px4_msgs/msg/detail/gpio_config__traits.hpp\n'}
[0.994357] (px4_msgs) StdoutLine: {'line': b'-- Up-to-date: /home/mustardking/ws_sensor_combined/install/px4_msgs/include/px4_msgs/px4_msgs/msg/detail/vehicle_imu_status__traits.hpp\n'}
[0.994399] (px4_msgs) StdoutLine: {'line': b'-- Up-to-date: /home/mustardking/ws_sensor_combined/install/px4_msgs/include/px4_msgs/px4_msgs/msg/detail/airspeed_wind__traits.hpp\n'}
[0.994422] (px4_msgs) StdoutLine: {'line': b'-- Up-to-date: /home/mustardking/ws_sensor_combined/install/px4_msgs/include/px4_msgs/px4_msgs/msg/detail/normalized_unsigned_setpoint__struct.hpp\n'}
[0.994445] (px4_msgs) StdoutLine: {'line': b'-- Up-to-date: /home/mustardking/ws_sensor_combined/install/px4_msgs/include/px4_msgs/px4_msgs/msg/detail/message_format_response__type_support.hpp\n'}
[0.994467] (px4_msgs) StdoutLine: {'line': b'-- Up-to-date: /home/mustardking/ws_sensor_combined/install/px4_msgs/include/px4_msgs/px4_msgs/msg/detail/rate_ctrl_status__struct.hpp\n'}
[0.994490] (px4_msgs) StdoutLine: {'line': b'-- Up-to-date: /home/mustardking/ws_sensor_combined/install/px4_msgs/include/px4_msgs/px4_msgs/msg/detail/geofence_status__struct.hpp\n'}
[0.994513] (px4_msgs) StdoutLine: {'line': b'-- Up-to-date: /home/mustardking/ws_sensor_combined/install/px4_msgs/include/px4_msgs/px4_msgs/msg/detail/qshell_retval__struct.hpp\n'}
[0.994548] (px4_msgs) StdoutLine: {'line': b'-- Up-to-date: /home/mustardking/ws_sensor_combined/install/px4_msgs/include/px4_msgs/px4_msgs/msg/detail/register_ext_component_request__struct.hpp\n'}
[0.994638] (px4_msgs) StdoutLine: {'line': b'-- Up-to-date: /home/mustardking/ws_sensor_combined/install/px4_msgs/include/px4_msgs/px4_msgs/msg/detail/log_message__traits.hpp\n'}
[0.994688] (px4_msgs) StdoutLine: {'line': b'-- Up-to-date: /home/mustardking/ws_sensor_combined/install/px4_msgs/include/px4_msgs/px4_msgs/msg/detail/fixed_wing_runway_control__traits.hpp\n'}
[0.994727] (px4_msgs) StdoutLine: {'line': b'-- Up-to-date: /home/mustardking/ws_sensor_combined/install/px4_msgs/include/px4_msgs/px4_msgs/msg/detail/message_format_request__type_support.hpp\n'}
[0.994804] (px4_msgs) StdoutLine: {'line': b'-- Up-to-date: /home/mustardking/ws_sensor_combined/install/px4_msgs/include/px4_msgs/px4_msgs/msg/detail/uavcan_parameter_value__struct.hpp\n'}
[0.994848] (px4_msgs) StdoutLine: {'line': b'-- Up-to-date: /home/mustardking/ws_sensor_combined/install/px4_msgs/include/px4_msgs/px4_msgs/msg/detail/position_controller_landing_status__type_support.hpp\n'}
[0.994896] (px4_msgs) StdoutLine: {'line': b'-- Up-to-date: /home/mustardking/ws_sensor_combined/install/px4_msgs/include/px4_msgs/px4_msgs/msg/detail/vehicle_constraints__traits.hpp\n'}
[0.994955] (px4_msgs) StdoutLine: {'line': b'-- Up-to-date: /home/mustardking/ws_sensor_combined/install/px4_msgs/include/px4_msgs/px4_msgs/msg/detail/adc_report__type_support.hpp\n'}
[0.994986] (px4_msgs) StdoutLine: {'line': b'-- Up-to-date: /home/mustardking/ws_sensor_combined/install/px4_msgs/include/px4_msgs/px4_msgs/msg/detail/rover_speed_status__builder.hpp\n'}
[0.995068] (px4_msgs) StdoutLine: {'line': b'-- Up-to-date: /home/mustardking/ws_sensor_combined/install/px4_msgs/include/px4_msgs/px4_msgs/msg/detail/follow_target_status__traits.hpp\n'}
[0.995094] (px4_msgs) StdoutLine: {'line': b'-- Up-to-date: /home/mustardking/ws_sensor_combined/install/px4_msgs/include/px4_msgs/px4_msgs/msg/detail/pwm_input__traits.hpp\n'}
[0.995125] (px4_msgs) StdoutLine: {'line': b'-- Up-to-date: /home/mustardking/ws_sensor_combined/install/px4_msgs/include/px4_msgs/px4_msgs/msg/detail/vehicle_torque_setpoint__struct.hpp\n'}
[0.995196] (px4_msgs) StdoutLine: {'line': b'-- Up-to-date: /home/mustardking/ws_sensor_combined/install/px4_msgs/include/px4_msgs/px4_msgs/msg/detail/estimator_status_flags__type_support.hpp\n'}
[0.995241] (px4_msgs) StdoutLine: {'line': b'-- Up-to-date: /home/mustardking/ws_sensor_combined/install/px4_msgs/include/px4_msgs/px4_msgs/msg/detail/rtl_time_estimate__builder.hpp\n'}
[0.995270] (px4_msgs) StdoutLine: {'line': b'-- Up-to-date: /home/mustardking/ws_sensor_combined/install/px4_msgs/include/px4_msgs/px4_msgs/msg/detail/message_format_response__traits.hpp\n'}
[0.995307] (px4_msgs) StdoutLine: {'line': b'-- Up-to-date: /home/mustardking/ws_sensor_combined/install/px4_msgs/include/px4_msgs/px4_msgs/msg/detail/mission__builder.hpp\n'}
[0.995346] (px4_msgs) StdoutLine: {'line': b'-- Up-to-date: /home/mustardking/ws_sensor_combined/install/px4_msgs/include/px4_msgs/px4_msgs/msg/detail/radio_status__struct.hpp\n'}
[0.995398] (px4_msgs) StdoutLine: {'line': b'-- Up-to-date: /home/mustardking/ws_sensor_combined/install/px4_msgs/include/px4_msgs/px4_msgs/msg/detail/actuator_controls_status__type_support.hpp\n'}
[0.995443] (px4_msgs) StdoutLine: {'line': b'-- Up-to-date: /home/mustardking/ws_sensor_combined/install/px4_msgs/include/px4_msgs/px4_msgs/msg/detail/vehicle_rates_setpoint__traits.hpp\n'}
[0.995475] (px4_msgs) StdoutLine: {'line': b'-- Up-to-date: /home/mustardking/ws_sensor_combined/install/px4_msgs/include/px4_msgs/px4_msgs/msg/detail/debug_key_value__struct.hpp\n'}
[0.995504] (px4_msgs) StdoutLine: {'line': b'-- Up-to-date: /home/mustardking/ws_sensor_combined/install/px4_msgs/include/px4_msgs/px4_msgs/msg/detail/unregister_ext_component__traits.hpp\n'}
[0.995554] (px4_msgs) StdoutLine: {'line': b'-- Up-to-date: /home/mustardking/ws_sensor_combined/install/px4_msgs/include/px4_msgs/px4_msgs/msg/detail/estimator_status__type_support.hpp\n'}
[0.995585] (px4_msgs) StdoutLine: {'line': b'-- Up-to-date: /home/mustardking/ws_sensor_combined/install/px4_msgs/include/px4_msgs/px4_msgs/msg/detail/actuator_outputs__traits.hpp\n'}
[0.995619] (px4_msgs) StdoutLine: {'line': b'-- Up-to-date: /home/mustardking/ws_sensor_combined/install/px4_msgs/include/px4_msgs/px4_msgs/msg/detail/goto_setpoint__builder.hpp\n'}
[0.995654] (px4_msgs) StdoutLine: {'line': b'-- Up-to-date: /home/mustardking/ws_sensor_combined/install/px4_msgs/include/px4_msgs/px4_msgs/msg/detail/rover_attitude_status__traits.hpp\n'}
[0.995696] (px4_msgs) StdoutLine: {'line': b'-- Up-to-date: /home/mustardking/ws_sensor_combined/install/px4_msgs/include/px4_msgs/px4_msgs/msg/detail/action_request__traits.hpp\n'}
[0.995745] (px4_msgs) StdoutLine: {'line': b'-- Up-to-date: /home/mustardking/ws_sensor_combined/install/px4_msgs/include/px4_msgs/px4_msgs/msg/detail/rpm__struct.hpp\n'}
[0.995767] (px4_msgs) StdoutLine: {'line': b'-- Up-to-date: /home/mustardking/ws_sensor_combined/install/px4_msgs/include/px4_msgs/px4_msgs/msg/detail/vehicle_local_position_setpoint__traits.hpp\n'}
[0.995796] (px4_msgs) StdoutLine: {'line': b'-- Up-to-date: /home/mustardking/ws_sensor_combined/install/px4_msgs/include/px4_msgs/px4_msgs/msg/detail/vehicle_land_detected__type_support.hpp\n'}
[0.995829] (px4_msgs) StdoutLine: {'line': b'-- Up-to-date: /home/mustardking/ws_sensor_combined/install/px4_msgs/include/px4_msgs/px4_msgs/msg/detail/geofence_status__traits.hpp\n'}
[0.995852] (px4_msgs) StdoutLine: {'line': b'-- Up-to-date: /home/mustardking/ws_sensor_combined/install/px4_msgs/include/px4_msgs/px4_msgs/msg/detail/sensor_airflow__type_support.hpp\n'}
[0.995915] (px4_msgs) StdoutLine: {'line': b'-- Up-to-date: /home/mustardking/ws_sensor_combined/install/px4_msgs/include/px4_msgs/px4_msgs/msg/detail/pps_capture__type_support.hpp\n'}
[0.995945] (px4_msgs) StdoutLine: {'line': b'-- Up-to-date: /home/mustardking/ws_sensor_combined/install/px4_msgs/include/px4_msgs/px4_msgs/msg/detail/sensor_gyro__traits.hpp\n'}
[0.995981] (px4_msgs) StdoutLine: {'line': b'-- Up-to-date: /home/mustardking/ws_sensor_combined/install/px4_msgs/include/px4_msgs/px4_msgs/msg/detail/position_setpoint__struct.hpp\n'}
[0.996013] (px4_msgs) StdoutLine: {'line': b'-- Up-to-date: /home/mustardking/ws_sensor_combined/install/px4_msgs/include/px4_msgs/px4_msgs/msg/detail/uavcan_parameter_request__type_support.hpp\n'}
[0.996051] (px4_msgs) StdoutLine: {'line': b'-- Up-to-date: /home/mustardking/ws_sensor_combined/install/px4_msgs/include/px4_msgs/px4_msgs/msg/detail/generator_status__builder.hpp\n'}
[0.996093] (px4_msgs) StdoutLine: {'line': b'-- Up-to-date: /home/mustardking/ws_sensor_combined/install/px4_msgs/include/px4_msgs/px4_msgs/msg/detail/gps_inject_data__builder.hpp\n'}
[0.996124] (px4_msgs) StdoutLine: {'line': b'-- Up-to-date: /home/mustardking/ws_sensor_combined/install/px4_msgs/include/px4_msgs/px4_msgs/msg/detail/health_report__traits.hpp\n'}
[0.996149] (px4_msgs) StdoutLine: {'line': b'-- Up-to-date: /home/mustardking/ws_sensor_combined/install/px4_msgs/include/px4_msgs/px4_msgs/msg/detail/estimator_event_flags__struct.hpp\n'}
[0.996206] (px4_msgs) StdoutLine: {'line': b'-- Up-to-date: /home/mustardking/ws_sensor_combined/install/px4_msgs/include/px4_msgs/px4_msgs/msg/detail/rpm__traits.hpp\n'}
[0.996241] (px4_msgs) StdoutLine: {'line': b'-- Up-to-date: /home/mustardking/ws_sensor_combined/install/px4_msgs/include/px4_msgs/px4_msgs/msg/detail/logger_status__builder.hpp\n'}
[0.996280] (px4_msgs) StdoutLine: {'line': b'-- Up-to-date: /home/mustardking/ws_sensor_combined/install/px4_msgs/include/px4_msgs/px4_msgs/msg/detail/internal_combustion_engine_control__traits.hpp\n'}
[0.996318] (px4_msgs) StdoutLine: {'line': b'-- Up-to-date: /home/mustardking/ws_sensor_combined/install/px4_msgs/include/px4_msgs/px4_msgs/msg/detail/collision_constraints__struct.hpp\n'}
[0.996351] (px4_msgs) StdoutLine: {'line': b'-- Up-to-date: /home/mustardking/ws_sensor_combined/install/px4_msgs/include/px4_msgs/px4_msgs/msg/detail/parameter_set_used_request__type_support.hpp\n'}
[0.996397] (px4_msgs) StdoutLine: {'line': b'-- Up-to-date: /home/mustardking/ws_sensor_combined/install/px4_msgs/include/px4_msgs/px4_msgs/msg/detail/orb_test_large__struct.hpp\n'}
[0.996441] (px4_msgs) StdoutLine: {'line': b'-- Up-to-date: /home/mustardking/ws_sensor_combined/install/px4_msgs/include/px4_msgs/px4_msgs/msg/detail/orb_test_medium__type_support.hpp\n'}
[0.996465] (px4_msgs) StdoutLine: {'line': b'-- Up-to-date: /home/mustardking/ws_sensor_combined/install/px4_msgs/include/px4_msgs/px4_msgs/msg/detail/actuator_motors__builder.hpp\n'}
[0.996491] (px4_msgs) StdoutLine: {'line': b'-- Up-to-date: /home/mustardking/ws_sensor_combined/install/px4_msgs/include/px4_msgs/px4_msgs/msg/detail/satellite_info__struct.hpp\n'}
[0.996515] (px4_msgs) StdoutLine: {'line': b'-- Up-to-date: /home/mustardking/ws_sensor_combined/install/px4_msgs/include/px4_msgs/px4_msgs/msg/detail/longitudinal_control_configuration__builder.hpp\n'}
[0.996545] (px4_msgs) StdoutLine: {'line': b'-- Up-to-date: /home/mustardking/ws_sensor_combined/install/px4_msgs/include/px4_msgs/px4_msgs/msg/detail/obstacle_distance__struct.hpp\n'}
[0.996595] (px4_msgs) StdoutLine: {'line': b'-- Up-to-date: /home/mustardking/ws_sensor_combined/install/px4_msgs/include/px4_msgs/px4_msgs/msg/detail/input_rc__traits.hpp\n'}
[0.996622] (px4_msgs) StdoutLine: {'line': b'-- Up-to-date: /home/mustardking/ws_sensor_combined/install/px4_msgs/include/px4_msgs/px4_msgs/msg/detail/vehicle_angular_velocity__type_support.hpp\n'}
[0.996647] (px4_msgs) StdoutLine: {'line': b'-- Up-to-date: /home/mustardking/ws_sensor_combined/install/px4_msgs/include/px4_msgs/px4_msgs/msg/detail/follow_target__builder.hpp\n'}
[0.996671] (px4_msgs) StdoutLine: {'line': b'-- Up-to-date: /home/mustardking/ws_sensor_combined/install/px4_msgs/include/px4_msgs/px4_msgs/msg/detail/rate_ctrl_status__traits.hpp\n'}
[0.996695] (px4_msgs) StdoutLine: {'line': b'-- Up-to-date: /home/mustardking/ws_sensor_combined/install/px4_msgs/include/px4_msgs/px4_msgs/msg/detail/estimator_status_flags__struct.hpp\n'}
[0.996727] (px4_msgs) StdoutLine: {'line': b'-- Up-to-date: /home/mustardking/ws_sensor_combined/install/px4_msgs/include/px4_msgs/px4_msgs/msg/detail/actuator_outputs__type_support.hpp\n'}
[0.996751] (px4_msgs) StdoutLine: {'line': b'-- Up-to-date: /home/mustardking/ws_sensor_combined/install/px4_msgs/include/px4_msgs/px4_msgs/msg/detail/open_drone_id_system__struct.hpp\n'}
[0.996776] (px4_msgs) StdoutLine: {'line': b'-- Up-to-date: /home/mustardking/ws_sensor_combined/install/px4_msgs/include/px4_msgs/px4_msgs/msg/detail/gpio_out__builder.hpp\n'}
[0.996801] (px4_msgs) StdoutLine: {'line': b'-- Up-to-date: /home/mustardking/ws_sensor_combined/install/px4_msgs/include/px4_msgs/px4_msgs/msg/detail/flight_phase_estimation__type_support.hpp\n'}
[0.996837] (px4_msgs) StdoutLine: {'line': b'-- Up-to-date: /home/mustardking/ws_sensor_combined/install/px4_msgs/include/px4_msgs/px4_msgs/msg/detail/failure_detector_status__builder.hpp\n'}
[0.996921] (px4_msgs) StdoutLine: {'line': b'-- Up-to-date: /home/mustardking/ws_sensor_combined/install/px4_msgs/include/px4_msgs/px4_msgs/msg/detail/actuator_servos_trim__type_support.hpp\n'}
[0.997202] (px4_msgs) StdoutLine: {'line': b'-- Up-to-date: /home/mustardking/ws_sensor_combined/install/px4_msgs/include/px4_msgs/px4_msgs/msg/detail/vehicle_attitude_setpoint__struct.hpp\n'}
[0.997238] (px4_msgs) StdoutLine: {'line': b'-- Up-to-date: /home/mustardking/ws_sensor_combined/install/px4_msgs/include/px4_msgs/px4_msgs/msg/detail/gimbal_manager_information__type_support.hpp\n'}
[0.997262] (px4_msgs) StdoutLine: {'line': b'-- Up-to-date: /home/mustardking/ws_sensor_combined/install/px4_msgs/include/px4_msgs/px4_msgs/msg/detail/follow_target__type_support.hpp\n'}
[0.997284] (px4_msgs) StdoutLine: {'line': b'-- Up-to-date: /home/mustardking/ws_sensor_combined/install/px4_msgs/include/px4_msgs/px4_msgs/msg/detail/event__traits.hpp\n'}
[0.997309] (px4_msgs) StdoutLine: {'line': b'-- Up-to-date: /home/mustardking/ws_sensor_combined/install/px4_msgs/include/px4_msgs/px4_msgs/msg/detail/vehicle_optical_flow_vel__builder.hpp\n'}
[0.997358] (px4_msgs) StdoutLine: {'line': b'-- Up-to-date: /home/mustardking/ws_sensor_combined/install/px4_msgs/include/px4_msgs/px4_msgs/msg/detail/airspeed_validated__traits.hpp\n'}
[0.997384] (px4_msgs) StdoutLine: {'line': b'-- Up-to-date: /home/mustardking/ws_sensor_combined/install/px4_msgs/include/px4_msgs/px4_msgs/msg/detail/vehicle_angular_acceleration_setpoint__type_support.hpp\n'}
[0.997416] (px4_msgs) StdoutLine: {'line': b'-- Up-to-date: /home/mustardking/ws_sensor_combined/install/px4_msgs/include/px4_msgs/px4_msgs/msg/detail/internal_combustion_engine_control__type_support.hpp\n'}
[0.997449] (px4_msgs) StdoutLine: {'line': b'-- Up-to-date: /home/mustardking/ws_sensor_combined/install/px4_msgs/include/px4_msgs/px4_msgs/msg/detail/sensor_airflow__traits.hpp\n'}
[0.997473] (px4_msgs) StdoutLine: {'line': b'-- Up-to-date: /home/mustardking/ws_sensor_combined/install/px4_msgs/include/px4_msgs/px4_msgs/msg/detail/mission_result__type_support.hpp\n'}
[0.997514] (px4_msgs) StdoutLine: {'line': b'-- Up-to-date: /home/mustardking/ws_sensor_combined/install/px4_msgs/include/px4_msgs/px4_msgs/msg/detail/fixed_wing_lateral_status__type_support.hpp\n'}
[0.997581] (px4_msgs) StdoutLine: {'line': b'-- Up-to-date: /home/mustardking/ws_sensor_combined/install/px4_msgs/include/px4_msgs/px4_msgs/msg/detail/sensor_optical_flow__builder.hpp\n'}
[0.997612] (px4_msgs) StdoutLine: {'line': b'-- Up-to-date: /home/mustardking/ws_sensor_combined/install/px4_msgs/include/px4_msgs/px4_msgs/msg/detail/mount_orientation__builder.hpp\n'}
[0.997635] (px4_msgs) StdoutLine: {'line': b'-- Up-to-date: /home/mustardking/ws_sensor_combined/install/px4_msgs/include/px4_msgs/px4_msgs/msg/detail/tiltrotor_extra_controls__struct.hpp\n'}
[0.997666] (px4_msgs) StdoutLine: {'line': b'-- Up-to-date: /home/mustardking/ws_sensor_combined/install/px4_msgs/include/px4_msgs/px4_msgs/msg/detail/gimbal_manager_status__traits.hpp\n'}
[0.997709] (px4_msgs) StdoutLine: {'line': b'-- Up-to-date: /home/mustardking/ws_sensor_combined/install/px4_msgs/include/px4_msgs/px4_msgs/msg/detail/obstacle_distance__type_support.hpp\n'}
[0.997732] (px4_msgs) StdoutLine: {'line': b'-- Up-to-date: /home/mustardking/ws_sensor_combined/install/px4_msgs/include/px4_msgs/px4_msgs/msg/detail/uavcan_parameter_value__builder.hpp\n'}
[0.997758] (px4_msgs) StdoutLine: {'line': b'-- Up-to-date: /home/mustardking/ws_sensor_combined/install/px4_msgs/include/px4_msgs/px4_msgs/msg/detail/vehicle_air_data__type_support.hpp\n'}
[0.997797] (px4_msgs) StdoutLine: {'line': b'-- Up-to-date: /home/mustardking/ws_sensor_combined/install/px4_msgs/include/px4_msgs/px4_msgs/msg/detail/event__type_support.hpp\n'}
[0.997825] (px4_msgs) StdoutLine: {'line': b'-- Up-to-date: /home/mustardking/ws_sensor_combined/install/px4_msgs/include/px4_msgs/px4_msgs/msg/detail/camera_status__builder.hpp\n'}
[0.997847] (px4_msgs) StdoutLine: {'line': b'-- Up-to-date: /home/mustardking/ws_sensor_combined/install/px4_msgs/include/px4_msgs/px4_msgs/msg/detail/normalized_unsigned_setpoint__builder.hpp\n'}
[0.997870] (px4_msgs) StdoutLine: {'line': b'-- Up-to-date: /home/mustardking/ws_sensor_combined/install/px4_msgs/include/px4_msgs/px4_msgs/msg/detail/vehicle_attitude_setpoint__traits.hpp\n'}
[0.997922] (px4_msgs) StdoutLine: {'line': b'-- Up-to-date: /home/mustardking/ws_sensor_combined/install/px4_msgs/include/px4_msgs/px4_msgs/msg/detail/hover_thrust_estimate__builder.hpp\n'}
[0.997953] (px4_msgs) StdoutLine: {'line': b'-- Up-to-date: /home/mustardking/ws_sensor_combined/install/px4_msgs/include/px4_msgs/px4_msgs/msg/detail/estimator_innovations__type_support.hpp\n'}
[0.997977] (px4_msgs) StdoutLine: {'line': b'-- Up-to-date: /home/mustardking/ws_sensor_combined/install/px4_msgs/include/px4_msgs/px4_msgs/msg/detail/ulog_stream__traits.hpp\n'}
[0.998010] (px4_msgs) StdoutLine: {'line': b'-- Up-to-date: /home/mustardking/ws_sensor_combined/install/px4_msgs/include/px4_msgs/px4_msgs/msg/detail/mission_result__traits.hpp\n'}
[0.998063] (px4_msgs) StdoutLine: {'line': b'-- Up-to-date: /home/mustardking/ws_sensor_combined/install/px4_msgs/include/px4_msgs/px4_msgs/msg/detail/sensor_mag__traits.hpp\n'}
[0.998092] (px4_msgs) StdoutLine: {'line': b'-- Up-to-date: /home/mustardking/ws_sensor_combined/install/px4_msgs/include/px4_msgs/px4_msgs/msg/detail/parameter_set_value_response__traits.hpp\n'}
[0.998119] (px4_msgs) StdoutLine: {'line': b'-- Up-to-date: /home/mustardking/ws_sensor_combined/install/px4_msgs/include/px4_msgs/px4_msgs/msg/detail/arming_check_reply__traits.hpp\n'}
[0.998145] (px4_msgs) StdoutLine: {'line': b'-- Up-to-date: /home/mustardking/ws_sensor_combined/install/px4_msgs/include/px4_msgs/px4_msgs/msg/detail/failure_detector_status__struct.hpp\n'}
[0.998208] (px4_msgs) StdoutLine: {'line': b'-- Up-to-date: /home/mustardking/ws_sensor_combined/install/px4_msgs/include/px4_msgs/px4_msgs/msg/detail/estimator_aid_source1d__builder.hpp\n'}
[0.998242] (px4_msgs) StdoutLine: {'line': b'-- Up-to-date: /home/mustardking/ws_sensor_combined/install/px4_msgs/include/px4_msgs/px4_msgs/msg/detail/esc_status__type_support.hpp\n'}
[0.998273] (px4_msgs) StdoutLine: {'line': b'-- Up-to-date: /home/mustardking/ws_sensor_combined/install/px4_msgs/include/px4_msgs/px4_msgs/msg/detail/vehicle_air_data__builder.hpp\n'}
[0.998318] (px4_msgs) StdoutLine: {'line': b'-- Up-to-date: /home/mustardking/ws_sensor_combined/install/px4_msgs/include/px4_msgs/px4_msgs/msg/detail/gps_dump__builder.hpp\n'}
[0.998352] (px4_msgs) StdoutLine: {'line': b'-- Up-to-date: /home/mustardking/ws_sensor_combined/install/px4_msgs/include/px4_msgs/px4_msgs/msg/detail/radio_status__traits.hpp\n'}
[0.998375] (px4_msgs) StdoutLine: {'line': b'-- Up-to-date: /home/mustardking/ws_sensor_combined/install/px4_msgs/include/px4_msgs/px4_msgs/msg/detail/mavlink_log__struct.hpp\n'}
[0.998404] (px4_msgs) StdoutLine: {'line': b'-- Up-to-date: /home/mustardking/ws_sensor_combined/install/px4_msgs/include/px4_msgs/px4_msgs/msg/detail/rover_steering_setpoint__builder.hpp\n'}
[0.998454] (px4_msgs) StdoutLine: {'line': b'-- Up-to-date: /home/mustardking/ws_sensor_combined/install/px4_msgs/include/px4_msgs/px4_msgs/msg/detail/wheel_encoders__builder.hpp\n'}
[0.998482] (px4_msgs) StdoutLine: {'line': b'-- Up-to-date: /home/mustardking/ws_sensor_combined/install/px4_msgs/include/px4_msgs/px4_msgs/msg/detail/sensor_correction__traits.hpp\n'}
[0.998513] (px4_msgs) StdoutLine: {'line': b'-- Up-to-date: /home/mustardking/ws_sensor_combined/install/px4_msgs/include/px4_msgs/px4_msgs/msg/detail/geofence_result__traits.hpp\n'}
[0.998545] (px4_msgs) StdoutLine: {'line': b'-- Up-to-date: /home/mustardking/ws_sensor_combined/install/px4_msgs/include/px4_msgs/px4_msgs/msg/detail/debug_array__struct.hpp\n'}
[0.998585] (px4_msgs) StdoutLine: {'line': b'-- Up-to-date: /home/mustardking/ws_sensor_combined/install/px4_msgs/include/px4_msgs/px4_msgs/msg/detail/sensor_uwb__traits.hpp\n'}
[0.998631] (px4_msgs) StdoutLine: {'line': b'-- Up-to-date: /home/mustardking/ws_sensor_combined/install/px4_msgs/include/px4_msgs/px4_msgs/msg/detail/follow_target_estimator__builder.hpp\n'}
[0.998667] (px4_msgs) StdoutLine: {'line': b'-- Up-to-date: /home/mustardking/ws_sensor_combined/install/px4_msgs/include/px4_msgs/px4_msgs/msg/detail/ulog_stream__type_support.hpp\n'}
[0.998693] (px4_msgs) StdoutLine: {'line': b'-- Up-to-date: /home/mustardking/ws_sensor_combined/install/px4_msgs/include/px4_msgs/px4_msgs/msg/detail/vehicle_control_mode__type_support.hpp\n'}
[0.998723] (px4_msgs) StdoutLine: {'line': b'-- Up-to-date: /home/mustardking/ws_sensor_combined/install/px4_msgs/include/px4_msgs/px4_msgs/msg/detail/actuator_armed__struct.hpp\n'}
[0.998745] (px4_msgs) StdoutLine: {'line': b'-- Up-to-date: /home/mustardking/ws_sensor_combined/install/px4_msgs/include/px4_msgs/px4_msgs/msg/detail/sensor_optical_flow__struct.hpp\n'}
[0.998791] (px4_msgs) StdoutLine: {'line': b'-- Up-to-date: /home/mustardking/ws_sensor_combined/install/px4_msgs/include/px4_msgs/px4_msgs/msg/detail/rate_ctrl_status__builder.hpp\n'}
[0.998815] (px4_msgs) StdoutLine: {'line': b'-- Up-to-date: /home/mustardking/ws_sensor_combined/install/px4_msgs/include/px4_msgs/px4_msgs/msg/detail/estimator_aid_source3d__struct.hpp\n'}
[0.998837] (px4_msgs) StdoutLine: {'line': b'-- Up-to-date: /home/mustardking/ws_sensor_combined/install/px4_msgs/include/px4_msgs/px4_msgs/msg/detail/failure_detector_status__traits.hpp\n'}
[0.998860] (px4_msgs) StdoutLine: {'line': b'-- Up-to-date: /home/mustardking/ws_sensor_combined/install/px4_msgs/include/px4_msgs/px4_msgs/msg/detail/landing_gear_wheel__type_support.hpp\n'}
[0.998906] (px4_msgs) StdoutLine: {'line': b'-- Up-to-date: /home/mustardking/ws_sensor_combined/install/px4_msgs/include/px4_msgs/px4_msgs/msg/detail/launch_detection_status__struct.hpp\n'}
[0.998929] (px4_msgs) StdoutLine: {'line': b'-- Up-to-date: /home/mustardking/ws_sensor_combined/install/px4_msgs/include/px4_msgs/px4_msgs/msg/detail/estimator_status_flags__builder.hpp\n'}
[0.998956] (px4_msgs) StdoutLine: {'line': b'-- Up-to-date: /home/mustardking/ws_sensor_combined/install/px4_msgs/include/px4_msgs/px4_msgs/msg/detail/position_controller_landing_status__traits.hpp\n'}
[0.998986] (px4_msgs) StdoutLine: {'line': b'-- Up-to-date: /home/mustardking/ws_sensor_combined/install/px4_msgs/include/px4_msgs/px4_msgs/msg/detail/estimator_aid_source2d__type_support.hpp\n'}
[0.999022] (px4_msgs) StdoutLine: {'line': b'-- Up-to-date: /home/mustardking/ws_sensor_combined/install/px4_msgs/include/px4_msgs/px4_msgs/msg/detail/wind__traits.hpp\n'}
[0.999057] (px4_msgs) StdoutLine: {'line': b'-- Up-to-date: /home/mustardking/ws_sensor_combined/install/px4_msgs/include/px4_msgs/px4_msgs/msg/detail/sensor_baro__type_support.hpp\n'}
[0.999105] (px4_msgs) StdoutLine: {'line': b'-- Up-to-date: /home/mustardking/ws_sensor_combined/install/px4_msgs/include/px4_msgs/px4_msgs/msg/detail/parameter_set_used_request__struct.hpp\n'}
[0.999139] (px4_msgs) StdoutLine: {'line': b'-- Up-to-date: /home/mustardking/ws_sensor_combined/install/px4_msgs/include/px4_msgs/px4_msgs/msg/detail/gpio_in__builder.hpp\n'}
[0.999163] (px4_msgs) StdoutLine: {'line': b'-- Up-to-date: /home/mustardking/ws_sensor_combined/install/px4_msgs/include/px4_msgs/px4_msgs/msg/detail/mavlink_tunnel__type_support.hpp\n'}
[0.999185] (px4_msgs) StdoutLine: {'line': b'-- Up-to-date: /home/mustardking/ws_sensor_combined/install/px4_msgs/include/px4_msgs/px4_msgs/msg/detail/follow_target_estimator__struct.hpp\n'}
[0.999225] (px4_msgs) StdoutLine: {'line': b'-- Up-to-date: /home/mustardking/ws_sensor_combined/install/px4_msgs/include/px4_msgs/px4_msgs/msg/detail/pps_capture__builder.hpp\n'}
[0.999258] (px4_msgs) StdoutLine: {'line': b'-- Up-to-date: /home/mustardking/ws_sensor_combined/install/px4_msgs/include/px4_msgs/px4_msgs/msg/detail/wheel_encoders__struct.hpp\n'}
[0.999280] (px4_msgs) StdoutLine: {'line': b'-- Up-to-date: /home/mustardking/ws_sensor_combined/install/px4_msgs/include/px4_msgs/px4_msgs/msg/detail/register_ext_component_request__builder.hpp\n'}
[0.999303] (px4_msgs) StdoutLine: {'line': b'-- Up-to-date: /home/mustardking/ws_sensor_combined/install/px4_msgs/include/px4_msgs/px4_msgs/msg/detail/distance_sensor__traits.hpp\n'}
[0.999325] (px4_msgs) StdoutLine: {'line': b'-- Up-to-date: /home/mustardking/ws_sensor_combined/install/px4_msgs/include/px4_msgs/px4_msgs/msg/detail/manual_control_setpoint__type_support.hpp\n'}
[0.999349] (px4_msgs) StdoutLine: {'line': b'-- Up-to-date: /home/mustardking/ws_sensor_combined/install/px4_msgs/include/px4_msgs/px4_msgs/msg/detail/fixed_wing_lateral_guidance_status__traits.hpp\n'}
[0.999372] (px4_msgs) StdoutLine: {'line': b'-- Up-to-date: /home/mustardking/ws_sensor_combined/install/px4_msgs/include/px4_msgs/px4_msgs/msg/detail/debug_value__type_support.hpp\n'}
[0.999411] (px4_msgs) StdoutLine: {'line': b'-- Up-to-date: /home/mustardking/ws_sensor_combined/install/px4_msgs/include/px4_msgs/px4_msgs/msg/detail/debug_value__struct.hpp\n'}
[0.999434] (px4_msgs) StdoutLine: {'line': b'-- Up-to-date: /home/mustardking/ws_sensor_combined/install/px4_msgs/include/px4_msgs/px4_msgs/msg/detail/actuator_servos_trim__struct.hpp\n'}
[0.999458] (px4_msgs) StdoutLine: {'line': b'-- Up-to-date: /home/mustardking/ws_sensor_combined/install/px4_msgs/include/px4_msgs/px4_msgs/msg/detail/estimator_status_flags__traits.hpp\n'}
[0.999481] (px4_msgs) StdoutLine: {'line': b'-- Up-to-date: /home/mustardking/ws_sensor_combined/install/px4_msgs/include/px4_msgs/px4_msgs/msg/detail/estimator_sensor_bias__struct.hpp\n'}
[0.999503] (px4_msgs) StdoutLine: {'line': b'-- Up-to-date: /home/mustardking/ws_sensor_combined/install/px4_msgs/include/px4_msgs/px4_msgs/msg/detail/gps_dump__struct.hpp\n'}
[0.999553] (px4_msgs) StdoutLine: {'line': b'-- Up-to-date: /home/mustardking/ws_sensor_combined/install/px4_msgs/include/px4_msgs/px4_msgs/msg/detail/pwm_input__type_support.hpp\n'}
[0.999576] (px4_msgs) StdoutLine: {'line': b'-- Up-to-date: /home/mustardking/ws_sensor_combined/install/px4_msgs/include/px4_msgs/px4_msgs/msg/detail/trajectory_setpoint__builder.hpp\n'}
[0.999598] (px4_msgs) StdoutLine: {'line': b'-- Up-to-date: /home/mustardking/ws_sensor_combined/install/px4_msgs/include/px4_msgs/px4_msgs/msg/detail/transponder_report__traits.hpp\n'}
[0.999625] (px4_msgs) StdoutLine: {'line': b'-- Up-to-date: /home/mustardking/ws_sensor_combined/install/px4_msgs/include/px4_msgs/px4_msgs/msg/detail/geofence_status__type_support.hpp\n'}
[0.999655] (px4_msgs) StdoutLine: {'line': b'-- Up-to-date: /home/mustardking/ws_sensor_combined/install/px4_msgs/include/px4_msgs/px4_msgs/msg/detail/system_power__type_support.hpp\n'}
[0.999698] (px4_msgs) StdoutLine: {'line': b'-- Up-to-date: /home/mustardking/ws_sensor_combined/install/px4_msgs/include/px4_msgs/px4_msgs/msg/detail/vehicle_command__traits.hpp\n'}
[0.999738] (px4_msgs) StdoutLine: {'line': b'-- Up-to-date: /home/mustardking/ws_sensor_combined/install/px4_msgs/include/px4_msgs/px4_msgs/msg/detail/vehicle_local_position__type_support.hpp\n'}
[0.999774] (px4_msgs) StdoutLine: {'line': b'-- Up-to-date: /home/mustardking/ws_sensor_combined/install/px4_msgs/include/px4_msgs/px4_msgs/msg/detail/power_monitor__struct.hpp\n'}
[0.999808] (px4_msgs) StdoutLine: {'line': b'-- Up-to-date: /home/mustardking/ws_sensor_combined/install/px4_msgs/include/px4_msgs/px4_msgs/msg/detail/fixed_wing_lateral_setpoint__struct.hpp\n'}
[0.999839] (px4_msgs) StdoutLine: {'line': b'-- Up-to-date: /home/mustardking/ws_sensor_combined/install/px4_msgs/include/px4_msgs/px4_msgs/msg/detail/sensor_preflight_mag__struct.hpp\n'}
[0.999899] (px4_msgs) StdoutLine: {'line': b'-- Up-to-date: /home/mustardking/ws_sensor_combined/install/px4_msgs/include/px4_msgs/px4_msgs/msg/detail/system_power__traits.hpp\n'}
[0.999930] (px4_msgs) StdoutLine: {'line': b'-- Up-to-date: /home/mustardking/ws_sensor_combined/install/px4_msgs/include/px4_msgs/px4_msgs/msg/detail/flight_phase_estimation__builder.hpp\n'}
[0.999953] (px4_msgs) StdoutLine: {'line': b'-- Up-to-date: /home/mustardking/ws_sensor_combined/install/px4_msgs/include/px4_msgs/px4_msgs/msg/detail/rover_speed_setpoint__struct.hpp\n'}
[0.999980] (px4_msgs) StdoutLine: {'line': b'-- Up-to-date: /home/mustardking/ws_sensor_combined/install/px4_msgs/include/px4_msgs/px4_msgs/msg/detail/button_event__struct.hpp\n'}
[1.000012] (px4_msgs) StdoutLine: {'line': b'-- Up-to-date: /home/mustardking/ws_sensor_combined/install/px4_msgs/include/px4_msgs/px4_msgs/msg/detail/estimator_bias3d__struct.hpp\n'}
[1.000063] (px4_msgs) StdoutLine: {'line': b'-- Up-to-date: /home/mustardking/ws_sensor_combined/install/px4_msgs/include/px4_msgs/px4_msgs/msg/detail/timesync_status__traits.hpp\n'}
[1.000094] (px4_msgs) StdoutLine: {'line': b'-- Up-to-date: /home/mustardking/ws_sensor_combined/install/px4_msgs/include/px4_msgs/px4_msgs/msg/detail/button_event__type_support.hpp\n'}
[1.000119] (px4_msgs) StdoutLine: {'line': b'-- Up-to-date: /home/mustardking/ws_sensor_combined/install/px4_msgs/include/px4_msgs/px4_msgs/msg/detail/adc_report__traits.hpp\n'}
[1.000155] (px4_msgs) StdoutLine: {'line': b'-- Up-to-date: /home/mustardking/ws_sensor_combined/install/px4_msgs/include/px4_msgs/px4_msgs/msg/detail/estimator_aid_source1d__traits.hpp\n'}
[1.000205] (px4_msgs) StdoutLine: {'line': b'-- Up-to-date: /home/mustardking/ws_sensor_combined/install/px4_msgs/include/px4_msgs/px4_msgs/msg/detail/vehicle_imu_status__builder.hpp\n'}
[1.000237] (px4_msgs) StdoutLine: {'line': b'-- Up-to-date: /home/mustardking/ws_sensor_combined/install/px4_msgs/include/px4_msgs/px4_msgs/msg/detail/position_setpoint_triplet__type_support.hpp\n'}
[1.000261] (px4_msgs) StdoutLine: {'line': b'-- Up-to-date: /home/mustardking/ws_sensor_combined/install/px4_msgs/include/px4_msgs/px4_msgs/msg/detail/gps_inject_data__type_support.hpp\n'}
[1.000303] (px4_msgs) StdoutLine: {'line': b'-- Up-to-date: /home/mustardking/ws_sensor_combined/install/px4_msgs/include/px4_msgs/px4_msgs/msg/detail/task_stack_info__traits.hpp\n'}
[1.000332] (px4_msgs) StdoutLine: {'line': b'-- Up-to-date: /home/mustardking/ws_sensor_combined/install/px4_msgs/include/px4_msgs/px4_msgs/msg/detail/open_drone_id_system__traits.hpp\n'}
[1.000358] (px4_msgs) StdoutLine: {'line': b'-- Up-to-date: /home/mustardking/ws_sensor_combined/install/px4_msgs/include/px4_msgs/px4_msgs/msg/detail/uavcan_parameter_request__builder.hpp\n'}
[1.000390] (px4_msgs) StdoutLine: {'line': b'-- Up-to-date: /home/mustardking/ws_sensor_combined/install/px4_msgs/include/px4_msgs/px4_msgs/msg/detail/dataman_request__type_support.hpp\n'}
[1.000455] (px4_msgs) StdoutLine: {'line': b'-- Up-to-date: /home/mustardking/ws_sensor_combined/install/px4_msgs/include/px4_msgs/px4_msgs/msg/detail/rover_speed_setpoint__builder.hpp\n'}
[1.000492] (px4_msgs) StdoutLine: {'line': b'-- Up-to-date: /home/mustardking/ws_sensor_combined/install/px4_msgs/include/px4_msgs/px4_msgs/msg/detail/cpuload__builder.hpp\n'}
[1.000526] (px4_msgs) StdoutLine: {'line': b'-- Up-to-date: /home/mustardking/ws_sensor_combined/install/px4_msgs/include/px4_msgs/px4_msgs/msg/detail/vehicle_air_data__traits.hpp\n'}
[1.000548] (px4_msgs) StdoutLine: {'line': b'-- Up-to-date: /home/mustardking/ws_sensor_combined/install/px4_msgs/include/px4_msgs/px4_msgs/msg/detail/airspeed__traits.hpp\n'}
[1.000589] (px4_msgs) StdoutLine: {'line': b'-- Up-to-date: /home/mustardking/ws_sensor_combined/install/px4_msgs/include/px4_msgs/px4_msgs/msg/detail/distance_sensor_mode_change_request__traits.hpp\n'}
[1.000622] (px4_msgs) StdoutLine: {'line': b'-- Up-to-date: /home/mustardking/ws_sensor_combined/install/px4_msgs/include/px4_msgs/px4_msgs/msg/detail/sensor_combined__traits.hpp\n'}
[1.000647] (px4_msgs) StdoutLine: {'line': b'-- Up-to-date: /home/mustardking/ws_sensor_combined/install/px4_msgs/include/px4_msgs/px4_msgs/msg/detail/longitudinal_control_configuration__struct.hpp\n'}
[1.000675] (px4_msgs) StdoutLine: {'line': b'-- Up-to-date: /home/mustardking/ws_sensor_combined/install/px4_msgs/include/px4_msgs/px4_msgs/msg/detail/normalized_unsigned_setpoint__traits.hpp\n'}
[1.000699] (px4_msgs) StdoutLine: {'line': b'-- Up-to-date: /home/mustardking/ws_sensor_combined/install/px4_msgs/include/px4_msgs/px4_msgs/msg/detail/sensors_status__struct.hpp\n'}
[1.000734] (px4_msgs) StdoutLine: {'line': b'-- Up-to-date: /home/mustardking/ws_sensor_combined/install/px4_msgs/include/px4_msgs/px4_msgs/msg/detail/rover_steering_setpoint__traits.hpp\n'}
[1.000790] (px4_msgs) StdoutLine: {'line': b'-- Up-to-date: /home/mustardking/ws_sensor_combined/install/px4_msgs/include/px4_msgs/px4_msgs/msg/detail/open_drone_id_operator_id__builder.hpp\n'}
[1.000828] (px4_msgs) StdoutLine: {'line': b'-- Up-to-date: /home/mustardking/ws_sensor_combined/install/px4_msgs/include/px4_msgs/px4_msgs/msg/detail/rover_steering_setpoint__struct.hpp\n'}
[1.000905] (px4_msgs) StdoutLine: {'line': b'-- Up-to-date: /home/mustardking/ws_sensor_combined/install/px4_msgs/include/px4_msgs/px4_msgs/msg/detail/px4io_status__builder.hpp\n'}
[1.000945] (px4_msgs) StdoutLine: {'line': b'-- Up-to-date: /home/mustardking/ws_sensor_combined/install/px4_msgs/include/px4_msgs/px4_msgs/msg/detail/landing_gear__type_support.hpp\n'}
[1.000973] (px4_msgs) StdoutLine: {'line': b'-- Up-to-date: /home/mustardking/ws_sensor_combined/install/px4_msgs/include/px4_msgs/px4_msgs/msg/detail/sensor_baro__builder.hpp\n'}
[1.001021] (px4_msgs) StdoutLine: {'line': b'-- Up-to-date: /home/mustardking/ws_sensor_combined/install/px4_msgs/include/px4_msgs/px4_msgs/msg/detail/gimbal_manager_set_attitude__traits.hpp\n'}
[1.001056] (px4_msgs) StdoutLine: {'line': b'-- Up-to-date: /home/mustardking/ws_sensor_combined/install/px4_msgs/include/px4_msgs/px4_msgs/msg/detail/tune_control__builder.hpp\n'}
[1.001099] (px4_msgs) StdoutLine: {'line': b'-- Up-to-date: /home/mustardking/ws_sensor_combined/install/px4_msgs/include/px4_msgs/px4_msgs/msg/detail/airspeed_validated__builder.hpp\n'}
[1.001145] (px4_msgs) StdoutLine: {'line': b'-- Up-to-date: /home/mustardking/ws_sensor_combined/install/px4_msgs/include/px4_msgs/px4_msgs/msg/detail/camera_trigger__traits.hpp\n'}
[1.001201] (px4_msgs) StdoutLine: {'line': b'-- Up-to-date: /home/mustardking/ws_sensor_combined/install/px4_msgs/include/px4_msgs/px4_msgs/msg/detail/manual_control_setpoint__traits.hpp\n'}
[1.001246] (px4_msgs) StdoutLine: {'line': b'-- Up-to-date: /home/mustardking/ws_sensor_combined/install/px4_msgs/include/px4_msgs/px4_msgs/msg/detail/rover_attitude_status__type_support.hpp\n'}
[1.001299] (px4_msgs) StdoutLine: {'line': b'-- Up-to-date: /home/mustardking/ws_sensor_combined/install/px4_msgs/include/px4_msgs/px4_msgs/msg/detail/transponder_report__type_support.hpp\n'}
[1.001356] (px4_msgs) StdoutLine: {'line': b'-- Up-to-date: /home/mustardking/ws_sensor_combined/install/px4_msgs/include/px4_msgs/px4_msgs/msg/detail/esc_status__struct.hpp\n'}
[1.001401] (px4_msgs) StdoutLine: {'line': b'-- Up-to-date: /home/mustardking/ws_sensor_combined/install/px4_msgs/include/px4_msgs/px4_msgs/msg/detail/ping__struct.hpp\n'}
[1.001476] (px4_msgs) StdoutLine: {'line': b'-- Up-to-date: /home/mustardking/ws_sensor_combined/install/px4_msgs/include/px4_msgs/px4_msgs/msg/detail/ekf2_timestamps__type_support.hpp\n'}
[1.001527] (px4_msgs) StdoutLine: {'line': b'-- Up-to-date: /home/mustardking/ws_sensor_combined/install/px4_msgs/include/px4_msgs/px4_msgs/msg/detail/vehicle_global_position__builder.hpp\n'}
[1.001581] (px4_msgs) StdoutLine: {'line': b'-- Up-to-date: /home/mustardking/ws_sensor_combined/install/px4_msgs/include/px4_msgs/px4_msgs\n'}
[1.001630] (px4_msgs) StdoutLine: {'line': b'-- Up-to-date: /home/mustardking/ws_sensor_combined/install/px4_msgs/include/px4_msgs/px4_msgs/srv\n'}
[1.001707] (px4_msgs) StdoutLine: {'line': b'-- Up-to-date: /home/mustardking/ws_sensor_combined/install/px4_msgs/include/px4_msgs/px4_msgs/srv/detail\n'}
[1.001753] (px4_msgs) StdoutLine: {'line': b'-- Up-to-date: /home/mustardking/ws_sensor_combined/install/px4_msgs/include/px4_msgs/px4_msgs/srv/detail/vehicle_command__rosidl_typesupport_fastrtps_cpp.hpp\n'}
[1.001804] (px4_msgs) StdoutLine: {'line': b'-- Up-to-date: /home/mustardking/ws_sensor_combined/install/px4_msgs/include/px4_msgs/px4_msgs/srv/detail/dds_fastrtps\n'}
[1.001862] (px4_msgs) StdoutLine: {'line': b'-- Up-to-date: /home/mustardking/ws_sensor_combined/install/px4_msgs/include/px4_msgs/px4_msgs/msg\n'}
[1.001915] (px4_msgs) StdoutLine: {'line': b'-- Up-to-date: /home/mustardking/ws_sensor_combined/install/px4_msgs/include/px4_msgs/px4_msgs/msg/rosidl_typesupport_fastrtps_cpp__visibility_control.h\n'}
[1.001962] (px4_msgs) StdoutLine: {'line': b'-- Up-to-date: /home/mustardking/ws_sensor_combined/install/px4_msgs/include/px4_msgs/px4_msgs/msg/detail\n'}
[1.001988] (px4_msgs) StdoutLine: {'line': b'-- Up-to-date: /home/mustardking/ws_sensor_combined/install/px4_msgs/include/px4_msgs/px4_msgs/msg/detail/parameter_set_value_response__rosidl_typesupport_fastrtps_cpp.hpp\n'}
[1.002036] (px4_msgs) StdoutLine: {'line': b'-- Up-to-date: /home/mustardking/ws_sensor_combined/install/px4_msgs/include/px4_msgs/px4_msgs/msg/detail/sensor_gps__rosidl_typesupport_fastrtps_cpp.hpp\n'}
[1.002093] (px4_msgs) StdoutLine: {'line': b'-- Up-to-date: /home/mustardking/ws_sensor_combined/install/px4_msgs/include/px4_msgs/px4_msgs/msg/detail/adc_report__rosidl_typesupport_fastrtps_cpp.hpp\n'}
[1.002180] (px4_msgs) StdoutLine: {'line': b'-- Up-to-date: /home/mustardking/ws_sensor_combined/install/px4_msgs/include/px4_msgs/px4_msgs/msg/detail/rtl_status__rosidl_typesupport_fastrtps_cpp.hpp\n'}
[1.002239] (px4_msgs) StdoutLine: {'line': b'-- Up-to-date: /home/mustardking/ws_sensor_combined/install/px4_msgs/include/px4_msgs/px4_msgs/msg/detail/power_button_state__rosidl_typesupport_fastrtps_cpp.hpp\n'}
[1.002301] (px4_msgs) StdoutLine: {'line': b'-- Up-to-date: /home/mustardking/ws_sensor_combined/install/px4_msgs/include/px4_msgs/px4_msgs/msg/detail/normalized_unsigned_setpoint__rosidl_typesupport_fastrtps_cpp.hpp\n'}
[1.002365] (px4_msgs) StdoutLine: {'line': b'-- Up-to-date: /home/mustardking/ws_sensor_combined/install/px4_msgs/include/px4_msgs/px4_msgs/msg/detail/rover_speed_setpoint__rosidl_typesupport_fastrtps_cpp.hpp\n'}
[1.002417] (px4_msgs) StdoutLine: {'line': b'-- Up-to-date: /home/mustardking/ws_sensor_combined/install/px4_msgs/include/px4_msgs/px4_msgs/msg/detail/rc_channels__rosidl_typesupport_fastrtps_cpp.hpp\n'}
[1.002493] (px4_msgs) StdoutLine: {'line': b'-- Up-to-date: /home/mustardking/ws_sensor_combined/install/px4_msgs/include/px4_msgs/px4_msgs/msg/detail/gimbal_manager_status__rosidl_typesupport_fastrtps_cpp.hpp\n'}
[1.002547] (px4_msgs) StdoutLine: {'line': b'-- Up-to-date: /home/mustardking/ws_sensor_combined/install/px4_msgs/include/px4_msgs/px4_msgs/msg/detail/sensor_gnss_status__rosidl_typesupport_fastrtps_cpp.hpp\n'}
[1.002602] (px4_msgs) StdoutLine: {'line': b'-- Up-to-date: /home/mustardking/ws_sensor_combined/install/px4_msgs/include/px4_msgs/px4_msgs/msg/detail/fixed_wing_lateral_setpoint__rosidl_typesupport_fastrtps_cpp.hpp\n'}
[1.002663] (px4_msgs) StdoutLine: {'line': b'-- Up-to-date: /home/mustardking/ws_sensor_combined/install/px4_msgs/include/px4_msgs/px4_msgs/msg/detail/landing_gear__rosidl_typesupport_fastrtps_cpp.hpp\n'}
[1.002708] (px4_msgs) StdoutLine: {'line': b'-- Up-to-date: /home/mustardking/ws_sensor_combined/install/px4_msgs/include/px4_msgs/px4_msgs/msg/detail/sensor_selection__rosidl_typesupport_fastrtps_cpp.hpp\n'}
[1.002740] (px4_msgs) StdoutLine: {'line': b'-- Up-to-date: /home/mustardking/ws_sensor_combined/install/px4_msgs/include/px4_msgs/px4_msgs/msg/detail/gimbal_controls__rosidl_typesupport_fastrtps_cpp.hpp\n'}
[1.002802] (px4_msgs) StdoutLine: {'line': b'-- Up-to-date: /home/mustardking/ws_sensor_combined/install/px4_msgs/include/px4_msgs/px4_msgs/msg/detail/follow_target_estimator__rosidl_typesupport_fastrtps_cpp.hpp\n'}
[1.002834] (px4_msgs) StdoutLine: {'line': b'-- Up-to-date: /home/mustardking/ws_sensor_combined/install/px4_msgs/include/px4_msgs/px4_msgs/msg/detail/wind__rosidl_typesupport_fastrtps_cpp.hpp\n'}
[1.002878] (px4_msgs) StdoutLine: {'line': b'-- Up-to-date: /home/mustardking/ws_sensor_combined/install/px4_msgs/include/px4_msgs/px4_msgs/msg/detail/message_format_response__rosidl_typesupport_fastrtps_cpp.hpp\n'}
[1.002918] (px4_msgs) StdoutLine: {'line': b'-- Up-to-date: /home/mustardking/ws_sensor_combined/install/px4_msgs/include/px4_msgs/px4_msgs/msg/detail/camera_status__rosidl_typesupport_fastrtps_cpp.hpp\n'}
[1.002942] (px4_msgs) StdoutLine: {'line': b'-- Up-to-date: /home/mustardking/ws_sensor_combined/install/px4_msgs/include/px4_msgs/px4_msgs/msg/detail/vehicle_constraints__rosidl_typesupport_fastrtps_cpp.hpp\n'}
[1.003008] (px4_msgs) StdoutLine: {'line': b'-- Up-to-date: /home/mustardking/ws_sensor_combined/install/px4_msgs/include/px4_msgs/px4_msgs/msg/detail/log_message__rosidl_typesupport_fastrtps_cpp.hpp\n'}
[1.003056] (px4_msgs) StdoutLine: {'line': b'-- Up-to-date: /home/mustardking/ws_sensor_combined/install/px4_msgs/include/px4_msgs/px4_msgs/msg/detail/distance_sensor_mode_change_request__rosidl_typesupport_fastrtps_cpp.hpp\n'}
[1.003089] (px4_msgs) StdoutLine: {'line': b'-- Up-to-date: /home/mustardking/ws_sensor_combined/install/px4_msgs/include/px4_msgs/px4_msgs/msg/detail/open_drone_id_operator_id__rosidl_typesupport_fastrtps_cpp.hpp\n'}
[1.003144] (px4_msgs) StdoutLine: {'line': b'-- Up-to-date: /home/mustardking/ws_sensor_combined/install/px4_msgs/include/px4_msgs/px4_msgs/msg/detail/gimbal_manager_set_manual_control__rosidl_typesupport_fastrtps_cpp.hpp\n'}
[1.003173] (px4_msgs) StdoutLine: {'line': b'-- Up-to-date: /home/mustardking/ws_sensor_combined/install/px4_msgs/include/px4_msgs/px4_msgs/msg/detail/config_overrides__rosidl_typesupport_fastrtps_cpp.hpp\n'}
[1.003197] (px4_msgs) StdoutLine: {'line': b'-- Up-to-date: /home/mustardking/ws_sensor_combined/install/px4_msgs/include/px4_msgs/px4_msgs/msg/detail/iridiumsbd_status__rosidl_typesupport_fastrtps_cpp.hpp\n'}
[1.003220] (px4_msgs) StdoutLine: {'line': b'-- Up-to-date: /home/mustardking/ws_sensor_combined/install/px4_msgs/include/px4_msgs/px4_msgs/msg/detail/parameter_update__rosidl_typesupport_fastrtps_cpp.hpp\n'}
[1.003242] (px4_msgs) StdoutLine: {'line': b'-- Up-to-date: /home/mustardking/ws_sensor_combined/install/px4_msgs/include/px4_msgs/px4_msgs/msg/detail/geofence_status__rosidl_typesupport_fastrtps_cpp.hpp\n'}
[1.003264] (px4_msgs) StdoutLine: {'line': b'-- Up-to-date: /home/mustardking/ws_sensor_combined/install/px4_msgs/include/px4_msgs/px4_msgs/msg/detail/estimator_aid_source3d__rosidl_typesupport_fastrtps_cpp.hpp\n'}
[1.003319] (px4_msgs) StdoutLine: {'line': b'-- Up-to-date: /home/mustardking/ws_sensor_combined/install/px4_msgs/include/px4_msgs/px4_msgs/msg/detail/pwm_input__rosidl_typesupport_fastrtps_cpp.hpp\n'}
[1.003379] (px4_msgs) StdoutLine: {'line': b'-- Up-to-date: /home/mustardking/ws_sensor_combined/install/px4_msgs/include/px4_msgs/px4_msgs/msg/detail/rpm__rosidl_typesupport_fastrtps_cpp.hpp\n'}
[1.003422] (px4_msgs) StdoutLine: {'line': b'-- Up-to-date: /home/mustardking/ws_sensor_combined/install/px4_msgs/include/px4_msgs/px4_msgs/msg/detail/pps_capture__rosidl_typesupport_fastrtps_cpp.hpp\n'}
[1.003450] (px4_msgs) StdoutLine: {'line': b'-- Up-to-date: /home/mustardking/ws_sensor_combined/install/px4_msgs/include/px4_msgs/px4_msgs/msg/detail/vehicle_land_detected__rosidl_typesupport_fastrtps_cpp.hpp\n'}
[1.003496] (px4_msgs) StdoutLine: {'line': b'-- Up-to-date: /home/mustardking/ws_sensor_combined/install/px4_msgs/include/px4_msgs/px4_msgs/msg/detail/vehicle_rates_setpoint__rosidl_typesupport_fastrtps_cpp.hpp\n'}
[1.003535] (px4_msgs) StdoutLine: {'line': b'-- Up-to-date: /home/mustardking/ws_sensor_combined/install/px4_msgs/include/px4_msgs/px4_msgs/msg/detail/lateral_control_configuration__rosidl_typesupport_fastrtps_cpp.hpp\n'}
[1.003562] (px4_msgs) StdoutLine: {'line': b'-- Up-to-date: /home/mustardking/ws_sensor_combined/install/px4_msgs/include/px4_msgs/px4_msgs/msg/detail/estimator_bias__rosidl_typesupport_fastrtps_cpp.hpp\n'}
[1.003585] (px4_msgs) StdoutLine: {'line': b'-- Up-to-date: /home/mustardking/ws_sensor_combined/install/px4_msgs/include/px4_msgs/px4_msgs/msg/detail/sensor_gyro_fifo__rosidl_typesupport_fastrtps_cpp.hpp\n'}
[1.003608] (px4_msgs) StdoutLine: {'line': b'-- Up-to-date: /home/mustardking/ws_sensor_combined/install/px4_msgs/include/px4_msgs/px4_msgs/msg/detail/can_interface_status__rosidl_typesupport_fastrtps_cpp.hpp\n'}
[1.003634] (px4_msgs) StdoutLine: {'line': b'-- Up-to-date: /home/mustardking/ws_sensor_combined/install/px4_msgs/include/px4_msgs/px4_msgs/msg/detail/actuator_armed__rosidl_typesupport_fastrtps_cpp.hpp\n'}
[1.003684] (px4_msgs) StdoutLine: {'line': b'-- Up-to-date: /home/mustardking/ws_sensor_combined/install/px4_msgs/include/px4_msgs/px4_msgs/msg/detail/sensor_combined__rosidl_typesupport_fastrtps_cpp.hpp\n'}
[1.003707] (px4_msgs) StdoutLine: {'line': b'-- Up-to-date: /home/mustardking/ws_sensor_combined/install/px4_msgs/include/px4_msgs/px4_msgs/msg/detail/vehicle_command__rosidl_typesupport_fastrtps_cpp.hpp\n'}
[1.003730] (px4_msgs) StdoutLine: {'line': b'-- Up-to-date: /home/mustardking/ws_sensor_combined/install/px4_msgs/include/px4_msgs/px4_msgs/msg/detail/launch_detection_status__rosidl_typesupport_fastrtps_cpp.hpp\n'}
[1.003753] (px4_msgs) StdoutLine: {'line': b'-- Up-to-date: /home/mustardking/ws_sensor_combined/install/px4_msgs/include/px4_msgs/px4_msgs/msg/detail/mission__rosidl_typesupport_fastrtps_cpp.hpp\n'}
[1.003777] (px4_msgs) StdoutLine: {'line': b'-- Up-to-date: /home/mustardking/ws_sensor_combined/install/px4_msgs/include/px4_msgs/px4_msgs/msg/detail/mode_completed__rosidl_typesupport_fastrtps_cpp.hpp\n'}
[1.003828] (px4_msgs) StdoutLine: {'line': b'-- Up-to-date: /home/mustardking/ws_sensor_combined/install/px4_msgs/include/px4_msgs/px4_msgs/msg/detail/sensor_airflow__rosidl_typesupport_fastrtps_cpp.hpp\n'}
[1.003869] (px4_msgs) StdoutLine: {'line': b'-- Up-to-date: /home/mustardking/ws_sensor_combined/install/px4_msgs/include/px4_msgs/px4_msgs/msg/detail/internal_combustion_engine_status__rosidl_typesupport_fastrtps_cpp.hpp\n'}
[1.003900] (px4_msgs) StdoutLine: {'line': b'-- Up-to-date: /home/mustardking/ws_sensor_combined/install/px4_msgs/include/px4_msgs/px4_msgs/msg/detail/actuator_servos__rosidl_typesupport_fastrtps_cpp.hpp\n'}
[1.003926] (px4_msgs) StdoutLine: {'line': b'-- Up-to-date: /home/mustardking/ws_sensor_combined/install/px4_msgs/include/px4_msgs/px4_msgs/msg/detail/internal_combustion_engine_control__rosidl_typesupport_fastrtps_cpp.hpp\n'}
[1.003962] (px4_msgs) StdoutLine: {'line': b'-- Up-to-date: /home/mustardking/ws_sensor_combined/install/px4_msgs/include/px4_msgs/px4_msgs/msg/detail/power_monitor__rosidl_typesupport_fastrtps_cpp.hpp\n'}
[1.004019] (px4_msgs) StdoutLine: {'line': b'-- Up-to-date: /home/mustardking/ws_sensor_combined/install/px4_msgs/include/px4_msgs/px4_msgs/msg/detail/follow_target__rosidl_typesupport_fastrtps_cpp.hpp\n'}
[1.004048] (px4_msgs) StdoutLine: {'line': b'-- Up-to-date: /home/mustardking/ws_sensor_combined/install/px4_msgs/include/px4_msgs/px4_msgs/msg/detail/mission_result__rosidl_typesupport_fastrtps_cpp.hpp\n'}
[1.004087] (px4_msgs) StdoutLine: {'line': b'-- Up-to-date: /home/mustardking/ws_sensor_combined/install/px4_msgs/include/px4_msgs/px4_msgs/msg/detail/tiltrotor_extra_controls__rosidl_typesupport_fastrtps_cpp.hpp\n'}
[1.004112] (px4_msgs) StdoutLine: {'line': b'-- Up-to-date: /home/mustardking/ws_sensor_combined/install/px4_msgs/include/px4_msgs/px4_msgs/msg/detail/transponder_report__rosidl_typesupport_fastrtps_cpp.hpp\n'}
[1.004164] (px4_msgs) StdoutLine: {'line': b'-- Up-to-date: /home/mustardking/ws_sensor_combined/install/px4_msgs/include/px4_msgs/px4_msgs/msg/detail/vehicle_imu_status__rosidl_typesupport_fastrtps_cpp.hpp\n'}
[1.004196] (px4_msgs) StdoutLine: {'line': b'-- Up-to-date: /home/mustardking/ws_sensor_combined/install/px4_msgs/include/px4_msgs/px4_msgs/msg/detail/home_position__rosidl_typesupport_fastrtps_cpp.hpp\n'}
[1.004224] (px4_msgs) StdoutLine: {'line': b'-- Up-to-date: /home/mustardking/ws_sensor_combined/install/px4_msgs/include/px4_msgs/px4_msgs/msg/detail/vehicle_roi__rosidl_typesupport_fastrtps_cpp.hpp\n'}
[1.004251] (px4_msgs) StdoutLine: {'line': b'-- Up-to-date: /home/mustardking/ws_sensor_combined/install/px4_msgs/include/px4_msgs/px4_msgs/msg/detail/camera_trigger__rosidl_typesupport_fastrtps_cpp.hpp\n'}
[1.004280] (px4_msgs) StdoutLine: {'line': b'-- Up-to-date: /home/mustardking/ws_sensor_combined/install/px4_msgs/include/px4_msgs/px4_msgs/msg/detail/gpio_in__rosidl_typesupport_fastrtps_cpp.hpp\n'}
[1.004319] (px4_msgs) StdoutLine: {'line': b'-- Up-to-date: /home/mustardking/ws_sensor_combined/install/px4_msgs/include/px4_msgs/px4_msgs/msg/detail/camera_capture__rosidl_typesupport_fastrtps_cpp.hpp\n'}
[1.004351] (px4_msgs) StdoutLine: {'line': b'-- Up-to-date: /home/mustardking/ws_sensor_combined/install/px4_msgs/include/px4_msgs/px4_msgs/msg/detail/open_drone_id_self_id__rosidl_typesupport_fastrtps_cpp.hpp\n'}
[1.004383] (px4_msgs) StdoutLine: {'line': b'-- Up-to-date: /home/mustardking/ws_sensor_combined/install/px4_msgs/include/px4_msgs/px4_msgs/msg/detail/flight_phase_estimation__rosidl_typesupport_fastrtps_cpp.hpp\n'}
[1.004418] (px4_msgs) StdoutLine: {'line': b'-- Up-to-date: /home/mustardking/ws_sensor_combined/install/px4_msgs/include/px4_msgs/px4_msgs/msg/detail/control_allocator_status__rosidl_typesupport_fastrtps_cpp.hpp\n'}
[1.004478] (px4_msgs) StdoutLine: {'line': b'-- Up-to-date: /home/mustardking/ws_sensor_combined/install/px4_msgs/include/px4_msgs/px4_msgs/msg/detail/button_event__rosidl_typesupport_fastrtps_cpp.hpp\n'}
[1.004509] (px4_msgs) StdoutLine: {'line': b'-- Up-to-date: /home/mustardking/ws_sensor_combined/install/px4_msgs/include/px4_msgs/px4_msgs/msg/detail/dronecan_node_status__rosidl_typesupport_fastrtps_cpp.hpp\n'}
[1.004548] (px4_msgs) StdoutLine: {'line': b'-- Up-to-date: /home/mustardking/ws_sensor_combined/install/px4_msgs/include/px4_msgs/px4_msgs/msg/detail/gimbal_manager_information__rosidl_typesupport_fastrtps_cpp.hpp\n'}
[1.004585] (px4_msgs) StdoutLine: {'line': b'-- Up-to-date: /home/mustardking/ws_sensor_combined/install/px4_msgs/include/px4_msgs/px4_msgs/msg/detail/rover_attitude_setpoint__rosidl_typesupport_fastrtps_cpp.hpp\n'}
[1.004623] (px4_msgs) StdoutLine: {'line': b'-- Up-to-date: /home/mustardking/ws_sensor_combined/install/px4_msgs/include/px4_msgs/px4_msgs/msg/detail/sensor_accel__rosidl_typesupport_fastrtps_cpp.hpp\n'}
[1.004684] (px4_msgs) StdoutLine: {'line': b'-- Up-to-date: /home/mustardking/ws_sensor_combined/install/px4_msgs/include/px4_msgs/px4_msgs/msg/detail/distance_sensor__rosidl_typesupport_fastrtps_cpp.hpp\n'}
[1.004727] (px4_msgs) StdoutLine: {'line': b'-- Up-to-date: /home/mustardking/ws_sensor_combined/install/px4_msgs/include/px4_msgs/px4_msgs/msg/detail/logger_status__rosidl_typesupport_fastrtps_cpp.hpp\n'}
[1.004769] (px4_msgs) StdoutLine: {'line': b'-- Up-to-date: /home/mustardking/ws_sensor_combined/install/px4_msgs/include/px4_msgs/px4_msgs/msg/detail/position_controller_status__rosidl_typesupport_fastrtps_cpp.hpp\n'}
[1.004807] (px4_msgs) StdoutLine: {'line': b'-- Up-to-date: /home/mustardking/ws_sensor_combined/install/px4_msgs/include/px4_msgs/px4_msgs/msg/detail/arming_check_reply__rosidl_typesupport_fastrtps_cpp.hpp\n'}
[1.004922] (px4_msgs) StdoutLine: {'line': b'-- Up-to-date: /home/mustardking/ws_sensor_combined/install/px4_msgs/include/px4_msgs/px4_msgs/msg/detail/mavlink_tunnel__rosidl_typesupport_fastrtps_cpp.hpp\n'}
[1.004960] (px4_msgs) StdoutLine: {'line': b'-- Up-to-date: /home/mustardking/ws_sensor_combined/install/px4_msgs/include/px4_msgs/px4_msgs/msg/detail/orb_test_large__rosidl_typesupport_fastrtps_cpp.hpp\n'}
[1.005000] (px4_msgs) StdoutLine: {'line': b'-- Up-to-date: /home/mustardking/ws_sensor_combined/install/px4_msgs/include/px4_msgs/px4_msgs/msg/detail/vehicle_command_ack__rosidl_typesupport_fastrtps_cpp.hpp\n'}
[1.005037] (px4_msgs) StdoutLine: {'line': b'-- Up-to-date: /home/mustardking/ws_sensor_combined/install/px4_msgs/include/px4_msgs/px4_msgs/msg/detail/estimator_states__rosidl_typesupport_fastrtps_cpp.hpp\n'}
[1.005063] (px4_msgs) StdoutLine: {'line': b'-- Up-to-date: /home/mustardking/ws_sensor_combined/install/px4_msgs/include/px4_msgs/px4_msgs/msg/detail/orb_test__rosidl_typesupport_fastrtps_cpp.hpp\n'}
[1.005111] (px4_msgs) StdoutLine: {'line': b'-- Up-to-date: /home/mustardking/ws_sensor_combined/install/px4_msgs/include/px4_msgs/px4_msgs/msg/detail/hover_thrust_estimate__rosidl_typesupport_fastrtps_cpp.hpp\n'}
[1.005150] (px4_msgs) StdoutLine: {'line': b'-- Up-to-date: /home/mustardking/ws_sensor_combined/install/px4_msgs/include/px4_msgs/px4_msgs/msg/detail/sensor_optical_flow__rosidl_typesupport_fastrtps_cpp.hpp\n'}
[1.005188] (px4_msgs) StdoutLine: {'line': b'-- Up-to-date: /home/mustardking/ws_sensor_combined/install/px4_msgs/include/px4_msgs/px4_msgs/msg/detail/pure_pursuit_status__rosidl_typesupport_fastrtps_cpp.hpp\n'}
[1.005222] (px4_msgs) StdoutLine: {'line': b'-- Up-to-date: /home/mustardking/ws_sensor_combined/install/px4_msgs/include/px4_msgs/px4_msgs/msg/detail/sensor_baro__rosidl_typesupport_fastrtps_cpp.hpp\n'}
[1.005284] (px4_msgs) StdoutLine: {'line': b'-- Up-to-date: /home/mustardking/ws_sensor_combined/install/px4_msgs/include/px4_msgs/px4_msgs/msg/detail/actuator_controls_status__rosidl_typesupport_fastrtps_cpp.hpp\n'}
[1.005343] (px4_msgs) StdoutLine: {'line': b'-- Up-to-date: /home/mustardking/ws_sensor_combined/install/px4_msgs/include/px4_msgs/px4_msgs/msg/detail/tecs_status__rosidl_typesupport_fastrtps_cpp.hpp\n'}
[1.005385] (px4_msgs) StdoutLine: {'line': b'-- Up-to-date: /home/mustardking/ws_sensor_combined/install/px4_msgs/include/px4_msgs/px4_msgs/msg/detail/sensor_correction__rosidl_typesupport_fastrtps_cpp.hpp\n'}
[1.005422] (px4_msgs) StdoutLine: {'line': b'-- Up-to-date: /home/mustardking/ws_sensor_combined/install/px4_msgs/include/px4_msgs/px4_msgs/msg/detail/sensor_gyro__rosidl_typesupport_fastrtps_cpp.hpp\n'}
[1.005481] (px4_msgs) StdoutLine: {'line': b'-- Up-to-date: /home/mustardking/ws_sensor_combined/install/px4_msgs/include/px4_msgs/px4_msgs/msg/detail/vehicle_global_position__rosidl_typesupport_fastrtps_cpp.hpp\n'}
[1.005520] (px4_msgs) StdoutLine: {'line': b'-- Up-to-date: /home/mustardking/ws_sensor_combined/install/px4_msgs/include/px4_msgs/px4_msgs/msg/detail/unregister_ext_component__rosidl_typesupport_fastrtps_cpp.hpp\n'}
[1.005554] (px4_msgs) StdoutLine: {'line': b'-- Up-to-date: /home/mustardking/ws_sensor_combined/install/px4_msgs/include/px4_msgs/px4_msgs/msg/detail/navigator_status__rosidl_typesupport_fastrtps_cpp.hpp\n'}
[1.005585] (px4_msgs) StdoutLine: {'line': b'-- Up-to-date: /home/mustardking/ws_sensor_combined/install/px4_msgs/include/px4_msgs/px4_msgs/msg/detail/neural_control__rosidl_typesupport_fastrtps_cpp.hpp\n'}
[1.005641] (px4_msgs) StdoutLine: {'line': b'-- Up-to-date: /home/mustardking/ws_sensor_combined/install/px4_msgs/include/px4_msgs/px4_msgs/msg/detail/landing_gear_wheel__rosidl_typesupport_fastrtps_cpp.hpp\n'}
[1.005670] (px4_msgs) StdoutLine: {'line': b'-- Up-to-date: /home/mustardking/ws_sensor_combined/install/px4_msgs/include/px4_msgs/px4_msgs/msg/detail/position_controller_landing_status__rosidl_typesupport_fastrtps_cpp.hpp\n'}
[1.005706] (px4_msgs) StdoutLine: {'line': b'-- Up-to-date: /home/mustardking/ws_sensor_combined/install/px4_msgs/include/px4_msgs/px4_msgs/msg/detail/estimator_selector_status__rosidl_typesupport_fastrtps_cpp.hpp\n'}
[1.005731] (px4_msgs) StdoutLine: {'line': b'-- Up-to-date: /home/mustardking/ws_sensor_combined/install/px4_msgs/include/px4_msgs/px4_msgs/msg/detail/orbit_status__rosidl_typesupport_fastrtps_cpp.hpp\n'}
[1.005766] (px4_msgs) StdoutLine: {'line': b'-- Up-to-date: /home/mustardking/ws_sensor_combined/install/px4_msgs/include/px4_msgs/px4_msgs/msg/detail/navigator_mission_item__rosidl_typesupport_fastrtps_cpp.hpp\n'}
[1.005807] (px4_msgs) StdoutLine: {'line': b'-- Up-to-date: /home/mustardking/ws_sensor_combined/install/px4_msgs/include/px4_msgs/px4_msgs/msg/detail/estimator_sensor_bias__rosidl_typesupport_fastrtps_cpp.hpp\n'}
[1.005834] (px4_msgs) StdoutLine: {'line': b'-- Up-to-date: /home/mustardking/ws_sensor_combined/install/px4_msgs/include/px4_msgs/px4_msgs/msg/detail/rover_steering_setpoint__rosidl_typesupport_fastrtps_cpp.hpp\n'}
[1.005857] (px4_msgs) StdoutLine: {'line': b'-- Up-to-date: /home/mustardking/ws_sensor_combined/install/px4_msgs/include/px4_msgs/px4_msgs/msg/detail/parameter_reset_request__rosidl_typesupport_fastrtps_cpp.hpp\n'}
[1.005900] (px4_msgs) StdoutLine: {'line': b'-- Up-to-date: /home/mustardking/ws_sensor_combined/install/px4_msgs/include/px4_msgs/px4_msgs/msg/detail/follow_target_status__rosidl_typesupport_fastrtps_cpp.hpp\n'}
[1.005930] (px4_msgs) StdoutLine: {'line': b'-- Up-to-date: /home/mustardking/ws_sensor_combined/install/px4_msgs/include/px4_msgs/px4_msgs/msg/detail/fixed_wing_longitudinal_setpoint__rosidl_typesupport_fastrtps_cpp.hpp\n'}
[1.005955] (px4_msgs) StdoutLine: {'line': b'-- Up-to-date: /home/mustardking/ws_sensor_combined/install/px4_msgs/include/px4_msgs/px4_msgs/msg/detail/figure_eight_status__rosidl_typesupport_fastrtps_cpp.hpp\n'}
[1.005979] (px4_msgs) StdoutLine: {'line': b'-- Up-to-date: /home/mustardking/ws_sensor_combined/install/px4_msgs/include/px4_msgs/px4_msgs/msg/detail/telemetry_status__rosidl_typesupport_fastrtps_cpp.hpp\n'}
[1.006012] (px4_msgs) StdoutLine: {'line': b'-- Up-to-date: /home/mustardking/ws_sensor_combined/install/px4_msgs/include/px4_msgs/px4_msgs/msg/detail/sensor_hygrometer__rosidl_typesupport_fastrtps_cpp.hpp\n'}
[1.006048] (px4_msgs) StdoutLine: {'line': b'-- Up-to-date: /home/mustardking/ws_sensor_combined/install/px4_msgs/include/px4_msgs/px4_msgs/msg/detail/rtl_time_estimate__rosidl_typesupport_fastrtps_cpp.hpp\n'}
[1.006072] (px4_msgs) StdoutLine: {'line': b'-- Up-to-date: /home/mustardking/ws_sensor_combined/install/px4_msgs/include/px4_msgs/px4_msgs/msg/detail/vehicle_thrust_setpoint__rosidl_typesupport_fastrtps_cpp.hpp\n'}
[1.006107] (px4_msgs) StdoutLine: {'line': b'-- Up-to-date: /home/mustardking/ws_sensor_combined/install/px4_msgs/include/px4_msgs/px4_msgs/msg/detail/irlock_report__rosidl_typesupport_fastrtps_cpp.hpp\n'}
[1.006139] (px4_msgs) StdoutLine: {'line': b'-- Up-to-date: /home/mustardking/ws_sensor_combined/install/px4_msgs/include/px4_msgs/px4_msgs/msg/detail/dataman_response__rosidl_typesupport_fastrtps_cpp.hpp\n'}
[1.006176] (px4_msgs) StdoutLine: {'line': b'-- Up-to-date: /home/mustardking/ws_sensor_combined/install/px4_msgs/include/px4_msgs/px4_msgs/msg/detail/vehicle_optical_flow__rosidl_typesupport_fastrtps_cpp.hpp\n'}
[1.006212] (px4_msgs) StdoutLine: {'line': b'-- Up-to-date: /home/mustardking/ws_sensor_combined/install/px4_msgs/include/px4_msgs/px4_msgs/msg/detail/generator_status__rosidl_typesupport_fastrtps_cpp.hpp\n'}
[1.006234] (px4_msgs) StdoutLine: {'line': b'-- Up-to-date: /home/mustardking/ws_sensor_combined/install/px4_msgs/include/px4_msgs/px4_msgs/msg/detail/sensor_accel_fifo__rosidl_typesupport_fastrtps_cpp.hpp\n'}
[1.006265] (px4_msgs) StdoutLine: {'line': b'-- Up-to-date: /home/mustardking/ws_sensor_combined/install/px4_msgs/include/px4_msgs/px4_msgs/msg/detail/onboard_computer_status__rosidl_typesupport_fastrtps_cpp.hpp\n'}
[1.006292] (px4_msgs) StdoutLine: {'line': b'-- Up-to-date: /home/mustardking/ws_sensor_combined/install/px4_msgs/include/px4_msgs/px4_msgs/msg/detail/mag_worker_data__rosidl_typesupport_fastrtps_cpp.hpp\n'}
[1.006333] (px4_msgs) StdoutLine: {'line': b'-- Up-to-date: /home/mustardking/ws_sensor_combined/install/px4_msgs/include/px4_msgs/px4_msgs/msg/detail/vehicle_angular_velocity__rosidl_typesupport_fastrtps_cpp.hpp\n'}
[1.006364] (px4_msgs) StdoutLine: {'line': b'-- Up-to-date: /home/mustardking/ws_sensor_combined/install/px4_msgs/include/px4_msgs/px4_msgs/msg/detail/manual_control_setpoint__rosidl_typesupport_fastrtps_cpp.hpp\n'}
[1.006386] (px4_msgs) StdoutLine: {'line': b'-- Up-to-date: /home/mustardking/ws_sensor_combined/install/px4_msgs/include/px4_msgs/px4_msgs/msg/detail/wheel_encoders__rosidl_typesupport_fastrtps_cpp.hpp\n'}
[1.006420] (px4_msgs) StdoutLine: {'line': b'-- Up-to-date: /home/mustardking/ws_sensor_combined/install/px4_msgs/include/px4_msgs/px4_msgs/msg/detail/cellular_status__rosidl_typesupport_fastrtps_cpp.hpp\n'}
[1.006451] (px4_msgs) StdoutLine: {'line': b'-- Up-to-date: /home/mustardking/ws_sensor_combined/install/px4_msgs/include/px4_msgs/px4_msgs/msg/detail/input_rc__rosidl_typesupport_fastrtps_cpp.hpp\n'}
[1.006512] (px4_msgs) StdoutLine: {'line': b'-- Up-to-date: /home/mustardking/ws_sensor_combined/install/px4_msgs/include/px4_msgs/px4_msgs/msg/detail/takeoff_status__rosidl_typesupport_fastrtps_cpp.hpp\n'}
[1.006551] (px4_msgs) StdoutLine: {'line': b'-- Up-to-date: /home/mustardking/ws_sensor_combined/install/px4_msgs/include/px4_msgs/px4_msgs/msg/detail/arming_check_request__rosidl_typesupport_fastrtps_cpp.hpp\n'}
[1.006575] (px4_msgs) StdoutLine: {'line': b'-- Up-to-date: /home/mustardking/ws_sensor_combined/install/px4_msgs/include/px4_msgs/px4_msgs/msg/detail/task_stack_info__rosidl_typesupport_fastrtps_cpp.hpp\n'}
[1.006606] (px4_msgs) StdoutLine: {'line': b'-- Up-to-date: /home/mustardking/ws_sensor_combined/install/px4_msgs/include/px4_msgs/px4_msgs/msg/detail/rover_attitude_status__rosidl_typesupport_fastrtps_cpp.hpp\n'}
[1.006630] (px4_msgs) StdoutLine: {'line': b'-- Up-to-date: /home/mustardking/ws_sensor_combined/install/px4_msgs/include/px4_msgs/px4_msgs/msg/detail/position_setpoint__rosidl_typesupport_fastrtps_cpp.hpp\n'}
[1.006686] (px4_msgs) StdoutLine: {'line': b'-- Up-to-date: /home/mustardking/ws_sensor_combined/install/px4_msgs/include/px4_msgs/px4_msgs/msg/detail/obstacle_distance__rosidl_typesupport_fastrtps_cpp.hpp\n'}
[1.006708] (px4_msgs) StdoutLine: {'line': b'-- Up-to-date: /home/mustardking/ws_sensor_combined/install/px4_msgs/include/px4_msgs/px4_msgs/msg/detail/estimator_bias3d__rosidl_typesupport_fastrtps_cpp.hpp\n'}
[1.006731] (px4_msgs) StdoutLine: {'line': b'-- Up-to-date: /home/mustardking/ws_sensor_combined/install/px4_msgs/include/px4_msgs/px4_msgs/msg/detail/airspeed__rosidl_typesupport_fastrtps_cpp.hpp\n'}
[1.006753] (px4_msgs) StdoutLine: {'line': b'-- Up-to-date: /home/mustardking/ws_sensor_combined/install/px4_msgs/include/px4_msgs/px4_msgs/msg/detail/airspeed_wind__rosidl_typesupport_fastrtps_cpp.hpp\n'}
[1.006775] (px4_msgs) StdoutLine: {'line': b'-- Up-to-date: /home/mustardking/ws_sensor_combined/install/px4_msgs/include/px4_msgs/px4_msgs/msg/detail/rover_rate_status__rosidl_typesupport_fastrtps_cpp.hpp\n'}
[1.006829] (px4_msgs) StdoutLine: {'line': b'-- Up-to-date: /home/mustardking/ws_sensor_combined/install/px4_msgs/include/px4_msgs/px4_msgs/msg/detail/dataman_request__rosidl_typesupport_fastrtps_cpp.hpp\n'}
[1.006875] (px4_msgs) StdoutLine: {'line': b'-- Up-to-date: /home/mustardking/ws_sensor_combined/install/px4_msgs/include/px4_msgs/px4_msgs/msg/detail/ekf2_timestamps__rosidl_typesupport_fastrtps_cpp.hpp\n'}
[1.006921] (px4_msgs) StdoutLine: {'line': b'-- Up-to-date: /home/mustardking/ws_sensor_combined/install/px4_msgs/include/px4_msgs/px4_msgs/msg/detail/register_ext_component_request__rosidl_typesupport_fastrtps_cpp.hpp\n'}
[1.006967] (px4_msgs) StdoutLine: {'line': b'-- Up-to-date: /home/mustardking/ws_sensor_combined/install/px4_msgs/include/px4_msgs/px4_msgs/msg/detail/event__rosidl_typesupport_fastrtps_cpp.hpp\n'}
[1.007031] (px4_msgs) StdoutLine: {'line': b'-- Up-to-date: /home/mustardking/ws_sensor_combined/install/px4_msgs/include/px4_msgs/px4_msgs/msg/detail/vehicle_imu__rosidl_typesupport_fastrtps_cpp.hpp\n'}
[1.007071] (px4_msgs) StdoutLine: {'line': b'-- Up-to-date: /home/mustardking/ws_sensor_combined/install/px4_msgs/include/px4_msgs/px4_msgs/msg/detail/health_report__rosidl_typesupport_fastrtps_cpp.hpp\n'}
[1.007115] (px4_msgs) StdoutLine: {'line': b'-- Up-to-date: /home/mustardking/ws_sensor_combined/install/px4_msgs/include/px4_msgs/px4_msgs/msg/detail/gimbal_device_attitude_status__rosidl_typesupport_fastrtps_cpp.hpp\n'}
[1.007159] (px4_msgs) StdoutLine: {'line': b'-- Up-to-date: /home/mustardking/ws_sensor_combined/install/px4_msgs/include/px4_msgs/px4_msgs/msg/detail/sensor_gyro_fft__rosidl_typesupport_fastrtps_cpp.hpp\n'}
[1.007189] (px4_msgs) StdoutLine: {'line': b'-- Up-to-date: /home/mustardking/ws_sensor_combined/install/px4_msgs/include/px4_msgs/px4_msgs/msg/detail/goto_setpoint__rosidl_typesupport_fastrtps_cpp.hpp\n'}
[1.007233] (px4_msgs) StdoutLine: {'line': b'-- Up-to-date: /home/mustardking/ws_sensor_combined/install/px4_msgs/include/px4_msgs/px4_msgs/msg/detail/uavcan_parameter_value__rosidl_typesupport_fastrtps_cpp.hpp\n'}
[1.007262] (px4_msgs) StdoutLine: {'line': b'-- Up-to-date: /home/mustardking/ws_sensor_combined/install/px4_msgs/include/px4_msgs/px4_msgs/msg/detail/vehicle_angular_acceleration_setpoint__rosidl_typesupport_fastrtps_cpp.hpp\n'}
[1.007303] (px4_msgs) StdoutLine: {'line': b'-- Up-to-date: /home/mustardking/ws_sensor_combined/install/px4_msgs/include/px4_msgs/px4_msgs/msg/detail/system_power__rosidl_typesupport_fastrtps_cpp.hpp\n'}
[1.007354] (px4_msgs) StdoutLine: {'line': b'-- Up-to-date: /home/mustardking/ws_sensor_combined/install/px4_msgs/include/px4_msgs/px4_msgs/msg/detail/battery_info__rosidl_typesupport_fastrtps_cpp.hpp\n'}
[1.007398] (px4_msgs) StdoutLine: {'line': b'-- Up-to-date: /home/mustardking/ws_sensor_combined/install/px4_msgs/include/px4_msgs/px4_msgs/msg/detail/fixed_wing_lateral_guidance_status__rosidl_typesupport_fastrtps_cpp.hpp\n'}
[1.007421] (px4_msgs) StdoutLine: {'line': b'-- Up-to-date: /home/mustardking/ws_sensor_combined/install/px4_msgs/include/px4_msgs/px4_msgs/msg/detail/tune_control__rosidl_typesupport_fastrtps_cpp.hpp\n'}
[1.007445] (px4_msgs) StdoutLine: {'line': b'-- Up-to-date: /home/mustardking/ws_sensor_combined/install/px4_msgs/include/px4_msgs/px4_msgs/msg/detail/rover_throttle_setpoint__rosidl_typesupport_fastrtps_cpp.hpp\n'}
[1.007468] (px4_msgs) StdoutLine: {'line': b'-- Up-to-date: /home/mustardking/ws_sensor_combined/install/px4_msgs/include/px4_msgs/px4_msgs/msg/detail/register_ext_component_reply__rosidl_typesupport_fastrtps_cpp.hpp\n'}
[1.007515] (px4_msgs) StdoutLine: {'line': b'-- Up-to-date: /home/mustardking/ws_sensor_combined/install/px4_msgs/include/px4_msgs/px4_msgs/msg/detail/sensor_preflight_mag__rosidl_typesupport_fastrtps_cpp.hpp\n'}
[1.007548] (px4_msgs) StdoutLine: {'line': b'-- Up-to-date: /home/mustardking/ws_sensor_combined/install/px4_msgs/include/px4_msgs/px4_msgs/msg/detail/sensors_status_imu__rosidl_typesupport_fastrtps_cpp.hpp\n'}
[1.007588] (px4_msgs) StdoutLine: {'line': b'-- Up-to-date: /home/mustardking/ws_sensor_combined/install/px4_msgs/include/px4_msgs/px4_msgs/msg/detail/vehicle_control_mode__rosidl_typesupport_fastrtps_cpp.hpp\n'}
[1.007636] (px4_msgs) StdoutLine: {'line': b'-- Up-to-date: /home/mustardking/ws_sensor_combined/install/px4_msgs/include/px4_msgs/px4_msgs/msg/detail/rate_ctrl_status__rosidl_typesupport_fastrtps_cpp.hpp\n'}
[1.007664] (px4_msgs) StdoutLine: {'line': b'-- Up-to-date: /home/mustardking/ws_sensor_combined/install/px4_msgs/include/px4_msgs/px4_msgs/msg/detail/esc_report__rosidl_typesupport_fastrtps_cpp.hpp\n'}
[1.007723] (px4_msgs) StdoutLine: {'line': b'-- Up-to-date: /home/mustardking/ws_sensor_combined/install/px4_msgs/include/px4_msgs/px4_msgs/msg/detail/actuator_test__rosidl_typesupport_fastrtps_cpp.hpp\n'}
[1.007756] (px4_msgs) StdoutLine: {'line': b'-- Up-to-date: /home/mustardking/ws_sensor_combined/install/px4_msgs/include/px4_msgs/px4_msgs/msg/detail/vehicle_attitude__rosidl_typesupport_fastrtps_cpp.hpp\n'}
[1.007794] (px4_msgs) StdoutLine: {'line': b'-- Up-to-date: /home/mustardking/ws_sensor_combined/install/px4_msgs/include/px4_msgs/px4_msgs/msg/detail/actuator_servos_trim__rosidl_typesupport_fastrtps_cpp.hpp\n'}
[1.007827] (px4_msgs) StdoutLine: {'line': b'-- Up-to-date: /home/mustardking/ws_sensor_combined/install/px4_msgs/include/px4_msgs/px4_msgs/msg/detail/vehicle_optical_flow_vel__rosidl_typesupport_fastrtps_cpp.hpp\n'}
[1.007877] (px4_msgs) StdoutLine: {'line': b'-- Up-to-date: /home/mustardking/ws_sensor_combined/install/px4_msgs/include/px4_msgs/px4_msgs/msg/detail/dds_fastrtps\n'}
[1.007909] (px4_msgs) StdoutLine: {'line': b'-- Up-to-date: /home/mustardking/ws_sensor_combined/install/px4_msgs/include/px4_msgs/px4_msgs/msg/detail/message_format_request__rosidl_typesupport_fastrtps_cpp.hpp\n'}
[1.007946] (px4_msgs) StdoutLine: {'line': b'-- Up-to-date: /home/mustardking/ws_sensor_combined/install/px4_msgs/include/px4_msgs/px4_msgs/msg/detail/offboard_control_mode__rosidl_typesupport_fastrtps_cpp.hpp\n'}
[1.007987] (px4_msgs) StdoutLine: {'line': b'-- Up-to-date: /home/mustardking/ws_sensor_combined/install/px4_msgs/include/px4_msgs/px4_msgs/msg/detail/qshell_req__rosidl_typesupport_fastrtps_cpp.hpp\n'}
[1.008015] (px4_msgs) StdoutLine: {'line': b'-- Up-to-date: /home/mustardking/ws_sensor_combined/install/px4_msgs/include/px4_msgs/px4_msgs/msg/detail/open_drone_id_system__rosidl_typesupport_fastrtps_cpp.hpp\n'}
[1.008069] (px4_msgs) StdoutLine: {'line': b'-- Up-to-date: /home/mustardking/ws_sensor_combined/install/px4_msgs/include/px4_msgs/px4_msgs/msg/detail/trajectory_setpoint6dof__rosidl_typesupport_fastrtps_cpp.hpp\n'}
[1.008102] (px4_msgs) StdoutLine: {'line': b'-- Up-to-date: /home/mustardking/ws_sensor_combined/install/px4_msgs/include/px4_msgs/px4_msgs/msg/detail/manual_control_switches__rosidl_typesupport_fastrtps_cpp.hpp\n'}
[1.008134] (px4_msgs) StdoutLine: {'line': b'-- Up-to-date: /home/mustardking/ws_sensor_combined/install/px4_msgs/include/px4_msgs/px4_msgs/msg/detail/debug_vect__rosidl_typesupport_fastrtps_cpp.hpp\n'}
[1.008189] (px4_msgs) StdoutLine: {'line': b'-- Up-to-date: /home/mustardking/ws_sensor_combined/install/px4_msgs/include/px4_msgs/px4_msgs/msg/detail/rover_rate_setpoint__rosidl_typesupport_fastrtps_cpp.hpp\n'}
[1.008218] (px4_msgs) StdoutLine: {'line': b'-- Up-to-date: /home/mustardking/ws_sensor_combined/install/px4_msgs/include/px4_msgs/px4_msgs/msg/detail/position_setpoint_triplet__rosidl_typesupport_fastrtps_cpp.hpp\n'}
[1.008240] (px4_msgs) StdoutLine: {'line': b'-- Up-to-date: /home/mustardking/ws_sensor_combined/install/px4_msgs/include/px4_msgs/px4_msgs/msg/detail/estimator_aid_source1d__rosidl_typesupport_fastrtps_cpp.hpp\n'}
[1.008263] (px4_msgs) StdoutLine: {'line': b'-- Up-to-date: /home/mustardking/ws_sensor_combined/install/px4_msgs/include/px4_msgs/px4_msgs/msg/detail/vehicle_acceleration__rosidl_typesupport_fastrtps_cpp.hpp\n'}
[1.008285] (px4_msgs) StdoutLine: {'line': b'-- Up-to-date: /home/mustardking/ws_sensor_combined/install/px4_msgs/include/px4_msgs/px4_msgs/msg/detail/uavcan_parameter_request__rosidl_typesupport_fastrtps_cpp.hpp\n'}
[1.008308] (px4_msgs) StdoutLine: {'line': b'-- Up-to-date: /home/mustardking/ws_sensor_combined/install/px4_msgs/include/px4_msgs/px4_msgs/msg/detail/geofence_result__rosidl_typesupport_fastrtps_cpp.hpp\n'}
[1.008330] (px4_msgs) StdoutLine: {'line': b'-- Up-to-date: /home/mustardking/ws_sensor_combined/install/px4_msgs/include/px4_msgs/px4_msgs/msg/detail/ulog_stream__rosidl_typesupport_fastrtps_cpp.hpp\n'}
[1.008388] (px4_msgs) StdoutLine: {'line': b'-- Up-to-date: /home/mustardking/ws_sensor_combined/install/px4_msgs/include/px4_msgs/px4_msgs/msg/detail/collision_constraints__rosidl_typesupport_fastrtps_cpp.hpp\n'}
[1.008417] (px4_msgs) StdoutLine: {'line': b'-- Up-to-date: /home/mustardking/ws_sensor_combined/install/px4_msgs/include/px4_msgs/px4_msgs/msg/detail/mavlink_log__rosidl_typesupport_fastrtps_cpp.hpp\n'}
[1.008440] (px4_msgs) StdoutLine: {'line': b'-- Up-to-date: /home/mustardking/ws_sensor_combined/install/px4_msgs/include/px4_msgs/px4_msgs/msg/detail/vehicle_local_position__rosidl_typesupport_fastrtps_cpp.hpp\n'}
[1.008462] (px4_msgs) StdoutLine: {'line': b'-- Up-to-date: /home/mustardking/ws_sensor_combined/install/px4_msgs/include/px4_msgs/px4_msgs/msg/detail/yaw_estimator_status__rosidl_typesupport_fastrtps_cpp.hpp\n'}
[1.008485] (px4_msgs) StdoutLine: {'line': b'-- Up-to-date: /home/mustardking/ws_sensor_combined/install/px4_msgs/include/px4_msgs/px4_msgs/msg/detail/estimator_aid_source2d__rosidl_typesupport_fastrtps_cpp.hpp\n'}
[1.008531] (px4_msgs) StdoutLine: {'line': b'-- Up-to-date: /home/mustardking/ws_sensor_combined/install/px4_msgs/include/px4_msgs/px4_msgs/msg/detail/estimator_gps_status__rosidl_typesupport_fastrtps_cpp.hpp\n'}
[1.008565] (px4_msgs) StdoutLine: {'line': b'-- Up-to-date: /home/mustardking/ws_sensor_combined/install/px4_msgs/include/px4_msgs/px4_msgs/msg/detail/estimator_status__rosidl_typesupport_fastrtps_cpp.hpp\n'}
[1.008600] (px4_msgs) StdoutLine: {'line': b'-- Up-to-date: /home/mustardking/ws_sensor_combined/install/px4_msgs/include/px4_msgs/px4_msgs/msg/detail/parameter_set_used_request__rosidl_typesupport_fastrtps_cpp.hpp\n'}
[1.008639] (px4_msgs) StdoutLine: {'line': b'-- Up-to-date: /home/mustardking/ws_sensor_combined/install/px4_msgs/include/px4_msgs/px4_msgs/msg/detail/debug_key_value__rosidl_typesupport_fastrtps_cpp.hpp\n'}
[1.008668] (px4_msgs) StdoutLine: {'line': b'-- Up-to-date: /home/mustardking/ws_sensor_combined/install/px4_msgs/include/px4_msgs/px4_msgs/msg/detail/fixed_wing_lateral_status__rosidl_typesupport_fastrtps_cpp.hpp\n'}
[1.008706] (px4_msgs) StdoutLine: {'line': b'-- Up-to-date: /home/mustardking/ws_sensor_combined/install/px4_msgs/include/px4_msgs/px4_msgs/msg/detail/gimbal_manager_set_attitude__rosidl_typesupport_fastrtps_cpp.hpp\n'}
[1.008735] (px4_msgs) StdoutLine: {'line': b'-- Up-to-date: /home/mustardking/ws_sensor_combined/install/px4_msgs/include/px4_msgs/px4_msgs/msg/detail/fixed_wing_runway_control__rosidl_typesupport_fastrtps_cpp.hpp\n'}
[1.008762] (px4_msgs) StdoutLine: {'line': b'-- Up-to-date: /home/mustardking/ws_sensor_combined/install/px4_msgs/include/px4_msgs/px4_msgs/msg/detail/gimbal_device_set_attitude__rosidl_typesupport_fastrtps_cpp.hpp\n'}
[1.008800] (px4_msgs) StdoutLine: {'line': b'-- Up-to-date: /home/mustardking/ws_sensor_combined/install/px4_msgs/include/px4_msgs/px4_msgs/msg/detail/cpuload__rosidl_typesupport_fastrtps_cpp.hpp\n'}
[1.008896] (px4_msgs) StdoutLine: {'line': b'-- Up-to-date: /home/mustardking/ws_sensor_combined/install/px4_msgs/include/px4_msgs/px4_msgs/msg/detail/gps_inject_data__rosidl_typesupport_fastrtps_cpp.hpp\n'}
[1.008940] (px4_msgs) StdoutLine: {'line': b'-- Up-to-date: /home/mustardking/ws_sensor_combined/install/px4_msgs/include/px4_msgs/px4_msgs/msg/detail/differential_pressure__rosidl_typesupport_fastrtps_cpp.hpp\n'}
[1.008987] (px4_msgs) StdoutLine: {'line': b'-- Up-to-date: /home/mustardking/ws_sensor_combined/install/px4_msgs/include/px4_msgs/px4_msgs/msg/detail/estimator_event_flags__rosidl_typesupport_fastrtps_cpp.hpp\n'}
[1.009011] (px4_msgs) StdoutLine: {'line': b'-- Up-to-date: /home/mustardking/ws_sensor_combined/install/px4_msgs/include/px4_msgs/px4_msgs/msg/detail/satellite_info__rosidl_typesupport_fastrtps_cpp.hpp\n'}
[1.009041] (px4_msgs) StdoutLine: {'line': b'-- Up-to-date: /home/mustardking/ws_sensor_combined/install/px4_msgs/include/px4_msgs/px4_msgs/msg/detail/gripper__rosidl_typesupport_fastrtps_cpp.hpp\n'}
[1.009090] (px4_msgs) StdoutLine: {'line': b'-- Up-to-date: /home/mustardking/ws_sensor_combined/install/px4_msgs/include/px4_msgs/px4_msgs/msg/detail/heater_status__rosidl_typesupport_fastrtps_cpp.hpp\n'}
[1.009125] (px4_msgs) StdoutLine: {'line': b'-- Up-to-date: /home/mustardking/ws_sensor_combined/install/px4_msgs/include/px4_msgs/px4_msgs/msg/detail/landing_target_innovations__rosidl_typesupport_fastrtps_cpp.hpp\n'}
[1.009159] (px4_msgs) StdoutLine: {'line': b'-- Up-to-date: /home/mustardking/ws_sensor_combined/install/px4_msgs/include/px4_msgs/px4_msgs/msg/detail/orb_test_medium__rosidl_typesupport_fastrtps_cpp.hpp\n'}
[1.009182] (px4_msgs) StdoutLine: {'line': b'-- Up-to-date: /home/mustardking/ws_sensor_combined/install/px4_msgs/include/px4_msgs/px4_msgs/msg/detail/gpio_out__rosidl_typesupport_fastrtps_cpp.hpp\n'}
[1.009211] (px4_msgs) StdoutLine: {'line': b'-- Up-to-date: /home/mustardking/ws_sensor_combined/install/px4_msgs/include/px4_msgs/px4_msgs/msg/detail/open_drone_id_arm_status__rosidl_typesupport_fastrtps_cpp.hpp\n'}
[1.009259] (px4_msgs) StdoutLine: {'line': b'-- Up-to-date: /home/mustardking/ws_sensor_combined/install/px4_msgs/include/px4_msgs/px4_msgs/msg/detail/parameter_set_value_request__rosidl_typesupport_fastrtps_cpp.hpp\n'}
[1.009283] (px4_msgs) StdoutLine: {'line': b'-- Up-to-date: /home/mustardking/ws_sensor_combined/install/px4_msgs/include/px4_msgs/px4_msgs/msg/detail/estimator_innovations__rosidl_typesupport_fastrtps_cpp.hpp\n'}
[1.009313] (px4_msgs) StdoutLine: {'line': b'-- Up-to-date: /home/mustardking/ws_sensor_combined/install/px4_msgs/include/px4_msgs/px4_msgs/msg/detail/ulog_stream_ack__rosidl_typesupport_fastrtps_cpp.hpp\n'}
[1.009338] (px4_msgs) StdoutLine: {'line': b'-- Up-to-date: /home/mustardking/ws_sensor_combined/install/px4_msgs/include/px4_msgs/px4_msgs/msg/detail/timesync_status__rosidl_typesupport_fastrtps_cpp.hpp\n'}
[1.009375] (px4_msgs) StdoutLine: {'line': b'-- Up-to-date: /home/mustardking/ws_sensor_combined/install/px4_msgs/include/px4_msgs/px4_msgs/msg/detail/gpio_request__rosidl_typesupport_fastrtps_cpp.hpp\n'}
[1.009398] (px4_msgs) StdoutLine: {'line': b'-- Up-to-date: /home/mustardking/ws_sensor_combined/install/px4_msgs/include/px4_msgs/px4_msgs/msg/detail/vtol_vehicle_status__rosidl_typesupport_fastrtps_cpp.hpp\n'}
[1.009425] (px4_msgs) StdoutLine: {'line': b'-- Up-to-date: /home/mustardking/ws_sensor_combined/install/px4_msgs/include/px4_msgs/px4_msgs/msg/detail/magnetometer_bias_estimate__rosidl_typesupport_fastrtps_cpp.hpp\n'}
[1.009456] (px4_msgs) StdoutLine: {'line': b'-- Up-to-date: /home/mustardking/ws_sensor_combined/install/px4_msgs/include/px4_msgs/px4_msgs/msg/detail/gps_dump__rosidl_typesupport_fastrtps_cpp.hpp\n'}
[1.009519] (px4_msgs) StdoutLine: {'line': b'-- Up-to-date: /home/mustardking/ws_sensor_combined/install/px4_msgs/include/px4_msgs/px4_msgs/msg/detail/rover_position_setpoint__rosidl_typesupport_fastrtps_cpp.hpp\n'}
[1.009546] (px4_msgs) StdoutLine: {'line': b'-- Up-to-date: /home/mustardking/ws_sensor_combined/install/px4_msgs/include/px4_msgs/px4_msgs/msg/detail/ping__rosidl_typesupport_fastrtps_cpp.hpp\n'}
[1.009577] (px4_msgs) StdoutLine: {'line': b'-- Up-to-date: /home/mustardking/ws_sensor_combined/install/px4_msgs/include/px4_msgs/px4_msgs/msg/detail/rover_speed_status__rosidl_typesupport_fastrtps_cpp.hpp\n'}
[1.009630] (px4_msgs) StdoutLine: {'line': b'-- Up-to-date: /home/mustardking/ws_sensor_combined/install/px4_msgs/include/px4_msgs/px4_msgs/msg/detail/trajectory_setpoint__rosidl_typesupport_fastrtps_cpp.hpp\n'}
[1.009655] (px4_msgs) StdoutLine: {'line': b'-- Up-to-date: /home/mustardking/ws_sensor_combined/install/px4_msgs/include/px4_msgs/px4_msgs/msg/detail/action_request__rosidl_typesupport_fastrtps_cpp.hpp\n'}
[1.009687] (px4_msgs) StdoutLine: {'line': b'-- Up-to-date: /home/mustardking/ws_sensor_combined/install/px4_msgs/include/px4_msgs/px4_msgs/msg/detail/longitudinal_control_configuration__rosidl_typesupport_fastrtps_cpp.hpp\n'}
[1.009716] (px4_msgs) StdoutLine: {'line': b'-- Up-to-date: /home/mustardking/ws_sensor_combined/install/px4_msgs/include/px4_msgs/px4_msgs/msg/detail/mount_orientation__rosidl_typesupport_fastrtps_cpp.hpp\n'}
[1.009742] (px4_msgs) StdoutLine: {'line': b'-- Up-to-date: /home/mustardking/ws_sensor_combined/install/px4_msgs/include/px4_msgs/px4_msgs/msg/detail/vehicle_status__rosidl_typesupport_fastrtps_cpp.hpp\n'}
[1.009792] (px4_msgs) StdoutLine: {'line': b'-- Up-to-date: /home/mustardking/ws_sensor_combined/install/px4_msgs/include/px4_msgs/px4_msgs/msg/detail/gimbal_device_information__rosidl_typesupport_fastrtps_cpp.hpp\n'}
[1.009820] (px4_msgs) StdoutLine: {'line': b'-- Up-to-date: /home/mustardking/ws_sensor_combined/install/px4_msgs/include/px4_msgs/px4_msgs/msg/detail/debug_value__rosidl_typesupport_fastrtps_cpp.hpp\n'}
[1.009850] (px4_msgs) StdoutLine: {'line': b'-- Up-to-date: /home/mustardking/ws_sensor_combined/install/px4_msgs/include/px4_msgs/px4_msgs/msg/detail/qshell_retval__rosidl_typesupport_fastrtps_cpp.hpp\n'}
[1.009875] (px4_msgs) StdoutLine: {'line': b'-- Up-to-date: /home/mustardking/ws_sensor_combined/install/px4_msgs/include/px4_msgs/px4_msgs/msg/detail/sensors_status__rosidl_typesupport_fastrtps_cpp.hpp\n'}
[1.009905] (px4_msgs) StdoutLine: {'line': b'-- Up-to-date: /home/mustardking/ws_sensor_combined/install/px4_msgs/include/px4_msgs/px4_msgs/msg/detail/led_control__rosidl_typesupport_fastrtps_cpp.hpp\n'}
[1.009958] (px4_msgs) StdoutLine: {'line': b'-- Up-to-date: /home/mustardking/ws_sensor_combined/install/px4_msgs/include/px4_msgs/px4_msgs/msg/detail/vehicle_attitude_setpoint__rosidl_typesupport_fastrtps_cpp.hpp\n'}
[1.009983] (px4_msgs) StdoutLine: {'line': b'-- Up-to-date: /home/mustardking/ws_sensor_combined/install/px4_msgs/include/px4_msgs/px4_msgs/msg/detail/px4io_status__rosidl_typesupport_fastrtps_cpp.hpp\n'}
[1.010013] (px4_msgs) StdoutLine: {'line': b'-- Up-to-date: /home/mustardking/ws_sensor_combined/install/px4_msgs/include/px4_msgs/px4_msgs/msg/detail/fuel_tank_status__rosidl_typesupport_fastrtps_cpp.hpp\n'}
[1.010054] (px4_msgs) StdoutLine: {'line': b'-- Up-to-date: /home/mustardking/ws_sensor_combined/install/px4_msgs/include/px4_msgs/px4_msgs/msg/detail/rc_parameter_map__rosidl_typesupport_fastrtps_cpp.hpp\n'}
[1.010102] (px4_msgs) StdoutLine: {'line': b'-- Up-to-date: /home/mustardking/ws_sensor_combined/install/px4_msgs/include/px4_msgs/px4_msgs/msg/detail/sensor_uwb__rosidl_typesupport_fastrtps_cpp.hpp\n'}
[1.010126] (px4_msgs) StdoutLine: {'line': b'-- Up-to-date: /home/mustardking/ws_sensor_combined/install/px4_msgs/include/px4_msgs/px4_msgs/msg/detail/failure_detector_status__rosidl_typesupport_fastrtps_cpp.hpp\n'}
[1.010149] (px4_msgs) StdoutLine: {'line': b'-- Up-to-date: /home/mustardking/ws_sensor_combined/install/px4_msgs/include/px4_msgs/px4_msgs/msg/detail/landing_target_pose__rosidl_typesupport_fastrtps_cpp.hpp\n'}
[1.010187] (px4_msgs) StdoutLine: {'line': b'-- Up-to-date: /home/mustardking/ws_sensor_combined/install/px4_msgs/include/px4_msgs/px4_msgs/msg/detail/debug_array__rosidl_typesupport_fastrtps_cpp.hpp\n'}
[1.010211] (px4_msgs) StdoutLine: {'line': b'-- Up-to-date: /home/mustardking/ws_sensor_combined/install/px4_msgs/include/px4_msgs/px4_msgs/msg/detail/velocity_limits__rosidl_typesupport_fastrtps_cpp.hpp\n'}
[1.010241] (px4_msgs) StdoutLine: {'line': b'-- Up-to-date: /home/mustardking/ws_sensor_combined/install/px4_msgs/include/px4_msgs/px4_msgs/msg/detail/vehicle_magnetometer__rosidl_typesupport_fastrtps_cpp.hpp\n'}
[1.010286] (px4_msgs) StdoutLine: {'line': b'-- Up-to-date: /home/mustardking/ws_sensor_combined/install/px4_msgs/include/px4_msgs/px4_msgs/msg/detail/airspeed_validated__rosidl_typesupport_fastrtps_cpp.hpp\n'}
[1.010310] (px4_msgs) StdoutLine: {'line': b'-- Up-to-date: /home/mustardking/ws_sensor_combined/install/px4_msgs/include/px4_msgs/px4_msgs/msg/detail/vehicle_local_position_setpoint__rosidl_typesupport_fastrtps_cpp.hpp\n'}
[1.010332] (px4_msgs) StdoutLine: {'line': b'-- Up-to-date: /home/mustardking/ws_sensor_combined/install/px4_msgs/include/px4_msgs/px4_msgs/msg/detail/vehicle_air_data__rosidl_typesupport_fastrtps_cpp.hpp\n'}
[1.010354] (px4_msgs) StdoutLine: {'line': b'-- Up-to-date: /home/mustardking/ws_sensor_combined/install/px4_msgs/include/px4_msgs/px4_msgs/msg/detail/autotune_attitude_control_status__rosidl_typesupport_fastrtps_cpp.hpp\n'}
[1.010376] (px4_msgs) StdoutLine: {'line': b'-- Up-to-date: /home/mustardking/ws_sensor_combined/install/px4_msgs/include/px4_msgs/px4_msgs/msg/detail/estimator_status_flags__rosidl_typesupport_fastrtps_cpp.hpp\n'}
[1.010419] (px4_msgs) StdoutLine: {'line': b'-- Up-to-date: /home/mustardking/ws_sensor_combined/install/px4_msgs/include/px4_msgs/px4_msgs/msg/detail/battery_status__rosidl_typesupport_fastrtps_cpp.hpp\n'}
[1.010441] (px4_msgs) StdoutLine: {'line': b'-- Up-to-date: /home/mustardking/ws_sensor_combined/install/px4_msgs/include/px4_msgs/px4_msgs/msg/detail/vehicle_torque_setpoint__rosidl_typesupport_fastrtps_cpp.hpp\n'}
[1.010463] (px4_msgs) StdoutLine: {'line': b'-- Up-to-date: /home/mustardking/ws_sensor_combined/install/px4_msgs/include/px4_msgs/px4_msgs/msg/detail/failsafe_flags__rosidl_typesupport_fastrtps_cpp.hpp\n'}
[1.010485] (px4_msgs) StdoutLine: {'line': b'-- Up-to-date: /home/mustardking/ws_sensor_combined/install/px4_msgs/include/px4_msgs/px4_msgs/msg/detail/gpio_config__rosidl_typesupport_fastrtps_cpp.hpp\n'}
[1.010508] (px4_msgs) StdoutLine: {'line': b'-- Up-to-date: /home/mustardking/ws_sensor_combined/install/px4_msgs/include/px4_msgs/px4_msgs/msg/detail/actuator_outputs__rosidl_typesupport_fastrtps_cpp.hpp\n'}
[1.010530] (px4_msgs) StdoutLine: {'line': b'-- Up-to-date: /home/mustardking/ws_sensor_combined/install/px4_msgs/include/px4_msgs/px4_msgs/msg/detail/esc_status__rosidl_typesupport_fastrtps_cpp.hpp\n'}
[1.010580] (px4_msgs) StdoutLine: {'line': b'-- Up-to-date: /home/mustardking/ws_sensor_combined/install/px4_msgs/include/px4_msgs/px4_msgs/msg/detail/radio_status__rosidl_typesupport_fastrtps_cpp.hpp\n'}
[1.010608] (px4_msgs) StdoutLine: {'line': b'-- Up-to-date: /home/mustardking/ws_sensor_combined/install/px4_msgs/include/px4_msgs/px4_msgs/msg/detail/vehicle_odometry__rosidl_typesupport_fastrtps_cpp.hpp\n'}
[1.010630] (px4_msgs) StdoutLine: {'line': b'-- Up-to-date: /home/mustardking/ws_sensor_combined/install/px4_msgs/include/px4_msgs/px4_msgs/msg/detail/sensor_gnss_relative__rosidl_typesupport_fastrtps_cpp.hpp\n'}
[1.010653] (px4_msgs) StdoutLine: {'line': b'-- Up-to-date: /home/mustardking/ws_sensor_combined/install/px4_msgs/include/px4_msgs/px4_msgs/msg/detail/actuator_motors__rosidl_typesupport_fastrtps_cpp.hpp\n'}
[1.010688] (px4_msgs) StdoutLine: {'line': b'-- Up-to-date: /home/mustardking/ws_sensor_combined/install/px4_msgs/include/px4_msgs/px4_msgs/msg/detail/sensor_mag__rosidl_typesupport_fastrtps_cpp.hpp\n'}
[1.010720] (px4_msgs) StdoutLine: {'line': b'-- Up-to-date: /home/mustardking/ws_sensor_combined/install/px4_msgs/lib/libpx4_msgs__rosidl_typesupport_fastrtps_cpp.so\n'}
[1.010743] (px4_msgs) StdoutLine: {'line': b'-- Up-to-date: /home/mustardking/ws_sensor_combined/install/px4_msgs/include/px4_msgs/px4_msgs\n'}
[1.010765] (px4_msgs) StdoutLine: {'line': b'-- Up-to-date: /home/mustardking/ws_sensor_combined/install/px4_msgs/include/px4_msgs/px4_msgs/srv\n'}
[1.010787] (px4_msgs) StdoutLine: {'line': b'-- Up-to-date: /home/mustardking/ws_sensor_combined/install/px4_msgs/include/px4_msgs/px4_msgs/srv/detail\n'}
[1.010809] (px4_msgs) StdoutLine: {'line': b'-- Up-to-date: /home/mustardking/ws_sensor_combined/install/px4_msgs/include/px4_msgs/px4_msgs/srv/detail/vehicle_command__rosidl_typesupport_introspection_c.h\n'}
[1.010831] (px4_msgs) StdoutLine: {'line': b'-- Up-to-date: /home/mustardking/ws_sensor_combined/install/px4_msgs/include/px4_msgs/px4_msgs/srv/detail/vehicle_command__type_support.c\n'}
[1.010996] (px4_msgs) StdoutLine: {'line': b'-- Up-to-date: /home/mustardking/ws_sensor_combined/install/px4_msgs/include/px4_msgs/px4_msgs/msg\n'}
[1.011019] (px4_msgs) StdoutLine: {'line': b'-- Up-to-date: /home/mustardking/ws_sensor_combined/install/px4_msgs/include/px4_msgs/px4_msgs/msg/rosidl_typesupport_introspection_c__visibility_control.h\n'}
[1.011041] (px4_msgs) StdoutLine: {'line': b'-- Up-to-date: /home/mustardking/ws_sensor_combined/install/px4_msgs/include/px4_msgs/px4_msgs/msg/detail\n'}
[1.011064] (px4_msgs) StdoutLine: {'line': b'-- Up-to-date: /home/mustardking/ws_sensor_combined/install/px4_msgs/include/px4_msgs/px4_msgs/msg/detail/mavlink_log__type_support.c\n'}
[1.011088] (px4_msgs) StdoutLine: {'line': b'-- Up-to-date: /home/mustardking/ws_sensor_combined/install/px4_msgs/include/px4_msgs/px4_msgs/msg/detail/position_setpoint_triplet__rosidl_typesupport_introspection_c.h\n'}
[1.011123] (px4_msgs) StdoutLine: {'line': b'-- Up-to-date: /home/mustardking/ws_sensor_combined/install/px4_msgs/include/px4_msgs/px4_msgs/msg/detail/normalized_unsigned_setpoint__type_support.c\n'}
[1.011153] (px4_msgs) StdoutLine: {'line': b'-- Up-to-date: /home/mustardking/ws_sensor_combined/install/px4_msgs/include/px4_msgs/px4_msgs/msg/detail/transponder_report__type_support.c\n'}
[1.011175] (px4_msgs) StdoutLine: {'line': b'-- Up-to-date: /home/mustardking/ws_sensor_combined/install/px4_msgs/include/px4_msgs/px4_msgs/msg/detail/register_ext_component_request__type_support.c\n'}
[1.011197] (px4_msgs) StdoutLine: {'line': b'-- Up-to-date: /home/mustardking/ws_sensor_combined/install/px4_msgs/include/px4_msgs/px4_msgs/msg/detail/irlock_report__type_support.c\n'}
[1.011219] (px4_msgs) StdoutLine: {'line': b'-- Up-to-date: /home/mustardking/ws_sensor_combined/install/px4_msgs/include/px4_msgs/px4_msgs/msg/detail/orb_test_large__rosidl_typesupport_introspection_c.h\n'}
[1.011257] (px4_msgs) StdoutLine: {'line': b'-- Up-to-date: /home/mustardking/ws_sensor_combined/install/px4_msgs/include/px4_msgs/px4_msgs/msg/detail/gimbal_controls__type_support.c\n'}
[1.011279] (px4_msgs) StdoutLine: {'line': b'-- Up-to-date: /home/mustardking/ws_sensor_combined/install/px4_msgs/include/px4_msgs/px4_msgs/msg/detail/airspeed__rosidl_typesupport_introspection_c.h\n'}
[1.011302] (px4_msgs) StdoutLine: {'line': b'-- Up-to-date: /home/mustardking/ws_sensor_combined/install/px4_msgs/include/px4_msgs/px4_msgs/msg/detail/internal_combustion_engine_status__rosidl_typesupport_introspection_c.h\n'}
[1.011324] (px4_msgs) StdoutLine: {'line': b'-- Up-to-date: /home/mustardking/ws_sensor_combined/install/px4_msgs/include/px4_msgs/px4_msgs/msg/detail/landing_target_pose__type_support.c\n'}
[1.011346] (px4_msgs) StdoutLine: {'line': b'-- Up-to-date: /home/mustardking/ws_sensor_combined/install/px4_msgs/include/px4_msgs/px4_msgs/msg/detail/fixed_wing_lateral_status__type_support.c\n'}
[1.011368] (px4_msgs) StdoutLine: {'line': b'-- Up-to-date: /home/mustardking/ws_sensor_combined/install/px4_msgs/include/px4_msgs/px4_msgs/msg/detail/config_overrides__type_support.c\n'}
[1.011392] (px4_msgs) StdoutLine: {'line': b'-- Up-to-date: /home/mustardking/ws_sensor_combined/install/px4_msgs/include/px4_msgs/px4_msgs/msg/detail/camera_trigger__type_support.c\n'}
[1.011447] (px4_msgs) StdoutLine: {'line': b'-- Up-to-date: /home/mustardking/ws_sensor_combined/install/px4_msgs/include/px4_msgs/px4_msgs/msg/detail/camera_capture__type_support.c\n'}
[1.011474] (px4_msgs) StdoutLine: {'line': b'-- Up-to-date: /home/mustardking/ws_sensor_combined/install/px4_msgs/include/px4_msgs/px4_msgs/msg/detail/magnetometer_bias_estimate__type_support.c\n'}
[1.011497] (px4_msgs) StdoutLine: {'line': b'-- Up-to-date: /home/mustardking/ws_sensor_combined/install/px4_msgs/include/px4_msgs/px4_msgs/msg/detail/vehicle_command__rosidl_typesupport_introspection_c.h\n'}
[1.011519] (px4_msgs) StdoutLine: {'line': b'-- Up-to-date: /home/mustardking/ws_sensor_combined/install/px4_msgs/include/px4_msgs/px4_msgs/msg/detail/sensors_status__rosidl_typesupport_introspection_c.h\n'}
[1.011563] (px4_msgs) StdoutLine: {'line': b'-- Up-to-date: /home/mustardking/ws_sensor_combined/install/px4_msgs/include/px4_msgs/px4_msgs/msg/detail/battery_info__type_support.c\n'}
[1.011585] (px4_msgs) StdoutLine: {'line': b'-- Up-to-date: /home/mustardking/ws_sensor_combined/install/px4_msgs/include/px4_msgs/px4_msgs/msg/detail/vehicle_imu_status__rosidl_typesupport_introspection_c.h\n'}
[1.011607] (px4_msgs) StdoutLine: {'line': b'-- Up-to-date: /home/mustardking/ws_sensor_combined/install/px4_msgs/include/px4_msgs/px4_msgs/msg/detail/estimator_gps_status__rosidl_typesupport_introspection_c.h\n'}
[1.011629] (px4_msgs) StdoutLine: {'line': b'-- Up-to-date: /home/mustardking/ws_sensor_combined/install/px4_msgs/include/px4_msgs/px4_msgs/msg/detail/uavcan_parameter_request__type_support.c\n'}
[1.011651] (px4_msgs) StdoutLine: {'line': b'-- Up-to-date: /home/mustardking/ws_sensor_combined/install/px4_msgs/include/px4_msgs/px4_msgs/msg/detail/landing_target_innovations__rosidl_typesupport_introspection_c.h\n'}
[1.011673] (px4_msgs) StdoutLine: {'line': b'-- Up-to-date: /home/mustardking/ws_sensor_combined/install/px4_msgs/include/px4_msgs/px4_msgs/msg/detail/estimator_aid_source1d__rosidl_typesupport_introspection_c.h\n'}
[1.011745] (px4_msgs) StdoutLine: {'line': b'-- Up-to-date: /home/mustardking/ws_sensor_combined/install/px4_msgs/include/px4_msgs/px4_msgs/msg/detail/estimator_innovations__rosidl_typesupport_introspection_c.h\n'}
[1.011768] (px4_msgs) StdoutLine: {'line': b'-- Up-to-date: /home/mustardking/ws_sensor_combined/install/px4_msgs/include/px4_msgs/px4_msgs/msg/detail/dataman_request__type_support.c\n'}
[1.011790] (px4_msgs) StdoutLine: {'line': b'-- Up-to-date: /home/mustardking/ws_sensor_combined/install/px4_msgs/include/px4_msgs/px4_msgs/msg/detail/parameter_set_value_request__type_support.c\n'}
[1.011814] (px4_msgs) StdoutLine: {'line': b'-- Up-to-date: /home/mustardking/ws_sensor_combined/install/px4_msgs/include/px4_msgs/px4_msgs/msg/detail/unregister_ext_component__rosidl_typesupport_introspection_c.h\n'}
[1.011856] (px4_msgs) StdoutLine: {'line': b'-- Up-to-date: /home/mustardking/ws_sensor_combined/install/px4_msgs/include/px4_msgs/px4_msgs/msg/detail/position_controller_status__type_support.c\n'}
[1.011878] (px4_msgs) StdoutLine: {'line': b'-- Up-to-date: /home/mustardking/ws_sensor_combined/install/px4_msgs/include/px4_msgs/px4_msgs/msg/detail/gimbal_manager_status__type_support.c\n'}
[1.011900] (px4_msgs) StdoutLine: {'line': b'-- Up-to-date: /home/mustardking/ws_sensor_combined/install/px4_msgs/include/px4_msgs/px4_msgs/msg/detail/fuel_tank_status__rosidl_typesupport_introspection_c.h\n'}
[1.011922] (px4_msgs) StdoutLine: {'line': b'-- Up-to-date: /home/mustardking/ws_sensor_combined/install/px4_msgs/include/px4_msgs/px4_msgs/msg/detail/vehicle_imu__type_support.c\n'}
[1.011944] (px4_msgs) StdoutLine: {'line': b'-- Up-to-date: /home/mustardking/ws_sensor_combined/install/px4_msgs/include/px4_msgs/px4_msgs/msg/detail/sensor_gps__type_support.c\n'}
[1.011966] (px4_msgs) StdoutLine: {'line': b'-- Up-to-date: /home/mustardking/ws_sensor_combined/install/px4_msgs/include/px4_msgs/px4_msgs/msg/detail/mavlink_tunnel__type_support.c\n'}
[1.012007] (px4_msgs) StdoutLine: {'line': b'-- Up-to-date: /home/mustardking/ws_sensor_combined/install/px4_msgs/include/px4_msgs/px4_msgs/msg/detail/gimbal_manager_set_attitude__rosidl_typesupport_introspection_c.h\n'}
[1.012031] (px4_msgs) StdoutLine: {'line': b'-- Up-to-date: /home/mustardking/ws_sensor_combined/install/px4_msgs/include/px4_msgs/px4_msgs/msg/detail/failsafe_flags__type_support.c\n'}
[1.012052] (px4_msgs) StdoutLine: {'line': b'-- Up-to-date: /home/mustardking/ws_sensor_combined/install/px4_msgs/include/px4_msgs/px4_msgs/msg/detail/manual_control_switches__rosidl_typesupport_introspection_c.h\n'}
[1.012074] (px4_msgs) StdoutLine: {'line': b'-- Up-to-date: /home/mustardking/ws_sensor_combined/install/px4_msgs/include/px4_msgs/px4_msgs/msg/detail/estimator_bias3d__type_support.c\n'}
[1.012096] (px4_msgs) StdoutLine: {'line': b'-- Up-to-date: /home/mustardking/ws_sensor_combined/install/px4_msgs/include/px4_msgs/px4_msgs/msg/detail/vehicle_command_ack__type_support.c\n'}
[1.012137] (px4_msgs) StdoutLine: {'line': b'-- Up-to-date: /home/mustardking/ws_sensor_combined/install/px4_msgs/include/px4_msgs/px4_msgs/msg/detail/rover_speed_status__type_support.c\n'}
[1.012160] (px4_msgs) StdoutLine: {'line': b'-- Up-to-date: /home/mustardking/ws_sensor_combined/install/px4_msgs/include/px4_msgs/px4_msgs/msg/detail/iridiumsbd_status__rosidl_typesupport_introspection_c.h\n'}
[1.012182] (px4_msgs) StdoutLine: {'line': b'-- Up-to-date: /home/mustardking/ws_sensor_combined/install/px4_msgs/include/px4_msgs/px4_msgs/msg/detail/estimator_aid_source2d__type_support.c\n'}
[1.012207] (px4_msgs) StdoutLine: {'line': b'-- Up-to-date: /home/mustardking/ws_sensor_combined/install/px4_msgs/include/px4_msgs/px4_msgs/msg/detail/sensor_airflow__type_support.c\n'}
[1.012229] (px4_msgs) StdoutLine: {'line': b'-- Up-to-date: /home/mustardking/ws_sensor_combined/install/px4_msgs/include/px4_msgs/px4_msgs/msg/detail/input_rc__type_support.c\n'}
[1.012251] (px4_msgs) StdoutLine: {'line': b'-- Up-to-date: /home/mustardking/ws_sensor_combined/install/px4_msgs/include/px4_msgs/px4_msgs/msg/detail/position_setpoint__rosidl_typesupport_introspection_c.h\n'}
[1.012296] (px4_msgs) StdoutLine: {'line': b'-- Up-to-date: /home/mustardking/ws_sensor_combined/install/px4_msgs/include/px4_msgs/px4_msgs/msg/detail/actuator_controls_status__type_support.c\n'}
[1.012318] (px4_msgs) StdoutLine: {'line': b'-- Up-to-date: /home/mustardking/ws_sensor_combined/install/px4_msgs/include/px4_msgs/px4_msgs/msg/detail/gimbal_manager_set_attitude__type_support.c\n'}
[1.012340] (px4_msgs) StdoutLine: {'line': b'-- Up-to-date: /home/mustardking/ws_sensor_combined/install/px4_msgs/include/px4_msgs/px4_msgs/msg/detail/satellite_info__rosidl_typesupport_introspection_c.h\n'}
[1.012363] (px4_msgs) StdoutLine: {'line': b'-- Up-to-date: /home/mustardking/ws_sensor_combined/install/px4_msgs/include/px4_msgs/px4_msgs/msg/detail/navigator_mission_item__type_support.c\n'}
[1.012385] (px4_msgs) StdoutLine: {'line': b'-- Up-to-date: /home/mustardking/ws_sensor_combined/install/px4_msgs/include/px4_msgs/px4_msgs/msg/detail/log_message__type_support.c\n'}
[1.012429] (px4_msgs) StdoutLine: {'line': b'-- Up-to-date: /home/mustardking/ws_sensor_combined/install/px4_msgs/include/px4_msgs/px4_msgs/msg/detail/gimbal_manager_status__rosidl_typesupport_introspection_c.h\n'}
[1.012452] (px4_msgs) StdoutLine: {'line': b'-- Up-to-date: /home/mustardking/ws_sensor_combined/install/px4_msgs/include/px4_msgs/px4_msgs/msg/detail/follow_target_status__rosidl_typesupport_introspection_c.h\n'}
[1.012484] (px4_msgs) StdoutLine: {'line': b'-- Up-to-date: /home/mustardking/ws_sensor_combined/install/px4_msgs/include/px4_msgs/px4_msgs/msg/detail/sensor_preflight_mag__rosidl_typesupport_introspection_c.h\n'}
[1.012509] (px4_msgs) StdoutLine: {'line': b'-- Up-to-date: /home/mustardking/ws_sensor_combined/install/px4_msgs/include/px4_msgs/px4_msgs/msg/detail/estimator_bias3d__rosidl_typesupport_introspection_c.h\n'}
[1.012554] (px4_msgs) StdoutLine: {'line': b'-- Up-to-date: /home/mustardking/ws_sensor_combined/install/px4_msgs/include/px4_msgs/px4_msgs/msg/detail/action_request__type_support.c\n'}
[1.012577] (px4_msgs) StdoutLine: {'line': b'-- Up-to-date: /home/mustardking/ws_sensor_combined/install/px4_msgs/include/px4_msgs/px4_msgs/msg/detail/qshell_req__rosidl_typesupport_introspection_c.h\n'}
[1.012600] (px4_msgs) StdoutLine: {'line': b'-- Up-to-date: /home/mustardking/ws_sensor_combined/install/px4_msgs/include/px4_msgs/px4_msgs/msg/detail/autotune_attitude_control_status__type_support.c\n'}
[1.012623] (px4_msgs) StdoutLine: {'line': b'-- Up-to-date: /home/mustardking/ws_sensor_combined/install/px4_msgs/include/px4_msgs/px4_msgs/msg/detail/vehicle_land_detected__rosidl_typesupport_introspection_c.h\n'}
[1.012645] (px4_msgs) StdoutLine: {'line': b'-- Up-to-date: /home/mustardking/ws_sensor_combined/install/px4_msgs/include/px4_msgs/px4_msgs/msg/detail/timesync_status__type_support.c\n'}
[1.012667] (px4_msgs) StdoutLine: {'line': b'-- Up-to-date: /home/mustardking/ws_sensor_combined/install/px4_msgs/include/px4_msgs/px4_msgs/msg/detail/landing_target_innovations__type_support.c\n'}
[1.012689] (px4_msgs) StdoutLine: {'line': b'-- Up-to-date: /home/mustardking/ws_sensor_combined/install/px4_msgs/include/px4_msgs/px4_msgs/msg/detail/rover_position_setpoint__type_support.c\n'}
[1.012729] (px4_msgs) StdoutLine: {'line': b'-- Up-to-date: /home/mustardking/ws_sensor_combined/install/px4_msgs/include/px4_msgs/px4_msgs/msg/detail/open_drone_id_self_id__type_support.c\n'}
[1.012753] (px4_msgs) StdoutLine: {'line': b'-- Up-to-date: /home/mustardking/ws_sensor_combined/install/px4_msgs/include/px4_msgs/px4_msgs/msg/detail/sensor_accel__rosidl_typesupport_introspection_c.h\n'}
[1.012775] (px4_msgs) StdoutLine: {'line': b'-- Up-to-date: /home/mustardking/ws_sensor_combined/install/px4_msgs/include/px4_msgs/px4_msgs/msg/detail/task_stack_info__type_support.c\n'}
[1.012799] (px4_msgs) StdoutLine: {'line': b'-- Up-to-date: /home/mustardking/ws_sensor_combined/install/px4_msgs/include/px4_msgs/px4_msgs/msg/detail/debug_vect__rosidl_typesupport_introspection_c.h\n'}
[1.012821] (px4_msgs) StdoutLine: {'line': b'-- Up-to-date: /home/mustardking/ws_sensor_combined/install/px4_msgs/include/px4_msgs/px4_msgs/msg/detail/vehicle_global_position__type_support.c\n'}
[1.012893] (px4_msgs) StdoutLine: {'line': b'-- Up-to-date: /home/mustardking/ws_sensor_combined/install/px4_msgs/include/px4_msgs/px4_msgs/msg/detail/ulog_stream_ack__type_support.c\n'}
[1.012915] (px4_msgs) StdoutLine: {'line': b'-- Up-to-date: /home/mustardking/ws_sensor_combined/install/px4_msgs/include/px4_msgs/px4_msgs/msg/detail/arming_check_reply__type_support.c\n'}
[1.012937] (px4_msgs) StdoutLine: {'line': b'-- Up-to-date: /home/mustardking/ws_sensor_combined/install/px4_msgs/include/px4_msgs/px4_msgs/msg/detail/magnetometer_bias_estimate__rosidl_typesupport_introspection_c.h\n'}
[1.012960] (px4_msgs) StdoutLine: {'line': b'-- Up-to-date: /home/mustardking/ws_sensor_combined/install/px4_msgs/include/px4_msgs/px4_msgs/msg/detail/actuator_servos_trim__rosidl_typesupport_introspection_c.h\n'}
[1.012985] (px4_msgs) StdoutLine: {'line': b'-- Up-to-date: /home/mustardking/ws_sensor_combined/install/px4_msgs/include/px4_msgs/px4_msgs/msg/detail/sensor_correction__rosidl_typesupport_introspection_c.h\n'}
[1.013007] (px4_msgs) StdoutLine: {'line': b'-- Up-to-date: /home/mustardking/ws_sensor_combined/install/px4_msgs/include/px4_msgs/px4_msgs/msg/detail/rtl_status__rosidl_typesupport_introspection_c.h\n'}
[1.013061] (px4_msgs) StdoutLine: {'line': b'-- Up-to-date: /home/mustardking/ws_sensor_combined/install/px4_msgs/include/px4_msgs/px4_msgs/msg/detail/gimbal_manager_information__rosidl_typesupport_introspection_c.h\n'}
[1.013092] (px4_msgs) StdoutLine: {'line': b'-- Up-to-date: /home/mustardking/ws_sensor_combined/install/px4_msgs/include/px4_msgs/px4_msgs/msg/detail/power_button_state__type_support.c\n'}
[1.013113] (px4_msgs) StdoutLine: {'line': b'-- Up-to-date: /home/mustardking/ws_sensor_combined/install/px4_msgs/include/px4_msgs/px4_msgs/msg/detail/rover_position_setpoint__rosidl_typesupport_introspection_c.h\n'}
[1.013138] (px4_msgs) StdoutLine: {'line': b'-- Up-to-date: /home/mustardking/ws_sensor_combined/install/px4_msgs/include/px4_msgs/px4_msgs/msg/detail/actuator_armed__rosidl_typesupport_introspection_c.h\n'}
[1.013160] (px4_msgs) StdoutLine: {'line': b'-- Up-to-date: /home/mustardking/ws_sensor_combined/install/px4_msgs/include/px4_msgs/px4_msgs/msg/detail/navigator_status__type_support.c\n'}
[1.013182] (px4_msgs) StdoutLine: {'line': b'-- Up-to-date: /home/mustardking/ws_sensor_combined/install/px4_msgs/include/px4_msgs/px4_msgs/msg/detail/wind__type_support.c\n'}
[1.013205] (px4_msgs) StdoutLine: {'line': b'-- Up-to-date: /home/mustardking/ws_sensor_combined/install/px4_msgs/include/px4_msgs/px4_msgs/msg/detail/neural_control__type_support.c\n'}
[1.013263] (px4_msgs) StdoutLine: {'line': b'-- Up-to-date: /home/mustardking/ws_sensor_combined/install/px4_msgs/include/px4_msgs/px4_msgs/msg/detail/radio_status__rosidl_typesupport_introspection_c.h\n'}
[1.013289] (px4_msgs) StdoutLine: {'line': b'-- Up-to-date: /home/mustardking/ws_sensor_combined/install/px4_msgs/include/px4_msgs/px4_msgs/msg/detail/sensor_gnss_status__rosidl_typesupport_introspection_c.h\n'}
[1.013312] (px4_msgs) StdoutLine: {'line': b'-- Up-to-date: /home/mustardking/ws_sensor_combined/install/px4_msgs/include/px4_msgs/px4_msgs/msg/detail/rover_throttle_setpoint__rosidl_typesupport_introspection_c.h\n'}
[1.013335] (px4_msgs) StdoutLine: {'line': b'-- Up-to-date: /home/mustardking/ws_sensor_combined/install/px4_msgs/include/px4_msgs/px4_msgs/msg/detail/orb_test__rosidl_typesupport_introspection_c.h\n'}
[1.013404] (px4_msgs) StdoutLine: {'line': b'-- Up-to-date: /home/mustardking/ws_sensor_combined/install/px4_msgs/include/px4_msgs/px4_msgs/msg/detail/estimator_event_flags__rosidl_typesupport_introspection_c.h\n'}
[1.013435] (px4_msgs) StdoutLine: {'line': b'-- Up-to-date: /home/mustardking/ws_sensor_combined/install/px4_msgs/include/px4_msgs/px4_msgs/msg/detail/parameter_reset_request__rosidl_typesupport_introspection_c.h\n'}
[1.013488] (px4_msgs) StdoutLine: {'line': b'-- Up-to-date: /home/mustardking/ws_sensor_combined/install/px4_msgs/include/px4_msgs/px4_msgs/msg/detail/fixed_wing_lateral_status__rosidl_typesupport_introspection_c.h\n'}
[1.013513] (px4_msgs) StdoutLine: {'line': b'-- Up-to-date: /home/mustardking/ws_sensor_combined/install/px4_msgs/include/px4_msgs/px4_msgs/msg/detail/follow_target_status__type_support.c\n'}
[1.013576] (px4_msgs) StdoutLine: {'line': b'-- Up-to-date: /home/mustardking/ws_sensor_combined/install/px4_msgs/include/px4_msgs/px4_msgs/msg/detail/logger_status__type_support.c\n'}
[1.013604] (px4_msgs) StdoutLine: {'line': b'-- Up-to-date: /home/mustardking/ws_sensor_combined/install/px4_msgs/include/px4_msgs/px4_msgs/msg/detail/position_setpoint__type_support.c\n'}
[1.013628] (px4_msgs) StdoutLine: {'line': b'-- Up-to-date: /home/mustardking/ws_sensor_combined/install/px4_msgs/include/px4_msgs/px4_msgs/msg/detail/logger_status__rosidl_typesupport_introspection_c.h\n'}
[1.013662] (px4_msgs) StdoutLine: {'line': b'-- Up-to-date: /home/mustardking/ws_sensor_combined/install/px4_msgs/include/px4_msgs/px4_msgs/msg/detail/follow_target__type_support.c\n'}
[1.013702] (px4_msgs) StdoutLine: {'line': b'-- Up-to-date: /home/mustardking/ws_sensor_combined/install/px4_msgs/include/px4_msgs/px4_msgs/msg/detail/manual_control_setpoint__rosidl_typesupport_introspection_c.h\n'}
[1.013726] (px4_msgs) StdoutLine: {'line': b'-- Up-to-date: /home/mustardking/ws_sensor_combined/install/px4_msgs/include/px4_msgs/px4_msgs/msg/detail/gimbal_device_information__type_support.c\n'}
[1.013750] (px4_msgs) StdoutLine: {'line': b'-- Up-to-date: /home/mustardking/ws_sensor_combined/install/px4_msgs/include/px4_msgs/px4_msgs/msg/detail/parameter_update__type_support.c\n'}
[1.013773] (px4_msgs) StdoutLine: {'line': b'-- Up-to-date: /home/mustardking/ws_sensor_combined/install/px4_msgs/include/px4_msgs/px4_msgs/msg/detail/open_drone_id_system__rosidl_typesupport_introspection_c.h\n'}
[1.013805] (px4_msgs) StdoutLine: {'line': b'-- Up-to-date: /home/mustardking/ws_sensor_combined/install/px4_msgs/include/px4_msgs/px4_msgs/msg/detail/vehicle_attitude_setpoint__type_support.c\n'}
[1.013836] (px4_msgs) StdoutLine: {'line': b'-- Up-to-date: /home/mustardking/ws_sensor_combined/install/px4_msgs/include/px4_msgs/px4_msgs/msg/detail/unregister_ext_component__type_support.c\n'}
[1.013883] (px4_msgs) StdoutLine: {'line': b'-- Up-to-date: /home/mustardking/ws_sensor_combined/install/px4_msgs/include/px4_msgs/px4_msgs/msg/detail/airspeed_validated__type_support.c\n'}
[1.013906] (px4_msgs) StdoutLine: {'line': b'-- Up-to-date: /home/mustardking/ws_sensor_combined/install/px4_msgs/include/px4_msgs/px4_msgs/msg/detail/fixed_wing_longitudinal_setpoint__type_support.c\n'}
[1.013929] (px4_msgs) StdoutLine: {'line': b'-- Up-to-date: /home/mustardking/ws_sensor_combined/install/px4_msgs/include/px4_msgs/px4_msgs/msg/detail/rpm__rosidl_typesupport_introspection_c.h\n'}
[1.013951] (px4_msgs) StdoutLine: {'line': b'-- Up-to-date: /home/mustardking/ws_sensor_combined/install/px4_msgs/include/px4_msgs/px4_msgs/msg/detail/normalized_unsigned_setpoint__rosidl_typesupport_introspection_c.h\n'}
[1.013987] (px4_msgs) StdoutLine: {'line': b'-- Up-to-date: /home/mustardking/ws_sensor_combined/install/px4_msgs/include/px4_msgs/px4_msgs/msg/detail/autotune_attitude_control_status__rosidl_typesupport_introspection_c.h\n'}
[1.014019] (px4_msgs) StdoutLine: {'line': b'-- Up-to-date: /home/mustardking/ws_sensor_combined/install/px4_msgs/include/px4_msgs/px4_msgs/msg/detail/gripper__type_support.c\n'}
[1.014058] (px4_msgs) StdoutLine: {'line': b'-- Up-to-date: /home/mustardking/ws_sensor_combined/install/px4_msgs/include/px4_msgs/px4_msgs/msg/detail/vehicle_constraints__rosidl_typesupport_introspection_c.h\n'}
[1.014105] (px4_msgs) StdoutLine: {'line': b'-- Up-to-date: /home/mustardking/ws_sensor_combined/install/px4_msgs/include/px4_msgs/px4_msgs/msg/detail/battery_info__rosidl_typesupport_introspection_c.h\n'}
[1.014128] (px4_msgs) StdoutLine: {'line': b'-- Up-to-date: /home/mustardking/ws_sensor_combined/install/px4_msgs/include/px4_msgs/px4_msgs/msg/detail/vehicle_roi__rosidl_typesupport_introspection_c.h\n'}
[1.014163] (px4_msgs) StdoutLine: {'line': b'-- Up-to-date: /home/mustardking/ws_sensor_combined/install/px4_msgs/include/px4_msgs/px4_msgs/msg/detail/mount_orientation__type_support.c\n'}
[1.014194] (-) TimerEvent: {}
[1.014260] (px4_msgs) StdoutLine: {'line': b'-- Up-to-date: /home/mustardking/ws_sensor_combined/install/px4_msgs/include/px4_msgs/px4_msgs/msg/detail/open_drone_id_operator_id__type_support.c\n'}
[1.014345] (px4_msgs) StdoutLine: {'line': b'-- Up-to-date: /home/mustardking/ws_sensor_combined/install/px4_msgs/include/px4_msgs/px4_msgs/msg/detail/ping__rosidl_typesupport_introspection_c.h\n'}
[1.014370] (px4_msgs) StdoutLine: {'line': b'-- Up-to-date: /home/mustardking/ws_sensor_combined/install/px4_msgs/include/px4_msgs/px4_msgs/msg/detail/figure_eight_status__type_support.c\n'}
[1.014393] (px4_msgs) StdoutLine: {'line': b'-- Up-to-date: /home/mustardking/ws_sensor_combined/install/px4_msgs/include/px4_msgs/px4_msgs/msg/detail/adc_report__rosidl_typesupport_introspection_c.h\n'}
[1.014415] (px4_msgs) StdoutLine: {'line': b'-- Up-to-date: /home/mustardking/ws_sensor_combined/install/px4_msgs/include/px4_msgs/px4_msgs/msg/detail/mode_completed__rosidl_typesupport_introspection_c.h\n'}
[1.014439] (px4_msgs) StdoutLine: {'line': b'-- Up-to-date: /home/mustardking/ws_sensor_combined/install/px4_msgs/include/px4_msgs/px4_msgs/msg/detail/button_event__type_support.c\n'}
[1.014461] (px4_msgs) StdoutLine: {'line': b'-- Up-to-date: /home/mustardking/ws_sensor_combined/install/px4_msgs/include/px4_msgs/px4_msgs/msg/detail/led_control__rosidl_typesupport_introspection_c.h\n'}
[1.014504] (px4_msgs) StdoutLine: {'line': b'-- Up-to-date: /home/mustardking/ws_sensor_combined/install/px4_msgs/include/px4_msgs/px4_msgs/msg/detail/lateral_control_configuration__type_support.c\n'}
[1.014529] (px4_msgs) StdoutLine: {'line': b'-- Up-to-date: /home/mustardking/ws_sensor_combined/install/px4_msgs/include/px4_msgs/px4_msgs/msg/detail/vehicle_optical_flow__type_support.c\n'}
[1.014551] (px4_msgs) StdoutLine: {'line': b'-- Up-to-date: /home/mustardking/ws_sensor_combined/install/px4_msgs/include/px4_msgs/px4_msgs/msg/detail/vehicle_angular_acceleration_setpoint__type_support.c\n'}
[1.014574] (px4_msgs) StdoutLine: {'line': b'-- Up-to-date: /home/mustardking/ws_sensor_combined/install/px4_msgs/include/px4_msgs/px4_msgs/msg/detail/airspeed_validated__rosidl_typesupport_introspection_c.h\n'}
[1.014609] (px4_msgs) StdoutLine: {'line': b'-- Up-to-date: /home/mustardking/ws_sensor_combined/install/px4_msgs/include/px4_msgs/px4_msgs/msg/detail/button_event__rosidl_typesupport_introspection_c.h\n'}
[1.014654] (px4_msgs) StdoutLine: {'line': b'-- Up-to-date: /home/mustardking/ws_sensor_combined/install/px4_msgs/include/px4_msgs/px4_msgs/msg/detail/timesync_status__rosidl_typesupport_introspection_c.h\n'}
[1.014677] (px4_msgs) StdoutLine: {'line': b'-- Up-to-date: /home/mustardking/ws_sensor_combined/install/px4_msgs/include/px4_msgs/px4_msgs/msg/detail/vehicle_land_detected__type_support.c\n'}
[1.014700] (px4_msgs) StdoutLine: {'line': b'-- Up-to-date: /home/mustardking/ws_sensor_combined/install/px4_msgs/include/px4_msgs/px4_msgs/msg/detail/mission__type_support.c\n'}
[1.014722] (px4_msgs) StdoutLine: {'line': b'-- Up-to-date: /home/mustardking/ws_sensor_combined/install/px4_msgs/include/px4_msgs/px4_msgs/msg/detail/power_button_state__rosidl_typesupport_introspection_c.h\n'}
[1.014748] (px4_msgs) StdoutLine: {'line': b'-- Up-to-date: /home/mustardking/ws_sensor_combined/install/px4_msgs/include/px4_msgs/px4_msgs/msg/detail/yaw_estimator_status__rosidl_typesupport_introspection_c.h\n'}
[1.014793] (px4_msgs) StdoutLine: {'line': b'-- Up-to-date: /home/mustardking/ws_sensor_combined/install/px4_msgs/include/px4_msgs/px4_msgs/msg/detail/actuator_test__type_support.c\n'}
[1.014816] (px4_msgs) StdoutLine: {'line': b'-- Up-to-date: /home/mustardking/ws_sensor_combined/install/px4_msgs/include/px4_msgs/px4_msgs/msg/detail/sensor_accel__type_support.c\n'}
[1.014838] (px4_msgs) StdoutLine: {'line': b'-- Up-to-date: /home/mustardking/ws_sensor_combined/install/px4_msgs/include/px4_msgs/px4_msgs/msg/detail/gpio_in__rosidl_typesupport_introspection_c.h\n'}
[1.014874] (px4_msgs) StdoutLine: {'line': b'-- Up-to-date: /home/mustardking/ws_sensor_combined/install/px4_msgs/include/px4_msgs/px4_msgs/msg/detail/vehicle_magnetometer__type_support.c\n'}
[1.014931] (px4_msgs) StdoutLine: {'line': b'-- Up-to-date: /home/mustardking/ws_sensor_combined/install/px4_msgs/include/px4_msgs/px4_msgs/msg/detail/rover_throttle_setpoint__type_support.c\n'}
[1.014955] (px4_msgs) StdoutLine: {'line': b'-- Up-to-date: /home/mustardking/ws_sensor_combined/install/px4_msgs/include/px4_msgs/px4_msgs/msg/detail/cpuload__type_support.c\n'}
[1.014978] (px4_msgs) StdoutLine: {'line': b'-- Up-to-date: /home/mustardking/ws_sensor_combined/install/px4_msgs/include/px4_msgs/px4_msgs/msg/detail/satellite_info__type_support.c\n'}
[1.015000] (px4_msgs) StdoutLine: {'line': b'-- Up-to-date: /home/mustardking/ws_sensor_combined/install/px4_msgs/include/px4_msgs/px4_msgs/msg/detail/vehicle_acceleration__rosidl_typesupport_introspection_c.h\n'}
[1.015023] (px4_msgs) StdoutLine: {'line': b'-- Up-to-date: /home/mustardking/ws_sensor_combined/install/px4_msgs/include/px4_msgs/px4_msgs/msg/detail/action_request__rosidl_typesupport_introspection_c.h\n'}
[1.015065] (px4_msgs) StdoutLine: {'line': b'-- Up-to-date: /home/mustardking/ws_sensor_combined/install/px4_msgs/include/px4_msgs/px4_msgs/msg/detail/input_rc__rosidl_typesupport_introspection_c.h\n'}
[1.015087] (px4_msgs) StdoutLine: {'line': b'-- Up-to-date: /home/mustardking/ws_sensor_combined/install/px4_msgs/include/px4_msgs/px4_msgs/msg/detail/register_ext_component_reply__rosidl_typesupport_introspection_c.h\n'}
[1.015110] (px4_msgs) StdoutLine: {'line': b'-- Up-to-date: /home/mustardking/ws_sensor_combined/install/px4_msgs/include/px4_msgs/px4_msgs/msg/detail/rate_ctrl_status__rosidl_typesupport_introspection_c.h\n'}
[1.015139] (px4_msgs) StdoutLine: {'line': b'-- Up-to-date: /home/mustardking/ws_sensor_combined/install/px4_msgs/include/px4_msgs/px4_msgs/msg/detail/parameter_set_value_response__type_support.c\n'}
[1.015189] (px4_msgs) StdoutLine: {'line': b'-- Up-to-date: /home/mustardking/ws_sensor_combined/install/px4_msgs/include/px4_msgs/px4_msgs/msg/detail/can_interface_status__type_support.c\n'}
[1.015212] (px4_msgs) StdoutLine: {'line': b'-- Up-to-date: /home/mustardking/ws_sensor_combined/install/px4_msgs/include/px4_msgs/px4_msgs/msg/detail/system_power__rosidl_typesupport_introspection_c.h\n'}
[1.015235] (px4_msgs) StdoutLine: {'line': b'-- Up-to-date: /home/mustardking/ws_sensor_combined/install/px4_msgs/include/px4_msgs/px4_msgs/msg/detail/message_format_response__rosidl_typesupport_introspection_c.h\n'}
[1.015257] (px4_msgs) StdoutLine: {'line': b'-- Up-to-date: /home/mustardking/ws_sensor_combined/install/px4_msgs/include/px4_msgs/px4_msgs/msg/detail/internal_combustion_engine_status__type_support.c\n'}
[1.015280] (px4_msgs) StdoutLine: {'line': b'-- Up-to-date: /home/mustardking/ws_sensor_combined/install/px4_msgs/include/px4_msgs/px4_msgs/msg/detail/rover_attitude_setpoint__type_support.c\n'}
[1.015302] (px4_msgs) StdoutLine: {'line': b'-- Up-to-date: /home/mustardking/ws_sensor_combined/install/px4_msgs/include/px4_msgs/px4_msgs/msg/detail/estimator_event_flags__type_support.c\n'}
[1.015324] (px4_msgs) StdoutLine: {'line': b'-- Up-to-date: /home/mustardking/ws_sensor_combined/install/px4_msgs/include/px4_msgs/px4_msgs/msg/detail/register_ext_component_reply__type_support.c\n'}
[1.015379] (px4_msgs) StdoutLine: {'line': b'-- Up-to-date: /home/mustardking/ws_sensor_combined/install/px4_msgs/include/px4_msgs/px4_msgs/msg/detail/fixed_wing_lateral_setpoint__type_support.c\n'}
[1.015402] (px4_msgs) StdoutLine: {'line': b'-- Up-to-date: /home/mustardking/ws_sensor_combined/install/px4_msgs/include/px4_msgs/px4_msgs/msg/detail/gps_dump__rosidl_typesupport_introspection_c.h\n'}
[1.015424] (px4_msgs) StdoutLine: {'line': b'-- Up-to-date: /home/mustardking/ws_sensor_combined/install/px4_msgs/include/px4_msgs/px4_msgs/msg/detail/mission_result__type_support.c\n'}
[1.015446] (px4_msgs) StdoutLine: {'line': b'-- Up-to-date: /home/mustardking/ws_sensor_combined/install/px4_msgs/include/px4_msgs/px4_msgs/msg/detail/vehicle_torque_setpoint__rosidl_typesupport_introspection_c.h\n'}
[1.015488] (px4_msgs) StdoutLine: {'line': b'-- Up-to-date: /home/mustardking/ws_sensor_combined/install/px4_msgs/include/px4_msgs/px4_msgs/msg/detail/trajectory_setpoint6dof__rosidl_typesupport_introspection_c.h\n'}
[1.015510] (px4_msgs) StdoutLine: {'line': b'-- Up-to-date: /home/mustardking/ws_sensor_combined/install/px4_msgs/include/px4_msgs/px4_msgs/msg/detail/parameter_reset_request__type_support.c\n'}
[1.015537] (px4_msgs) StdoutLine: {'line': b'-- Up-to-date: /home/mustardking/ws_sensor_combined/install/px4_msgs/include/px4_msgs/px4_msgs/msg/detail/velocity_limits__rosidl_typesupport_introspection_c.h\n'}
[1.015560] (px4_msgs) StdoutLine: {'line': b'-- Up-to-date: /home/mustardking/ws_sensor_combined/install/px4_msgs/include/px4_msgs/px4_msgs/msg/detail/gpio_request__rosidl_typesupport_introspection_c.h\n'}
[1.015583] (px4_msgs) StdoutLine: {'line': b'-- Up-to-date: /home/mustardking/ws_sensor_combined/install/px4_msgs/include/px4_msgs/px4_msgs/msg/detail/rc_channels__type_support.c\n'}
[1.015605] (px4_msgs) StdoutLine: {'line': b'-- Up-to-date: /home/mustardking/ws_sensor_combined/install/px4_msgs/include/px4_msgs/px4_msgs/msg/detail/qshell_retval__type_support.c\n'}
[1.015655] (px4_msgs) StdoutLine: {'line': b'-- Up-to-date: /home/mustardking/ws_sensor_combined/install/px4_msgs/include/px4_msgs/px4_msgs/msg/detail/vehicle_local_position_setpoint__type_support.c\n'}
[1.015678] (px4_msgs) StdoutLine: {'line': b'-- Up-to-date: /home/mustardking/ws_sensor_combined/install/px4_msgs/include/px4_msgs/px4_msgs/msg/detail/vehicle_rates_setpoint__rosidl_typesupport_introspection_c.h\n'}
[1.015703] (px4_msgs) StdoutLine: {'line': b'-- Up-to-date: /home/mustardking/ws_sensor_combined/install/px4_msgs/include/px4_msgs/px4_msgs/msg/detail/estimator_sensor_bias__rosidl_typesupport_introspection_c.h\n'}
[1.015725] (px4_msgs) StdoutLine: {'line': b'-- Up-to-date: /home/mustardking/ws_sensor_combined/install/px4_msgs/include/px4_msgs/px4_msgs/msg/detail/mount_orientation__rosidl_typesupport_introspection_c.h\n'}
[1.015762] (px4_msgs) StdoutLine: {'line': b'-- Up-to-date: /home/mustardking/ws_sensor_combined/install/px4_msgs/include/px4_msgs/px4_msgs/msg/detail/uavcan_parameter_value__type_support.c\n'}
[1.015785] (px4_msgs) StdoutLine: {'line': b'-- Up-to-date: /home/mustardking/ws_sensor_combined/install/px4_msgs/include/px4_msgs/px4_msgs/msg/detail/debug_key_value__rosidl_typesupport_introspection_c.h\n'}
[1.015816] (px4_msgs) StdoutLine: {'line': b'-- Up-to-date: /home/mustardking/ws_sensor_combined/install/px4_msgs/include/px4_msgs/px4_msgs/msg/detail/longitudinal_control_configuration__rosidl_typesupport_introspection_c.h\n'}
[1.015839] (px4_msgs) StdoutLine: {'line': b'-- Up-to-date: /home/mustardking/ws_sensor_combined/install/px4_msgs/include/px4_msgs/px4_msgs/msg/detail/esc_status__rosidl_typesupport_introspection_c.h\n'}
[1.015861] (px4_msgs) StdoutLine: {'line': b'-- Up-to-date: /home/mustardking/ws_sensor_combined/install/px4_msgs/include/px4_msgs/px4_msgs/msg/detail/estimator_sensor_bias__type_support.c\n'}
[1.015909] (px4_msgs) StdoutLine: {'line': b'-- Up-to-date: /home/mustardking/ws_sensor_combined/install/px4_msgs/include/px4_msgs/px4_msgs/msg/detail/landing_gear__rosidl_typesupport_introspection_c.h\n'}
[1.015931] (px4_msgs) StdoutLine: {'line': b'-- Up-to-date: /home/mustardking/ws_sensor_combined/install/px4_msgs/include/px4_msgs/px4_msgs/msg/detail/rover_speed_setpoint__type_support.c\n'}
[1.015954] (px4_msgs) StdoutLine: {'line': b'-- Up-to-date: /home/mustardking/ws_sensor_combined/install/px4_msgs/include/px4_msgs/px4_msgs/msg/detail/sensor_gnss_status__type_support.c\n'}
[1.015976] (px4_msgs) StdoutLine: {'line': b'-- Up-to-date: /home/mustardking/ws_sensor_combined/install/px4_msgs/include/px4_msgs/px4_msgs/msg/detail/sensor_baro__rosidl_typesupport_introspection_c.h\n'}
[1.016014] (px4_msgs) StdoutLine: {'line': b'-- Up-to-date: /home/mustardking/ws_sensor_combined/install/px4_msgs/include/px4_msgs/px4_msgs/msg/detail/flight_phase_estimation__rosidl_typesupport_introspection_c.h\n'}
[1.016050] (px4_msgs) StdoutLine: {'line': b'-- Up-to-date: /home/mustardking/ws_sensor_combined/install/px4_msgs/include/px4_msgs/px4_msgs/msg/detail/follow_target__rosidl_typesupport_introspection_c.h\n'}
[1.016072] (px4_msgs) StdoutLine: {'line': b'-- Up-to-date: /home/mustardking/ws_sensor_combined/install/px4_msgs/include/px4_msgs/px4_msgs/msg/detail/estimator_aid_source2d__rosidl_typesupport_introspection_c.h\n'}
[1.016095] (px4_msgs) StdoutLine: {'line': b'-- Up-to-date: /home/mustardking/ws_sensor_combined/install/px4_msgs/include/px4_msgs/px4_msgs/msg/detail/sensor_gyro__type_support.c\n'}
[1.016147] (px4_msgs) StdoutLine: {'line': b'-- Up-to-date: /home/mustardking/ws_sensor_combined/install/px4_msgs/include/px4_msgs/px4_msgs/msg/detail/position_controller_status__rosidl_typesupport_introspection_c.h\n'}
[1.016174] (px4_msgs) StdoutLine: {'line': b'-- Up-to-date: /home/mustardking/ws_sensor_combined/install/px4_msgs/include/px4_msgs/px4_msgs/msg/detail/manual_control_switches__type_support.c\n'}
[1.016196] (px4_msgs) StdoutLine: {'line': b'-- Up-to-date: /home/mustardking/ws_sensor_combined/install/px4_msgs/include/px4_msgs/px4_msgs/msg/detail/landing_gear_wheel__rosidl_typesupport_introspection_c.h\n'}
[1.016219] (px4_msgs) StdoutLine: {'line': b'-- Up-to-date: /home/mustardking/ws_sensor_combined/install/px4_msgs/include/px4_msgs/px4_msgs/msg/detail/pps_capture__rosidl_typesupport_introspection_c.h\n'}
[1.016241] (px4_msgs) StdoutLine: {'line': b'-- Up-to-date: /home/mustardking/ws_sensor_combined/install/px4_msgs/include/px4_msgs/px4_msgs/msg/detail/tune_control__type_support.c\n'}
[1.016308] (px4_msgs) StdoutLine: {'line': b'-- Up-to-date: /home/mustardking/ws_sensor_combined/install/px4_msgs/include/px4_msgs/px4_msgs/msg/detail/tecs_status__type_support.c\n'}
[1.016335] (px4_msgs) StdoutLine: {'line': b'-- Up-to-date: /home/mustardking/ws_sensor_combined/install/px4_msgs/include/px4_msgs/px4_msgs/msg/detail/parameter_update__rosidl_typesupport_introspection_c.h\n'}
[1.016357] (px4_msgs) StdoutLine: {'line': b'-- Up-to-date: /home/mustardking/ws_sensor_combined/install/px4_msgs/include/px4_msgs/px4_msgs/msg/detail/gps_inject_data__type_support.c\n'}
[1.016381] (px4_msgs) StdoutLine: {'line': b'-- Up-to-date: /home/mustardking/ws_sensor_combined/install/px4_msgs/include/px4_msgs/px4_msgs/msg/detail/qshell_req__type_support.c\n'}
[1.016403] (px4_msgs) StdoutLine: {'line': b'-- Up-to-date: /home/mustardking/ws_sensor_combined/install/px4_msgs/include/px4_msgs/px4_msgs/msg/detail/esc_status__type_support.c\n'}
[1.016445] (px4_msgs) StdoutLine: {'line': b'-- Up-to-date: /home/mustardking/ws_sensor_combined/install/px4_msgs/include/px4_msgs/px4_msgs/msg/detail/mavlink_tunnel__rosidl_typesupport_introspection_c.h\n'}
[1.016468] (px4_msgs) StdoutLine: {'line': b'-- Up-to-date: /home/mustardking/ws_sensor_combined/install/px4_msgs/include/px4_msgs/px4_msgs/msg/detail/estimator_bias__rosidl_typesupport_introspection_c.h\n'}
[1.016491] (px4_msgs) StdoutLine: {'line': b'-- Up-to-date: /home/mustardking/ws_sensor_combined/install/px4_msgs/include/px4_msgs/px4_msgs/msg/detail/geofence_status__rosidl_typesupport_introspection_c.h\n'}
[1.016514] (px4_msgs) StdoutLine: {'line': b'-- Up-to-date: /home/mustardking/ws_sensor_combined/install/px4_msgs/include/px4_msgs/px4_msgs/msg/detail/rc_parameter_map__rosidl_typesupport_introspection_c.h\n'}
[1.016536] (px4_msgs) StdoutLine: {'line': b'-- Up-to-date: /home/mustardking/ws_sensor_combined/install/px4_msgs/include/px4_msgs/px4_msgs/msg/detail/landing_gear_wheel__type_support.c\n'}
[1.016573] (px4_msgs) StdoutLine: {'line': b'-- Up-to-date: /home/mustardking/ws_sensor_combined/install/px4_msgs/include/px4_msgs/px4_msgs/msg/detail/cellular_status__rosidl_typesupport_introspection_c.h\n'}
[1.016596] (px4_msgs) StdoutLine: {'line': b'-- Up-to-date: /home/mustardking/ws_sensor_combined/install/px4_msgs/include/px4_msgs/px4_msgs/msg/detail/gimbal_device_set_attitude__type_support.c\n'}
[1.016619] (px4_msgs) StdoutLine: {'line': b'-- Up-to-date: /home/mustardking/ws_sensor_combined/install/px4_msgs/include/px4_msgs/px4_msgs/msg/detail/estimator_status__rosidl_typesupport_introspection_c.h\n'}
[1.016641] (px4_msgs) StdoutLine: {'line': b'-- Up-to-date: /home/mustardking/ws_sensor_combined/install/px4_msgs/include/px4_msgs/px4_msgs/msg/detail/dronecan_node_status__rosidl_typesupport_introspection_c.h\n'}
[1.016663] (px4_msgs) StdoutLine: {'line': b'-- Up-to-date: /home/mustardking/ws_sensor_combined/install/px4_msgs/include/px4_msgs/px4_msgs/msg/detail/estimator_bias__type_support.c\n'}
[1.016686] (px4_msgs) StdoutLine: {'line': b'-- Up-to-date: /home/mustardking/ws_sensor_combined/install/px4_msgs/include/px4_msgs/px4_msgs/msg/detail/position_controller_landing_status__rosidl_typesupport_introspection_c.h\n'}
[1.016709] (px4_msgs) StdoutLine: {'line': b'-- Up-to-date: /home/mustardking/ws_sensor_combined/install/px4_msgs/include/px4_msgs/px4_msgs/msg/detail/estimator_innovations__type_support.c\n'}
[1.016754] (px4_msgs) StdoutLine: {'line': b'-- Up-to-date: /home/mustardking/ws_sensor_combined/install/px4_msgs/include/px4_msgs/px4_msgs/msg/detail/estimator_aid_source1d__type_support.c\n'}
[1.016777] (px4_msgs) StdoutLine: {'line': b'-- Up-to-date: /home/mustardking/ws_sensor_combined/install/px4_msgs/include/px4_msgs/px4_msgs/msg/detail/dataman_response__rosidl_typesupport_introspection_c.h\n'}
[1.016799] (px4_msgs) StdoutLine: {'line': b'-- Up-to-date: /home/mustardking/ws_sensor_combined/install/px4_msgs/include/px4_msgs/px4_msgs/msg/detail/actuator_servos_trim__type_support.c\n'}
[1.016823] (px4_msgs) StdoutLine: {'line': b'-- Up-to-date: /home/mustardking/ws_sensor_combined/install/px4_msgs/include/px4_msgs/px4_msgs/msg/detail/uavcan_parameter_request__rosidl_typesupport_introspection_c.h\n'}
[1.016963] (px4_msgs) StdoutLine: {'line': b'-- Up-to-date: /home/mustardking/ws_sensor_combined/install/px4_msgs/include/px4_msgs/px4_msgs/msg/detail/vehicle_roi__type_support.c\n'}
[1.016987] (px4_msgs) StdoutLine: {'line': b'-- Up-to-date: /home/mustardking/ws_sensor_combined/install/px4_msgs/include/px4_msgs/px4_msgs/msg/detail/hover_thrust_estimate__rosidl_typesupport_introspection_c.h\n'}
[1.017010] (px4_msgs) StdoutLine: {'line': b'-- Up-to-date: /home/mustardking/ws_sensor_combined/install/px4_msgs/include/px4_msgs/px4_msgs/msg/detail/vehicle_air_data__type_support.c\n'}
[1.017033] (px4_msgs) StdoutLine: {'line': b'-- Up-to-date: /home/mustardking/ws_sensor_combined/install/px4_msgs/include/px4_msgs/px4_msgs/msg/detail/health_report__rosidl_typesupport_introspection_c.h\n'}
[1.017056] (px4_msgs) StdoutLine: {'line': b'-- Up-to-date: /home/mustardking/ws_sensor_combined/install/px4_msgs/include/px4_msgs/px4_msgs/msg/detail/log_message__rosidl_typesupport_introspection_c.h\n'}
[1.017093] (px4_msgs) StdoutLine: {'line': b'-- Up-to-date: /home/mustardking/ws_sensor_combined/install/px4_msgs/include/px4_msgs/px4_msgs/msg/detail/rover_attitude_setpoint__rosidl_typesupport_introspection_c.h\n'}
[1.017115] (px4_msgs) StdoutLine: {'line': b'-- Up-to-date: /home/mustardking/ws_sensor_combined/install/px4_msgs/include/px4_msgs/px4_msgs/msg/detail/camera_capture__rosidl_typesupport_introspection_c.h\n'}
[1.017140] (px4_msgs) StdoutLine: {'line': b'-- Up-to-date: /home/mustardking/ws_sensor_combined/install/px4_msgs/include/px4_msgs/px4_msgs/msg/detail/orbit_status__rosidl_typesupport_introspection_c.h\n'}
[1.017164] (px4_msgs) StdoutLine: {'line': b'-- Up-to-date: /home/mustardking/ws_sensor_combined/install/px4_msgs/include/px4_msgs/px4_msgs/msg/detail/camera_trigger__rosidl_typesupport_introspection_c.h\n'}
[1.017186] (px4_msgs) StdoutLine: {'line': b'-- Up-to-date: /home/mustardking/ws_sensor_combined/install/px4_msgs/include/px4_msgs/px4_msgs/msg/detail/vehicle_angular_velocity__rosidl_typesupport_introspection_c.h\n'}
[1.017240] (px4_msgs) StdoutLine: {'line': b'-- Up-to-date: /home/mustardking/ws_sensor_combined/install/px4_msgs/include/px4_msgs/px4_msgs/msg/detail/launch_detection_status__type_support.c\n'}
[1.017269] (px4_msgs) StdoutLine: {'line': b'-- Up-to-date: /home/mustardking/ws_sensor_combined/install/px4_msgs/include/px4_msgs/px4_msgs/msg/detail/onboard_computer_status__type_support.c\n'}
[1.017291] (px4_msgs) StdoutLine: {'line': b'-- Up-to-date: /home/mustardking/ws_sensor_combined/install/px4_msgs/include/px4_msgs/px4_msgs/msg/detail/geofence_result__rosidl_typesupport_introspection_c.h\n'}
[1.017314] (px4_msgs) StdoutLine: {'line': b'-- Up-to-date: /home/mustardking/ws_sensor_combined/install/px4_msgs/include/px4_msgs/px4_msgs/msg/detail/position_setpoint_triplet__type_support.c\n'}
[1.017338] (px4_msgs) StdoutLine: {'line': b'-- Up-to-date: /home/mustardking/ws_sensor_combined/install/px4_msgs/include/px4_msgs/px4_msgs/msg/detail/onboard_computer_status__rosidl_typesupport_introspection_c.h\n'}
[1.017382] (px4_msgs) StdoutLine: {'line': b'-- Up-to-date: /home/mustardking/ws_sensor_combined/install/px4_msgs/include/px4_msgs/px4_msgs/msg/detail/vehicle_thrust_setpoint__type_support.c\n'}
[1.017405] (px4_msgs) StdoutLine: {'line': b'-- Up-to-date: /home/mustardking/ws_sensor_combined/install/px4_msgs/include/px4_msgs/px4_msgs/msg/detail/vehicle_status__type_support.c\n'}
[1.017427] (px4_msgs) StdoutLine: {'line': b'-- Up-to-date: /home/mustardking/ws_sensor_combined/install/px4_msgs/include/px4_msgs/px4_msgs/msg/detail/figure_eight_status__rosidl_typesupport_introspection_c.h\n'}
[1.017450] (px4_msgs) StdoutLine: {'line': b'-- Up-to-date: /home/mustardking/ws_sensor_combined/install/px4_msgs/include/px4_msgs/px4_msgs/msg/detail/rover_steering_setpoint__rosidl_typesupport_introspection_c.h\n'}
[1.017491] (px4_msgs) StdoutLine: {'line': b'-- Up-to-date: /home/mustardking/ws_sensor_combined/install/px4_msgs/include/px4_msgs/px4_msgs/msg/detail/vehicle_optical_flow_vel__type_support.c\n'}
[1.017514] (px4_msgs) StdoutLine: {'line': b'-- Up-to-date: /home/mustardking/ws_sensor_combined/install/px4_msgs/include/px4_msgs/px4_msgs/msg/detail/distance_sensor_mode_change_request__type_support.c\n'}
[1.017536] (px4_msgs) StdoutLine: {'line': b'-- Up-to-date: /home/mustardking/ws_sensor_combined/install/px4_msgs/include/px4_msgs/px4_msgs/msg/detail/yaw_estimator_status__type_support.c\n'}
[1.017558] (px4_msgs) StdoutLine: {'line': b'-- Up-to-date: /home/mustardking/ws_sensor_combined/install/px4_msgs/include/px4_msgs/px4_msgs/msg/detail/ekf2_timestamps__type_support.c\n'}
[1.017580] (px4_msgs) StdoutLine: {'line': b'-- Up-to-date: /home/mustardking/ws_sensor_combined/install/px4_msgs/include/px4_msgs/px4_msgs/msg/detail/camera_status__type_support.c\n'}
[1.017602] (px4_msgs) StdoutLine: {'line': b'-- Up-to-date: /home/mustardking/ws_sensor_combined/install/px4_msgs/include/px4_msgs/px4_msgs/msg/detail/estimator_selector_status__rosidl_typesupport_introspection_c.h\n'}
[1.017625] (px4_msgs) StdoutLine: {'line': b'-- Up-to-date: /home/mustardking/ws_sensor_combined/install/px4_msgs/include/px4_msgs/px4_msgs/msg/detail/vehicle_odometry__rosidl_typesupport_introspection_c.h\n'}
[1.017674] (px4_msgs) StdoutLine: {'line': b'-- Up-to-date: /home/mustardking/ws_sensor_combined/install/px4_msgs/include/px4_msgs/px4_msgs/msg/detail/vehicle_optical_flow__rosidl_typesupport_introspection_c.h\n'}
[1.017698] (px4_msgs) StdoutLine: {'line': b'-- Up-to-date: /home/mustardking/ws_sensor_combined/install/px4_msgs/include/px4_msgs/px4_msgs/msg/detail/navigator_mission_item__rosidl_typesupport_introspection_c.h\n'}
[1.017721] (px4_msgs) StdoutLine: {'line': b'-- Up-to-date: /home/mustardking/ws_sensor_combined/install/px4_msgs/include/px4_msgs/px4_msgs/msg/detail/gripper__rosidl_typesupport_introspection_c.h\n'}
[1.017743] (px4_msgs) StdoutLine: {'line': b'-- Up-to-date: /home/mustardking/ws_sensor_combined/install/px4_msgs/include/px4_msgs/px4_msgs/msg/detail/longitudinal_control_configuration__type_support.c\n'}
[1.017789] (px4_msgs) StdoutLine: {'line': b'-- Up-to-date: /home/mustardking/ws_sensor_combined/install/px4_msgs/include/px4_msgs/px4_msgs/msg/detail/power_monitor__rosidl_typesupport_introspection_c.h\n'}
[1.017812] (px4_msgs) StdoutLine: {'line': b'-- Up-to-date: /home/mustardking/ws_sensor_combined/install/px4_msgs/include/px4_msgs/px4_msgs/msg/detail/gpio_out__rosidl_typesupport_introspection_c.h\n'}
[1.017835] (px4_msgs) StdoutLine: {'line': b'-- Up-to-date: /home/mustardking/ws_sensor_combined/install/px4_msgs/include/px4_msgs/px4_msgs/msg/detail/rover_rate_status__type_support.c\n'}
[1.017891] (px4_msgs) StdoutLine: {'line': b'-- Up-to-date: /home/mustardking/ws_sensor_combined/install/px4_msgs/include/px4_msgs/px4_msgs/msg/detail/vehicle_status__rosidl_typesupport_introspection_c.h\n'}
[1.017913] (px4_msgs) StdoutLine: {'line': b'-- Up-to-date: /home/mustardking/ws_sensor_combined/install/px4_msgs/include/px4_msgs/px4_msgs/msg/detail/sensor_uwb__rosidl_typesupport_introspection_c.h\n'}
[1.017947] (px4_msgs) StdoutLine: {'line': b'-- Up-to-date: /home/mustardking/ws_sensor_combined/install/px4_msgs/include/px4_msgs/px4_msgs/msg/detail/lateral_control_configuration__rosidl_typesupport_introspection_c.h\n'}
[1.017978] (px4_msgs) StdoutLine: {'line': b'-- Up-to-date: /home/mustardking/ws_sensor_combined/install/px4_msgs/include/px4_msgs/px4_msgs/msg/detail/parameter_set_used_request__type_support.c\n'}
[1.018000] (px4_msgs) StdoutLine: {'line': b'-- Up-to-date: /home/mustardking/ws_sensor_combined/install/px4_msgs/include/px4_msgs/px4_msgs/msg/detail/open_drone_id_arm_status__rosidl_typesupport_introspection_c.h\n'}
[1.018022] (px4_msgs) StdoutLine: {'line': b'-- Up-to-date: /home/mustardking/ws_sensor_combined/install/px4_msgs/include/px4_msgs/px4_msgs/msg/detail/vehicle_local_position_setpoint__rosidl_typesupport_introspection_c.h\n'}
[1.018047] (px4_msgs) StdoutLine: {'line': b'-- Up-to-date: /home/mustardking/ws_sensor_combined/install/px4_msgs/include/px4_msgs/px4_msgs/msg/detail/rover_speed_setpoint__rosidl_typesupport_introspection_c.h\n'}
[1.018084] (px4_msgs) StdoutLine: {'line': b'-- Up-to-date: /home/mustardking/ws_sensor_combined/install/px4_msgs/include/px4_msgs/px4_msgs/msg/detail/launch_detection_status__rosidl_typesupport_introspection_c.h\n'}
[1.018106] (px4_msgs) StdoutLine: {'line': b'-- Up-to-date: /home/mustardking/ws_sensor_combined/install/px4_msgs/include/px4_msgs/px4_msgs/msg/detail/home_position__rosidl_typesupport_introspection_c.h\n'}
[1.018128] (px4_msgs) StdoutLine: {'line': b'-- Up-to-date: /home/mustardking/ws_sensor_combined/install/px4_msgs/include/px4_msgs/px4_msgs/msg/detail/esc_report__type_support.c\n'}
[1.018165] (px4_msgs) StdoutLine: {'line': b'-- Up-to-date: /home/mustardking/ws_sensor_combined/install/px4_msgs/include/px4_msgs/px4_msgs/msg/detail/differential_pressure__rosidl_typesupport_introspection_c.h\n'}
[1.018188] (px4_msgs) StdoutLine: {'line': b'-- Up-to-date: /home/mustardking/ws_sensor_combined/install/px4_msgs/include/px4_msgs/px4_msgs/msg/detail/fixed_wing_lateral_setpoint__rosidl_typesupport_introspection_c.h\n'}
[1.018210] (px4_msgs) StdoutLine: {'line': b'-- Up-to-date: /home/mustardking/ws_sensor_combined/install/px4_msgs/include/px4_msgs/px4_msgs/msg/detail/tune_control__rosidl_typesupport_introspection_c.h\n'}
[1.018248] (px4_msgs) StdoutLine: {'line': b'-- Up-to-date: /home/mustardking/ws_sensor_combined/install/px4_msgs/include/px4_msgs/px4_msgs/msg/detail/estimator_aid_source3d__rosidl_typesupport_introspection_c.h\n'}
[1.018270] (px4_msgs) StdoutLine: {'line': b'-- Up-to-date: /home/mustardking/ws_sensor_combined/install/px4_msgs/include/px4_msgs/px4_msgs/msg/detail/gimbal_manager_set_manual_control__type_support.c\n'}
[1.018292] (px4_msgs) StdoutLine: {'line': b'-- Up-to-date: /home/mustardking/ws_sensor_combined/install/px4_msgs/include/px4_msgs/px4_msgs/msg/detail/airspeed_wind__rosidl_typesupport_introspection_c.h\n'}
[1.018314] (px4_msgs) StdoutLine: {'line': b'-- Up-to-date: /home/mustardking/ws_sensor_combined/install/px4_msgs/include/px4_msgs/px4_msgs/msg/detail/trajectory_setpoint6dof__type_support.c\n'}
[1.018336] (px4_msgs) StdoutLine: {'line': b'-- Up-to-date: /home/mustardking/ws_sensor_combined/install/px4_msgs/include/px4_msgs/px4_msgs/msg/detail/fixed_wing_runway_control__rosidl_typesupport_introspection_c.h\n'}
[1.018383] (px4_msgs) StdoutLine: {'line': b'-- Up-to-date: /home/mustardking/ws_sensor_combined/install/px4_msgs/include/px4_msgs/px4_msgs/msg/detail/px4io_status__type_support.c\n'}
[1.018405] (px4_msgs) StdoutLine: {'line': b'-- Up-to-date: /home/mustardking/ws_sensor_combined/install/px4_msgs/include/px4_msgs/px4_msgs/msg/detail/collision_constraints__rosidl_typesupport_introspection_c.h\n'}
[1.018427] (px4_msgs) StdoutLine: {'line': b'-- Up-to-date: /home/mustardking/ws_sensor_combined/install/px4_msgs/include/px4_msgs/px4_msgs/msg/detail/gpio_config__rosidl_typesupport_introspection_c.h\n'}
[1.018450] (px4_msgs) StdoutLine: {'line': b'-- Up-to-date: /home/mustardking/ws_sensor_combined/install/px4_msgs/include/px4_msgs/px4_msgs/msg/detail/event__rosidl_typesupport_introspection_c.h\n'}
[1.018472] (px4_msgs) StdoutLine: {'line': b'-- Up-to-date: /home/mustardking/ws_sensor_combined/install/px4_msgs/include/px4_msgs/px4_msgs/msg/detail/vehicle_control_mode__rosidl_typesupport_introspection_c.h\n'}
[1.018494] (px4_msgs) StdoutLine: {'line': b'-- Up-to-date: /home/mustardking/ws_sensor_combined/install/px4_msgs/include/px4_msgs/px4_msgs/msg/detail/gimbal_manager_information__type_support.c\n'}
[1.018531] (px4_msgs) StdoutLine: {'line': b'-- Up-to-date: /home/mustardking/ws_sensor_combined/install/px4_msgs/include/px4_msgs/px4_msgs/msg/detail/power_monitor__type_support.c\n'}
[1.018555] (px4_msgs) StdoutLine: {'line': b'-- Up-to-date: /home/mustardking/ws_sensor_combined/install/px4_msgs/include/px4_msgs/px4_msgs/msg/detail/health_report__type_support.c\n'}
[1.018602] (px4_msgs) StdoutLine: {'line': b'-- Up-to-date: /home/mustardking/ws_sensor_combined/install/px4_msgs/include/px4_msgs/px4_msgs/msg/detail/mag_worker_data__type_support.c\n'}
[1.018624] (px4_msgs) StdoutLine: {'line': b'-- Up-to-date: /home/mustardking/ws_sensor_combined/install/px4_msgs/include/px4_msgs/px4_msgs/msg/detail/cpuload__rosidl_typesupport_introspection_c.h\n'}
[1.018647] (px4_msgs) StdoutLine: {'line': b'-- Up-to-date: /home/mustardking/ws_sensor_combined/install/px4_msgs/include/px4_msgs/px4_msgs/msg/detail/collision_constraints__type_support.c\n'}
[1.018701] (px4_msgs) StdoutLine: {'line': b'-- Up-to-date: /home/mustardking/ws_sensor_combined/install/px4_msgs/include/px4_msgs/px4_msgs/msg/detail/pps_capture__type_support.c\n'}
[1.018725] (px4_msgs) StdoutLine: {'line': b'-- Up-to-date: /home/mustardking/ws_sensor_combined/install/px4_msgs/include/px4_msgs/px4_msgs/msg/detail/sensors_status__type_support.c\n'}
[1.018747] (px4_msgs) StdoutLine: {'line': b'-- Up-to-date: /home/mustardking/ws_sensor_combined/install/px4_msgs/include/px4_msgs/px4_msgs/msg/detail/sensor_selection__type_support.c\n'}
[1.018769] (px4_msgs) StdoutLine: {'line': b'-- Up-to-date: /home/mustardking/ws_sensor_combined/install/px4_msgs/include/px4_msgs/px4_msgs/msg/detail/debug_key_value__type_support.c\n'}
[1.018791] (px4_msgs) StdoutLine: {'line': b'-- Up-to-date: /home/mustardking/ws_sensor_combined/install/px4_msgs/include/px4_msgs/px4_msgs/msg/detail/tecs_status__rosidl_typesupport_introspection_c.h\n'}
[1.018814] (px4_msgs) StdoutLine: {'line': b'-- Up-to-date: /home/mustardking/ws_sensor_combined/install/px4_msgs/include/px4_msgs/px4_msgs/msg/detail/event__type_support.c\n'}
[1.018856] (px4_msgs) StdoutLine: {'line': b'-- Up-to-date: /home/mustardking/ws_sensor_combined/install/px4_msgs/include/px4_msgs/px4_msgs/msg/detail/vehicle_command__type_support.c\n'}
[1.018879] (px4_msgs) StdoutLine: {'line': b'-- Up-to-date: /home/mustardking/ws_sensor_combined/install/px4_msgs/include/px4_msgs/px4_msgs/msg/detail/estimator_status_flags__type_support.c\n'}
[1.018901] (px4_msgs) StdoutLine: {'line': b'-- Up-to-date: /home/mustardking/ws_sensor_combined/install/px4_msgs/include/px4_msgs/px4_msgs/msg/detail/debug_vect__type_support.c\n'}
[1.018924] (px4_msgs) StdoutLine: {'line': b'-- Up-to-date: /home/mustardking/ws_sensor_combined/install/px4_msgs/include/px4_msgs/px4_msgs/msg/detail/rc_parameter_map__type_support.c\n'}
[1.018946] (px4_msgs) StdoutLine: {'line': b'-- Up-to-date: /home/mustardking/ws_sensor_combined/install/px4_msgs/include/px4_msgs/px4_msgs/msg/detail/uavcan_parameter_value__rosidl_typesupport_introspection_c.h\n'}
[1.018988] (px4_msgs) StdoutLine: {'line': b'-- Up-to-date: /home/mustardking/ws_sensor_combined/install/px4_msgs/include/px4_msgs/px4_msgs/msg/detail/rc_channels__rosidl_typesupport_introspection_c.h\n'}
[1.019010] (px4_msgs) StdoutLine: {'line': b'-- Up-to-date: /home/mustardking/ws_sensor_combined/install/px4_msgs/include/px4_msgs/px4_msgs/msg/detail/can_interface_status__rosidl_typesupport_introspection_c.h\n'}
[1.019033] (px4_msgs) StdoutLine: {'line': b'-- Up-to-date: /home/mustardking/ws_sensor_combined/install/px4_msgs/include/px4_msgs/px4_msgs/msg/detail/generator_status__rosidl_typesupport_introspection_c.h\n'}
[1.019055] (px4_msgs) StdoutLine: {'line': b'-- Up-to-date: /home/mustardking/ws_sensor_combined/install/px4_msgs/include/px4_msgs/px4_msgs/msg/detail/heater_status__rosidl_typesupport_introspection_c.h\n'}
[1.019078] (px4_msgs) StdoutLine: {'line': b'-- Up-to-date: /home/mustardking/ws_sensor_combined/install/px4_msgs/include/px4_msgs/px4_msgs/msg/detail/failsafe_flags__rosidl_typesupport_introspection_c.h\n'}
[1.019100] (px4_msgs) StdoutLine: {'line': b'-- Up-to-date: /home/mustardking/ws_sensor_combined/install/px4_msgs/include/px4_msgs/px4_msgs/msg/detail/obstacle_distance__type_support.c\n'}
[1.019122] (px4_msgs) StdoutLine: {'line': b'-- Up-to-date: /home/mustardking/ws_sensor_combined/install/px4_msgs/include/px4_msgs/px4_msgs/msg/detail/geofence_result__type_support.c\n'}
[1.019146] (px4_msgs) StdoutLine: {'line': b'-- Up-to-date: /home/mustardking/ws_sensor_combined/install/px4_msgs/include/px4_msgs/px4_msgs/msg/detail/sensor_airflow__rosidl_typesupport_introspection_c.h\n'}
[1.019168] (px4_msgs) StdoutLine: {'line': b'-- Up-to-date: /home/mustardking/ws_sensor_combined/install/px4_msgs/include/px4_msgs/px4_msgs/msg/detail/vehicle_thrust_setpoint__rosidl_typesupport_introspection_c.h\n'}
[1.019191] (px4_msgs) StdoutLine: {'line': b'-- Up-to-date: /home/mustardking/ws_sensor_combined/install/px4_msgs/include/px4_msgs/px4_msgs/msg/detail/goto_setpoint__rosidl_typesupport_introspection_c.h\n'}
[1.019214] (px4_msgs) StdoutLine: {'line': b'-- Up-to-date: /home/mustardking/ws_sensor_combined/install/px4_msgs/include/px4_msgs/px4_msgs/msg/detail/vehicle_control_mode__type_support.c\n'}
[1.019236] (px4_msgs) StdoutLine: {'line': b'-- Up-to-date: /home/mustardking/ws_sensor_combined/install/px4_msgs/include/px4_msgs/px4_msgs/msg/detail/open_drone_id_arm_status__type_support.c\n'}
[1.019258] (px4_msgs) StdoutLine: {'line': b'-- Up-to-date: /home/mustardking/ws_sensor_combined/install/px4_msgs/include/px4_msgs/px4_msgs/msg/detail/ulog_stream_ack__rosidl_typesupport_introspection_c.h\n'}
[1.019280] (px4_msgs) StdoutLine: {'line': b'-- Up-to-date: /home/mustardking/ws_sensor_combined/install/px4_msgs/include/px4_msgs/px4_msgs/msg/detail/flight_phase_estimation__type_support.c\n'}
[1.019306] (px4_msgs) StdoutLine: {'line': b'-- Up-to-date: /home/mustardking/ws_sensor_combined/install/px4_msgs/include/px4_msgs/px4_msgs/msg/detail/orbit_status__type_support.c\n'}
[1.019327] (px4_msgs) StdoutLine: {'line': b'-- Up-to-date: /home/mustardking/ws_sensor_combined/install/px4_msgs/include/px4_msgs/px4_msgs/msg/detail/sensor_optical_flow__type_support.c\n'}
[1.019349] (px4_msgs) StdoutLine: {'line': b'-- Up-to-date: /home/mustardking/ws_sensor_combined/install/px4_msgs/include/px4_msgs/px4_msgs/msg/detail/sensor_mag__type_support.c\n'}
[1.019371] (px4_msgs) StdoutLine: {'line': b'-- Up-to-date: /home/mustardking/ws_sensor_combined/install/px4_msgs/include/px4_msgs/px4_msgs/msg/detail/estimator_aid_source3d__type_support.c\n'}
[1.019394] (px4_msgs) StdoutLine: {'line': b'-- Up-to-date: /home/mustardking/ws_sensor_combined/install/px4_msgs/include/px4_msgs/px4_msgs/msg/detail/pwm_input__rosidl_typesupport_introspection_c.h\n'}
[1.019439] (px4_msgs) StdoutLine: {'line': b'-- Up-to-date: /home/mustardking/ws_sensor_combined/install/px4_msgs/include/px4_msgs/px4_msgs/msg/detail/arming_check_request__type_support.c\n'}
[1.019461] (px4_msgs) StdoutLine: {'line': b'-- Up-to-date: /home/mustardking/ws_sensor_combined/install/px4_msgs/include/px4_msgs/px4_msgs/msg/detail/sensor_preflight_mag__type_support.c\n'}
[1.019483] (px4_msgs) StdoutLine: {'line': b'-- Up-to-date: /home/mustardking/ws_sensor_combined/install/px4_msgs/include/px4_msgs/px4_msgs/msg/detail/velocity_limits__type_support.c\n'}
[1.019505] (px4_msgs) StdoutLine: {'line': b'-- Up-to-date: /home/mustardking/ws_sensor_combined/install/px4_msgs/include/px4_msgs/px4_msgs/msg/detail/estimator_states__rosidl_typesupport_introspection_c.h\n'}
[1.019546] (px4_msgs) StdoutLine: {'line': b'-- Up-to-date: /home/mustardking/ws_sensor_combined/install/px4_msgs/include/px4_msgs/px4_msgs/msg/detail/rover_rate_setpoint__rosidl_typesupport_introspection_c.h\n'}
[1.019568] (px4_msgs) StdoutLine: {'line': b'-- Up-to-date: /home/mustardking/ws_sensor_combined/install/px4_msgs/include/px4_msgs/px4_msgs/msg/detail/navigator_status__rosidl_typesupport_introspection_c.h\n'}
[1.019590] (px4_msgs) StdoutLine: {'line': b'-- Up-to-date: /home/mustardking/ws_sensor_combined/install/px4_msgs/include/px4_msgs/px4_msgs/msg/detail/sensor_gnss_relative__rosidl_typesupport_introspection_c.h\n'}
[1.019612] (px4_msgs) StdoutLine: {'line': b'-- Up-to-date: /home/mustardking/ws_sensor_combined/install/px4_msgs/include/px4_msgs/px4_msgs/msg/detail/px4io_status__rosidl_typesupport_introspection_c.h\n'}
[1.019656] (px4_msgs) StdoutLine: {'line': b'-- Up-to-date: /home/mustardking/ws_sensor_combined/install/px4_msgs/include/px4_msgs/px4_msgs/msg/detail/sensor_mag__rosidl_typesupport_introspection_c.h\n'}
[1.019680] (px4_msgs) StdoutLine: {'line': b'-- Up-to-date: /home/mustardking/ws_sensor_combined/install/px4_msgs/include/px4_msgs/px4_msgs/msg/detail/sensor_gps__rosidl_typesupport_introspection_c.h\n'}
[1.019703] (px4_msgs) StdoutLine: {'line': b'-- Up-to-date: /home/mustardking/ws_sensor_combined/install/px4_msgs/include/px4_msgs/px4_msgs/msg/detail/message_format_request__type_support.c\n'}
[1.019724] (px4_msgs) StdoutLine: {'line': b'-- Up-to-date: /home/mustardking/ws_sensor_combined/install/px4_msgs/include/px4_msgs/px4_msgs/msg/detail/offboard_control_mode__type_support.c\n'}
[1.019768] (px4_msgs) StdoutLine: {'line': b'-- Up-to-date: /home/mustardking/ws_sensor_combined/install/px4_msgs/include/px4_msgs/px4_msgs/msg/detail/vehicle_command_ack__rosidl_typesupport_introspection_c.h\n'}
[1.019791] (px4_msgs) StdoutLine: {'line': b'-- Up-to-date: /home/mustardking/ws_sensor_combined/install/px4_msgs/include/px4_msgs/px4_msgs/msg/detail/orb_test_medium__rosidl_typesupport_introspection_c.h\n'}
[1.019814] (px4_msgs) StdoutLine: {'line': b'-- Up-to-date: /home/mustardking/ws_sensor_combined/install/px4_msgs/include/px4_msgs/px4_msgs/msg/detail/vehicle_angular_acceleration_setpoint__rosidl_typesupport_introspection_c.h\n'}
[1.019836] (px4_msgs) StdoutLine: {'line': b'-- Up-to-date: /home/mustardking/ws_sensor_combined/install/px4_msgs/include/px4_msgs/px4_msgs/msg/detail/orb_test__type_support.c\n'}
[1.019864] (px4_msgs) StdoutLine: {'line': b'-- Up-to-date: /home/mustardking/ws_sensor_combined/install/px4_msgs/include/px4_msgs/px4_msgs/msg/detail/manual_control_setpoint__type_support.c\n'}
[1.019889] (px4_msgs) StdoutLine: {'line': b'-- Up-to-date: /home/mustardking/ws_sensor_combined/install/px4_msgs/include/px4_msgs/px4_msgs/msg/detail/rover_attitude_status__type_support.c\n'}
[1.019931] (px4_msgs) StdoutLine: {'line': b'-- Up-to-date: /home/mustardking/ws_sensor_combined/install/px4_msgs/include/px4_msgs/px4_msgs/msg/detail/sensor_gnss_relative__type_support.c\n'}
[1.019954] (px4_msgs) StdoutLine: {'line': b'-- Up-to-date: /home/mustardking/ws_sensor_combined/install/px4_msgs/include/px4_msgs/px4_msgs/msg/detail/takeoff_status__rosidl_typesupport_introspection_c.h\n'}
[1.019976] (px4_msgs) StdoutLine: {'line': b'-- Up-to-date: /home/mustardking/ws_sensor_combined/install/px4_msgs/include/px4_msgs/px4_msgs/msg/detail/vehicle_local_position__type_support.c\n'}
[1.019998] (px4_msgs) StdoutLine: {'line': b'-- Up-to-date: /home/mustardking/ws_sensor_combined/install/px4_msgs/include/px4_msgs/px4_msgs/msg/detail/vehicle_imu_status__type_support.c\n'}
[1.020043] (px4_msgs) StdoutLine: {'line': b'-- Up-to-date: /home/mustardking/ws_sensor_combined/install/px4_msgs/include/px4_msgs/px4_msgs/msg/detail/open_drone_id_self_id__rosidl_typesupport_introspection_c.h\n'}
[1.020075] (px4_msgs) StdoutLine: {'line': b'-- Up-to-date: /home/mustardking/ws_sensor_combined/install/px4_msgs/include/px4_msgs/px4_msgs/msg/detail/rover_rate_status__rosidl_typesupport_introspection_c.h\n'}
[1.020112] (px4_msgs) StdoutLine: {'line': b'-- Up-to-date: /home/mustardking/ws_sensor_combined/install/px4_msgs/include/px4_msgs/px4_msgs/msg/detail/debug_array__type_support.c\n'}
[1.020136] (px4_msgs) StdoutLine: {'line': b'-- Up-to-date: /home/mustardking/ws_sensor_combined/install/px4_msgs/include/px4_msgs/px4_msgs/msg/detail/estimator_states__type_support.c\n'}
[1.020158] (px4_msgs) StdoutLine: {'line': b'-- Up-to-date: /home/mustardking/ws_sensor_combined/install/px4_msgs/include/px4_msgs/px4_msgs/msg/detail/actuator_test__rosidl_typesupport_introspection_c.h\n'}
[1.020180] (px4_msgs) StdoutLine: {'line': b'-- Up-to-date: /home/mustardking/ws_sensor_combined/install/px4_msgs/include/px4_msgs/px4_msgs/msg/detail/sensor_accel_fifo__type_support.c\n'}
[1.020202] (px4_msgs) StdoutLine: {'line': b'-- Up-to-date: /home/mustardking/ws_sensor_combined/install/px4_msgs/include/px4_msgs/px4_msgs/msg/detail/task_stack_info__rosidl_typesupport_introspection_c.h\n'}
[1.020248] (px4_msgs) StdoutLine: {'line': b'-- Up-to-date: /home/mustardking/ws_sensor_combined/install/px4_msgs/include/px4_msgs/px4_msgs/msg/detail/system_power__type_support.c\n'}
[1.020270] (px4_msgs) StdoutLine: {'line': b'-- Up-to-date: /home/mustardking/ws_sensor_combined/install/px4_msgs/include/px4_msgs/px4_msgs/msg/detail/vehicle_attitude__rosidl_typesupport_introspection_c.h\n'}
[1.020292] (px4_msgs) StdoutLine: {'line': b'-- Up-to-date: /home/mustardking/ws_sensor_combined/install/px4_msgs/include/px4_msgs/px4_msgs/msg/detail/transponder_report__rosidl_typesupport_introspection_c.h\n'}
[1.020324] (px4_msgs) StdoutLine: {'line': b'-- Up-to-date: /home/mustardking/ws_sensor_combined/install/px4_msgs/include/px4_msgs/px4_msgs/msg/detail/internal_combustion_engine_control__type_support.c\n'}
[1.020361] (px4_msgs) StdoutLine: {'line': b'-- Up-to-date: /home/mustardking/ws_sensor_combined/install/px4_msgs/include/px4_msgs/px4_msgs/msg/detail/actuator_motors__rosidl_typesupport_introspection_c.h\n'}
[1.020391] (px4_msgs) StdoutLine: {'line': b'-- Up-to-date: /home/mustardking/ws_sensor_combined/install/px4_msgs/include/px4_msgs/px4_msgs/msg/detail/sensor_gyro__rosidl_typesupport_introspection_c.h\n'}
[1.020413] (px4_msgs) StdoutLine: {'line': b'-- Up-to-date: /home/mustardking/ws_sensor_combined/install/px4_msgs/include/px4_msgs/px4_msgs/msg/detail/mode_completed__type_support.c\n'}
[1.020435] (px4_msgs) StdoutLine: {'line': b'-- Up-to-date: /home/mustardking/ws_sensor_combined/install/px4_msgs/include/px4_msgs/px4_msgs/msg/detail/vehicle_optical_flow_vel__rosidl_typesupport_introspection_c.h\n'}
[1.020457] (px4_msgs) StdoutLine: {'line': b'-- Up-to-date: /home/mustardking/ws_sensor_combined/install/px4_msgs/include/px4_msgs/px4_msgs/msg/detail/parameter_set_value_request__rosidl_typesupport_introspection_c.h\n'}
[1.020480] (px4_msgs) StdoutLine: {'line': b'-- Up-to-date: /home/mustardking/ws_sensor_combined/install/px4_msgs/include/px4_msgs/px4_msgs/msg/detail/parameter_set_value_response__rosidl_typesupport_introspection_c.h\n'}
[1.020502] (px4_msgs) StdoutLine: {'line': b'-- Up-to-date: /home/mustardking/ws_sensor_combined/install/px4_msgs/include/px4_msgs/px4_msgs/msg/detail/position_controller_landing_status__type_support.c\n'}
[1.020543] (px4_msgs) StdoutLine: {'line': b'-- Up-to-date: /home/mustardking/ws_sensor_combined/install/px4_msgs/include/px4_msgs/px4_msgs/msg/detail/hover_thrust_estimate__type_support.c\n'}
[1.020565] (px4_msgs) StdoutLine: {'line': b'-- Up-to-date: /home/mustardking/ws_sensor_combined/install/px4_msgs/include/px4_msgs/px4_msgs/msg/detail/vehicle_magnetometer__rosidl_typesupport_introspection_c.h\n'}
[1.020589] (px4_msgs) StdoutLine: {'line': b'-- Up-to-date: /home/mustardking/ws_sensor_combined/install/px4_msgs/include/px4_msgs/px4_msgs/msg/detail/estimator_status_flags__rosidl_typesupport_introspection_c.h\n'}
[1.020611] (px4_msgs) StdoutLine: {'line': b'-- Up-to-date: /home/mustardking/ws_sensor_combined/install/px4_msgs/include/px4_msgs/px4_msgs/msg/detail/actuator_motors__type_support.c\n'}
[1.020645] (px4_msgs) StdoutLine: {'line': b'-- Up-to-date: /home/mustardking/ws_sensor_combined/install/px4_msgs/include/px4_msgs/px4_msgs/msg/detail/gimbal_device_attitude_status__type_support.c\n'}
[1.020669] (px4_msgs) StdoutLine: {'line': b'-- Up-to-date: /home/mustardking/ws_sensor_combined/install/px4_msgs/include/px4_msgs/px4_msgs/msg/detail/arming_check_request__rosidl_typesupport_introspection_c.h\n'}
[1.020691] (px4_msgs) StdoutLine: {'line': b'-- Up-to-date: /home/mustardking/ws_sensor_combined/install/px4_msgs/include/px4_msgs/px4_msgs/msg/detail/actuator_servos__rosidl_typesupport_introspection_c.h\n'}
[1.020713] (px4_msgs) StdoutLine: {'line': b'-- Up-to-date: /home/mustardking/ws_sensor_combined/install/px4_msgs/include/px4_msgs/px4_msgs/msg/detail/vehicle_attitude__type_support.c\n'}
[1.020745] (px4_msgs) StdoutLine: {'line': b'-- Up-to-date: /home/mustardking/ws_sensor_combined/install/px4_msgs/include/px4_msgs/px4_msgs/msg/detail/mission_result__rosidl_typesupport_introspection_c.h\n'}
[1.020769] (px4_msgs) StdoutLine: {'line': b'-- Up-to-date: /home/mustardking/ws_sensor_combined/install/px4_msgs/include/px4_msgs/px4_msgs/msg/detail/follow_target_estimator__type_support.c\n'}
[1.020791] (px4_msgs) StdoutLine: {'line': b'-- Up-to-date: /home/mustardking/ws_sensor_combined/install/px4_msgs/include/px4_msgs/px4_msgs/msg/detail/distance_sensor__type_support.c\n'}
[1.020827] (px4_msgs) StdoutLine: {'line': b'-- Up-to-date: /home/mustardking/ws_sensor_combined/install/px4_msgs/include/px4_msgs/px4_msgs/msg/detail/control_allocator_status__type_support.c\n'}
[1.020887] (px4_msgs) StdoutLine: {'line': b'-- Up-to-date: /home/mustardking/ws_sensor_combined/install/px4_msgs/include/px4_msgs/px4_msgs/msg/detail/wheel_encoders__type_support.c\n'}
[1.020911] (px4_msgs) StdoutLine: {'line': b'-- Up-to-date: /home/mustardking/ws_sensor_combined/install/px4_msgs/include/px4_msgs/px4_msgs/msg/detail/differential_pressure__type_support.c\n'}
[1.020933] (px4_msgs) StdoutLine: {'line': b'-- Up-to-date: /home/mustardking/ws_sensor_combined/install/px4_msgs/include/px4_msgs/px4_msgs/msg/detail/wind__rosidl_typesupport_introspection_c.h\n'}
[1.020955] (px4_msgs) StdoutLine: {'line': b'-- Up-to-date: /home/mustardking/ws_sensor_combined/install/px4_msgs/include/px4_msgs/px4_msgs/msg/detail/rpm__type_support.c\n'}
[1.020995] (px4_msgs) StdoutLine: {'line': b'-- Up-to-date: /home/mustardking/ws_sensor_combined/install/px4_msgs/include/px4_msgs/px4_msgs/msg/detail/pure_pursuit_status__type_support.c\n'}
[1.021024] (px4_msgs) StdoutLine: {'line': b'-- Up-to-date: /home/mustardking/ws_sensor_combined/install/px4_msgs/include/px4_msgs/px4_msgs/msg/detail/home_position__type_support.c\n'}
[1.021047] (px4_msgs) StdoutLine: {'line': b'-- Up-to-date: /home/mustardking/ws_sensor_combined/install/px4_msgs/include/px4_msgs/px4_msgs/msg/detail/radio_status__type_support.c\n'}
[1.021069] (px4_msgs) StdoutLine: {'line': b'-- Up-to-date: /home/mustardking/ws_sensor_combined/install/px4_msgs/include/px4_msgs/px4_msgs/msg/detail/sensor_accel_fifo__rosidl_typesupport_introspection_c.h\n'}
[1.021091] (px4_msgs) StdoutLine: {'line': b'-- Up-to-date: /home/mustardking/ws_sensor_combined/install/px4_msgs/include/px4_msgs/px4_msgs/msg/detail/vtol_vehicle_status__type_support.c\n'}
[1.021113] (px4_msgs) StdoutLine: {'line': b'-- Up-to-date: /home/mustardking/ws_sensor_combined/install/px4_msgs/include/px4_msgs/px4_msgs/msg/detail/follow_target_estimator__rosidl_typesupport_introspection_c.h\n'}
[1.021135] (px4_msgs) StdoutLine: {'line': b'-- Up-to-date: /home/mustardking/ws_sensor_combined/install/px4_msgs/include/px4_msgs/px4_msgs/msg/detail/gpio_request__type_support.c\n'}
[1.021156] (px4_msgs) StdoutLine: {'line': b'-- Up-to-date: /home/mustardking/ws_sensor_combined/install/px4_msgs/include/px4_msgs/px4_msgs/msg/detail/sensor_hygrometer__rosidl_typesupport_introspection_c.h\n'}
[1.021194] (px4_msgs) StdoutLine: {'line': b'-- Up-to-date: /home/mustardking/ws_sensor_combined/install/px4_msgs/include/px4_msgs/px4_msgs/msg/detail/rover_steering_setpoint__type_support.c\n'}
[1.021216] (px4_msgs) StdoutLine: {'line': b'-- Up-to-date: /home/mustardking/ws_sensor_combined/install/px4_msgs/include/px4_msgs/px4_msgs/msg/detail/qshell_retval__rosidl_typesupport_introspection_c.h\n'}
[1.021238] (px4_msgs) StdoutLine: {'line': b'-- Up-to-date: /home/mustardking/ws_sensor_combined/install/px4_msgs/include/px4_msgs/px4_msgs/msg/detail/fixed_wing_lateral_guidance_status__rosidl_typesupport_introspection_c.h\n'}
[1.021261] (px4_msgs) StdoutLine: {'line': b'-- Up-to-date: /home/mustardking/ws_sensor_combined/install/px4_msgs/include/px4_msgs/px4_msgs/msg/detail/gpio_out__type_support.c\n'}
[1.021285] (px4_msgs) StdoutLine: {'line': b'-- Up-to-date: /home/mustardking/ws_sensor_combined/install/px4_msgs/include/px4_msgs/px4_msgs/msg/detail/generator_status__type_support.c\n'}
[1.021360] (px4_msgs) StdoutLine: {'line': b'-- Up-to-date: /home/mustardking/ws_sensor_combined/install/px4_msgs/include/px4_msgs/px4_msgs/msg/detail/battery_status__rosidl_typesupport_introspection_c.h\n'}
[1.021405] (px4_msgs) StdoutLine: {'line': b'-- Up-to-date: /home/mustardking/ws_sensor_combined/install/px4_msgs/include/px4_msgs/px4_msgs/msg/detail/rtl_status__type_support.c\n'}
[1.021432] (px4_msgs) StdoutLine: {'line': b'-- Up-to-date: /home/mustardking/ws_sensor_combined/install/px4_msgs/include/px4_msgs/px4_msgs/msg/detail/tiltrotor_extra_controls__rosidl_typesupport_introspection_c.h\n'}
[1.021479] (px4_msgs) StdoutLine: {'line': b'-- Up-to-date: /home/mustardking/ws_sensor_combined/install/px4_msgs/include/px4_msgs/px4_msgs/msg/detail/wheel_encoders__rosidl_typesupport_introspection_c.h\n'}
[1.021504] (px4_msgs) StdoutLine: {'line': b'-- Up-to-date: /home/mustardking/ws_sensor_combined/install/px4_msgs/include/px4_msgs/px4_msgs/msg/detail/register_ext_component_request__rosidl_typesupport_introspection_c.h\n'}
[1.021527] (px4_msgs) StdoutLine: {'line': b'-- Up-to-date: /home/mustardking/ws_sensor_combined/install/px4_msgs/include/px4_msgs/px4_msgs/msg/detail/airspeed__type_support.c\n'}
[1.021551] (px4_msgs) StdoutLine: {'line': b'-- Up-to-date: /home/mustardking/ws_sensor_combined/install/px4_msgs/include/px4_msgs/px4_msgs/msg/detail/gimbal_controls__rosidl_typesupport_introspection_c.h\n'}
[1.021594] (px4_msgs) StdoutLine: {'line': b'-- Up-to-date: /home/mustardking/ws_sensor_combined/install/px4_msgs/include/px4_msgs/px4_msgs/msg/detail/vehicle_rates_setpoint__type_support.c\n'}
[1.021626] (px4_msgs) StdoutLine: {'line': b'-- Up-to-date: /home/mustardking/ws_sensor_combined/install/px4_msgs/include/px4_msgs/px4_msgs/msg/detail/orb_test_medium__type_support.c\n'}
[1.021650] (px4_msgs) StdoutLine: {'line': b'-- Up-to-date: /home/mustardking/ws_sensor_combined/install/px4_msgs/include/px4_msgs/px4_msgs/msg/detail/sensor_gyro_fifo__type_support.c\n'}
[1.021673] (px4_msgs) StdoutLine: {'line': b'-- Up-to-date: /home/mustardking/ws_sensor_combined/install/px4_msgs/include/px4_msgs/px4_msgs/msg/detail/sensors_status_imu__type_support.c\n'}
[1.021697] (px4_msgs) StdoutLine: {'line': b'-- Up-to-date: /home/mustardking/ws_sensor_combined/install/px4_msgs/include/px4_msgs/px4_msgs/msg/detail/telemetry_status__rosidl_typesupport_introspection_c.h\n'}
[1.021720] (px4_msgs) StdoutLine: {'line': b'-- Up-to-date: /home/mustardking/ws_sensor_combined/install/px4_msgs/include/px4_msgs/px4_msgs/msg/detail/rover_rate_setpoint__type_support.c\n'}
[1.021775] (px4_msgs) StdoutLine: {'line': b'-- Up-to-date: /home/mustardking/ws_sensor_combined/install/px4_msgs/include/px4_msgs/px4_msgs/msg/detail/obstacle_distance__rosidl_typesupport_introspection_c.h\n'}
[1.021799] (px4_msgs) StdoutLine: {'line': b'-- Up-to-date: /home/mustardking/ws_sensor_combined/install/px4_msgs/include/px4_msgs/px4_msgs/msg/detail/vehicle_torque_setpoint__type_support.c\n'}
[1.021822] (px4_msgs) StdoutLine: {'line': b'-- Up-to-date: /home/mustardking/ws_sensor_combined/install/px4_msgs/include/px4_msgs/px4_msgs/msg/detail/adc_report__type_support.c\n'}
[1.021845] (px4_msgs) StdoutLine: {'line': b'-- Up-to-date: /home/mustardking/ws_sensor_combined/install/px4_msgs/include/px4_msgs/px4_msgs/msg/detail/gpio_in__type_support.c\n'}
[1.021886] (px4_msgs) StdoutLine: {'line': b'-- Up-to-date: /home/mustardking/ws_sensor_combined/install/px4_msgs/include/px4_msgs/px4_msgs/msg/detail/gps_dump__type_support.c\n'}
[1.021908] (px4_msgs) StdoutLine: {'line': b'-- Up-to-date: /home/mustardking/ws_sensor_combined/install/px4_msgs/include/px4_msgs/px4_msgs/msg/detail/distance_sensor_mode_change_request__rosidl_typesupport_introspection_c.h\n'}
[1.021937] (px4_msgs) StdoutLine: {'line': b'-- Up-to-date: /home/mustardking/ws_sensor_combined/install/px4_msgs/include/px4_msgs/px4_msgs/msg/detail/vehicle_acceleration__type_support.c\n'}
[1.021959] (px4_msgs) StdoutLine: {'line': b'-- Up-to-date: /home/mustardking/ws_sensor_combined/install/px4_msgs/include/px4_msgs/px4_msgs/msg/detail/actuator_servos__type_support.c\n'}
[1.021981] (px4_msgs) StdoutLine: {'line': b'-- Up-to-date: /home/mustardking/ws_sensor_combined/install/px4_msgs/include/px4_msgs/px4_msgs/msg/detail/neural_control__rosidl_typesupport_introspection_c.h\n'}
[1.022006] (px4_msgs) StdoutLine: {'line': b'-- Up-to-date: /home/mustardking/ws_sensor_combined/install/px4_msgs/include/px4_msgs/px4_msgs/msg/detail/failure_detector_status__rosidl_typesupport_introspection_c.h\n'}
[1.022051] (px4_msgs) StdoutLine: {'line': b'-- Up-to-date: /home/mustardking/ws_sensor_combined/install/px4_msgs/include/px4_msgs/px4_msgs/msg/detail/arming_check_reply__rosidl_typesupport_introspection_c.h\n'}
[1.022073] (px4_msgs) StdoutLine: {'line': b'-- Up-to-date: /home/mustardking/ws_sensor_combined/install/px4_msgs/include/px4_msgs/px4_msgs/msg/detail/debug_value__type_support.c\n'}
[1.022097] (px4_msgs) StdoutLine: {'line': b'-- Up-to-date: /home/mustardking/ws_sensor_combined/install/px4_msgs/include/px4_msgs/px4_msgs/msg/detail/landing_gear__type_support.c\n'}
[1.022119] (px4_msgs) StdoutLine: {'line': b'-- Up-to-date: /home/mustardking/ws_sensor_combined/install/px4_msgs/include/px4_msgs/px4_msgs/msg/detail/sensor_gyro_fft__rosidl_typesupport_introspection_c.h\n'}
[1.022143] (px4_msgs) StdoutLine: {'line': b'-- Up-to-date: /home/mustardking/ws_sensor_combined/install/px4_msgs/include/px4_msgs/px4_msgs/msg/detail/sensor_correction__type_support.c\n'}
[1.022182] (px4_msgs) StdoutLine: {'line': b'-- Up-to-date: /home/mustardking/ws_sensor_combined/install/px4_msgs/include/px4_msgs/px4_msgs/msg/detail/estimator_selector_status__type_support.c\n'}
[1.022205] (px4_msgs) StdoutLine: {'line': b'-- Up-to-date: /home/mustardking/ws_sensor_combined/install/px4_msgs/include/px4_msgs/px4_msgs/msg/detail/vehicle_local_position__rosidl_typesupport_introspection_c.h\n'}
[1.022227] (px4_msgs) StdoutLine: {'line': b'-- Up-to-date: /home/mustardking/ws_sensor_combined/install/px4_msgs/include/px4_msgs/px4_msgs/msg/detail/estimator_gps_status__type_support.c\n'}
[1.022249] (px4_msgs) StdoutLine: {'line': b'-- Up-to-date: /home/mustardking/ws_sensor_combined/install/px4_msgs/include/px4_msgs/px4_msgs/msg/detail/debug_array__rosidl_typesupport_introspection_c.h\n'}
[1.022271] (px4_msgs) StdoutLine: {'line': b'-- Up-to-date: /home/mustardking/ws_sensor_combined/install/px4_msgs/include/px4_msgs/px4_msgs/msg/detail/takeoff_status__type_support.c\n'}
[1.022293] (px4_msgs) StdoutLine: {'line': b'-- Up-to-date: /home/mustardking/ws_sensor_combined/install/px4_msgs/include/px4_msgs/px4_msgs/msg/detail/failure_detector_status__type_support.c\n'}
[1.022337] (px4_msgs) StdoutLine: {'line': b'-- Up-to-date: /home/mustardking/ws_sensor_combined/install/px4_msgs/include/px4_msgs/px4_msgs/msg/detail/estimator_status__type_support.c\n'}
[1.022363] (px4_msgs) StdoutLine: {'line': b'-- Up-to-date: /home/mustardking/ws_sensor_combined/install/px4_msgs/include/px4_msgs/px4_msgs/msg/detail/fixed_wing_lateral_guidance_status__type_support.c\n'}
[1.022386] (px4_msgs) StdoutLine: {'line': b'-- Up-to-date: /home/mustardking/ws_sensor_combined/install/px4_msgs/include/px4_msgs/px4_msgs/msg/detail/vehicle_attitude_setpoint__rosidl_typesupport_introspection_c.h\n'}
[1.022408] (px4_msgs) StdoutLine: {'line': b'-- Up-to-date: /home/mustardking/ws_sensor_combined/install/px4_msgs/include/px4_msgs/px4_msgs/msg/detail/dataman_request__rosidl_typesupport_introspection_c.h\n'}
[1.022455] (px4_msgs) StdoutLine: {'line': b'-- Up-to-date: /home/mustardking/ws_sensor_combined/install/px4_msgs/include/px4_msgs/px4_msgs/msg/detail/ekf2_timestamps__rosidl_typesupport_introspection_c.h\n'}
[1.022477] (px4_msgs) StdoutLine: {'line': b'-- Up-to-date: /home/mustardking/ws_sensor_combined/install/px4_msgs/include/px4_msgs/px4_msgs/msg/detail/landing_target_pose__rosidl_typesupport_introspection_c.h\n'}
[1.022501] (px4_msgs) StdoutLine: {'line': b'-- Up-to-date: /home/mustardking/ws_sensor_combined/install/px4_msgs/include/px4_msgs/px4_msgs/msg/detail/rtl_time_estimate__rosidl_typesupport_introspection_c.h\n'}
[1.022532] (px4_msgs) StdoutLine: {'line': b'-- Up-to-date: /home/mustardking/ws_sensor_combined/install/px4_msgs/include/px4_msgs/px4_msgs/msg/detail/config_overrides__rosidl_typesupport_introspection_c.h\n'}
[1.022574] (px4_msgs) StdoutLine: {'line': b'-- Up-to-date: /home/mustardking/ws_sensor_combined/install/px4_msgs/include/px4_msgs/px4_msgs/msg/detail/led_control__type_support.c\n'}
[1.022609] (px4_msgs) StdoutLine: {'line': b'-- Up-to-date: /home/mustardking/ws_sensor_combined/install/px4_msgs/include/px4_msgs/px4_msgs/msg/detail/cellular_status__type_support.c\n'}
[1.022632] (px4_msgs) StdoutLine: {'line': b'-- Up-to-date: /home/mustardking/ws_sensor_combined/install/px4_msgs/include/px4_msgs/px4_msgs/msg/detail/sensors_status_imu__rosidl_typesupport_introspection_c.h\n'}
[1.022655] (px4_msgs) StdoutLine: {'line': b'-- Up-to-date: /home/mustardking/ws_sensor_combined/install/px4_msgs/include/px4_msgs/px4_msgs/msg/detail/tiltrotor_extra_controls__type_support.c\n'}
[1.022697] (px4_msgs) StdoutLine: {'line': b'-- Up-to-date: /home/mustardking/ws_sensor_combined/install/px4_msgs/include/px4_msgs/px4_msgs/msg/detail/pwm_input__type_support.c\n'}
[1.022719] (px4_msgs) StdoutLine: {'line': b'-- Up-to-date: /home/mustardking/ws_sensor_combined/install/px4_msgs/include/px4_msgs/px4_msgs/msg/detail/ping__type_support.c\n'}
[1.022742] (px4_msgs) StdoutLine: {'line': b'-- Up-to-date: /home/mustardking/ws_sensor_combined/install/px4_msgs/include/px4_msgs/px4_msgs/msg/detail/airspeed_wind__type_support.c\n'}
[1.022764] (px4_msgs) StdoutLine: {'line': b'-- Up-to-date: /home/mustardking/ws_sensor_combined/install/px4_msgs/include/px4_msgs/px4_msgs/msg/detail/sensor_combined__type_support.c\n'}
[1.022807] (px4_msgs) StdoutLine: {'line': b'-- Up-to-date: /home/mustardking/ws_sensor_combined/install/px4_msgs/include/px4_msgs/px4_msgs/msg/detail/ulog_stream__type_support.c\n'}
[1.022858] (px4_msgs) StdoutLine: {'line': b'-- Up-to-date: /home/mustardking/ws_sensor_combined/install/px4_msgs/include/px4_msgs/px4_msgs/msg/detail/gpio_config__type_support.c\n'}
[1.022883] (px4_msgs) StdoutLine: {'line': b'-- Up-to-date: /home/mustardking/ws_sensor_combined/install/px4_msgs/include/px4_msgs/px4_msgs/msg/detail/mission__rosidl_typesupport_introspection_c.h\n'}
[1.022905] (px4_msgs) StdoutLine: {'line': b'-- Up-to-date: /home/mustardking/ws_sensor_combined/install/px4_msgs/include/px4_msgs/px4_msgs/msg/detail/vehicle_angular_velocity__type_support.c\n'}
[1.022927] (px4_msgs) StdoutLine: {'line': b'-- Up-to-date: /home/mustardking/ws_sensor_combined/install/px4_msgs/include/px4_msgs/px4_msgs/msg/detail/dronecan_node_status__type_support.c\n'}
[1.022967] (px4_msgs) StdoutLine: {'line': b'-- Up-to-date: /home/mustardking/ws_sensor_combined/install/px4_msgs/include/px4_msgs/px4_msgs/msg/detail/gimbal_device_attitude_status__rosidl_typesupport_introspection_c.h\n'}
[1.022989] (px4_msgs) StdoutLine: {'line': b'-- Up-to-date: /home/mustardking/ws_sensor_combined/install/px4_msgs/include/px4_msgs/px4_msgs/msg/detail/offboard_control_mode__rosidl_typesupport_introspection_c.h\n'}
[1.023011] (px4_msgs) StdoutLine: {'line': b'-- Up-to-date: /home/mustardking/ws_sensor_combined/install/px4_msgs/include/px4_msgs/px4_msgs/msg/detail/parameter_set_used_request__rosidl_typesupport_introspection_c.h\n'}
[1.023034] (px4_msgs) StdoutLine: {'line': b'-- Up-to-date: /home/mustardking/ws_sensor_combined/install/px4_msgs/include/px4_msgs/px4_msgs/msg/detail/fixed_wing_longitudinal_setpoint__rosidl_typesupport_introspection_c.h\n'}
[1.023056] (px4_msgs) StdoutLine: {'line': b'-- Up-to-date: /home/mustardking/ws_sensor_combined/install/px4_msgs/include/px4_msgs/px4_msgs/msg/detail/gimbal_device_set_attitude__rosidl_typesupport_introspection_c.h\n'}
[1.023078] (px4_msgs) StdoutLine: {'line': b'-- Up-to-date: /home/mustardking/ws_sensor_combined/install/px4_msgs/include/px4_msgs/px4_msgs/msg/detail/internal_combustion_engine_control__rosidl_typesupport_introspection_c.h\n'}
[1.023120] (px4_msgs) StdoutLine: {'line': b'-- Up-to-date: /home/mustardking/ws_sensor_combined/install/px4_msgs/include/px4_msgs/px4_msgs/msg/detail/trajectory_setpoint__rosidl_typesupport_introspection_c.h\n'}
[1.023142] (px4_msgs) StdoutLine: {'line': b'-- Up-to-date: /home/mustardking/ws_sensor_combined/install/px4_msgs/include/px4_msgs/px4_msgs/msg/detail/rate_ctrl_status__type_support.c\n'}
[1.023166] (px4_msgs) StdoutLine: {'line': b'-- Up-to-date: /home/mustardking/ws_sensor_combined/install/px4_msgs/include/px4_msgs/px4_msgs/msg/detail/vehicle_air_data__rosidl_typesupport_introspection_c.h\n'}
[1.023188] (px4_msgs) StdoutLine: {'line': b'-- Up-to-date: /home/mustardking/ws_sensor_combined/install/px4_msgs/include/px4_msgs/px4_msgs/msg/detail/sensor_selection__rosidl_typesupport_introspection_c.h\n'}
[1.023210] (px4_msgs) StdoutLine: {'line': b'-- Up-to-date: /home/mustardking/ws_sensor_combined/install/px4_msgs/include/px4_msgs/px4_msgs/msg/detail/rover_attitude_status__rosidl_typesupport_introspection_c.h\n'}
[1.023251] (px4_msgs) StdoutLine: {'line': b'-- Up-to-date: /home/mustardking/ws_sensor_combined/install/px4_msgs/include/px4_msgs/px4_msgs/msg/detail/actuator_armed__type_support.c\n'}
[1.023273] (px4_msgs) StdoutLine: {'line': b'-- Up-to-date: /home/mustardking/ws_sensor_combined/install/px4_msgs/include/px4_msgs/px4_msgs/msg/detail/dataman_response__type_support.c\n'}
[1.023296] (px4_msgs) StdoutLine: {'line': b'-- Up-to-date: /home/mustardking/ws_sensor_combined/install/px4_msgs/include/px4_msgs/px4_msgs/msg/detail/ulog_stream__rosidl_typesupport_introspection_c.h\n'}
[1.023317] (px4_msgs) StdoutLine: {'line': b'-- Up-to-date: /home/mustardking/ws_sensor_combined/install/px4_msgs/include/px4_msgs/px4_msgs/msg/detail/actuator_outputs__type_support.c\n'}
[1.023340] (px4_msgs) StdoutLine: {'line': b'-- Up-to-date: /home/mustardking/ws_sensor_combined/install/px4_msgs/include/px4_msgs/px4_msgs/msg/detail/sensor_gyro_fifo__rosidl_typesupport_introspection_c.h\n'}
[1.023361] (px4_msgs) StdoutLine: {'line': b'-- Up-to-date: /home/mustardking/ws_sensor_combined/install/px4_msgs/include/px4_msgs/px4_msgs/msg/detail/geofence_status__type_support.c\n'}
[1.023406] (px4_msgs) StdoutLine: {'line': b'-- Up-to-date: /home/mustardking/ws_sensor_combined/install/px4_msgs/include/px4_msgs/px4_msgs/msg/detail/vehicle_imu__rosidl_typesupport_introspection_c.h\n'}
[1.023428] (px4_msgs) StdoutLine: {'line': b'-- Up-to-date: /home/mustardking/ws_sensor_combined/install/px4_msgs/include/px4_msgs/px4_msgs/msg/detail/sensor_uwb__type_support.c\n'}
[1.023450] (px4_msgs) StdoutLine: {'line': b'-- Up-to-date: /home/mustardking/ws_sensor_combined/install/px4_msgs/include/px4_msgs/px4_msgs/msg/detail/message_format_request__rosidl_typesupport_introspection_c.h\n'}
[1.023481] (px4_msgs) StdoutLine: {'line': b'-- Up-to-date: /home/mustardking/ws_sensor_combined/install/px4_msgs/include/px4_msgs/px4_msgs/msg/detail/mag_worker_data__rosidl_typesupport_introspection_c.h\n'}
[1.023521] (px4_msgs) StdoutLine: {'line': b'-- Up-to-date: /home/mustardking/ws_sensor_combined/install/px4_msgs/include/px4_msgs/px4_msgs/msg/detail/gimbal_manager_set_manual_control__rosidl_typesupport_introspection_c.h\n'}
[1.023543] (px4_msgs) StdoutLine: {'line': b'-- Up-to-date: /home/mustardking/ws_sensor_combined/install/px4_msgs/include/px4_msgs/px4_msgs/msg/detail/goto_setpoint__type_support.c\n'}
[1.023565] (px4_msgs) StdoutLine: {'line': b'-- Up-to-date: /home/mustardking/ws_sensor_combined/install/px4_msgs/include/px4_msgs/px4_msgs/msg/detail/rover_speed_status__rosidl_typesupport_introspection_c.h\n'}
[1.023588] (px4_msgs) StdoutLine: {'line': b'-- Up-to-date: /home/mustardking/ws_sensor_combined/install/px4_msgs/include/px4_msgs/px4_msgs/msg/detail/vtol_vehicle_status__rosidl_typesupport_introspection_c.h\n'}
[1.023610] (px4_msgs) StdoutLine: {'line': b'-- Up-to-date: /home/mustardking/ws_sensor_combined/install/px4_msgs/include/px4_msgs/px4_msgs/msg/detail/actuator_controls_status__rosidl_typesupport_introspection_c.h\n'}
[1.023632] (px4_msgs) StdoutLine: {'line': b'-- Up-to-date: /home/mustardking/ws_sensor_combined/install/px4_msgs/include/px4_msgs/px4_msgs/msg/detail/distance_sensor__rosidl_typesupport_introspection_c.h\n'}
[1.023672] (px4_msgs) StdoutLine: {'line': b'-- Up-to-date: /home/mustardking/ws_sensor_combined/install/px4_msgs/include/px4_msgs/px4_msgs/msg/detail/sensor_hygrometer__type_support.c\n'}
[1.023704] (px4_msgs) StdoutLine: {'line': b'-- Up-to-date: /home/mustardking/ws_sensor_combined/install/px4_msgs/include/px4_msgs/px4_msgs/msg/detail/control_allocator_status__rosidl_typesupport_introspection_c.h\n'}
[1.023726] (px4_msgs) StdoutLine: {'line': b'-- Up-to-date: /home/mustardking/ws_sensor_combined/install/px4_msgs/include/px4_msgs/px4_msgs/msg/detail/pure_pursuit_status__rosidl_typesupport_introspection_c.h\n'}
[1.023748] (px4_msgs) StdoutLine: {'line': b'-- Up-to-date: /home/mustardking/ws_sensor_combined/install/px4_msgs/include/px4_msgs/px4_msgs/msg/detail/fuel_tank_status__type_support.c\n'}
[1.023770] (px4_msgs) StdoutLine: {'line': b'-- Up-to-date: /home/mustardking/ws_sensor_combined/install/px4_msgs/include/px4_msgs/px4_msgs/msg/detail/message_format_response__type_support.c\n'}
[1.023810] (px4_msgs) StdoutLine: {'line': b'-- Up-to-date: /home/mustardking/ws_sensor_combined/install/px4_msgs/include/px4_msgs/px4_msgs/msg/detail/vehicle_global_position__rosidl_typesupport_introspection_c.h\n'}
[1.023836] (px4_msgs) StdoutLine: {'line': b'-- Up-to-date: /home/mustardking/ws_sensor_combined/install/px4_msgs/include/px4_msgs/px4_msgs/msg/detail/actuator_outputs__rosidl_typesupport_introspection_c.h\n'}
[1.023859] (px4_msgs) StdoutLine: {'line': b'-- Up-to-date: /home/mustardking/ws_sensor_combined/install/px4_msgs/include/px4_msgs/px4_msgs/msg/detail/sensor_combined__rosidl_typesupport_introspection_c.h\n'}
[1.023880] (px4_msgs) StdoutLine: {'line': b'-- Up-to-date: /home/mustardking/ws_sensor_combined/install/px4_msgs/include/px4_msgs/px4_msgs/msg/detail/irlock_report__rosidl_typesupport_introspection_c.h\n'}
[1.023903] (px4_msgs) StdoutLine: {'line': b'-- Up-to-date: /home/mustardking/ws_sensor_combined/install/px4_msgs/include/px4_msgs/px4_msgs/msg/detail/debug_value__rosidl_typesupport_introspection_c.h\n'}
[1.023926] (px4_msgs) StdoutLine: {'line': b'-- Up-to-date: /home/mustardking/ws_sensor_combined/install/px4_msgs/include/px4_msgs/px4_msgs/msg/detail/rtl_time_estimate__type_support.c\n'}
[1.023972] (px4_msgs) StdoutLine: {'line': b'-- Up-to-date: /home/mustardking/ws_sensor_combined/install/px4_msgs/include/px4_msgs/px4_msgs/msg/detail/orb_test_large__type_support.c\n'}
[1.023994] (px4_msgs) StdoutLine: {'line': b'-- Up-to-date: /home/mustardking/ws_sensor_combined/install/px4_msgs/include/px4_msgs/px4_msgs/msg/detail/vehicle_constraints__type_support.c\n'}
[1.024016] (px4_msgs) StdoutLine: {'line': b'-- Up-to-date: /home/mustardking/ws_sensor_combined/install/px4_msgs/include/px4_msgs/px4_msgs/msg/detail/sensor_optical_flow__rosidl_typesupport_introspection_c.h\n'}
[1.024039] (px4_msgs) StdoutLine: {'line': b'-- Up-to-date: /home/mustardking/ws_sensor_combined/install/px4_msgs/include/px4_msgs/px4_msgs/msg/detail/fixed_wing_runway_control__type_support.c\n'}
[1.024061] (px4_msgs) StdoutLine: {'line': b'-- Up-to-date: /home/mustardking/ws_sensor_combined/install/px4_msgs/include/px4_msgs/px4_msgs/msg/detail/vehicle_odometry__type_support.c\n'}
[1.024098] (px4_msgs) StdoutLine: {'line': b'-- Up-to-date: /home/mustardking/ws_sensor_combined/install/px4_msgs/include/px4_msgs/px4_msgs/msg/detail/sensor_baro__type_support.c\n'}
[1.024122] (px4_msgs) StdoutLine: {'line': b'-- Up-to-date: /home/mustardking/ws_sensor_combined/install/px4_msgs/include/px4_msgs/px4_msgs/msg/detail/gimbal_device_information__rosidl_typesupport_introspection_c.h\n'}
[1.024144] (px4_msgs) StdoutLine: {'line': b'-- Up-to-date: /home/mustardking/ws_sensor_combined/install/px4_msgs/include/px4_msgs/px4_msgs/msg/detail/open_drone_id_operator_id__rosidl_typesupport_introspection_c.h\n'}
[1.024168] (px4_msgs) StdoutLine: {'line': b'-- Up-to-date: /home/mustardking/ws_sensor_combined/install/px4_msgs/include/px4_msgs/px4_msgs/msg/detail/trajectory_setpoint__type_support.c\n'}
[1.024190] (px4_msgs) StdoutLine: {'line': b'-- Up-to-date: /home/mustardking/ws_sensor_combined/install/px4_msgs/include/px4_msgs/px4_msgs/msg/detail/gps_inject_data__rosidl_typesupport_introspection_c.h\n'}
[1.024214] (px4_msgs) StdoutLine: {'line': b'-- Up-to-date: /home/mustardking/ws_sensor_combined/install/px4_msgs/include/px4_msgs/px4_msgs/msg/detail/heater_status__type_support.c\n'}
[1.024258] (px4_msgs) StdoutLine: {'line': b'-- Up-to-date: /home/mustardking/ws_sensor_combined/install/px4_msgs/include/px4_msgs/px4_msgs/msg/detail/iridiumsbd_status__type_support.c\n'}
[1.024281] (px4_msgs) StdoutLine: {'line': b'-- Up-to-date: /home/mustardking/ws_sensor_combined/install/px4_msgs/include/px4_msgs/px4_msgs/msg/detail/open_drone_id_system__type_support.c\n'}
[1.024303] (px4_msgs) StdoutLine: {'line': b'-- Up-to-date: /home/mustardking/ws_sensor_combined/install/px4_msgs/include/px4_msgs/px4_msgs/msg/detail/sensor_gyro_fft__type_support.c\n'}
[1.024325] (px4_msgs) StdoutLine: {'line': b'-- Up-to-date: /home/mustardking/ws_sensor_combined/install/px4_msgs/include/px4_msgs/px4_msgs/msg/detail/battery_status__type_support.c\n'}
[1.024347] (px4_msgs) StdoutLine: {'line': b'-- Up-to-date: /home/mustardking/ws_sensor_combined/install/px4_msgs/include/px4_msgs/px4_msgs/msg/detail/esc_report__rosidl_typesupport_introspection_c.h\n'}
[1.024391] (px4_msgs) StdoutLine: {'line': b'-- Up-to-date: /home/mustardking/ws_sensor_combined/install/px4_msgs/include/px4_msgs/px4_msgs/msg/detail/telemetry_status__type_support.c\n'}
[1.024413] (px4_msgs) StdoutLine: {'line': b'-- Up-to-date: /home/mustardking/ws_sensor_combined/install/px4_msgs/include/px4_msgs/px4_msgs/msg/detail/mavlink_log__rosidl_typesupport_introspection_c.h\n'}
[1.024453] (px4_msgs) StdoutLine: {'line': b'-- Up-to-date: /home/mustardking/ws_sensor_combined/install/px4_msgs/include/px4_msgs/px4_msgs/msg/detail/camera_status__rosidl_typesupport_introspection_c.h\n'}
[1.024480] (px4_msgs) StdoutLine: {'line': b'-- Up-to-date: /home/mustardking/ws_sensor_combined/install/px4_msgs/lib/libpx4_msgs__rosidl_typesupport_introspection_c.so\n'}
[1.024502] (px4_msgs) StdoutLine: {'line': b'-- Up-to-date: /home/mustardking/ws_sensor_combined/install/px4_msgs/lib/libpx4_msgs__rosidl_typesupport_c.so\n'}
[1.024552] (px4_msgs) StdoutLine: {'line': b'-- Up-to-date: /home/mustardking/ws_sensor_combined/install/px4_msgs/include/px4_msgs/px4_msgs\n'}
[1.024581] (px4_msgs) StdoutLine: {'line': b'-- Up-to-date: /home/mustardking/ws_sensor_combined/install/px4_msgs/include/px4_msgs/px4_msgs/srv\n'}
[1.024613] (px4_msgs) StdoutLine: {'line': b'-- Up-to-date: /home/mustardking/ws_sensor_combined/install/px4_msgs/include/px4_msgs/px4_msgs/srv/detail\n'}
[1.024643] (px4_msgs) StdoutLine: {'line': b'-- Up-to-date: /home/mustardking/ws_sensor_combined/install/px4_msgs/include/px4_msgs/px4_msgs/srv/detail/vehicle_command__rosidl_typesupport_introspection_cpp.hpp\n'}
[1.024666] (px4_msgs) StdoutLine: {'line': b'-- Up-to-date: /home/mustardking/ws_sensor_combined/install/px4_msgs/include/px4_msgs/px4_msgs/srv/detail/vehicle_command__type_support.cpp\n'}
[1.024706] (px4_msgs) StdoutLine: {'line': b'-- Up-to-date: /home/mustardking/ws_sensor_combined/install/px4_msgs/include/px4_msgs/px4_msgs/msg\n'}
[1.024728] (px4_msgs) StdoutLine: {'line': b'-- Up-to-date: /home/mustardking/ws_sensor_combined/install/px4_msgs/include/px4_msgs/px4_msgs/msg/detail\n'}
[1.024750] (px4_msgs) StdoutLine: {'line': b'-- Up-to-date: /home/mustardking/ws_sensor_combined/install/px4_msgs/include/px4_msgs/px4_msgs/msg/detail/lateral_control_configuration__rosidl_typesupport_introspection_cpp.hpp\n'}
[1.024772] (px4_msgs) StdoutLine: {'line': b'-- Up-to-date: /home/mustardking/ws_sensor_combined/install/px4_msgs/include/px4_msgs/px4_msgs/msg/detail/cpuload__type_support.cpp\n'}
[1.024795] (px4_msgs) StdoutLine: {'line': b'-- Up-to-date: /home/mustardking/ws_sensor_combined/install/px4_msgs/include/px4_msgs/px4_msgs/msg/detail/rtl_time_estimate__rosidl_typesupport_introspection_cpp.hpp\n'}
[1.024817] (px4_msgs) StdoutLine: {'line': b'-- Up-to-date: /home/mustardking/ws_sensor_combined/install/px4_msgs/include/px4_msgs/px4_msgs/msg/detail/health_report__type_support.cpp\n'}
[1.024915] (px4_msgs) StdoutLine: {'line': b'-- Up-to-date: /home/mustardking/ws_sensor_combined/install/px4_msgs/include/px4_msgs/px4_msgs/msg/detail/camera_trigger__rosidl_typesupport_introspection_cpp.hpp\n'}
[1.024958] (px4_msgs) StdoutLine: {'line': b'-- Up-to-date: /home/mustardking/ws_sensor_combined/install/px4_msgs/include/px4_msgs/px4_msgs/msg/detail/landing_target_innovations__rosidl_typesupport_introspection_cpp.hpp\n'}
[1.024982] (px4_msgs) StdoutLine: {'line': b'-- Up-to-date: /home/mustardking/ws_sensor_combined/install/px4_msgs/include/px4_msgs/px4_msgs/msg/detail/sensor_baro__rosidl_typesupport_introspection_cpp.hpp\n'}
[1.025004] (px4_msgs) StdoutLine: {'line': b'-- Up-to-date: /home/mustardking/ws_sensor_combined/install/px4_msgs/include/px4_msgs/px4_msgs/msg/detail/actuator_servos__rosidl_typesupport_introspection_cpp.hpp\n'}
[1.025029] (px4_msgs) StdoutLine: {'line': b'-- Up-to-date: /home/mustardking/ws_sensor_combined/install/px4_msgs/include/px4_msgs/px4_msgs/msg/detail/estimator_aid_source1d__rosidl_typesupport_introspection_cpp.hpp\n'}
[1.025051] (px4_msgs) StdoutLine: {'line': b'-- Up-to-date: /home/mustardking/ws_sensor_combined/install/px4_msgs/include/px4_msgs/px4_msgs/msg/detail/fixed_wing_runway_control__type_support.cpp\n'}
[1.025106] (px4_msgs) StdoutLine: {'line': b'-- Up-to-date: /home/mustardking/ws_sensor_combined/install/px4_msgs/include/px4_msgs/px4_msgs/msg/detail/pps_capture__rosidl_typesupport_introspection_cpp.hpp\n'}
[1.025130] (px4_msgs) StdoutLine: {'line': b'-- Up-to-date: /home/mustardking/ws_sensor_combined/install/px4_msgs/include/px4_msgs/px4_msgs/msg/detail/rover_attitude_setpoint__type_support.cpp\n'}
[1.025153] (px4_msgs) StdoutLine: {'line': b'-- Up-to-date: /home/mustardking/ws_sensor_combined/install/px4_msgs/include/px4_msgs/px4_msgs/msg/detail/position_controller_landing_status__rosidl_typesupport_introspection_cpp.hpp\n'}
[1.025175] (px4_msgs) StdoutLine: {'line': b'-- Up-to-date: /home/mustardking/ws_sensor_combined/install/px4_msgs/include/px4_msgs/px4_msgs/msg/detail/arming_check_reply__rosidl_typesupport_introspection_cpp.hpp\n'}
[1.025197] (px4_msgs) StdoutLine: {'line': b'-- Up-to-date: /home/mustardking/ws_sensor_combined/install/px4_msgs/include/px4_msgs/px4_msgs/msg/detail/event__rosidl_typesupport_introspection_cpp.hpp\n'}
[1.025219] (px4_msgs) StdoutLine: {'line': b'-- Up-to-date: /home/mustardking/ws_sensor_combined/install/px4_msgs/include/px4_msgs/px4_msgs/msg/detail/sensors_status_imu__rosidl_typesupport_introspection_cpp.hpp\n'}
[1.025260] (px4_msgs) StdoutLine: {'line': b'-- Up-to-date: /home/mustardking/ws_sensor_combined/install/px4_msgs/include/px4_msgs/px4_msgs/msg/detail/camera_status__type_support.cpp\n'}
[1.025299] (px4_msgs) StdoutLine: {'line': b'-- Up-to-date: /home/mustardking/ws_sensor_combined/install/px4_msgs/include/px4_msgs/px4_msgs/msg/detail/debug_value__rosidl_typesupport_introspection_cpp.hpp\n'}
[1.025323] (px4_msgs) StdoutLine: {'line': b'-- Up-to-date: /home/mustardking/ws_sensor_combined/install/px4_msgs/include/px4_msgs/px4_msgs/msg/detail/control_allocator_status__type_support.cpp\n'}
[1.025345] (px4_msgs) StdoutLine: {'line': b'-- Up-to-date: /home/mustardking/ws_sensor_combined/install/px4_msgs/include/px4_msgs/px4_msgs/msg/detail/sensors_status_imu__type_support.cpp\n'}
[1.025387] (px4_msgs) StdoutLine: {'line': b'-- Up-to-date: /home/mustardking/ws_sensor_combined/install/px4_msgs/include/px4_msgs/px4_msgs/msg/detail/rpm__rosidl_typesupport_introspection_cpp.hpp\n'}
[1.025423] (px4_msgs) StdoutLine: {'line': b'-- Up-to-date: /home/mustardking/ws_sensor_combined/install/px4_msgs/include/px4_msgs/px4_msgs/msg/detail/tiltrotor_extra_controls__rosidl_typesupport_introspection_cpp.hpp\n'}
[1.025449] (px4_msgs) StdoutLine: {'line': b'-- Up-to-date: /home/mustardking/ws_sensor_combined/install/px4_msgs/include/px4_msgs/px4_msgs/msg/detail/vehicle_attitude__rosidl_typesupport_introspection_cpp.hpp\n'}
[1.025471] (px4_msgs) StdoutLine: {'line': b'-- Up-to-date: /home/mustardking/ws_sensor_combined/install/px4_msgs/include/px4_msgs/px4_msgs/msg/detail/rover_steering_setpoint__type_support.cpp\n'}
[1.025495] (px4_msgs) StdoutLine: {'line': b'-- Up-to-date: /home/mustardking/ws_sensor_combined/install/px4_msgs/include/px4_msgs/px4_msgs/msg/detail/pwm_input__type_support.cpp\n'}
[1.025518] (px4_msgs) StdoutLine: {'line': b'-- Up-to-date: /home/mustardking/ws_sensor_combined/install/px4_msgs/include/px4_msgs/px4_msgs/msg/detail/actuator_servos_trim__rosidl_typesupport_introspection_cpp.hpp\n'}
[1.025561] (px4_msgs) StdoutLine: {'line': b'-- Up-to-date: /home/mustardking/ws_sensor_combined/install/px4_msgs/include/px4_msgs/px4_msgs/msg/detail/power_button_state__rosidl_typesupport_introspection_cpp.hpp\n'}
[1.025583] (px4_msgs) StdoutLine: {'line': b'-- Up-to-date: /home/mustardking/ws_sensor_combined/install/px4_msgs/include/px4_msgs/px4_msgs/msg/detail/onboard_computer_status__rosidl_typesupport_introspection_cpp.hpp\n'}
[1.025605] (px4_msgs) StdoutLine: {'line': b'-- Up-to-date: /home/mustardking/ws_sensor_combined/install/px4_msgs/include/px4_msgs/px4_msgs/msg/detail/vehicle_status__type_support.cpp\n'}
[1.025627] (px4_msgs) StdoutLine: {'line': b'-- Up-to-date: /home/mustardking/ws_sensor_combined/install/px4_msgs/include/px4_msgs/px4_msgs/msg/detail/hover_thrust_estimate__type_support.cpp\n'}
[1.025649] (px4_msgs) StdoutLine: {'line': b'-- Up-to-date: /home/mustardking/ws_sensor_combined/install/px4_msgs/include/px4_msgs/px4_msgs/msg/detail/autotune_attitude_control_status__type_support.cpp\n'}
[1.025707] (px4_msgs) StdoutLine: {'line': b'-- Up-to-date: /home/mustardking/ws_sensor_combined/install/px4_msgs/include/px4_msgs/px4_msgs/msg/detail/vehicle_attitude_setpoint__type_support.cpp\n'}
[1.025732] (px4_msgs) StdoutLine: {'line': b'-- Up-to-date: /home/mustardking/ws_sensor_combined/install/px4_msgs/include/px4_msgs/px4_msgs/msg/detail/orb_test_medium__rosidl_typesupport_introspection_cpp.hpp\n'}
[1.025755] (px4_msgs) StdoutLine: {'line': b'-- Up-to-date: /home/mustardking/ws_sensor_combined/install/px4_msgs/include/px4_msgs/px4_msgs/msg/detail/fixed_wing_lateral_guidance_status__type_support.cpp\n'}
[1.025798] (px4_msgs) StdoutLine: {'line': b'-- Up-to-date: /home/mustardking/ws_sensor_combined/install/px4_msgs/include/px4_msgs/px4_msgs/msg/detail/position_controller_status__type_support.cpp\n'}
[1.025821] (px4_msgs) StdoutLine: {'line': b'-- Up-to-date: /home/mustardking/ws_sensor_combined/install/px4_msgs/include/px4_msgs/px4_msgs/msg/detail/rover_rate_setpoint__rosidl_typesupport_introspection_cpp.hpp\n'}
[1.025844] (px4_msgs) StdoutLine: {'line': b'-- Up-to-date: /home/mustardking/ws_sensor_combined/install/px4_msgs/include/px4_msgs/px4_msgs/msg/detail/button_event__rosidl_typesupport_introspection_cpp.hpp\n'}
[1.025866] (px4_msgs) StdoutLine: {'line': b'-- Up-to-date: /home/mustardking/ws_sensor_combined/install/px4_msgs/include/px4_msgs/px4_msgs/msg/detail/ping__rosidl_typesupport_introspection_cpp.hpp\n'}
[1.025910] (px4_msgs) StdoutLine: {'line': b'-- Up-to-date: /home/mustardking/ws_sensor_combined/install/px4_msgs/include/px4_msgs/px4_msgs/msg/detail/trajectory_setpoint6dof__type_support.cpp\n'}
[1.025947] (px4_msgs) StdoutLine: {'line': b'-- Up-to-date: /home/mustardking/ws_sensor_combined/install/px4_msgs/include/px4_msgs/px4_msgs/msg/detail/radio_status__type_support.cpp\n'}
[1.025970] (px4_msgs) StdoutLine: {'line': b'-- Up-to-date: /home/mustardking/ws_sensor_combined/install/px4_msgs/include/px4_msgs/px4_msgs/msg/detail/estimator_aid_source3d__type_support.cpp\n'}
[1.025992] (px4_msgs) StdoutLine: {'line': b'-- Up-to-date: /home/mustardking/ws_sensor_combined/install/px4_msgs/include/px4_msgs/px4_msgs/msg/detail/vehicle_status__rosidl_typesupport_introspection_cpp.hpp\n'}
[1.026045] (px4_msgs) StdoutLine: {'line': b'-- Up-to-date: /home/mustardking/ws_sensor_combined/install/px4_msgs/include/px4_msgs/px4_msgs/msg/detail/estimator_selector_status__type_support.cpp\n'}
[1.026069] (px4_msgs) StdoutLine: {'line': b'-- Up-to-date: /home/mustardking/ws_sensor_combined/install/px4_msgs/include/px4_msgs/px4_msgs/msg/detail/sensor_gps__rosidl_typesupport_introspection_cpp.hpp\n'}
[1.026096] (px4_msgs) StdoutLine: {'line': b'-- Up-to-date: /home/mustardking/ws_sensor_combined/install/px4_msgs/include/px4_msgs/px4_msgs/msg/detail/parameter_set_used_request__type_support.cpp\n'}
[1.026117] (px4_msgs) StdoutLine: {'line': b'-- Up-to-date: /home/mustardking/ws_sensor_combined/install/px4_msgs/include/px4_msgs/px4_msgs/msg/detail/magnetometer_bias_estimate__rosidl_typesupport_introspection_cpp.hpp\n'}
[1.026155] (px4_msgs) StdoutLine: {'line': b'-- Up-to-date: /home/mustardking/ws_sensor_combined/install/px4_msgs/include/px4_msgs/px4_msgs/msg/detail/tune_control__rosidl_typesupport_introspection_cpp.hpp\n'}
[1.026177] (px4_msgs) StdoutLine: {'line': b'-- Up-to-date: /home/mustardking/ws_sensor_combined/install/px4_msgs/include/px4_msgs/px4_msgs/msg/detail/orbit_status__rosidl_typesupport_introspection_cpp.hpp\n'}
[1.026200] (px4_msgs) StdoutLine: {'line': b'-- Up-to-date: /home/mustardking/ws_sensor_combined/install/px4_msgs/include/px4_msgs/px4_msgs/msg/detail/estimator_event_flags__type_support.cpp\n'}
[1.026225] (px4_msgs) StdoutLine: {'line': b'-- Up-to-date: /home/mustardking/ws_sensor_combined/install/px4_msgs/include/px4_msgs/px4_msgs/msg/detail/vehicle_odometry__type_support.cpp\n'}
[1.026249] (px4_msgs) StdoutLine: {'line': b'-- Up-to-date: /home/mustardking/ws_sensor_combined/install/px4_msgs/include/px4_msgs/px4_msgs/msg/detail/sensor_gnss_relative__type_support.cpp\n'}
[1.026271] (px4_msgs) StdoutLine: {'line': b'-- Up-to-date: /home/mustardking/ws_sensor_combined/install/px4_msgs/include/px4_msgs/px4_msgs/msg/detail/parameter_set_used_request__rosidl_typesupport_introspection_cpp.hpp\n'}
[1.026293] (px4_msgs) StdoutLine: {'line': b'-- Up-to-date: /home/mustardking/ws_sensor_combined/install/px4_msgs/include/px4_msgs/px4_msgs/msg/detail/qshell_req__type_support.cpp\n'}
[1.026332] (px4_msgs) StdoutLine: {'line': b'-- Up-to-date: /home/mustardking/ws_sensor_combined/install/px4_msgs/include/px4_msgs/px4_msgs/msg/detail/wheel_encoders__type_support.cpp\n'}
[1.026355] (px4_msgs) StdoutLine: {'line': b'-- Up-to-date: /home/mustardking/ws_sensor_combined/install/px4_msgs/include/px4_msgs/px4_msgs/msg/detail/gpio_in__rosidl_typesupport_introspection_cpp.hpp\n'}
[1.026377] (px4_msgs) StdoutLine: {'line': b'-- Up-to-date: /home/mustardking/ws_sensor_combined/install/px4_msgs/include/px4_msgs/px4_msgs/msg/detail/sensor_preflight_mag__rosidl_typesupport_introspection_cpp.hpp\n'}
[1.026399] (px4_msgs) StdoutLine: {'line': b'-- Up-to-date: /home/mustardking/ws_sensor_combined/install/px4_msgs/include/px4_msgs/px4_msgs/msg/detail/orb_test_medium__type_support.cpp\n'}
[1.026439] (px4_msgs) StdoutLine: {'line': b'-- Up-to-date: /home/mustardking/ws_sensor_combined/install/px4_msgs/include/px4_msgs/px4_msgs/msg/detail/vehicle_command_ack__rosidl_typesupport_introspection_cpp.hpp\n'}
[1.026470] (px4_msgs) StdoutLine: {'line': b'-- Up-to-date: /home/mustardking/ws_sensor_combined/install/px4_msgs/include/px4_msgs/px4_msgs/msg/detail/sensor_baro__type_support.cpp\n'}
[1.026495] (px4_msgs) StdoutLine: {'line': b'-- Up-to-date: /home/mustardking/ws_sensor_combined/install/px4_msgs/include/px4_msgs/px4_msgs/msg/detail/vehicle_control_mode__rosidl_typesupport_introspection_cpp.hpp\n'}
[1.026524] (px4_msgs) StdoutLine: {'line': b'-- Up-to-date: /home/mustardking/ws_sensor_combined/install/px4_msgs/include/px4_msgs/px4_msgs/msg/detail/telemetry_status__type_support.cpp\n'}
[1.026546] (px4_msgs) StdoutLine: {'line': b'-- Up-to-date: /home/mustardking/ws_sensor_combined/install/px4_msgs/include/px4_msgs/px4_msgs/msg/detail/parameter_update__rosidl_typesupport_introspection_cpp.hpp\n'}
[1.026569] (px4_msgs) StdoutLine: {'line': b'-- Up-to-date: /home/mustardking/ws_sensor_combined/install/px4_msgs/include/px4_msgs/px4_msgs/msg/detail/vehicle_acceleration__rosidl_typesupport_introspection_cpp.hpp\n'}
[1.026605] (px4_msgs) StdoutLine: {'line': b'-- Up-to-date: /home/mustardking/ws_sensor_combined/install/px4_msgs/include/px4_msgs/px4_msgs/msg/detail/home_position__rosidl_typesupport_introspection_cpp.hpp\n'}
[1.026630] (px4_msgs) StdoutLine: {'line': b'-- Up-to-date: /home/mustardking/ws_sensor_combined/install/px4_msgs/include/px4_msgs/px4_msgs/msg/detail/sensors_status__type_support.cpp\n'}
[1.026652] (px4_msgs) StdoutLine: {'line': b'-- Up-to-date: /home/mustardking/ws_sensor_combined/install/px4_msgs/include/px4_msgs/px4_msgs/msg/detail/fixed_wing_lateral_guidance_status__rosidl_typesupport_introspection_cpp.hpp\n'}
[1.026683] (px4_msgs) StdoutLine: {'line': b'-- Up-to-date: /home/mustardking/ws_sensor_combined/install/px4_msgs/include/px4_msgs/px4_msgs/msg/detail/vehicle_magnetometer__rosidl_typesupport_introspection_cpp.hpp\n'}
[1.026705] (px4_msgs) StdoutLine: {'line': b'-- Up-to-date: /home/mustardking/ws_sensor_combined/install/px4_msgs/include/px4_msgs/px4_msgs/msg/detail/vehicle_imu_status__type_support.cpp\n'}
[1.026742] (px4_msgs) StdoutLine: {'line': b'-- Up-to-date: /home/mustardking/ws_sensor_combined/install/px4_msgs/include/px4_msgs/px4_msgs/msg/detail/vehicle_optical_flow_vel__type_support.cpp\n'}
[1.026764] (px4_msgs) StdoutLine: {'line': b'-- Up-to-date: /home/mustardking/ws_sensor_combined/install/px4_msgs/include/px4_msgs/px4_msgs/msg/detail/sensor_gps__type_support.cpp\n'}
[1.026786] (px4_msgs) StdoutLine: {'line': b'-- Up-to-date: /home/mustardking/ws_sensor_combined/install/px4_msgs/include/px4_msgs/px4_msgs/msg/detail/rover_throttle_setpoint__rosidl_typesupport_introspection_cpp.hpp\n'}
[1.026808] (px4_msgs) StdoutLine: {'line': b'-- Up-to-date: /home/mustardking/ws_sensor_combined/install/px4_msgs/include/px4_msgs/px4_msgs/msg/detail/led_control__type_support.cpp\n'}
[1.026830] (px4_msgs) StdoutLine: {'line': b'-- Up-to-date: /home/mustardking/ws_sensor_combined/install/px4_msgs/include/px4_msgs/px4_msgs/msg/detail/px4io_status__type_support.cpp\n'}
[1.026852] (px4_msgs) StdoutLine: {'line': b'-- Up-to-date: /home/mustardking/ws_sensor_combined/install/px4_msgs/include/px4_msgs/px4_msgs/msg/detail/actuator_test__type_support.cpp\n'}
[1.026892] (px4_msgs) StdoutLine: {'line': b'-- Up-to-date: /home/mustardking/ws_sensor_combined/install/px4_msgs/include/px4_msgs/px4_msgs/msg/detail/open_drone_id_self_id__rosidl_typesupport_introspection_cpp.hpp\n'}
[1.026922] (px4_msgs) StdoutLine: {'line': b'-- Up-to-date: /home/mustardking/ws_sensor_combined/install/px4_msgs/include/px4_msgs/px4_msgs/msg/detail/mission__rosidl_typesupport_introspection_cpp.hpp\n'}
[1.026948] (px4_msgs) StdoutLine: {'line': b'-- Up-to-date: /home/mustardking/ws_sensor_combined/install/px4_msgs/include/px4_msgs/px4_msgs/msg/detail/orb_test_large__type_support.cpp\n'}
[1.026969] (px4_msgs) StdoutLine: {'line': b'-- Up-to-date: /home/mustardking/ws_sensor_combined/install/px4_msgs/include/px4_msgs/px4_msgs/msg/detail/sensors_status__rosidl_typesupport_introspection_cpp.hpp\n'}
[1.026992] (px4_msgs) StdoutLine: {'line': b'-- Up-to-date: /home/mustardking/ws_sensor_combined/install/px4_msgs/include/px4_msgs/px4_msgs/msg/detail/register_ext_component_reply__rosidl_typesupport_introspection_cpp.hpp\n'}
[1.027032] (px4_msgs) StdoutLine: {'line': b'-- Up-to-date: /home/mustardking/ws_sensor_combined/install/px4_msgs/include/px4_msgs/px4_msgs/msg/detail/estimator_innovations__rosidl_typesupport_introspection_cpp.hpp\n'}
[1.027054] (px4_msgs) StdoutLine: {'line': b'-- Up-to-date: /home/mustardking/ws_sensor_combined/install/px4_msgs/include/px4_msgs/px4_msgs/msg/detail/geofence_result__type_support.cpp\n'}
[1.027076] (px4_msgs) StdoutLine: {'line': b'-- Up-to-date: /home/mustardking/ws_sensor_combined/install/px4_msgs/include/px4_msgs/px4_msgs/msg/detail/actuator_controls_status__rosidl_typesupport_introspection_cpp.hpp\n'}
[1.027115] (px4_msgs) StdoutLine: {'line': b'-- Up-to-date: /home/mustardking/ws_sensor_combined/install/px4_msgs/include/px4_msgs/px4_msgs/msg/detail/estimator_bias__rosidl_typesupport_introspection_cpp.hpp\n'}
[1.027140] (px4_msgs) StdoutLine: {'line': b'-- Up-to-date: /home/mustardking/ws_sensor_combined/install/px4_msgs/include/px4_msgs/px4_msgs/msg/detail/sensor_accel__type_support.cpp\n'}
[1.027186] (px4_msgs) StdoutLine: {'line': b'-- Up-to-date: /home/mustardking/ws_sensor_combined/install/px4_msgs/include/px4_msgs/px4_msgs/msg/detail/gimbal_controls__type_support.cpp\n'}
[1.027217] (px4_msgs) StdoutLine: {'line': b'-- Up-to-date: /home/mustardking/ws_sensor_combined/install/px4_msgs/include/px4_msgs/px4_msgs/msg/detail/pwm_input__rosidl_typesupport_introspection_cpp.hpp\n'}
[1.027240] (px4_msgs) StdoutLine: {'line': b'-- Up-to-date: /home/mustardking/ws_sensor_combined/install/px4_msgs/include/px4_msgs/px4_msgs/msg/detail/ulog_stream__type_support.cpp\n'}
[1.027262] (px4_msgs) StdoutLine: {'line': b'-- Up-to-date: /home/mustardking/ws_sensor_combined/install/px4_msgs/include/px4_msgs/px4_msgs/msg/detail/collision_constraints__type_support.cpp\n'}
[1.027284] (px4_msgs) StdoutLine: {'line': b'-- Up-to-date: /home/mustardking/ws_sensor_combined/install/px4_msgs/include/px4_msgs/px4_msgs/msg/detail/vehicle_torque_setpoint__type_support.cpp\n'}
[1.027322] (px4_msgs) StdoutLine: {'line': b'-- Up-to-date: /home/mustardking/ws_sensor_combined/install/px4_msgs/include/px4_msgs/px4_msgs/msg/detail/gpio_in__type_support.cpp\n'}
[1.027345] (px4_msgs) StdoutLine: {'line': b'-- Up-to-date: /home/mustardking/ws_sensor_combined/install/px4_msgs/include/px4_msgs/px4_msgs/msg/detail/sensor_accel_fifo__rosidl_typesupport_introspection_cpp.hpp\n'}
[1.027367] (px4_msgs) StdoutLine: {'line': b'-- Up-to-date: /home/mustardking/ws_sensor_combined/install/px4_msgs/include/px4_msgs/px4_msgs/msg/detail/actuator_test__rosidl_typesupport_introspection_cpp.hpp\n'}
[1.027390] (px4_msgs) StdoutLine: {'line': b'-- Up-to-date: /home/mustardking/ws_sensor_combined/install/px4_msgs/include/px4_msgs/px4_msgs/msg/detail/rover_steering_setpoint__rosidl_typesupport_introspection_cpp.hpp\n'}
[1.027413] (px4_msgs) StdoutLine: {'line': b'-- Up-to-date: /home/mustardking/ws_sensor_combined/install/px4_msgs/include/px4_msgs/px4_msgs/msg/detail/power_monitor__type_support.cpp\n'}
[1.027436] (px4_msgs) StdoutLine: {'line': b'-- Up-to-date: /home/mustardking/ws_sensor_combined/install/px4_msgs/include/px4_msgs/px4_msgs/msg/detail/vehicle_thrust_setpoint__rosidl_typesupport_introspection_cpp.hpp\n'}
[1.027459] (px4_msgs) StdoutLine: {'line': b'-- Up-to-date: /home/mustardking/ws_sensor_combined/install/px4_msgs/include/px4_msgs/px4_msgs/msg/detail/neural_control__rosidl_typesupport_introspection_cpp.hpp\n'}
[1.027496] (px4_msgs) StdoutLine: {'line': b'-- Up-to-date: /home/mustardking/ws_sensor_combined/install/px4_msgs/include/px4_msgs/px4_msgs/msg/detail/obstacle_distance__type_support.cpp\n'}
[1.027519] (px4_msgs) StdoutLine: {'line': b'-- Up-to-date: /home/mustardking/ws_sensor_combined/install/px4_msgs/include/px4_msgs/px4_msgs/msg/detail/dronecan_node_status__rosidl_typesupport_introspection_cpp.hpp\n'}
[1.027564] (px4_msgs) StdoutLine: {'line': b'-- Up-to-date: /home/mustardking/ws_sensor_combined/install/px4_msgs/include/px4_msgs/px4_msgs/msg/detail/sensor_correction__rosidl_typesupport_introspection_cpp.hpp\n'}
[1.027588] (px4_msgs) StdoutLine: {'line': b'-- Up-to-date: /home/mustardking/ws_sensor_combined/install/px4_msgs/include/px4_msgs/px4_msgs/msg/detail/gps_dump__rosidl_typesupport_introspection_cpp.hpp\n'}
[1.027632] (px4_msgs) StdoutLine: {'line': b'-- Up-to-date: /home/mustardking/ws_sensor_combined/install/px4_msgs/include/px4_msgs/px4_msgs/msg/detail/unregister_ext_component__rosidl_typesupport_introspection_cpp.hpp\n'}
[1.027655] (px4_msgs) StdoutLine: {'line': b'-- Up-to-date: /home/mustardking/ws_sensor_combined/install/px4_msgs/include/px4_msgs/px4_msgs/msg/detail/esc_report__rosidl_typesupport_introspection_cpp.hpp\n'}
[1.027681] (px4_msgs) StdoutLine: {'line': b'-- Up-to-date: /home/mustardking/ws_sensor_combined/install/px4_msgs/include/px4_msgs/px4_msgs/msg/detail/rover_speed_status__rosidl_typesupport_introspection_cpp.hpp\n'}
[1.027703] (px4_msgs) StdoutLine: {'line': b'-- Up-to-date: /home/mustardking/ws_sensor_combined/install/px4_msgs/include/px4_msgs/px4_msgs/msg/detail/trajectory_setpoint__rosidl_typesupport_introspection_cpp.hpp\n'}
[1.027727] (px4_msgs) StdoutLine: {'line': b'-- Up-to-date: /home/mustardking/ws_sensor_combined/install/px4_msgs/include/px4_msgs/px4_msgs/msg/detail/ekf2_timestamps__type_support.cpp\n'}
[1.027748] (px4_msgs) StdoutLine: {'line': b'-- Up-to-date: /home/mustardking/ws_sensor_combined/install/px4_msgs/include/px4_msgs/px4_msgs/msg/detail/gripper__rosidl_typesupport_introspection_cpp.hpp\n'}
[1.027793] (px4_msgs) StdoutLine: {'line': b'-- Up-to-date: /home/mustardking/ws_sensor_combined/install/px4_msgs/include/px4_msgs/px4_msgs/msg/detail/rc_parameter_map__rosidl_typesupport_introspection_cpp.hpp\n'}
[1.027817] (px4_msgs) StdoutLine: {'line': b'-- Up-to-date: /home/mustardking/ws_sensor_combined/install/px4_msgs/include/px4_msgs/px4_msgs/msg/detail/config_overrides__rosidl_typesupport_introspection_cpp.hpp\n'}
[1.027840] (px4_msgs) StdoutLine: {'line': b'-- Up-to-date: /home/mustardking/ws_sensor_combined/install/px4_msgs/include/px4_msgs/px4_msgs/msg/detail/debug_vect__type_support.cpp\n'}
[1.027862] (px4_msgs) StdoutLine: {'line': b'-- Up-to-date: /home/mustardking/ws_sensor_combined/install/px4_msgs/include/px4_msgs/px4_msgs/msg/detail/wind__rosidl_typesupport_introspection_cpp.hpp\n'}
[1.027884] (px4_msgs) StdoutLine: {'line': b'-- Up-to-date: /home/mustardking/ws_sensor_combined/install/px4_msgs/include/px4_msgs/px4_msgs/msg/detail/power_monitor__rosidl_typesupport_introspection_cpp.hpp\n'}
[1.027926] (px4_msgs) StdoutLine: {'line': b'-- Up-to-date: /home/mustardking/ws_sensor_combined/install/px4_msgs/include/px4_msgs/px4_msgs/msg/detail/gimbal_device_attitude_status__type_support.cpp\n'}
[1.027948] (px4_msgs) StdoutLine: {'line': b'-- Up-to-date: /home/mustardking/ws_sensor_combined/install/px4_msgs/include/px4_msgs/px4_msgs/msg/detail/vehicle_imu__rosidl_typesupport_introspection_cpp.hpp\n'}
[1.027970] (px4_msgs) StdoutLine: {'line': b'-- Up-to-date: /home/mustardking/ws_sensor_combined/install/px4_msgs/include/px4_msgs/px4_msgs/msg/detail/rover_speed_status__type_support.cpp\n'}
[1.027994] (px4_msgs) StdoutLine: {'line': b'-- Up-to-date: /home/mustardking/ws_sensor_combined/install/px4_msgs/include/px4_msgs/px4_msgs/msg/detail/rover_rate_setpoint__type_support.cpp\n'}
[1.028016] (px4_msgs) StdoutLine: {'line': b'-- Up-to-date: /home/mustardking/ws_sensor_combined/install/px4_msgs/include/px4_msgs/px4_msgs/msg/detail/actuator_motors__type_support.cpp\n'}
[1.028040] (px4_msgs) StdoutLine: {'line': b'-- Up-to-date: /home/mustardking/ws_sensor_combined/install/px4_msgs/include/px4_msgs/px4_msgs/msg/detail/follow_target_status__rosidl_typesupport_introspection_cpp.hpp\n'}
[1.028084] (px4_msgs) StdoutLine: {'line': b'-- Up-to-date: /home/mustardking/ws_sensor_combined/install/px4_msgs/include/px4_msgs/px4_msgs/msg/detail/magnetometer_bias_estimate__type_support.cpp\n'}
[1.028107] (px4_msgs) StdoutLine: {'line': b'-- Up-to-date: /home/mustardking/ws_sensor_combined/install/px4_msgs/include/px4_msgs/px4_msgs/msg/detail/cpuload__rosidl_typesupport_introspection_cpp.hpp\n'}
[1.028129] (px4_msgs) StdoutLine: {'line': b'-- Up-to-date: /home/mustardking/ws_sensor_combined/install/px4_msgs/include/px4_msgs/px4_msgs/msg/detail/camera_capture__type_support.cpp\n'}
[1.028152] (px4_msgs) StdoutLine: {'line': b'-- Up-to-date: /home/mustardking/ws_sensor_combined/install/px4_msgs/include/px4_msgs/px4_msgs/msg/detail/can_interface_status__rosidl_typesupport_introspection_cpp.hpp\n'}
[1.028193] (px4_msgs) StdoutLine: {'line': b'-- Up-to-date: /home/mustardking/ws_sensor_combined/install/px4_msgs/include/px4_msgs/px4_msgs/msg/detail/camera_status__rosidl_typesupport_introspection_cpp.hpp\n'}
[1.028230] (px4_msgs) StdoutLine: {'line': b'-- Up-to-date: /home/mustardking/ws_sensor_combined/install/px4_msgs/include/px4_msgs/px4_msgs/msg/detail/position_setpoint__rosidl_typesupport_introspection_cpp.hpp\n'}
[1.028255] (px4_msgs) StdoutLine: {'line': b'-- Up-to-date: /home/mustardking/ws_sensor_combined/install/px4_msgs/include/px4_msgs/px4_msgs/msg/detail/parameter_set_value_response__rosidl_typesupport_introspection_cpp.hpp\n'}
[1.028279] (px4_msgs) StdoutLine: {'line': b'-- Up-to-date: /home/mustardking/ws_sensor_combined/install/px4_msgs/include/px4_msgs/px4_msgs/msg/detail/arming_check_reply__type_support.cpp\n'}
[1.028301] (px4_msgs) StdoutLine: {'line': b'-- Up-to-date: /home/mustardking/ws_sensor_combined/install/px4_msgs/include/px4_msgs/px4_msgs/msg/detail/takeoff_status__type_support.cpp\n'}
[1.028324] (px4_msgs) StdoutLine: {'line': b'-- Up-to-date: /home/mustardking/ws_sensor_combined/install/px4_msgs/include/px4_msgs/px4_msgs/msg/detail/cellular_status__type_support.cpp\n'}
[1.028366] (px4_msgs) StdoutLine: {'line': b'-- Up-to-date: /home/mustardking/ws_sensor_combined/install/px4_msgs/include/px4_msgs/px4_msgs/msg/detail/fixed_wing_lateral_setpoint__rosidl_typesupport_introspection_cpp.hpp\n'}
[1.028393] (px4_msgs) StdoutLine: {'line': b'-- Up-to-date: /home/mustardking/ws_sensor_combined/install/px4_msgs/include/px4_msgs/px4_msgs/msg/detail/gimbal_manager_set_manual_control__type_support.cpp\n'}
[1.028415] (px4_msgs) StdoutLine: {'line': b'-- Up-to-date: /home/mustardking/ws_sensor_combined/install/px4_msgs/include/px4_msgs/px4_msgs/msg/detail/sensor_accel_fifo__type_support.cpp\n'}
[1.028446] (px4_msgs) StdoutLine: {'line': b'-- Up-to-date: /home/mustardking/ws_sensor_combined/install/px4_msgs/include/px4_msgs/px4_msgs/msg/detail/ulog_stream_ack__rosidl_typesupport_introspection_cpp.hpp\n'}
[1.028483] (px4_msgs) StdoutLine: {'line': b'-- Up-to-date: /home/mustardking/ws_sensor_combined/install/px4_msgs/include/px4_msgs/px4_msgs/msg/detail/sensor_hygrometer__rosidl_typesupport_introspection_cpp.hpp\n'}
[1.028516] (px4_msgs) StdoutLine: {'line': b'-- Up-to-date: /home/mustardking/ws_sensor_combined/install/px4_msgs/include/px4_msgs/px4_msgs/msg/detail/pure_pursuit_status__rosidl_typesupport_introspection_cpp.hpp\n'}
[1.028539] (px4_msgs) StdoutLine: {'line': b'-- Up-to-date: /home/mustardking/ws_sensor_combined/install/px4_msgs/include/px4_msgs/px4_msgs/msg/detail/internal_combustion_engine_status__type_support.cpp\n'}
[1.028561] (px4_msgs) StdoutLine: {'line': b'-- Up-to-date: /home/mustardking/ws_sensor_combined/install/px4_msgs/include/px4_msgs/px4_msgs/msg/detail/vehicle_local_position__type_support.cpp\n'}
[1.028583] (px4_msgs) StdoutLine: {'line': b'-- Up-to-date: /home/mustardking/ws_sensor_combined/install/px4_msgs/include/px4_msgs/px4_msgs/msg/detail/manual_control_switches__type_support.cpp\n'}
[1.028623] (px4_msgs) StdoutLine: {'line': b'-- Up-to-date: /home/mustardking/ws_sensor_combined/install/px4_msgs/include/px4_msgs/px4_msgs/msg/detail/estimator_gps_status__type_support.cpp\n'}
[1.028645] (px4_msgs) StdoutLine: {'line': b'-- Up-to-date: /home/mustardking/ws_sensor_combined/install/px4_msgs/include/px4_msgs/px4_msgs/msg/detail/home_position__type_support.cpp\n'}
[1.028668] (px4_msgs) StdoutLine: {'line': b'-- Up-to-date: /home/mustardking/ws_sensor_combined/install/px4_msgs/include/px4_msgs/px4_msgs/msg/detail/vehicle_rates_setpoint__type_support.cpp\n'}
[1.028690] (px4_msgs) StdoutLine: {'line': b'-- Up-to-date: /home/mustardking/ws_sensor_combined/install/px4_msgs/include/px4_msgs/px4_msgs/msg/detail/velocity_limits__rosidl_typesupport_introspection_cpp.hpp\n'}
[1.028732] (px4_msgs) StdoutLine: {'line': b'-- Up-to-date: /home/mustardking/ws_sensor_combined/install/px4_msgs/include/px4_msgs/px4_msgs/msg/detail/register_ext_component_request__rosidl_typesupport_introspection_cpp.hpp\n'}
[1.028755] (px4_msgs) StdoutLine: {'line': b'-- Up-to-date: /home/mustardking/ws_sensor_combined/install/px4_msgs/include/px4_msgs/px4_msgs/msg/detail/parameter_reset_request__rosidl_typesupport_introspection_cpp.hpp\n'}
[1.028777] (px4_msgs) StdoutLine: {'line': b'-- Up-to-date: /home/mustardking/ws_sensor_combined/install/px4_msgs/include/px4_msgs/px4_msgs/msg/detail/wheel_encoders__rosidl_typesupport_introspection_cpp.hpp\n'}
[1.028800] (px4_msgs) StdoutLine: {'line': b'-- Up-to-date: /home/mustardking/ws_sensor_combined/install/px4_msgs/include/px4_msgs/px4_msgs/msg/detail/rover_rate_status__rosidl_typesupport_introspection_cpp.hpp\n'}
[1.028838] (px4_msgs) StdoutLine: {'line': b'-- Up-to-date: /home/mustardking/ws_sensor_combined/install/px4_msgs/include/px4_msgs/px4_msgs/msg/detail/parameter_set_value_request__type_support.cpp\n'}
[1.028931] (px4_msgs) StdoutLine: {'line': b'-- Up-to-date: /home/mustardking/ws_sensor_combined/install/px4_msgs/include/px4_msgs/px4_msgs/msg/detail/dataman_request__type_support.cpp\n'}
[1.028955] (px4_msgs) StdoutLine: {'line': b'-- Up-to-date: /home/mustardking/ws_sensor_combined/install/px4_msgs/include/px4_msgs/px4_msgs/msg/detail/longitudinal_control_configuration__type_support.cpp\n'}
[1.028978] (px4_msgs) StdoutLine: {'line': b'-- Up-to-date: /home/mustardking/ws_sensor_combined/install/px4_msgs/include/px4_msgs/px4_msgs/msg/detail/flight_phase_estimation__rosidl_typesupport_introspection_cpp.hpp\n'}
[1.029000] (px4_msgs) StdoutLine: {'line': b'-- Up-to-date: /home/mustardking/ws_sensor_combined/install/px4_msgs/include/px4_msgs/px4_msgs/msg/detail/ekf2_timestamps__rosidl_typesupport_introspection_cpp.hpp\n'}
[1.029022] (px4_msgs) StdoutLine: {'line': b'-- Up-to-date: /home/mustardking/ws_sensor_combined/install/px4_msgs/include/px4_msgs/px4_msgs/msg/detail/input_rc__rosidl_typesupport_introspection_cpp.hpp\n'}
[1.029064] (px4_msgs) StdoutLine: {'line': b'-- Up-to-date: /home/mustardking/ws_sensor_combined/install/px4_msgs/include/px4_msgs/px4_msgs/msg/detail/rover_attitude_status__type_support.cpp\n'}
[1.029087] (px4_msgs) StdoutLine: {'line': b'-- Up-to-date: /home/mustardking/ws_sensor_combined/install/px4_msgs/include/px4_msgs/px4_msgs/msg/detail/sensor_selection__type_support.cpp\n'}
[1.029110] (px4_msgs) StdoutLine: {'line': b'-- Up-to-date: /home/mustardking/ws_sensor_combined/install/px4_msgs/include/px4_msgs/px4_msgs/msg/detail/mavlink_log__type_support.cpp\n'}
[1.029132] (px4_msgs) StdoutLine: {'line': b'-- Up-to-date: /home/mustardking/ws_sensor_combined/install/px4_msgs/include/px4_msgs/px4_msgs/msg/detail/longitudinal_control_configuration__rosidl_typesupport_introspection_cpp.hpp\n'}
[1.029158] (px4_msgs) StdoutLine: {'line': b'-- Up-to-date: /home/mustardking/ws_sensor_combined/install/px4_msgs/include/px4_msgs/px4_msgs/msg/detail/internal_combustion_engine_status__rosidl_typesupport_introspection_cpp.hpp\n'}
[1.029180] (px4_msgs) StdoutLine: {'line': b'-- Up-to-date: /home/mustardking/ws_sensor_combined/install/px4_msgs/include/px4_msgs/px4_msgs/msg/detail/gimbal_device_information__rosidl_typesupport_introspection_cpp.hpp\n'}
[1.029204] (px4_msgs) StdoutLine: {'line': b'-- Up-to-date: /home/mustardking/ws_sensor_combined/install/px4_msgs/include/px4_msgs/px4_msgs/msg/detail/rtl_status__rosidl_typesupport_introspection_cpp.hpp\n'}
[1.029258] (px4_msgs) StdoutLine: {'line': b'-- Up-to-date: /home/mustardking/ws_sensor_combined/install/px4_msgs/include/px4_msgs/px4_msgs/msg/detail/figure_eight_status__type_support.cpp\n'}
[1.029281] (px4_msgs) StdoutLine: {'line': b'-- Up-to-date: /home/mustardking/ws_sensor_combined/install/px4_msgs/include/px4_msgs/px4_msgs/msg/detail/fuel_tank_status__rosidl_typesupport_introspection_cpp.hpp\n'}
[1.029303] (px4_msgs) StdoutLine: {'line': b'-- Up-to-date: /home/mustardking/ws_sensor_combined/install/px4_msgs/include/px4_msgs/px4_msgs/msg/detail/estimator_sensor_bias__rosidl_typesupport_introspection_cpp.hpp\n'}
[1.029339] (px4_msgs) StdoutLine: {'line': b'-- Up-to-date: /home/mustardking/ws_sensor_combined/install/px4_msgs/include/px4_msgs/px4_msgs/msg/detail/transponder_report__rosidl_typesupport_introspection_cpp.hpp\n'}
[1.029369] (px4_msgs) StdoutLine: {'line': b'-- Up-to-date: /home/mustardking/ws_sensor_combined/install/px4_msgs/include/px4_msgs/px4_msgs/msg/detail/control_allocator_status__rosidl_typesupport_introspection_cpp.hpp\n'}
[1.029392] (px4_msgs) StdoutLine: {'line': b'-- Up-to-date: /home/mustardking/ws_sensor_combined/install/px4_msgs/include/px4_msgs/px4_msgs/msg/detail/qshell_retval__type_support.cpp\n'}
[1.029414] (px4_msgs) StdoutLine: {'line': b'-- Up-to-date: /home/mustardking/ws_sensor_combined/install/px4_msgs/include/px4_msgs/px4_msgs/msg/detail/camera_capture__rosidl_typesupport_introspection_cpp.hpp\n'}
[1.029438] (px4_msgs) StdoutLine: {'line': b'-- Up-to-date: /home/mustardking/ws_sensor_combined/install/px4_msgs/include/px4_msgs/px4_msgs/msg/detail/irlock_report__type_support.cpp\n'}
[1.029460] (px4_msgs) StdoutLine: {'line': b'-- Up-to-date: /home/mustardking/ws_sensor_combined/install/px4_msgs/include/px4_msgs/px4_msgs/msg/detail/differential_pressure__type_support.cpp\n'}
[1.029482] (px4_msgs) StdoutLine: {'line': b'-- Up-to-date: /home/mustardking/ws_sensor_combined/install/px4_msgs/include/px4_msgs/px4_msgs/msg/detail/esc_report__type_support.cpp\n'}
[1.029536] (px4_msgs) StdoutLine: {'line': b'-- Up-to-date: /home/mustardking/ws_sensor_combined/install/px4_msgs/include/px4_msgs/px4_msgs/msg/detail/estimator_status_flags__rosidl_typesupport_introspection_cpp.hpp\n'}
[1.029561] (px4_msgs) StdoutLine: {'line': b'-- Up-to-date: /home/mustardking/ws_sensor_combined/install/px4_msgs/include/px4_msgs/px4_msgs/msg/detail/vehicle_rates_setpoint__rosidl_typesupport_introspection_cpp.hpp\n'}
[1.029583] (px4_msgs) StdoutLine: {'line': b'-- Up-to-date: /home/mustardking/ws_sensor_combined/install/px4_msgs/include/px4_msgs/px4_msgs/msg/detail/gps_inject_data__type_support.cpp\n'}
[1.029700] (px4_msgs) StdoutLine: {'line': b'-- Up-to-date: /home/mustardking/ws_sensor_combined/install/px4_msgs/include/px4_msgs/px4_msgs/msg/detail/failsafe_flags__type_support.cpp\n'}
[1.029741] (px4_msgs) StdoutLine: {'line': b'-- Up-to-date: /home/mustardking/ws_sensor_combined/install/px4_msgs/include/px4_msgs/px4_msgs/msg/detail/mavlink_log__rosidl_typesupport_introspection_cpp.hpp\n'}
[1.029765] (px4_msgs) StdoutLine: {'line': b'-- Up-to-date: /home/mustardking/ws_sensor_combined/install/px4_msgs/include/px4_msgs/px4_msgs/msg/detail/open_drone_id_system__type_support.cpp\n'}
[1.029804] (px4_msgs) StdoutLine: {'line': b'-- Up-to-date: /home/mustardking/ws_sensor_combined/install/px4_msgs/include/px4_msgs/px4_msgs/msg/detail/px4io_status__rosidl_typesupport_introspection_cpp.hpp\n'}
[1.029836] (px4_msgs) StdoutLine: {'line': b'-- Up-to-date: /home/mustardking/ws_sensor_combined/install/px4_msgs/include/px4_msgs/px4_msgs/msg/detail/vtol_vehicle_status__rosidl_typesupport_introspection_cpp.hpp\n'}
[1.029859] (px4_msgs) StdoutLine: {'line': b'-- Up-to-date: /home/mustardking/ws_sensor_combined/install/px4_msgs/include/px4_msgs/px4_msgs/msg/detail/gimbal_device_set_attitude__rosidl_typesupport_introspection_cpp.hpp\n'}
[1.029882] (px4_msgs) StdoutLine: {'line': b'-- Up-to-date: /home/mustardking/ws_sensor_combined/install/px4_msgs/include/px4_msgs/px4_msgs/msg/detail/vehicle_optical_flow_vel__rosidl_typesupport_introspection_cpp.hpp\n'}
[1.029904] (px4_msgs) StdoutLine: {'line': b'-- Up-to-date: /home/mustardking/ws_sensor_combined/install/px4_msgs/include/px4_msgs/px4_msgs/msg/detail/qshell_retval__rosidl_typesupport_introspection_cpp.hpp\n'}
[1.029962] (px4_msgs) StdoutLine: {'line': b'-- Up-to-date: /home/mustardking/ws_sensor_combined/install/px4_msgs/include/px4_msgs/px4_msgs/msg/detail/sensor_correction__type_support.cpp\n'}
[1.029986] (px4_msgs) StdoutLine: {'line': b'-- Up-to-date: /home/mustardking/ws_sensor_combined/install/px4_msgs/include/px4_msgs/px4_msgs/msg/detail/normalized_unsigned_setpoint__type_support.cpp\n'}
[1.030012] (px4_msgs) StdoutLine: {'line': b'-- Up-to-date: /home/mustardking/ws_sensor_combined/install/px4_msgs/include/px4_msgs/px4_msgs/msg/detail/ulog_stream__rosidl_typesupport_introspection_cpp.hpp\n'}
[1.030036] (px4_msgs) StdoutLine: {'line': b'-- Up-to-date: /home/mustardking/ws_sensor_combined/install/px4_msgs/include/px4_msgs/px4_msgs/msg/detail/orbit_status__type_support.cpp\n'}
[1.030059] (px4_msgs) StdoutLine: {'line': b'-- Up-to-date: /home/mustardking/ws_sensor_combined/install/px4_msgs/include/px4_msgs/px4_msgs/msg/detail/iridiumsbd_status__type_support.cpp\n'}
[1.030092] (px4_msgs) StdoutLine: {'line': b'-- Up-to-date: /home/mustardking/ws_sensor_combined/install/px4_msgs/include/px4_msgs/px4_msgs/msg/detail/rover_speed_setpoint__rosidl_typesupport_introspection_cpp.hpp\n'}
[1.030125] (px4_msgs) StdoutLine: {'line': b'-- Up-to-date: /home/mustardking/ws_sensor_combined/install/px4_msgs/include/px4_msgs/px4_msgs/msg/detail/task_stack_info__rosidl_typesupport_introspection_cpp.hpp\n'}
[1.030147] (px4_msgs) StdoutLine: {'line': b'-- Up-to-date: /home/mustardking/ws_sensor_combined/install/px4_msgs/include/px4_msgs/px4_msgs/msg/detail/landing_target_pose__rosidl_typesupport_introspection_cpp.hpp\n'}
[1.030170] (px4_msgs) StdoutLine: {'line': b'-- Up-to-date: /home/mustardking/ws_sensor_combined/install/px4_msgs/include/px4_msgs/px4_msgs/msg/detail/landing_target_pose__type_support.cpp\n'}
[1.030192] (px4_msgs) StdoutLine: {'line': b'-- Up-to-date: /home/mustardking/ws_sensor_combined/install/px4_msgs/include/px4_msgs/px4_msgs/msg/detail/sensor_uwb__rosidl_typesupport_introspection_cpp.hpp\n'}
[1.030227] (px4_msgs) StdoutLine: {'line': b'-- Up-to-date: /home/mustardking/ws_sensor_combined/install/px4_msgs/include/px4_msgs/px4_msgs/msg/detail/neural_control__type_support.cpp\n'}
[1.030250] (px4_msgs) StdoutLine: {'line': b'-- Up-to-date: /home/mustardking/ws_sensor_combined/install/px4_msgs/include/px4_msgs/px4_msgs/msg/detail/log_message__rosidl_typesupport_introspection_cpp.hpp\n'}
[1.030272] (px4_msgs) StdoutLine: {'line': b'-- Up-to-date: /home/mustardking/ws_sensor_combined/install/px4_msgs/include/px4_msgs/px4_msgs/msg/detail/mode_completed__rosidl_typesupport_introspection_cpp.hpp\n'}
[1.030294] (px4_msgs) StdoutLine: {'line': b'-- Up-to-date: /home/mustardking/ws_sensor_combined/install/px4_msgs/include/px4_msgs/px4_msgs/msg/detail/heater_status__type_support.cpp\n'}
[1.030315] (px4_msgs) StdoutLine: {'line': b'-- Up-to-date: /home/mustardking/ws_sensor_combined/install/px4_msgs/include/px4_msgs/px4_msgs/msg/detail/distance_sensor__type_support.cpp\n'}
[1.030337] (px4_msgs) StdoutLine: {'line': b'-- Up-to-date: /home/mustardking/ws_sensor_combined/install/px4_msgs/include/px4_msgs/px4_msgs/msg/detail/register_ext_component_reply__type_support.cpp\n'}
[1.030384] (px4_msgs) StdoutLine: {'line': b'-- Up-to-date: /home/mustardking/ws_sensor_combined/install/px4_msgs/include/px4_msgs/px4_msgs/msg/detail/fixed_wing_lateral_status__rosidl_typesupport_introspection_cpp.hpp\n'}
[1.030408] (px4_msgs) StdoutLine: {'line': b'-- Up-to-date: /home/mustardking/ws_sensor_combined/install/px4_msgs/include/px4_msgs/px4_msgs/msg/detail/adc_report__type_support.cpp\n'}
[1.030430] (px4_msgs) StdoutLine: {'line': b'-- Up-to-date: /home/mustardking/ws_sensor_combined/install/px4_msgs/include/px4_msgs/px4_msgs/msg/detail/fuel_tank_status__type_support.cpp\n'}
[1.030452] (px4_msgs) StdoutLine: {'line': b'-- Up-to-date: /home/mustardking/ws_sensor_combined/install/px4_msgs/include/px4_msgs/px4_msgs/msg/detail/estimator_states__type_support.cpp\n'}
[1.030474] (px4_msgs) StdoutLine: {'line': b'-- Up-to-date: /home/mustardking/ws_sensor_combined/install/px4_msgs/include/px4_msgs/px4_msgs/msg/detail/estimator_bias__type_support.cpp\n'}
[1.030513] (px4_msgs) StdoutLine: {'line': b'-- Up-to-date: /home/mustardking/ws_sensor_combined/install/px4_msgs/include/px4_msgs/px4_msgs/msg/detail/parameter_reset_request__type_support.cpp\n'}
[1.030535] (px4_msgs) StdoutLine: {'line': b'-- Up-to-date: /home/mustardking/ws_sensor_combined/install/px4_msgs/include/px4_msgs/px4_msgs/msg/detail/ulog_stream_ack__type_support.cpp\n'}
[1.030558] (px4_msgs) StdoutLine: {'line': b'-- Up-to-date: /home/mustardking/ws_sensor_combined/install/px4_msgs/include/px4_msgs/px4_msgs/msg/detail/sensor_hygrometer__type_support.cpp\n'}
[1.030590] (px4_msgs) StdoutLine: {'line': b'-- Up-to-date: /home/mustardking/ws_sensor_combined/install/px4_msgs/include/px4_msgs/px4_msgs/msg/detail/vehicle_constraints__rosidl_typesupport_introspection_cpp.hpp\n'}
[1.030614] (px4_msgs) StdoutLine: {'line': b'-- Up-to-date: /home/mustardking/ws_sensor_combined/install/px4_msgs/include/px4_msgs/px4_msgs/msg/detail/heater_status__rosidl_typesupport_introspection_cpp.hpp\n'}
[1.030636] (px4_msgs) StdoutLine: {'line': b'-- Up-to-date: /home/mustardking/ws_sensor_combined/install/px4_msgs/include/px4_msgs/px4_msgs/msg/detail/gpio_config__rosidl_typesupport_introspection_cpp.hpp\n'}
[1.030684] (px4_msgs) StdoutLine: {'line': b'-- Up-to-date: /home/mustardking/ws_sensor_combined/install/px4_msgs/include/px4_msgs/px4_msgs/msg/detail/fixed_wing_longitudinal_setpoint__rosidl_typesupport_introspection_cpp.hpp\n'}
[1.030706] (px4_msgs) StdoutLine: {'line': b'-- Up-to-date: /home/mustardking/ws_sensor_combined/install/px4_msgs/include/px4_msgs/px4_msgs/msg/detail/estimator_sensor_bias__type_support.cpp\n'}
[1.030733] (px4_msgs) StdoutLine: {'line': b'-- Up-to-date: /home/mustardking/ws_sensor_combined/install/px4_msgs/include/px4_msgs/px4_msgs/msg/detail/vehicle_local_position_setpoint__type_support.cpp\n'}
[1.030755] (px4_msgs) StdoutLine: {'line': b'-- Up-to-date: /home/mustardking/ws_sensor_combined/install/px4_msgs/include/px4_msgs/px4_msgs/msg/detail/flight_phase_estimation__type_support.cpp\n'}
[1.030777] (px4_msgs) StdoutLine: {'line': b'-- Up-to-date: /home/mustardking/ws_sensor_combined/install/px4_msgs/include/px4_msgs/px4_msgs/msg/detail/rtl_time_estimate__type_support.cpp\n'}
[1.030844] (px4_msgs) StdoutLine: {'line': b'-- Up-to-date: /home/mustardking/ws_sensor_combined/install/px4_msgs/include/px4_msgs/px4_msgs/msg/detail/vehicle_land_detected__rosidl_typesupport_introspection_cpp.hpp\n'}
[1.030869] (px4_msgs) StdoutLine: {'line': b'-- Up-to-date: /home/mustardking/ws_sensor_combined/install/px4_msgs/include/px4_msgs/px4_msgs/msg/detail/cellular_status__rosidl_typesupport_introspection_cpp.hpp\n'}
[1.030892] (px4_msgs) StdoutLine: {'line': b'-- Up-to-date: /home/mustardking/ws_sensor_combined/install/px4_msgs/include/px4_msgs/px4_msgs/msg/detail/wind__type_support.cpp\n'}
[1.030914] (px4_msgs) StdoutLine: {'line': b'-- Up-to-date: /home/mustardking/ws_sensor_combined/install/px4_msgs/include/px4_msgs/px4_msgs/msg/detail/position_controller_status__rosidl_typesupport_introspection_cpp.hpp\n'}
[1.030937] (px4_msgs) StdoutLine: {'line': b'-- Up-to-date: /home/mustardking/ws_sensor_combined/install/px4_msgs/include/px4_msgs/px4_msgs/msg/detail/open_drone_id_self_id__type_support.cpp\n'}
[1.030986] (px4_msgs) StdoutLine: {'line': b'-- Up-to-date: /home/mustardking/ws_sensor_combined/install/px4_msgs/include/px4_msgs/px4_msgs/msg/detail/generator_status__type_support.cpp\n'}
[1.031010] (px4_msgs) StdoutLine: {'line': b'-- Up-to-date: /home/mustardking/ws_sensor_combined/install/px4_msgs/include/px4_msgs/px4_msgs/msg/detail/system_power__rosidl_typesupport_introspection_cpp.hpp\n'}
[1.031032] (px4_msgs) StdoutLine: {'line': b'-- Up-to-date: /home/mustardking/ws_sensor_combined/install/px4_msgs/include/px4_msgs/px4_msgs/msg/detail/normalized_unsigned_setpoint__rosidl_typesupport_introspection_cpp.hpp\n'}
[1.031055] (px4_msgs) StdoutLine: {'line': b'-- Up-to-date: /home/mustardking/ws_sensor_combined/install/px4_msgs/include/px4_msgs/px4_msgs/msg/detail/estimator_aid_source1d__type_support.cpp\n'}
[1.031077] (px4_msgs) StdoutLine: {'line': b'-- Up-to-date: /home/mustardking/ws_sensor_combined/install/px4_msgs/include/px4_msgs/px4_msgs/msg/detail/gimbal_manager_set_manual_control__rosidl_typesupport_introspection_cpp.hpp\n'}
[1.031120] (px4_msgs) StdoutLine: {'line': b'-- Up-to-date: /home/mustardking/ws_sensor_combined/install/px4_msgs/include/px4_msgs/px4_msgs/msg/detail/vehicle_magnetometer__type_support.cpp\n'}
[1.031142] (px4_msgs) StdoutLine: {'line': b'-- Up-to-date: /home/mustardking/ws_sensor_combined/install/px4_msgs/include/px4_msgs/px4_msgs/msg/detail/open_drone_id_arm_status__rosidl_typesupport_introspection_cpp.hpp\n'}
[1.031165] (px4_msgs) StdoutLine: {'line': b'-- Up-to-date: /home/mustardking/ws_sensor_combined/install/px4_msgs/include/px4_msgs/px4_msgs/msg/detail/task_stack_info__type_support.cpp\n'}
[1.031187] (px4_msgs) StdoutLine: {'line': b'-- Up-to-date: /home/mustardking/ws_sensor_combined/install/px4_msgs/include/px4_msgs/px4_msgs/msg/detail/sensor_mag__type_support.cpp\n'}
[1.031209] (px4_msgs) StdoutLine: {'line': b'-- Up-to-date: /home/mustardking/ws_sensor_combined/install/px4_msgs/include/px4_msgs/px4_msgs/msg/detail/gpio_request__rosidl_typesupport_introspection_cpp.hpp\n'}
[1.031234] (px4_msgs) StdoutLine: {'line': b'-- Up-to-date: /home/mustardking/ws_sensor_combined/install/px4_msgs/include/px4_msgs/px4_msgs/msg/detail/parameter_update__type_support.cpp\n'}
[1.031285] (px4_msgs) StdoutLine: {'line': b'-- Up-to-date: /home/mustardking/ws_sensor_combined/install/px4_msgs/include/px4_msgs/px4_msgs/msg/detail/fixed_wing_runway_control__rosidl_typesupport_introspection_cpp.hpp\n'}
[1.031307] (px4_msgs) StdoutLine: {'line': b'-- Up-to-date: /home/mustardking/ws_sensor_combined/install/px4_msgs/include/px4_msgs/px4_msgs/msg/detail/tecs_status__type_support.cpp\n'}
[1.031329] (px4_msgs) StdoutLine: {'line': b'-- Up-to-date: /home/mustardking/ws_sensor_combined/install/px4_msgs/include/px4_msgs/px4_msgs/msg/detail/airspeed_validated__type_support.cpp\n'}
[1.031351] (px4_msgs) StdoutLine: {'line': b'-- Up-to-date: /home/mustardking/ws_sensor_combined/install/px4_msgs/include/px4_msgs/px4_msgs/msg/detail/logger_status__rosidl_typesupport_introspection_cpp.hpp\n'}
[1.031388] (px4_msgs) StdoutLine: {'line': b'-- Up-to-date: /home/mustardking/ws_sensor_combined/install/px4_msgs/include/px4_msgs/px4_msgs/msg/detail/vehicle_command_ack__type_support.cpp\n'}
[1.031417] (px4_msgs) StdoutLine: {'line': b'-- Up-to-date: /home/mustardking/ws_sensor_combined/install/px4_msgs/include/px4_msgs/px4_msgs/msg/detail/rover_speed_setpoint__type_support.cpp\n'}
[1.031441] (px4_msgs) StdoutLine: {'line': b'-- Up-to-date: /home/mustardking/ws_sensor_combined/install/px4_msgs/include/px4_msgs/px4_msgs/msg/detail/dataman_request__rosidl_typesupport_introspection_cpp.hpp\n'}
[1.031464] (px4_msgs) StdoutLine: {'line': b'-- Up-to-date: /home/mustardking/ws_sensor_combined/install/px4_msgs/include/px4_msgs/px4_msgs/msg/detail/button_event__type_support.cpp\n'}
[1.031509] (px4_msgs) StdoutLine: {'line': b'-- Up-to-date: /home/mustardking/ws_sensor_combined/install/px4_msgs/include/px4_msgs/px4_msgs/msg/detail/position_setpoint__type_support.cpp\n'}
[1.031533] (px4_msgs) StdoutLine: {'line': b'-- Up-to-date: /home/mustardking/ws_sensor_combined/install/px4_msgs/include/px4_msgs/px4_msgs/msg/detail/sensor_airflow__rosidl_typesupport_introspection_cpp.hpp\n'}
[1.031573] (px4_msgs) StdoutLine: {'line': b'-- Up-to-date: /home/mustardking/ws_sensor_combined/install/px4_msgs/include/px4_msgs/px4_msgs/msg/detail/estimator_status__rosidl_typesupport_introspection_cpp.hpp\n'}
[1.031595] (px4_msgs) StdoutLine: {'line': b'-- Up-to-date: /home/mustardking/ws_sensor_combined/install/px4_msgs/include/px4_msgs/px4_msgs/msg/detail/sensor_gyro_fft__type_support.cpp\n'}
[1.031617] (px4_msgs) StdoutLine: {'line': b'-- Up-to-date: /home/mustardking/ws_sensor_combined/install/px4_msgs/include/px4_msgs/px4_msgs/msg/detail/estimator_aid_source3d__rosidl_typesupport_introspection_cpp.hpp\n'}
[1.031639] (px4_msgs) StdoutLine: {'line': b'-- Up-to-date: /home/mustardking/ws_sensor_combined/install/px4_msgs/include/px4_msgs/px4_msgs/msg/detail/uavcan_parameter_request__type_support.cpp\n'}
[1.031661] (px4_msgs) StdoutLine: {'line': b'-- Up-to-date: /home/mustardking/ws_sensor_combined/install/px4_msgs/include/px4_msgs/px4_msgs/msg/detail/sensor_gyro__rosidl_typesupport_introspection_cpp.hpp\n'}
[1.031683] (px4_msgs) StdoutLine: {'line': b'-- Up-to-date: /home/mustardking/ws_sensor_combined/install/px4_msgs/include/px4_msgs/px4_msgs/msg/detail/airspeed_validated__rosidl_typesupport_introspection_cpp.hpp\n'}
[1.031706] (px4_msgs) StdoutLine: {'line': b'-- Up-to-date: /home/mustardking/ws_sensor_combined/install/px4_msgs/include/px4_msgs/px4_msgs/msg/detail/can_interface_status__type_support.cpp\n'}
[1.031743] (px4_msgs) StdoutLine: {'line': b'-- Up-to-date: /home/mustardking/ws_sensor_combined/install/px4_msgs/include/px4_msgs/px4_msgs/msg/detail/vehicle_command__rosidl_typesupport_introspection_cpp.hpp\n'}
[1.031765] (px4_msgs) StdoutLine: {'line': b'-- Up-to-date: /home/mustardking/ws_sensor_combined/install/px4_msgs/include/px4_msgs/px4_msgs/msg/detail/rover_throttle_setpoint__type_support.cpp\n'}
[1.031790] (px4_msgs) StdoutLine: {'line': b'-- Up-to-date: /home/mustardking/ws_sensor_combined/install/px4_msgs/include/px4_msgs/px4_msgs/msg/detail/dronecan_node_status__type_support.cpp\n'}
[1.031812] (px4_msgs) StdoutLine: {'line': b'-- Up-to-date: /home/mustardking/ws_sensor_combined/install/px4_msgs/include/px4_msgs/px4_msgs/msg/detail/vehicle_odometry__rosidl_typesupport_introspection_cpp.hpp\n'}
[1.031834] (px4_msgs) StdoutLine: {'line': b'-- Up-to-date: /home/mustardking/ws_sensor_combined/install/px4_msgs/include/px4_msgs/px4_msgs/msg/detail/gimbal_device_attitude_status__rosidl_typesupport_introspection_cpp.hpp\n'}
[1.031857] (px4_msgs) StdoutLine: {'line': b'-- Up-to-date: /home/mustardking/ws_sensor_combined/install/px4_msgs/include/px4_msgs/px4_msgs/msg/detail/rover_attitude_status__rosidl_typesupport_introspection_cpp.hpp\n'}
[1.031879] (px4_msgs) StdoutLine: {'line': b'-- Up-to-date: /home/mustardking/ws_sensor_combined/install/px4_msgs/include/px4_msgs/px4_msgs/msg/detail/vehicle_imu_status__rosidl_typesupport_introspection_cpp.hpp\n'}
[1.031938] (px4_msgs) StdoutLine: {'line': b'-- Up-to-date: /home/mustardking/ws_sensor_combined/install/px4_msgs/include/px4_msgs/px4_msgs/msg/detail/camera_trigger__type_support.cpp\n'}
[1.031963] (px4_msgs) StdoutLine: {'line': b'-- Up-to-date: /home/mustardking/ws_sensor_combined/install/px4_msgs/include/px4_msgs/px4_msgs/msg/detail/mission_result__type_support.cpp\n'}
[1.031985] (px4_msgs) StdoutLine: {'line': b'-- Up-to-date: /home/mustardking/ws_sensor_combined/install/px4_msgs/include/px4_msgs/px4_msgs/msg/detail/estimator_status__type_support.cpp\n'}
[1.032007] (px4_msgs) StdoutLine: {'line': b'-- Up-to-date: /home/mustardking/ws_sensor_combined/install/px4_msgs/include/px4_msgs/px4_msgs/msg/detail/vehicle_thrust_setpoint__type_support.cpp\n'}
[1.032046] (px4_msgs) StdoutLine: {'line': b'-- Up-to-date: /home/mustardking/ws_sensor_combined/install/px4_msgs/include/px4_msgs/px4_msgs/msg/detail/follow_target_estimator__rosidl_typesupport_introspection_cpp.hpp\n'}
[1.032068] (px4_msgs) StdoutLine: {'line': b'-- Up-to-date: /home/mustardking/ws_sensor_combined/install/px4_msgs/include/px4_msgs/px4_msgs/msg/detail/sensor_gyro_fft__rosidl_typesupport_introspection_cpp.hpp\n'}
[1.032090] (px4_msgs) StdoutLine: {'line': b'-- Up-to-date: /home/mustardking/ws_sensor_combined/install/px4_msgs/include/px4_msgs/px4_msgs/msg/detail/gps_inject_data__rosidl_typesupport_introspection_cpp.hpp\n'}
[1.032115] (px4_msgs) StdoutLine: {'line': b'-- Up-to-date: /home/mustardking/ws_sensor_combined/install/px4_msgs/include/px4_msgs/px4_msgs/msg/detail/input_rc__type_support.cpp\n'}
[1.032137] (px4_msgs) StdoutLine: {'line': b'-- Up-to-date: /home/mustardking/ws_sensor_combined/install/px4_msgs/include/px4_msgs/px4_msgs/msg/detail/actuator_armed__rosidl_typesupport_introspection_cpp.hpp\n'}
[1.032182] (px4_msgs) StdoutLine: {'line': b'-- Up-to-date: /home/mustardking/ws_sensor_combined/install/px4_msgs/include/px4_msgs/px4_msgs/msg/detail/rover_position_setpoint__type_support.cpp\n'}
[1.032212] (px4_msgs) StdoutLine: {'line': b'-- Up-to-date: /home/mustardking/ws_sensor_combined/install/px4_msgs/include/px4_msgs/px4_msgs/msg/detail/health_report__rosidl_typesupport_introspection_cpp.hpp\n'}
[1.032234] (px4_msgs) StdoutLine: {'line': b'-- Up-to-date: /home/mustardking/ws_sensor_combined/install/px4_msgs/include/px4_msgs/px4_msgs/msg/detail/adc_report__rosidl_typesupport_introspection_cpp.hpp\n'}
[1.032270] (px4_msgs) StdoutLine: {'line': b'-- Up-to-date: /home/mustardking/ws_sensor_combined/install/px4_msgs/include/px4_msgs/px4_msgs/msg/detail/rc_channels__rosidl_typesupport_introspection_cpp.hpp\n'}
[1.032299] (px4_msgs) StdoutLine: {'line': b'-- Up-to-date: /home/mustardking/ws_sensor_combined/install/px4_msgs/include/px4_msgs/px4_msgs/msg/detail/esc_status__type_support.cpp\n'}
[1.032322] (px4_msgs) StdoutLine: {'line': b'-- Up-to-date: /home/mustardking/ws_sensor_combined/install/px4_msgs/include/px4_msgs/px4_msgs/msg/detail/tecs_status__rosidl_typesupport_introspection_cpp.hpp\n'}
[1.032345] (px4_msgs) StdoutLine: {'line': b'-- Up-to-date: /home/mustardking/ws_sensor_combined/install/px4_msgs/include/px4_msgs/px4_msgs/msg/detail/actuator_servos__type_support.cpp\n'}
[1.032384] (px4_msgs) StdoutLine: {'line': b'-- Up-to-date: /home/mustardking/ws_sensor_combined/install/px4_msgs/include/px4_msgs/px4_msgs/msg/detail/gpio_config__type_support.cpp\n'}
[1.032407] (px4_msgs) StdoutLine: {'line': b'-- Up-to-date: /home/mustardking/ws_sensor_combined/install/px4_msgs/include/px4_msgs/px4_msgs/msg/detail/mag_worker_data__type_support.cpp\n'}
[1.032429] (px4_msgs) StdoutLine: {'line': b'-- Up-to-date: /home/mustardking/ws_sensor_combined/install/px4_msgs/include/px4_msgs/px4_msgs/msg/detail/landing_gear__type_support.cpp\n'}
[1.032451] (px4_msgs) StdoutLine: {'line': b'-- Up-to-date: /home/mustardking/ws_sensor_combined/install/px4_msgs/include/px4_msgs/px4_msgs/msg/detail/config_overrides__type_support.cpp\n'}
[1.032473] (px4_msgs) StdoutLine: {'line': b'-- Up-to-date: /home/mustardking/ws_sensor_combined/install/px4_msgs/include/px4_msgs/px4_msgs/msg/detail/velocity_limits__type_support.cpp\n'}
[1.032522] (px4_msgs) StdoutLine: {'line': b'-- Up-to-date: /home/mustardking/ws_sensor_combined/install/px4_msgs/include/px4_msgs/px4_msgs/msg/detail/satellite_info__type_support.cpp\n'}
[1.032544] (px4_msgs) StdoutLine: {'line': b'-- Up-to-date: /home/mustardking/ws_sensor_combined/install/px4_msgs/include/px4_msgs/px4_msgs/msg/detail/follow_target__rosidl_typesupport_introspection_cpp.hpp\n'}
[1.032566] (px4_msgs) StdoutLine: {'line': b'-- Up-to-date: /home/mustardking/ws_sensor_combined/install/px4_msgs/include/px4_msgs/px4_msgs/msg/detail/manual_control_setpoint__rosidl_typesupport_introspection_cpp.hpp\n'}
[1.032596] (px4_msgs) StdoutLine: {'line': b'-- Up-to-date: /home/mustardking/ws_sensor_combined/install/px4_msgs/include/px4_msgs/px4_msgs/msg/detail/fixed_wing_lateral_setpoint__type_support.cpp\n'}
[1.032619] (px4_msgs) StdoutLine: {'line': b'-- Up-to-date: /home/mustardking/ws_sensor_combined/install/px4_msgs/include/px4_msgs/px4_msgs/msg/detail/trajectory_setpoint6dof__rosidl_typesupport_introspection_cpp.hpp\n'}
[1.032641] (px4_msgs) StdoutLine: {'line': b'-- Up-to-date: /home/mustardking/ws_sensor_combined/install/px4_msgs/include/px4_msgs/px4_msgs/msg/detail/navigator_status__type_support.cpp\n'}
[1.032679] (px4_msgs) StdoutLine: {'line': b'-- Up-to-date: /home/mustardking/ws_sensor_combined/install/px4_msgs/include/px4_msgs/px4_msgs/msg/detail/orb_test_large__rosidl_typesupport_introspection_cpp.hpp\n'}
[1.032701] (px4_msgs) StdoutLine: {'line': b'-- Up-to-date: /home/mustardking/ws_sensor_combined/install/px4_msgs/include/px4_msgs/px4_msgs/msg/detail/iridiumsbd_status__rosidl_typesupport_introspection_cpp.hpp\n'}
[1.032723] (px4_msgs) StdoutLine: {'line': b'-- Up-to-date: /home/mustardking/ws_sensor_combined/install/px4_msgs/include/px4_msgs/px4_msgs/msg/detail/sensor_accel__rosidl_typesupport_introspection_cpp.hpp\n'}
[1.032746] (px4_msgs) StdoutLine: {'line': b'-- Up-to-date: /home/mustardking/ws_sensor_combined/install/px4_msgs/include/px4_msgs/px4_msgs/msg/detail/uavcan_parameter_value__type_support.cpp\n'}
[1.032768] (px4_msgs) StdoutLine: {'line': b'-- Up-to-date: /home/mustardking/ws_sensor_combined/install/px4_msgs/include/px4_msgs/px4_msgs/msg/detail/airspeed_wind__type_support.cpp\n'}
[1.032818] (px4_msgs) StdoutLine: {'line': b'-- Up-to-date: /home/mustardking/ws_sensor_combined/install/px4_msgs/include/px4_msgs/px4_msgs/msg/detail/manual_control_setpoint__type_support.cpp\n'}
[1.032840] (px4_msgs) StdoutLine: {'line': b'-- Up-to-date: /home/mustardking/ws_sensor_combined/install/px4_msgs/include/px4_msgs/px4_msgs/msg/detail/sensor_mag__rosidl_typesupport_introspection_cpp.hpp\n'}
[1.032927] (px4_msgs) StdoutLine: {'line': b'-- Up-to-date: /home/mustardking/ws_sensor_combined/install/px4_msgs/include/px4_msgs/px4_msgs/msg/detail/manual_control_switches__rosidl_typesupport_introspection_cpp.hpp\n'}
[1.032953] (px4_msgs) StdoutLine: {'line': b'-- Up-to-date: /home/mustardking/ws_sensor_combined/install/px4_msgs/include/px4_msgs/px4_msgs/msg/detail/gimbal_manager_status__type_support.cpp\n'}
[1.032975] (px4_msgs) StdoutLine: {'line': b'-- Up-to-date: /home/mustardking/ws_sensor_combined/install/px4_msgs/include/px4_msgs/px4_msgs/msg/detail/gimbal_device_set_attitude__type_support.cpp\n'}
[1.033015] (px4_msgs) StdoutLine: {'line': b'-- Up-to-date: /home/mustardking/ws_sensor_combined/install/px4_msgs/include/px4_msgs/px4_msgs/msg/detail/timesync_status__type_support.cpp\n'}
[1.033037] (px4_msgs) StdoutLine: {'line': b'-- Up-to-date: /home/mustardking/ws_sensor_combined/install/px4_msgs/include/px4_msgs/px4_msgs/msg/detail/airspeed_wind__rosidl_typesupport_introspection_cpp.hpp\n'}
[1.033059] (px4_msgs) StdoutLine: {'line': b'-- Up-to-date: /home/mustardking/ws_sensor_combined/install/px4_msgs/include/px4_msgs/px4_msgs/msg/detail/vehicle_local_position__rosidl_typesupport_introspection_cpp.hpp\n'}
[1.033082] (px4_msgs) StdoutLine: {'line': b'-- Up-to-date: /home/mustardking/ws_sensor_combined/install/px4_msgs/include/px4_msgs/px4_msgs/msg/detail/landing_gear__rosidl_typesupport_introspection_cpp.hpp\n'}
[1.033105] (px4_msgs) StdoutLine: {'line': b'-- Up-to-date: /home/mustardking/ws_sensor_combined/install/px4_msgs/include/px4_msgs/px4_msgs/msg/detail/battery_info__type_support.cpp\n'}
[1.033143] (px4_msgs) StdoutLine: {'line': b'-- Up-to-date: /home/mustardking/ws_sensor_combined/install/px4_msgs/include/px4_msgs/px4_msgs/msg/detail/differential_pressure__rosidl_typesupport_introspection_cpp.hpp\n'}
[1.033166] (px4_msgs) StdoutLine: {'line': b'-- Up-to-date: /home/mustardking/ws_sensor_combined/install/px4_msgs/include/px4_msgs/px4_msgs/msg/detail/gpio_request__type_support.cpp\n'}
[1.033187] (px4_msgs) StdoutLine: {'line': b'-- Up-to-date: /home/mustardking/ws_sensor_combined/install/px4_msgs/include/px4_msgs/px4_msgs/msg/detail/message_format_response__rosidl_typesupport_introspection_cpp.hpp\n'}
[1.033210] (px4_msgs) StdoutLine: {'line': b'-- Up-to-date: /home/mustardking/ws_sensor_combined/install/px4_msgs/include/px4_msgs/px4_msgs/msg/detail/sensor_optical_flow__rosidl_typesupport_introspection_cpp.hpp\n'}
[1.033232] (px4_msgs) StdoutLine: {'line': b'-- Up-to-date: /home/mustardking/ws_sensor_combined/install/px4_msgs/include/px4_msgs/px4_msgs/msg/detail/sensor_gyro_fifo__rosidl_typesupport_introspection_cpp.hpp\n'}
[1.033254] (px4_msgs) StdoutLine: {'line': b'-- Up-to-date: /home/mustardking/ws_sensor_combined/install/px4_msgs/include/px4_msgs/px4_msgs/msg/detail/mission__type_support.cpp\n'}
[1.033296] (px4_msgs) StdoutLine: {'line': b'-- Up-to-date: /home/mustardking/ws_sensor_combined/install/px4_msgs/include/px4_msgs/px4_msgs/msg/detail/landing_gear_wheel__rosidl_typesupport_introspection_cpp.hpp\n'}
[1.033326] (px4_msgs) StdoutLine: {'line': b'-- Up-to-date: /home/mustardking/ws_sensor_combined/install/px4_msgs/include/px4_msgs/px4_msgs/msg/detail/estimator_bias3d__rosidl_typesupport_introspection_cpp.hpp\n'}
[1.033349] (px4_msgs) StdoutLine: {'line': b'-- Up-to-date: /home/mustardking/ws_sensor_combined/install/px4_msgs/include/px4_msgs/px4_msgs/msg/detail/autotune_attitude_control_status__rosidl_typesupport_introspection_cpp.hpp\n'}
[1.033371] (px4_msgs) StdoutLine: {'line': b'-- Up-to-date: /home/mustardking/ws_sensor_combined/install/px4_msgs/include/px4_msgs/px4_msgs/msg/detail/vehicle_attitude_setpoint__rosidl_typesupport_introspection_cpp.hpp\n'}
[1.033393] (px4_msgs) StdoutLine: {'line': b'-- Up-to-date: /home/mustardking/ws_sensor_combined/install/px4_msgs/include/px4_msgs/px4_msgs/msg/detail/logger_status__type_support.cpp\n'}
[1.033435] (px4_msgs) StdoutLine: {'line': b'-- Up-to-date: /home/mustardking/ws_sensor_combined/install/px4_msgs/include/px4_msgs/px4_msgs/msg/detail/actuator_servos_trim__type_support.cpp\n'}
[1.033458] (px4_msgs) StdoutLine: {'line': b'-- Up-to-date: /home/mustardking/ws_sensor_combined/install/px4_msgs/include/px4_msgs/px4_msgs/msg/detail/estimator_bias3d__type_support.cpp\n'}
[1.033504] (px4_msgs) StdoutLine: {'line': b'-- Up-to-date: /home/mustardking/ws_sensor_combined/install/px4_msgs/include/px4_msgs/px4_msgs/msg/detail/follow_target_estimator__type_support.cpp\n'}
[1.033532] (px4_msgs) StdoutLine: {'line': b'-- Up-to-date: /home/mustardking/ws_sensor_combined/install/px4_msgs/include/px4_msgs/px4_msgs/msg/detail/airspeed__rosidl_typesupport_introspection_cpp.hpp\n'}
[1.033556] (px4_msgs) StdoutLine: {'line': b'-- Up-to-date: /home/mustardking/ws_sensor_combined/install/px4_msgs/include/px4_msgs/px4_msgs/msg/detail/estimator_selector_status__rosidl_typesupport_introspection_cpp.hpp\n'}
[1.033593] (px4_msgs) StdoutLine: {'line': b'-- Up-to-date: /home/mustardking/ws_sensor_combined/install/px4_msgs/include/px4_msgs/px4_msgs/msg/detail/rpm__type_support.cpp\n'}
[1.033616] (px4_msgs) StdoutLine: {'line': b'-- Up-to-date: /home/mustardking/ws_sensor_combined/install/px4_msgs/include/px4_msgs/px4_msgs/msg/detail/open_drone_id_operator_id__type_support.cpp\n'}
[1.033638] (px4_msgs) StdoutLine: {'line': b'-- Up-to-date: /home/mustardking/ws_sensor_combined/install/px4_msgs/include/px4_msgs/px4_msgs/msg/detail/register_ext_component_request__type_support.cpp\n'}
[1.033661] (px4_msgs) StdoutLine: {'line': b'-- Up-to-date: /home/mustardking/ws_sensor_combined/install/px4_msgs/include/px4_msgs/px4_msgs/msg/detail/vehicle_command__type_support.cpp\n'}
[1.033682] (px4_msgs) StdoutLine: {'line': b'-- Up-to-date: /home/mustardking/ws_sensor_combined/install/px4_msgs/include/px4_msgs/px4_msgs/msg/detail/sensor_gyro__type_support.cpp\n'}
[1.033719] (px4_msgs) StdoutLine: {'line': b'-- Up-to-date: /home/mustardking/ws_sensor_combined/install/px4_msgs/include/px4_msgs/px4_msgs/msg/detail/uavcan_parameter_value__rosidl_typesupport_introspection_cpp.hpp\n'}
[1.033764] (px4_msgs) StdoutLine: {'line': b'-- Up-to-date: /home/mustardking/ws_sensor_combined/install/px4_msgs/include/px4_msgs/px4_msgs/msg/detail/parameter_set_value_response__type_support.cpp\n'}
[1.033788] (px4_msgs) StdoutLine: {'line': b'-- Up-to-date: /home/mustardking/ws_sensor_combined/install/px4_msgs/include/px4_msgs/px4_msgs/msg/detail/debug_vect__rosidl_typesupport_introspection_cpp.hpp\n'}
[1.033811] (px4_msgs) StdoutLine: {'line': b'-- Up-to-date: /home/mustardking/ws_sensor_combined/install/px4_msgs/include/px4_msgs/px4_msgs/msg/detail/radio_status__rosidl_typesupport_introspection_cpp.hpp\n'}
[1.033833] (px4_msgs) StdoutLine: {'line': b'-- Up-to-date: /home/mustardking/ws_sensor_combined/install/px4_msgs/include/px4_msgs/px4_msgs/msg/detail/battery_info__rosidl_typesupport_introspection_cpp.hpp\n'}
[1.033855] (px4_msgs) StdoutLine: {'line': b'-- Up-to-date: /home/mustardking/ws_sensor_combined/install/px4_msgs/include/px4_msgs/px4_msgs/msg/detail/navigator_mission_item__type_support.cpp\n'}
[1.033893] (px4_msgs) StdoutLine: {'line': b'-- Up-to-date: /home/mustardking/ws_sensor_combined/install/px4_msgs/include/px4_msgs/px4_msgs/msg/detail/open_drone_id_system__rosidl_typesupport_introspection_cpp.hpp\n'}
[1.033915] (px4_msgs) StdoutLine: {'line': b'-- Up-to-date: /home/mustardking/ws_sensor_combined/install/px4_msgs/include/px4_msgs/px4_msgs/msg/detail/offboard_control_mode__type_support.cpp\n'}
[1.033938] (px4_msgs) StdoutLine: {'line': b'-- Up-to-date: /home/mustardking/ws_sensor_combined/install/px4_msgs/include/px4_msgs/px4_msgs/msg/detail/rover_attitude_setpoint__rosidl_typesupport_introspection_cpp.hpp\n'}
[1.033969] (px4_msgs) StdoutLine: {'line': b'-- Up-to-date: /home/mustardking/ws_sensor_combined/install/px4_msgs/include/px4_msgs/px4_msgs/msg/detail/gripper__type_support.cpp\n'}
[1.033991] (px4_msgs) StdoutLine: {'line': b'-- Up-to-date: /home/mustardking/ws_sensor_combined/install/px4_msgs/include/px4_msgs/px4_msgs/msg/detail/rover_position_setpoint__rosidl_typesupport_introspection_cpp.hpp\n'}
[1.034037] (px4_msgs) StdoutLine: {'line': b'-- Up-to-date: /home/mustardking/ws_sensor_combined/install/px4_msgs/include/px4_msgs/px4_msgs/msg/detail/gps_dump__type_support.cpp\n'}
[1.034062] (px4_msgs) StdoutLine: {'line': b'-- Up-to-date: /home/mustardking/ws_sensor_combined/install/px4_msgs/include/px4_msgs/px4_msgs/msg/detail/vehicle_angular_velocity__type_support.cpp\n'}
[1.034084] (px4_msgs) StdoutLine: {'line': b'-- Up-to-date: /home/mustardking/ws_sensor_combined/install/px4_msgs/include/px4_msgs/px4_msgs/msg/detail/rc_parameter_map__type_support.cpp\n'}
[1.034106] (px4_msgs) StdoutLine: {'line': b'-- Up-to-date: /home/mustardking/ws_sensor_combined/install/px4_msgs/include/px4_msgs/px4_msgs/msg/detail/yaw_estimator_status__rosidl_typesupport_introspection_cpp.hpp\n'}
[1.034127] (px4_msgs) StdoutLine: {'line': b'-- Up-to-date: /home/mustardking/ws_sensor_combined/install/px4_msgs/include/px4_msgs/px4_msgs/msg/detail/sensor_gyro_fifo__type_support.cpp\n'}
[1.034149] (px4_msgs) StdoutLine: {'line': b'-- Up-to-date: /home/mustardking/ws_sensor_combined/install/px4_msgs/include/px4_msgs/px4_msgs/msg/detail/sensor_gnss_relative__rosidl_typesupport_introspection_cpp.hpp\n'}
[1.034210] (px4_msgs) StdoutLine: {'line': b'-- Up-to-date: /home/mustardking/ws_sensor_combined/install/px4_msgs/include/px4_msgs/px4_msgs/msg/detail/mode_completed__type_support.cpp\n'}
[1.034240] (px4_msgs) StdoutLine: {'line': b'-- Up-to-date: /home/mustardking/ws_sensor_combined/install/px4_msgs/include/px4_msgs/px4_msgs/msg/detail/pps_capture__type_support.cpp\n'}
[1.034271] (px4_msgs) StdoutLine: {'line': b'-- Up-to-date: /home/mustardking/ws_sensor_combined/install/px4_msgs/include/px4_msgs/px4_msgs/msg/detail/airspeed__type_support.cpp\n'}
[1.034309] (px4_msgs) StdoutLine: {'line': b'-- Up-to-date: /home/mustardking/ws_sensor_combined/install/px4_msgs/include/px4_msgs/px4_msgs/msg/detail/rate_ctrl_status__rosidl_typesupport_introspection_cpp.hpp\n'}
[1.034331] (px4_msgs) StdoutLine: {'line': b'-- Up-to-date: /home/mustardking/ws_sensor_combined/install/px4_msgs/include/px4_msgs/px4_msgs/msg/detail/vehicle_attitude__type_support.cpp\n'}
[1.034354] (px4_msgs) StdoutLine: {'line': b'-- Up-to-date: /home/mustardking/ws_sensor_combined/install/px4_msgs/include/px4_msgs/px4_msgs/msg/detail/failsafe_flags__rosidl_typesupport_introspection_cpp.hpp\n'}
[1.034376] (px4_msgs) StdoutLine: {'line': b'-- Up-to-date: /home/mustardking/ws_sensor_combined/install/px4_msgs/include/px4_msgs/px4_msgs/msg/detail/battery_status__type_support.cpp\n'}
[1.034398] (px4_msgs) StdoutLine: {'line': b'-- Up-to-date: /home/mustardking/ws_sensor_combined/install/px4_msgs/include/px4_msgs/px4_msgs/msg/detail/system_power__type_support.cpp\n'}
[1.034421] (px4_msgs) StdoutLine: {'line': b'-- Up-to-date: /home/mustardking/ws_sensor_combined/install/px4_msgs/include/px4_msgs/px4_msgs/msg/detail/open_drone_id_operator_id__rosidl_typesupport_introspection_cpp.hpp\n'}
[1.034443] (px4_msgs) StdoutLine: {'line': b'-- Up-to-date: /home/mustardking/ws_sensor_combined/install/px4_msgs/include/px4_msgs/px4_msgs/msg/detail/mission_result__rosidl_typesupport_introspection_cpp.hpp\n'}
[1.034492] (px4_msgs) StdoutLine: {'line': b'-- Up-to-date: /home/mustardking/ws_sensor_combined/install/px4_msgs/include/px4_msgs/px4_msgs/msg/detail/transponder_report__type_support.cpp\n'}
[1.034515] (px4_msgs) StdoutLine: {'line': b'-- Up-to-date: /home/mustardking/ws_sensor_combined/install/px4_msgs/include/px4_msgs/px4_msgs/msg/detail/ping__type_support.cpp\n'}
[1.034537] (px4_msgs) StdoutLine: {'line': b'-- Up-to-date: /home/mustardking/ws_sensor_combined/install/px4_msgs/include/px4_msgs/px4_msgs/msg/detail/rtl_status__type_support.cpp\n'}
[1.034559] (px4_msgs) StdoutLine: {'line': b'-- Up-to-date: /home/mustardking/ws_sensor_combined/install/px4_msgs/include/px4_msgs/px4_msgs/msg/detail/gpio_out__rosidl_typesupport_introspection_cpp.hpp\n'}
[1.034593] (px4_msgs) StdoutLine: {'line': b'-- Up-to-date: /home/mustardking/ws_sensor_combined/install/px4_msgs/include/px4_msgs/px4_msgs/msg/detail/action_request__type_support.cpp\n'}
[1.034616] (px4_msgs) StdoutLine: {'line': b'-- Up-to-date: /home/mustardking/ws_sensor_combined/install/px4_msgs/include/px4_msgs/px4_msgs/msg/detail/navigator_mission_item__rosidl_typesupport_introspection_cpp.hpp\n'}
[1.034649] (px4_msgs) StdoutLine: {'line': b'-- Up-to-date: /home/mustardking/ws_sensor_combined/install/px4_msgs/include/px4_msgs/px4_msgs/msg/detail/sensor_combined__type_support.cpp\n'}
[1.034671] (px4_msgs) StdoutLine: {'line': b'-- Up-to-date: /home/mustardking/ws_sensor_combined/install/px4_msgs/include/px4_msgs/px4_msgs/msg/detail/offboard_control_mode__rosidl_typesupport_introspection_cpp.hpp\n'}
[1.034693] (px4_msgs) StdoutLine: {'line': b'-- Up-to-date: /home/mustardking/ws_sensor_combined/install/px4_msgs/include/px4_msgs/px4_msgs/msg/detail/geofence_result__rosidl_typesupport_introspection_cpp.hpp\n'}
[1.034715] (px4_msgs) StdoutLine: {'line': b'-- Up-to-date: /home/mustardking/ws_sensor_combined/install/px4_msgs/include/px4_msgs/px4_msgs/msg/detail/gimbal_manager_set_attitude__rosidl_typesupport_introspection_cpp.hpp\n'}
[1.034761] (px4_msgs) StdoutLine: {'line': b'-- Up-to-date: /home/mustardking/ws_sensor_combined/install/px4_msgs/include/px4_msgs/px4_msgs/msg/detail/pure_pursuit_status__type_support.cpp\n'}
[1.034789] (px4_msgs) StdoutLine: {'line': b'-- Up-to-date: /home/mustardking/ws_sensor_combined/install/px4_msgs/include/px4_msgs/px4_msgs/msg/detail/mavlink_tunnel__type_support.cpp\n'}
[1.034811] (px4_msgs) StdoutLine: {'line': b'-- Up-to-date: /home/mustardking/ws_sensor_combined/install/px4_msgs/include/px4_msgs/px4_msgs/msg/detail/vehicle_roi__type_support.cpp\n'}
[1.034833] (px4_msgs) StdoutLine: {'line': b'-- Up-to-date: /home/mustardking/ws_sensor_combined/install/px4_msgs/include/px4_msgs/px4_msgs/msg/detail/orb_test__rosidl_typesupport_introspection_cpp.hpp\n'}
[1.034880] (px4_msgs) StdoutLine: {'line': b'-- Up-to-date: /home/mustardking/ws_sensor_combined/install/px4_msgs/include/px4_msgs/px4_msgs/msg/detail/follow_target_status__type_support.cpp\n'}
[1.034903] (px4_msgs) StdoutLine: {'line': b'-- Up-to-date: /home/mustardking/ws_sensor_combined/install/px4_msgs/include/px4_msgs/px4_msgs/msg/detail/estimator_status_flags__type_support.cpp\n'}
[1.034925] (px4_msgs) StdoutLine: {'line': b'-- Up-to-date: /home/mustardking/ws_sensor_combined/install/px4_msgs/include/px4_msgs/px4_msgs/msg/detail/gimbal_manager_set_attitude__type_support.cpp\n'}
[1.034947] (px4_msgs) StdoutLine: {'line': b'-- Up-to-date: /home/mustardking/ws_sensor_combined/install/px4_msgs/include/px4_msgs/px4_msgs/msg/detail/dataman_response__type_support.cpp\n'}
[1.034972] (px4_msgs) StdoutLine: {'line': b'-- Up-to-date: /home/mustardking/ws_sensor_combined/install/px4_msgs/include/px4_msgs/px4_msgs/msg/detail/navigator_status__rosidl_typesupport_introspection_cpp.hpp\n'}
[1.034994] (px4_msgs) StdoutLine: {'line': b'-- Up-to-date: /home/mustardking/ws_sensor_combined/install/px4_msgs/include/px4_msgs/px4_msgs/msg/detail/estimator_event_flags__rosidl_typesupport_introspection_cpp.hpp\n'}
[1.035038] (px4_msgs) StdoutLine: {'line': b'-- Up-to-date: /home/mustardking/ws_sensor_combined/install/px4_msgs/include/px4_msgs/px4_msgs/msg/detail/position_setpoint_triplet__rosidl_typesupport_introspection_cpp.hpp\n'}
[1.035062] (px4_msgs) StdoutLine: {'line': b'-- Up-to-date: /home/mustardking/ws_sensor_combined/install/px4_msgs/include/px4_msgs/px4_msgs/msg/detail/mount_orientation__rosidl_typesupport_introspection_cpp.hpp\n'}
[1.035085] (px4_msgs) StdoutLine: {'line': b'-- Up-to-date: /home/mustardking/ws_sensor_combined/install/px4_msgs/include/px4_msgs/px4_msgs/msg/detail/actuator_controls_status__type_support.cpp\n'}
[1.035107] (px4_msgs) StdoutLine: {'line': b'-- Up-to-date: /home/mustardking/ws_sensor_combined/install/px4_msgs/include/px4_msgs/px4_msgs/msg/detail/fixed_wing_lateral_status__type_support.cpp\n'}
[1.035129] (px4_msgs) StdoutLine: {'line': b'-- Up-to-date: /home/mustardking/ws_sensor_combined/install/px4_msgs/include/px4_msgs/px4_msgs/msg/detail/landing_gear_wheel__type_support.cpp\n'}
[1.035170] (px4_msgs) StdoutLine: {'line': b'-- Up-to-date: /home/mustardking/ws_sensor_combined/install/px4_msgs/include/px4_msgs/px4_msgs/msg/detail/rate_ctrl_status__type_support.cpp\n'}
[1.035194] (px4_msgs) StdoutLine: {'line': b'-- Up-to-date: /home/mustardking/ws_sensor_combined/install/px4_msgs/include/px4_msgs/px4_msgs/msg/detail/debug_array__rosidl_typesupport_introspection_cpp.hpp\n'}
[1.035219] (px4_msgs) StdoutLine: {'line': b'-- Up-to-date: /home/mustardking/ws_sensor_combined/install/px4_msgs/include/px4_msgs/px4_msgs/msg/detail/orb_test__type_support.cpp\n'}
[1.035241] (px4_msgs) StdoutLine: {'line': b'-- Up-to-date: /home/mustardking/ws_sensor_combined/install/px4_msgs/include/px4_msgs/px4_msgs/msg/detail/vehicle_optical_flow__rosidl_typesupport_introspection_cpp.hpp\n'}
[1.035282] (px4_msgs) StdoutLine: {'line': b'-- Up-to-date: /home/mustardking/ws_sensor_combined/install/px4_msgs/include/px4_msgs/px4_msgs/msg/detail/vehicle_global_position__rosidl_typesupport_introspection_cpp.hpp\n'}
[1.035324] (px4_msgs) StdoutLine: {'line': b'-- Up-to-date: /home/mustardking/ws_sensor_combined/install/px4_msgs/include/px4_msgs/px4_msgs/msg/detail/follow_target__type_support.cpp\n'}
[1.035347] (px4_msgs) StdoutLine: {'line': b'-- Up-to-date: /home/mustardking/ws_sensor_combined/install/px4_msgs/include/px4_msgs/px4_msgs/msg/detail/sensor_airflow__type_support.cpp\n'}
[1.035386] (px4_msgs) StdoutLine: {'line': b'-- Up-to-date: /home/mustardking/ws_sensor_combined/install/px4_msgs/include/px4_msgs/px4_msgs/msg/detail/takeoff_status__rosidl_typesupport_introspection_cpp.hpp\n'}
[1.035408] (px4_msgs) StdoutLine: {'line': b'-- Up-to-date: /home/mustardking/ws_sensor_combined/install/px4_msgs/include/px4_msgs/px4_msgs/msg/detail/failure_detector_status__rosidl_typesupport_introspection_cpp.hpp\n'}
[1.035431] (px4_msgs) StdoutLine: {'line': b'-- Up-to-date: /home/mustardking/ws_sensor_combined/install/px4_msgs/include/px4_msgs/px4_msgs/msg/detail/vehicle_torque_setpoint__rosidl_typesupport_introspection_cpp.hpp\n'}
[1.035453] (px4_msgs) StdoutLine: {'line': b'-- Up-to-date: /home/mustardking/ws_sensor_combined/install/px4_msgs/include/px4_msgs/px4_msgs/msg/detail/sensor_gnss_status__rosidl_typesupport_introspection_cpp.hpp\n'}
[1.035492] (px4_msgs) StdoutLine: {'line': b'-- Up-to-date: /home/mustardking/ws_sensor_combined/install/px4_msgs/include/px4_msgs/px4_msgs/msg/detail/vehicle_angular_velocity__rosidl_typesupport_introspection_cpp.hpp\n'}
[1.035516] (px4_msgs) StdoutLine: {'line': b'-- Up-to-date: /home/mustardking/ws_sensor_combined/install/px4_msgs/include/px4_msgs/px4_msgs/msg/detail/geofence_status__type_support.cpp\n'}
[1.035550] (px4_msgs) StdoutLine: {'line': b'-- Up-to-date: /home/mustardking/ws_sensor_combined/install/px4_msgs/include/px4_msgs/px4_msgs/msg/detail/goto_setpoint__type_support.cpp\n'}
[1.035574] (px4_msgs) StdoutLine: {'line': b'-- Up-to-date: /home/mustardking/ws_sensor_combined/install/px4_msgs/include/px4_msgs/px4_msgs/msg/detail/rc_channels__type_support.cpp\n'}
[1.035597] (px4_msgs) StdoutLine: {'line': b'-- Up-to-date: /home/mustardking/ws_sensor_combined/install/px4_msgs/include/px4_msgs/px4_msgs/msg/detail/rover_rate_status__type_support.cpp\n'}
[1.035636] (px4_msgs) StdoutLine: {'line': b'-- Up-to-date: /home/mustardking/ws_sensor_combined/install/px4_msgs/include/px4_msgs/px4_msgs/msg/detail/vehicle_air_data__type_support.cpp\n'}
[1.035658] (px4_msgs) StdoutLine: {'line': b'-- Up-to-date: /home/mustardking/ws_sensor_combined/install/px4_msgs/include/px4_msgs/px4_msgs/msg/detail/vtol_vehicle_status__type_support.cpp\n'}
[1.035683] (px4_msgs) StdoutLine: {'line': b'-- Up-to-date: /home/mustardking/ws_sensor_combined/install/px4_msgs/include/px4_msgs/px4_msgs/msg/detail/goto_setpoint__rosidl_typesupport_introspection_cpp.hpp\n'}
[1.035705] (px4_msgs) StdoutLine: {'line': b'-- Up-to-date: /home/mustardking/ws_sensor_combined/install/px4_msgs/include/px4_msgs/px4_msgs/msg/detail/actuator_armed__type_support.cpp\n'}
[1.035727] (px4_msgs) StdoutLine: {'line': b'-- Up-to-date: /home/mustardking/ws_sensor_combined/install/px4_msgs/include/px4_msgs/px4_msgs/msg/detail/vehicle_roi__rosidl_typesupport_introspection_cpp.hpp\n'}
[1.035759] (px4_msgs) StdoutLine: {'line': b'-- Up-to-date: /home/mustardking/ws_sensor_combined/install/px4_msgs/include/px4_msgs/px4_msgs/msg/detail/yaw_estimator_status__type_support.cpp\n'}
[1.035805] (px4_msgs) StdoutLine: {'line': b'-- Up-to-date: /home/mustardking/ws_sensor_combined/install/px4_msgs/include/px4_msgs/px4_msgs/msg/detail/arming_check_request__type_support.cpp\n'}
[1.035828] (px4_msgs) StdoutLine: {'line': b'-- Up-to-date: /home/mustardking/ws_sensor_combined/install/px4_msgs/include/px4_msgs/px4_msgs/msg/detail/gimbal_manager_information__rosidl_typesupport_introspection_cpp.hpp\n'}
[1.035851] (px4_msgs) StdoutLine: {'line': b'-- Up-to-date: /home/mustardking/ws_sensor_combined/install/px4_msgs/include/px4_msgs/px4_msgs/msg/detail/message_format_response__type_support.cpp\n'}
[1.035873] (px4_msgs) StdoutLine: {'line': b'-- Up-to-date: /home/mustardking/ws_sensor_combined/install/px4_msgs/include/px4_msgs/px4_msgs/msg/detail/onboard_computer_status__type_support.cpp\n'}
[1.035895] (px4_msgs) StdoutLine: {'line': b'-- Up-to-date: /home/mustardking/ws_sensor_combined/install/px4_msgs/include/px4_msgs/px4_msgs/msg/detail/message_format_request__type_support.cpp\n'}
[1.035935] (px4_msgs) StdoutLine: {'line': b'-- Up-to-date: /home/mustardking/ws_sensor_combined/install/px4_msgs/include/px4_msgs/px4_msgs/msg/detail/gpio_out__type_support.cpp\n'}
[1.035957] (px4_msgs) StdoutLine: {'line': b'-- Up-to-date: /home/mustardking/ws_sensor_combined/install/px4_msgs/include/px4_msgs/px4_msgs/msg/detail/internal_combustion_engine_control__rosidl_typesupport_introspection_cpp.hpp\n'}
[1.035983] (px4_msgs) StdoutLine: {'line': b'-- Up-to-date: /home/mustardking/ws_sensor_combined/install/px4_msgs/include/px4_msgs/px4_msgs/msg/detail/irlock_report__rosidl_typesupport_introspection_cpp.hpp\n'}
[1.036006] (px4_msgs) StdoutLine: {'line': b'-- Up-to-date: /home/mustardking/ws_sensor_combined/install/px4_msgs/include/px4_msgs/px4_msgs/msg/detail/fixed_wing_longitudinal_setpoint__type_support.cpp\n'}
[1.036028] (px4_msgs) StdoutLine: {'line': b'-- Up-to-date: /home/mustardking/ws_sensor_combined/install/px4_msgs/include/px4_msgs/px4_msgs/msg/detail/debug_value__type_support.cpp\n'}
[1.036050] (px4_msgs) StdoutLine: {'line': b'-- Up-to-date: /home/mustardking/ws_sensor_combined/install/px4_msgs/include/px4_msgs/px4_msgs/msg/detail/estimator_innovations__type_support.cpp\n'}
[1.036090] (px4_msgs) StdoutLine: {'line': b'-- Up-to-date: /home/mustardking/ws_sensor_combined/install/px4_msgs/include/px4_msgs/px4_msgs/msg/detail/generator_status__rosidl_typesupport_introspection_cpp.hpp\n'}
[1.036116] (px4_msgs) StdoutLine: {'line': b'-- Up-to-date: /home/mustardking/ws_sensor_combined/install/px4_msgs/include/px4_msgs/px4_msgs/msg/detail/unregister_ext_component__type_support.cpp\n'}
[1.036138] (px4_msgs) StdoutLine: {'line': b'-- Up-to-date: /home/mustardking/ws_sensor_combined/install/px4_msgs/include/px4_msgs/px4_msgs/msg/detail/gimbal_device_information__type_support.cpp\n'}
[1.036170] (px4_msgs) StdoutLine: {'line': b'-- Up-to-date: /home/mustardking/ws_sensor_combined/install/px4_msgs/include/px4_msgs/px4_msgs/msg/detail/vehicle_optical_flow__type_support.cpp\n'}
[1.036214] (px4_msgs) StdoutLine: {'line': b'-- Up-to-date: /home/mustardking/ws_sensor_combined/install/px4_msgs/include/px4_msgs/px4_msgs/msg/detail/obstacle_distance__rosidl_typesupport_introspection_cpp.hpp\n'}
[1.036237] (px4_msgs) StdoutLine: {'line': b'-- Up-to-date: /home/mustardking/ws_sensor_combined/install/px4_msgs/include/px4_msgs/px4_msgs/msg/detail/mag_worker_data__rosidl_typesupport_introspection_cpp.hpp\n'}
[1.036259] (px4_msgs) StdoutLine: {'line': b'-- Up-to-date: /home/mustardking/ws_sensor_combined/install/px4_msgs/include/px4_msgs/px4_msgs/msg/detail/debug_key_value__rosidl_typesupport_introspection_cpp.hpp\n'}
[1.036281] (px4_msgs) StdoutLine: {'line': b'-- Up-to-date: /home/mustardking/ws_sensor_combined/install/px4_msgs/include/px4_msgs/px4_msgs/msg/detail/sensor_gnss_status__type_support.cpp\n'}
[1.036303] (px4_msgs) StdoutLine: {'line': b'-- Up-to-date: /home/mustardking/ws_sensor_combined/install/px4_msgs/include/px4_msgs/px4_msgs/msg/detail/launch_detection_status__type_support.cpp\n'}
[1.036328] (px4_msgs) StdoutLine: {'line': b'-- Up-to-date: /home/mustardking/ws_sensor_combined/install/px4_msgs/include/px4_msgs/px4_msgs/msg/detail/gimbal_manager_status__rosidl_typesupport_introspection_cpp.hpp\n'}
[1.036351] (px4_msgs) StdoutLine: {'line': b'-- Up-to-date: /home/mustardking/ws_sensor_combined/install/px4_msgs/include/px4_msgs/px4_msgs/msg/detail/distance_sensor_mode_change_request__rosidl_typesupport_introspection_cpp.hpp\n'}
[1.036396] (px4_msgs) StdoutLine: {'line': b'-- Up-to-date: /home/mustardking/ws_sensor_combined/install/px4_msgs/include/px4_msgs/px4_msgs/msg/detail/power_button_state__type_support.cpp\n'}
[1.036430] (px4_msgs) StdoutLine: {'line': b'-- Up-to-date: /home/mustardking/ws_sensor_combined/install/px4_msgs/include/px4_msgs/px4_msgs/msg/detail/esc_status__rosidl_typesupport_introspection_cpp.hpp\n'}
[1.036453] (px4_msgs) StdoutLine: {'line': b'-- Up-to-date: /home/mustardking/ws_sensor_combined/install/px4_msgs/include/px4_msgs/px4_msgs/msg/detail/event__type_support.cpp\n'}
[1.036484] (px4_msgs) StdoutLine: {'line': b'-- Up-to-date: /home/mustardking/ws_sensor_combined/install/px4_msgs/include/px4_msgs/px4_msgs/msg/detail/distance_sensor__rosidl_typesupport_introspection_cpp.hpp\n'}
[1.036529] (px4_msgs) StdoutLine: {'line': b'-- Up-to-date: /home/mustardking/ws_sensor_combined/install/px4_msgs/include/px4_msgs/px4_msgs/msg/detail/led_control__rosidl_typesupport_introspection_cpp.hpp\n'}
[1.036551] (px4_msgs) StdoutLine: {'line': b'-- Up-to-date: /home/mustardking/ws_sensor_combined/install/px4_msgs/include/px4_msgs/px4_msgs/msg/detail/actuator_motors__rosidl_typesupport_introspection_cpp.hpp\n'}
[1.036573] (px4_msgs) StdoutLine: {'line': b'-- Up-to-date: /home/mustardking/ws_sensor_combined/install/px4_msgs/include/px4_msgs/px4_msgs/msg/detail/gimbal_controls__rosidl_typesupport_introspection_cpp.hpp\n'}
[1.036596] (px4_msgs) StdoutLine: {'line': b'-- Up-to-date: /home/mustardking/ws_sensor_combined/install/px4_msgs/include/px4_msgs/px4_msgs/msg/detail/gimbal_manager_information__type_support.cpp\n'}
[1.036618] (px4_msgs) StdoutLine: {'line': b'-- Up-to-date: /home/mustardking/ws_sensor_combined/install/px4_msgs/include/px4_msgs/px4_msgs/msg/detail/collision_constraints__rosidl_typesupport_introspection_cpp.hpp\n'}
[1.036641] (px4_msgs) StdoutLine: {'line': b'-- Up-to-date: /home/mustardking/ws_sensor_combined/install/px4_msgs/include/px4_msgs/px4_msgs/msg/detail/position_setpoint_triplet__type_support.cpp\n'}
[1.036682] (px4_msgs) StdoutLine: {'line': b'-- Up-to-date: /home/mustardking/ws_sensor_combined/install/px4_msgs/include/px4_msgs/px4_msgs/msg/detail/vehicle_acceleration__type_support.cpp\n'}
[1.036709] (px4_msgs) StdoutLine: {'line': b'-- Up-to-date: /home/mustardking/ws_sensor_combined/install/px4_msgs/include/px4_msgs/px4_msgs/msg/detail/estimator_aid_source2d__type_support.cpp\n'}
[1.036731] (px4_msgs) StdoutLine: {'line': b'-- Up-to-date: /home/mustardking/ws_sensor_combined/install/px4_msgs/include/px4_msgs/px4_msgs/msg/detail/mavlink_tunnel__rosidl_typesupport_introspection_cpp.hpp\n'}
[1.036754] (px4_msgs) StdoutLine: {'line': b'-- Up-to-date: /home/mustardking/ws_sensor_combined/install/px4_msgs/include/px4_msgs/px4_msgs/msg/detail/debug_key_value__type_support.cpp\n'}
[1.036775] (px4_msgs) StdoutLine: {'line': b'-- Up-to-date: /home/mustardking/ws_sensor_combined/install/px4_msgs/include/px4_msgs/px4_msgs/msg/detail/action_request__rosidl_typesupport_introspection_cpp.hpp\n'}
[1.036818] (px4_msgs) StdoutLine: {'line': b'-- Up-to-date: /home/mustardking/ws_sensor_combined/install/px4_msgs/include/px4_msgs/px4_msgs/msg/detail/uavcan_parameter_request__rosidl_typesupport_introspection_cpp.hpp\n'}
[1.036840] (px4_msgs) StdoutLine: {'line': b'-- Up-to-date: /home/mustardking/ws_sensor_combined/install/px4_msgs/include/px4_msgs/px4_msgs/msg/detail/tune_control__type_support.cpp\n'}
[1.036925] (px4_msgs) StdoutLine: {'line': b'-- Up-to-date: /home/mustardking/ws_sensor_combined/install/px4_msgs/include/px4_msgs/px4_msgs/msg/detail/telemetry_status__rosidl_typesupport_introspection_cpp.hpp\n'}
[1.036950] (px4_msgs) StdoutLine: {'line': b'-- Up-to-date: /home/mustardking/ws_sensor_combined/install/px4_msgs/include/px4_msgs/px4_msgs/msg/detail/vehicle_control_mode__type_support.cpp\n'}
[1.036973] (px4_msgs) StdoutLine: {'line': b'-- Up-to-date: /home/mustardking/ws_sensor_combined/install/px4_msgs/include/px4_msgs/px4_msgs/msg/detail/vehicle_air_data__rosidl_typesupport_introspection_cpp.hpp\n'}
[1.036995] (px4_msgs) StdoutLine: {'line': b'-- Up-to-date: /home/mustardking/ws_sensor_combined/install/px4_msgs/include/px4_msgs/px4_msgs/msg/detail/tiltrotor_extra_controls__type_support.cpp\n'}
[1.037018] (px4_msgs) StdoutLine: {'line': b'-- Up-to-date: /home/mustardking/ws_sensor_combined/install/px4_msgs/include/px4_msgs/px4_msgs/msg/detail/dataman_response__rosidl_typesupport_introspection_cpp.hpp\n'}
[1.037065] (px4_msgs) StdoutLine: {'line': b'-- Up-to-date: /home/mustardking/ws_sensor_combined/install/px4_msgs/include/px4_msgs/px4_msgs/msg/detail/vehicle_angular_acceleration_setpoint__type_support.cpp\n'}
[1.037089] (px4_msgs) StdoutLine: {'line': b'-- Up-to-date: /home/mustardking/ws_sensor_combined/install/px4_msgs/include/px4_msgs/px4_msgs/msg/detail/vehicle_imu__type_support.cpp\n'}
[1.037113] (px4_msgs) StdoutLine: {'line': b'-- Up-to-date: /home/mustardking/ws_sensor_combined/install/px4_msgs/include/px4_msgs/px4_msgs/msg/detail/sensor_preflight_mag__type_support.cpp\n'}
[1.037145] (px4_msgs) StdoutLine: {'line': b'-- Up-to-date: /home/mustardking/ws_sensor_combined/install/px4_msgs/include/px4_msgs/px4_msgs/msg/detail/actuator_outputs__rosidl_typesupport_introspection_cpp.hpp\n'}
[1.037167] (px4_msgs) StdoutLine: {'line': b'-- Up-to-date: /home/mustardking/ws_sensor_combined/install/px4_msgs/include/px4_msgs/px4_msgs/msg/detail/sensor_optical_flow__type_support.cpp\n'}
[1.037210] (px4_msgs) StdoutLine: {'line': b'-- Up-to-date: /home/mustardking/ws_sensor_combined/install/px4_msgs/include/px4_msgs/px4_msgs/msg/detail/vehicle_angular_acceleration_setpoint__rosidl_typesupport_introspection_cpp.hpp\n'}
[1.037233] (px4_msgs) StdoutLine: {'line': b'-- Up-to-date: /home/mustardking/ws_sensor_combined/install/px4_msgs/include/px4_msgs/px4_msgs/msg/detail/vehicle_land_detected__type_support.cpp\n'}
[1.037255] (px4_msgs) StdoutLine: {'line': b'-- Up-to-date: /home/mustardking/ws_sensor_combined/install/px4_msgs/include/px4_msgs/px4_msgs/msg/detail/lateral_control_configuration__type_support.cpp\n'}
[1.037278] (px4_msgs) StdoutLine: {'line': b'-- Up-to-date: /home/mustardking/ws_sensor_combined/install/px4_msgs/include/px4_msgs/px4_msgs/msg/detail/failure_detector_status__type_support.cpp\n'}
[1.037300] (px4_msgs) StdoutLine: {'line': b'-- Up-to-date: /home/mustardking/ws_sensor_combined/install/px4_msgs/include/px4_msgs/px4_msgs/msg/detail/internal_combustion_engine_control__type_support.cpp\n'}
[1.037323] (px4_msgs) StdoutLine: {'line': b'-- Up-to-date: /home/mustardking/ws_sensor_combined/install/px4_msgs/include/px4_msgs/px4_msgs/msg/detail/message_format_request__rosidl_typesupport_introspection_cpp.hpp\n'}
[1.037346] (px4_msgs) StdoutLine: {'line': b'-- Up-to-date: /home/mustardking/ws_sensor_combined/install/px4_msgs/include/px4_msgs/px4_msgs/msg/detail/open_drone_id_arm_status__type_support.cpp\n'}
[1.037405] (px4_msgs) StdoutLine: {'line': b'-- Up-to-date: /home/mustardking/ws_sensor_combined/install/px4_msgs/include/px4_msgs/px4_msgs/msg/detail/vehicle_constraints__type_support.cpp\n'}
[1.037431] (px4_msgs) StdoutLine: {'line': b'-- Up-to-date: /home/mustardking/ws_sensor_combined/install/px4_msgs/include/px4_msgs/px4_msgs/msg/detail/estimator_gps_status__rosidl_typesupport_introspection_cpp.hpp\n'}
[1.037454] (px4_msgs) StdoutLine: {'line': b'-- Up-to-date: /home/mustardking/ws_sensor_combined/install/px4_msgs/include/px4_msgs/px4_msgs/msg/detail/distance_sensor_mode_change_request__type_support.cpp\n'}
[1.037497] (px4_msgs) StdoutLine: {'line': b'-- Up-to-date: /home/mustardking/ws_sensor_combined/install/px4_msgs/include/px4_msgs/px4_msgs/msg/detail/sensor_uwb__type_support.cpp\n'}
[1.037528] (px4_msgs) StdoutLine: {'line': b'-- Up-to-date: /home/mustardking/ws_sensor_combined/install/px4_msgs/include/px4_msgs/px4_msgs/msg/detail/estimator_states__rosidl_typesupport_introspection_cpp.hpp\n'}
[1.037551] (px4_msgs) StdoutLine: {'line': b'-- Up-to-date: /home/mustardking/ws_sensor_combined/install/px4_msgs/include/px4_msgs/px4_msgs/msg/detail/vehicle_local_position_setpoint__rosidl_typesupport_introspection_cpp.hpp\n'}
[1.037574] (px4_msgs) StdoutLine: {'line': b'-- Up-to-date: /home/mustardking/ws_sensor_combined/install/px4_msgs/include/px4_msgs/px4_msgs/msg/detail/sensor_selection__rosidl_typesupport_introspection_cpp.hpp\n'}
[1.037598] (px4_msgs) StdoutLine: {'line': b'-- Up-to-date: /home/mustardking/ws_sensor_combined/install/px4_msgs/include/px4_msgs/px4_msgs/msg/detail/mount_orientation__type_support.cpp\n'}
[1.037621] (px4_msgs) StdoutLine: {'line': b'-- Up-to-date: /home/mustardking/ws_sensor_combined/install/px4_msgs/include/px4_msgs/px4_msgs/msg/detail/timesync_status__rosidl_typesupport_introspection_cpp.hpp\n'}
[1.037662] (px4_msgs) StdoutLine: {'line': b'-- Up-to-date: /home/mustardking/ws_sensor_combined/install/px4_msgs/include/px4_msgs/px4_msgs/msg/detail/launch_detection_status__rosidl_typesupport_introspection_cpp.hpp\n'}
[1.037685] (px4_msgs) StdoutLine: {'line': b'-- Up-to-date: /home/mustardking/ws_sensor_combined/install/px4_msgs/include/px4_msgs/px4_msgs/msg/detail/landing_target_innovations__type_support.cpp\n'}
[1.037708] (px4_msgs) StdoutLine: {'line': b'-- Up-to-date: /home/mustardking/ws_sensor_combined/install/px4_msgs/include/px4_msgs/px4_msgs/msg/detail/arming_check_request__rosidl_typesupport_introspection_cpp.hpp\n'}
[1.037731] (px4_msgs) StdoutLine: {'line': b'-- Up-to-date: /home/mustardking/ws_sensor_combined/install/px4_msgs/include/px4_msgs/px4_msgs/msg/detail/parameter_set_value_request__rosidl_typesupport_introspection_cpp.hpp\n'}
[1.037753] (px4_msgs) StdoutLine: {'line': b'-- Up-to-date: /home/mustardking/ws_sensor_combined/install/px4_msgs/include/px4_msgs/px4_msgs/msg/detail/estimator_aid_source2d__rosidl_typesupport_introspection_cpp.hpp\n'}
[1.037793] (px4_msgs) StdoutLine: {'line': b'-- Up-to-date: /home/mustardking/ws_sensor_combined/install/px4_msgs/include/px4_msgs/px4_msgs/msg/detail/debug_array__type_support.cpp\n'}
[1.037835] (px4_msgs) StdoutLine: {'line': b'-- Up-to-date: /home/mustardking/ws_sensor_combined/install/px4_msgs/include/px4_msgs/px4_msgs/msg/detail/vehicle_global_position__type_support.cpp\n'}
[1.037860] (px4_msgs) StdoutLine: {'line': b'-- Up-to-date: /home/mustardking/ws_sensor_combined/install/px4_msgs/include/px4_msgs/px4_msgs/msg/detail/figure_eight_status__rosidl_typesupport_introspection_cpp.hpp\n'}
[1.037882] (px4_msgs) StdoutLine: {'line': b'-- Up-to-date: /home/mustardking/ws_sensor_combined/install/px4_msgs/include/px4_msgs/px4_msgs/msg/detail/hover_thrust_estimate__rosidl_typesupport_introspection_cpp.hpp\n'}
[1.037905] (px4_msgs) StdoutLine: {'line': b'-- Up-to-date: /home/mustardking/ws_sensor_combined/install/px4_msgs/include/px4_msgs/px4_msgs/msg/detail/log_message__type_support.cpp\n'}
[1.037928] (px4_msgs) StdoutLine: {'line': b'-- Up-to-date: /home/mustardking/ws_sensor_combined/install/px4_msgs/include/px4_msgs/px4_msgs/msg/detail/qshell_req__rosidl_typesupport_introspection_cpp.hpp\n'}
[1.037950] (px4_msgs) StdoutLine: {'line': b'-- Up-to-date: /home/mustardking/ws_sensor_combined/install/px4_msgs/include/px4_msgs/px4_msgs/msg/detail/position_controller_landing_status__type_support.cpp\n'}
[1.037972] (px4_msgs) StdoutLine: {'line': b'-- Up-to-date: /home/mustardking/ws_sensor_combined/install/px4_msgs/include/px4_msgs/px4_msgs/msg/detail/geofence_status__rosidl_typesupport_introspection_cpp.hpp\n'}
[1.037995] (px4_msgs) StdoutLine: {'line': b'-- Up-to-date: /home/mustardking/ws_sensor_combined/install/px4_msgs/include/px4_msgs/px4_msgs/msg/detail/sensor_combined__rosidl_typesupport_introspection_cpp.hpp\n'}
[1.038020] (px4_msgs) StdoutLine: {'line': b'-- Up-to-date: /home/mustardking/ws_sensor_combined/install/px4_msgs/include/px4_msgs/px4_msgs/msg/detail/actuator_outputs__type_support.cpp\n'}
[1.038042] (px4_msgs) StdoutLine: {'line': b'-- Up-to-date: /home/mustardking/ws_sensor_combined/install/px4_msgs/include/px4_msgs/px4_msgs/msg/detail/satellite_info__rosidl_typesupport_introspection_cpp.hpp\n'}
[1.038064] (px4_msgs) StdoutLine: {'line': b'-- Up-to-date: /home/mustardking/ws_sensor_combined/install/px4_msgs/include/px4_msgs/px4_msgs/msg/detail/trajectory_setpoint__type_support.cpp\n'}
[1.038101] (px4_msgs) StdoutLine: {'line': b'-- Up-to-date: /home/mustardking/ws_sensor_combined/install/px4_msgs/include/px4_msgs/px4_msgs/msg/detail/battery_status__rosidl_typesupport_introspection_cpp.hpp\n'}
[1.038133] (px4_msgs) StdoutLine: {'line': b'-- Up-to-date: /home/mustardking/ws_sensor_combined/install/px4_msgs/lib/libpx4_msgs__rosidl_typesupport_introspection_cpp.so\n'}
[1.038156] (px4_msgs) StdoutLine: {'line': b'-- Up-to-date: /home/mustardking/ws_sensor_combined/install/px4_msgs/lib/libpx4_msgs__rosidl_typesupport_cpp.so\n'}
[1.038179] (px4_msgs) StdoutLine: {'line': b'-- Up-to-date: /home/mustardking/ws_sensor_combined/install/px4_msgs/share/px4_msgs/environment/pythonpath.sh\n'}
[1.038205] (px4_msgs) StdoutLine: {'line': b'-- Up-to-date: /home/mustardking/ws_sensor_combined/install/px4_msgs/share/px4_msgs/environment/pythonpath.dsv\n'}
[1.038253] (px4_msgs) StdoutLine: {'line': b'-- Up-to-date: /home/mustardking/ws_sensor_combined/install/px4_msgs/local/lib/python3.10/dist-packages/px4_msgs-2.0.1-py3.10.egg-info\n'}
[1.038276] (px4_msgs) StdoutLine: {'line': b'-- Installing: /home/mustardking/ws_sensor_combined/install/px4_msgs/local/lib/python3.10/dist-packages/px4_msgs-2.0.1-py3.10.egg-info/SOURCES.txt\n'}
[1.038299] (px4_msgs) StdoutLine: {'line': b'-- Installing: /home/mustardking/ws_sensor_combined/install/px4_msgs/local/lib/python3.10/dist-packages/px4_msgs-2.0.1-py3.10.egg-info/PKG-INFO\n'}
[1.038322] (px4_msgs) StdoutLine: {'line': b'-- Installing: /home/mustardking/ws_sensor_combined/install/px4_msgs/local/lib/python3.10/dist-packages/px4_msgs-2.0.1-py3.10.egg-info/dependency_links.txt\n'}
[1.038361] (px4_msgs) StdoutLine: {'line': b'-- Installing: /home/mustardking/ws_sensor_combined/install/px4_msgs/local/lib/python3.10/dist-packages/px4_msgs-2.0.1-py3.10.egg-info/top_level.txt\n'}
[1.038384] (px4_msgs) StdoutLine: {'line': b'-- Up-to-date: /home/mustardking/ws_sensor_combined/install/px4_msgs/local/lib/python3.10/dist-packages/px4_msgs\n'}
[1.038408] (px4_msgs) StdoutLine: {'line': b'-- Up-to-date: /home/mustardking/ws_sensor_combined/install/px4_msgs/local/lib/python3.10/dist-packages/px4_msgs/px4_msgs_s__rosidl_typesupport_introspection_c.cpython-310-aarch64-linux-gnu.so\n'}
[1.038432] (px4_msgs) StdoutLine: {'line': b'-- Up-to-date: /home/mustardking/ws_sensor_combined/install/px4_msgs/local/lib/python3.10/dist-packages/px4_msgs/_px4_msgs_s.ep.rosidl_typesupport_fastrtps_c.c\n'}
[1.038472] (px4_msgs) StdoutLine: {'line': b'-- Up-to-date: /home/mustardking/ws_sensor_combined/install/px4_msgs/local/lib/python3.10/dist-packages/px4_msgs/_px4_msgs_s.ep.rosidl_typesupport_introspection_c.c\n'}
[1.038503] (px4_msgs) StdoutLine: {'line': b'-- Up-to-date: /home/mustardking/ws_sensor_combined/install/px4_msgs/local/lib/python3.10/dist-packages/px4_msgs/srv\n'}
[1.038528] (px4_msgs) StdoutLine: {'line': b'-- Up-to-date: /home/mustardking/ws_sensor_combined/install/px4_msgs/local/lib/python3.10/dist-packages/px4_msgs/srv/__init__.py\n'}
[1.038552] (px4_msgs) StdoutLine: {'line': b'-- Up-to-date: /home/mustardking/ws_sensor_combined/install/px4_msgs/local/lib/python3.10/dist-packages/px4_msgs/srv/_vehicle_command.py\n'}
[1.038598] (px4_msgs) StdoutLine: {'line': b'-- Up-to-date: /home/mustardking/ws_sensor_combined/install/px4_msgs/local/lib/python3.10/dist-packages/px4_msgs/srv/_vehicle_command_s.c\n'}
[1.038621] (px4_msgs) StdoutLine: {'line': b'-- Up-to-date: /home/mustardking/ws_sensor_combined/install/px4_msgs/local/lib/python3.10/dist-packages/px4_msgs/msg\n'}
[1.038647] (px4_msgs) StdoutLine: {'line': b'-- Up-to-date: /home/mustardking/ws_sensor_combined/install/px4_msgs/local/lib/python3.10/dist-packages/px4_msgs/msg/_mission_s.c\n'}
[1.038671] (px4_msgs) StdoutLine: {'line': b'-- Up-to-date: /home/mustardking/ws_sensor_combined/install/px4_msgs/local/lib/python3.10/dist-packages/px4_msgs/msg/_mission_result.py\n'}
[1.038727] (px4_msgs) StdoutLine: {'line': b'-- Up-to-date: /home/mustardking/ws_sensor_combined/install/px4_msgs/local/lib/python3.10/dist-packages/px4_msgs/msg/_rover_attitude_status_s.c\n'}
[1.038752] (px4_msgs) StdoutLine: {'line': b'-- Up-to-date: /home/mustardking/ws_sensor_combined/install/px4_msgs/local/lib/python3.10/dist-packages/px4_msgs/msg/_gimbal_device_set_attitude.py\n'}
[1.038774] (px4_msgs) StdoutLine: {'line': b'-- Up-to-date: /home/mustardking/ws_sensor_combined/install/px4_msgs/local/lib/python3.10/dist-packages/px4_msgs/msg/_dronecan_node_status_s.c\n'}
[1.038797] (px4_msgs) StdoutLine: {'line': b'-- Up-to-date: /home/mustardking/ws_sensor_combined/install/px4_msgs/local/lib/python3.10/dist-packages/px4_msgs/msg/_sensor_accel_fifo.py\n'}
[1.038820] (px4_msgs) StdoutLine: {'line': b'-- Up-to-date: /home/mustardking/ws_sensor_combined/install/px4_msgs/local/lib/python3.10/dist-packages/px4_msgs/msg/_follow_target.py\n'}
[1.038842] (px4_msgs) StdoutLine: {'line': b'-- Up-to-date: /home/mustardking/ws_sensor_combined/install/px4_msgs/local/lib/python3.10/dist-packages/px4_msgs/msg/_tiltrotor_extra_controls_s.c\n'}
[1.038886] (px4_msgs) StdoutLine: {'line': b'-- Up-to-date: /home/mustardking/ws_sensor_combined/install/px4_msgs/local/lib/python3.10/dist-packages/px4_msgs/msg/_iridiumsbd_status.py\n'}
[1.038909] (px4_msgs) StdoutLine: {'line': b'-- Up-to-date: /home/mustardking/ws_sensor_combined/install/px4_msgs/local/lib/python3.10/dist-packages/px4_msgs/msg/_estimator_innovations.py\n'}
[1.038939] (px4_msgs) StdoutLine: {'line': b'-- Up-to-date: /home/mustardking/ws_sensor_combined/install/px4_msgs/local/lib/python3.10/dist-packages/px4_msgs/msg/_gimbal_manager_information.py\n'}
[1.038962] (px4_msgs) StdoutLine: {'line': b'-- Up-to-date: /home/mustardking/ws_sensor_combined/install/px4_msgs/local/lib/python3.10/dist-packages/px4_msgs/msg/_open_drone_id_operator_id.py\n'}
[1.038985] (px4_msgs) StdoutLine: {'line': b'-- Up-to-date: /home/mustardking/ws_sensor_combined/install/px4_msgs/local/lib/python3.10/dist-packages/px4_msgs/msg/_vehicle_rates_setpoint_s.c\n'}
[1.039027] (px4_msgs) StdoutLine: {'line': b'-- Up-to-date: /home/mustardking/ws_sensor_combined/install/px4_msgs/local/lib/python3.10/dist-packages/px4_msgs/msg/_register_ext_component_request.py\n'}
[1.039054] (px4_msgs) StdoutLine: {'line': b'-- Up-to-date: /home/mustardking/ws_sensor_combined/install/px4_msgs/local/lib/python3.10/dist-packages/px4_msgs/msg/_actuator_armed.py\n'}
[1.039077] (px4_msgs) StdoutLine: {'line': b'-- Up-to-date: /home/mustardking/ws_sensor_combined/install/px4_msgs/local/lib/python3.10/dist-packages/px4_msgs/msg/_sensor_hygrometer_s.c\n'}
[1.039100] (px4_msgs) StdoutLine: {'line': b'-- Up-to-date: /home/mustardking/ws_sensor_combined/install/px4_msgs/local/lib/python3.10/dist-packages/px4_msgs/msg/_power_button_state_s.c\n'}
[1.039122] (px4_msgs) StdoutLine: {'line': b'-- Up-to-date: /home/mustardking/ws_sensor_combined/install/px4_msgs/local/lib/python3.10/dist-packages/px4_msgs/msg/_vehicle_optical_flow_s.c\n'}
[1.039145] (px4_msgs) StdoutLine: {'line': b'-- Up-to-date: /home/mustardking/ws_sensor_combined/install/px4_msgs/local/lib/python3.10/dist-packages/px4_msgs/msg/_sensors_status.py\n'}
[1.039191] (px4_msgs) StdoutLine: {'line': b'-- Up-to-date: /home/mustardking/ws_sensor_combined/install/px4_msgs/local/lib/python3.10/dist-packages/px4_msgs/msg/_fuel_tank_status.py\n'}
[1.039214] (px4_msgs) StdoutLine: {'line': b'-- Up-to-date: /home/mustardking/ws_sensor_combined/install/px4_msgs/local/lib/python3.10/dist-packages/px4_msgs/msg/_parameter_set_value_request.py\n'}
[1.039236] (px4_msgs) StdoutLine: {'line': b'-- Up-to-date: /home/mustardking/ws_sensor_combined/install/px4_msgs/local/lib/python3.10/dist-packages/px4_msgs/msg/_system_power_s.c\n'}
[1.039261] (px4_msgs) StdoutLine: {'line': b'-- Up-to-date: /home/mustardking/ws_sensor_combined/install/px4_msgs/local/lib/python3.10/dist-packages/px4_msgs/msg/_battery_info.py\n'}
[1.039305] (px4_msgs) StdoutLine: {'line': b'-- Up-to-date: /home/mustardking/ws_sensor_combined/install/px4_msgs/local/lib/python3.10/dist-packages/px4_msgs/msg/_cellular_status.py\n'}
[1.039328] (px4_msgs) StdoutLine: {'line': b'-- Up-to-date: /home/mustardking/ws_sensor_combined/install/px4_msgs/local/lib/python3.10/dist-packages/px4_msgs/msg/_rover_rate_status_s.c\n'}
[1.039350] (px4_msgs) StdoutLine: {'line': b'-- Up-to-date: /home/mustardking/ws_sensor_combined/install/px4_msgs/local/lib/python3.10/dist-packages/px4_msgs/msg/_follow_target_s.c\n'}
[1.039374] (px4_msgs) StdoutLine: {'line': b'-- Up-to-date: /home/mustardking/ws_sensor_combined/install/px4_msgs/local/lib/python3.10/dist-packages/px4_msgs/msg/_dronecan_node_status.py\n'}
[1.039396] (px4_msgs) StdoutLine: {'line': b'-- Up-to-date: /home/mustardking/ws_sensor_combined/install/px4_msgs/local/lib/python3.10/dist-packages/px4_msgs/msg/_rate_ctrl_status.py\n'}
[1.039419] (px4_msgs) StdoutLine: {'line': b'-- Up-to-date: /home/mustardking/ws_sensor_combined/install/px4_msgs/local/lib/python3.10/dist-packages/px4_msgs/msg/_radio_status.py\n'}
[1.039462] (px4_msgs) StdoutLine: {'line': b'-- Up-to-date: /home/mustardking/ws_sensor_combined/install/px4_msgs/local/lib/python3.10/dist-packages/px4_msgs/msg/_px4io_status.py\n'}
[1.039485] (px4_msgs) StdoutLine: {'line': b'-- Up-to-date: /home/mustardking/ws_sensor_combined/install/px4_msgs/local/lib/python3.10/dist-packages/px4_msgs/msg/_rc_parameter_map.py\n'}
[1.039507] (px4_msgs) StdoutLine: {'line': b'-- Up-to-date: /home/mustardking/ws_sensor_combined/install/px4_msgs/local/lib/python3.10/dist-packages/px4_msgs/msg/_dataman_response_s.c\n'}
[1.039530] (px4_msgs) StdoutLine: {'line': b'-- Up-to-date: /home/mustardking/ws_sensor_combined/install/px4_msgs/local/lib/python3.10/dist-packages/px4_msgs/msg/_unregister_ext_component.py\n'}
[1.039553] (px4_msgs) StdoutLine: {'line': b'-- Up-to-date: /home/mustardking/ws_sensor_combined/install/px4_msgs/local/lib/python3.10/dist-packages/px4_msgs/msg/_estimator_status_flags.py\n'}
[1.039575] (px4_msgs) StdoutLine: {'line': b'-- Up-to-date: /home/mustardking/ws_sensor_combined/install/px4_msgs/local/lib/python3.10/dist-packages/px4_msgs/msg/_telemetry_status_s.c\n'}
[1.039610] (px4_msgs) StdoutLine: {'line': b'-- Up-to-date: /home/mustardking/ws_sensor_combined/install/px4_msgs/local/lib/python3.10/dist-packages/px4_msgs/msg/_parameter_set_value_request_s.c\n'}
[1.039634] (px4_msgs) StdoutLine: {'line': b'-- Up-to-date: /home/mustardking/ws_sensor_combined/install/px4_msgs/local/lib/python3.10/dist-packages/px4_msgs/msg/_vehicle_rates_setpoint.py\n'}
[1.039656] (px4_msgs) StdoutLine: {'line': b'-- Up-to-date: /home/mustardking/ws_sensor_combined/install/px4_msgs/local/lib/python3.10/dist-packages/px4_msgs/msg/_manual_control_setpoint.py\n'}
[1.039678] (px4_msgs) StdoutLine: {'line': b'-- Up-to-date: /home/mustardking/ws_sensor_combined/install/px4_msgs/local/lib/python3.10/dist-packages/px4_msgs/msg/_obstacle_distance.py\n'}
[1.039708] (px4_msgs) StdoutLine: {'line': b'-- Up-to-date: /home/mustardking/ws_sensor_combined/install/px4_msgs/local/lib/python3.10/dist-packages/px4_msgs/msg/_power_button_state.py\n'}
[1.039733] (px4_msgs) StdoutLine: {'line': b'-- Up-to-date: /home/mustardking/ws_sensor_combined/install/px4_msgs/local/lib/python3.10/dist-packages/px4_msgs/msg/_gpio_in.py\n'}
[1.039766] (px4_msgs) StdoutLine: {'line': b'-- Up-to-date: /home/mustardking/ws_sensor_combined/install/px4_msgs/local/lib/python3.10/dist-packages/px4_msgs/msg/_fixed_wing_runway_control.py\n'}
[1.039799] (px4_msgs) StdoutLine: {'line': b'-- Up-to-date: /home/mustardking/ws_sensor_combined/install/px4_msgs/local/lib/python3.10/dist-packages/px4_msgs/msg/_esc_status.py\n'}
[1.039824] (px4_msgs) StdoutLine: {'line': b'-- Up-to-date: /home/mustardking/ws_sensor_combined/install/px4_msgs/local/lib/python3.10/dist-packages/px4_msgs/msg/_yaw_estimator_status.py\n'}
[1.039863] (px4_msgs) StdoutLine: {'line': b'-- Up-to-date: /home/mustardking/ws_sensor_combined/install/px4_msgs/local/lib/python3.10/dist-packages/px4_msgs/msg/_vehicle_attitude.py\n'}
[1.039887] (px4_msgs) StdoutLine: {'line': b'-- Up-to-date: /home/mustardking/ws_sensor_combined/install/px4_msgs/local/lib/python3.10/dist-packages/px4_msgs/msg/_vehicle_air_data_s.c\n'}
[1.039929] (px4_msgs) StdoutLine: {'line': b'-- Up-to-date: /home/mustardking/ws_sensor_combined/install/px4_msgs/local/lib/python3.10/dist-packages/px4_msgs/msg/_rover_rate_status.py\n'}
[1.039952] (px4_msgs) StdoutLine: {'line': b'-- Up-to-date: /home/mustardking/ws_sensor_combined/install/px4_msgs/local/lib/python3.10/dist-packages/px4_msgs/msg/_gpio_out.py\n'}
[1.039983] (px4_msgs) StdoutLine: {'line': b'-- Up-to-date: /home/mustardking/ws_sensor_combined/install/px4_msgs/local/lib/python3.10/dist-packages/px4_msgs/msg/_rc_parameter_map_s.c\n'}
[1.040007] (px4_msgs) StdoutLine: {'line': b'-- Up-to-date: /home/mustardking/ws_sensor_combined/install/px4_msgs/local/lib/python3.10/dist-packages/px4_msgs/msg/_sensor_combined.py\n'}
[1.040044] (px4_msgs) StdoutLine: {'line': b'-- Up-to-date: /home/mustardking/ws_sensor_combined/install/px4_msgs/local/lib/python3.10/dist-packages/px4_msgs/msg/_position_controller_status_s.c\n'}
[1.040082] (px4_msgs) StdoutLine: {'line': b'-- Up-to-date: /home/mustardking/ws_sensor_combined/install/px4_msgs/local/lib/python3.10/dist-packages/px4_msgs/msg/_estimator_innovations_s.c\n'}
[1.040114] (px4_msgs) StdoutLine: {'line': b'-- Up-to-date: /home/mustardking/ws_sensor_combined/install/px4_msgs/local/lib/python3.10/dist-packages/px4_msgs/msg/_vehicle_imu_s.c\n'}
[1.040137] (px4_msgs) StdoutLine: {'line': b'-- Up-to-date: /home/mustardking/ws_sensor_combined/install/px4_msgs/local/lib/python3.10/dist-packages/px4_msgs/msg/_estimator_bias3d_s.c\n'}
[1.040159] (px4_msgs) StdoutLine: {'line': b'-- Up-to-date: /home/mustardking/ws_sensor_combined/install/px4_msgs/local/lib/python3.10/dist-packages/px4_msgs/msg/_input_rc.py\n'}
[1.040190] (px4_msgs) StdoutLine: {'line': b'-- Up-to-date: /home/mustardking/ws_sensor_combined/install/px4_msgs/local/lib/python3.10/dist-packages/px4_msgs/msg/_vehicle_angular_acceleration_setpoint.py\n'}
[1.040230] (px4_msgs) StdoutLine: {'line': b'-- Up-to-date: /home/mustardking/ws_sensor_combined/install/px4_msgs/local/lib/python3.10/dist-packages/px4_msgs/msg/_gpio_config_s.c\n'}
[1.040253] (px4_msgs) StdoutLine: {'line': b'-- Up-to-date: /home/mustardking/ws_sensor_combined/install/px4_msgs/local/lib/python3.10/dist-packages/px4_msgs/msg/_rtl_status_s.c\n'}
[1.040285] (px4_msgs) StdoutLine: {'line': b'-- Up-to-date: /home/mustardking/ws_sensor_combined/install/px4_msgs/local/lib/python3.10/dist-packages/px4_msgs/msg/_sensors_status_s.c\n'}
[1.040307] (px4_msgs) StdoutLine: {'line': b'-- Up-to-date: /home/mustardking/ws_sensor_combined/install/px4_msgs/local/lib/python3.10/dist-packages/px4_msgs/msg/_px4io_status_s.c\n'}
[1.040329] (px4_msgs) StdoutLine: {'line': b'-- Up-to-date: /home/mustardking/ws_sensor_combined/install/px4_msgs/local/lib/python3.10/dist-packages/px4_msgs/msg/_parameter_reset_request_s.c\n'}
[1.040363] (px4_msgs) StdoutLine: {'line': b'-- Up-to-date: /home/mustardking/ws_sensor_combined/install/px4_msgs/local/lib/python3.10/dist-packages/px4_msgs/msg/_estimator_status_s.c\n'}
[1.040400] (px4_msgs) StdoutLine: {'line': b'-- Up-to-date: /home/mustardking/ws_sensor_combined/install/px4_msgs/local/lib/python3.10/dist-packages/px4_msgs/msg/_internal_combustion_engine_status.py\n'}
[1.040424] (px4_msgs) StdoutLine: {'line': b'-- Up-to-date: /home/mustardking/ws_sensor_combined/install/px4_msgs/local/lib/python3.10/dist-packages/px4_msgs/msg/_battery_info_s.c\n'}
[1.040446] (px4_msgs) StdoutLine: {'line': b'-- Up-to-date: /home/mustardking/ws_sensor_combined/install/px4_msgs/local/lib/python3.10/dist-packages/px4_msgs/msg/_estimator_bias.py\n'}
[1.040482] (px4_msgs) StdoutLine: {'line': b'-- Up-to-date: /home/mustardking/ws_sensor_combined/install/px4_msgs/local/lib/python3.10/dist-packages/px4_msgs/msg/_sensor_mag_s.c\n'}
[1.040521] (px4_msgs) StdoutLine: {'line': b'-- Up-to-date: /home/mustardking/ws_sensor_combined/install/px4_msgs/local/lib/python3.10/dist-packages/px4_msgs/msg/_manual_control_switches_s.c\n'}
[1.040559] (px4_msgs) StdoutLine: {'line': b'-- Up-to-date: /home/mustardking/ws_sensor_combined/install/px4_msgs/local/lib/python3.10/dist-packages/px4_msgs/msg/_camera_status_s.c\n'}
[1.040582] (px4_msgs) StdoutLine: {'line': b'-- Up-to-date: /home/mustardking/ws_sensor_combined/install/px4_msgs/local/lib/python3.10/dist-packages/px4_msgs/msg/_wind_s.c\n'}
[1.040605] (px4_msgs) StdoutLine: {'line': b'-- Up-to-date: /home/mustardking/ws_sensor_combined/install/px4_msgs/local/lib/python3.10/dist-packages/px4_msgs/msg/_fixed_wing_lateral_status.py\n'}
[1.040628] (px4_msgs) StdoutLine: {'line': b'-- Up-to-date: /home/mustardking/ws_sensor_combined/install/px4_msgs/local/lib/python3.10/dist-packages/px4_msgs/msg/_autotune_attitude_control_status.py\n'}
[1.040658] (px4_msgs) StdoutLine: {'line': b'-- Up-to-date: /home/mustardking/ws_sensor_combined/install/px4_msgs/local/lib/python3.10/dist-packages/px4_msgs/msg/_goto_setpoint_s.c\n'}
[1.040683] (px4_msgs) StdoutLine: {'line': b'-- Up-to-date: /home/mustardking/ws_sensor_combined/install/px4_msgs/local/lib/python3.10/dist-packages/px4_msgs/msg/_position_setpoint_triplet.py\n'}
[1.040722] (px4_msgs) StdoutLine: {'line': b'-- Up-to-date: /home/mustardking/ws_sensor_combined/install/px4_msgs/local/lib/python3.10/dist-packages/px4_msgs/msg/_uavcan_parameter_request_s.c\n'}
[1.040754] (px4_msgs) StdoutLine: {'line': b'-- Up-to-date: /home/mustardking/ws_sensor_combined/install/px4_msgs/local/lib/python3.10/dist-packages/px4_msgs/msg/_actuator_armed_s.c\n'}
[1.040777] (px4_msgs) StdoutLine: {'line': b'-- Up-to-date: /home/mustardking/ws_sensor_combined/install/px4_msgs/local/lib/python3.10/dist-packages/px4_msgs/msg/_sensor_gnss_relative_s.c\n'}
[1.040799] (px4_msgs) StdoutLine: {'line': b'-- Up-to-date: /home/mustardking/ws_sensor_combined/install/px4_msgs/local/lib/python3.10/dist-packages/px4_msgs/msg/_offboard_control_mode.py\n'}
[1.040821] (px4_msgs) StdoutLine: {'line': b'-- Up-to-date: /home/mustardking/ws_sensor_combined/install/px4_msgs/local/lib/python3.10/dist-packages/px4_msgs/msg/_register_ext_component_reply.py\n'}
[1.040927] (px4_msgs) StdoutLine: {'line': b'-- Up-to-date: /home/mustardking/ws_sensor_combined/install/px4_msgs/local/lib/python3.10/dist-packages/px4_msgs/msg/_sensor_gyro_fifo_s.c\n'}
[1.040958] (px4_msgs) StdoutLine: {'line': b'-- Up-to-date: /home/mustardking/ws_sensor_combined/install/px4_msgs/local/lib/python3.10/dist-packages/px4_msgs/msg/_action_request_s.c\n'}
[1.040981] (px4_msgs) StdoutLine: {'line': b'-- Up-to-date: /home/mustardking/ws_sensor_combined/install/px4_msgs/local/lib/python3.10/dist-packages/px4_msgs/msg/_sensor_accel.py\n'}
[1.041003] (px4_msgs) StdoutLine: {'line': b'-- Up-to-date: /home/mustardking/ws_sensor_combined/install/px4_msgs/local/lib/python3.10/dist-packages/px4_msgs/msg/_esc_status_s.c\n'}
[1.041031] (px4_msgs) StdoutLine: {'line': b'-- Up-to-date: /home/mustardking/ws_sensor_combined/install/px4_msgs/local/lib/python3.10/dist-packages/px4_msgs/msg/_qshell_retval.py\n'}
[1.041054] (px4_msgs) StdoutLine: {'line': b'-- Up-to-date: /home/mustardking/ws_sensor_combined/install/px4_msgs/local/lib/python3.10/dist-packages/px4_msgs/msg/_tecs_status.py\n'}
[1.041076] (px4_msgs) StdoutLine: {'line': b'-- Up-to-date: /home/mustardking/ws_sensor_combined/install/px4_msgs/local/lib/python3.10/dist-packages/px4_msgs/msg/_flight_phase_estimation.py\n'}
[1.041098] (px4_msgs) StdoutLine: {'line': b'-- Up-to-date: /home/mustardking/ws_sensor_combined/install/px4_msgs/local/lib/python3.10/dist-packages/px4_msgs/msg/_neural_control_s.c\n'}
[1.041138] (px4_msgs) StdoutLine: {'line': b'-- Up-to-date: /home/mustardking/ws_sensor_combined/install/px4_msgs/local/lib/python3.10/dist-packages/px4_msgs/msg/_transponder_report_s.c\n'}
[1.041163] (px4_msgs) StdoutLine: {'line': b'-- Up-to-date: /home/mustardking/ws_sensor_combined/install/px4_msgs/local/lib/python3.10/dist-packages/px4_msgs/msg/_gps_inject_data.py\n'}
[1.041185] (px4_msgs) StdoutLine: {'line': b'-- Up-to-date: /home/mustardking/ws_sensor_combined/install/px4_msgs/local/lib/python3.10/dist-packages/px4_msgs/msg/_sensor_preflight_mag.py\n'}
[1.041207] (px4_msgs) StdoutLine: {'line': b'-- Up-to-date: /home/mustardking/ws_sensor_combined/install/px4_msgs/local/lib/python3.10/dist-packages/px4_msgs/msg/_log_message_s.c\n'}
[1.041250] (px4_msgs) StdoutLine: {'line': b'-- Up-to-date: /home/mustardking/ws_sensor_combined/install/px4_msgs/local/lib/python3.10/dist-packages/px4_msgs/msg/_gps_inject_data_s.c\n'}
[1.041272] (px4_msgs) StdoutLine: {'line': b'-- Up-to-date: /home/mustardking/ws_sensor_combined/install/px4_msgs/local/lib/python3.10/dist-packages/px4_msgs/msg/_rate_ctrl_status_s.c\n'}
[1.041294] (px4_msgs) StdoutLine: {'line': b'-- Up-to-date: /home/mustardking/ws_sensor_combined/install/px4_msgs/local/lib/python3.10/dist-packages/px4_msgs/msg/_gimbal_device_set_attitude_s.c\n'}
[1.041316] (px4_msgs) StdoutLine: {'line': b'-- Up-to-date: /home/mustardking/ws_sensor_combined/install/px4_msgs/local/lib/python3.10/dist-packages/px4_msgs/msg/_mode_completed_s.c\n'}
[1.041338] (px4_msgs) StdoutLine: {'line': b'-- Up-to-date: /home/mustardking/ws_sensor_combined/install/px4_msgs/local/lib/python3.10/dist-packages/px4_msgs/msg/_longitudinal_control_configuration.py\n'}
[1.041360] (px4_msgs) StdoutLine: {'line': b'-- Up-to-date: /home/mustardking/ws_sensor_combined/install/px4_msgs/local/lib/python3.10/dist-packages/px4_msgs/msg/_mag_worker_data.py\n'}
[1.041382] (px4_msgs) StdoutLine: {'line': b'-- Up-to-date: /home/mustardking/ws_sensor_combined/install/px4_msgs/local/lib/python3.10/dist-packages/px4_msgs/msg/_uavcan_parameter_value.py\n'}
[1.041432] (px4_msgs) StdoutLine: {'line': b'-- Up-to-date: /home/mustardking/ws_sensor_combined/install/px4_msgs/local/lib/python3.10/dist-packages/px4_msgs/msg/_gpio_in_s.c\n'}
[1.041455] (px4_msgs) StdoutLine: {'line': b'-- Up-to-date: /home/mustardking/ws_sensor_combined/install/px4_msgs/local/lib/python3.10/dist-packages/px4_msgs/msg/_landing_gear.py\n'}
[1.041477] (px4_msgs) StdoutLine: {'line': b'-- Up-to-date: /home/mustardking/ws_sensor_combined/install/px4_msgs/local/lib/python3.10/dist-packages/px4_msgs/msg/_esc_report.py\n'}
[1.041499] (px4_msgs) StdoutLine: {'line': b'-- Up-to-date: /home/mustardking/ws_sensor_combined/install/px4_msgs/local/lib/python3.10/dist-packages/px4_msgs/msg/_vehicle_torque_setpoint.py\n'}
[1.041521] (px4_msgs) StdoutLine: {'line': b'-- Up-to-date: /home/mustardking/ws_sensor_combined/install/px4_msgs/local/lib/python3.10/dist-packages/px4_msgs/msg/_mount_orientation.py\n'}
[1.041546] (px4_msgs) StdoutLine: {'line': b'-- Up-to-date: /home/mustardking/ws_sensor_combined/install/px4_msgs/local/lib/python3.10/dist-packages/px4_msgs/msg/_config_overrides_s.c\n'}
[1.041568] (px4_msgs) StdoutLine: {'line': b'-- Up-to-date: /home/mustardking/ws_sensor_combined/install/px4_msgs/local/lib/python3.10/dist-packages/px4_msgs/msg/_yaw_estimator_status_s.c\n'}
[1.041590] (px4_msgs) StdoutLine: {'line': b'-- Up-to-date: /home/mustardking/ws_sensor_combined/install/px4_msgs/local/lib/python3.10/dist-packages/px4_msgs/msg/_rover_speed_status_s.c\n'}
[1.041613] (px4_msgs) StdoutLine: {'line': b'-- Up-to-date: /home/mustardking/ws_sensor_combined/install/px4_msgs/local/lib/python3.10/dist-packages/px4_msgs/msg/_position_setpoint_s.c\n'}
[1.041642] (px4_msgs) StdoutLine: {'line': b'-- Up-to-date: /home/mustardking/ws_sensor_combined/install/px4_msgs/local/lib/python3.10/dist-packages/px4_msgs/msg/_actuator_test.py\n'}
[1.041691] (px4_msgs) StdoutLine: {'line': b'-- Up-to-date: /home/mustardking/ws_sensor_combined/install/px4_msgs/local/lib/python3.10/dist-packages/px4_msgs/msg/_position_setpoint_triplet_s.c\n'}
[1.041715] (px4_msgs) StdoutLine: {'line': b'-- Up-to-date: /home/mustardking/ws_sensor_combined/install/px4_msgs/local/lib/python3.10/dist-packages/px4_msgs/msg/_pps_capture.py\n'}
[1.041737] (px4_msgs) StdoutLine: {'line': b'-- Up-to-date: /home/mustardking/ws_sensor_combined/install/px4_msgs/local/lib/python3.10/dist-packages/px4_msgs/msg/_ping.py\n'}
[1.041760] (px4_msgs) StdoutLine: {'line': b'-- Up-to-date: /home/mustardking/ws_sensor_combined/install/px4_msgs/local/lib/python3.10/dist-packages/px4_msgs/msg/_navigator_status.py\n'}
[1.041782] (px4_msgs) StdoutLine: {'line': b'-- Up-to-date: /home/mustardking/ws_sensor_combined/install/px4_msgs/local/lib/python3.10/dist-packages/px4_msgs/msg/_vehicle_acceleration_s.c\n'}
[1.041804] (px4_msgs) StdoutLine: {'line': b'-- Up-to-date: /home/mustardking/ws_sensor_combined/install/px4_msgs/local/lib/python3.10/dist-packages/px4_msgs/msg/_control_allocator_status_s.c\n'}
[1.041826] (px4_msgs) StdoutLine: {'line': b'-- Up-to-date: /home/mustardking/ws_sensor_combined/install/px4_msgs/local/lib/python3.10/dist-packages/px4_msgs/msg/_failure_detector_status_s.c\n'}
[1.041848] (px4_msgs) StdoutLine: {'line': b'-- Up-to-date: /home/mustardking/ws_sensor_combined/install/px4_msgs/local/lib/python3.10/dist-packages/px4_msgs/msg/_sensor_optical_flow.py\n'}
[1.041870] (px4_msgs) StdoutLine: {'line': b'-- Up-to-date: /home/mustardking/ws_sensor_combined/install/px4_msgs/local/lib/python3.10/dist-packages/px4_msgs/msg/_health_report_s.c\n'}
[1.041892] (px4_msgs) StdoutLine: {'line': b'-- Up-to-date: /home/mustardking/ws_sensor_combined/install/px4_msgs/local/lib/python3.10/dist-packages/px4_msgs/msg/_trajectory_setpoint6dof.py\n'}
[1.041914] (px4_msgs) StdoutLine: {'line': b'-- Up-to-date: /home/mustardking/ws_sensor_combined/install/px4_msgs/local/lib/python3.10/dist-packages/px4_msgs/msg/_open_drone_id_arm_status_s.c\n'}
[1.041936] (px4_msgs) StdoutLine: {'line': b'-- Up-to-date: /home/mustardking/ws_sensor_combined/install/px4_msgs/local/lib/python3.10/dist-packages/px4_msgs/msg/_debug_vect.py\n'}
[1.041958] (px4_msgs) StdoutLine: {'line': b'-- Up-to-date: /home/mustardking/ws_sensor_combined/install/px4_msgs/local/lib/python3.10/dist-packages/px4_msgs/msg/_rtl_status.py\n'}
[1.041980] (px4_msgs) StdoutLine: {'line': b'-- Up-to-date: /home/mustardking/ws_sensor_combined/install/px4_msgs/local/lib/python3.10/dist-packages/px4_msgs/msg/_camera_status.py\n'}
[1.042002] (px4_msgs) StdoutLine: {'line': b'-- Up-to-date: /home/mustardking/ws_sensor_combined/install/px4_msgs/local/lib/python3.10/dist-packages/px4_msgs/msg/_sensors_status_imu.py\n'}
[1.042024] (px4_msgs) StdoutLine: {'line': b'-- Up-to-date: /home/mustardking/ws_sensor_combined/install/px4_msgs/local/lib/python3.10/dist-packages/px4_msgs/msg/_vehicle_angular_acceleration_setpoint_s.c\n'}
[1.042069] (px4_msgs) StdoutLine: {'line': b'-- Up-to-date: /home/mustardking/ws_sensor_combined/install/px4_msgs/local/lib/python3.10/dist-packages/px4_msgs/msg/_can_interface_status.py\n'}
[1.042091] (px4_msgs) StdoutLine: {'line': b'-- Up-to-date: /home/mustardking/ws_sensor_combined/install/px4_msgs/local/lib/python3.10/dist-packages/px4_msgs/msg/_cpuload.py\n'}
[1.042113] (px4_msgs) StdoutLine: {'line': b'-- Up-to-date: /home/mustardking/ws_sensor_combined/install/px4_msgs/local/lib/python3.10/dist-packages/px4_msgs/msg/_rtl_time_estimate_s.c\n'}
[1.042135] (px4_msgs) StdoutLine: {'line': b'-- Up-to-date: /home/mustardking/ws_sensor_combined/install/px4_msgs/local/lib/python3.10/dist-packages/px4_msgs/msg/_geofence_result_s.c\n'}
[1.042175] (px4_msgs) StdoutLine: {'line': b'-- Up-to-date: /home/mustardking/ws_sensor_combined/install/px4_msgs/local/lib/python3.10/dist-packages/px4_msgs/msg/_arming_check_reply.py\n'}
[1.042197] (px4_msgs) StdoutLine: {'line': b'-- Up-to-date: /home/mustardking/ws_sensor_combined/install/px4_msgs/local/lib/python3.10/dist-packages/px4_msgs/msg/_camera_trigger_s.c\n'}
[1.042219] (px4_msgs) StdoutLine: {'line': b'-- Up-to-date: /home/mustardking/ws_sensor_combined/install/px4_msgs/local/lib/python3.10/dist-packages/px4_msgs/msg/_estimator_selector_status.py\n'}
[1.042251] (px4_msgs) StdoutLine: {'line': b'-- Up-to-date: /home/mustardking/ws_sensor_combined/install/px4_msgs/local/lib/python3.10/dist-packages/px4_msgs/msg/_failsafe_flags_s.c\n'}
[1.042293] (px4_msgs) StdoutLine: {'line': b'-- Up-to-date: /home/mustardking/ws_sensor_combined/install/px4_msgs/local/lib/python3.10/dist-packages/px4_msgs/msg/_parameter_reset_request.py\n'}
[1.042318] (px4_msgs) StdoutLine: {'line': b'-- Up-to-date: /home/mustardking/ws_sensor_combined/install/px4_msgs/local/lib/python3.10/dist-packages/px4_msgs/msg/_arming_check_request_s.c\n'}
[1.042341] (px4_msgs) StdoutLine: {'line': b'-- Up-to-date: /home/mustardking/ws_sensor_combined/install/px4_msgs/local/lib/python3.10/dist-packages/px4_msgs/msg/_lateral_control_configuration.py\n'}
[1.042364] (px4_msgs) StdoutLine: {'line': b'-- Up-to-date: /home/mustardking/ws_sensor_combined/install/px4_msgs/local/lib/python3.10/dist-packages/px4_msgs/msg/_vehicle_air_data.py\n'}
[1.042386] (px4_msgs) StdoutLine: {'line': b'-- Up-to-date: /home/mustardking/ws_sensor_combined/install/px4_msgs/local/lib/python3.10/dist-packages/px4_msgs/msg/_estimator_aid_source3d.py\n'}
[1.042423] (px4_msgs) StdoutLine: {'line': b'-- Up-to-date: /home/mustardking/ws_sensor_combined/install/px4_msgs/local/lib/python3.10/dist-packages/px4_msgs/msg/_vehicle_attitude_setpoint_s.c\n'}
[1.042445] (px4_msgs) StdoutLine: {'line': b'-- Up-to-date: /home/mustardking/ws_sensor_combined/install/px4_msgs/local/lib/python3.10/dist-packages/px4_msgs/msg/_generator_status_s.c\n'}
[1.042475] (px4_msgs) StdoutLine: {'line': b'-- Up-to-date: /home/mustardking/ws_sensor_combined/install/px4_msgs/local/lib/python3.10/dist-packages/px4_msgs/msg/_open_drone_id_system_s.c\n'}
[1.042497] (px4_msgs) StdoutLine: {'line': b'-- Up-to-date: /home/mustardking/ws_sensor_combined/install/px4_msgs/local/lib/python3.10/dist-packages/px4_msgs/msg/_normalized_unsigned_setpoint.py\n'}
[1.042519] (px4_msgs) StdoutLine: {'line': b'-- Up-to-date: /home/mustardking/ws_sensor_combined/install/px4_msgs/local/lib/python3.10/dist-packages/px4_msgs/msg/_mount_orientation_s.c\n'}
[1.042541] (px4_msgs) StdoutLine: {'line': b'-- Up-to-date: /home/mustardking/ws_sensor_combined/install/px4_msgs/local/lib/python3.10/dist-packages/px4_msgs/msg/_mavlink_log_s.c\n'}
[1.042563] (px4_msgs) StdoutLine: {'line': b'-- Up-to-date: /home/mustardking/ws_sensor_combined/install/px4_msgs/local/lib/python3.10/dist-packages/px4_msgs/msg/_estimator_aid_source2d.py\n'}
[1.042607] (px4_msgs) StdoutLine: {'line': b'-- Up-to-date: /home/mustardking/ws_sensor_combined/install/px4_msgs/local/lib/python3.10/dist-packages/px4_msgs/msg/_mission_result_s.c\n'}
[1.042629] (px4_msgs) StdoutLine: {'line': b'-- Up-to-date: /home/mustardking/ws_sensor_combined/install/px4_msgs/local/lib/python3.10/dist-packages/px4_msgs/msg/_button_event_s.c\n'}
[1.042651] (px4_msgs) StdoutLine: {'line': b'-- Up-to-date: /home/mustardking/ws_sensor_combined/install/px4_msgs/local/lib/python3.10/dist-packages/px4_msgs/msg/_estimator_aid_source1d.py\n'}
[1.042674] (px4_msgs) StdoutLine: {'line': b'-- Up-to-date: /home/mustardking/ws_sensor_combined/install/px4_msgs/local/lib/python3.10/dist-packages/px4_msgs/msg/_register_ext_component_reply_s.c\n'}
[1.042722] (px4_msgs) StdoutLine: {'line': b'-- Up-to-date: /home/mustardking/ws_sensor_combined/install/px4_msgs/local/lib/python3.10/dist-packages/px4_msgs/msg/_rtl_time_estimate.py\n'}
[1.042746] (px4_msgs) StdoutLine: {'line': b'-- Up-to-date: /home/mustardking/ws_sensor_combined/install/px4_msgs/local/lib/python3.10/dist-packages/px4_msgs/msg/_sensor_baro.py\n'}
[1.042768] (px4_msgs) StdoutLine: {'line': b'-- Up-to-date: /home/mustardking/ws_sensor_combined/install/px4_msgs/local/lib/python3.10/dist-packages/px4_msgs/msg/_input_rc_s.c\n'}
[1.042791] (px4_msgs) StdoutLine: {'line': b'-- Up-to-date: /home/mustardking/ws_sensor_combined/install/px4_msgs/local/lib/python3.10/dist-packages/px4_msgs/msg/_rc_channels_s.c\n'}
[1.042813] (px4_msgs) StdoutLine: {'line': b'-- Up-to-date: /home/mustardking/ws_sensor_combined/install/px4_msgs/local/lib/python3.10/dist-packages/px4_msgs/msg/_mag_worker_data_s.c\n'}
[1.042847] (px4_msgs) StdoutLine: {'line': b'-- Up-to-date: /home/mustardking/ws_sensor_combined/install/px4_msgs/local/lib/python3.10/dist-packages/px4_msgs/msg/_gimbal_controls.py\n'}
[1.042897] (px4_msgs) StdoutLine: {'line': b'-- Up-to-date: /home/mustardking/ws_sensor_combined/install/px4_msgs/local/lib/python3.10/dist-packages/px4_msgs/msg/_trajectory_setpoint6dof_s.c\n'}
[1.042928] (px4_msgs) StdoutLine: {'line': b'-- Up-to-date: /home/mustardking/ws_sensor_combined/install/px4_msgs/local/lib/python3.10/dist-packages/px4_msgs/msg/_sensor_combined_s.c\n'}
[1.042950] (px4_msgs) StdoutLine: {'line': b'-- Up-to-date: /home/mustardking/ws_sensor_combined/install/px4_msgs/local/lib/python3.10/dist-packages/px4_msgs/msg/_vehicle_status.py\n'}
[1.042972] (px4_msgs) StdoutLine: {'line': b'-- Up-to-date: /home/mustardking/ws_sensor_combined/install/px4_msgs/local/lib/python3.10/dist-packages/px4_msgs/msg/_estimator_aid_source1d_s.c\n'}
[1.043002] (px4_msgs) StdoutLine: {'line': b'-- Up-to-date: /home/mustardking/ws_sensor_combined/install/px4_msgs/local/lib/python3.10/dist-packages/px4_msgs/msg/_vehicle_local_position.py\n'}
[1.043052] (px4_msgs) StdoutLine: {'line': b'-- Up-to-date: /home/mustardking/ws_sensor_combined/install/px4_msgs/local/lib/python3.10/dist-packages/px4_msgs/msg/_estimator_selector_status_s.c\n'}
[1.043076] (px4_msgs) StdoutLine: {'line': b'-- Up-to-date: /home/mustardking/ws_sensor_combined/install/px4_msgs/local/lib/python3.10/dist-packages/px4_msgs/msg/_adc_report_s.c\n'}
[1.043099] (px4_msgs) StdoutLine: {'line': b'-- Up-to-date: /home/mustardking/ws_sensor_combined/install/px4_msgs/local/lib/python3.10/dist-packages/px4_msgs/msg/_trajectory_setpoint_s.c\n'}
[1.043127] (px4_msgs) StdoutLine: {'line': b'-- Up-to-date: /home/mustardking/ws_sensor_combined/install/px4_msgs/local/lib/python3.10/dist-packages/px4_msgs/msg/_gimbal_device_attitude_status.py\n'}
[1.043150] (px4_msgs) StdoutLine: {'line': b'-- Up-to-date: /home/mustardking/ws_sensor_combined/install/px4_msgs/local/lib/python3.10/dist-packages/px4_msgs/msg/_vehicle_command_ack_s.c\n'}
[1.043173] (px4_msgs) StdoutLine: {'line': b'-- Up-to-date: /home/mustardking/ws_sensor_combined/install/px4_msgs/local/lib/python3.10/dist-packages/px4_msgs/msg/_magnetometer_bias_estimate.py\n'}
[1.043210] (px4_msgs) StdoutLine: {'line': b'-- Up-to-date: /home/mustardking/ws_sensor_combined/install/px4_msgs/local/lib/python3.10/dist-packages/px4_msgs/msg/_landing_target_pose.py\n'}
[1.043232] (px4_msgs) StdoutLine: {'line': b'-- Up-to-date: /home/mustardking/ws_sensor_combined/install/px4_msgs/local/lib/python3.10/dist-packages/px4_msgs/msg/_sensor_hygrometer.py\n'}
[1.043254] (px4_msgs) StdoutLine: {'line': b'-- Up-to-date: /home/mustardking/ws_sensor_combined/install/px4_msgs/local/lib/python3.10/dist-packages/px4_msgs/msg/_vehicle_local_position_s.c\n'}
[1.043276] (px4_msgs) StdoutLine: {'line': b'-- Up-to-date: /home/mustardking/ws_sensor_combined/install/px4_msgs/local/lib/python3.10/dist-packages/px4_msgs/msg/_rover_attitude_setpoint.py\n'}
[1.043298] (px4_msgs) StdoutLine: {'line': b'-- Up-to-date: /home/mustardking/ws_sensor_combined/install/px4_msgs/local/lib/python3.10/dist-packages/px4_msgs/msg/_qshell_retval_s.c\n'}
[1.043333] (px4_msgs) StdoutLine: {'line': b'-- Up-to-date: /home/mustardking/ws_sensor_combined/install/px4_msgs/local/lib/python3.10/dist-packages/px4_msgs/msg/_vtol_vehicle_status.py\n'}
[1.043357] (px4_msgs) StdoutLine: {'line': b'-- Up-to-date: /home/mustardking/ws_sensor_combined/install/px4_msgs/local/lib/python3.10/dist-packages/px4_msgs/msg/_mavlink_tunnel_s.c\n'}
[1.043379] (px4_msgs) StdoutLine: {'line': b'-- Up-to-date: /home/mustardking/ws_sensor_combined/install/px4_msgs/local/lib/python3.10/dist-packages/px4_msgs/msg/_follow_target_estimator.py\n'}
[1.043401] (px4_msgs) StdoutLine: {'line': b'-- Up-to-date: /home/mustardking/ws_sensor_combined/install/px4_msgs/local/lib/python3.10/dist-packages/px4_msgs/msg/_vehicle_local_position_setpoint.py\n'}
[1.043428] (px4_msgs) StdoutLine: {'line': b'-- Up-to-date: /home/mustardking/ws_sensor_combined/install/px4_msgs/local/lib/python3.10/dist-packages/px4_msgs/msg/_vehicle_roi.py\n'}
[1.043450] (px4_msgs) StdoutLine: {'line': b'-- Up-to-date: /home/mustardking/ws_sensor_combined/install/px4_msgs/local/lib/python3.10/dist-packages/px4_msgs/msg/__init__.py\n'}
[1.043472] (px4_msgs) StdoutLine: {'line': b'-- Up-to-date: /home/mustardking/ws_sensor_combined/install/px4_msgs/local/lib/python3.10/dist-packages/px4_msgs/msg/_rover_position_setpoint.py\n'}
[1.043512] (px4_msgs) StdoutLine: {'line': b'-- Up-to-date: /home/mustardking/ws_sensor_combined/install/px4_msgs/local/lib/python3.10/dist-packages/px4_msgs/msg/_orb_test_s.c\n'}
[1.043535] (px4_msgs) StdoutLine: {'line': b'-- Up-to-date: /home/mustardking/ws_sensor_combined/install/px4_msgs/local/lib/python3.10/dist-packages/px4_msgs/msg/_iridiumsbd_status_s.c\n'}
[1.043557] (px4_msgs) StdoutLine: {'line': b'-- Up-to-date: /home/mustardking/ws_sensor_combined/install/px4_msgs/local/lib/python3.10/dist-packages/px4_msgs/msg/_sensors_status_imu_s.c\n'}
[1.043579] (px4_msgs) StdoutLine: {'line': b'-- Up-to-date: /home/mustardking/ws_sensor_combined/install/px4_msgs/local/lib/python3.10/dist-packages/px4_msgs/msg/_estimator_event_flags.py\n'}
[1.043611] (px4_msgs) StdoutLine: {'line': b'-- Up-to-date: /home/mustardking/ws_sensor_combined/install/px4_msgs/local/lib/python3.10/dist-packages/px4_msgs/msg/_sensor_gyro.py\n'}
[1.043641] (px4_msgs) StdoutLine: {'line': b'-- Up-to-date: /home/mustardking/ws_sensor_combined/install/px4_msgs/local/lib/python3.10/dist-packages/px4_msgs/msg/_arming_check_reply_s.c\n'}
[1.043664] (px4_msgs) StdoutLine: {'line': b'-- Up-to-date: /home/mustardking/ws_sensor_combined/install/px4_msgs/local/lib/python3.10/dist-packages/px4_msgs/msg/_follow_target_estimator_s.c\n'}
[1.043687] (px4_msgs) StdoutLine: {'line': b'-- Up-to-date: /home/mustardking/ws_sensor_combined/install/px4_msgs/local/lib/python3.10/dist-packages/px4_msgs/msg/_uavcan_parameter_request.py\n'}
[1.043709] (px4_msgs) StdoutLine: {'line': b'-- Up-to-date: /home/mustardking/ws_sensor_combined/install/px4_msgs/local/lib/python3.10/dist-packages/px4_msgs/msg/_distance_sensor_s.c\n'}
[1.043732] (px4_msgs) StdoutLine: {'line': b'-- Up-to-date: /home/mustardking/ws_sensor_combined/install/px4_msgs/local/lib/python3.10/dist-packages/px4_msgs/msg/_led_control.py\n'}
[1.043754] (px4_msgs) StdoutLine: {'line': b'-- Up-to-date: /home/mustardking/ws_sensor_combined/install/px4_msgs/local/lib/python3.10/dist-packages/px4_msgs/msg/_debug_value_s.c\n'}
[1.043788] (px4_msgs) StdoutLine: {'line': b'-- Up-to-date: /home/mustardking/ws_sensor_combined/install/px4_msgs/local/lib/python3.10/dist-packages/px4_msgs/msg/_rover_steering_setpoint_s.c\n'}
[1.043813] (px4_msgs) StdoutLine: {'line': b'-- Up-to-date: /home/mustardking/ws_sensor_combined/install/px4_msgs/local/lib/python3.10/dist-packages/px4_msgs/msg/_mavlink_tunnel.py\n'}
[1.043836] (px4_msgs) StdoutLine: {'line': b'-- Up-to-date: /home/mustardking/ws_sensor_combined/install/px4_msgs/local/lib/python3.10/dist-packages/px4_msgs/msg/_home_position.py\n'}
[1.043861] (px4_msgs) StdoutLine: {'line': b'-- Up-to-date: /home/mustardking/ws_sensor_combined/install/px4_msgs/local/lib/python3.10/dist-packages/px4_msgs/msg/_radio_status_s.c\n'}
[1.043883] (px4_msgs) StdoutLine: {'line': b'-- Up-to-date: /home/mustardking/ws_sensor_combined/install/px4_msgs/local/lib/python3.10/dist-packages/px4_msgs/msg/_sensor_gyro_s.c\n'}
[1.043919] (px4_msgs) StdoutLine: {'line': b'-- Up-to-date: /home/mustardking/ws_sensor_combined/install/px4_msgs/local/lib/python3.10/dist-packages/px4_msgs/msg/_heater_status_s.c\n'}
[1.043941] (px4_msgs) StdoutLine: {'line': b'-- Up-to-date: /home/mustardking/ws_sensor_combined/install/px4_msgs/local/lib/python3.10/dist-packages/px4_msgs/msg/_vehicle_control_mode_s.c\n'}
[1.043963] (px4_msgs) StdoutLine: {'line': b'-- Up-to-date: /home/mustardking/ws_sensor_combined/install/px4_msgs/local/lib/python3.10/dist-packages/px4_msgs/msg/_actuator_outputs_s.c\n'}
[1.043987] (px4_msgs) StdoutLine: {'line': b'-- Up-to-date: /home/mustardking/ws_sensor_combined/install/px4_msgs/local/lib/python3.10/dist-packages/px4_msgs/msg/_actuator_outputs.py\n'}
[1.044010] (px4_msgs) StdoutLine: {'line': b'-- Up-to-date: /home/mustardking/ws_sensor_combined/install/px4_msgs/local/lib/python3.10/dist-packages/px4_msgs/msg/_gimbal_manager_status_s.c\n'}
[1.044032] (px4_msgs) StdoutLine: {'line': b'-- Up-to-date: /home/mustardking/ws_sensor_combined/install/px4_msgs/local/lib/python3.10/dist-packages/px4_msgs/msg/_vehicle_optical_flow.py\n'}
[1.044054] (px4_msgs) StdoutLine: {'line': b'-- Up-to-date: /home/mustardking/ws_sensor_combined/install/px4_msgs/local/lib/python3.10/dist-packages/px4_msgs/msg/_vehicle_constraints_s.c\n'}
[1.044092] (px4_msgs) StdoutLine: {'line': b'-- Up-to-date: /home/mustardking/ws_sensor_combined/install/px4_msgs/local/lib/python3.10/dist-packages/px4_msgs/msg/_wheel_encoders_s.c\n'}
[1.044114] (px4_msgs) StdoutLine: {'line': b'-- Up-to-date: /home/mustardking/ws_sensor_combined/install/px4_msgs/local/lib/python3.10/dist-packages/px4_msgs/msg/_gimbal_manager_status.py\n'}
[1.044136] (px4_msgs) StdoutLine: {'line': b'-- Up-to-date: /home/mustardking/ws_sensor_combined/install/px4_msgs/local/lib/python3.10/dist-packages/px4_msgs/msg/_rover_attitude_setpoint_s.c\n'}
[1.044158] (px4_msgs) StdoutLine: {'line': b'-- Up-to-date: /home/mustardking/ws_sensor_combined/install/px4_msgs/local/lib/python3.10/dist-packages/px4_msgs/msg/_rover_rate_setpoint.py\n'}
[1.044189] (px4_msgs) StdoutLine: {'line': b'-- Up-to-date: /home/mustardking/ws_sensor_combined/install/px4_msgs/local/lib/python3.10/dist-packages/px4_msgs/msg/_landing_target_innovations_s.c\n'}
[1.044218] (px4_msgs) StdoutLine: {'line': b'-- Up-to-date: /home/mustardking/ws_sensor_combined/install/px4_msgs/local/lib/python3.10/dist-packages/px4_msgs/msg/_uavcan_parameter_value_s.c\n'}
[1.044242] (px4_msgs) StdoutLine: {'line': b'-- Up-to-date: /home/mustardking/ws_sensor_combined/install/px4_msgs/local/lib/python3.10/dist-packages/px4_msgs/msg/_airspeed_validated.py\n'}
[1.044266] (px4_msgs) StdoutLine: {'line': b'-- Up-to-date: /home/mustardking/ws_sensor_combined/install/px4_msgs/local/lib/python3.10/dist-packages/px4_msgs/msg/_gripper.py\n'}
[1.044289] (px4_msgs) StdoutLine: {'line': b'-- Up-to-date: /home/mustardking/ws_sensor_combined/install/px4_msgs/local/lib/python3.10/dist-packages/px4_msgs/msg/_control_allocator_status.py\n'}
[1.044311] (px4_msgs) StdoutLine: {'line': b'-- Up-to-date: /home/mustardking/ws_sensor_combined/install/px4_msgs/local/lib/python3.10/dist-packages/px4_msgs/msg/_wind.py\n'}
[1.044333] (px4_msgs) StdoutLine: {'line': b'-- Up-to-date: /home/mustardking/ws_sensor_combined/install/px4_msgs/local/lib/python3.10/dist-packages/px4_msgs/msg/_arming_check_request.py\n'}
[1.044369] (px4_msgs) StdoutLine: {'line': b'-- Up-to-date: /home/mustardking/ws_sensor_combined/install/px4_msgs/local/lib/python3.10/dist-packages/px4_msgs/msg/_figure_eight_status.py\n'}
[1.044392] (px4_msgs) StdoutLine: {'line': b'-- Up-to-date: /home/mustardking/ws_sensor_combined/install/px4_msgs/local/lib/python3.10/dist-packages/px4_msgs/msg/_parameter_set_used_request.py\n'}
[1.044415] (px4_msgs) StdoutLine: {'line': b'-- Up-to-date: /home/mustardking/ws_sensor_combined/install/px4_msgs/local/lib/python3.10/dist-packages/px4_msgs/msg/_gimbal_manager_set_manual_control_s.c\n'}
[1.044446] (px4_msgs) StdoutLine: {'line': b'-- Up-to-date: /home/mustardking/ws_sensor_combined/install/px4_msgs/local/lib/python3.10/dist-packages/px4_msgs/msg/_rover_rate_setpoint_s.c\n'}
[1.044468] (px4_msgs) StdoutLine: {'line': b'-- Up-to-date: /home/mustardking/ws_sensor_combined/install/px4_msgs/local/lib/python3.10/dist-packages/px4_msgs/msg/_gps_dump_s.c\n'}
[1.044506] (px4_msgs) StdoutLine: {'line': b'-- Up-to-date: /home/mustardking/ws_sensor_combined/install/px4_msgs/local/lib/python3.10/dist-packages/px4_msgs/msg/_sensor_baro_s.c\n'}
[1.044531] (px4_msgs) StdoutLine: {'line': b'-- Up-to-date: /home/mustardking/ws_sensor_combined/install/px4_msgs/local/lib/python3.10/dist-packages/px4_msgs/msg/_longitudinal_control_configuration_s.c\n'}
[1.044555] (px4_msgs) StdoutLine: {'line': b'-- Up-to-date: /home/mustardking/ws_sensor_combined/install/px4_msgs/local/lib/python3.10/dist-packages/px4_msgs/msg/_offboard_control_mode_s.c\n'}
[1.044577] (px4_msgs) StdoutLine: {'line': b'-- Up-to-date: /home/mustardking/ws_sensor_combined/install/px4_msgs/local/lib/python3.10/dist-packages/px4_msgs/msg/_wheel_encoders.py\n'}
[1.044602] (px4_msgs) StdoutLine: {'line': b'-- Up-to-date: /home/mustardking/ws_sensor_combined/install/px4_msgs/local/lib/python3.10/dist-packages/px4_msgs/msg/_airspeed_s.c\n'}
[1.044625] (px4_msgs) StdoutLine: {'line': b'-- Up-to-date: /home/mustardking/ws_sensor_combined/install/px4_msgs/local/lib/python3.10/dist-packages/px4_msgs/msg/_register_ext_component_request_s.c\n'}
[1.044671] (px4_msgs) StdoutLine: {'line': b'-- Up-to-date: /home/mustardking/ws_sensor_combined/install/px4_msgs/local/lib/python3.10/dist-packages/px4_msgs/msg/_navigator_mission_item.py\n'}
[1.044693] (px4_msgs) StdoutLine: {'line': b'-- Up-to-date: /home/mustardking/ws_sensor_combined/install/px4_msgs/local/lib/python3.10/dist-packages/px4_msgs/msg/_failsafe_flags.py\n'}
[1.044716] (px4_msgs) StdoutLine: {'line': b'-- Up-to-date: /home/mustardking/ws_sensor_combined/install/px4_msgs/local/lib/python3.10/dist-packages/px4_msgs/msg/_logger_status_s.c\n'}
[1.044737] (px4_msgs) StdoutLine: {'line': b'-- Up-to-date: /home/mustardking/ws_sensor_combined/install/px4_msgs/local/lib/python3.10/dist-packages/px4_msgs/msg/_rover_steering_setpoint.py\n'}
[1.044768] (px4_msgs) StdoutLine: {'line': b'-- Up-to-date: /home/mustardking/ws_sensor_combined/install/px4_msgs/local/lib/python3.10/dist-packages/px4_msgs/msg/_power_monitor.py\n'}
[1.044798] (px4_msgs) StdoutLine: {'line': b'-- Up-to-date: /home/mustardking/ws_sensor_combined/install/px4_msgs/local/lib/python3.10/dist-packages/px4_msgs/msg/_open_drone_id_self_id.py\n'}
[1.044820] (px4_msgs) StdoutLine: {'line': b'-- Up-to-date: /home/mustardking/ws_sensor_combined/install/px4_msgs/local/lib/python3.10/dist-packages/px4_msgs/msg/_vehicle_status_s.c\n'}
[1.044842] (px4_msgs) StdoutLine: {'line': b'-- Up-to-date: /home/mustardking/ws_sensor_combined/install/px4_msgs/local/lib/python3.10/dist-packages/px4_msgs/msg/_vehicle_thrust_setpoint_s.c\n'}
[1.044929] (px4_msgs) StdoutLine: {'line': b'-- Up-to-date: /home/mustardking/ws_sensor_combined/install/px4_msgs/local/lib/python3.10/dist-packages/px4_msgs/msg/_sensor_mag.py\n'}
[1.044953] (px4_msgs) StdoutLine: {'line': b'-- Up-to-date: /home/mustardking/ws_sensor_combined/install/px4_msgs/local/lib/python3.10/dist-packages/px4_msgs/msg/_rpm.py\n'}
[1.044977] (px4_msgs) StdoutLine: {'line': b'-- Up-to-date: /home/mustardking/ws_sensor_combined/install/px4_msgs/local/lib/python3.10/dist-packages/px4_msgs/msg/_estimator_bias_s.c\n'}
[1.045017] (px4_msgs) StdoutLine: {'line': b'-- Up-to-date: /home/mustardking/ws_sensor_combined/install/px4_msgs/local/lib/python3.10/dist-packages/px4_msgs/msg/_led_control_s.c\n'}
[1.045040] (px4_msgs) StdoutLine: {'line': b'-- Up-to-date: /home/mustardking/ws_sensor_combined/install/px4_msgs/local/lib/python3.10/dist-packages/px4_msgs/msg/_sensor_gyro_fft.py\n'}
[1.045063] (px4_msgs) StdoutLine: {'line': b'-- Up-to-date: /home/mustardking/ws_sensor_combined/install/px4_msgs/local/lib/python3.10/dist-packages/px4_msgs/msg/_actuator_servos.py\n'}
[1.045086] (px4_msgs) StdoutLine: {'line': b'-- Up-to-date: /home/mustardking/ws_sensor_combined/install/px4_msgs/local/lib/python3.10/dist-packages/px4_msgs/msg/_orb_test_large_s.c\n'}
[1.045108] (px4_msgs) StdoutLine: {'line': b'-- Up-to-date: /home/mustardking/ws_sensor_combined/install/px4_msgs/local/lib/python3.10/dist-packages/px4_msgs/msg/_fixed_wing_lateral_guidance_status.py\n'}
[1.045149] (px4_msgs) StdoutLine: {'line': b'-- Up-to-date: /home/mustardking/ws_sensor_combined/install/px4_msgs/local/lib/python3.10/dist-packages/px4_msgs/msg/_generator_status.py\n'}
[1.045173] (px4_msgs) StdoutLine: {'line': b'-- Up-to-date: /home/mustardking/ws_sensor_combined/install/px4_msgs/local/lib/python3.10/dist-packages/px4_msgs/msg/_gimbal_device_attitude_status_s.c\n'}
[1.045196] (px4_msgs) StdoutLine: {'line': b'-- Up-to-date: /home/mustardking/ws_sensor_combined/install/px4_msgs/local/lib/python3.10/dist-packages/px4_msgs/msg/_sensor_gnss_status_s.c\n'}
[1.045219] (px4_msgs) StdoutLine: {'line': b'-- Up-to-date: /home/mustardking/ws_sensor_combined/install/px4_msgs/local/lib/python3.10/dist-packages/px4_msgs/msg/_camera_trigger.py\n'}
[1.045241] (px4_msgs) StdoutLine: {'line': b'-- Up-to-date: /home/mustardking/ws_sensor_combined/install/px4_msgs/local/lib/python3.10/dist-packages/px4_msgs/msg/_orbit_status_s.c\n'}
[1.045280] (px4_msgs) StdoutLine: {'line': b'-- Up-to-date: /home/mustardking/ws_sensor_combined/install/px4_msgs/local/lib/python3.10/dist-packages/px4_msgs/msg/_message_format_response_s.c\n'}
[1.045305] (px4_msgs) StdoutLine: {'line': b'-- Up-to-date: /home/mustardking/ws_sensor_combined/install/px4_msgs/local/lib/python3.10/dist-packages/px4_msgs/msg/_vehicle_constraints.py\n'}
[1.045327] (px4_msgs) StdoutLine: {'line': b'-- Up-to-date: /home/mustardking/ws_sensor_combined/install/px4_msgs/local/lib/python3.10/dist-packages/px4_msgs/msg/_timesync_status_s.c\n'}
[1.045357] (px4_msgs) StdoutLine: {'line': b'-- Up-to-date: /home/mustardking/ws_sensor_combined/install/px4_msgs/local/lib/python3.10/dist-packages/px4_msgs/msg/_navigator_status_s.c\n'}
[1.045395] (px4_msgs) StdoutLine: {'line': b'-- Up-to-date: /home/mustardking/ws_sensor_combined/install/px4_msgs/local/lib/python3.10/dist-packages/px4_msgs/msg/_obstacle_distance_s.c\n'}
[1.045417] (px4_msgs) StdoutLine: {'line': b'-- Up-to-date: /home/mustardking/ws_sensor_combined/install/px4_msgs/local/lib/python3.10/dist-packages/px4_msgs/msg/_parameter_set_value_response.py\n'}
[1.045443] (px4_msgs) StdoutLine: {'line': b'-- Up-to-date: /home/mustardking/ws_sensor_combined/install/px4_msgs/local/lib/python3.10/dist-packages/px4_msgs/msg/_vehicle_acceleration.py\n'}
[1.045465] (px4_msgs) StdoutLine: {'line': b'-- Up-to-date: /home/mustardking/ws_sensor_combined/install/px4_msgs/local/lib/python3.10/dist-packages/px4_msgs/msg/_rc_channels.py\n'}
[1.045501] (px4_msgs) StdoutLine: {'line': b'-- Up-to-date: /home/mustardking/ws_sensor_combined/install/px4_msgs/local/lib/python3.10/dist-packages/px4_msgs/msg/_velocity_limits_s.c\n'}
[1.045523] (px4_msgs) StdoutLine: {'line': b'-- Up-to-date: /home/mustardking/ws_sensor_combined/install/px4_msgs/local/lib/python3.10/dist-packages/px4_msgs/msg/_estimator_states.py\n'}
[1.045545] (px4_msgs) StdoutLine: {'line': b'-- Up-to-date: /home/mustardking/ws_sensor_combined/install/px4_msgs/local/lib/python3.10/dist-packages/px4_msgs/msg/_config_overrides.py\n'}
[1.045573] (px4_msgs) StdoutLine: {'line': b'-- Up-to-date: /home/mustardking/ws_sensor_combined/install/px4_msgs/local/lib/python3.10/dist-packages/px4_msgs/msg/_pps_capture_s.c\n'}
[1.045604] (px4_msgs) StdoutLine: {'line': b'-- Up-to-date: /home/mustardking/ws_sensor_combined/install/px4_msgs/local/lib/python3.10/dist-packages/px4_msgs/msg/_pwm_input.py\n'}
[1.045633] (px4_msgs) StdoutLine: {'line': b'-- Up-to-date: /home/mustardking/ws_sensor_combined/install/px4_msgs/local/lib/python3.10/dist-packages/px4_msgs/msg/_vehicle_land_detected_s.c\n'}
[1.045656] (px4_msgs) StdoutLine: {'line': b'-- Up-to-date: /home/mustardking/ws_sensor_combined/install/px4_msgs/local/lib/python3.10/dist-packages/px4_msgs/msg/_vehicle_magnetometer_s.c\n'}
[1.045680] (px4_msgs) StdoutLine: {'line': b'-- Up-to-date: /home/mustardking/ws_sensor_combined/install/px4_msgs/local/lib/python3.10/dist-packages/px4_msgs/msg/_vehicle_command_ack.py\n'}
[1.045703] (px4_msgs) StdoutLine: {'line': b'-- Up-to-date: /home/mustardking/ws_sensor_combined/install/px4_msgs/local/lib/python3.10/dist-packages/px4_msgs/msg/_vehicle_local_position_setpoint_s.c\n'}
[1.045726] (px4_msgs) StdoutLine: {'line': b'-- Up-to-date: /home/mustardking/ws_sensor_combined/install/px4_msgs/local/lib/python3.10/dist-packages/px4_msgs/msg/_pure_pursuit_status_s.c\n'}
[1.045749] (px4_msgs) StdoutLine: {'line': b'-- Up-to-date: /home/mustardking/ws_sensor_combined/install/px4_msgs/local/lib/python3.10/dist-packages/px4_msgs/msg/_event.py\n'}
[1.045785] (px4_msgs) StdoutLine: {'line': b'-- Up-to-date: /home/mustardking/ws_sensor_combined/install/px4_msgs/local/lib/python3.10/dist-packages/px4_msgs/msg/_camera_capture_s.c\n'}
[1.045808] (px4_msgs) StdoutLine: {'line': b'-- Up-to-date: /home/mustardking/ws_sensor_combined/install/px4_msgs/local/lib/python3.10/dist-packages/px4_msgs/msg/_launch_detection_status_s.c\n'}
[1.045831] (px4_msgs) StdoutLine: {'line': b'-- Up-to-date: /home/mustardking/ws_sensor_combined/install/px4_msgs/local/lib/python3.10/dist-packages/px4_msgs/msg/_dataman_request.py\n'}
[1.045853] (px4_msgs) StdoutLine: {'line': b'-- Up-to-date: /home/mustardking/ws_sensor_combined/install/px4_msgs/local/lib/python3.10/dist-packages/px4_msgs/msg/_sensor_gnss_status.py\n'}
[1.045875] (px4_msgs) StdoutLine: {'line': b'-- Up-to-date: /home/mustardking/ws_sensor_combined/install/px4_msgs/local/lib/python3.10/dist-packages/px4_msgs/msg/_rover_position_setpoint_s.c\n'}
[1.045910] (px4_msgs) StdoutLine: {'line': b'-- Up-to-date: /home/mustardking/ws_sensor_combined/install/px4_msgs/local/lib/python3.10/dist-packages/px4_msgs/msg/_collision_constraints_s.c\n'}
[1.045933] (px4_msgs) StdoutLine: {'line': b'-- Up-to-date: /home/mustardking/ws_sensor_combined/install/px4_msgs/local/lib/python3.10/dist-packages/px4_msgs/msg/_internal_combustion_engine_control_s.c\n'}
[1.045955] (px4_msgs) StdoutLine: {'line': b'-- Up-to-date: /home/mustardking/ws_sensor_combined/install/px4_msgs/local/lib/python3.10/dist-packages/px4_msgs/msg/_landing_target_innovations.py\n'}
[1.045978] (px4_msgs) StdoutLine: {'line': b'-- Up-to-date: /home/mustardking/ws_sensor_combined/install/px4_msgs/local/lib/python3.10/dist-packages/px4_msgs/msg/_follow_target_status.py\n'}
[1.046002] (px4_msgs) StdoutLine: {'line': b'-- Up-to-date: /home/mustardking/ws_sensor_combined/install/px4_msgs/local/lib/python3.10/dist-packages/px4_msgs/msg/_telemetry_status.py\n'}
[1.046024] (px4_msgs) StdoutLine: {'line': b'-- Up-to-date: /home/mustardking/ws_sensor_combined/install/px4_msgs/local/lib/python3.10/dist-packages/px4_msgs/msg/_orbit_status.py\n'}
[1.046046] (px4_msgs) StdoutLine: {'line': b'-- Up-to-date: /home/mustardking/ws_sensor_combined/install/px4_msgs/local/lib/python3.10/dist-packages/px4_msgs/msg/_sensor_optical_flow_s.c\n'}
[1.046082] (px4_msgs) StdoutLine: {'line': b'-- Up-to-date: /home/mustardking/ws_sensor_combined/install/px4_msgs/local/lib/python3.10/dist-packages/px4_msgs/msg/_message_format_request_s.c\n'}
[1.046104] (px4_msgs) StdoutLine: {'line': b'-- Up-to-date: /home/mustardking/ws_sensor_combined/install/px4_msgs/local/lib/python3.10/dist-packages/px4_msgs/msg/_vehicle_control_mode.py\n'}
[1.046127] (px4_msgs) StdoutLine: {'line': b'-- Up-to-date: /home/mustardking/ws_sensor_combined/install/px4_msgs/local/lib/python3.10/dist-packages/px4_msgs/msg/_autotune_attitude_control_status_s.c\n'}
[1.046149] (px4_msgs) StdoutLine: {'line': b'-- Up-to-date: /home/mustardking/ws_sensor_combined/install/px4_msgs/local/lib/python3.10/dist-packages/px4_msgs/msg/_camera_capture.py\n'}
[1.046224] (px4_msgs) StdoutLine: {'line': b'-- Up-to-date: /home/mustardking/ws_sensor_combined/install/px4_msgs/local/lib/python3.10/dist-packages/px4_msgs/msg/_position_setpoint.py\n'}
[1.046249] (px4_msgs) StdoutLine: {'line': b'-- Up-to-date: /home/mustardking/ws_sensor_combined/install/px4_msgs/local/lib/python3.10/dist-packages/px4_msgs/msg/_heater_status.py\n'}
[1.046271] (px4_msgs) StdoutLine: {'line': b'-- Up-to-date: /home/mustardking/ws_sensor_combined/install/px4_msgs/local/lib/python3.10/dist-packages/px4_msgs/msg/_open_drone_id_self_id_s.c\n'}
[1.046294] (px4_msgs) StdoutLine: {'line': b'-- Up-to-date: /home/mustardking/ws_sensor_combined/install/px4_msgs/local/lib/python3.10/dist-packages/px4_msgs/msg/_system_power.py\n'}
[1.046320] (px4_msgs) StdoutLine: {'line': b'-- Up-to-date: /home/mustardking/ws_sensor_combined/install/px4_msgs/local/lib/python3.10/dist-packages/px4_msgs/msg/_open_drone_id_arm_status.py\n'}
[1.046344] (px4_msgs) StdoutLine: {'line': b'-- Up-to-date: /home/mustardking/ws_sensor_combined/install/px4_msgs/local/lib/python3.10/dist-packages/px4_msgs/msg/_vehicle_imu.py\n'}
[1.046380] (px4_msgs) StdoutLine: {'line': b'-- Up-to-date: /home/mustardking/ws_sensor_combined/install/px4_msgs/local/lib/python3.10/dist-packages/px4_msgs/msg/_debug_array_s.c\n'}
[1.046403] (px4_msgs) StdoutLine: {'line': b'-- Up-to-date: /home/mustardking/ws_sensor_combined/install/px4_msgs/local/lib/python3.10/dist-packages/px4_msgs/msg/_tune_control.py\n'}
[1.046448] (px4_msgs) StdoutLine: {'line': b'-- Up-to-date: /home/mustardking/ws_sensor_combined/install/px4_msgs/local/lib/python3.10/dist-packages/px4_msgs/msg/_ulog_stream_ack.py\n'}
[1.046472] (px4_msgs) StdoutLine: {'line': b'-- Up-to-date: /home/mustardking/ws_sensor_combined/install/px4_msgs/local/lib/python3.10/dist-packages/px4_msgs/msg/_actuator_servos_s.c\n'}
[1.046509] (px4_msgs) StdoutLine: {'line': b'-- Up-to-date: /home/mustardking/ws_sensor_combined/install/px4_msgs/local/lib/python3.10/dist-packages/px4_msgs/msg/_pure_pursuit_status.py\n'}
[1.046532] (px4_msgs) StdoutLine: {'line': b'-- Up-to-date: /home/mustardking/ws_sensor_combined/install/px4_msgs/local/lib/python3.10/dist-packages/px4_msgs/msg/_debug_value.py\n'}
[1.046554] (px4_msgs) StdoutLine: {'line': b'-- Up-to-date: /home/mustardking/ws_sensor_combined/install/px4_msgs/local/lib/python3.10/dist-packages/px4_msgs/msg/_irlock_report_s.c\n'}
[1.046576] (px4_msgs) StdoutLine: {'line': b'-- Up-to-date: /home/mustardking/ws_sensor_combined/install/px4_msgs/local/lib/python3.10/dist-packages/px4_msgs/msg/_fuel_tank_status_s.c\n'}
[1.046598] (px4_msgs) StdoutLine: {'line': b'-- Up-to-date: /home/mustardking/ws_sensor_combined/install/px4_msgs/local/lib/python3.10/dist-packages/px4_msgs/msg/_gimbal_manager_set_attitude.py\n'}
[1.046621] (px4_msgs) StdoutLine: {'line': b'-- Up-to-date: /home/mustardking/ws_sensor_combined/install/px4_msgs/local/lib/python3.10/dist-packages/px4_msgs/msg/_flight_phase_estimation_s.c\n'}
[1.046660] (px4_msgs) StdoutLine: {'line': b'-- Up-to-date: /home/mustardking/ws_sensor_combined/install/px4_msgs/local/lib/python3.10/dist-packages/px4_msgs/msg/_neural_control.py\n'}
[1.046703] (px4_msgs) StdoutLine: {'line': b'-- Up-to-date: /home/mustardking/ws_sensor_combined/install/px4_msgs/local/lib/python3.10/dist-packages/px4_msgs/msg/_takeoff_status.py\n'}
[1.046725] (px4_msgs) StdoutLine: {'line': b'-- Up-to-date: /home/mustardking/ws_sensor_combined/install/px4_msgs/local/lib/python3.10/dist-packages/px4_msgs/msg/_adc_report.py\n'}
[1.046748] (px4_msgs) StdoutLine: {'line': b'-- Up-to-date: /home/mustardking/ws_sensor_combined/install/px4_msgs/local/lib/python3.10/dist-packages/px4_msgs/msg/_event_s.c\n'}
[1.046770] (px4_msgs) StdoutLine: {'line': b'-- Up-to-date: /home/mustardking/ws_sensor_combined/install/px4_msgs/local/lib/python3.10/dist-packages/px4_msgs/msg/_goto_setpoint.py\n'}
[1.046804] (px4_msgs) StdoutLine: {'line': b'-- Up-to-date: /home/mustardking/ws_sensor_combined/install/px4_msgs/local/lib/python3.10/dist-packages/px4_msgs/msg/_rover_throttle_setpoint_s.c\n'}
[1.046833] (px4_msgs) StdoutLine: {'line': b'-- Up-to-date: /home/mustardking/ws_sensor_combined/install/px4_msgs/local/lib/python3.10/dist-packages/px4_msgs/msg/_open_drone_id_system.py\n'}
[1.046856] (px4_msgs) StdoutLine: {'line': b'-- Up-to-date: /home/mustardking/ws_sensor_combined/install/px4_msgs/local/lib/python3.10/dist-packages/px4_msgs/msg/_manual_control_switches.py\n'}
[1.046879] (px4_msgs) StdoutLine: {'line': b'-- Up-to-date: /home/mustardking/ws_sensor_combined/install/px4_msgs/local/lib/python3.10/dist-packages/px4_msgs/msg/_geofence_result.py\n'}
[1.046901] (px4_msgs) StdoutLine: {'line': b'-- Up-to-date: /home/mustardking/ws_sensor_combined/install/px4_msgs/local/lib/python3.10/dist-packages/px4_msgs/msg/_mode_completed.py\n'}
[1.046963] (px4_msgs) StdoutLine: {'line': b'-- Up-to-date: /home/mustardking/ws_sensor_combined/install/px4_msgs/local/lib/python3.10/dist-packages/px4_msgs/msg/_vehicle_attitude_setpoint.py\n'}
[1.046991] (px4_msgs) StdoutLine: {'line': b'-- Up-to-date: /home/mustardking/ws_sensor_combined/install/px4_msgs/local/lib/python3.10/dist-packages/px4_msgs/msg/_debug_key_value_s.c\n'}
[1.047017] (px4_msgs) StdoutLine: {'line': b'-- Up-to-date: /home/mustardking/ws_sensor_combined/install/px4_msgs/local/lib/python3.10/dist-packages/px4_msgs/msg/_vehicle_imu_status_s.c\n'}
[1.047042] (px4_msgs) StdoutLine: {'line': b'-- Up-to-date: /home/mustardking/ws_sensor_combined/install/px4_msgs/local/lib/python3.10/dist-packages/px4_msgs/msg/_vehicle_odometry.py\n'}
[1.047071] (px4_msgs) StdoutLine: {'line': b'-- Up-to-date: /home/mustardking/ws_sensor_combined/install/px4_msgs/local/lib/python3.10/dist-packages/px4_msgs/msg/_geofence_status.py\n'}
[1.047095] (px4_msgs) StdoutLine: {'line': b'-- Up-to-date: /home/mustardking/ws_sensor_combined/install/px4_msgs/local/lib/python3.10/dist-packages/px4_msgs/msg/_actuator_servos_trim_s.c\n'}
[1.047119] (px4_msgs) StdoutLine: {'line': b'-- Up-to-date: /home/mustardking/ws_sensor_combined/install/px4_msgs/local/lib/python3.10/dist-packages/px4_msgs/msg/_airspeed_validated_s.c\n'}
[1.047142] (px4_msgs) StdoutLine: {'line': b'-- Up-to-date: /home/mustardking/ws_sensor_combined/install/px4_msgs/local/lib/python3.10/dist-packages/px4_msgs/msg/_navigator_mission_item_s.c\n'}
[1.047165] (px4_msgs) StdoutLine: {'line': b'-- Up-to-date: /home/mustardking/ws_sensor_combined/install/px4_msgs/local/lib/python3.10/dist-packages/px4_msgs/msg/_qshell_req_s.c\n'}
[1.047211] (px4_msgs) StdoutLine: {'line': b'-- Up-to-date: /home/mustardking/ws_sensor_combined/install/px4_msgs/local/lib/python3.10/dist-packages/px4_msgs/msg/_actuator_servos_trim.py\n'}
[1.047235] (px4_msgs) StdoutLine: {'line': b'-- Up-to-date: /home/mustardking/ws_sensor_combined/install/px4_msgs/local/lib/python3.10/dist-packages/px4_msgs/msg/_magnetometer_bias_estimate_s.c\n'}
[1.047258] (px4_msgs) StdoutLine: {'line': b'-- Up-to-date: /home/mustardking/ws_sensor_combined/install/px4_msgs/local/lib/python3.10/dist-packages/px4_msgs/msg/_fixed_wing_lateral_status_s.c\n'}
[1.047281] (px4_msgs) StdoutLine: {'line': b'-- Up-to-date: /home/mustardking/ws_sensor_combined/install/px4_msgs/local/lib/python3.10/dist-packages/px4_msgs/msg/_sensor_gyro_fft_s.c\n'}
[1.047304] (px4_msgs) StdoutLine: {'line': b'-- Up-to-date: /home/mustardking/ws_sensor_combined/install/px4_msgs/local/lib/python3.10/dist-packages/px4_msgs/msg/_sensor_accel_fifo_s.c\n'}
[1.047343] (px4_msgs) StdoutLine: {'line': b'-- Up-to-date: /home/mustardking/ws_sensor_combined/install/px4_msgs/local/lib/python3.10/dist-packages/px4_msgs/msg/_position_controller_landing_status.py\n'}
[1.047367] (px4_msgs) StdoutLine: {'line': b'-- Up-to-date: /home/mustardking/ws_sensor_combined/install/px4_msgs/local/lib/python3.10/dist-packages/px4_msgs/msg/_task_stack_info.py\n'}
[1.047390] (px4_msgs) StdoutLine: {'line': b'-- Up-to-date: /home/mustardking/ws_sensor_combined/install/px4_msgs/local/lib/python3.10/dist-packages/px4_msgs/msg/_sensor_selection_s.c\n'}
[1.047413] (px4_msgs) StdoutLine: {'line': b'-- Up-to-date: /home/mustardking/ws_sensor_combined/install/px4_msgs/local/lib/python3.10/dist-packages/px4_msgs/msg/_estimator_states_s.c\n'}
[1.047436] (px4_msgs) StdoutLine: {'line': b'-- Up-to-date: /home/mustardking/ws_sensor_combined/install/px4_msgs/local/lib/python3.10/dist-packages/px4_msgs/msg/_tecs_status_s.c\n'}
[1.047459] (px4_msgs) StdoutLine: {'line': b'-- Up-to-date: /home/mustardking/ws_sensor_combined/install/px4_msgs/local/lib/python3.10/dist-packages/px4_msgs/msg/_trajectory_setpoint.py\n'}
[1.047482] (px4_msgs) StdoutLine: {'line': b'-- Up-to-date: /home/mustardking/ws_sensor_combined/install/px4_msgs/local/lib/python3.10/dist-packages/px4_msgs/msg/_rover_attitude_status.py\n'}
[1.047505] (px4_msgs) StdoutLine: {'line': b'-- Up-to-date: /home/mustardking/ws_sensor_combined/install/px4_msgs/local/lib/python3.10/dist-packages/px4_msgs/msg/_parameter_update_s.c\n'}
[1.047540] (px4_msgs) StdoutLine: {'line': b'-- Up-to-date: /home/mustardking/ws_sensor_combined/install/px4_msgs/local/lib/python3.10/dist-packages/px4_msgs/msg/_gimbal_manager_set_attitude_s.c\n'}
[1.047574] (px4_msgs) StdoutLine: {'line': b'-- Up-to-date: /home/mustardking/ws_sensor_combined/install/px4_msgs/local/lib/python3.10/dist-packages/px4_msgs/msg/_vehicle_optical_flow_vel.py\n'}
[1.047598] (px4_msgs) StdoutLine: {'line': b'-- Up-to-date: /home/mustardking/ws_sensor_combined/install/px4_msgs/local/lib/python3.10/dist-packages/px4_msgs/msg/_estimator_gps_status_s.c\n'}
[1.047621] (px4_msgs) StdoutLine: {'line': b'-- Up-to-date: /home/mustardking/ws_sensor_combined/install/px4_msgs/local/lib/python3.10/dist-packages/px4_msgs/msg/_gimbal_manager_information_s.c\n'}
[1.047644] (px4_msgs) StdoutLine: {'line': b'-- Up-to-date: /home/mustardking/ws_sensor_combined/install/px4_msgs/local/lib/python3.10/dist-packages/px4_msgs/msg/_internal_combustion_engine_control.py\n'}
[1.047684] (px4_msgs) StdoutLine: {'line': b'-- Up-to-date: /home/mustardking/ws_sensor_combined/install/px4_msgs/local/lib/python3.10/dist-packages/px4_msgs/msg/_ekf2_timestamps_s.c\n'}
[1.047708] (px4_msgs) StdoutLine: {'line': b'-- Up-to-date: /home/mustardking/ws_sensor_combined/install/px4_msgs/local/lib/python3.10/dist-packages/px4_msgs/msg/_follow_target_status_s.c\n'}
[1.047731] (px4_msgs) StdoutLine: {'line': b'-- Up-to-date: /home/mustardking/ws_sensor_combined/install/px4_msgs/local/lib/python3.10/dist-packages/px4_msgs/msg/_landing_gear_wheel_s.c\n'}
[1.047754] (px4_msgs) StdoutLine: {'line': b'-- Up-to-date: /home/mustardking/ws_sensor_combined/install/px4_msgs/local/lib/python3.10/dist-packages/px4_msgs/msg/_pwm_input_s.c\n'}
[1.047777] (px4_msgs) StdoutLine: {'line': b'-- Up-to-date: /home/mustardking/ws_sensor_combined/install/px4_msgs/local/lib/python3.10/dist-packages/px4_msgs/msg/_landing_gear_wheel.py\n'}
[1.047803] (px4_msgs) StdoutLine: {'line': b'-- Up-to-date: /home/mustardking/ws_sensor_combined/install/px4_msgs/local/lib/python3.10/dist-packages/px4_msgs/msg/_gimbal_manager_set_manual_control.py\n'}
[1.047836] (px4_msgs) StdoutLine: {'line': b'-- Up-to-date: /home/mustardking/ws_sensor_combined/install/px4_msgs/local/lib/python3.10/dist-packages/px4_msgs/msg/_vehicle_global_position.py\n'}
[1.047881] (px4_msgs) StdoutLine: {'line': b'-- Up-to-date: /home/mustardking/ws_sensor_combined/install/px4_msgs/local/lib/python3.10/dist-packages/px4_msgs/msg/_message_format_request.py\n'}
[1.047907] (px4_msgs) StdoutLine: {'line': b'-- Up-to-date: /home/mustardking/ws_sensor_combined/install/px4_msgs/local/lib/python3.10/dist-packages/px4_msgs/msg/_satellite_info_s.c\n'}
[1.047930] (px4_msgs) StdoutLine: {'line': b'-- Up-to-date: /home/mustardking/ws_sensor_combined/install/px4_msgs/local/lib/python3.10/dist-packages/px4_msgs/msg/_mavlink_log.py\n'}
[1.047953] (px4_msgs) StdoutLine: {'line': b'-- Up-to-date: /home/mustardking/ws_sensor_combined/install/px4_msgs/local/lib/python3.10/dist-packages/px4_msgs/msg/_open_drone_id_operator_id_s.c\n'}
[1.047976] (px4_msgs) StdoutLine: {'line': b'-- Up-to-date: /home/mustardking/ws_sensor_combined/install/px4_msgs/local/lib/python3.10/dist-packages/px4_msgs/msg/_actuator_motors_s.c\n'}
[1.048004] (px4_msgs) StdoutLine: {'line': b'-- Up-to-date: /home/mustardking/ws_sensor_combined/install/px4_msgs/local/lib/python3.10/dist-packages/px4_msgs/msg/_can_interface_status_s.c\n'}
[1.048034] (px4_msgs) StdoutLine: {'line': b'-- Up-to-date: /home/mustardking/ws_sensor_combined/install/px4_msgs/local/lib/python3.10/dist-packages/px4_msgs/msg/_parameter_set_value_response_s.c\n'}
[1.048056] (px4_msgs) StdoutLine: {'line': b'-- Up-to-date: /home/mustardking/ws_sensor_combined/install/px4_msgs/local/lib/python3.10/dist-packages/px4_msgs/msg/_fixed_wing_longitudinal_setpoint_s.c\n'}
[1.048079] (px4_msgs) StdoutLine: {'line': b'-- Up-to-date: /home/mustardking/ws_sensor_combined/install/px4_msgs/local/lib/python3.10/dist-packages/px4_msgs/msg/_rover_speed_setpoint.py\n'}
[1.048105] (px4_msgs) StdoutLine: {'line': b'-- Up-to-date: /home/mustardking/ws_sensor_combined/install/px4_msgs/local/lib/python3.10/dist-packages/px4_msgs/msg/_gimbal_device_information_s.c\n'}
[1.048128] (px4_msgs) StdoutLine: {'line': b'-- Up-to-date: /home/mustardking/ws_sensor_combined/install/px4_msgs/local/lib/python3.10/dist-packages/px4_msgs/msg/_home_position_s.c\n'}
[1.048151] (px4_msgs) StdoutLine: {'line': b'-- Up-to-date: /home/mustardking/ws_sensor_combined/install/px4_msgs/local/lib/python3.10/dist-packages/px4_msgs/msg/_vehicle_global_position_s.c\n'}
[1.048174] (px4_msgs) StdoutLine: {'line': b'-- Up-to-date: /home/mustardking/ws_sensor_combined/install/px4_msgs/local/lib/python3.10/dist-packages/px4_msgs/msg/_gimbal_controls_s.c\n'}
[1.048197] (px4_msgs) StdoutLine: {'line': b'-- Up-to-date: /home/mustardking/ws_sensor_combined/install/px4_msgs/local/lib/python3.10/dist-packages/px4_msgs/msg/_actuator_controls_status_s.c\n'}
[1.048219] (px4_msgs) StdoutLine: {'line': b'-- Up-to-date: /home/mustardking/ws_sensor_combined/install/px4_msgs/local/lib/python3.10/dist-packages/px4_msgs/msg/_position_controller_landing_status_s.c\n'}
[1.048245] (px4_msgs) StdoutLine: {'line': b'-- Up-to-date: /home/mustardking/ws_sensor_combined/install/px4_msgs/local/lib/python3.10/dist-packages/px4_msgs/msg/_estimator_status.py\n'}
[1.048268] (px4_msgs) StdoutLine: {'line': b'-- Up-to-date: /home/mustardking/ws_sensor_combined/install/px4_msgs/local/lib/python3.10/dist-packages/px4_msgs/msg/_hover_thrust_estimate.py\n'}
[1.048291] (px4_msgs) StdoutLine: {'line': b'-- Up-to-date: /home/mustardking/ws_sensor_combined/install/px4_msgs/local/lib/python3.10/dist-packages/px4_msgs/msg/_lateral_control_configuration_s.c\n'}
[1.048314] (px4_msgs) StdoutLine: {'line': b'-- Up-to-date: /home/mustardking/ws_sensor_combined/install/px4_msgs/local/lib/python3.10/dist-packages/px4_msgs/msg/_estimator_status_flags_s.c\n'}
[1.048336] (px4_msgs) StdoutLine: {'line': b'-- Up-to-date: /home/mustardking/ws_sensor_combined/install/px4_msgs/local/lib/python3.10/dist-packages/px4_msgs/msg/_qshell_req.py\n'}
[1.048359] (px4_msgs) StdoutLine: {'line': b'-- Up-to-date: /home/mustardking/ws_sensor_combined/install/px4_msgs/local/lib/python3.10/dist-packages/px4_msgs/msg/_manual_control_setpoint_s.c\n'}
[1.048381] (px4_msgs) StdoutLine: {'line': b'-- Up-to-date: /home/mustardking/ws_sensor_combined/install/px4_msgs/local/lib/python3.10/dist-packages/px4_msgs/msg/_tiltrotor_extra_controls.py\n'}
[1.048404] (px4_msgs) StdoutLine: {'line': b'-- Up-to-date: /home/mustardking/ws_sensor_combined/install/px4_msgs/local/lib/python3.10/dist-packages/px4_msgs/msg/_vehicle_angular_velocity.py\n'}
[1.048427] (px4_msgs) StdoutLine: {'line': b'-- Up-to-date: /home/mustardking/ws_sensor_combined/install/px4_msgs/local/lib/python3.10/dist-packages/px4_msgs/msg/_ulog_stream_ack_s.c\n'}
[1.048449] (px4_msgs) StdoutLine: {'line': b'-- Up-to-date: /home/mustardking/ws_sensor_combined/install/px4_msgs/local/lib/python3.10/dist-packages/px4_msgs/msg/_vehicle_command.py\n'}
[1.048472] (px4_msgs) StdoutLine: {'line': b'-- Up-to-date: /home/mustardking/ws_sensor_combined/install/px4_msgs/local/lib/python3.10/dist-packages/px4_msgs/msg/_gripper_s.c\n'}
[1.048495] (px4_msgs) StdoutLine: {'line': b'-- Up-to-date: /home/mustardking/ws_sensor_combined/install/px4_msgs/local/lib/python3.10/dist-packages/px4_msgs/msg/_estimator_sensor_bias_s.c\n'}
[1.048522] (px4_msgs) StdoutLine: {'line': b'-- Up-to-date: /home/mustardking/ws_sensor_combined/install/px4_msgs/local/lib/python3.10/dist-packages/px4_msgs/msg/_sensor_correction_s.c\n'}
[1.048545] (px4_msgs) StdoutLine: {'line': b'-- Up-to-date: /home/mustardking/ws_sensor_combined/install/px4_msgs/local/lib/python3.10/dist-packages/px4_msgs/msg/_fixed_wing_lateral_setpoint.py\n'}
[1.048568] (px4_msgs) StdoutLine: {'line': b'-- Up-to-date: /home/mustardking/ws_sensor_combined/install/px4_msgs/local/lib/python3.10/dist-packages/px4_msgs/msg/_differential_pressure_s.c\n'}
[1.048592] (px4_msgs) StdoutLine: {'line': b'-- Up-to-date: /home/mustardking/ws_sensor_combined/install/px4_msgs/local/lib/python3.10/dist-packages/px4_msgs/msg/_logger_status.py\n'}
[1.048615] (px4_msgs) StdoutLine: {'line': b'-- Up-to-date: /home/mustardking/ws_sensor_combined/install/px4_msgs/local/lib/python3.10/dist-packages/px4_msgs/msg/_velocity_limits.py\n'}
[1.048637] (px4_msgs) StdoutLine: {'line': b'-- Up-to-date: /home/mustardking/ws_sensor_combined/install/px4_msgs/local/lib/python3.10/dist-packages/px4_msgs/msg/_battery_status.py\n'}
[1.048660] (px4_msgs) StdoutLine: {'line': b'-- Up-to-date: /home/mustardking/ws_sensor_combined/install/px4_msgs/local/lib/python3.10/dist-packages/px4_msgs/msg/_sensor_gnss_relative.py\n'}
[1.048682] (px4_msgs) StdoutLine: {'line': b'-- Up-to-date: /home/mustardking/ws_sensor_combined/install/px4_msgs/local/lib/python3.10/dist-packages/px4_msgs/msg/_gimbal_device_information.py\n'}
[1.048705] (px4_msgs) StdoutLine: {'line': b'-- Up-to-date: /home/mustardking/ws_sensor_combined/install/px4_msgs/local/lib/python3.10/dist-packages/px4_msgs/msg/_health_report.py\n'}
[1.048787] (px4_msgs) StdoutLine: {'line': b'-- Up-to-date: /home/mustardking/ws_sensor_combined/install/px4_msgs/local/lib/python3.10/dist-packages/px4_msgs/msg/_transponder_report.py\n'}
[1.048810] (px4_msgs) StdoutLine: {'line': b'-- Up-to-date: /home/mustardking/ws_sensor_combined/install/px4_msgs/local/lib/python3.10/dist-packages/px4_msgs/msg/_gpio_config.py\n'}
[1.048833] (px4_msgs) StdoutLine: {'line': b'-- Up-to-date: /home/mustardking/ws_sensor_combined/install/px4_msgs/local/lib/python3.10/dist-packages/px4_msgs/msg/_geofence_status_s.c\n'}
[1.048947] (px4_msgs) StdoutLine: {'line': b'-- Up-to-date: /home/mustardking/ws_sensor_combined/install/px4_msgs/local/lib/python3.10/dist-packages/px4_msgs/msg/_rover_speed_setpoint_s.c\n'}
[1.048973] (px4_msgs) StdoutLine: {'line': b'-- Up-to-date: /home/mustardking/ws_sensor_combined/install/px4_msgs/local/lib/python3.10/dist-packages/px4_msgs/msg/_vehicle_land_detected.py\n'}
[1.048996] (px4_msgs) StdoutLine: {'line': b'-- Up-to-date: /home/mustardking/ws_sensor_combined/install/px4_msgs/local/lib/python3.10/dist-packages/px4_msgs/msg/_orb_test_medium.py\n'}
[1.049019] (px4_msgs) StdoutLine: {'line': b'-- Up-to-date: /home/mustardking/ws_sensor_combined/install/px4_msgs/local/lib/python3.10/dist-packages/px4_msgs/msg/_power_monitor_s.c\n'}
[1.049083] (px4_msgs) StdoutLine: {'line': b'-- Up-to-date: /home/mustardking/ws_sensor_combined/install/px4_msgs/local/lib/python3.10/dist-packages/px4_msgs/msg/_estimator_sensor_bias.py\n'}
[1.049112] (px4_msgs) StdoutLine: {'line': b'-- Up-to-date: /home/mustardking/ws_sensor_combined/install/px4_msgs/local/lib/python3.10/dist-packages/px4_msgs/msg/_vehicle_attitude_s.c\n'}
[1.049135] (px4_msgs) StdoutLine: {'line': b'-- Up-to-date: /home/mustardking/ws_sensor_combined/install/px4_msgs/local/lib/python3.10/dist-packages/px4_msgs/msg/_sensor_accel_s.c\n'}
[1.049159] (px4_msgs) StdoutLine: {'line': b'-- Up-to-date: /home/mustardking/ws_sensor_combined/install/px4_msgs/local/lib/python3.10/dist-packages/px4_msgs/msg/_normalized_unsigned_setpoint_s.c\n'}
[1.049212] (px4_msgs) StdoutLine: {'line': b'-- Up-to-date: /home/mustardking/ws_sensor_combined/install/px4_msgs/local/lib/python3.10/dist-packages/px4_msgs/msg/_landing_target_pose_s.c\n'}
[1.049235] (px4_msgs) StdoutLine: {'line': b'-- Up-to-date: /home/mustardking/ws_sensor_combined/install/px4_msgs/local/lib/python3.10/dist-packages/px4_msgs/msg/_fixed_wing_longitudinal_setpoint.py\n'}
[1.049259] (px4_msgs) StdoutLine: {'line': b'-- Up-to-date: /home/mustardking/ws_sensor_combined/install/px4_msgs/local/lib/python3.10/dist-packages/px4_msgs/msg/_airspeed_wind_s.c\n'}
[1.049281] (px4_msgs) StdoutLine: {'line': b'-- Up-to-date: /home/mustardking/ws_sensor_combined/install/px4_msgs/local/lib/python3.10/dist-packages/px4_msgs/msg/_onboard_computer_status_s.c\n'}
[1.049304] (px4_msgs) StdoutLine: {'line': b'-- Up-to-date: /home/mustardking/ws_sensor_combined/install/px4_msgs/local/lib/python3.10/dist-packages/px4_msgs/msg/_sensor_airflow.py\n'}
[1.049345] (px4_msgs) StdoutLine: {'line': b'-- Up-to-date: /home/mustardking/ws_sensor_combined/install/px4_msgs/local/lib/python3.10/dist-packages/px4_msgs/msg/_ekf2_timestamps.py\n'}
[1.049368] (px4_msgs) StdoutLine: {'line': b'-- Up-to-date: /home/mustardking/ws_sensor_combined/install/px4_msgs/local/lib/python3.10/dist-packages/px4_msgs/msg/_message_format_response.py\n'}
[1.049390] (px4_msgs) StdoutLine: {'line': b'-- Up-to-date: /home/mustardking/ws_sensor_combined/install/px4_msgs/local/lib/python3.10/dist-packages/px4_msgs/msg/_battery_status_s.c\n'}
[1.049413] (px4_msgs) StdoutLine: {'line': b'-- Up-to-date: /home/mustardking/ws_sensor_combined/install/px4_msgs/local/lib/python3.10/dist-packages/px4_msgs/msg/_log_message.py\n'}
[1.049439] (px4_msgs) StdoutLine: {'line': b'-- Up-to-date: /home/mustardking/ws_sensor_combined/install/px4_msgs/local/lib/python3.10/dist-packages/px4_msgs/msg/_ulog_stream_s.c\n'}
[1.049483] (px4_msgs) StdoutLine: {'line': b'-- Up-to-date: /home/mustardking/ws_sensor_combined/install/px4_msgs/local/lib/python3.10/dist-packages/px4_msgs/msg/_position_controller_status.py\n'}
[1.049506] (px4_msgs) StdoutLine: {'line': b'-- Up-to-date: /home/mustardking/ws_sensor_combined/install/px4_msgs/local/lib/python3.10/dist-packages/px4_msgs/msg/_button_event.py\n'}
[1.049529] (px4_msgs) StdoutLine: {'line': b'-- Up-to-date: /home/mustardking/ws_sensor_combined/install/px4_msgs/local/lib/python3.10/dist-packages/px4_msgs/msg/_orb_test_medium_s.c\n'}
[1.049552] (px4_msgs) StdoutLine: {'line': b'-- Up-to-date: /home/mustardking/ws_sensor_combined/install/px4_msgs/local/lib/python3.10/dist-packages/px4_msgs/msg/_sensor_uwb_s.c\n'}
[1.049588] (px4_msgs) StdoutLine: {'line': b'-- Up-to-date: /home/mustardking/ws_sensor_combined/install/px4_msgs/local/lib/python3.10/dist-packages/px4_msgs/msg/_takeoff_status_s.c\n'}
[1.049611] (px4_msgs) StdoutLine: {'line': b'-- Up-to-date: /home/mustardking/ws_sensor_combined/install/px4_msgs/local/lib/python3.10/dist-packages/px4_msgs/msg/_fixed_wing_lateral_guidance_status_s.c\n'}
[1.049633] (px4_msgs) StdoutLine: {'line': b'-- Up-to-date: /home/mustardking/ws_sensor_combined/install/px4_msgs/local/lib/python3.10/dist-packages/px4_msgs/msg/_actuator_motors.py\n'}
[1.049656] (px4_msgs) StdoutLine: {'line': b'-- Up-to-date: /home/mustardking/ws_sensor_combined/install/px4_msgs/local/lib/python3.10/dist-packages/px4_msgs/msg/_vtol_vehicle_status_s.c\n'}
[1.049692] (px4_msgs) StdoutLine: {'line': b'-- Up-to-date: /home/mustardking/ws_sensor_combined/install/px4_msgs/local/lib/python3.10/dist-packages/px4_msgs/msg/_sensor_selection.py\n'}
[1.049722] (px4_msgs) StdoutLine: {'line': b'-- Up-to-date: /home/mustardking/ws_sensor_combined/install/px4_msgs/local/lib/python3.10/dist-packages/px4_msgs/msg/_sensor_uwb.py\n'}
[1.049745] (px4_msgs) StdoutLine: {'line': b'-- Up-to-date: /home/mustardking/ws_sensor_combined/install/px4_msgs/local/lib/python3.10/dist-packages/px4_msgs/msg/_timesync_status.py\n'}
[1.049781] (px4_msgs) StdoutLine: {'line': b'-- Up-to-date: /home/mustardking/ws_sensor_combined/install/px4_msgs/local/lib/python3.10/dist-packages/px4_msgs/msg/_parameter_set_used_request_s.c\n'}
[1.049829] (px4_msgs) StdoutLine: {'line': b'-- Up-to-date: /home/mustardking/ws_sensor_combined/install/px4_msgs/local/lib/python3.10/dist-packages/px4_msgs/msg/_esc_report_s.c\n'}
[1.049855] (px4_msgs) StdoutLine: {'line': b'-- Up-to-date: /home/mustardking/ws_sensor_combined/install/px4_msgs/local/lib/python3.10/dist-packages/px4_msgs/msg/_vehicle_angular_velocity_s.c\n'}
[1.049878] (px4_msgs) StdoutLine: {'line': b'-- Up-to-date: /home/mustardking/ws_sensor_combined/install/px4_msgs/local/lib/python3.10/dist-packages/px4_msgs/msg/_vehicle_optical_flow_vel_s.c\n'}
[1.049900] (px4_msgs) StdoutLine: {'line': b'-- Up-to-date: /home/mustardking/ws_sensor_combined/install/px4_msgs/local/lib/python3.10/dist-packages/px4_msgs/msg/_cpuload_s.c\n'}
[1.049940] (px4_msgs) StdoutLine: {'line': b'-- Up-to-date: /home/mustardking/ws_sensor_combined/install/px4_msgs/local/lib/python3.10/dist-packages/px4_msgs/msg/_debug_key_value.py\n'}
[1.049982] (px4_msgs) StdoutLine: {'line': b'-- Up-to-date: /home/mustardking/ws_sensor_combined/install/px4_msgs/local/lib/python3.10/dist-packages/px4_msgs/msg/_orb_test.py\n'}
[1.050005] (px4_msgs) StdoutLine: {'line': b'-- Up-to-date: /home/mustardking/ws_sensor_combined/install/px4_msgs/local/lib/python3.10/dist-packages/px4_msgs/msg/_task_stack_info_s.c\n'}
[1.050029] (px4_msgs) StdoutLine: {'line': b'-- Up-to-date: /home/mustardking/ws_sensor_combined/install/px4_msgs/local/lib/python3.10/dist-packages/px4_msgs/msg/_figure_eight_status_s.c\n'}
[1.050051] (px4_msgs) StdoutLine: {'line': b'-- Up-to-date: /home/mustardking/ws_sensor_combined/install/px4_msgs/local/lib/python3.10/dist-packages/px4_msgs/msg/_estimator_aid_source3d_s.c\n'}
[1.050075] (px4_msgs) StdoutLine: {'line': b'-- Up-to-date: /home/mustardking/ws_sensor_combined/install/px4_msgs/local/lib/python3.10/dist-packages/px4_msgs/msg/_vehicle_roi_s.c\n'}
[1.050112] (px4_msgs) StdoutLine: {'line': b'-- Up-to-date: /home/mustardking/ws_sensor_combined/install/px4_msgs/local/lib/python3.10/dist-packages/px4_msgs/msg/_rover_throttle_setpoint.py\n'}
[1.050135] (px4_msgs) StdoutLine: {'line': b'-- Up-to-date: /home/mustardking/ws_sensor_combined/install/px4_msgs/local/lib/python3.10/dist-packages/px4_msgs/msg/_landing_gear_s.c\n'}
[1.050157] (px4_msgs) StdoutLine: {'line': b'-- Up-to-date: /home/mustardking/ws_sensor_combined/install/px4_msgs/local/lib/python3.10/dist-packages/px4_msgs/msg/_actuator_controls_status.py\n'}
[1.050179] (px4_msgs) StdoutLine: {'line': b'-- Up-to-date: /home/mustardking/ws_sensor_combined/install/px4_msgs/local/lib/python3.10/dist-packages/px4_msgs/msg/_satellite_info.py\n'}
[1.050202] (px4_msgs) StdoutLine: {'line': b'-- Up-to-date: /home/mustardking/ws_sensor_combined/install/px4_msgs/local/lib/python3.10/dist-packages/px4_msgs/msg/_estimator_gps_status.py\n'}
[1.050261] (px4_msgs) StdoutLine: {'line': b'-- Up-to-date: /home/mustardking/ws_sensor_combined/install/px4_msgs/local/lib/python3.10/dist-packages/px4_msgs/msg/_mission.py\n'}
[1.050285] (px4_msgs) StdoutLine: {'line': b'-- Up-to-date: /home/mustardking/ws_sensor_combined/install/px4_msgs/local/lib/python3.10/dist-packages/px4_msgs/msg/_estimator_aid_source2d_s.c\n'}
[1.050312] (px4_msgs) StdoutLine: {'line': b'-- Up-to-date: /home/mustardking/ws_sensor_combined/install/px4_msgs/local/lib/python3.10/dist-packages/px4_msgs/msg/_sensor_gps_s.c\n'}
[1.050334] (px4_msgs) StdoutLine: {'line': b'-- Up-to-date: /home/mustardking/ws_sensor_combined/install/px4_msgs/local/lib/python3.10/dist-packages/px4_msgs/msg/_sensor_gyro_fifo.py\n'}
[1.050356] (px4_msgs) StdoutLine: {'line': b'-- Up-to-date: /home/mustardking/ws_sensor_combined/install/px4_msgs/local/lib/python3.10/dist-packages/px4_msgs/msg/_airspeed_wind.py\n'}
[1.050393] (px4_msgs) StdoutLine: {'line': b'-- Up-to-date: /home/mustardking/ws_sensor_combined/install/px4_msgs/local/lib/python3.10/dist-packages/px4_msgs/msg/_vehicle_imu_status.py\n'}
[1.050417] (px4_msgs) StdoutLine: {'line': b'-- Up-to-date: /home/mustardking/ws_sensor_combined/install/px4_msgs/local/lib/python3.10/dist-packages/px4_msgs/msg/_onboard_computer_status.py\n'}
[1.050439] (px4_msgs) StdoutLine: {'line': b'-- Up-to-date: /home/mustardking/ws_sensor_combined/install/px4_msgs/local/lib/python3.10/dist-packages/px4_msgs/msg/_vehicle_thrust_setpoint.py\n'}
[1.050479] (px4_msgs) StdoutLine: {'line': b'-- Up-to-date: /home/mustardking/ws_sensor_combined/install/px4_msgs/local/lib/python3.10/dist-packages/px4_msgs/msg/_tune_control_s.c\n'}
[1.050503] (px4_msgs) StdoutLine: {'line': b'-- Up-to-date: /home/mustardking/ws_sensor_combined/install/px4_msgs/local/lib/python3.10/dist-packages/px4_msgs/msg/_fixed_wing_runway_control_s.c\n'}
[1.050548] (px4_msgs) StdoutLine: {'line': b'-- Up-to-date: /home/mustardking/ws_sensor_combined/install/px4_msgs/local/lib/python3.10/dist-packages/px4_msgs/msg/_debug_array.py\n'}
[1.050575] (px4_msgs) StdoutLine: {'line': b'-- Up-to-date: /home/mustardking/ws_sensor_combined/install/px4_msgs/local/lib/python3.10/dist-packages/px4_msgs/msg/_fixed_wing_lateral_setpoint_s.c\n'}
[1.050597] (px4_msgs) StdoutLine: {'line': b'-- Up-to-date: /home/mustardking/ws_sensor_combined/install/px4_msgs/local/lib/python3.10/dist-packages/px4_msgs/msg/_gpio_request.py\n'}
[1.050621] (px4_msgs) StdoutLine: {'line': b'-- Up-to-date: /home/mustardking/ws_sensor_combined/install/px4_msgs/local/lib/python3.10/dist-packages/px4_msgs/msg/_internal_combustion_engine_status_s.c\n'}
[1.050645] (px4_msgs) StdoutLine: {'line': b'-- Up-to-date: /home/mustardking/ws_sensor_combined/install/px4_msgs/local/lib/python3.10/dist-packages/px4_msgs/msg/_differential_pressure.py\n'}
[1.050668] (px4_msgs) StdoutLine: {'line': b'-- Up-to-date: /home/mustardking/ws_sensor_combined/install/px4_msgs/local/lib/python3.10/dist-packages/px4_msgs/msg/_orb_test_large.py\n'}
[1.050711] (px4_msgs) StdoutLine: {'line': b'-- Up-to-date: /home/mustardking/ws_sensor_combined/install/px4_msgs/local/lib/python3.10/dist-packages/px4_msgs/msg/_rover_speed_status.py\n'}
[1.050734] (px4_msgs) StdoutLine: {'line': b'-- Up-to-date: /home/mustardking/ws_sensor_combined/install/px4_msgs/local/lib/python3.10/dist-packages/px4_msgs/msg/_actuator_test_s.c\n'}
[1.050756] (px4_msgs) StdoutLine: {'line': b'-- Up-to-date: /home/mustardking/ws_sensor_combined/install/px4_msgs/local/lib/python3.10/dist-packages/px4_msgs/msg/_cellular_status_s.c\n'}
[1.050778] (px4_msgs) StdoutLine: {'line': b'-- Up-to-date: /home/mustardking/ws_sensor_combined/install/px4_msgs/local/lib/python3.10/dist-packages/px4_msgs/msg/_distance_sensor.py\n'}
[1.050800] (px4_msgs) StdoutLine: {'line': b'-- Up-to-date: /home/mustardking/ws_sensor_combined/install/px4_msgs/local/lib/python3.10/dist-packages/px4_msgs/msg/_collision_constraints.py\n'}
[1.050843] (px4_msgs) StdoutLine: {'line': b'-- Up-to-date: /home/mustardking/ws_sensor_combined/install/px4_msgs/local/lib/python3.10/dist-packages/px4_msgs/msg/_sensor_preflight_mag_s.c\n'}
[1.050865] (px4_msgs) StdoutLine: {'line': b'-- Up-to-date: /home/mustardking/ws_sensor_combined/install/px4_msgs/local/lib/python3.10/dist-packages/px4_msgs/msg/_airspeed.py\n'}
[1.050891] (px4_msgs) StdoutLine: {'line': b'-- Up-to-date: /home/mustardking/ws_sensor_combined/install/px4_msgs/local/lib/python3.10/dist-packages/px4_msgs/msg/_gpio_request_s.c\n'}
[1.050914] (px4_msgs) StdoutLine: {'line': b'-- Up-to-date: /home/mustardking/ws_sensor_combined/install/px4_msgs/local/lib/python3.10/dist-packages/px4_msgs/msg/_irlock_report.py\n'}
[1.050936] (px4_msgs) StdoutLine: {'line': b'-- Up-to-date: /home/mustardking/ws_sensor_combined/install/px4_msgs/local/lib/python3.10/dist-packages/px4_msgs/msg/_debug_vect_s.c\n'}
[1.050958] (px4_msgs) StdoutLine: {'line': b'-- Up-to-date: /home/mustardking/ws_sensor_combined/install/px4_msgs/local/lib/python3.10/dist-packages/px4_msgs/msg/_failure_detector_status.py\n'}
[1.051002] (px4_msgs) StdoutLine: {'line': b'-- Up-to-date: /home/mustardking/ws_sensor_combined/install/px4_msgs/local/lib/python3.10/dist-packages/px4_msgs/msg/_rpm_s.c\n'}
[1.051025] (px4_msgs) StdoutLine: {'line': b'-- Up-to-date: /home/mustardking/ws_sensor_combined/install/px4_msgs/local/lib/python3.10/dist-packages/px4_msgs/msg/_estimator_event_flags_s.c\n'}
[1.051047] (px4_msgs) StdoutLine: {'line': b'-- Up-to-date: /home/mustardking/ws_sensor_combined/install/px4_msgs/local/lib/python3.10/dist-packages/px4_msgs/msg/_dataman_response.py\n'}
[1.051069] (px4_msgs) StdoutLine: {'line': b'-- Up-to-date: /home/mustardking/ws_sensor_combined/install/px4_msgs/local/lib/python3.10/dist-packages/px4_msgs/msg/_vehicle_torque_setpoint_s.c\n'}
[1.051095] (px4_msgs) StdoutLine: {'line': b'-- Up-to-date: /home/mustardking/ws_sensor_combined/install/px4_msgs/local/lib/python3.10/dist-packages/px4_msgs/msg/_action_request.py\n'}
[1.051132] (px4_msgs) StdoutLine: {'line': b'-- Up-to-date: /home/mustardking/ws_sensor_combined/install/px4_msgs/local/lib/python3.10/dist-packages/px4_msgs/msg/_launch_detection_status.py\n'}
[1.051157] (px4_msgs) StdoutLine: {'line': b'-- Up-to-date: /home/mustardking/ws_sensor_combined/install/px4_msgs/local/lib/python3.10/dist-packages/px4_msgs/msg/_hover_thrust_estimate_s.c\n'}
[1.051179] (px4_msgs) StdoutLine: {'line': b'-- Up-to-date: /home/mustardking/ws_sensor_combined/install/px4_msgs/local/lib/python3.10/dist-packages/px4_msgs/msg/_gps_dump.py\n'}
[1.051202] (px4_msgs) StdoutLine: {'line': b'-- Up-to-date: /home/mustardking/ws_sensor_combined/install/px4_msgs/local/lib/python3.10/dist-packages/px4_msgs/msg/_sensor_gps.py\n'}
[1.051224] (px4_msgs) StdoutLine: {'line': b'-- Up-to-date: /home/mustardking/ws_sensor_combined/install/px4_msgs/local/lib/python3.10/dist-packages/px4_msgs/msg/_unregister_ext_component_s.c\n'}
[1.051247] (px4_msgs) StdoutLine: {'line': b'-- Up-to-date: /home/mustardking/ws_sensor_combined/install/px4_msgs/local/lib/python3.10/dist-packages/px4_msgs/msg/_sensor_airflow_s.c\n'}
[1.051292] (px4_msgs) StdoutLine: {'line': b'-- Up-to-date: /home/mustardking/ws_sensor_combined/install/px4_msgs/local/lib/python3.10/dist-packages/px4_msgs/msg/_vehicle_command_s.c\n'}
[1.051314] (px4_msgs) StdoutLine: {'line': b'-- Up-to-date: /home/mustardking/ws_sensor_combined/install/px4_msgs/local/lib/python3.10/dist-packages/px4_msgs/msg/_distance_sensor_mode_change_request.py\n'}
[1.051337] (px4_msgs) StdoutLine: {'line': b'-- Up-to-date: /home/mustardking/ws_sensor_combined/install/px4_msgs/local/lib/python3.10/dist-packages/px4_msgs/msg/_gpio_out_s.c\n'}
[1.051361] (px4_msgs) StdoutLine: {'line': b'-- Up-to-date: /home/mustardking/ws_sensor_combined/install/px4_msgs/local/lib/python3.10/dist-packages/px4_msgs/msg/_dataman_request_s.c\n'}
[1.051399] (px4_msgs) StdoutLine: {'line': b'-- Up-to-date: /home/mustardking/ws_sensor_combined/install/px4_msgs/local/lib/python3.10/dist-packages/px4_msgs/msg/_parameter_update.py\n'}
[1.051422] (px4_msgs) StdoutLine: {'line': b'-- Up-to-date: /home/mustardking/ws_sensor_combined/install/px4_msgs/local/lib/python3.10/dist-packages/px4_msgs/msg/_distance_sensor_mode_change_request_s.c\n'}
[1.051444] (px4_msgs) StdoutLine: {'line': b'-- Up-to-date: /home/mustardking/ws_sensor_combined/install/px4_msgs/local/lib/python3.10/dist-packages/px4_msgs/msg/_estimator_bias3d.py\n'}
[1.051466] (px4_msgs) StdoutLine: {'line': b'-- Up-to-date: /home/mustardking/ws_sensor_combined/install/px4_msgs/local/lib/python3.10/dist-packages/px4_msgs/msg/_vehicle_odometry_s.c\n'}
[1.051489] (px4_msgs) StdoutLine: {'line': b'-- Up-to-date: /home/mustardking/ws_sensor_combined/install/px4_msgs/local/lib/python3.10/dist-packages/px4_msgs/msg/_sensor_correction.py\n'}
[1.051512] (px4_msgs) StdoutLine: {'line': b'-- Up-to-date: /home/mustardking/ws_sensor_combined/install/px4_msgs/local/lib/python3.10/dist-packages/px4_msgs/msg/_vehicle_magnetometer.py\n'}
[1.051534] (px4_msgs) StdoutLine: {'line': b'-- Up-to-date: /home/mustardking/ws_sensor_combined/install/px4_msgs/local/lib/python3.10/dist-packages/px4_msgs/msg/_ping_s.c\n'}
[1.051572] (px4_msgs) StdoutLine: {'line': b'-- Up-to-date: /home/mustardking/ws_sensor_combined/install/px4_msgs/local/lib/python3.10/dist-packages/px4_msgs/msg/_ulog_stream.py\n'}
[1.051594] (px4_msgs) StdoutLine: {'line': b'-- Up-to-date: /home/mustardking/ws_sensor_combined/install/px4_msgs/local/lib/python3.10/dist-packages/px4_msgs/__init__.py\n'}
[1.051617] (px4_msgs) StdoutLine: {'line': b'-- Up-to-date: /home/mustardking/ws_sensor_combined/install/px4_msgs/local/lib/python3.10/dist-packages/px4_msgs/_px4_msgs_s.ep.rosidl_typesupport_c.c\n'}
[1.051639] (px4_msgs) StdoutLine: {'line': b'-- Up-to-date: /home/mustardking/ws_sensor_combined/install/px4_msgs/local/lib/python3.10/dist-packages/px4_msgs/libpx4_msgs__rosidl_generator_py.so\n'}
[1.051662] (px4_msgs) StdoutLine: {'line': b'-- Up-to-date: /home/mustardking/ws_sensor_combined/install/px4_msgs/local/lib/python3.10/dist-packages/px4_msgs/px4_msgs_s__rosidl_typesupport_fastrtps_c.cpython-310-aarch64-linux-gnu.so\n'}
[1.051703] (px4_msgs) StdoutLine: {'line': b'-- Up-to-date: /home/mustardking/ws_sensor_combined/install/px4_msgs/local/lib/python3.10/dist-packages/px4_msgs/px4_msgs_s__rosidl_typesupport_c.cpython-310-aarch64-linux-gnu.so\n'}
[1.051727] (px4_msgs) StdoutLine: {'line': b"Listing '/home/mustardking/ws_sensor_combined/install/px4_msgs/local/lib/python3.10/dist-packages/px4_msgs'...\n"}
[1.051750] (px4_msgs) StdoutLine: {'line': b"Listing '/home/mustardking/ws_sensor_combined/install/px4_msgs/local/lib/python3.10/dist-packages/px4_msgs/msg'...\n"}
[1.051773] (px4_msgs) StdoutLine: {'line': b"Listing '/home/mustardking/ws_sensor_combined/install/px4_msgs/local/lib/python3.10/dist-packages/px4_msgs/srv'...\n"}
[1.051796] (px4_msgs) StdoutLine: {'line': b'-- Up-to-date: /home/mustardking/ws_sensor_combined/install/px4_msgs/local/lib/python3.10/dist-packages/px4_msgs/px4_msgs_s__rosidl_typesupport_fastrtps_c.cpython-310-aarch64-linux-gnu.so\n'}
[1.051835] (px4_msgs) StdoutLine: {'line': b'-- Up-to-date: /home/mustardking/ws_sensor_combined/install/px4_msgs/local/lib/python3.10/dist-packages/px4_msgs/px4_msgs_s__rosidl_typesupport_introspection_c.cpython-310-aarch64-linux-gnu.so\n'}
[1.051869] (px4_msgs) StdoutLine: {'line': b'-- Up-to-date: /home/mustardking/ws_sensor_combined/install/px4_msgs/local/lib/python3.10/dist-packages/px4_msgs/px4_msgs_s__rosidl_typesupport_c.cpython-310-aarch64-linux-gnu.so\n'}
[1.051891] (px4_msgs) StdoutLine: {'line': b'-- Up-to-date: /home/mustardking/ws_sensor_combined/install/px4_msgs/lib/libpx4_msgs__rosidl_generator_py.so\n'}
[1.051914] (px4_msgs) StdoutLine: {'line': b'-- Up-to-date: /home/mustardking/ws_sensor_combined/install/px4_msgs/share/px4_msgs/msg/ActionRequest.idl\n'}
[1.051937] (px4_msgs) StdoutLine: {'line': b'-- Up-to-date: /home/mustardking/ws_sensor_combined/install/px4_msgs/share/px4_msgs/msg/ActuatorArmed.idl\n'}
[1.051983] (px4_msgs) StdoutLine: {'line': b'-- Up-to-date: /home/mustardking/ws_sensor_combined/install/px4_msgs/share/px4_msgs/msg/ActuatorControlsStatus.idl\n'}
[1.052006] (px4_msgs) StdoutLine: {'line': b'-- Up-to-date: /home/mustardking/ws_sensor_combined/install/px4_msgs/share/px4_msgs/msg/ActuatorMotors.idl\n'}
[1.052028] (px4_msgs) StdoutLine: {'line': b'-- Up-to-date: /home/mustardking/ws_sensor_combined/install/px4_msgs/share/px4_msgs/msg/ActuatorOutputs.idl\n'}
[1.052050] (px4_msgs) StdoutLine: {'line': b'-- Up-to-date: /home/mustardking/ws_sensor_combined/install/px4_msgs/share/px4_msgs/msg/ActuatorServos.idl\n'}
[1.052073] (px4_msgs) StdoutLine: {'line': b'-- Up-to-date: /home/mustardking/ws_sensor_combined/install/px4_msgs/share/px4_msgs/msg/ActuatorServosTrim.idl\n'}
[1.052097] (px4_msgs) StdoutLine: {'line': b'-- Up-to-date: /home/mustardking/ws_sensor_combined/install/px4_msgs/share/px4_msgs/msg/ActuatorTest.idl\n'}
[1.052142] (px4_msgs) StdoutLine: {'line': b'-- Up-to-date: /home/mustardking/ws_sensor_combined/install/px4_msgs/share/px4_msgs/msg/AdcReport.idl\n'}
[1.052165] (px4_msgs) StdoutLine: {'line': b'-- Up-to-date: /home/mustardking/ws_sensor_combined/install/px4_msgs/share/px4_msgs/msg/Airspeed.idl\n'}
[1.052187] (px4_msgs) StdoutLine: {'line': b'-- Up-to-date: /home/mustardking/ws_sensor_combined/install/px4_msgs/share/px4_msgs/msg/AirspeedValidated.idl\n'}
[1.052209] (px4_msgs) StdoutLine: {'line': b'-- Up-to-date: /home/mustardking/ws_sensor_combined/install/px4_msgs/share/px4_msgs/msg/AirspeedWind.idl\n'}
[1.052248] (px4_msgs) StdoutLine: {'line': b'-- Up-to-date: /home/mustardking/ws_sensor_combined/install/px4_msgs/share/px4_msgs/msg/ArmingCheckReply.idl\n'}
[1.052271] (px4_msgs) StdoutLine: {'line': b'-- Up-to-date: /home/mustardking/ws_sensor_combined/install/px4_msgs/share/px4_msgs/msg/ArmingCheckRequest.idl\n'}
[1.052293] (px4_msgs) StdoutLine: {'line': b'-- Up-to-date: /home/mustardking/ws_sensor_combined/install/px4_msgs/share/px4_msgs/msg/AutotuneAttitudeControlStatus.idl\n'}
[1.052317] (px4_msgs) StdoutLine: {'line': b'-- Up-to-date: /home/mustardking/ws_sensor_combined/install/px4_msgs/share/px4_msgs/msg/BatteryInfo.idl\n'}
[1.052339] (px4_msgs) StdoutLine: {'line': b'-- Up-to-date: /home/mustardking/ws_sensor_combined/install/px4_msgs/share/px4_msgs/msg/BatteryStatus.idl\n'}
[1.052386] (px4_msgs) StdoutLine: {'line': b'-- Up-to-date: /home/mustardking/ws_sensor_combined/install/px4_msgs/share/px4_msgs/msg/ButtonEvent.idl\n'}
[1.052409] (px4_msgs) StdoutLine: {'line': b'-- Up-to-date: /home/mustardking/ws_sensor_combined/install/px4_msgs/share/px4_msgs/msg/CameraCapture.idl\n'}
[1.052432] (px4_msgs) StdoutLine: {'line': b'-- Up-to-date: /home/mustardking/ws_sensor_combined/install/px4_msgs/share/px4_msgs/msg/CameraStatus.idl\n'}
[1.052454] (px4_msgs) StdoutLine: {'line': b'-- Up-to-date: /home/mustardking/ws_sensor_combined/install/px4_msgs/share/px4_msgs/msg/CameraTrigger.idl\n'}
[1.052515] (px4_msgs) StdoutLine: {'line': b'-- Up-to-date: /home/mustardking/ws_sensor_combined/install/px4_msgs/share/px4_msgs/msg/CanInterfaceStatus.idl\n'}
[1.052538] (px4_msgs) StdoutLine: {'line': b'-- Up-to-date: /home/mustardking/ws_sensor_combined/install/px4_msgs/share/px4_msgs/msg/CellularStatus.idl\n'}
[1.052561] (px4_msgs) StdoutLine: {'line': b'-- Up-to-date: /home/mustardking/ws_sensor_combined/install/px4_msgs/share/px4_msgs/msg/CollisionConstraints.idl\n'}
[1.052603] (px4_msgs) StdoutLine: {'line': b'-- Up-to-date: /home/mustardking/ws_sensor_combined/install/px4_msgs/share/px4_msgs/msg/ConfigOverrides.idl\n'}
[1.052626] (px4_msgs) StdoutLine: {'line': b'-- Up-to-date: /home/mustardking/ws_sensor_combined/install/px4_msgs/share/px4_msgs/msg/ControlAllocatorStatus.idl\n'}
[1.052649] (px4_msgs) StdoutLine: {'line': b'-- Up-to-date: /home/mustardking/ws_sensor_combined/install/px4_msgs/share/px4_msgs/msg/Cpuload.idl\n'}
[1.052672] (px4_msgs) StdoutLine: {'line': b'-- Up-to-date: /home/mustardking/ws_sensor_combined/install/px4_msgs/share/px4_msgs/msg/DatamanRequest.idl\n'}
[1.052694] (px4_msgs) StdoutLine: {'line': b'-- Up-to-date: /home/mustardking/ws_sensor_combined/install/px4_msgs/share/px4_msgs/msg/DatamanResponse.idl\n'}
[1.052994] (px4_msgs) StdoutLine: {'line': b'-- Up-to-date: /home/mustardking/ws_sensor_combined/install/px4_msgs/share/px4_msgs/msg/DebugArray.idl\n'}
[1.053035] (px4_msgs) StdoutLine: {'line': b'-- Up-to-date: /home/mustardking/ws_sensor_combined/install/px4_msgs/share/px4_msgs/msg/DebugKeyValue.idl\n'}
[1.053073] (px4_msgs) StdoutLine: {'line': b'-- Up-to-date: /home/mustardking/ws_sensor_combined/install/px4_msgs/share/px4_msgs/msg/DebugValue.idl\n'}
[1.053104] (px4_msgs) StdoutLine: {'line': b'-- Up-to-date: /home/mustardking/ws_sensor_combined/install/px4_msgs/share/px4_msgs/msg/DebugVect.idl\n'}
[1.053128] (px4_msgs) StdoutLine: {'line': b'-- Up-to-date: /home/mustardking/ws_sensor_combined/install/px4_msgs/share/px4_msgs/msg/DifferentialPressure.idl\n'}
[1.053150] (px4_msgs) StdoutLine: {'line': b'-- Up-to-date: /home/mustardking/ws_sensor_combined/install/px4_msgs/share/px4_msgs/msg/DistanceSensor.idl\n'}
[1.053179] (px4_msgs) StdoutLine: {'line': b'-- Up-to-date: /home/mustardking/ws_sensor_combined/install/px4_msgs/share/px4_msgs/msg/DistanceSensorModeChangeRequest.idl\n'}
[1.053232] (px4_msgs) StdoutLine: {'line': b'-- Up-to-date: /home/mustardking/ws_sensor_combined/install/px4_msgs/share/px4_msgs/msg/DronecanNodeStatus.idl\n'}
[1.053257] (px4_msgs) StdoutLine: {'line': b'-- Up-to-date: /home/mustardking/ws_sensor_combined/install/px4_msgs/share/px4_msgs/msg/Ekf2Timestamps.idl\n'}
[1.053279] (px4_msgs) StdoutLine: {'line': b'-- Up-to-date: /home/mustardking/ws_sensor_combined/install/px4_msgs/share/px4_msgs/msg/EscReport.idl\n'}
[1.053301] (px4_msgs) StdoutLine: {'line': b'-- Up-to-date: /home/mustardking/ws_sensor_combined/install/px4_msgs/share/px4_msgs/msg/EscStatus.idl\n'}
[1.053341] (px4_msgs) StdoutLine: {'line': b'-- Up-to-date: /home/mustardking/ws_sensor_combined/install/px4_msgs/share/px4_msgs/msg/EstimatorAidSource1d.idl\n'}
[1.053364] (px4_msgs) StdoutLine: {'line': b'-- Up-to-date: /home/mustardking/ws_sensor_combined/install/px4_msgs/share/px4_msgs/msg/EstimatorAidSource2d.idl\n'}
[1.053386] (px4_msgs) StdoutLine: {'line': b'-- Up-to-date: /home/mustardking/ws_sensor_combined/install/px4_msgs/share/px4_msgs/msg/EstimatorAidSource3d.idl\n'}
[1.053412] (px4_msgs) StdoutLine: {'line': b'-- Up-to-date: /home/mustardking/ws_sensor_combined/install/px4_msgs/share/px4_msgs/msg/EstimatorBias.idl\n'}
[1.053435] (px4_msgs) StdoutLine: {'line': b'-- Up-to-date: /home/mustardking/ws_sensor_combined/install/px4_msgs/share/px4_msgs/msg/EstimatorBias3d.idl\n'}
[1.053458] (px4_msgs) StdoutLine: {'line': b'-- Up-to-date: /home/mustardking/ws_sensor_combined/install/px4_msgs/share/px4_msgs/msg/EstimatorEventFlags.idl\n'}
[1.053480] (px4_msgs) StdoutLine: {'line': b'-- Up-to-date: /home/mustardking/ws_sensor_combined/install/px4_msgs/share/px4_msgs/msg/EstimatorGpsStatus.idl\n'}
[1.053525] (px4_msgs) StdoutLine: {'line': b'-- Up-to-date: /home/mustardking/ws_sensor_combined/install/px4_msgs/share/px4_msgs/msg/EstimatorInnovations.idl\n'}
[1.053547] (px4_msgs) StdoutLine: {'line': b'-- Up-to-date: /home/mustardking/ws_sensor_combined/install/px4_msgs/share/px4_msgs/msg/EstimatorSelectorStatus.idl\n'}
[1.053570] (px4_msgs) StdoutLine: {'line': b'-- Up-to-date: /home/mustardking/ws_sensor_combined/install/px4_msgs/share/px4_msgs/msg/EstimatorSensorBias.idl\n'}
[1.053592] (px4_msgs) StdoutLine: {'line': b'-- Up-to-date: /home/mustardking/ws_sensor_combined/install/px4_msgs/share/px4_msgs/msg/EstimatorStates.idl\n'}
[1.053614] (px4_msgs) StdoutLine: {'line': b'-- Up-to-date: /home/mustardking/ws_sensor_combined/install/px4_msgs/share/px4_msgs/msg/EstimatorStatus.idl\n'}
[1.053655] (px4_msgs) StdoutLine: {'line': b'-- Up-to-date: /home/mustardking/ws_sensor_combined/install/px4_msgs/share/px4_msgs/msg/EstimatorStatusFlags.idl\n'}
[1.053678] (px4_msgs) StdoutLine: {'line': b'-- Up-to-date: /home/mustardking/ws_sensor_combined/install/px4_msgs/share/px4_msgs/msg/Event.idl\n'}
[1.053700] (px4_msgs) StdoutLine: {'line': b'-- Up-to-date: /home/mustardking/ws_sensor_combined/install/px4_msgs/share/px4_msgs/msg/FailsafeFlags.idl\n'}
[1.053722] (px4_msgs) StdoutLine: {'line': b'-- Up-to-date: /home/mustardking/ws_sensor_combined/install/px4_msgs/share/px4_msgs/msg/FailureDetectorStatus.idl\n'}
[1.053745] (px4_msgs) StdoutLine: {'line': b'-- Up-to-date: /home/mustardking/ws_sensor_combined/install/px4_msgs/share/px4_msgs/msg/FigureEightStatus.idl\n'}
[1.053767] (px4_msgs) StdoutLine: {'line': b'-- Up-to-date: /home/mustardking/ws_sensor_combined/install/px4_msgs/share/px4_msgs/msg/FixedWingLateralGuidanceStatus.idl\n'}
[1.053806] (px4_msgs) StdoutLine: {'line': b'-- Up-to-date: /home/mustardking/ws_sensor_combined/install/px4_msgs/share/px4_msgs/msg/FixedWingLateralSetpoint.idl\n'}
[1.053830] (px4_msgs) StdoutLine: {'line': b'-- Up-to-date: /home/mustardking/ws_sensor_combined/install/px4_msgs/share/px4_msgs/msg/FixedWingLateralStatus.idl\n'}
[1.053852] (px4_msgs) StdoutLine: {'line': b'-- Up-to-date: /home/mustardking/ws_sensor_combined/install/px4_msgs/share/px4_msgs/msg/FixedWingLongitudinalSetpoint.idl\n'}
[1.053875] (px4_msgs) StdoutLine: {'line': b'-- Up-to-date: /home/mustardking/ws_sensor_combined/install/px4_msgs/share/px4_msgs/msg/FixedWingRunwayControl.idl\n'}
[1.053897] (px4_msgs) StdoutLine: {'line': b'-- Up-to-date: /home/mustardking/ws_sensor_combined/install/px4_msgs/share/px4_msgs/msg/FlightPhaseEstimation.idl\n'}
[1.053942] (px4_msgs) StdoutLine: {'line': b'-- Up-to-date: /home/mustardking/ws_sensor_combined/install/px4_msgs/share/px4_msgs/msg/FollowTarget.idl\n'}
[1.053965] (px4_msgs) StdoutLine: {'line': b'-- Up-to-date: /home/mustardking/ws_sensor_combined/install/px4_msgs/share/px4_msgs/msg/FollowTargetEstimator.idl\n'}
[1.053987] (px4_msgs) StdoutLine: {'line': b'-- Up-to-date: /home/mustardking/ws_sensor_combined/install/px4_msgs/share/px4_msgs/msg/FollowTargetStatus.idl\n'}
[1.054009] (px4_msgs) StdoutLine: {'line': b'-- Up-to-date: /home/mustardking/ws_sensor_combined/install/px4_msgs/share/px4_msgs/msg/FuelTankStatus.idl\n'}
[1.054031] (px4_msgs) StdoutLine: {'line': b'-- Up-to-date: /home/mustardking/ws_sensor_combined/install/px4_msgs/share/px4_msgs/msg/GeneratorStatus.idl\n'}
[1.054055] (px4_msgs) StdoutLine: {'line': b'-- Up-to-date: /home/mustardking/ws_sensor_combined/install/px4_msgs/share/px4_msgs/msg/GeofenceResult.idl\n'}
[1.054093] (px4_msgs) StdoutLine: {'line': b'-- Up-to-date: /home/mustardking/ws_sensor_combined/install/px4_msgs/share/px4_msgs/msg/GeofenceStatus.idl\n'}
[1.054117] (px4_msgs) StdoutLine: {'line': b'-- Up-to-date: /home/mustardking/ws_sensor_combined/install/px4_msgs/share/px4_msgs/msg/GimbalControls.idl\n'}
[1.054139] (px4_msgs) StdoutLine: {'line': b'-- Up-to-date: /home/mustardking/ws_sensor_combined/install/px4_msgs/share/px4_msgs/msg/GimbalDeviceAttitudeStatus.idl\n'}
[1.054164] (px4_msgs) StdoutLine: {'line': b'-- Up-to-date: /home/mustardking/ws_sensor_combined/install/px4_msgs/share/px4_msgs/msg/GimbalDeviceInformation.idl\n'}
[1.054187] (px4_msgs) StdoutLine: {'line': b'-- Up-to-date: /home/mustardking/ws_sensor_combined/install/px4_msgs/share/px4_msgs/msg/GimbalDeviceSetAttitude.idl\n'}
[1.054225] (px4_msgs) StdoutLine: {'line': b'-- Up-to-date: /home/mustardking/ws_sensor_combined/install/px4_msgs/share/px4_msgs/msg/GimbalManagerInformation.idl\n'}
[1.054255] (px4_msgs) StdoutLine: {'line': b'-- Up-to-date: /home/mustardking/ws_sensor_combined/install/px4_msgs/share/px4_msgs/msg/GimbalManagerSetAttitude.idl\n'}
[1.054279] (px4_msgs) StdoutLine: {'line': b'-- Up-to-date: /home/mustardking/ws_sensor_combined/install/px4_msgs/share/px4_msgs/msg/GimbalManagerSetManualControl.idl\n'}
[1.054301] (px4_msgs) StdoutLine: {'line': b'-- Up-to-date: /home/mustardking/ws_sensor_combined/install/px4_msgs/share/px4_msgs/msg/GimbalManagerStatus.idl\n'}
[1.054323] (px4_msgs) StdoutLine: {'line': b'-- Up-to-date: /home/mustardking/ws_sensor_combined/install/px4_msgs/share/px4_msgs/msg/GotoSetpoint.idl\n'}
[1.054345] (px4_msgs) StdoutLine: {'line': b'-- Up-to-date: /home/mustardking/ws_sensor_combined/install/px4_msgs/share/px4_msgs/msg/GpioConfig.idl\n'}
[1.054386] (px4_msgs) StdoutLine: {'line': b'-- Up-to-date: /home/mustardking/ws_sensor_combined/install/px4_msgs/share/px4_msgs/msg/GpioIn.idl\n'}
[1.054426] (px4_msgs) StdoutLine: {'line': b'-- Up-to-date: /home/mustardking/ws_sensor_combined/install/px4_msgs/share/px4_msgs/msg/GpioOut.idl\n'}
[1.054448] (px4_msgs) StdoutLine: {'line': b'-- Up-to-date: /home/mustardking/ws_sensor_combined/install/px4_msgs/share/px4_msgs/msg/GpioRequest.idl\n'}
[1.054471] (px4_msgs) StdoutLine: {'line': b'-- Up-to-date: /home/mustardking/ws_sensor_combined/install/px4_msgs/share/px4_msgs/msg/GpsDump.idl\n'}
[1.054494] (px4_msgs) StdoutLine: {'line': b'-- Up-to-date: /home/mustardking/ws_sensor_combined/install/px4_msgs/share/px4_msgs/msg/GpsInjectData.idl\n'}
[1.054539] (px4_msgs) StdoutLine: {'line': b'-- Up-to-date: /home/mustardking/ws_sensor_combined/install/px4_msgs/share/px4_msgs/msg/Gripper.idl\n'}
[1.054561] (px4_msgs) StdoutLine: {'line': b'-- Up-to-date: /home/mustardking/ws_sensor_combined/install/px4_msgs/share/px4_msgs/msg/HealthReport.idl\n'}
[1.054584] (px4_msgs) StdoutLine: {'line': b'-- Up-to-date: /home/mustardking/ws_sensor_combined/install/px4_msgs/share/px4_msgs/msg/HeaterStatus.idl\n'}
[1.054606] (px4_msgs) StdoutLine: {'line': b'-- Up-to-date: /home/mustardking/ws_sensor_combined/install/px4_msgs/share/px4_msgs/msg/HomePosition.idl\n'}
[1.054628] (px4_msgs) StdoutLine: {'line': b'-- Up-to-date: /home/mustardking/ws_sensor_combined/install/px4_msgs/share/px4_msgs/msg/HoverThrustEstimate.idl\n'}
[1.054650] (px4_msgs) StdoutLine: {'line': b'-- Up-to-date: /home/mustardking/ws_sensor_combined/install/px4_msgs/share/px4_msgs/msg/InputRc.idl\n'}
[1.054689] (px4_msgs) StdoutLine: {'line': b'-- Up-to-date: /home/mustardking/ws_sensor_combined/install/px4_msgs/share/px4_msgs/msg/InternalCombustionEngineControl.idl\n'}
[1.054729] (px4_msgs) StdoutLine: {'line': b'-- Up-to-date: /home/mustardking/ws_sensor_combined/install/px4_msgs/share/px4_msgs/msg/InternalCombustionEngineStatus.idl\n'}
[1.054751] (px4_msgs) StdoutLine: {'line': b'-- Up-to-date: /home/mustardking/ws_sensor_combined/install/px4_msgs/share/px4_msgs/msg/IridiumsbdStatus.idl\n'}
[1.054775] (px4_msgs) StdoutLine: {'line': b'-- Up-to-date: /home/mustardking/ws_sensor_combined/install/px4_msgs/share/px4_msgs/msg/IrlockReport.idl\n'}
[1.054822] (px4_msgs) StdoutLine: {'line': b'-- Up-to-date: /home/mustardking/ws_sensor_combined/install/px4_msgs/share/px4_msgs/msg/LandingGear.idl\n'}
[1.054850] (px4_msgs) StdoutLine: {'line': b'-- Up-to-date: /home/mustardking/ws_sensor_combined/install/px4_msgs/share/px4_msgs/msg/LandingGearWheel.idl\n'}
[1.054873] (px4_msgs) StdoutLine: {'line': b'-- Up-to-date: /home/mustardking/ws_sensor_combined/install/px4_msgs/share/px4_msgs/msg/LandingTargetInnovations.idl\n'}
[1.054895] (px4_msgs) StdoutLine: {'line': b'-- Up-to-date: /home/mustardking/ws_sensor_combined/install/px4_msgs/share/px4_msgs/msg/LandingTargetPose.idl\n'}
[1.054918] (px4_msgs) StdoutLine: {'line': b'-- Up-to-date: /home/mustardking/ws_sensor_combined/install/px4_msgs/share/px4_msgs/msg/LateralControlConfiguration.idl\n'}
[1.054941] (px4_msgs) StdoutLine: {'line': b'-- Up-to-date: /home/mustardking/ws_sensor_combined/install/px4_msgs/share/px4_msgs/msg/LaunchDetectionStatus.idl\n'}
[1.054984] (px4_msgs) StdoutLine: {'line': b'-- Up-to-date: /home/mustardking/ws_sensor_combined/install/px4_msgs/share/px4_msgs/msg/LedControl.idl\n'}
[1.055006] (px4_msgs) StdoutLine: {'line': b'-- Up-to-date: /home/mustardking/ws_sensor_combined/install/px4_msgs/share/px4_msgs/msg/LogMessage.idl\n'}
[1.055028] (px4_msgs) StdoutLine: {'line': b'-- Up-to-date: /home/mustardking/ws_sensor_combined/install/px4_msgs/share/px4_msgs/msg/LoggerStatus.idl\n'}
[1.055051] (px4_msgs) StdoutLine: {'line': b'-- Up-to-date: /home/mustardking/ws_sensor_combined/install/px4_msgs/share/px4_msgs/msg/LongitudinalControlConfiguration.idl\n'}
[1.055074] (px4_msgs) StdoutLine: {'line': b'-- Up-to-date: /home/mustardking/ws_sensor_combined/install/px4_msgs/share/px4_msgs/msg/MagWorkerData.idl\n'}
[1.055116] (px4_msgs) StdoutLine: {'line': b'-- Up-to-date: /home/mustardking/ws_sensor_combined/install/px4_msgs/share/px4_msgs/msg/MagnetometerBiasEstimate.idl\n'}
[1.055139] (px4_msgs) StdoutLine: {'line': b'-- Up-to-date: /home/mustardking/ws_sensor_combined/install/px4_msgs/share/px4_msgs/msg/ManualControlSetpoint.idl\n'}
[1.055162] (px4_msgs) StdoutLine: {'line': b'-- Up-to-date: /home/mustardking/ws_sensor_combined/install/px4_msgs/share/px4_msgs/msg/ManualControlSwitches.idl\n'}
[1.055188] (px4_msgs) StdoutLine: {'line': b'-- Up-to-date: /home/mustardking/ws_sensor_combined/install/px4_msgs/share/px4_msgs/msg/MavlinkLog.idl\n'}
[1.055210] (px4_msgs) StdoutLine: {'line': b'-- Up-to-date: /home/mustardking/ws_sensor_combined/install/px4_msgs/share/px4_msgs/msg/MavlinkTunnel.idl\n'}
[1.055233] (px4_msgs) StdoutLine: {'line': b'-- Up-to-date: /home/mustardking/ws_sensor_combined/install/px4_msgs/share/px4_msgs/msg/MessageFormatRequest.idl\n'}
[1.055273] (px4_msgs) StdoutLine: {'line': b'-- Up-to-date: /home/mustardking/ws_sensor_combined/install/px4_msgs/share/px4_msgs/msg/MessageFormatResponse.idl\n'}
[1.055296] (px4_msgs) StdoutLine: {'line': b'-- Up-to-date: /home/mustardking/ws_sensor_combined/install/px4_msgs/share/px4_msgs/msg/Mission.idl\n'}
[1.055318] (px4_msgs) StdoutLine: {'line': b'-- Up-to-date: /home/mustardking/ws_sensor_combined/install/px4_msgs/share/px4_msgs/msg/MissionResult.idl\n'}
[1.055340] (px4_msgs) StdoutLine: {'line': b'-- Up-to-date: /home/mustardking/ws_sensor_combined/install/px4_msgs/share/px4_msgs/msg/ModeCompleted.idl\n'}
[1.055370] (px4_msgs) StdoutLine: {'line': b'-- Up-to-date: /home/mustardking/ws_sensor_combined/install/px4_msgs/share/px4_msgs/msg/MountOrientation.idl\n'}
[1.055411] (px4_msgs) StdoutLine: {'line': b'-- Up-to-date: /home/mustardking/ws_sensor_combined/install/px4_msgs/share/px4_msgs/msg/NavigatorMissionItem.idl\n'}
[1.055434] (px4_msgs) StdoutLine: {'line': b'-- Up-to-date: /home/mustardking/ws_sensor_combined/install/px4_msgs/share/px4_msgs/msg/NavigatorStatus.idl\n'}
[1.055456] (px4_msgs) StdoutLine: {'line': b'-- Up-to-date: /home/mustardking/ws_sensor_combined/install/px4_msgs/share/px4_msgs/msg/NeuralControl.idl\n'}
[1.055489] (px4_msgs) StdoutLine: {'line': b'-- Up-to-date: /home/mustardking/ws_sensor_combined/install/px4_msgs/share/px4_msgs/msg/NormalizedUnsignedSetpoint.idl\n'}
[1.055513] (px4_msgs) StdoutLine: {'line': b'-- Up-to-date: /home/mustardking/ws_sensor_combined/install/px4_msgs/share/px4_msgs/msg/ObstacleDistance.idl\n'}
[1.055552] (px4_msgs) StdoutLine: {'line': b'-- Up-to-date: /home/mustardking/ws_sensor_combined/install/px4_msgs/share/px4_msgs/msg/OffboardControlMode.idl\n'}
[1.055575] (px4_msgs) StdoutLine: {'line': b'-- Up-to-date: /home/mustardking/ws_sensor_combined/install/px4_msgs/share/px4_msgs/msg/OnboardComputerStatus.idl\n'}
[1.055597] (px4_msgs) StdoutLine: {'line': b'-- Up-to-date: /home/mustardking/ws_sensor_combined/install/px4_msgs/share/px4_msgs/msg/OpenDroneIdArmStatus.idl\n'}
[1.055619] (px4_msgs) StdoutLine: {'line': b'-- Up-to-date: /home/mustardking/ws_sensor_combined/install/px4_msgs/share/px4_msgs/msg/OpenDroneIdOperatorId.idl\n'}
[1.055665] (px4_msgs) StdoutLine: {'line': b'-- Up-to-date: /home/mustardking/ws_sensor_combined/install/px4_msgs/share/px4_msgs/msg/OpenDroneIdSelfId.idl\n'}
[1.055687] (px4_msgs) StdoutLine: {'line': b'-- Up-to-date: /home/mustardking/ws_sensor_combined/install/px4_msgs/share/px4_msgs/msg/OpenDroneIdSystem.idl\n'}
[1.055710] (px4_msgs) StdoutLine: {'line': b'-- Up-to-date: /home/mustardking/ws_sensor_combined/install/px4_msgs/share/px4_msgs/msg/OrbTest.idl\n'}
[1.055732] (px4_msgs) StdoutLine: {'line': b'-- Up-to-date: /home/mustardking/ws_sensor_combined/install/px4_msgs/share/px4_msgs/msg/OrbTestLarge.idl\n'}
[1.055770] (px4_msgs) StdoutLine: {'line': b'-- Up-to-date: /home/mustardking/ws_sensor_combined/install/px4_msgs/share/px4_msgs/msg/OrbTestMedium.idl\n'}
[1.055793] (px4_msgs) StdoutLine: {'line': b'-- Up-to-date: /home/mustardking/ws_sensor_combined/install/px4_msgs/share/px4_msgs/msg/OrbitStatus.idl\n'}
[1.055815] (px4_msgs) StdoutLine: {'line': b'-- Up-to-date: /home/mustardking/ws_sensor_combined/install/px4_msgs/share/px4_msgs/msg/ParameterResetRequest.idl\n'}
[1.055837] (px4_msgs) StdoutLine: {'line': b'-- Up-to-date: /home/mustardking/ws_sensor_combined/install/px4_msgs/share/px4_msgs/msg/ParameterSetUsedRequest.idl\n'}
[1.055860] (px4_msgs) StdoutLine: {'line': b'-- Up-to-date: /home/mustardking/ws_sensor_combined/install/px4_msgs/share/px4_msgs/msg/ParameterSetValueRequest.idl\n'}
[1.055882] (px4_msgs) StdoutLine: {'line': b'-- Up-to-date: /home/mustardking/ws_sensor_combined/install/px4_msgs/share/px4_msgs/msg/ParameterSetValueResponse.idl\n'}
[1.055940] (px4_msgs) StdoutLine: {'line': b'-- Up-to-date: /home/mustardking/ws_sensor_combined/install/px4_msgs/share/px4_msgs/msg/ParameterUpdate.idl\n'}
[1.055975] (px4_msgs) StdoutLine: {'line': b'-- Up-to-date: /home/mustardking/ws_sensor_combined/install/px4_msgs/share/px4_msgs/msg/Ping.idl\n'}
[1.055998] (px4_msgs) StdoutLine: {'line': b'-- Up-to-date: /home/mustardking/ws_sensor_combined/install/px4_msgs/share/px4_msgs/msg/PositionControllerLandingStatus.idl\n'}
[1.056020] (px4_msgs) StdoutLine: {'line': b'-- Up-to-date: /home/mustardking/ws_sensor_combined/install/px4_msgs/share/px4_msgs/msg/PositionControllerStatus.idl\n'}
[1.056042] (px4_msgs) StdoutLine: {'line': b'-- Up-to-date: /home/mustardking/ws_sensor_combined/install/px4_msgs/share/px4_msgs/msg/PositionSetpoint.idl\n'}
[1.056078] (px4_msgs) StdoutLine: {'line': b'-- Up-to-date: /home/mustardking/ws_sensor_combined/install/px4_msgs/share/px4_msgs/msg/PositionSetpointTriplet.idl\n'}
[1.056102] (px4_msgs) StdoutLine: {'line': b'-- Up-to-date: /home/mustardking/ws_sensor_combined/install/px4_msgs/share/px4_msgs/msg/PowerButtonState.idl\n'}
[1.056124] (px4_msgs) StdoutLine: {'line': b'-- Up-to-date: /home/mustardking/ws_sensor_combined/install/px4_msgs/share/px4_msgs/msg/PowerMonitor.idl\n'}
[1.056146] (px4_msgs) StdoutLine: {'line': b'-- Up-to-date: /home/mustardking/ws_sensor_combined/install/px4_msgs/share/px4_msgs/msg/PpsCapture.idl\n'}
[1.056175] (px4_msgs) StdoutLine: {'line': b'-- Up-to-date: /home/mustardking/ws_sensor_combined/install/px4_msgs/share/px4_msgs/msg/PurePursuitStatus.idl\n'}
[1.056227] (px4_msgs) StdoutLine: {'line': b'-- Up-to-date: /home/mustardking/ws_sensor_combined/install/px4_msgs/share/px4_msgs/msg/PwmInput.idl\n'}
[1.056250] (px4_msgs) StdoutLine: {'line': b'-- Up-to-date: /home/mustardking/ws_sensor_combined/install/px4_msgs/share/px4_msgs/msg/Px4ioStatus.idl\n'}
[1.056272] (px4_msgs) StdoutLine: {'line': b'-- Up-to-date: /home/mustardking/ws_sensor_combined/install/px4_msgs/share/px4_msgs/msg/QshellReq.idl\n'}
[1.056294] (px4_msgs) StdoutLine: {'line': b'-- Up-to-date: /home/mustardking/ws_sensor_combined/install/px4_msgs/share/px4_msgs/msg/QshellRetval.idl\n'}
[1.056316] (px4_msgs) StdoutLine: {'line': b'-- Up-to-date: /home/mustardking/ws_sensor_combined/install/px4_msgs/share/px4_msgs/msg/RadioStatus.idl\n'}
[1.056338] (px4_msgs) StdoutLine: {'line': b'-- Up-to-date: /home/mustardking/ws_sensor_combined/install/px4_msgs/share/px4_msgs/msg/RateCtrlStatus.idl\n'}
[1.056360] (px4_msgs) StdoutLine: {'line': b'-- Up-to-date: /home/mustardking/ws_sensor_combined/install/px4_msgs/share/px4_msgs/msg/RcChannels.idl\n'}
[1.056409] (px4_msgs) StdoutLine: {'line': b'-- Up-to-date: /home/mustardking/ws_sensor_combined/install/px4_msgs/share/px4_msgs/msg/RcParameterMap.idl\n'}
[1.056432] (px4_msgs) StdoutLine: {'line': b'-- Up-to-date: /home/mustardking/ws_sensor_combined/install/px4_msgs/share/px4_msgs/msg/RegisterExtComponentReply.idl\n'}
[1.056454] (px4_msgs) StdoutLine: {'line': b'-- Up-to-date: /home/mustardking/ws_sensor_combined/install/px4_msgs/share/px4_msgs/msg/RegisterExtComponentRequest.idl\n'}
[1.056476] (px4_msgs) StdoutLine: {'line': b'-- Up-to-date: /home/mustardking/ws_sensor_combined/install/px4_msgs/share/px4_msgs/msg/RoverAttitudeSetpoint.idl\n'}
[1.056498] (px4_msgs) StdoutLine: {'line': b'-- Up-to-date: /home/mustardking/ws_sensor_combined/install/px4_msgs/share/px4_msgs/msg/RoverAttitudeStatus.idl\n'}
[1.056535] (px4_msgs) StdoutLine: {'line': b'-- Up-to-date: /home/mustardking/ws_sensor_combined/install/px4_msgs/share/px4_msgs/msg/RoverPositionSetpoint.idl\n'}
[1.056557] (px4_msgs) StdoutLine: {'line': b'-- Up-to-date: /home/mustardking/ws_sensor_combined/install/px4_msgs/share/px4_msgs/msg/RoverRateSetpoint.idl\n'}
[1.056579] (px4_msgs) StdoutLine: {'line': b'-- Up-to-date: /home/mustardking/ws_sensor_combined/install/px4_msgs/share/px4_msgs/msg/RoverRateStatus.idl\n'}
[1.056602] (px4_msgs) StdoutLine: {'line': b'-- Up-to-date: /home/mustardking/ws_sensor_combined/install/px4_msgs/share/px4_msgs/msg/RoverSpeedSetpoint.idl\n'}
[1.056624] (px4_msgs) StdoutLine: {'line': b'-- Up-to-date: /home/mustardking/ws_sensor_combined/install/px4_msgs/share/px4_msgs/msg/RoverSpeedStatus.idl\n'}
[1.056647] (px4_msgs) StdoutLine: {'line': b'-- Up-to-date: /home/mustardking/ws_sensor_combined/install/px4_msgs/share/px4_msgs/msg/RoverSteeringSetpoint.idl\n'}
[1.056689] (px4_msgs) StdoutLine: {'line': b'-- Up-to-date: /home/mustardking/ws_sensor_combined/install/px4_msgs/share/px4_msgs/msg/RoverThrottleSetpoint.idl\n'}
[1.056719] (px4_msgs) StdoutLine: {'line': b'-- Up-to-date: /home/mustardking/ws_sensor_combined/install/px4_msgs/share/px4_msgs/msg/Rpm.idl\n'}
[1.056741] (px4_msgs) StdoutLine: {'line': b'-- Up-to-date: /home/mustardking/ws_sensor_combined/install/px4_msgs/share/px4_msgs/msg/RtlStatus.idl\n'}
[1.056763] (px4_msgs) StdoutLine: {'line': b'-- Up-to-date: /home/mustardking/ws_sensor_combined/install/px4_msgs/share/px4_msgs/msg/RtlTimeEstimate.idl\n'}
[1.056785] (px4_msgs) StdoutLine: {'line': b'-- Up-to-date: /home/mustardking/ws_sensor_combined/install/px4_msgs/share/px4_msgs/msg/SatelliteInfo.idl\n'}
[1.056830] (px4_msgs) StdoutLine: {'line': b'-- Up-to-date: /home/mustardking/ws_sensor_combined/install/px4_msgs/share/px4_msgs/msg/SensorAccel.idl\n'}
[1.056929] (px4_msgs) StdoutLine: {'line': b'-- Up-to-date: /home/mustardking/ws_sensor_combined/install/px4_msgs/share/px4_msgs/msg/SensorAccelFifo.idl\n'}
[1.056960] (px4_msgs) StdoutLine: {'line': b'-- Up-to-date: /home/mustardking/ws_sensor_combined/install/px4_msgs/share/px4_msgs/msg/SensorAirflow.idl\n'}
[1.056986] (px4_msgs) StdoutLine: {'line': b'-- Up-to-date: /home/mustardking/ws_sensor_combined/install/px4_msgs/share/px4_msgs/msg/SensorBaro.idl\n'}
[1.057009] (px4_msgs) StdoutLine: {'line': b'-- Up-to-date: /home/mustardking/ws_sensor_combined/install/px4_msgs/share/px4_msgs/msg/SensorCombined.idl\n'}
[1.057032] (px4_msgs) StdoutLine: {'line': b'-- Up-to-date: /home/mustardking/ws_sensor_combined/install/px4_msgs/share/px4_msgs/msg/SensorCorrection.idl\n'}
[1.057086] (px4_msgs) StdoutLine: {'line': b'-- Up-to-date: /home/mustardking/ws_sensor_combined/install/px4_msgs/share/px4_msgs/msg/SensorGnssRelative.idl\n'}
[1.057109] (px4_msgs) StdoutLine: {'line': b'-- Up-to-date: /home/mustardking/ws_sensor_combined/install/px4_msgs/share/px4_msgs/msg/SensorGnssStatus.idl\n'}
[1.057132] (px4_msgs) StdoutLine: {'line': b'-- Up-to-date: /home/mustardking/ws_sensor_combined/install/px4_msgs/share/px4_msgs/msg/SensorGps.idl\n'}
[1.057154] (px4_msgs) StdoutLine: {'line': b'-- Up-to-date: /home/mustardking/ws_sensor_combined/install/px4_msgs/share/px4_msgs/msg/SensorGyro.idl\n'}
[1.057189] (px4_msgs) StdoutLine: {'line': b'-- Up-to-date: /home/mustardking/ws_sensor_combined/install/px4_msgs/share/px4_msgs/msg/SensorGyroFft.idl\n'}
[1.057219] (px4_msgs) StdoutLine: {'line': b'-- Up-to-date: /home/mustardking/ws_sensor_combined/install/px4_msgs/share/px4_msgs/msg/SensorGyroFifo.idl\n'}
[1.057243] (px4_msgs) StdoutLine: {'line': b'-- Up-to-date: /home/mustardking/ws_sensor_combined/install/px4_msgs/share/px4_msgs/msg/SensorHygrometer.idl\n'}
[1.057265] (px4_msgs) StdoutLine: {'line': b'-- Up-to-date: /home/mustardking/ws_sensor_combined/install/px4_msgs/share/px4_msgs/msg/SensorMag.idl\n'}
[1.057287] (px4_msgs) StdoutLine: {'line': b'-- Up-to-date: /home/mustardking/ws_sensor_combined/install/px4_msgs/share/px4_msgs/msg/SensorOpticalFlow.idl\n'}
[1.057312] (px4_msgs) StdoutLine: {'line': b'-- Up-to-date: /home/mustardking/ws_sensor_combined/install/px4_msgs/share/px4_msgs/msg/SensorPreflightMag.idl\n'}
[1.057333] (px4_msgs) StdoutLine: {'line': b'-- Up-to-date: /home/mustardking/ws_sensor_combined/install/px4_msgs/share/px4_msgs/msg/SensorSelection.idl\n'}
[1.057388] (px4_msgs) StdoutLine: {'line': b'-- Up-to-date: /home/mustardking/ws_sensor_combined/install/px4_msgs/share/px4_msgs/msg/SensorUwb.idl\n'}
[1.057411] (px4_msgs) StdoutLine: {'line': b'-- Up-to-date: /home/mustardking/ws_sensor_combined/install/px4_msgs/share/px4_msgs/msg/SensorsStatus.idl\n'}
[1.057434] (px4_msgs) StdoutLine: {'line': b'-- Up-to-date: /home/mustardking/ws_sensor_combined/install/px4_msgs/share/px4_msgs/msg/SensorsStatusImu.idl\n'}
[1.057457] (px4_msgs) StdoutLine: {'line': b'-- Up-to-date: /home/mustardking/ws_sensor_combined/install/px4_msgs/share/px4_msgs/msg/SystemPower.idl\n'}
[1.057499] (px4_msgs) StdoutLine: {'line': b'-- Up-to-date: /home/mustardking/ws_sensor_combined/install/px4_msgs/share/px4_msgs/msg/TakeoffStatus.idl\n'}
[1.057522] (px4_msgs) StdoutLine: {'line': b'-- Up-to-date: /home/mustardking/ws_sensor_combined/install/px4_msgs/share/px4_msgs/msg/TaskStackInfo.idl\n'}
[1.057544] (px4_msgs) StdoutLine: {'line': b'-- Up-to-date: /home/mustardking/ws_sensor_combined/install/px4_msgs/share/px4_msgs/msg/TecsStatus.idl\n'}
[1.057567] (px4_msgs) StdoutLine: {'line': b'-- Up-to-date: /home/mustardking/ws_sensor_combined/install/px4_msgs/share/px4_msgs/msg/TelemetryStatus.idl\n'}
[1.057589] (px4_msgs) StdoutLine: {'line': b'-- Up-to-date: /home/mustardking/ws_sensor_combined/install/px4_msgs/share/px4_msgs/msg/TiltrotorExtraControls.idl\n'}
[1.057612] (px4_msgs) StdoutLine: {'line': b'-- Up-to-date: /home/mustardking/ws_sensor_combined/install/px4_msgs/share/px4_msgs/msg/TimesyncStatus.idl\n'}
[1.057646] (px4_msgs) StdoutLine: {'line': b'-- Up-to-date: /home/mustardking/ws_sensor_combined/install/px4_msgs/share/px4_msgs/msg/TrajectorySetpoint.idl\n'}
[1.057693] (px4_msgs) StdoutLine: {'line': b'-- Up-to-date: /home/mustardking/ws_sensor_combined/install/px4_msgs/share/px4_msgs/msg/TrajectorySetpoint6dof.idl\n'}
[1.057718] (px4_msgs) StdoutLine: {'line': b'-- Up-to-date: /home/mustardking/ws_sensor_combined/install/px4_msgs/share/px4_msgs/msg/TransponderReport.idl\n'}
[1.057740] (px4_msgs) StdoutLine: {'line': b'-- Up-to-date: /home/mustardking/ws_sensor_combined/install/px4_msgs/share/px4_msgs/msg/TuneControl.idl\n'}
[1.057763] (px4_msgs) StdoutLine: {'line': b'-- Up-to-date: /home/mustardking/ws_sensor_combined/install/px4_msgs/share/px4_msgs/msg/UavcanParameterRequest.idl\n'}
[1.057805] (px4_msgs) StdoutLine: {'line': b'-- Up-to-date: /home/mustardking/ws_sensor_combined/install/px4_msgs/share/px4_msgs/msg/UavcanParameterValue.idl\n'}
[1.057827] (px4_msgs) StdoutLine: {'line': b'-- Up-to-date: /home/mustardking/ws_sensor_combined/install/px4_msgs/share/px4_msgs/msg/UlogStream.idl\n'}
[1.057850] (px4_msgs) StdoutLine: {'line': b'-- Up-to-date: /home/mustardking/ws_sensor_combined/install/px4_msgs/share/px4_msgs/msg/UlogStreamAck.idl\n'}
[1.057872] (px4_msgs) StdoutLine: {'line': b'-- Up-to-date: /home/mustardking/ws_sensor_combined/install/px4_msgs/share/px4_msgs/msg/UnregisterExtComponent.idl\n'}
[1.057895] (px4_msgs) StdoutLine: {'line': b'-- Up-to-date: /home/mustardking/ws_sensor_combined/install/px4_msgs/share/px4_msgs/msg/VehicleAcceleration.idl\n'}
[1.057917] (px4_msgs) StdoutLine: {'line': b'-- Up-to-date: /home/mustardking/ws_sensor_combined/install/px4_msgs/share/px4_msgs/msg/VehicleAirData.idl\n'}
[1.057950] (px4_msgs) StdoutLine: {'line': b'-- Up-to-date: /home/mustardking/ws_sensor_combined/install/px4_msgs/share/px4_msgs/msg/VehicleAngularAccelerationSetpoint.idl\n'}
[1.057982] (px4_msgs) StdoutLine: {'line': b'-- Up-to-date: /home/mustardking/ws_sensor_combined/install/px4_msgs/share/px4_msgs/msg/VehicleAngularVelocity.idl\n'}
[1.058004] (px4_msgs) StdoutLine: {'line': b'-- Up-to-date: /home/mustardking/ws_sensor_combined/install/px4_msgs/share/px4_msgs/msg/VehicleAttitude.idl\n'}
[1.058027] (px4_msgs) StdoutLine: {'line': b'-- Up-to-date: /home/mustardking/ws_sensor_combined/install/px4_msgs/share/px4_msgs/msg/VehicleAttitudeSetpoint.idl\n'}
[1.058049] (px4_msgs) StdoutLine: {'line': b'-- Up-to-date: /home/mustardking/ws_sensor_combined/install/px4_msgs/share/px4_msgs/msg/VehicleCommand.idl\n'}
[1.058071] (px4_msgs) StdoutLine: {'line': b'-- Up-to-date: /home/mustardking/ws_sensor_combined/install/px4_msgs/share/px4_msgs/msg/VehicleCommandAck.idl\n'}
[1.058108] (px4_msgs) StdoutLine: {'line': b'-- Up-to-date: /home/mustardking/ws_sensor_combined/install/px4_msgs/share/px4_msgs/msg/VehicleConstraints.idl\n'}
[1.058130] (px4_msgs) StdoutLine: {'line': b'-- Up-to-date: /home/mustardking/ws_sensor_combined/install/px4_msgs/share/px4_msgs/msg/VehicleControlMode.idl\n'}
[1.058155] (px4_msgs) StdoutLine: {'line': b'-- Up-to-date: /home/mustardking/ws_sensor_combined/install/px4_msgs/share/px4_msgs/msg/VehicleGlobalPosition.idl\n'}
[1.058177] (px4_msgs) StdoutLine: {'line': b'-- Up-to-date: /home/mustardking/ws_sensor_combined/install/px4_msgs/share/px4_msgs/msg/VehicleImu.idl\n'}
[1.058200] (px4_msgs) StdoutLine: {'line': b'-- Up-to-date: /home/mustardking/ws_sensor_combined/install/px4_msgs/share/px4_msgs/msg/VehicleImuStatus.idl\n'}
[1.058222] (px4_msgs) StdoutLine: {'line': b'-- Up-to-date: /home/mustardking/ws_sensor_combined/install/px4_msgs/share/px4_msgs/msg/VehicleLandDetected.idl\n'}
[1.058276] (px4_msgs) StdoutLine: {'line': b'-- Up-to-date: /home/mustardking/ws_sensor_combined/install/px4_msgs/share/px4_msgs/msg/VehicleLocalPosition.idl\n'}
[1.058300] (px4_msgs) StdoutLine: {'line': b'-- Up-to-date: /home/mustardking/ws_sensor_combined/install/px4_msgs/share/px4_msgs/msg/VehicleLocalPositionSetpoint.idl\n'}
[1.058327] (px4_msgs) StdoutLine: {'line': b'-- Up-to-date: /home/mustardking/ws_sensor_combined/install/px4_msgs/share/px4_msgs/msg/VehicleMagnetometer.idl\n'}
[1.058350] (px4_msgs) StdoutLine: {'line': b'-- Up-to-date: /home/mustardking/ws_sensor_combined/install/px4_msgs/share/px4_msgs/msg/VehicleOdometry.idl\n'}
[1.058372] (px4_msgs) StdoutLine: {'line': b'-- Up-to-date: /home/mustardking/ws_sensor_combined/install/px4_msgs/share/px4_msgs/msg/VehicleOpticalFlow.idl\n'}
[1.058429] (px4_msgs) StdoutLine: {'line': b'-- Up-to-date: /home/mustardking/ws_sensor_combined/install/px4_msgs/share/px4_msgs/msg/VehicleOpticalFlowVel.idl\n'}
[1.058453] (px4_msgs) StdoutLine: {'line': b'-- Up-to-date: /home/mustardking/ws_sensor_combined/install/px4_msgs/share/px4_msgs/msg/VehicleRatesSetpoint.idl\n'}
[1.058475] (px4_msgs) StdoutLine: {'line': b'-- Up-to-date: /home/mustardking/ws_sensor_combined/install/px4_msgs/share/px4_msgs/msg/VehicleRoi.idl\n'}
[1.058497] (px4_msgs) StdoutLine: {'line': b'-- Up-to-date: /home/mustardking/ws_sensor_combined/install/px4_msgs/share/px4_msgs/msg/VehicleStatus.idl\n'}
[1.058519] (px4_msgs) StdoutLine: {'line': b'-- Up-to-date: /home/mustardking/ws_sensor_combined/install/px4_msgs/share/px4_msgs/msg/VehicleThrustSetpoint.idl\n'}
[1.058542] (px4_msgs) StdoutLine: {'line': b'-- Up-to-date: /home/mustardking/ws_sensor_combined/install/px4_msgs/share/px4_msgs/msg/VehicleTorqueSetpoint.idl\n'}
[1.058582] (px4_msgs) StdoutLine: {'line': b'-- Up-to-date: /home/mustardking/ws_sensor_combined/install/px4_msgs/share/px4_msgs/msg/VelocityLimits.idl\n'}
[1.058604] (px4_msgs) StdoutLine: {'line': b'-- Up-to-date: /home/mustardking/ws_sensor_combined/install/px4_msgs/share/px4_msgs/msg/VtolVehicleStatus.idl\n'}
[1.058626] (px4_msgs) StdoutLine: {'line': b'-- Up-to-date: /home/mustardking/ws_sensor_combined/install/px4_msgs/share/px4_msgs/msg/WheelEncoders.idl\n'}
[1.058648] (px4_msgs) StdoutLine: {'line': b'-- Up-to-date: /home/mustardking/ws_sensor_combined/install/px4_msgs/share/px4_msgs/msg/Wind.idl\n'}
[1.058669] (px4_msgs) StdoutLine: {'line': b'-- Up-to-date: /home/mustardking/ws_sensor_combined/install/px4_msgs/share/px4_msgs/msg/YawEstimatorStatus.idl\n'}
[1.058728] (px4_msgs) StdoutLine: {'line': b'-- Up-to-date: /home/mustardking/ws_sensor_combined/install/px4_msgs/share/px4_msgs/srv/VehicleCommand.idl\n'}
[1.058753] (px4_msgs) StdoutLine: {'line': b'-- Up-to-date: /home/mustardking/ws_sensor_combined/install/px4_msgs/share/px4_msgs/msg/ActionRequest.msg\n'}
[1.058775] (px4_msgs) StdoutLine: {'line': b'-- Up-to-date: /home/mustardking/ws_sensor_combined/install/px4_msgs/share/px4_msgs/msg/ActuatorArmed.msg\n'}
[1.058798] (px4_msgs) StdoutLine: {'line': b'-- Up-to-date: /home/mustardking/ws_sensor_combined/install/px4_msgs/share/px4_msgs/msg/ActuatorControlsStatus.msg\n'}
[1.058821] (px4_msgs) StdoutLine: {'line': b'-- Up-to-date: /home/mustardking/ws_sensor_combined/install/px4_msgs/share/px4_msgs/msg/ActuatorMotors.msg\n'}
[1.058844] (px4_msgs) StdoutLine: {'line': b'-- Up-to-date: /home/mustardking/ws_sensor_combined/install/px4_msgs/share/px4_msgs/msg/ActuatorOutputs.msg\n'}
[1.058893] (px4_msgs) StdoutLine: {'line': b'-- Up-to-date: /home/mustardking/ws_sensor_combined/install/px4_msgs/share/px4_msgs/msg/ActuatorServos.msg\n'}
[1.058916] (px4_msgs) StdoutLine: {'line': b'-- Up-to-date: /home/mustardking/ws_sensor_combined/install/px4_msgs/share/px4_msgs/msg/ActuatorServosTrim.msg\n'}
[1.058939] (px4_msgs) StdoutLine: {'line': b'-- Up-to-date: /home/mustardking/ws_sensor_combined/install/px4_msgs/share/px4_msgs/msg/ActuatorTest.msg\n'}
[1.058961] (px4_msgs) StdoutLine: {'line': b'-- Up-to-date: /home/mustardking/ws_sensor_combined/install/px4_msgs/share/px4_msgs/msg/AdcReport.msg\n'}
[1.058983] (px4_msgs) StdoutLine: {'line': b'-- Up-to-date: /home/mustardking/ws_sensor_combined/install/px4_msgs/share/px4_msgs/msg/Airspeed.msg\n'}
[1.059025] (px4_msgs) StdoutLine: {'line': b'-- Up-to-date: /home/mustardking/ws_sensor_combined/install/px4_msgs/share/px4_msgs/msg/AirspeedValidated.msg\n'}
[1.059048] (px4_msgs) StdoutLine: {'line': b'-- Up-to-date: /home/mustardking/ws_sensor_combined/install/px4_msgs/share/px4_msgs/msg/AirspeedWind.msg\n'}
[1.059071] (px4_msgs) StdoutLine: {'line': b'-- Up-to-date: /home/mustardking/ws_sensor_combined/install/px4_msgs/share/px4_msgs/msg/ArmingCheckReply.msg\n'}
[1.059093] (px4_msgs) StdoutLine: {'line': b'-- Up-to-date: /home/mustardking/ws_sensor_combined/install/px4_msgs/share/px4_msgs/msg/ArmingCheckRequest.msg\n'}
[1.059131] (px4_msgs) StdoutLine: {'line': b'-- Up-to-date: /home/mustardking/ws_sensor_combined/install/px4_msgs/share/px4_msgs/msg/AutotuneAttitudeControlStatus.msg\n'}
[1.059161] (px4_msgs) StdoutLine: {'line': b'-- Up-to-date: /home/mustardking/ws_sensor_combined/install/px4_msgs/share/px4_msgs/msg/BatteryInfo.msg\n'}
[1.059184] (px4_msgs) StdoutLine: {'line': b'-- Up-to-date: /home/mustardking/ws_sensor_combined/install/px4_msgs/share/px4_msgs/msg/BatteryStatus.msg\n'}
[1.059206] (px4_msgs) StdoutLine: {'line': b'-- Up-to-date: /home/mustardking/ws_sensor_combined/install/px4_msgs/share/px4_msgs/msg/ButtonEvent.msg\n'}
[1.059243] (px4_msgs) StdoutLine: {'line': b'-- Up-to-date: /home/mustardking/ws_sensor_combined/install/px4_msgs/share/px4_msgs/msg/CameraCapture.msg\n'}
[1.059273] (px4_msgs) StdoutLine: {'line': b'-- Up-to-date: /home/mustardking/ws_sensor_combined/install/px4_msgs/share/px4_msgs/msg/CameraStatus.msg\n'}
[1.059296] (px4_msgs) StdoutLine: {'line': b'-- Up-to-date: /home/mustardking/ws_sensor_combined/install/px4_msgs/share/px4_msgs/msg/CameraTrigger.msg\n'}
[1.059318] (px4_msgs) StdoutLine: {'line': b'-- Up-to-date: /home/mustardking/ws_sensor_combined/install/px4_msgs/share/px4_msgs/msg/CanInterfaceStatus.msg\n'}
[1.059353] (px4_msgs) StdoutLine: {'line': b'-- Up-to-date: /home/mustardking/ws_sensor_combined/install/px4_msgs/share/px4_msgs/msg/CellularStatus.msg\n'}
[1.059387] (px4_msgs) StdoutLine: {'line': b'-- Up-to-date: /home/mustardking/ws_sensor_combined/install/px4_msgs/share/px4_msgs/msg/CollisionConstraints.msg\n'}
[1.059410] (px4_msgs) StdoutLine: {'line': b'-- Up-to-date: /home/mustardking/ws_sensor_combined/install/px4_msgs/share/px4_msgs/msg/ConfigOverrides.msg\n'}
[1.059432] (px4_msgs) StdoutLine: {'line': b'-- Up-to-date: /home/mustardking/ws_sensor_combined/install/px4_msgs/share/px4_msgs/msg/ControlAllocatorStatus.msg\n'}
[1.059455] (px4_msgs) StdoutLine: {'line': b'-- Up-to-date: /home/mustardking/ws_sensor_combined/install/px4_msgs/share/px4_msgs/msg/Cpuload.msg\n'}
[1.059488] (px4_msgs) StdoutLine: {'line': b'-- Up-to-date: /home/mustardking/ws_sensor_combined/install/px4_msgs/share/px4_msgs/msg/DatamanRequest.msg\n'}
[1.059518] (px4_msgs) StdoutLine: {'line': b'-- Up-to-date: /home/mustardking/ws_sensor_combined/install/px4_msgs/share/px4_msgs/msg/DatamanResponse.msg\n'}
[1.059541] (px4_msgs) StdoutLine: {'line': b'-- Up-to-date: /home/mustardking/ws_sensor_combined/install/px4_msgs/share/px4_msgs/msg/DebugArray.msg\n'}
[1.059564] (px4_msgs) StdoutLine: {'line': b'-- Up-to-date: /home/mustardking/ws_sensor_combined/install/px4_msgs/share/px4_msgs/msg/DebugKeyValue.msg\n'}
[1.059587] (px4_msgs) StdoutLine: {'line': b'-- Up-to-date: /home/mustardking/ws_sensor_combined/install/px4_msgs/share/px4_msgs/msg/DebugValue.msg\n'}
[1.059618] (px4_msgs) StdoutLine: {'line': b'-- Up-to-date: /home/mustardking/ws_sensor_combined/install/px4_msgs/share/px4_msgs/msg/DebugVect.msg\n'}
[1.059643] (px4_msgs) StdoutLine: {'line': b'-- Up-to-date: /home/mustardking/ws_sensor_combined/install/px4_msgs/share/px4_msgs/msg/DifferentialPressure.msg\n'}
[1.059689] (px4_msgs) StdoutLine: {'line': b'-- Up-to-date: /home/mustardking/ws_sensor_combined/install/px4_msgs/share/px4_msgs/msg/DistanceSensor.msg\n'}
[1.059712] (px4_msgs) StdoutLine: {'line': b'-- Up-to-date: /home/mustardking/ws_sensor_combined/install/px4_msgs/share/px4_msgs/msg/DistanceSensorModeChangeRequest.msg\n'}
[1.059735] (px4_msgs) StdoutLine: {'line': b'-- Up-to-date: /home/mustardking/ws_sensor_combined/install/px4_msgs/share/px4_msgs/msg/DronecanNodeStatus.msg\n'}
[1.059757] (px4_msgs) StdoutLine: {'line': b'-- Up-to-date: /home/mustardking/ws_sensor_combined/install/px4_msgs/share/px4_msgs/msg/Ekf2Timestamps.msg\n'}
[1.059780] (px4_msgs) StdoutLine: {'line': b'-- Up-to-date: /home/mustardking/ws_sensor_combined/install/px4_msgs/share/px4_msgs/msg/EscReport.msg\n'}
[1.059802] (px4_msgs) StdoutLine: {'line': b'-- Up-to-date: /home/mustardking/ws_sensor_combined/install/px4_msgs/share/px4_msgs/msg/EscStatus.msg\n'}
[1.059827] (px4_msgs) StdoutLine: {'line': b'-- Up-to-date: /home/mustardking/ws_sensor_combined/install/px4_msgs/share/px4_msgs/msg/EstimatorAidSource1d.msg\n'}
[1.059865] (px4_msgs) StdoutLine: {'line': b'-- Up-to-date: /home/mustardking/ws_sensor_combined/install/px4_msgs/share/px4_msgs/msg/EstimatorAidSource2d.msg\n'}
[1.059888] (px4_msgs) StdoutLine: {'line': b'-- Up-to-date: /home/mustardking/ws_sensor_combined/install/px4_msgs/share/px4_msgs/msg/EstimatorAidSource3d.msg\n'}
[1.059910] (px4_msgs) StdoutLine: {'line': b'-- Up-to-date: /home/mustardking/ws_sensor_combined/install/px4_msgs/share/px4_msgs/msg/EstimatorBias.msg\n'}
[1.059933] (px4_msgs) StdoutLine: {'line': b'-- Up-to-date: /home/mustardking/ws_sensor_combined/install/px4_msgs/share/px4_msgs/msg/EstimatorBias3d.msg\n'}
[1.059955] (px4_msgs) StdoutLine: {'line': b'-- Up-to-date: /home/mustardking/ws_sensor_combined/install/px4_msgs/share/px4_msgs/msg/EstimatorEventFlags.msg\n'}
[1.059978] (px4_msgs) StdoutLine: {'line': b'-- Up-to-date: /home/mustardking/ws_sensor_combined/install/px4_msgs/share/px4_msgs/msg/EstimatorGpsStatus.msg\n'}
[1.060000] (px4_msgs) StdoutLine: {'line': b'-- Up-to-date: /home/mustardking/ws_sensor_combined/install/px4_msgs/share/px4_msgs/msg/EstimatorInnovations.msg\n'}
[1.060044] (px4_msgs) StdoutLine: {'line': b'-- Up-to-date: /home/mustardking/ws_sensor_combined/install/px4_msgs/share/px4_msgs/msg/EstimatorSelectorStatus.msg\n'}
[1.060068] (px4_msgs) StdoutLine: {'line': b'-- Up-to-date: /home/mustardking/ws_sensor_combined/install/px4_msgs/share/px4_msgs/msg/EstimatorSensorBias.msg\n'}
[1.060091] (px4_msgs) StdoutLine: {'line': b'-- Up-to-date: /home/mustardking/ws_sensor_combined/install/px4_msgs/share/px4_msgs/msg/EstimatorStates.msg\n'}
[1.060113] (px4_msgs) StdoutLine: {'line': b'-- Up-to-date: /home/mustardking/ws_sensor_combined/install/px4_msgs/share/px4_msgs/msg/EstimatorStatus.msg\n'}
[1.060136] (px4_msgs) StdoutLine: {'line': b'-- Up-to-date: /home/mustardking/ws_sensor_combined/install/px4_msgs/share/px4_msgs/msg/EstimatorStatusFlags.msg\n'}
[1.060177] (px4_msgs) StdoutLine: {'line': b'-- Up-to-date: /home/mustardking/ws_sensor_combined/install/px4_msgs/share/px4_msgs/msg/Event.msg\n'}
[1.060200] (px4_msgs) StdoutLine: {'line': b'-- Up-to-date: /home/mustardking/ws_sensor_combined/install/px4_msgs/share/px4_msgs/msg/FailsafeFlags.msg\n'}
[1.060222] (px4_msgs) StdoutLine: {'line': b'-- Up-to-date: /home/mustardking/ws_sensor_combined/install/px4_msgs/share/px4_msgs/msg/FailureDetectorStatus.msg\n'}
[1.060244] (px4_msgs) StdoutLine: {'line': b'-- Up-to-date: /home/mustardking/ws_sensor_combined/install/px4_msgs/share/px4_msgs/msg/FigureEightStatus.msg\n'}
[1.060267] (px4_msgs) StdoutLine: {'line': b'-- Up-to-date: /home/mustardking/ws_sensor_combined/install/px4_msgs/share/px4_msgs/msg/FixedWingLateralGuidanceStatus.msg\n'}
[1.060289] (px4_msgs) StdoutLine: {'line': b'-- Up-to-date: /home/mustardking/ws_sensor_combined/install/px4_msgs/share/px4_msgs/msg/FixedWingLateralSetpoint.msg\n'}
[1.060340] (px4_msgs) StdoutLine: {'line': b'-- Up-to-date: /home/mustardking/ws_sensor_combined/install/px4_msgs/share/px4_msgs/msg/FixedWingLateralStatus.msg\n'}
[1.060372] (px4_msgs) StdoutLine: {'line': b'-- Up-to-date: /home/mustardking/ws_sensor_combined/install/px4_msgs/share/px4_msgs/msg/FixedWingLongitudinalSetpoint.msg\n'}
[1.060401] (px4_msgs) StdoutLine: {'line': b'-- Up-to-date: /home/mustardking/ws_sensor_combined/install/px4_msgs/share/px4_msgs/msg/FixedWingRunwayControl.msg\n'}
[1.060423] (px4_msgs) StdoutLine: {'line': b'-- Up-to-date: /home/mustardking/ws_sensor_combined/install/px4_msgs/share/px4_msgs/msg/FlightPhaseEstimation.msg\n'}
[1.060446] (px4_msgs) StdoutLine: {'line': b'-- Up-to-date: /home/mustardking/ws_sensor_combined/install/px4_msgs/share/px4_msgs/msg/FollowTarget.msg\n'}
[1.060486] (px4_msgs) StdoutLine: {'line': b'-- Up-to-date: /home/mustardking/ws_sensor_combined/install/px4_msgs/share/px4_msgs/msg/FollowTargetEstimator.msg\n'}
[1.060510] (px4_msgs) StdoutLine: {'line': b'-- Up-to-date: /home/mustardking/ws_sensor_combined/install/px4_msgs/share/px4_msgs/msg/FollowTargetStatus.msg\n'}
[1.060533] (px4_msgs) StdoutLine: {'line': b'-- Up-to-date: /home/mustardking/ws_sensor_combined/install/px4_msgs/share/px4_msgs/msg/FuelTankStatus.msg\n'}
[1.060555] (px4_msgs) StdoutLine: {'line': b'-- Up-to-date: /home/mustardking/ws_sensor_combined/install/px4_msgs/share/px4_msgs/msg/GeneratorStatus.msg\n'}
[1.060577] (px4_msgs) StdoutLine: {'line': b'-- Up-to-date: /home/mustardking/ws_sensor_combined/install/px4_msgs/share/px4_msgs/msg/GeofenceResult.msg\n'}
[1.060599] (px4_msgs) StdoutLine: {'line': b'-- Up-to-date: /home/mustardking/ws_sensor_combined/install/px4_msgs/share/px4_msgs/msg/GeofenceStatus.msg\n'}
[1.060622] (px4_msgs) StdoutLine: {'line': b'-- Up-to-date: /home/mustardking/ws_sensor_combined/install/px4_msgs/share/px4_msgs/msg/GimbalControls.msg\n'}
[1.060665] (px4_msgs) StdoutLine: {'line': b'-- Up-to-date: /home/mustardking/ws_sensor_combined/install/px4_msgs/share/px4_msgs/msg/GimbalDeviceAttitudeStatus.msg\n'}
[1.060689] (px4_msgs) StdoutLine: {'line': b'-- Up-to-date: /home/mustardking/ws_sensor_combined/install/px4_msgs/share/px4_msgs/msg/GimbalDeviceInformation.msg\n'}
[1.060711] (px4_msgs) StdoutLine: {'line': b'-- Up-to-date: /home/mustardking/ws_sensor_combined/install/px4_msgs/share/px4_msgs/msg/GimbalDeviceSetAttitude.msg\n'}
[1.060733] (px4_msgs) StdoutLine: {'line': b'-- Up-to-date: /home/mustardking/ws_sensor_combined/install/px4_msgs/share/px4_msgs/msg/GimbalManagerInformation.msg\n'}
[1.060756] (px4_msgs) StdoutLine: {'line': b'-- Up-to-date: /home/mustardking/ws_sensor_combined/install/px4_msgs/share/px4_msgs/msg/GimbalManagerSetAttitude.msg\n'}
[1.060790] (px4_msgs) StdoutLine: {'line': b'-- Up-to-date: /home/mustardking/ws_sensor_combined/install/px4_msgs/share/px4_msgs/msg/GimbalManagerSetManualControl.msg\n'}
[1.060820] (px4_msgs) StdoutLine: {'line': b'-- Up-to-date: /home/mustardking/ws_sensor_combined/install/px4_msgs/share/px4_msgs/msg/GimbalManagerStatus.msg\n'}
[1.060892] (px4_msgs) StdoutLine: {'line': b'-- Up-to-date: /home/mustardking/ws_sensor_combined/install/px4_msgs/share/px4_msgs/msg/GotoSetpoint.msg\n'}
[1.060929] (px4_msgs) StdoutLine: {'line': b'-- Up-to-date: /home/mustardking/ws_sensor_combined/install/px4_msgs/share/px4_msgs/msg/GpioConfig.msg\n'}
[1.060952] (px4_msgs) StdoutLine: {'line': b'-- Up-to-date: /home/mustardking/ws_sensor_combined/install/px4_msgs/share/px4_msgs/msg/GpioIn.msg\n'}
[1.060974] (px4_msgs) StdoutLine: {'line': b'-- Up-to-date: /home/mustardking/ws_sensor_combined/install/px4_msgs/share/px4_msgs/msg/GpioOut.msg\n'}
[1.060996] (px4_msgs) StdoutLine: {'line': b'-- Up-to-date: /home/mustardking/ws_sensor_combined/install/px4_msgs/share/px4_msgs/msg/GpioRequest.msg\n'}
[1.061038] (px4_msgs) StdoutLine: {'line': b'-- Up-to-date: /home/mustardking/ws_sensor_combined/install/px4_msgs/share/px4_msgs/msg/GpsDump.msg\n'}
[1.061078] (px4_msgs) StdoutLine: {'line': b'-- Up-to-date: /home/mustardking/ws_sensor_combined/install/px4_msgs/share/px4_msgs/msg/GpsInjectData.msg\n'}
[1.061101] (px4_msgs) StdoutLine: {'line': b'-- Up-to-date: /home/mustardking/ws_sensor_combined/install/px4_msgs/share/px4_msgs/msg/Gripper.msg\n'}
[1.061123] (px4_msgs) StdoutLine: {'line': b'-- Up-to-date: /home/mustardking/ws_sensor_combined/install/px4_msgs/share/px4_msgs/msg/HealthReport.msg\n'}
[1.061147] (px4_msgs) StdoutLine: {'line': b'-- Up-to-date: /home/mustardking/ws_sensor_combined/install/px4_msgs/share/px4_msgs/msg/HeaterStatus.msg\n'}
[1.061191] (px4_msgs) StdoutLine: {'line': b'-- Up-to-date: /home/mustardking/ws_sensor_combined/install/px4_msgs/share/px4_msgs/msg/HomePosition.msg\n'}
[1.061214] (px4_msgs) StdoutLine: {'line': b'-- Up-to-date: /home/mustardking/ws_sensor_combined/install/px4_msgs/share/px4_msgs/msg/HoverThrustEstimate.msg\n'}
[1.061236] (px4_msgs) StdoutLine: {'line': b'-- Up-to-date: /home/mustardking/ws_sensor_combined/install/px4_msgs/share/px4_msgs/msg/InputRc.msg\n'}
[1.061261] (px4_msgs) StdoutLine: {'line': b'-- Up-to-date: /home/mustardking/ws_sensor_combined/install/px4_msgs/share/px4_msgs/msg/InternalCombustionEngineControl.msg\n'}
[1.061283] (px4_msgs) StdoutLine: {'line': b'-- Up-to-date: /home/mustardking/ws_sensor_combined/install/px4_msgs/share/px4_msgs/msg/InternalCombustionEngineStatus.msg\n'}
[1.061306] (px4_msgs) StdoutLine: {'line': b'-- Up-to-date: /home/mustardking/ws_sensor_combined/install/px4_msgs/share/px4_msgs/msg/IridiumsbdStatus.msg\n'}
[1.061349] (px4_msgs) StdoutLine: {'line': b'-- Up-to-date: /home/mustardking/ws_sensor_combined/install/px4_msgs/share/px4_msgs/msg/IrlockReport.msg\n'}
[1.061372] (px4_msgs) StdoutLine: {'line': b'-- Up-to-date: /home/mustardking/ws_sensor_combined/install/px4_msgs/share/px4_msgs/msg/LandingGear.msg\n'}
[1.061394] (px4_msgs) StdoutLine: {'line': b'-- Up-to-date: /home/mustardking/ws_sensor_combined/install/px4_msgs/share/px4_msgs/msg/LandingGearWheel.msg\n'}
[1.061416] (px4_msgs) StdoutLine: {'line': b'-- Up-to-date: /home/mustardking/ws_sensor_combined/install/px4_msgs/share/px4_msgs/msg/LandingTargetInnovations.msg\n'}
[1.061482] (px4_msgs) StdoutLine: {'line': b'-- Up-to-date: /home/mustardking/ws_sensor_combined/install/px4_msgs/share/px4_msgs/msg/LandingTargetPose.msg\n'}
[1.061507] (px4_msgs) StdoutLine: {'line': b'-- Up-to-date: /home/mustardking/ws_sensor_combined/install/px4_msgs/share/px4_msgs/msg/LateralControlConfiguration.msg\n'}
[1.061530] (px4_msgs) StdoutLine: {'line': b'-- Up-to-date: /home/mustardking/ws_sensor_combined/install/px4_msgs/share/px4_msgs/msg/LaunchDetectionStatus.msg\n'}
[1.061552] (px4_msgs) StdoutLine: {'line': b'-- Up-to-date: /home/mustardking/ws_sensor_combined/install/px4_msgs/share/px4_msgs/msg/LedControl.msg\n'}
[1.061575] (px4_msgs) StdoutLine: {'line': b'-- Up-to-date: /home/mustardking/ws_sensor_combined/install/px4_msgs/share/px4_msgs/msg/LogMessage.msg\n'}
[1.061597] (px4_msgs) StdoutLine: {'line': b'-- Up-to-date: /home/mustardking/ws_sensor_combined/install/px4_msgs/share/px4_msgs/msg/LoggerStatus.msg\n'}
[1.061619] (px4_msgs) StdoutLine: {'line': b'-- Up-to-date: /home/mustardking/ws_sensor_combined/install/px4_msgs/share/px4_msgs/msg/LongitudinalControlConfiguration.msg\n'}
[1.061666] (px4_msgs) StdoutLine: {'line': b'-- Up-to-date: /home/mustardking/ws_sensor_combined/install/px4_msgs/share/px4_msgs/msg/MagWorkerData.msg\n'}
[1.061689] (px4_msgs) StdoutLine: {'line': b'-- Up-to-date: /home/mustardking/ws_sensor_combined/install/px4_msgs/share/px4_msgs/msg/MagnetometerBiasEstimate.msg\n'}
[1.061711] (px4_msgs) StdoutLine: {'line': b'-- Up-to-date: /home/mustardking/ws_sensor_combined/install/px4_msgs/share/px4_msgs/msg/ManualControlSetpoint.msg\n'}
[1.061733] (px4_msgs) StdoutLine: {'line': b'-- Up-to-date: /home/mustardking/ws_sensor_combined/install/px4_msgs/share/px4_msgs/msg/ManualControlSwitches.msg\n'}
[1.061767] (px4_msgs) StdoutLine: {'line': b'-- Up-to-date: /home/mustardking/ws_sensor_combined/install/px4_msgs/share/px4_msgs/msg/MavlinkLog.msg\n'}
[1.061797] (px4_msgs) StdoutLine: {'line': b'-- Up-to-date: /home/mustardking/ws_sensor_combined/install/px4_msgs/share/px4_msgs/msg/MavlinkTunnel.msg\n'}
[1.061819] (px4_msgs) StdoutLine: {'line': b'-- Up-to-date: /home/mustardking/ws_sensor_combined/install/px4_msgs/share/px4_msgs/msg/MessageFormatRequest.msg\n'}
[1.061841] (px4_msgs) StdoutLine: {'line': b'-- Up-to-date: /home/mustardking/ws_sensor_combined/install/px4_msgs/share/px4_msgs/msg/MessageFormatResponse.msg\n'}
[1.061864] (px4_msgs) StdoutLine: {'line': b'-- Up-to-date: /home/mustardking/ws_sensor_combined/install/px4_msgs/share/px4_msgs/msg/Mission.msg\n'}
[1.061886] (px4_msgs) StdoutLine: {'line': b'-- Up-to-date: /home/mustardking/ws_sensor_combined/install/px4_msgs/share/px4_msgs/msg/MissionResult.msg\n'}
[1.061908] (px4_msgs) StdoutLine: {'line': b'-- Up-to-date: /home/mustardking/ws_sensor_combined/install/px4_msgs/share/px4_msgs/msg/ModeCompleted.msg\n'}
[1.061961] (px4_msgs) StdoutLine: {'line': b'-- Up-to-date: /home/mustardking/ws_sensor_combined/install/px4_msgs/share/px4_msgs/msg/MountOrientation.msg\n'}
[1.061988] (px4_msgs) StdoutLine: {'line': b'-- Up-to-date: /home/mustardking/ws_sensor_combined/install/px4_msgs/share/px4_msgs/msg/NavigatorMissionItem.msg\n'}
[1.062012] (px4_msgs) StdoutLine: {'line': b'-- Up-to-date: /home/mustardking/ws_sensor_combined/install/px4_msgs/share/px4_msgs/msg/NavigatorStatus.msg\n'}
[1.062035] (px4_msgs) StdoutLine: {'line': b'-- Up-to-date: /home/mustardking/ws_sensor_combined/install/px4_msgs/share/px4_msgs/msg/NeuralControl.msg\n'}
[1.062086] (px4_msgs) StdoutLine: {'line': b'-- Up-to-date: /home/mustardking/ws_sensor_combined/install/px4_msgs/share/px4_msgs/msg/NormalizedUnsignedSetpoint.msg\n'}
[1.062109] (px4_msgs) StdoutLine: {'line': b'-- Up-to-date: /home/mustardking/ws_sensor_combined/install/px4_msgs/share/px4_msgs/msg/ObstacleDistance.msg\n'}
[1.062131] (px4_msgs) StdoutLine: {'line': b'-- Up-to-date: /home/mustardking/ws_sensor_combined/install/px4_msgs/share/px4_msgs/msg/OffboardControlMode.msg\n'}
[1.062155] (px4_msgs) StdoutLine: {'line': b'-- Up-to-date: /home/mustardking/ws_sensor_combined/install/px4_msgs/share/px4_msgs/msg/OnboardComputerStatus.msg\n'}
[1.062210] (px4_msgs) StdoutLine: {'line': b'-- Up-to-date: /home/mustardking/ws_sensor_combined/install/px4_msgs/share/px4_msgs/msg/OpenDroneIdArmStatus.msg\n'}
[1.062235] (px4_msgs) StdoutLine: {'line': b'-- Up-to-date: /home/mustardking/ws_sensor_combined/install/px4_msgs/share/px4_msgs/msg/OpenDroneIdOperatorId.msg\n'}
[1.062257] (px4_msgs) StdoutLine: {'line': b'-- Up-to-date: /home/mustardking/ws_sensor_combined/install/px4_msgs/share/px4_msgs/msg/OpenDroneIdSelfId.msg\n'}
[1.062280] (px4_msgs) StdoutLine: {'line': b'-- Up-to-date: /home/mustardking/ws_sensor_combined/install/px4_msgs/share/px4_msgs/msg/OpenDroneIdSystem.msg\n'}
[1.062334] (px4_msgs) StdoutLine: {'line': b'-- Up-to-date: /home/mustardking/ws_sensor_combined/install/px4_msgs/share/px4_msgs/msg/OrbTest.msg\n'}
[1.062357] (px4_msgs) StdoutLine: {'line': b'-- Up-to-date: /home/mustardking/ws_sensor_combined/install/px4_msgs/share/px4_msgs/msg/OrbTestLarge.msg\n'}
[1.062381] (px4_msgs) StdoutLine: {'line': b'-- Up-to-date: /home/mustardking/ws_sensor_combined/install/px4_msgs/share/px4_msgs/msg/OrbTestMedium.msg\n'}
[1.062430] (px4_msgs) StdoutLine: {'line': b'-- Up-to-date: /home/mustardking/ws_sensor_combined/install/px4_msgs/share/px4_msgs/msg/OrbitStatus.msg\n'}
[1.062456] (px4_msgs) StdoutLine: {'line': b'-- Up-to-date: /home/mustardking/ws_sensor_combined/install/px4_msgs/share/px4_msgs/msg/ParameterResetRequest.msg\n'}
[1.062478] (px4_msgs) StdoutLine: {'line': b'-- Up-to-date: /home/mustardking/ws_sensor_combined/install/px4_msgs/share/px4_msgs/msg/ParameterSetUsedRequest.msg\n'}
[1.062500] (px4_msgs) StdoutLine: {'line': b'-- Up-to-date: /home/mustardking/ws_sensor_combined/install/px4_msgs/share/px4_msgs/msg/ParameterSetValueRequest.msg\n'}
[1.062551] (px4_msgs) StdoutLine: {'line': b'-- Up-to-date: /home/mustardking/ws_sensor_combined/install/px4_msgs/share/px4_msgs/msg/ParameterSetValueResponse.msg\n'}
[1.062574] (px4_msgs) StdoutLine: {'line': b'-- Up-to-date: /home/mustardking/ws_sensor_combined/install/px4_msgs/share/px4_msgs/msg/ParameterUpdate.msg\n'}
[1.062596] (px4_msgs) StdoutLine: {'line': b'-- Up-to-date: /home/mustardking/ws_sensor_combined/install/px4_msgs/share/px4_msgs/msg/Ping.msg\n'}
[1.062618] (px4_msgs) StdoutLine: {'line': b'-- Up-to-date: /home/mustardking/ws_sensor_combined/install/px4_msgs/share/px4_msgs/msg/PositionControllerLandingStatus.msg\n'}
[1.062641] (px4_msgs) StdoutLine: {'line': b'-- Up-to-date: /home/mustardking/ws_sensor_combined/install/px4_msgs/share/px4_msgs/msg/PositionControllerStatus.msg\n'}
[1.062697] (px4_msgs) StdoutLine: {'line': b'-- Up-to-date: /home/mustardking/ws_sensor_combined/install/px4_msgs/share/px4_msgs/msg/PositionSetpoint.msg\n'}
[1.062729] (px4_msgs) StdoutLine: {'line': b'-- Up-to-date: /home/mustardking/ws_sensor_combined/install/px4_msgs/share/px4_msgs/msg/PositionSetpointTriplet.msg\n'}
[1.062751] (px4_msgs) StdoutLine: {'line': b'-- Up-to-date: /home/mustardking/ws_sensor_combined/install/px4_msgs/share/px4_msgs/msg/PowerButtonState.msg\n'}
[1.062794] (px4_msgs) StdoutLine: {'line': b'-- Up-to-date: /home/mustardking/ws_sensor_combined/install/px4_msgs/share/px4_msgs/msg/PowerMonitor.msg\n'}
[1.062816] (px4_msgs) StdoutLine: {'line': b'-- Up-to-date: /home/mustardking/ws_sensor_combined/install/px4_msgs/share/px4_msgs/msg/PpsCapture.msg\n'}
[1.062860] (px4_msgs) StdoutLine: {'line': b'-- Up-to-date: /home/mustardking/ws_sensor_combined/install/px4_msgs/share/px4_msgs/msg/PurePursuitStatus.msg\n'}
[1.062882] (px4_msgs) StdoutLine: {'line': b'-- Up-to-date: /home/mustardking/ws_sensor_combined/install/px4_msgs/share/px4_msgs/msg/PwmInput.msg\n'}
[1.062905] (px4_msgs) StdoutLine: {'line': b'-- Up-to-date: /home/mustardking/ws_sensor_combined/install/px4_msgs/share/px4_msgs/msg/Px4ioStatus.msg\n'}
[1.062928] (px4_msgs) StdoutLine: {'line': b'-- Up-to-date: /home/mustardking/ws_sensor_combined/install/px4_msgs/share/px4_msgs/msg/QshellReq.msg\n'}
[1.062949] (px4_msgs) StdoutLine: {'line': b'-- Up-to-date: /home/mustardking/ws_sensor_combined/install/px4_msgs/share/px4_msgs/msg/QshellRetval.msg\n'}
[1.062972] (px4_msgs) StdoutLine: {'line': b'-- Up-to-date: /home/mustardking/ws_sensor_combined/install/px4_msgs/share/px4_msgs/msg/RadioStatus.msg\n'}
[1.063008] (px4_msgs) StdoutLine: {'line': b'-- Up-to-date: /home/mustardking/ws_sensor_combined/install/px4_msgs/share/px4_msgs/msg/RateCtrlStatus.msg\n'}
[1.063040] (px4_msgs) StdoutLine: {'line': b'-- Up-to-date: /home/mustardking/ws_sensor_combined/install/px4_msgs/share/px4_msgs/msg/RcChannels.msg\n'}
[1.063063] (px4_msgs) StdoutLine: {'line': b'-- Up-to-date: /home/mustardking/ws_sensor_combined/install/px4_msgs/share/px4_msgs/msg/RcParameterMap.msg\n'}
[1.063085] (px4_msgs) StdoutLine: {'line': b'-- Up-to-date: /home/mustardking/ws_sensor_combined/install/px4_msgs/share/px4_msgs/msg/RegisterExtComponentReply.msg\n'}
[1.063107] (px4_msgs) StdoutLine: {'line': b'-- Up-to-date: /home/mustardking/ws_sensor_combined/install/px4_msgs/share/px4_msgs/msg/RegisterExtComponentRequest.msg\n'}
[1.063158] (px4_msgs) StdoutLine: {'line': b'-- Up-to-date: /home/mustardking/ws_sensor_combined/install/px4_msgs/share/px4_msgs/msg/RoverAttitudeSetpoint.msg\n'}
[1.063182] (px4_msgs) StdoutLine: {'line': b'-- Up-to-date: /home/mustardking/ws_sensor_combined/install/px4_msgs/share/px4_msgs/msg/RoverAttitudeStatus.msg\n'}
[1.063204] (px4_msgs) StdoutLine: {'line': b'-- Up-to-date: /home/mustardking/ws_sensor_combined/install/px4_msgs/share/px4_msgs/msg/RoverPositionSetpoint.msg\n'}
[1.063226] (px4_msgs) StdoutLine: {'line': b'-- Up-to-date: /home/mustardking/ws_sensor_combined/install/px4_msgs/share/px4_msgs/msg/RoverRateSetpoint.msg\n'}
[1.063249] (px4_msgs) StdoutLine: {'line': b'-- Up-to-date: /home/mustardking/ws_sensor_combined/install/px4_msgs/share/px4_msgs/msg/RoverRateStatus.msg\n'}
[1.063271] (px4_msgs) StdoutLine: {'line': b'-- Up-to-date: /home/mustardking/ws_sensor_combined/install/px4_msgs/share/px4_msgs/msg/RoverSpeedSetpoint.msg\n'}
[1.063309] (px4_msgs) StdoutLine: {'line': b'-- Up-to-date: /home/mustardking/ws_sensor_combined/install/px4_msgs/share/px4_msgs/msg/RoverSpeedStatus.msg\n'}
[1.063332] (px4_msgs) StdoutLine: {'line': b'-- Up-to-date: /home/mustardking/ws_sensor_combined/install/px4_msgs/share/px4_msgs/msg/RoverSteeringSetpoint.msg\n'}
[1.063355] (px4_msgs) StdoutLine: {'line': b'-- Up-to-date: /home/mustardking/ws_sensor_combined/install/px4_msgs/share/px4_msgs/msg/RoverThrottleSetpoint.msg\n'}
[1.063377] (px4_msgs) StdoutLine: {'line': b'-- Up-to-date: /home/mustardking/ws_sensor_combined/install/px4_msgs/share/px4_msgs/msg/Rpm.msg\n'}
[1.063400] (px4_msgs) StdoutLine: {'line': b'-- Up-to-date: /home/mustardking/ws_sensor_combined/install/px4_msgs/share/px4_msgs/msg/RtlStatus.msg\n'}
[1.063438] (px4_msgs) StdoutLine: {'line': b'-- Up-to-date: /home/mustardking/ws_sensor_combined/install/px4_msgs/share/px4_msgs/msg/RtlTimeEstimate.msg\n'}
[1.063468] (px4_msgs) StdoutLine: {'line': b'-- Up-to-date: /home/mustardking/ws_sensor_combined/install/px4_msgs/share/px4_msgs/msg/SatelliteInfo.msg\n'}
[1.063493] (px4_msgs) StdoutLine: {'line': b'-- Up-to-date: /home/mustardking/ws_sensor_combined/install/px4_msgs/share/px4_msgs/msg/SensorAccel.msg\n'}
[1.063516] (px4_msgs) StdoutLine: {'line': b'-- Up-to-date: /home/mustardking/ws_sensor_combined/install/px4_msgs/share/px4_msgs/msg/SensorAccelFifo.msg\n'}
[1.063537] (px4_msgs) StdoutLine: {'line': b'-- Up-to-date: /home/mustardking/ws_sensor_combined/install/px4_msgs/share/px4_msgs/msg/SensorAirflow.msg\n'}
[1.063559] (px4_msgs) StdoutLine: {'line': b'-- Up-to-date: /home/mustardking/ws_sensor_combined/install/px4_msgs/share/px4_msgs/msg/SensorBaro.msg\n'}
[1.063601] (px4_msgs) StdoutLine: {'line': b'-- Up-to-date: /home/mustardking/ws_sensor_combined/install/px4_msgs/share/px4_msgs/msg/SensorCombined.msg\n'}
[1.063628] (px4_msgs) StdoutLine: {'line': b'-- Up-to-date: /home/mustardking/ws_sensor_combined/install/px4_msgs/share/px4_msgs/msg/SensorCorrection.msg\n'}
[1.063671] (px4_msgs) StdoutLine: {'line': b'-- Up-to-date: /home/mustardking/ws_sensor_combined/install/px4_msgs/share/px4_msgs/msg/SensorGnssRelative.msg\n'}
[1.063694] (px4_msgs) StdoutLine: {'line': b'-- Up-to-date: /home/mustardking/ws_sensor_combined/install/px4_msgs/share/px4_msgs/msg/SensorGnssStatus.msg\n'}
[1.063716] (px4_msgs) StdoutLine: {'line': b'-- Up-to-date: /home/mustardking/ws_sensor_combined/install/px4_msgs/share/px4_msgs/msg/SensorGps.msg\n'}
[1.063738] (px4_msgs) StdoutLine: {'line': b'-- Up-to-date: /home/mustardking/ws_sensor_combined/install/px4_msgs/share/px4_msgs/msg/SensorGyro.msg\n'}
[1.063760] (px4_msgs) StdoutLine: {'line': b'-- Up-to-date: /home/mustardking/ws_sensor_combined/install/px4_msgs/share/px4_msgs/msg/SensorGyroFft.msg\n'}
[1.063805] (px4_msgs) StdoutLine: {'line': b'-- Up-to-date: /home/mustardking/ws_sensor_combined/install/px4_msgs/share/px4_msgs/msg/SensorGyroFifo.msg\n'}
[1.063827] (px4_msgs) StdoutLine: {'line': b'-- Up-to-date: /home/mustardking/ws_sensor_combined/install/px4_msgs/share/px4_msgs/msg/SensorHygrometer.msg\n'}
[1.063849] (px4_msgs) StdoutLine: {'line': b'-- Up-to-date: /home/mustardking/ws_sensor_combined/install/px4_msgs/share/px4_msgs/msg/SensorMag.msg\n'}
[1.063871] (px4_msgs) StdoutLine: {'line': b'-- Up-to-date: /home/mustardking/ws_sensor_combined/install/px4_msgs/share/px4_msgs/msg/SensorOpticalFlow.msg\n'}
[1.063893] (px4_msgs) StdoutLine: {'line': b'-- Up-to-date: /home/mustardking/ws_sensor_combined/install/px4_msgs/share/px4_msgs/msg/SensorPreflightMag.msg\n'}
[1.063915] (px4_msgs) StdoutLine: {'line': b'-- Up-to-date: /home/mustardking/ws_sensor_combined/install/px4_msgs/share/px4_msgs/msg/SensorSelection.msg\n'}
[1.063952] (px4_msgs) StdoutLine: {'line': b'-- Up-to-date: /home/mustardking/ws_sensor_combined/install/px4_msgs/share/px4_msgs/msg/SensorUwb.msg\n'}
[1.063984] (px4_msgs) StdoutLine: {'line': b'-- Up-to-date: /home/mustardking/ws_sensor_combined/install/px4_msgs/share/px4_msgs/msg/SensorsStatus.msg\n'}
[1.064006] (px4_msgs) StdoutLine: {'line': b'-- Up-to-date: /home/mustardking/ws_sensor_combined/install/px4_msgs/share/px4_msgs/msg/SensorsStatusImu.msg\n'}
[1.064028] (px4_msgs) StdoutLine: {'line': b'-- Up-to-date: /home/mustardking/ws_sensor_combined/install/px4_msgs/share/px4_msgs/msg/SystemPower.msg\n'}
[1.064050] (px4_msgs) StdoutLine: {'line': b'-- Up-to-date: /home/mustardking/ws_sensor_combined/install/px4_msgs/share/px4_msgs/msg/TakeoffStatus.msg\n'}
[1.064091] (px4_msgs) StdoutLine: {'line': b'-- Up-to-date: /home/mustardking/ws_sensor_combined/install/px4_msgs/share/px4_msgs/msg/TaskStackInfo.msg\n'}
[1.064113] (px4_msgs) StdoutLine: {'line': b'-- Up-to-date: /home/mustardking/ws_sensor_combined/install/px4_msgs/share/px4_msgs/msg/TecsStatus.msg\n'}
[1.064135] (px4_msgs) StdoutLine: {'line': b'-- Up-to-date: /home/mustardking/ws_sensor_combined/install/px4_msgs/share/px4_msgs/msg/TelemetryStatus.msg\n'}
[1.064158] (px4_msgs) StdoutLine: {'line': b'-- Up-to-date: /home/mustardking/ws_sensor_combined/install/px4_msgs/share/px4_msgs/msg/TiltrotorExtraControls.msg\n'}
[1.064182] (px4_msgs) StdoutLine: {'line': b'-- Up-to-date: /home/mustardking/ws_sensor_combined/install/px4_msgs/share/px4_msgs/msg/TimesyncStatus.msg\n'}
[1.064203] (px4_msgs) StdoutLine: {'line': b'-- Up-to-date: /home/mustardking/ws_sensor_combined/install/px4_msgs/share/px4_msgs/msg/TrajectorySetpoint.msg\n'}
[1.064226] (px4_msgs) StdoutLine: {'line': b'-- Up-to-date: /home/mustardking/ws_sensor_combined/install/px4_msgs/share/px4_msgs/msg/TrajectorySetpoint6dof.msg\n'}
[1.064270] (px4_msgs) StdoutLine: {'line': b'-- Up-to-date: /home/mustardking/ws_sensor_combined/install/px4_msgs/share/px4_msgs/msg/TransponderReport.msg\n'}
[1.064292] (px4_msgs) StdoutLine: {'line': b'-- Up-to-date: /home/mustardking/ws_sensor_combined/install/px4_msgs/share/px4_msgs/msg/TuneControl.msg\n'}
[1.064314] (px4_msgs) StdoutLine: {'line': b'-- Up-to-date: /home/mustardking/ws_sensor_combined/install/px4_msgs/share/px4_msgs/msg/UavcanParameterRequest.msg\n'}
[1.064336] (px4_msgs) StdoutLine: {'line': b'-- Up-to-date: /home/mustardking/ws_sensor_combined/install/px4_msgs/share/px4_msgs/msg/UavcanParameterValue.msg\n'}
[1.064377] (px4_msgs) StdoutLine: {'line': b'-- Up-to-date: /home/mustardking/ws_sensor_combined/install/px4_msgs/share/px4_msgs/msg/UlogStream.msg\n'}
[1.064407] (px4_msgs) StdoutLine: {'line': b'-- Up-to-date: /home/mustardking/ws_sensor_combined/install/px4_msgs/share/px4_msgs/msg/UlogStreamAck.msg\n'}
[1.064429] (px4_msgs) StdoutLine: {'line': b'-- Up-to-date: /home/mustardking/ws_sensor_combined/install/px4_msgs/share/px4_msgs/msg/UnregisterExtComponent.msg\n'}
[1.064451] (px4_msgs) StdoutLine: {'line': b'-- Up-to-date: /home/mustardking/ws_sensor_combined/install/px4_msgs/share/px4_msgs/msg/VehicleAcceleration.msg\n'}
[1.064473] (px4_msgs) StdoutLine: {'line': b'-- Up-to-date: /home/mustardking/ws_sensor_combined/install/px4_msgs/share/px4_msgs/msg/VehicleAirData.msg\n'}
[1.064495] (px4_msgs) StdoutLine: {'line': b'-- Up-to-date: /home/mustardking/ws_sensor_combined/install/px4_msgs/share/px4_msgs/msg/VehicleAngularAccelerationSetpoint.msg\n'}
[1.064517] (px4_msgs) StdoutLine: {'line': b'-- Up-to-date: /home/mustardking/ws_sensor_combined/install/px4_msgs/share/px4_msgs/msg/VehicleAngularVelocity.msg\n'}
[1.064562] (px4_msgs) StdoutLine: {'line': b'-- Up-to-date: /home/mustardking/ws_sensor_combined/install/px4_msgs/share/px4_msgs/msg/VehicleAttitude.msg\n'}
[1.064584] (px4_msgs) StdoutLine: {'line': b'-- Up-to-date: /home/mustardking/ws_sensor_combined/install/px4_msgs/share/px4_msgs/msg/VehicleAttitudeSetpoint.msg\n'}
[1.064610] (px4_msgs) StdoutLine: {'line': b'-- Up-to-date: /home/mustardking/ws_sensor_combined/install/px4_msgs/share/px4_msgs/msg/VehicleCommand.msg\n'}
[1.064632] (px4_msgs) StdoutLine: {'line': b'-- Up-to-date: /home/mustardking/ws_sensor_combined/install/px4_msgs/share/px4_msgs/msg/VehicleCommandAck.msg\n'}
[1.064669] (px4_msgs) StdoutLine: {'line': b'-- Up-to-date: /home/mustardking/ws_sensor_combined/install/px4_msgs/share/px4_msgs/msg/VehicleConstraints.msg\n'}
[1.064692] (px4_msgs) StdoutLine: {'line': b'-- Up-to-date: /home/mustardking/ws_sensor_combined/install/px4_msgs/share/px4_msgs/msg/VehicleControlMode.msg\n'}
[1.064714] (px4_msgs) StdoutLine: {'line': b'-- Up-to-date: /home/mustardking/ws_sensor_combined/install/px4_msgs/share/px4_msgs/msg/VehicleGlobalPosition.msg\n'}
[1.064736] (px4_msgs) StdoutLine: {'line': b'-- Up-to-date: /home/mustardking/ws_sensor_combined/install/px4_msgs/share/px4_msgs/msg/VehicleImu.msg\n'}
[1.064758] (px4_msgs) StdoutLine: {'line': b'-- Up-to-date: /home/mustardking/ws_sensor_combined/install/px4_msgs/share/px4_msgs/msg/VehicleImuStatus.msg\n'}
[1.064780] (px4_msgs) StdoutLine: {'line': b'-- Up-to-date: /home/mustardking/ws_sensor_combined/install/px4_msgs/share/px4_msgs/msg/VehicleLandDetected.msg\n'}
[1.064802] (px4_msgs) StdoutLine: {'line': b'-- Up-to-date: /home/mustardking/ws_sensor_combined/install/px4_msgs/share/px4_msgs/msg/VehicleLocalPosition.msg\n'}
[1.064824] (px4_msgs) StdoutLine: {'line': b'-- Up-to-date: /home/mustardking/ws_sensor_combined/install/px4_msgs/share/px4_msgs/msg/VehicleLocalPositionSetpoint.msg\n'}
[1.064924] (px4_msgs) StdoutLine: {'line': b'-- Up-to-date: /home/mustardking/ws_sensor_combined/install/px4_msgs/share/px4_msgs/msg/VehicleMagnetometer.msg\n'}
[1.064986] (px4_msgs) StdoutLine: {'line': b'-- Up-to-date: /home/mustardking/ws_sensor_combined/install/px4_msgs/share/px4_msgs/msg/VehicleOdometry.msg\n'}
[1.065009] (px4_msgs) StdoutLine: {'line': b'-- Up-to-date: /home/mustardking/ws_sensor_combined/install/px4_msgs/share/px4_msgs/msg/VehicleOpticalFlow.msg\n'}
[1.065032] (px4_msgs) StdoutLine: {'line': b'-- Up-to-date: /home/mustardking/ws_sensor_combined/install/px4_msgs/share/px4_msgs/msg/VehicleOpticalFlowVel.msg\n'}
[1.065056] (px4_msgs) StdoutLine: {'line': b'-- Up-to-date: /home/mustardking/ws_sensor_combined/install/px4_msgs/share/px4_msgs/msg/VehicleRatesSetpoint.msg\n'}
[1.065117] (px4_msgs) StdoutLine: {'line': b'-- Up-to-date: /home/mustardking/ws_sensor_combined/install/px4_msgs/share/px4_msgs/msg/VehicleRoi.msg\n'}
[1.065142] (px4_msgs) StdoutLine: {'line': b'-- Up-to-date: /home/mustardking/ws_sensor_combined/install/px4_msgs/share/px4_msgs/msg/VehicleStatus.msg\n'}
[1.065164] (px4_msgs) StdoutLine: {'line': b'-- Up-to-date: /home/mustardking/ws_sensor_combined/install/px4_msgs/share/px4_msgs/msg/VehicleThrustSetpoint.msg\n'}
[1.065187] (px4_msgs) StdoutLine: {'line': b'-- Up-to-date: /home/mustardking/ws_sensor_combined/install/px4_msgs/share/px4_msgs/msg/VehicleTorqueSetpoint.msg\n'}
[1.065209] (px4_msgs) StdoutLine: {'line': b'-- Up-to-date: /home/mustardking/ws_sensor_combined/install/px4_msgs/share/px4_msgs/msg/VelocityLimits.msg\n'}
[1.065247] (px4_msgs) StdoutLine: {'line': b'-- Up-to-date: /home/mustardking/ws_sensor_combined/install/px4_msgs/share/px4_msgs/msg/VtolVehicleStatus.msg\n'}
[1.065277] (px4_msgs) StdoutLine: {'line': b'-- Up-to-date: /home/mustardking/ws_sensor_combined/install/px4_msgs/share/px4_msgs/msg/WheelEncoders.msg\n'}
[1.065299] (px4_msgs) StdoutLine: {'line': b'-- Up-to-date: /home/mustardking/ws_sensor_combined/install/px4_msgs/share/px4_msgs/msg/Wind.msg\n'}
[1.065321] (px4_msgs) StdoutLine: {'line': b'-- Up-to-date: /home/mustardking/ws_sensor_combined/install/px4_msgs/share/px4_msgs/msg/YawEstimatorStatus.msg\n'}
[1.065343] (px4_msgs) StdoutLine: {'line': b'-- Up-to-date: /home/mustardking/ws_sensor_combined/install/px4_msgs/share/px4_msgs/srv/VehicleCommand.srv\n'}
[1.065384] (px4_msgs) StdoutLine: {'line': b'-- Up-to-date: /home/mustardking/ws_sensor_combined/install/px4_msgs/share/px4_msgs/srv/VehicleCommand_Request.msg\n'}
[1.065406] (px4_msgs) StdoutLine: {'line': b'-- Up-to-date: /home/mustardking/ws_sensor_combined/install/px4_msgs/share/px4_msgs/srv/VehicleCommand_Response.msg\n'}
[1.065543] (px4_msgs) StdoutLine: {'line': b'-- Up-to-date: /home/mustardking/ws_sensor_combined/install/px4_msgs/share/ament_index/resource_index/package_run_dependencies/px4_msgs\n'}
[1.065662] (px4_msgs) StdoutLine: {'line': b'-- Up-to-date: /home/mustardking/ws_sensor_combined/install/px4_msgs/share/ament_index/resource_index/parent_prefix_path/px4_msgs\n'}
[1.065786] (px4_msgs) StdoutLine: {'line': b'-- Up-to-date: /home/mustardking/ws_sensor_combined/install/px4_msgs/share/px4_msgs/environment/ament_prefix_path.sh\n'}
[1.065918] (px4_msgs) StdoutLine: {'line': b'-- Up-to-date: /home/mustardking/ws_sensor_combined/install/px4_msgs/share/px4_msgs/environment/ament_prefix_path.dsv\n'}
[1.066093] (px4_msgs) StdoutLine: {'line': b'-- Up-to-date: /home/mustardking/ws_sensor_combined/install/px4_msgs/share/px4_msgs/environment/path.sh\n'}
[1.066221] (px4_msgs) StdoutLine: {'line': b'-- Up-to-date: /home/mustardking/ws_sensor_combined/install/px4_msgs/share/px4_msgs/environment/path.dsv\n'}
[1.066387] (px4_msgs) StdoutLine: {'line': b'-- Up-to-date: /home/mustardking/ws_sensor_combined/install/px4_msgs/share/px4_msgs/local_setup.bash\n'}
[1.066519] (px4_msgs) StdoutLine: {'line': b'-- Up-to-date: /home/mustardking/ws_sensor_combined/install/px4_msgs/share/px4_msgs/local_setup.sh\n'}
[1.066701] (px4_msgs) StdoutLine: {'line': b'-- Up-to-date: /home/mustardking/ws_sensor_combined/install/px4_msgs/share/px4_msgs/local_setup.zsh\n'}
[1.066832] (px4_msgs) StdoutLine: {'line': b'-- Up-to-date: /home/mustardking/ws_sensor_combined/install/px4_msgs/share/px4_msgs/local_setup.dsv\n'}
[1.067017] (px4_msgs) StdoutLine: {'line': b'-- Installing: /home/mustardking/ws_sensor_combined/install/px4_msgs/share/px4_msgs/package.dsv\n'}
[1.067273] (px4_msgs) StdoutLine: {'line': b'-- Up-to-date: /home/mustardking/ws_sensor_combined/install/px4_msgs/share/ament_index/resource_index/packages/px4_msgs\n'}
[1.067516] (px4_msgs) StdoutLine: {'line': b'-- Up-to-date: /home/mustardking/ws_sensor_combined/install/px4_msgs/share/px4_msgs/cmake/export_px4_msgs__rosidl_generator_cExport.cmake\n'}
[1.067658] (px4_msgs) StdoutLine: {'line': b'-- Up-to-date: /home/mustardking/ws_sensor_combined/install/px4_msgs/share/px4_msgs/cmake/export_px4_msgs__rosidl_generator_cExport-noconfig.cmake\n'}
[1.067882] (px4_msgs) StdoutLine: {'line': b'-- Up-to-date: /home/mustardking/ws_sensor_combined/install/px4_msgs/share/px4_msgs/cmake/export_px4_msgs__rosidl_typesupport_fastrtps_cExport.cmake\n'}
[1.068019] (px4_msgs) StdoutLine: {'line': b'-- Up-to-date: /home/mustardking/ws_sensor_combined/install/px4_msgs/share/px4_msgs/cmake/export_px4_msgs__rosidl_typesupport_fastrtps_cExport-noconfig.cmake\n'}
[1.068271] (px4_msgs) StdoutLine: {'line': b'-- Up-to-date: /home/mustardking/ws_sensor_combined/install/px4_msgs/share/px4_msgs/cmake/export_px4_msgs__rosidl_generator_cppExport.cmake\n'}
[1.068560] (px4_msgs) StdoutLine: {'line': b'-- Up-to-date: /home/mustardking/ws_sensor_combined/install/px4_msgs/share/px4_msgs/cmake/export_px4_msgs__rosidl_typesupport_fastrtps_cppExport.cmake\n'}
[1.068595] (px4_msgs) StdoutLine: {'line': b'-- Up-to-date: /home/mustardking/ws_sensor_combined/install/px4_msgs/share/px4_msgs/cmake/export_px4_msgs__rosidl_typesupport_fastrtps_cppExport-noconfig.cmake\n'}
[1.068930] (px4_msgs) StdoutLine: {'line': b'-- Up-to-date: /home/mustardking/ws_sensor_combined/install/px4_msgs/share/px4_msgs/cmake/px4_msgs__rosidl_typesupport_introspection_cExport.cmake\n'}
[1.068988] (px4_msgs) StdoutLine: {'line': b'-- Up-to-date: /home/mustardking/ws_sensor_combined/install/px4_msgs/share/px4_msgs/cmake/px4_msgs__rosidl_typesupport_introspection_cExport-noconfig.cmake\n'}
[1.069100] (px4_msgs) StdoutLine: {'line': b'-- Up-to-date: /home/mustardking/ws_sensor_combined/install/px4_msgs/share/px4_msgs/cmake/px4_msgs__rosidl_typesupport_cExport.cmake\n'}
[1.069232] (px4_msgs) StdoutLine: {'line': b'-- Up-to-date: /home/mustardking/ws_sensor_combined/install/px4_msgs/share/px4_msgs/cmake/px4_msgs__rosidl_typesupport_cExport-noconfig.cmake\n'}
[1.069391] (px4_msgs) StdoutLine: {'line': b'-- Up-to-date: /home/mustardking/ws_sensor_combined/install/px4_msgs/share/px4_msgs/cmake/px4_msgs__rosidl_typesupport_introspection_cppExport.cmake\n'}
[1.069563] (px4_msgs) StdoutLine: {'line': b'-- Up-to-date: /home/mustardking/ws_sensor_combined/install/px4_msgs/share/px4_msgs/cmake/px4_msgs__rosidl_typesupport_introspection_cppExport-noconfig.cmake\n'}
[1.069722] (px4_msgs) StdoutLine: {'line': b'-- Up-to-date: /home/mustardking/ws_sensor_combined/install/px4_msgs/share/px4_msgs/cmake/px4_msgs__rosidl_typesupport_cppExport.cmake\n'}
[1.069908] (px4_msgs) StdoutLine: {'line': b'-- Up-to-date: /home/mustardking/ws_sensor_combined/install/px4_msgs/share/px4_msgs/cmake/px4_msgs__rosidl_typesupport_cppExport-noconfig.cmake\n'}
[1.070062] (px4_msgs) StdoutLine: {'line': b'-- Up-to-date: /home/mustardking/ws_sensor_combined/install/px4_msgs/share/px4_msgs/cmake/export_px4_msgs__rosidl_generator_pyExport.cmake\n'}
[1.070237] (px4_msgs) StdoutLine: {'line': b'-- Up-to-date: /home/mustardking/ws_sensor_combined/install/px4_msgs/share/px4_msgs/cmake/export_px4_msgs__rosidl_generator_pyExport-noconfig.cmake\n'}
[1.070370] (px4_msgs) StdoutLine: {'line': b'-- Up-to-date: /home/mustardking/ws_sensor_combined/install/px4_msgs/share/px4_msgs/cmake/rosidl_cmake-extras.cmake\n'}
[1.070536] (px4_msgs) StdoutLine: {'line': b'-- Up-to-date: /home/mustardking/ws_sensor_combined/install/px4_msgs/share/px4_msgs/cmake/ament_cmake_export_dependencies-extras.cmake\n'}
[1.070669] (px4_msgs) StdoutLine: {'line': b'-- Up-to-date: /home/mustardking/ws_sensor_combined/install/px4_msgs/share/px4_msgs/cmake/ament_cmake_export_include_directories-extras.cmake\n'}
[1.070842] (px4_msgs) StdoutLine: {'line': b'-- Up-to-date: /home/mustardking/ws_sensor_combined/install/px4_msgs/share/px4_msgs/cmake/ament_cmake_export_libraries-extras.cmake\n'}
[1.071039] (px4_msgs) StdoutLine: {'line': b'-- Up-to-date: /home/mustardking/ws_sensor_combined/install/px4_msgs/share/px4_msgs/cmake/ament_cmake_export_targets-extras.cmake\n'}
[1.071135] (px4_msgs) StdoutLine: {'line': b'-- Up-to-date: /home/mustardking/ws_sensor_combined/install/px4_msgs/share/px4_msgs/cmake/rosidl_cmake_export_typesupport_targets-extras.cmake\n'}
[1.071256] (px4_msgs) StdoutLine: {'line': b'-- Up-to-date: /home/mustardking/ws_sensor_combined/install/px4_msgs/share/px4_msgs/cmake/rosidl_cmake_export_typesupport_libraries-extras.cmake\n'}
[1.071386] (px4_msgs) StdoutLine: {'line': b'-- Up-to-date: /home/mustardking/ws_sensor_combined/install/px4_msgs/share/px4_msgs/cmake/px4_msgsConfig.cmake\n'}
[1.071461] (px4_msgs) StdoutLine: {'line': b'-- Up-to-date: /home/mustardking/ws_sensor_combined/install/px4_msgs/share/px4_msgs/cmake/px4_msgsConfig-version.cmake\n'}
[1.071521] (px4_msgs) StdoutLine: {'line': b'-- Up-to-date: /home/mustardking/ws_sensor_combined/install/px4_msgs/share/px4_msgs/package.xml\n'}
[1.074008] (px4_msgs) CommandEnded: {'returncode': 0}
[1.085599] (px4_msgs) JobEnded: {'identifier': 'px4_msgs', 'rc': 0}
[1.085847] (px4_ros_com) JobStarted: {'identifier': 'px4_ros_com'}
[1.089305] (px4_ros_com) JobProgress: {'identifier': 'px4_ros_com', 'progress': 'cmake'}
[1.089645] (px4_ros_com) JobProgress: {'identifier': 'px4_ros_com', 'progress': 'build'}
[1.090131] (px4_ros_com) Command: {'cmd': ['/usr/bin/cmake', '--build', '/home/mustardking/ws_sensor_combined/build/px4_ros_com', '--', '-j4', '-l4'], 'cwd': '/home/mustardking/ws_sensor_combined/build/px4_ros_com', 'env': OrderedDict([('LESSOPEN', '| /usr/bin/lesspipe %s'), ('USER', 'mustardking'), ('XDG_SESSION_TYPE', 'wayland'), ('SHLVL', '2'), ('LD_LIBRARY_PATH', '/home/mustardking/ws_sensor_combined/install/px4_msgs/lib:/opt/ros/humble/opt/rviz_ogre_vendor/lib:/opt/ros/humble/lib/aarch64-linux-gnu:/opt/ros/humble/lib'), ('HOME', '/home/mustardking'), ('OLDPWD', '/home/mustardking/ws_sensor_combined'), ('DESKTOP_SESSION', 'ubuntu'), ('ROS_PYTHON_VERSION', '3'), ('GNOME_SHELL_SESSION_MODE', 'ubuntu'), ('GTK_MODULES', 'gail:atk-bridge'), ('SYSTEMD_EXEC_PID', '1484'), ('DBUS_SESSION_BUS_ADDRESS', 'unix:path=/run/user/1000/bus'), ('COLORTERM', 'truecolor'), ('IM_CONFIG_PHASE', '1'), ('WAYLAND_DISPLAY', 'wayland-0'), ('ROS_DISTRO', 'humble'), ('LOGNAME', 'mustardking'), ('_', '/usr/bin/colcon'), ('ROS_VERSION', '2'), ('XDG_SESSION_CLASS', 'user'), ('USERNAME', 'mustardking'), ('TERM', 'xterm-256color'), ('GNOME_DESKTOP_SESSION_ID', 'this-is-deprecated'), ('ROS_LOCALHOST_ONLY', '0'), ('PATH', '/opt/ros/humble/bin:/opt/gcc-arm-none-eabi-9-2020-q2-update/bin:/home/mustardking/.local/bin:/usr/local/sbin:/usr/local/bin:/usr/sbin:/usr/bin:/sbin:/bin:/usr/games:/usr/local/games:/snap/bin:/snap/bin'), ('SESSION_MANAGER', 'local/hektors-mac:@/tmp/.ICE-unix/1460,unix/hektors-mac:/tmp/.ICE-unix/1460'), ('XDG_MENU_PREFIX', 'gnome-'), ('GNOME_TERMINAL_SCREEN', '/org/gnome/Terminal/screen/7af8ef47_9950_4e2b_bcd5_7a6fc3a19e89'), ('GNOME_SETUP_DISPLAY', ':1'), ('XDG_RUNTIME_DIR', '/run/user/1000'), ('DISPLAY', ':0'), ('LANG', 'en_US.UTF-8'), ('XDG_CURRENT_DESKTOP', 'ubuntu:GNOME'), ('XMODIFIERS', '@im=ibus'), ('XDG_SESSION_DESKTOP', 'ubuntu'), ('XAUTHORITY', '/run/user/1000/.mutter-Xwaylandauth.Q6BCF3'), ('LS_COLORS', 'rs=0:di=01;34:ln=01;36:mh=00:pi=40;33:so=01;35:do=01;35:bd=40;33;01:cd=40;33;01:or=40;31;01:mi=00:su=37;41:sg=30;43:ca=30;41:tw=30;42:ow=34;42:st=37;44:ex=01;32:*.tar=01;31:*.tgz=01;31:*.arc=01;31:*.arj=01;31:*.taz=01;31:*.lha=01;31:*.lz4=01;31:*.lzh=01;31:*.lzma=01;31:*.tlz=01;31:*.txz=01;31:*.tzo=01;31:*.t7z=01;31:*.zip=01;31:*.z=01;31:*.dz=01;31:*.gz=01;31:*.lrz=01;31:*.lz=01;31:*.lzo=01;31:*.xz=01;31:*.zst=01;31:*.tzst=01;31:*.bz2=01;31:*.bz=01;31:*.tbz=01;31:*.tbz2=01;31:*.tz=01;31:*.deb=01;31:*.rpm=01;31:*.jar=01;31:*.war=01;31:*.ear=01;31:*.sar=01;31:*.rar=01;31:*.alz=01;31:*.ace=01;31:*.zoo=01;31:*.cpio=01;31:*.7z=01;31:*.rz=01;31:*.cab=01;31:*.wim=01;31:*.swm=01;31:*.dwm=01;31:*.esd=01;31:*.jpg=01;35:*.jpeg=01;35:*.mjpg=01;35:*.mjpeg=01;35:*.gif=01;35:*.bmp=01;35:*.pbm=01;35:*.pgm=01;35:*.ppm=01;35:*.tga=01;35:*.xbm=01;35:*.xpm=01;35:*.tif=01;35:*.tiff=01;35:*.png=01;35:*.svg=01;35:*.svgz=01;35:*.mng=01;35:*.pcx=01;35:*.mov=01;35:*.mpg=01;35:*.mpeg=01;35:*.m2v=01;35:*.mkv=01;35:*.webm=01;35:*.webp=01;35:*.ogm=01;35:*.mp4=01;35:*.m4v=01;35:*.mp4v=01;35:*.vob=01;35:*.qt=01;35:*.nuv=01;35:*.wmv=01;35:*.asf=01;35:*.rm=01;35:*.rmvb=01;35:*.flc=01;35:*.avi=01;35:*.fli=01;35:*.flv=01;35:*.gl=01;35:*.dl=01;35:*.xcf=01;35:*.xwd=01;35:*.yuv=01;35:*.cgm=01;35:*.emf=01;35:*.ogv=01;35:*.ogx=01;35:*.aac=00;36:*.au=00;36:*.flac=00;36:*.m4a=00;36:*.mid=00;36:*.midi=00;36:*.mka=00;36:*.mp3=00;36:*.mpc=00;36:*.ogg=00;36:*.ra=00;36:*.wav=00;36:*.oga=00;36:*.opus=00;36:*.spx=00;36:*.xspf=00;36:'), ('GNOME_TERMINAL_SERVICE', ':1.151'), ('SSH_AGENT_LAUNCHER', 'gnome-keyring'), ('SSH_AUTH_SOCK', '/run/user/1000/keyring/ssh'), ('AMENT_PREFIX_PATH', '/home/mustardking/ws_sensor_combined/install/px4_msgs:/opt/ros/humble'), ('SHELL', '/bin/bash'), ('QT_ACCESSIBILITY', '1'), ('GDMSESSION', 'ubuntu'), ('LESSCLOSE', '/usr/bin/lesspipe %s %s'), ('QT_IM_MODULE', 'ibus'), ('PWD', '/home/mustardking/ws_sensor_combined/build/px4_ros_com'), ('LC_ALL', 'en_US.UTF-8'), ('XDG_CONFIG_DIRS', '/etc/xdg/xdg-ubuntu:/etc/xdg'), ('XDG_DATA_DIRS', '/usr/share/ubuntu:/home/mustardking/.local/share/flatpak/exports/share:/var/lib/flatpak/exports/share:/usr/local/share/:/usr/share/:/var/lib/snapd/desktop'), ('PYTHONPATH', '/home/mustardking/ws_sensor_combined/install/px4_msgs/local/lib/python3.10/dist-packages:/opt/ros/humble/lib/python3.10/site-packages:/opt/ros/humble/local/lib/python3.10/dist-packages'), ('COLCON', '1'), ('VTE_VERSION', '6800'), ('CMAKE_PREFIX_PATH', '/home/mustardking/ws_sensor_combined/install/px4_msgs:/opt/ros/humble')]), 'shell': False}
[1.115015] (-) TimerEvent: {}
[1.120702] (px4_ros_com) StdoutLine: {'line': b'[ 33%] Built target sensor_combined_listener\n'}
[1.120794] (px4_ros_com) StdoutLine: {'line': b'[ 33%] Built target vehicle_gps_position_listener\n'}
[1.131706] (px4_ros_com) StdoutLine: {'line': b'[ 50%] Built target debug_vect_advertiser\n'}
[1.134417] (px4_ros_com) StdoutLine: {'line': b'[ 66%] Built target offboard_control\n'}
[1.134675] (px4_ros_com) StdoutLine: {'line': b'[ 83%] Built target frame_transforms\n'}
[1.142413] (px4_ros_com) StdoutLine: {'line': b'[ 83%] Built target ament_cmake_python_copy_px4_ros_com\n'}
[1.143572] (px4_ros_com) StdoutLine: {'line': b'[100%] Built target offboard_control_srv\n'}
[1.215119] (-) TimerEvent: {}
[1.252986] (px4_ros_com) StdoutLine: {'line': b'running egg_info\n'}
[1.259387] (px4_ros_com) StdoutLine: {'line': b'writing px4_ros_com.egg-info/PKG-INFO\n'}
[1.260300] (px4_ros_com) StdoutLine: {'line': b'writing dependency_links to px4_ros_com.egg-info/dependency_links.txt\n'}
[1.260552] (px4_ros_com) StdoutLine: {'line': b'writing top-level names to px4_ros_com.egg-info/top_level.txt\n'}
[1.279470] (px4_ros_com) StdoutLine: {'line': b"reading manifest file 'px4_ros_com.egg-info/SOURCES.txt'\n"}
[1.279896] (px4_ros_com) StdoutLine: {'line': b"writing manifest file 'px4_ros_com.egg-info/SOURCES.txt'\n"}
[1.296666] (px4_ros_com) StdoutLine: {'line': b'[100%] Built target ament_cmake_python_build_px4_ros_com_egg\n'}
[1.301524] (px4_ros_com) CommandEnded: {'returncode': 0}
[1.301963] (px4_ros_com) JobProgress: {'identifier': 'px4_ros_com', 'progress': 'install'}
[1.302522] (px4_ros_com) Command: {'cmd': ['/usr/bin/cmake', '--install', '/home/mustardking/ws_sensor_combined/build/px4_ros_com'], 'cwd': '/home/mustardking/ws_sensor_combined/build/px4_ros_com', 'env': OrderedDict([('LESSOPEN', '| /usr/bin/lesspipe %s'), ('USER', 'mustardking'), ('XDG_SESSION_TYPE', 'wayland'), ('SHLVL', '2'), ('LD_LIBRARY_PATH', '/home/mustardking/ws_sensor_combined/install/px4_msgs/lib:/opt/ros/humble/opt/rviz_ogre_vendor/lib:/opt/ros/humble/lib/aarch64-linux-gnu:/opt/ros/humble/lib'), ('HOME', '/home/mustardking'), ('OLDPWD', '/home/mustardking/ws_sensor_combined'), ('DESKTOP_SESSION', 'ubuntu'), ('ROS_PYTHON_VERSION', '3'), ('GNOME_SHELL_SESSION_MODE', 'ubuntu'), ('GTK_MODULES', 'gail:atk-bridge'), ('SYSTEMD_EXEC_PID', '1484'), ('DBUS_SESSION_BUS_ADDRESS', 'unix:path=/run/user/1000/bus'), ('COLORTERM', 'truecolor'), ('IM_CONFIG_PHASE', '1'), ('WAYLAND_DISPLAY', 'wayland-0'), ('ROS_DISTRO', 'humble'), ('LOGNAME', 'mustardking'), ('_', '/usr/bin/colcon'), ('ROS_VERSION', '2'), ('XDG_SESSION_CLASS', 'user'), ('USERNAME', 'mustardking'), ('TERM', 'xterm-256color'), ('GNOME_DESKTOP_SESSION_ID', 'this-is-deprecated'), ('ROS_LOCALHOST_ONLY', '0'), ('PATH', '/opt/ros/humble/bin:/opt/gcc-arm-none-eabi-9-2020-q2-update/bin:/home/mustardking/.local/bin:/usr/local/sbin:/usr/local/bin:/usr/sbin:/usr/bin:/sbin:/bin:/usr/games:/usr/local/games:/snap/bin:/snap/bin'), ('SESSION_MANAGER', 'local/hektors-mac:@/tmp/.ICE-unix/1460,unix/hektors-mac:/tmp/.ICE-unix/1460'), ('XDG_MENU_PREFIX', 'gnome-'), ('GNOME_TERMINAL_SCREEN', '/org/gnome/Terminal/screen/7af8ef47_9950_4e2b_bcd5_7a6fc3a19e89'), ('GNOME_SETUP_DISPLAY', ':1'), ('XDG_RUNTIME_DIR', '/run/user/1000'), ('DISPLAY', ':0'), ('LANG', 'en_US.UTF-8'), ('XDG_CURRENT_DESKTOP', 'ubuntu:GNOME'), ('XMODIFIERS', '@im=ibus'), ('XDG_SESSION_DESKTOP', 'ubuntu'), ('XAUTHORITY', '/run/user/1000/.mutter-Xwaylandauth.Q6BCF3'), ('LS_COLORS', 'rs=0:di=01;34:ln=01;36:mh=00:pi=40;33:so=01;35:do=01;35:bd=40;33;01:cd=40;33;01:or=40;31;01:mi=00:su=37;41:sg=30;43:ca=30;41:tw=30;42:ow=34;42:st=37;44:ex=01;32:*.tar=01;31:*.tgz=01;31:*.arc=01;31:*.arj=01;31:*.taz=01;31:*.lha=01;31:*.lz4=01;31:*.lzh=01;31:*.lzma=01;31:*.tlz=01;31:*.txz=01;31:*.tzo=01;31:*.t7z=01;31:*.zip=01;31:*.z=01;31:*.dz=01;31:*.gz=01;31:*.lrz=01;31:*.lz=01;31:*.lzo=01;31:*.xz=01;31:*.zst=01;31:*.tzst=01;31:*.bz2=01;31:*.bz=01;31:*.tbz=01;31:*.tbz2=01;31:*.tz=01;31:*.deb=01;31:*.rpm=01;31:*.jar=01;31:*.war=01;31:*.ear=01;31:*.sar=01;31:*.rar=01;31:*.alz=01;31:*.ace=01;31:*.zoo=01;31:*.cpio=01;31:*.7z=01;31:*.rz=01;31:*.cab=01;31:*.wim=01;31:*.swm=01;31:*.dwm=01;31:*.esd=01;31:*.jpg=01;35:*.jpeg=01;35:*.mjpg=01;35:*.mjpeg=01;35:*.gif=01;35:*.bmp=01;35:*.pbm=01;35:*.pgm=01;35:*.ppm=01;35:*.tga=01;35:*.xbm=01;35:*.xpm=01;35:*.tif=01;35:*.tiff=01;35:*.png=01;35:*.svg=01;35:*.svgz=01;35:*.mng=01;35:*.pcx=01;35:*.mov=01;35:*.mpg=01;35:*.mpeg=01;35:*.m2v=01;35:*.mkv=01;35:*.webm=01;35:*.webp=01;35:*.ogm=01;35:*.mp4=01;35:*.m4v=01;35:*.mp4v=01;35:*.vob=01;35:*.qt=01;35:*.nuv=01;35:*.wmv=01;35:*.asf=01;35:*.rm=01;35:*.rmvb=01;35:*.flc=01;35:*.avi=01;35:*.fli=01;35:*.flv=01;35:*.gl=01;35:*.dl=01;35:*.xcf=01;35:*.xwd=01;35:*.yuv=01;35:*.cgm=01;35:*.emf=01;35:*.ogv=01;35:*.ogx=01;35:*.aac=00;36:*.au=00;36:*.flac=00;36:*.m4a=00;36:*.mid=00;36:*.midi=00;36:*.mka=00;36:*.mp3=00;36:*.mpc=00;36:*.ogg=00;36:*.ra=00;36:*.wav=00;36:*.oga=00;36:*.opus=00;36:*.spx=00;36:*.xspf=00;36:'), ('GNOME_TERMINAL_SERVICE', ':1.151'), ('SSH_AGENT_LAUNCHER', 'gnome-keyring'), ('SSH_AUTH_SOCK', '/run/user/1000/keyring/ssh'), ('AMENT_PREFIX_PATH', '/home/mustardking/ws_sensor_combined/install/px4_msgs:/opt/ros/humble'), ('SHELL', '/bin/bash'), ('QT_ACCESSIBILITY', '1'), ('GDMSESSION', 'ubuntu'), ('LESSCLOSE', '/usr/bin/lesspipe %s %s'), ('QT_IM_MODULE', 'ibus'), ('PWD', '/home/mustardking/ws_sensor_combined/build/px4_ros_com'), ('LC_ALL', 'en_US.UTF-8'), ('XDG_CONFIG_DIRS', '/etc/xdg/xdg-ubuntu:/etc/xdg'), ('XDG_DATA_DIRS', '/usr/share/ubuntu:/home/mustardking/.local/share/flatpak/exports/share:/var/lib/flatpak/exports/share:/usr/local/share/:/usr/share/:/var/lib/snapd/desktop'), ('PYTHONPATH', '/home/mustardking/ws_sensor_combined/install/px4_msgs/local/lib/python3.10/dist-packages:/opt/ros/humble/lib/python3.10/site-packages:/opt/ros/humble/local/lib/python3.10/dist-packages'), ('COLCON', '1'), ('VTE_VERSION', '6800'), ('CMAKE_PREFIX_PATH', '/home/mustardking/ws_sensor_combined/install/px4_msgs:/opt/ros/humble')]), 'shell': False}
[1.305423] (px4_ros_com) StdoutLine: {'line': b'-- Install configuration: ""\n'}
[1.305547] (px4_ros_com) StdoutLine: {'line': b'-- Up-to-date: /home/mustardking/ws_sensor_combined/install/px4_ros_com/lib/px4_ros_com/sensor_combined_listener\n'}
[1.305723] (px4_ros_com) StdoutLine: {'line': b'-- Up-to-date: /home/mustardking/ws_sensor_combined/install/px4_ros_com/lib/px4_ros_com/vehicle_gps_position_listener\n'}
[1.305888] (px4_ros_com) StdoutLine: {'line': b'-- Up-to-date: /home/mustardking/ws_sensor_combined/install/px4_ros_com/lib/px4_ros_com/debug_vect_advertiser\n'}
[1.306036] (px4_ros_com) StdoutLine: {'line': b'-- Up-to-date: /home/mustardking/ws_sensor_combined/install/px4_ros_com/lib/px4_ros_com/offboard_control\n'}
[1.306180] (px4_ros_com) StdoutLine: {'line': b'-- Up-to-date: /home/mustardking/ws_sensor_combined/install/px4_ros_com/lib/px4_ros_com/offboard_control_srv\n'}
[1.306295] (px4_ros_com) StdoutLine: {'line': b'-- Up-to-date: /home/mustardking/ws_sensor_combined/install/px4_ros_com/share/px4_ros_com/environment/library_path.sh\n'}
[1.306411] (px4_ros_com) StdoutLine: {'line': b'-- Up-to-date: /home/mustardking/ws_sensor_combined/install/px4_ros_com/share/px4_ros_com/environment/library_path.dsv\n'}
[1.306495] (px4_ros_com) StdoutLine: {'line': b'-- Up-to-date: /home/mustardking/ws_sensor_combined/install/px4_ros_com/include/px4_ros_com\n'}
[1.306524] (px4_ros_com) StdoutLine: {'line': b'-- Up-to-date: /home/mustardking/ws_sensor_combined/install/px4_ros_com/include/px4_ros_com/frame_transforms.h\n'}
[1.306550] (px4_ros_com) StdoutLine: {'line': b'-- Up-to-date: /home/mustardking/ws_sensor_combined/install/px4_ros_com/lib/libframe_transforms.so\n'}
[1.306669] (px4_ros_com) StdoutLine: {'line': b'-- Up-to-date: /home/mustardking/ws_sensor_combined/install/px4_ros_com/share/px4_ros_com//launch\n'}
[1.306744] (px4_ros_com) StdoutLine: {'line': b'-- Up-to-date: /home/mustardking/ws_sensor_combined/install/px4_ros_com/share/px4_ros_com//launch/offboard_control_launch.yaml\n'}
[1.306770] (px4_ros_com) StdoutLine: {'line': b'-- Up-to-date: /home/mustardking/ws_sensor_combined/install/px4_ros_com/share/px4_ros_com//launch/sensor_combined_listener.launch.py\n'}
[1.306796] (px4_ros_com) StdoutLine: {'line': b'-- Up-to-date: /home/mustardking/ws_sensor_combined/install/px4_ros_com/share/px4_ros_com//test\n'}
[1.306818] (px4_ros_com) StdoutLine: {'line': b'-- Up-to-date: /home/mustardking/ws_sensor_combined/install/px4_ros_com/share/px4_ros_com//test/test_output.py\n'}
[1.306847] (px4_ros_com) StdoutLine: {'line': b'-- Up-to-date: /home/mustardking/ws_sensor_combined/install/px4_ros_com/share/px4_ros_com//test/__init__.py\n'}
[1.306927] (px4_ros_com) StdoutLine: {'line': b'-- Up-to-date: /home/mustardking/ws_sensor_combined/install/px4_ros_com/share/px4_ros_com//test/pipeline_io_test.py\n'}
[1.306956] (px4_ros_com) StdoutLine: {'line': b'-- Up-to-date: /home/mustardking/ws_sensor_combined/install/px4_ros_com/share/px4_ros_com//test/test_input.py\n'}
[1.306992] (px4_ros_com) StdoutLine: {'line': b'-- Up-to-date: /home/mustardking/ws_sensor_combined/install/px4_ros_com/share/px4_ros_com/environment/pythonpath.sh\n'}
[1.307019] (px4_ros_com) StdoutLine: {'line': b'-- Up-to-date: /home/mustardking/ws_sensor_combined/install/px4_ros_com/share/px4_ros_com/environment/pythonpath.dsv\n'}
[1.307047] (px4_ros_com) StdoutLine: {'line': b'-- Up-to-date: /home/mustardking/ws_sensor_combined/install/px4_ros_com/local/lib/python3.10/dist-packages/px4_ros_com-0.1.0-py3.10.egg-info\n'}
[1.307100] (px4_ros_com) StdoutLine: {'line': b'-- Installing: /home/mustardking/ws_sensor_combined/install/px4_ros_com/local/lib/python3.10/dist-packages/px4_ros_com-0.1.0-py3.10.egg-info/SOURCES.txt\n'}
[1.307136] (px4_ros_com) StdoutLine: {'line': b'-- Installing: /home/mustardking/ws_sensor_combined/install/px4_ros_com/local/lib/python3.10/dist-packages/px4_ros_com-0.1.0-py3.10.egg-info/PKG-INFO\n'}
[1.307207] (px4_ros_com) StdoutLine: {'line': b'-- Installing: /home/mustardking/ws_sensor_combined/install/px4_ros_com/local/lib/python3.10/dist-packages/px4_ros_com-0.1.0-py3.10.egg-info/dependency_links.txt\n'}
[1.307230] (px4_ros_com) StdoutLine: {'line': b'-- Installing: /home/mustardking/ws_sensor_combined/install/px4_ros_com/local/lib/python3.10/dist-packages/px4_ros_com-0.1.0-py3.10.egg-info/top_level.txt\n'}
[1.307252] (px4_ros_com) StdoutLine: {'line': b'-- Up-to-date: /home/mustardking/ws_sensor_combined/install/px4_ros_com/local/lib/python3.10/dist-packages/px4_ros_com\n'}
[1.307273] (px4_ros_com) StdoutLine: {'line': b'-- Up-to-date: /home/mustardking/ws_sensor_combined/install/px4_ros_com/local/lib/python3.10/dist-packages/px4_ros_com/module_to_import.py\n'}
[1.307295] (px4_ros_com) StdoutLine: {'line': b'-- Up-to-date: /home/mustardking/ws_sensor_combined/install/px4_ros_com/local/lib/python3.10/dist-packages/px4_ros_com/__init__.py\n'}
[1.315182] (-) TimerEvent: {}
[1.322366] (px4_ros_com) StdoutLine: {'line': b"Listing '/home/mustardking/ws_sensor_combined/install/px4_ros_com/local/lib/python3.10/dist-packages/px4_ros_com'...\n"}
[1.326047] (px4_ros_com) StdoutLine: {'line': b'-- Up-to-date: /home/mustardking/ws_sensor_combined/install/px4_ros_com/lib/px4_ros_com/offboard_control.py\n'}
[1.326163] (px4_ros_com) StdoutLine: {'line': b'-- Up-to-date: /home/mustardking/ws_sensor_combined/install/px4_ros_com/share/ament_index/resource_index/package_run_dependencies/px4_ros_com\n'}
[1.326222] (px4_ros_com) StdoutLine: {'line': b'-- Up-to-date: /home/mustardking/ws_sensor_combined/install/px4_ros_com/share/ament_index/resource_index/parent_prefix_path/px4_ros_com\n'}
[1.326452] (px4_ros_com) StdoutLine: {'line': b'-- Up-to-date: /home/mustardking/ws_sensor_combined/install/px4_ros_com/share/px4_ros_com/environment/ament_prefix_path.sh\n'}
[1.326574] (px4_ros_com) StdoutLine: {'line': b'-- Up-to-date: /home/mustardking/ws_sensor_combined/install/px4_ros_com/share/px4_ros_com/environment/ament_prefix_path.dsv\n'}
[1.326643] (px4_ros_com) StdoutLine: {'line': b'-- Up-to-date: /home/mustardking/ws_sensor_combined/install/px4_ros_com/share/px4_ros_com/environment/path.sh\n'}
[1.326695] (px4_ros_com) StdoutLine: {'line': b'-- Up-to-date: /home/mustardking/ws_sensor_combined/install/px4_ros_com/share/px4_ros_com/environment/path.dsv\n'}
[1.326865] (px4_ros_com) StdoutLine: {'line': b'-- Up-to-date: /home/mustardking/ws_sensor_combined/install/px4_ros_com/share/px4_ros_com/local_setup.bash\n'}
[1.326906] (px4_ros_com) StdoutLine: {'line': b'-- Up-to-date: /home/mustardking/ws_sensor_combined/install/px4_ros_com/share/px4_ros_com/local_setup.sh\n'}
[1.326942] (px4_ros_com) StdoutLine: {'line': b'-- Up-to-date: /home/mustardking/ws_sensor_combined/install/px4_ros_com/share/px4_ros_com/local_setup.zsh\n'}
[1.326970] (px4_ros_com) StdoutLine: {'line': b'-- Up-to-date: /home/mustardking/ws_sensor_combined/install/px4_ros_com/share/px4_ros_com/local_setup.dsv\n'}
[1.326998] (px4_ros_com) StdoutLine: {'line': b'-- Installing: /home/mustardking/ws_sensor_combined/install/px4_ros_com/share/px4_ros_com/package.dsv\n'}
[1.327020] (px4_ros_com) StdoutLine: {'line': b'-- Up-to-date: /home/mustardking/ws_sensor_combined/install/px4_ros_com/share/ament_index/resource_index/packages/px4_ros_com\n'}
[1.327041] (px4_ros_com) StdoutLine: {'line': b'-- Up-to-date: /home/mustardking/ws_sensor_combined/install/px4_ros_com/share/px4_ros_com/cmake/export_frame_transformsExport.cmake\n'}
[1.327063] (px4_ros_com) StdoutLine: {'line': b'-- Up-to-date: /home/mustardking/ws_sensor_combined/install/px4_ros_com/share/px4_ros_com/cmake/export_frame_transformsExport-noconfig.cmake\n'}
[1.327093] (px4_ros_com) StdoutLine: {'line': b'-- Up-to-date: /home/mustardking/ws_sensor_combined/install/px4_ros_com/share/px4_ros_com/cmake/ament_cmake_export_dependencies-extras.cmake\n'}
[1.327123] (px4_ros_com) StdoutLine: {'line': b'-- Up-to-date: /home/mustardking/ws_sensor_combined/install/px4_ros_com/share/px4_ros_com/cmake/ament_cmake_export_targets-extras.cmake\n'}
[1.327219] (px4_ros_com) StdoutLine: {'line': b'-- Up-to-date: /home/mustardking/ws_sensor_combined/install/px4_ros_com/share/px4_ros_com/cmake/ament_cmake_export_include_directories-extras.cmake\n'}
[1.327262] (px4_ros_com) StdoutLine: {'line': b'-- Up-to-date: /home/mustardking/ws_sensor_combined/install/px4_ros_com/share/px4_ros_com/cmake/ament_cmake_export_libraries-extras.cmake\n'}
[1.327291] (px4_ros_com) StdoutLine: {'line': b'-- Up-to-date: /home/mustardking/ws_sensor_combined/install/px4_ros_com/share/px4_ros_com/cmake/px4_ros_comConfig.cmake\n'}
[1.327326] (px4_ros_com) StdoutLine: {'line': b'-- Up-to-date: /home/mustardking/ws_sensor_combined/install/px4_ros_com/share/px4_ros_com/cmake/px4_ros_comConfig-version.cmake\n'}
[1.327348] (px4_ros_com) StdoutLine: {'line': b'-- Up-to-date: /home/mustardking/ws_sensor_combined/install/px4_ros_com/share/px4_ros_com/package.xml\n'}
[1.327799] (px4_ros_com) CommandEnded: {'returncode': 0}
[1.335004] (px4_ros_com) JobEnded: {'identifier': 'px4_ros_com', 'rc': 0}
[1.335503] (-) EventReactorShutdown: {}
