[0.000000] (-) TimerEvent: {}
[0.000386] (px4_msgs) JobQueued: {'identifier': 'px4_msgs', 'dependencies': OrderedDict()}
[0.000431] (px4_ros_com) JobQueued: {'identifier': 'px4_ros_com', 'dependencies': OrderedDict([('px4_msgs', '/home/mustardking/ws_sensor_combined/install/px4_msgs')])}
[0.001074] (px4_msgs) JobStarted: {'identifier': 'px4_msgs'}
[0.014740] (px4_msgs) JobProgress: {'identifier': 'px4_msgs', 'progress': 'cmake'}
[0.016683] (px4_msgs) JobProgress: {'identifier': 'px4_msgs', 'progress': 'build'}
[0.016785] (px4_msgs) Command: {'cmd': ['/usr/bin/cmake', '--build', '/home/mustardking/ws_sensor_combined/build/px4_msgs', '--', '-j4', '-l4'], 'cwd': '/home/mustardking/ws_sensor_combined/build/px4_msgs', 'env': OrderedDict([('LESSOPEN', '| /usr/bin/lesspipe %s'), ('USER', 'mustardking'), ('XDG_SESSION_TYPE', 'wayland'), ('SHLVL', '1'), ('LD_LIBRARY_PATH', '/opt/ros/humble/opt/rviz_ogre_vendor/lib:/opt/ros/humble/lib/aarch64-linux-gnu:/opt/ros/humble/lib'), ('HOME', '/home/mustardking'), ('OLDPWD', '/home/mustardking'), ('DESKTOP_SESSION', 'ubuntu'), ('ROS_PYTHON_VERSION', '3'), ('GNOME_SHELL_SESSION_MODE', 'ubuntu'), ('GTK_MODULES', 'gail:atk-bridge'), ('SYSTEMD_EXEC_PID', '1955'), ('DBUS_SESSION_BUS_ADDRESS', 'unix:path=/run/user/1000/bus'), ('COLORTERM', 'truecolor'), ('IM_CONFIG_PHASE', '1'), ('WAYLAND_DISPLAY', 'wayland-0'), ('ROS_DISTRO', 'humble'), ('LOGNAME', 'mustardking'), ('_', '/usr/bin/colcon'), ('ROS_VERSION', '2'), ('XDG_SESSION_CLASS', 'user'), ('USERNAME', 'mustardking'), ('TERM', 'xterm-256color'), ('GNOME_DESKTOP_SESSION_ID', 'this-is-deprecated'), ('ROS_LOCALHOST_ONLY', '0'), ('PATH', '/opt/ros/humble/bin:/opt/gcc-arm-none-eabi-9-2020-q2-update/bin:/home/mustardking/.local/bin:/usr/local/sbin:/usr/local/bin:/usr/sbin:/usr/bin:/sbin:/bin:/usr/games:/usr/local/games:/snap/bin:/snap/bin'), ('SESSION_MANAGER', 'local/hektors-mac:@/tmp/.ICE-unix/1460,unix/hektors-mac:/tmp/.ICE-unix/1460'), ('XDG_MENU_PREFIX', 'gnome-'), ('GNOME_TERMINAL_SCREEN', '/org/gnome/Terminal/screen/1f95d2b5_5b51_4009_ad3d_92472308b1b1'), ('GNOME_SETUP_DISPLAY', ':1'), ('XDG_RUNTIME_DIR', '/run/user/1000'), ('DISPLAY', ':0'), ('LANG', 'en_US.UTF-8'), ('XDG_CURRENT_DESKTOP', 'ubuntu:GNOME'), ('XMODIFIERS', '@im=ibus'), ('XDG_SESSION_DESKTOP', 'ubuntu'), ('XAUTHORITY', '/run/user/1000/.mutter-Xwaylandauth.Q6BCF3'), ('LS_COLORS', 'rs=0:di=01;34:ln=01;36:mh=00:pi=40;33:so=01;35:do=01;35:bd=40;33;01:cd=40;33;01:or=40;31;01:mi=00:su=37;41:sg=30;43:ca=30;41:tw=30;42:ow=34;42:st=37;44:ex=01;32:*.tar=01;31:*.tgz=01;31:*.arc=01;31:*.arj=01;31:*.taz=01;31:*.lha=01;31:*.lz4=01;31:*.lzh=01;31:*.lzma=01;31:*.tlz=01;31:*.txz=01;31:*.tzo=01;31:*.t7z=01;31:*.zip=01;31:*.z=01;31:*.dz=01;31:*.gz=01;31:*.lrz=01;31:*.lz=01;31:*.lzo=01;31:*.xz=01;31:*.zst=01;31:*.tzst=01;31:*.bz2=01;31:*.bz=01;31:*.tbz=01;31:*.tbz2=01;31:*.tz=01;31:*.deb=01;31:*.rpm=01;31:*.jar=01;31:*.war=01;31:*.ear=01;31:*.sar=01;31:*.rar=01;31:*.alz=01;31:*.ace=01;31:*.zoo=01;31:*.cpio=01;31:*.7z=01;31:*.rz=01;31:*.cab=01;31:*.wim=01;31:*.swm=01;31:*.dwm=01;31:*.esd=01;31:*.jpg=01;35:*.jpeg=01;35:*.mjpg=01;35:*.mjpeg=01;35:*.gif=01;35:*.bmp=01;35:*.pbm=01;35:*.pgm=01;35:*.ppm=01;35:*.tga=01;35:*.xbm=01;35:*.xpm=01;35:*.tif=01;35:*.tiff=01;35:*.png=01;35:*.svg=01;35:*.svgz=01;35:*.mng=01;35:*.pcx=01;35:*.mov=01;35:*.mpg=01;35:*.mpeg=01;35:*.m2v=01;35:*.mkv=01;35:*.webm=01;35:*.webp=01;35:*.ogm=01;35:*.mp4=01;35:*.m4v=01;35:*.mp4v=01;35:*.vob=01;35:*.qt=01;35:*.nuv=01;35:*.wmv=01;35:*.asf=01;35:*.rm=01;35:*.rmvb=01;35:*.flc=01;35:*.avi=01;35:*.fli=01;35:*.flv=01;35:*.gl=01;35:*.dl=01;35:*.xcf=01;35:*.xwd=01;35:*.yuv=01;35:*.cgm=01;35:*.emf=01;35:*.ogv=01;35:*.ogx=01;35:*.aac=00;36:*.au=00;36:*.flac=00;36:*.m4a=00;36:*.mid=00;36:*.midi=00;36:*.mka=00;36:*.mp3=00;36:*.mpc=00;36:*.ogg=00;36:*.ra=00;36:*.wav=00;36:*.oga=00;36:*.opus=00;36:*.spx=00;36:*.xspf=00;36:'), ('GNOME_TERMINAL_SERVICE', ':1.101'), ('SSH_AGENT_LAUNCHER', 'gnome-keyring'), ('SSH_AUTH_SOCK', '/run/user/1000/keyring/ssh'), ('AMENT_PREFIX_PATH', '/opt/ros/humble'), ('SHELL', '/bin/bash'), ('QT_ACCESSIBILITY', '1'), ('GDMSESSION', 'ubuntu'), ('LESSCLOSE', '/usr/bin/lesspipe %s %s'), ('QT_IM_MODULE', 'ibus'), ('PWD', '/home/mustardking/ws_sensor_combined/build/px4_msgs'), ('LC_ALL', 'en_US.UTF-8'), ('XDG_CONFIG_DIRS', '/etc/xdg/xdg-ubuntu:/etc/xdg'), ('XDG_DATA_DIRS', '/usr/share/ubuntu:/home/mustardking/.local/share/flatpak/exports/share:/var/lib/flatpak/exports/share:/usr/local/share/:/usr/share/:/var/lib/snapd/desktop'), ('PYTHONPATH', '/opt/ros/humble/lib/python3.10/site-packages:/opt/ros/humble/local/lib/python3.10/dist-packages'), ('COLCON', '1'), ('VTE_VERSION', '6800'), ('CMAKE_PREFIX_PATH', '/opt/ros/humble')]), 'shell': False}
[0.099281] (-) TimerEvent: {}
[0.199699] (-) TimerEvent: {}
[0.299975] (-) TimerEvent: {}
[0.401016] (-) TimerEvent: {}
[0.501289] (-) TimerEvent: {}
[0.601609] (-) TimerEvent: {}
[0.635504] (px4_msgs) StdoutLine: {'line': b'[  0%] Built target px4_msgs__cpp\n'}
[0.704351] (-) TimerEvent: {}
[0.788416] (px4_msgs) StdoutLine: {'line': b'[ 12%] Built target px4_msgs__rosidl_generator_c\n'}
[0.805342] (-) TimerEvent: {}
[0.905676] (-) TimerEvent: {}
[0.963800] (px4_msgs) StdoutLine: {'line': b'[ 24%] Built target px4_msgs__rosidl_typesupport_cpp\n'}
[0.973476] (px4_msgs) StdoutLine: {'line': b'[ 36%] Built target px4_msgs__rosidl_typesupport_fastrtps_cpp\n'}
[1.005949] (-) TimerEvent: {}
[1.041977] (px4_msgs) StdoutLine: {'line': b'[ 49%] Built target px4_msgs__rosidl_typesupport_introspection_cpp\n'}
[1.087847] (px4_msgs) StdoutLine: {'line': b'[ 49%] Built target ament_cmake_python_copy_px4_msgs\n'}
[1.106089] (-) TimerEvent: {}
[1.133778] (px4_msgs) StdoutLine: {'line': b'[ 62%] Built target px4_msgs__rosidl_typesupport_introspection_c\n'}
[1.176108] (px4_msgs) StdoutLine: {'line': b'[ 75%] Built target px4_msgs__rosidl_typesupport_c\n'}
[1.195097] (px4_msgs) StdoutLine: {'line': b'[ 88%] Built target px4_msgs__rosidl_typesupport_fastrtps_c\n'}
[1.206176] (-) TimerEvent: {}
[1.209070] (px4_msgs) StdoutLine: {'line': b'[ 88%] Built target px4_msgs\n'}
[1.228755] (px4_msgs) StdoutLine: {'line': b'[ 88%] Built target px4_msgs__py\n'}
[1.279138] (px4_msgs) StdoutLine: {'line': b'running egg_info\n'}
[1.290594] (px4_msgs) StdoutLine: {'line': b'writing px4_msgs.egg-info/PKG-INFO\n'}
[1.291015] (px4_msgs) StdoutLine: {'line': b'writing dependency_links to px4_msgs.egg-info/dependency_links.txt\n'}
[1.291533] (px4_msgs) StdoutLine: {'line': b'writing top-level names to px4_msgs.egg-info/top_level.txt\n'}
[1.306500] (-) TimerEvent: {}
[1.329868] (px4_msgs) StdoutLine: {'line': b"reading manifest file 'px4_msgs.egg-info/SOURCES.txt'\n"}
[1.332779] (px4_msgs) StdoutLine: {'line': b"writing manifest file 'px4_msgs.egg-info/SOURCES.txt'\n"}
[1.389300] (px4_msgs) StdoutLine: {'line': b'[ 88%] Built target ament_cmake_python_build_px4_msgs_egg\n'}
[1.395736] (px4_msgs) StdoutLine: {'line': b'[100%] Built target px4_msgs__rosidl_generator_py\n'}
[1.406717] (-) TimerEvent: {}
[1.475944] (px4_msgs) StdoutLine: {'line': b'[100%] Built target px4_msgs__rosidl_typesupport_fastrtps_c__pyext\n'}
[1.477029] (px4_msgs) StdoutLine: {'line': b'[100%] Built target px4_msgs__rosidl_typesupport_c__pyext\n'}
[1.483643] (px4_msgs) StdoutLine: {'line': b'[100%] Built target px4_msgs__rosidl_typesupport_introspection_c__pyext\n'}
[1.506848] (-) TimerEvent: {}
[1.516716] (px4_msgs) CommandEnded: {'returncode': 0}
[1.523828] (px4_msgs) JobProgress: {'identifier': 'px4_msgs', 'progress': 'install'}
[1.529848] (px4_msgs) Command: {'cmd': ['/usr/bin/cmake', '--install', '/home/mustardking/ws_sensor_combined/build/px4_msgs'], 'cwd': '/home/mustardking/ws_sensor_combined/build/px4_msgs', 'env': OrderedDict([('LESSOPEN', '| /usr/bin/lesspipe %s'), ('USER', 'mustardking'), ('XDG_SESSION_TYPE', 'wayland'), ('SHLVL', '1'), ('LD_LIBRARY_PATH', '/opt/ros/humble/opt/rviz_ogre_vendor/lib:/opt/ros/humble/lib/aarch64-linux-gnu:/opt/ros/humble/lib'), ('HOME', '/home/mustardking'), ('OLDPWD', '/home/mustardking'), ('DESKTOP_SESSION', 'ubuntu'), ('ROS_PYTHON_VERSION', '3'), ('GNOME_SHELL_SESSION_MODE', 'ubuntu'), ('GTK_MODULES', 'gail:atk-bridge'), ('SYSTEMD_EXEC_PID', '1955'), ('DBUS_SESSION_BUS_ADDRESS', 'unix:path=/run/user/1000/bus'), ('COLORTERM', 'truecolor'), ('IM_CONFIG_PHASE', '1'), ('WAYLAND_DISPLAY', 'wayland-0'), ('ROS_DISTRO', 'humble'), ('LOGNAME', 'mustardking'), ('_', '/usr/bin/colcon'), ('ROS_VERSION', '2'), ('XDG_SESSION_CLASS', 'user'), ('USERNAME', 'mustardking'), ('TERM', 'xterm-256color'), ('GNOME_DESKTOP_SESSION_ID', 'this-is-deprecated'), ('ROS_LOCALHOST_ONLY', '0'), ('PATH', '/opt/ros/humble/bin:/opt/gcc-arm-none-eabi-9-2020-q2-update/bin:/home/mustardking/.local/bin:/usr/local/sbin:/usr/local/bin:/usr/sbin:/usr/bin:/sbin:/bin:/usr/games:/usr/local/games:/snap/bin:/snap/bin'), ('SESSION_MANAGER', 'local/hektors-mac:@/tmp/.ICE-unix/1460,unix/hektors-mac:/tmp/.ICE-unix/1460'), ('XDG_MENU_PREFIX', 'gnome-'), ('GNOME_TERMINAL_SCREEN', '/org/gnome/Terminal/screen/1f95d2b5_5b51_4009_ad3d_92472308b1b1'), ('GNOME_SETUP_DISPLAY', ':1'), ('XDG_RUNTIME_DIR', '/run/user/1000'), ('DISPLAY', ':0'), ('LANG', 'en_US.UTF-8'), ('XDG_CURRENT_DESKTOP', 'ubuntu:GNOME'), ('XMODIFIERS', '@im=ibus'), ('XDG_SESSION_DESKTOP', 'ubuntu'), ('XAUTHORITY', '/run/user/1000/.mutter-Xwaylandauth.Q6BCF3'), ('LS_COLORS', 'rs=0:di=01;34:ln=01;36:mh=00:pi=40;33:so=01;35:do=01;35:bd=40;33;01:cd=40;33;01:or=40;31;01:mi=00:su=37;41:sg=30;43:ca=30;41:tw=30;42:ow=34;42:st=37;44:ex=01;32:*.tar=01;31:*.tgz=01;31:*.arc=01;31:*.arj=01;31:*.taz=01;31:*.lha=01;31:*.lz4=01;31:*.lzh=01;31:*.lzma=01;31:*.tlz=01;31:*.txz=01;31:*.tzo=01;31:*.t7z=01;31:*.zip=01;31:*.z=01;31:*.dz=01;31:*.gz=01;31:*.lrz=01;31:*.lz=01;31:*.lzo=01;31:*.xz=01;31:*.zst=01;31:*.tzst=01;31:*.bz2=01;31:*.bz=01;31:*.tbz=01;31:*.tbz2=01;31:*.tz=01;31:*.deb=01;31:*.rpm=01;31:*.jar=01;31:*.war=01;31:*.ear=01;31:*.sar=01;31:*.rar=01;31:*.alz=01;31:*.ace=01;31:*.zoo=01;31:*.cpio=01;31:*.7z=01;31:*.rz=01;31:*.cab=01;31:*.wim=01;31:*.swm=01;31:*.dwm=01;31:*.esd=01;31:*.jpg=01;35:*.jpeg=01;35:*.mjpg=01;35:*.mjpeg=01;35:*.gif=01;35:*.bmp=01;35:*.pbm=01;35:*.pgm=01;35:*.ppm=01;35:*.tga=01;35:*.xbm=01;35:*.xpm=01;35:*.tif=01;35:*.tiff=01;35:*.png=01;35:*.svg=01;35:*.svgz=01;35:*.mng=01;35:*.pcx=01;35:*.mov=01;35:*.mpg=01;35:*.mpeg=01;35:*.m2v=01;35:*.mkv=01;35:*.webm=01;35:*.webp=01;35:*.ogm=01;35:*.mp4=01;35:*.m4v=01;35:*.mp4v=01;35:*.vob=01;35:*.qt=01;35:*.nuv=01;35:*.wmv=01;35:*.asf=01;35:*.rm=01;35:*.rmvb=01;35:*.flc=01;35:*.avi=01;35:*.fli=01;35:*.flv=01;35:*.gl=01;35:*.dl=01;35:*.xcf=01;35:*.xwd=01;35:*.yuv=01;35:*.cgm=01;35:*.emf=01;35:*.ogv=01;35:*.ogx=01;35:*.aac=00;36:*.au=00;36:*.flac=00;36:*.m4a=00;36:*.mid=00;36:*.midi=00;36:*.mka=00;36:*.mp3=00;36:*.mpc=00;36:*.ogg=00;36:*.ra=00;36:*.wav=00;36:*.oga=00;36:*.opus=00;36:*.spx=00;36:*.xspf=00;36:'), ('GNOME_TERMINAL_SERVICE', ':1.101'), ('SSH_AGENT_LAUNCHER', 'gnome-keyring'), ('SSH_AUTH_SOCK', '/run/user/1000/keyring/ssh'), ('AMENT_PREFIX_PATH', '/opt/ros/humble'), ('SHELL', '/bin/bash'), ('QT_ACCESSIBILITY', '1'), ('GDMSESSION', 'ubuntu'), ('LESSCLOSE', '/usr/bin/lesspipe %s %s'), ('QT_IM_MODULE', 'ibus'), ('PWD', '/home/mustardking/ws_sensor_combined/build/px4_msgs'), ('LC_ALL', 'en_US.UTF-8'), ('XDG_CONFIG_DIRS', '/etc/xdg/xdg-ubuntu:/etc/xdg'), ('XDG_DATA_DIRS', '/usr/share/ubuntu:/home/mustardking/.local/share/flatpak/exports/share:/var/lib/flatpak/exports/share:/usr/local/share/:/usr/share/:/var/lib/snapd/desktop'), ('PYTHONPATH', '/opt/ros/humble/lib/python3.10/site-packages:/opt/ros/humble/local/lib/python3.10/dist-packages'), ('COLCON', '1'), ('VTE_VERSION', '6800'), ('CMAKE_PREFIX_PATH', '/opt/ros/humble')]), 'shell': False}
[1.538969] (px4_msgs) StdoutLine: {'line': b'-- Install configuration: ""\n'}
[1.539698] (px4_msgs) StdoutLine: {'line': b'-- Up-to-date: /home/mustardking/ws_sensor_combined/install/px4_msgs/share/ament_index/resource_index/rosidl_interfaces/px4_msgs\n'}
[1.540503] (px4_msgs) StdoutLine: {'line': b'-- Up-to-date: /home/mustardking/ws_sensor_combined/install/px4_msgs/include/px4_msgs/px4_msgs\n'}
[1.541579] (px4_msgs) StdoutLine: {'line': b'-- Up-to-date: /home/mustardking/ws_sensor_combined/install/px4_msgs/include/px4_msgs/px4_msgs/srv\n'}
[1.542674] (px4_msgs) StdoutLine: {'line': b'-- Up-to-date: /home/mustardking/ws_sensor_combined/install/px4_msgs/include/px4_msgs/px4_msgs/srv/vehicle_command.h\n'}
[1.543245] (px4_msgs) StdoutLine: {'line': b'-- Up-to-date: /home/mustardking/ws_sensor_combined/install/px4_msgs/include/px4_msgs/px4_msgs/srv/detail\n'}
[1.543817] (px4_msgs) StdoutLine: {'line': b'-- Up-to-date: /home/mustardking/ws_sensor_combined/install/px4_msgs/include/px4_msgs/px4_msgs/srv/detail/vehicle_command__functions.h\n'}
[1.544303] (px4_msgs) StdoutLine: {'line': b'-- Up-to-date: /home/mustardking/ws_sensor_combined/install/px4_msgs/include/px4_msgs/px4_msgs/srv/detail/vehicle_command__struct.h\n'}
[1.544608] (px4_msgs) StdoutLine: {'line': b'-- Up-to-date: /home/mustardking/ws_sensor_combined/install/px4_msgs/include/px4_msgs/px4_msgs/srv/detail/vehicle_command__functions.c\n'}
[1.548340] (px4_msgs) StdoutLine: {'line': b'-- Up-to-date: /home/mustardking/ws_sensor_combined/install/px4_msgs/include/px4_msgs/px4_msgs/srv/detail/vehicle_command__type_support.h\n'}
[1.548419] (px4_msgs) StdoutLine: {'line': b'-- Up-to-date: /home/mustardking/ws_sensor_combined/install/px4_msgs/include/px4_msgs/px4_msgs/msg\n'}
[1.551707] (px4_msgs) StdoutLine: {'line': b'-- Up-to-date: /home/mustardking/ws_sensor_combined/install/px4_msgs/include/px4_msgs/px4_msgs/msg/estimator_aid_source3d.h\n'}
[1.551942] (px4_msgs) StdoutLine: {'line': b'-- Up-to-date: /home/mustardking/ws_sensor_combined/install/px4_msgs/include/px4_msgs/px4_msgs/msg/estimator_states.h\n'}
[1.552089] (px4_msgs) StdoutLine: {'line': b'-- Up-to-date: /home/mustardking/ws_sensor_combined/install/px4_msgs/include/px4_msgs/px4_msgs/msg/camera_status.h\n'}
[1.552207] (px4_msgs) StdoutLine: {'line': b'-- Up-to-date: /home/mustardking/ws_sensor_combined/install/px4_msgs/include/px4_msgs/px4_msgs/msg/system_power.h\n'}
[1.552744] (px4_msgs) StdoutLine: {'line': b'-- Up-to-date: /home/mustardking/ws_sensor_combined/install/px4_msgs/include/px4_msgs/px4_msgs/msg/vehicle_angular_acceleration_setpoint.h\n'}
[1.552805] (px4_msgs) StdoutLine: {'line': b'-- Up-to-date: /home/mustardking/ws_sensor_combined/install/px4_msgs/include/px4_msgs/px4_msgs/msg/satellite_info.h\n'}
[1.552841] (px4_msgs) StdoutLine: {'line': b'-- Up-to-date: /home/mustardking/ws_sensor_combined/install/px4_msgs/include/px4_msgs/px4_msgs/msg/orb_test.h\n'}
[1.552890] (px4_msgs) StdoutLine: {'line': b'-- Up-to-date: /home/mustardking/ws_sensor_combined/install/px4_msgs/include/px4_msgs/px4_msgs/msg/neural_control.h\n'}
[1.552926] (px4_msgs) StdoutLine: {'line': b'-- Up-to-date: /home/mustardking/ws_sensor_combined/install/px4_msgs/include/px4_msgs/px4_msgs/msg/register_ext_component_request.h\n'}
[1.552960] (px4_msgs) StdoutLine: {'line': b'-- Up-to-date: /home/mustardking/ws_sensor_combined/install/px4_msgs/include/px4_msgs/px4_msgs/msg/rate_ctrl_status.h\n'}
[1.552990] (px4_msgs) StdoutLine: {'line': b'-- Up-to-date: /home/mustardking/ws_sensor_combined/install/px4_msgs/include/px4_msgs/px4_msgs/msg/logger_status.h\n'}
[1.553014] (px4_msgs) StdoutLine: {'line': b'-- Up-to-date: /home/mustardking/ws_sensor_combined/install/px4_msgs/include/px4_msgs/px4_msgs/msg/sensor_accel_fifo.h\n'}
[1.553039] (px4_msgs) StdoutLine: {'line': b'-- Up-to-date: /home/mustardking/ws_sensor_combined/install/px4_msgs/include/px4_msgs/px4_msgs/msg/airspeed_validated.h\n'}
[1.553063] (px4_msgs) StdoutLine: {'line': b'-- Up-to-date: /home/mustardking/ws_sensor_combined/install/px4_msgs/include/px4_msgs/px4_msgs/msg/ulog_stream.h\n'}
[1.553101] (px4_msgs) StdoutLine: {'line': b'-- Up-to-date: /home/mustardking/ws_sensor_combined/install/px4_msgs/include/px4_msgs/px4_msgs/msg/fuel_tank_status.h\n'}
[1.553150] (px4_msgs) StdoutLine: {'line': b'-- Up-to-date: /home/mustardking/ws_sensor_combined/install/px4_msgs/include/px4_msgs/px4_msgs/msg/control_allocator_status.h\n'}
[1.553187] (px4_msgs) StdoutLine: {'line': b'-- Up-to-date: /home/mustardking/ws_sensor_combined/install/px4_msgs/include/px4_msgs/px4_msgs/msg/parameter_set_used_request.h\n'}
[1.553227] (px4_msgs) StdoutLine: {'line': b'-- Up-to-date: /home/mustardking/ws_sensor_combined/install/px4_msgs/include/px4_msgs/px4_msgs/msg/arming_check_reply.h\n'}
[1.553266] (px4_msgs) StdoutLine: {'line': b'-- Up-to-date: /home/mustardking/ws_sensor_combined/install/px4_msgs/include/px4_msgs/px4_msgs/msg/estimator_bias3d.h\n'}
[1.553297] (px4_msgs) StdoutLine: {'line': b'-- Up-to-date: /home/mustardking/ws_sensor_combined/install/px4_msgs/include/px4_msgs/px4_msgs/msg/dataman_request.h\n'}
[1.553351] (px4_msgs) StdoutLine: {'line': b'-- Up-to-date: /home/mustardking/ws_sensor_combined/install/px4_msgs/include/px4_msgs/px4_msgs/msg/estimator_event_flags.h\n'}
[1.553389] (px4_msgs) StdoutLine: {'line': b'-- Up-to-date: /home/mustardking/ws_sensor_combined/install/px4_msgs/include/px4_msgs/px4_msgs/msg/vehicle_local_position.h\n'}
[1.553415] (px4_msgs) StdoutLine: {'line': b'-- Up-to-date: /home/mustardking/ws_sensor_combined/install/px4_msgs/include/px4_msgs/px4_msgs/msg/vehicle_attitude.h\n'}
[1.553450] (px4_msgs) StdoutLine: {'line': b'-- Up-to-date: /home/mustardking/ws_sensor_combined/install/px4_msgs/include/px4_msgs/px4_msgs/msg/vehicle_angular_velocity.h\n'}
[1.553482] (px4_msgs) StdoutLine: {'line': b'-- Up-to-date: /home/mustardking/ws_sensor_combined/install/px4_msgs/include/px4_msgs/px4_msgs/msg/collision_constraints.h\n'}
[1.553528] (px4_msgs) StdoutLine: {'line': b'-- Up-to-date: /home/mustardking/ws_sensor_combined/install/px4_msgs/include/px4_msgs/px4_msgs/msg/transponder_report.h\n'}
[1.553559] (px4_msgs) StdoutLine: {'line': b'-- Up-to-date: /home/mustardking/ws_sensor_combined/install/px4_msgs/include/px4_msgs/px4_msgs/msg/offboard_control_mode.h\n'}
[1.553582] (px4_msgs) StdoutLine: {'line': b'-- Up-to-date: /home/mustardking/ws_sensor_combined/install/px4_msgs/include/px4_msgs/px4_msgs/msg/mount_orientation.h\n'}
[1.553618] (px4_msgs) StdoutLine: {'line': b'-- Up-to-date: /home/mustardking/ws_sensor_combined/install/px4_msgs/include/px4_msgs/px4_msgs/msg/yaw_estimator_status.h\n'}
[1.553657] (px4_msgs) StdoutLine: {'line': b'-- Up-to-date: /home/mustardking/ws_sensor_combined/install/px4_msgs/include/px4_msgs/px4_msgs/msg/orbit_status.h\n'}
[1.553718] (px4_msgs) StdoutLine: {'line': b'-- Up-to-date: /home/mustardking/ws_sensor_combined/install/px4_msgs/include/px4_msgs/px4_msgs/msg/ulog_stream_ack.h\n'}
[1.553753] (px4_msgs) StdoutLine: {'line': b'-- Up-to-date: /home/mustardking/ws_sensor_combined/install/px4_msgs/include/px4_msgs/px4_msgs/msg/actuator_motors.h\n'}
[1.553788] (px4_msgs) StdoutLine: {'line': b'-- Up-to-date: /home/mustardking/ws_sensor_combined/install/px4_msgs/include/px4_msgs/px4_msgs/msg/task_stack_info.h\n'}
[1.553817] (px4_msgs) StdoutLine: {'line': b'-- Up-to-date: /home/mustardking/ws_sensor_combined/install/px4_msgs/include/px4_msgs/px4_msgs/msg/sensor_gnss_relative.h\n'}
[1.553862] (px4_msgs) StdoutLine: {'line': b'-- Up-to-date: /home/mustardking/ws_sensor_combined/install/px4_msgs/include/px4_msgs/px4_msgs/msg/vehicle_status.h\n'}
[1.553905] (px4_msgs) StdoutLine: {'line': b'-- Up-to-date: /home/mustardking/ws_sensor_combined/install/px4_msgs/include/px4_msgs/px4_msgs/msg/vehicle_optical_flow_vel.h\n'}
[1.553957] (px4_msgs) StdoutLine: {'line': b'-- Up-to-date: /home/mustardking/ws_sensor_combined/install/px4_msgs/include/px4_msgs/px4_msgs/msg/landing_gear_wheel.h\n'}
[1.553991] (px4_msgs) StdoutLine: {'line': b'-- Up-to-date: /home/mustardking/ws_sensor_combined/install/px4_msgs/include/px4_msgs/px4_msgs/msg/autotune_attitude_control_status.h\n'}
[1.554027] (px4_msgs) StdoutLine: {'line': b'-- Up-to-date: /home/mustardking/ws_sensor_combined/install/px4_msgs/include/px4_msgs/px4_msgs/msg/gps_inject_data.h\n'}
[1.554062] (px4_msgs) StdoutLine: {'line': b'-- Up-to-date: /home/mustardking/ws_sensor_combined/install/px4_msgs/include/px4_msgs/px4_msgs/msg/internal_combustion_engine_status.h\n'}
[1.554087] (px4_msgs) StdoutLine: {'line': b'-- Up-to-date: /home/mustardking/ws_sensor_combined/install/px4_msgs/include/px4_msgs/px4_msgs/msg/mode_completed.h\n'}
[1.554110] (px4_msgs) StdoutLine: {'line': b'-- Up-to-date: /home/mustardking/ws_sensor_combined/install/px4_msgs/include/px4_msgs/px4_msgs/msg/gimbal_device_information.h\n'}
[1.554135] (px4_msgs) StdoutLine: {'line': b'-- Up-to-date: /home/mustardking/ws_sensor_combined/install/px4_msgs/include/px4_msgs/px4_msgs/msg/mavlink_tunnel.h\n'}
[1.554158] (px4_msgs) StdoutLine: {'line': b'-- Up-to-date: /home/mustardking/ws_sensor_combined/install/px4_msgs/include/px4_msgs/px4_msgs/msg/debug_value.h\n'}
[1.554191] (px4_msgs) StdoutLine: {'line': b'-- Up-to-date: /home/mustardking/ws_sensor_combined/install/px4_msgs/include/px4_msgs/px4_msgs/msg/vehicle_command_ack.h\n'}
[1.554223] (px4_msgs) StdoutLine: {'line': b'-- Up-to-date: /home/mustardking/ws_sensor_combined/install/px4_msgs/include/px4_msgs/px4_msgs/msg/mission.h\n'}
[1.554257] (px4_msgs) StdoutLine: {'line': b'-- Up-to-date: /home/mustardking/ws_sensor_combined/install/px4_msgs/include/px4_msgs/px4_msgs/msg/hover_thrust_estimate.h\n'}
[1.554283] (px4_msgs) StdoutLine: {'line': b'-- Up-to-date: /home/mustardking/ws_sensor_combined/install/px4_msgs/include/px4_msgs/px4_msgs/msg/failure_detector_status.h\n'}
[1.554307] (px4_msgs) StdoutLine: {'line': b'-- Up-to-date: /home/mustardking/ws_sensor_combined/install/px4_msgs/include/px4_msgs/px4_msgs/msg/heater_status.h\n'}
[1.554333] (px4_msgs) StdoutLine: {'line': b'-- Up-to-date: /home/mustardking/ws_sensor_combined/install/px4_msgs/include/px4_msgs/px4_msgs/msg/esc_report.h\n'}
[1.554356] (px4_msgs) StdoutLine: {'line': b'-- Up-to-date: /home/mustardking/ws_sensor_combined/install/px4_msgs/include/px4_msgs/px4_msgs/msg/sensor_gyro_fifo.h\n'}
[1.554379] (px4_msgs) StdoutLine: {'line': b'-- Up-to-date: /home/mustardking/ws_sensor_combined/install/px4_msgs/include/px4_msgs/px4_msgs/msg/health_report.h\n'}
[1.554402] (px4_msgs) StdoutLine: {'line': b'-- Up-to-date: /home/mustardking/ws_sensor_combined/install/px4_msgs/include/px4_msgs/px4_msgs/msg/actuator_test.h\n'}
[1.554425] (px4_msgs) StdoutLine: {'line': b'-- Up-to-date: /home/mustardking/ws_sensor_combined/install/px4_msgs/include/px4_msgs/px4_msgs/msg/fixed_wing_lateral_guidance_status.h\n'}
[1.554449] (px4_msgs) StdoutLine: {'line': b'-- Up-to-date: /home/mustardking/ws_sensor_combined/install/px4_msgs/include/px4_msgs/px4_msgs/msg/geofence_status.h\n'}
[1.554472] (px4_msgs) StdoutLine: {'line': b'-- Up-to-date: /home/mustardking/ws_sensor_combined/install/px4_msgs/include/px4_msgs/px4_msgs/msg/gpio_out.h\n'}
[1.554495] (px4_msgs) StdoutLine: {'line': b'-- Up-to-date: /home/mustardking/ws_sensor_combined/install/px4_msgs/include/px4_msgs/px4_msgs/msg/follow_target_estimator.h\n'}
[1.554518] (px4_msgs) StdoutLine: {'line': b'-- Up-to-date: /home/mustardking/ws_sensor_combined/install/px4_msgs/include/px4_msgs/px4_msgs/msg/vehicle_rates_setpoint.h\n'}
[1.554541] (px4_msgs) StdoutLine: {'line': b'-- Up-to-date: /home/mustardking/ws_sensor_combined/install/px4_msgs/include/px4_msgs/px4_msgs/msg/home_position.h\n'}
[1.554563] (px4_msgs) StdoutLine: {'line': b'-- Up-to-date: /home/mustardking/ws_sensor_combined/install/px4_msgs/include/px4_msgs/px4_msgs/msg/position_controller_landing_status.h\n'}
[1.554587] (px4_msgs) StdoutLine: {'line': b'-- Up-to-date: /home/mustardking/ws_sensor_combined/install/px4_msgs/include/px4_msgs/px4_msgs/msg/rover_speed_setpoint.h\n'}
[1.554610] (px4_msgs) StdoutLine: {'line': b'-- Up-to-date: /home/mustardking/ws_sensor_combined/install/px4_msgs/include/px4_msgs/px4_msgs/msg/rc_channels.h\n'}
[1.554633] (px4_msgs) StdoutLine: {'line': b'-- Up-to-date: /home/mustardking/ws_sensor_combined/install/px4_msgs/include/px4_msgs/px4_msgs/msg/rover_rate_setpoint.h\n'}
[1.554659] (px4_msgs) StdoutLine: {'line': b'-- Up-to-date: /home/mustardking/ws_sensor_combined/install/px4_msgs/include/px4_msgs/px4_msgs/msg/gimbal_manager_set_manual_control.h\n'}
[1.554690] (px4_msgs) StdoutLine: {'line': b'-- Up-to-date: /home/mustardking/ws_sensor_combined/install/px4_msgs/include/px4_msgs/px4_msgs/msg/vehicle_imu_status.h\n'}
[1.554722] (px4_msgs) StdoutLine: {'line': b'-- Up-to-date: /home/mustardking/ws_sensor_combined/install/px4_msgs/include/px4_msgs/px4_msgs/msg/ekf2_timestamps.h\n'}
[1.554749] (px4_msgs) StdoutLine: {'line': b'-- Up-to-date: /home/mustardking/ws_sensor_combined/install/px4_msgs/include/px4_msgs/px4_msgs/msg/takeoff_status.h\n'}
[1.554772] (px4_msgs) StdoutLine: {'line': b'-- Up-to-date: /home/mustardking/ws_sensor_combined/install/px4_msgs/include/px4_msgs/px4_msgs/msg/rover_throttle_setpoint.h\n'}
[1.554795] (px4_msgs) StdoutLine: {'line': b'-- Up-to-date: /home/mustardking/ws_sensor_combined/install/px4_msgs/include/px4_msgs/px4_msgs/msg/orb_test_large.h\n'}
[1.554818] (px4_msgs) StdoutLine: {'line': b'-- Up-to-date: /home/mustardking/ws_sensor_combined/install/px4_msgs/include/px4_msgs/px4_msgs/msg/rtl_time_estimate.h\n'}
[1.554853] (px4_msgs) StdoutLine: {'line': b'-- Up-to-date: /home/mustardking/ws_sensor_combined/install/px4_msgs/include/px4_msgs/px4_msgs/msg/actuator_controls_status.h\n'}
[1.554880] (px4_msgs) StdoutLine: {'line': b'-- Up-to-date: /home/mustardking/ws_sensor_combined/install/px4_msgs/include/px4_msgs/px4_msgs/msg/sensor_gps.h\n'}
[1.554908] (px4_msgs) StdoutLine: {'line': b'-- Up-to-date: /home/mustardking/ws_sensor_combined/install/px4_msgs/include/px4_msgs/px4_msgs/msg/battery_status.h\n'}
[1.554945] (px4_msgs) StdoutLine: {'line': b'-- Up-to-date: /home/mustardking/ws_sensor_combined/install/px4_msgs/include/px4_msgs/px4_msgs/msg/flight_phase_estimation.h\n'}
[1.554983] (px4_msgs) StdoutLine: {'line': b'-- Up-to-date: /home/mustardking/ws_sensor_combined/install/px4_msgs/include/px4_msgs/px4_msgs/msg/tiltrotor_extra_controls.h\n'}
[1.555014] (px4_msgs) StdoutLine: {'line': b'-- Up-to-date: /home/mustardking/ws_sensor_combined/install/px4_msgs/include/px4_msgs/px4_msgs/msg/airspeed.h\n'}
[1.555053] (px4_msgs) StdoutLine: {'line': b'-- Up-to-date: /home/mustardking/ws_sensor_combined/install/px4_msgs/include/px4_msgs/px4_msgs/msg/goto_setpoint.h\n'}
[1.555088] (px4_msgs) StdoutLine: {'line': b'-- Up-to-date: /home/mustardking/ws_sensor_combined/install/px4_msgs/include/px4_msgs/px4_msgs/msg/rpm.h\n'}
[1.555128] (px4_msgs) StdoutLine: {'line': b'-- Up-to-date: /home/mustardking/ws_sensor_combined/install/px4_msgs/include/px4_msgs/px4_msgs/msg/adc_report.h\n'}
[1.555163] (px4_msgs) StdoutLine: {'line': b'-- Up-to-date: /home/mustardking/ws_sensor_combined/install/px4_msgs/include/px4_msgs/px4_msgs/msg/telemetry_status.h\n'}
[1.555187] (px4_msgs) StdoutLine: {'line': b'-- Up-to-date: /home/mustardking/ws_sensor_combined/install/px4_msgs/include/px4_msgs/px4_msgs/msg/vehicle_global_position.h\n'}
[1.555223] (px4_msgs) StdoutLine: {'line': b'-- Up-to-date: /home/mustardking/ws_sensor_combined/install/px4_msgs/include/px4_msgs/px4_msgs/msg/battery_info.h\n'}
[1.555259] (px4_msgs) StdoutLine: {'line': b'-- Up-to-date: /home/mustardking/ws_sensor_combined/install/px4_msgs/include/px4_msgs/px4_msgs/msg/magnetometer_bias_estimate.h\n'}
[1.555319] (px4_msgs) StdoutLine: {'line': b'-- Up-to-date: /home/mustardking/ws_sensor_combined/install/px4_msgs/include/px4_msgs/px4_msgs/msg/vehicle_attitude_setpoint.h\n'}
[1.557703] (px4_msgs) StdoutLine: {'line': b'-- Up-to-date: /home/mustardking/ws_sensor_combined/install/px4_msgs/include/px4_msgs/px4_msgs/msg/estimator_sensor_bias.h\n'}
[1.557759] (px4_msgs) StdoutLine: {'line': b'-- Up-to-date: /home/mustardking/ws_sensor_combined/install/px4_msgs/include/px4_msgs/px4_msgs/msg/sensor_selection.h\n'}
[1.557804] (px4_msgs) StdoutLine: {'line': b'-- Up-to-date: /home/mustardking/ws_sensor_combined/install/px4_msgs/include/px4_msgs/px4_msgs/msg/estimator_innovations.h\n'}
[1.557855] (px4_msgs) StdoutLine: {'line': b'-- Up-to-date: /home/mustardking/ws_sensor_combined/install/px4_msgs/include/px4_msgs/px4_msgs/msg/wheel_encoders.h\n'}
[1.557898] (px4_msgs) StdoutLine: {'line': b'-- Up-to-date: /home/mustardking/ws_sensor_combined/install/px4_msgs/include/px4_msgs/px4_msgs/msg/open_drone_id_operator_id.h\n'}
[1.557948] (px4_msgs) StdoutLine: {'line': b'-- Up-to-date: /home/mustardking/ws_sensor_combined/install/px4_msgs/include/px4_msgs/px4_msgs/msg/qshell_req.h\n'}
[1.558002] (px4_msgs) StdoutLine: {'line': b'-- Up-to-date: /home/mustardking/ws_sensor_combined/install/px4_msgs/include/px4_msgs/px4_msgs/msg/button_event.h\n'}
[1.558053] (px4_msgs) StdoutLine: {'line': b'-- Up-to-date: /home/mustardking/ws_sensor_combined/install/px4_msgs/include/px4_msgs/px4_msgs/msg/sensors_status.h\n'}
[1.558112] (px4_msgs) StdoutLine: {'line': b'-- Up-to-date: /home/mustardking/ws_sensor_combined/install/px4_msgs/include/px4_msgs/px4_msgs/msg/tune_control.h\n'}
[1.558161] (px4_msgs) StdoutLine: {'line': b'-- Up-to-date: /home/mustardking/ws_sensor_combined/install/px4_msgs/include/px4_msgs/px4_msgs/msg/sensor_correction.h\n'}
[1.558201] (px4_msgs) StdoutLine: {'line': b'-- Up-to-date: /home/mustardking/ws_sensor_combined/install/px4_msgs/include/px4_msgs/px4_msgs/msg/fixed_wing_lateral_setpoint.h\n'}
[1.558254] (px4_msgs) StdoutLine: {'line': b'-- Up-to-date: /home/mustardking/ws_sensor_combined/install/px4_msgs/include/px4_msgs/px4_msgs/msg/debug_vect.h\n'}
[1.558330] (px4_msgs) StdoutLine: {'line': b'-- Up-to-date: /home/mustardking/ws_sensor_combined/install/px4_msgs/include/px4_msgs/px4_msgs/msg/sensor_preflight_mag.h\n'}
[1.558398] (px4_msgs) StdoutLine: {'line': b'-- Up-to-date: /home/mustardking/ws_sensor_combined/install/px4_msgs/include/px4_msgs/px4_msgs/msg/camera_capture.h\n'}
[1.558447] (px4_msgs) StdoutLine: {'line': b'-- Up-to-date: /home/mustardking/ws_sensor_combined/install/px4_msgs/include/px4_msgs/px4_msgs/msg/debug_key_value.h\n'}
[1.558492] (px4_msgs) StdoutLine: {'line': b'-- Up-to-date: /home/mustardking/ws_sensor_combined/install/px4_msgs/include/px4_msgs/px4_msgs/msg/open_drone_id_self_id.h\n'}
[1.558541] (px4_msgs) StdoutLine: {'line': b'-- Up-to-date: /home/mustardking/ws_sensor_combined/install/px4_msgs/include/px4_msgs/px4_msgs/msg/generator_status.h\n'}
[1.558584] (px4_msgs) StdoutLine: {'line': b'-- Up-to-date: /home/mustardking/ws_sensor_combined/install/px4_msgs/include/px4_msgs/px4_msgs/msg/actuator_servos.h\n'}
[1.558624] (px4_msgs) StdoutLine: {'line': b'-- Up-to-date: /home/mustardking/ws_sensor_combined/install/px4_msgs/include/px4_msgs/px4_msgs/msg/estimator_status.h\n'}
[1.558650] (px4_msgs) StdoutLine: {'line': b'-- Up-to-date: /home/mustardking/ws_sensor_combined/install/px4_msgs/include/px4_msgs/px4_msgs/msg/trajectory_setpoint.h\n'}
[1.558676] (px4_msgs) StdoutLine: {'line': b'-- Up-to-date: /home/mustardking/ws_sensor_combined/install/px4_msgs/include/px4_msgs/px4_msgs/msg/navigator_status.h\n'}
[1.558724] (px4_msgs) StdoutLine: {'line': b'-- Up-to-date: /home/mustardking/ws_sensor_combined/install/px4_msgs/include/px4_msgs/px4_msgs/msg/esc_status.h\n'}
[1.558772] (px4_msgs) StdoutLine: {'line': b'-- Up-to-date: /home/mustardking/ws_sensor_combined/install/px4_msgs/include/px4_msgs/px4_msgs/msg/position_setpoint_triplet.h\n'}
[1.558818] (px4_msgs) StdoutLine: {'line': b'-- Up-to-date: /home/mustardking/ws_sensor_combined/install/px4_msgs/include/px4_msgs/px4_msgs/msg/vehicle_land_detected.h\n'}
[1.558856] (px4_msgs) StdoutLine: {'line': b'-- Up-to-date: /home/mustardking/ws_sensor_combined/install/px4_msgs/include/px4_msgs/px4_msgs/msg/parameter_set_value_response.h\n'}
[1.558887] (px4_msgs) StdoutLine: {'line': b'-- Up-to-date: /home/mustardking/ws_sensor_combined/install/px4_msgs/include/px4_msgs/px4_msgs/msg/vehicle_acceleration.h\n'}
[1.558911] (px4_msgs) StdoutLine: {'line': b'-- Up-to-date: /home/mustardking/ws_sensor_combined/install/px4_msgs/include/px4_msgs/px4_msgs/msg/sensor_accel.h\n'}
[1.558935] (px4_msgs) StdoutLine: {'line': b'-- Up-to-date: /home/mustardking/ws_sensor_combined/install/px4_msgs/include/px4_msgs/px4_msgs/msg/manual_control_setpoint.h\n'}
[1.558957] (px4_msgs) StdoutLine: {'line': b'-- Up-to-date: /home/mustardking/ws_sensor_combined/install/px4_msgs/include/px4_msgs/px4_msgs/msg/position_setpoint.h\n'}
[1.558981] (px4_msgs) StdoutLine: {'line': b'-- Up-to-date: /home/mustardking/ws_sensor_combined/install/px4_msgs/include/px4_msgs/px4_msgs/msg/gimbal_device_set_attitude.h\n'}
[1.559004] (px4_msgs) StdoutLine: {'line': b'-- Up-to-date: /home/mustardking/ws_sensor_combined/install/px4_msgs/include/px4_msgs/px4_msgs/msg/open_drone_id_arm_status.h\n'}
[1.559029] (px4_msgs) StdoutLine: {'line': b'-- Up-to-date: /home/mustardking/ws_sensor_combined/install/px4_msgs/include/px4_msgs/px4_msgs/msg/parameter_set_value_request.h\n'}
[1.559052] (px4_msgs) StdoutLine: {'line': b'-- Up-to-date: /home/mustardking/ws_sensor_combined/install/px4_msgs/include/px4_msgs/px4_msgs/msg/uavcan_parameter_request.h\n'}
[1.559079] (px4_msgs) StdoutLine: {'line': b'-- Up-to-date: /home/mustardking/ws_sensor_combined/install/px4_msgs/include/px4_msgs/px4_msgs/msg/landing_target_pose.h\n'}
[1.559102] (px4_msgs) StdoutLine: {'line': b'-- Up-to-date: /home/mustardking/ws_sensor_combined/install/px4_msgs/include/px4_msgs/px4_msgs/msg/ping.h\n'}
[1.559126] (px4_msgs) StdoutLine: {'line': b'-- Up-to-date: /home/mustardking/ws_sensor_combined/install/px4_msgs/include/px4_msgs/px4_msgs/msg/gimbal_controls.h\n'}
[1.559149] (px4_msgs) StdoutLine: {'line': b'-- Up-to-date: /home/mustardking/ws_sensor_combined/install/px4_msgs/include/px4_msgs/px4_msgs/msg/mavlink_log.h\n'}
[1.559172] (px4_msgs) StdoutLine: {'line': b'-- Up-to-date: /home/mustardking/ws_sensor_combined/install/px4_msgs/include/px4_msgs/px4_msgs/msg/iridiumsbd_status.h\n'}
[1.559194] (px4_msgs) StdoutLine: {'line': b'-- Up-to-date: /home/mustardking/ws_sensor_combined/install/px4_msgs/include/px4_msgs/px4_msgs/msg/gpio_request.h\n'}
[1.559217] (px4_msgs) StdoutLine: {'line': b'-- Up-to-date: /home/mustardking/ws_sensor_combined/install/px4_msgs/include/px4_msgs/px4_msgs/msg/timesync_status.h\n'}
[1.559240] (px4_msgs) StdoutLine: {'line': b'-- Up-to-date: /home/mustardking/ws_sensor_combined/install/px4_msgs/include/px4_msgs/px4_msgs/msg/input_rc.h\n'}
[1.559263] (px4_msgs) StdoutLine: {'line': b'-- Up-to-date: /home/mustardking/ws_sensor_combined/install/px4_msgs/include/px4_msgs/px4_msgs/msg/rover_attitude_setpoint.h\n'}
[1.559286] (px4_msgs) StdoutLine: {'line': b'-- Up-to-date: /home/mustardking/ws_sensor_combined/install/px4_msgs/include/px4_msgs/px4_msgs/msg/lateral_control_configuration.h\n'}
[1.559309] (px4_msgs) StdoutLine: {'line': b'-- Up-to-date: /home/mustardking/ws_sensor_combined/install/px4_msgs/include/px4_msgs/px4_msgs/msg/gpio_in.h\n'}
[1.559332] (px4_msgs) StdoutLine: {'line': b'-- Up-to-date: /home/mustardking/ws_sensor_combined/install/px4_msgs/include/px4_msgs/px4_msgs/msg/actuator_armed.h\n'}
[1.559355] (px4_msgs) StdoutLine: {'line': b'-- Up-to-date: /home/mustardking/ws_sensor_combined/install/px4_msgs/include/px4_msgs/px4_msgs/msg/actuator_outputs.h\n'}
[1.559403] (px4_msgs) StdoutLine: {'line': b'-- Up-to-date: /home/mustardking/ws_sensor_combined/install/px4_msgs/include/px4_msgs/px4_msgs/msg/rc_parameter_map.h\n'}
[1.559426] (px4_msgs) StdoutLine: {'line': b'-- Up-to-date: /home/mustardking/ws_sensor_combined/install/px4_msgs/include/px4_msgs/px4_msgs/msg/estimator_aid_source2d.h\n'}
[1.559505] (px4_msgs) StdoutLine: {'line': b'-- Up-to-date: /home/mustardking/ws_sensor_combined/install/px4_msgs/include/px4_msgs/px4_msgs/msg/airspeed_wind.h\n'}
[1.559663] (px4_msgs) StdoutLine: {'line': b'-- Up-to-date: /home/mustardking/ws_sensor_combined/install/px4_msgs/include/px4_msgs/px4_msgs/msg/internal_combustion_engine_control.h\n'}
[1.559703] (px4_msgs) StdoutLine: {'line': b'-- Up-to-date: /home/mustardking/ws_sensor_combined/install/px4_msgs/include/px4_msgs/px4_msgs/msg/trajectory_setpoint6dof.h\n'}
[1.559730] (px4_msgs) StdoutLine: {'line': b'-- Up-to-date: /home/mustardking/ws_sensor_combined/install/px4_msgs/include/px4_msgs/px4_msgs/msg/orb_test_medium.h\n'}
[1.559756] (px4_msgs) StdoutLine: {'line': b'-- Up-to-date: /home/mustardking/ws_sensor_combined/install/px4_msgs/include/px4_msgs/px4_msgs/msg/gimbal_manager_status.h\n'}
[1.559780] (px4_msgs) StdoutLine: {'line': b'-- Up-to-date: /home/mustardking/ws_sensor_combined/install/px4_msgs/include/px4_msgs/px4_msgs/msg/wind.h\n'}
[1.559804] (px4_msgs) StdoutLine: {'line': b'-- Up-to-date: /home/mustardking/ws_sensor_combined/install/px4_msgs/include/px4_msgs/px4_msgs/msg/estimator_bias.h\n'}
[1.559831] (px4_msgs) StdoutLine: {'line': b'-- Up-to-date: /home/mustardking/ws_sensor_combined/install/px4_msgs/include/px4_msgs/px4_msgs/msg/rover_speed_status.h\n'}
[1.559854] (px4_msgs) StdoutLine: {'line': b'-- Up-to-date: /home/mustardking/ws_sensor_combined/install/px4_msgs/include/px4_msgs/px4_msgs/msg/cellular_status.h\n'}
[1.559878] (px4_msgs) StdoutLine: {'line': b'-- Up-to-date: /home/mustardking/ws_sensor_combined/install/px4_msgs/include/px4_msgs/px4_msgs/msg/event.h\n'}
[1.559903] (px4_msgs) StdoutLine: {'line': b'-- Up-to-date: /home/mustardking/ws_sensor_combined/install/px4_msgs/include/px4_msgs/px4_msgs/msg/dronecan_node_status.h\n'}
[1.559927] (px4_msgs) StdoutLine: {'line': b'-- Up-to-date: /home/mustardking/ws_sensor_combined/install/px4_msgs/include/px4_msgs/px4_msgs/msg/can_interface_status.h\n'}
[1.559951] (px4_msgs) StdoutLine: {'line': b'-- Up-to-date: /home/mustardking/ws_sensor_combined/install/px4_msgs/include/px4_msgs/px4_msgs/msg/vehicle_air_data.h\n'}
[1.559975] (px4_msgs) StdoutLine: {'line': b'-- Up-to-date: /home/mustardking/ws_sensor_combined/install/px4_msgs/include/px4_msgs/px4_msgs/msg/normalized_unsigned_setpoint.h\n'}
[1.559999] (px4_msgs) StdoutLine: {'line': b'-- Up-to-date: /home/mustardking/ws_sensor_combined/install/px4_msgs/include/px4_msgs/px4_msgs/msg/vehicle_command.h\n'}
[1.560023] (px4_msgs) StdoutLine: {'line': b'-- Up-to-date: /home/mustardking/ws_sensor_combined/install/px4_msgs/include/px4_msgs/px4_msgs/msg/open_drone_id_system.h\n'}
[1.560047] (px4_msgs) StdoutLine: {'line': b'-- Up-to-date: /home/mustardking/ws_sensor_combined/install/px4_msgs/include/px4_msgs/px4_msgs/msg/arming_check_request.h\n'}
[1.560070] (px4_msgs) StdoutLine: {'line': b'-- Up-to-date: /home/mustardking/ws_sensor_combined/install/px4_msgs/include/px4_msgs/px4_msgs/msg/velocity_limits.h\n'}
[1.560094] (px4_msgs) StdoutLine: {'line': b'-- Up-to-date: /home/mustardking/ws_sensor_combined/install/px4_msgs/include/px4_msgs/px4_msgs/msg/onboard_computer_status.h\n'}
[1.560117] (px4_msgs) StdoutLine: {'line': b'-- Up-to-date: /home/mustardking/ws_sensor_combined/install/px4_msgs/include/px4_msgs/px4_msgs/msg/config_overrides.h\n'}
[1.560145] (px4_msgs) StdoutLine: {'line': b'-- Up-to-date: /home/mustardking/ws_sensor_combined/install/px4_msgs/include/px4_msgs/px4_msgs/msg/led_control.h\n'}
[1.560168] (px4_msgs) StdoutLine: {'line': b'-- Up-to-date: /home/mustardking/ws_sensor_combined/install/px4_msgs/include/px4_msgs/px4_msgs/msg/manual_control_switches.h\n'}
[1.560191] (px4_msgs) StdoutLine: {'line': b'-- Up-to-date: /home/mustardking/ws_sensor_combined/install/px4_msgs/include/px4_msgs/px4_msgs/msg/navigator_mission_item.h\n'}
[1.560214] (px4_msgs) StdoutLine: {'line': b'-- Up-to-date: /home/mustardking/ws_sensor_combined/install/px4_msgs/include/px4_msgs/px4_msgs/msg/register_ext_component_reply.h\n'}
[1.560238] (px4_msgs) StdoutLine: {'line': b'-- Up-to-date: /home/mustardking/ws_sensor_combined/install/px4_msgs/include/px4_msgs/px4_msgs/msg/estimator_selector_status.h\n'}
[1.560340] (px4_msgs) StdoutLine: {'line': b'-- Up-to-date: /home/mustardking/ws_sensor_combined/install/px4_msgs/include/px4_msgs/px4_msgs/msg/estimator_aid_source1d.h\n'}
[1.560770] (px4_msgs) StdoutLine: {'line': b'-- Up-to-date: /home/mustardking/ws_sensor_combined/install/px4_msgs/include/px4_msgs/px4_msgs/msg/power_button_state.h\n'}
[1.560803] (px4_msgs) StdoutLine: {'line': b'-- Up-to-date: /home/mustardking/ws_sensor_combined/install/px4_msgs/include/px4_msgs/px4_msgs/msg/estimator_gps_status.h\n'}
[1.560827] (px4_msgs) StdoutLine: {'line': b'-- Up-to-date: /home/mustardking/ws_sensor_combined/install/px4_msgs/include/px4_msgs/px4_msgs/msg/unregister_ext_component.h\n'}
[1.560852] (px4_msgs) StdoutLine: {'line': b'-- Up-to-date: /home/mustardking/ws_sensor_combined/install/px4_msgs/include/px4_msgs/px4_msgs/msg/debug_array.h\n'}
[1.560876] (px4_msgs) StdoutLine: {'line': b'-- Up-to-date: /home/mustardking/ws_sensor_combined/install/px4_msgs/include/px4_msgs/px4_msgs/msg/parameter_update.h\n'}
[1.560903] (px4_msgs) StdoutLine: {'line': b'-- Up-to-date: /home/mustardking/ws_sensor_combined/install/px4_msgs/include/px4_msgs/px4_msgs/msg/sensor_gyro.h\n'}
[1.560926] (px4_msgs) StdoutLine: {'line': b'-- Up-to-date: /home/mustardking/ws_sensor_combined/install/px4_msgs/include/px4_msgs/px4_msgs/msg/sensor_mag.h\n'}
[1.560949] (px4_msgs) StdoutLine: {'line': b'-- Up-to-date: /home/mustardking/ws_sensor_combined/install/px4_msgs/include/px4_msgs/px4_msgs/msg/vtol_vehicle_status.h\n'}
[1.560974] (px4_msgs) StdoutLine: {'line': b'-- Up-to-date: /home/mustardking/ws_sensor_combined/install/px4_msgs/include/px4_msgs/px4_msgs/msg/rtl_status.h\n'}
[1.560997] (px4_msgs) StdoutLine: {'line': b'-- Up-to-date: /home/mustardking/ws_sensor_combined/install/px4_msgs/include/px4_msgs/px4_msgs/msg/action_request.h\n'}
[1.561021] (px4_msgs) StdoutLine: {'line': b'-- Up-to-date: /home/mustardking/ws_sensor_combined/install/px4_msgs/include/px4_msgs/px4_msgs/msg/vehicle_optical_flow.h\n'}
[1.561045] (px4_msgs) StdoutLine: {'line': b'-- Up-to-date: /home/mustardking/ws_sensor_combined/install/px4_msgs/include/px4_msgs/px4_msgs/msg/mission_result.h\n'}
[1.561068] (px4_msgs) StdoutLine: {'line': b'-- Up-to-date: /home/mustardking/ws_sensor_combined/install/px4_msgs/include/px4_msgs/px4_msgs/msg/parameter_reset_request.h\n'}
[1.561091] (px4_msgs) StdoutLine: {'line': b'-- Up-to-date: /home/mustardking/ws_sensor_combined/install/px4_msgs/include/px4_msgs/px4_msgs/msg/rover_rate_status.h\n'}
[1.561114] (px4_msgs) StdoutLine: {'line': b'-- Up-to-date: /home/mustardking/ws_sensor_combined/install/px4_msgs/include/px4_msgs/px4_msgs/msg/gimbal_device_attitude_status.h\n'}
[1.561138] (px4_msgs) StdoutLine: {'line': b'-- Up-to-date: /home/mustardking/ws_sensor_combined/install/px4_msgs/include/px4_msgs/px4_msgs/msg/sensor_airflow.h\n'}
[1.561161] (px4_msgs) StdoutLine: {'line': b'-- Up-to-date: /home/mustardking/ws_sensor_combined/install/px4_msgs/include/px4_msgs/px4_msgs/msg/sensor_uwb.h\n'}
[1.561184] (px4_msgs) StdoutLine: {'line': b'-- Up-to-date: /home/mustardking/ws_sensor_combined/install/px4_msgs/include/px4_msgs/px4_msgs/msg/rover_steering_setpoint.h\n'}
[1.561207] (px4_msgs) StdoutLine: {'line': b'-- Up-to-date: /home/mustardking/ws_sensor_combined/install/px4_msgs/include/px4_msgs/px4_msgs/msg/camera_trigger.h\n'}
[1.561230] (px4_msgs) StdoutLine: {'line': b'-- Up-to-date: /home/mustardking/ws_sensor_combined/install/px4_msgs/include/px4_msgs/px4_msgs/msg/longitudinal_control_configuration.h\n'}
[1.561254] (px4_msgs) StdoutLine: {'line': b'-- Up-to-date: /home/mustardking/ws_sensor_combined/install/px4_msgs/include/px4_msgs/px4_msgs/msg/obstacle_distance.h\n'}
[1.561277] (px4_msgs) StdoutLine: {'line': b'-- Up-to-date: /home/mustardking/ws_sensor_combined/install/px4_msgs/include/px4_msgs/px4_msgs/msg/fixed_wing_longitudinal_setpoint.h\n'}
[1.561301] (px4_msgs) StdoutLine: {'line': b'-- Up-to-date: /home/mustardking/ws_sensor_combined/install/px4_msgs/include/px4_msgs/px4_msgs/msg/sensor_gnss_status.h\n'}
[1.561324] (px4_msgs) StdoutLine: {'line': b'-- Up-to-date: /home/mustardking/ws_sensor_combined/install/px4_msgs/include/px4_msgs/px4_msgs/msg/gimbal_manager_information.h\n'}
[1.561347] (px4_msgs) StdoutLine: {'line': b'-- Up-to-date: /home/mustardking/ws_sensor_combined/install/px4_msgs/include/px4_msgs/px4_msgs/msg/sensor_combined.h\n'}
[1.561370] (px4_msgs) StdoutLine: {'line': b'-- Up-to-date: /home/mustardking/ws_sensor_combined/install/px4_msgs/include/px4_msgs/px4_msgs/msg/pps_capture.h\n'}
[1.561393] (px4_msgs) StdoutLine: {'line': b'-- Up-to-date: /home/mustardking/ws_sensor_combined/install/px4_msgs/include/px4_msgs/px4_msgs/msg/position_controller_status.h\n'}
[1.561417] (px4_msgs) StdoutLine: {'line': b'-- Up-to-date: /home/mustardking/ws_sensor_combined/install/px4_msgs/include/px4_msgs/px4_msgs/msg/sensor_optical_flow.h\n'}
[1.561643] (px4_msgs) StdoutLine: {'line': b'-- Up-to-date: /home/mustardking/ws_sensor_combined/install/px4_msgs/include/px4_msgs/px4_msgs/msg/gpio_config.h\n'}
[1.561671] (px4_msgs) StdoutLine: {'line': b'-- Up-to-date: /home/mustardking/ws_sensor_combined/install/px4_msgs/include/px4_msgs/px4_msgs/msg/uavcan_parameter_value.h\n'}
[1.561694] (px4_msgs) StdoutLine: {'line': b'-- Up-to-date: /home/mustardking/ws_sensor_combined/install/px4_msgs/include/px4_msgs/px4_msgs/msg/rosidl_generator_c__visibility_control.h\n'}
[1.561718] (px4_msgs) StdoutLine: {'line': b'-- Up-to-date: /home/mustardking/ws_sensor_combined/install/px4_msgs/include/px4_msgs/px4_msgs/msg/px4io_status.h\n'}
[1.561741] (px4_msgs) StdoutLine: {'line': b'-- Up-to-date: /home/mustardking/ws_sensor_combined/install/px4_msgs/include/px4_msgs/px4_msgs/msg/launch_detection_status.h\n'}
[1.561764] (px4_msgs) StdoutLine: {'line': b'-- Up-to-date: /home/mustardking/ws_sensor_combined/install/px4_msgs/include/px4_msgs/px4_msgs/msg/vehicle_torque_setpoint.h\n'}
[1.561787] (px4_msgs) StdoutLine: {'line': b'-- Up-to-date: /home/mustardking/ws_sensor_combined/install/px4_msgs/include/px4_msgs/px4_msgs/msg/vehicle_odometry.h\n'}
[1.561811] (px4_msgs) StdoutLine: {'line': b'-- Up-to-date: /home/mustardking/ws_sensor_combined/install/px4_msgs/include/px4_msgs/px4_msgs/msg/vehicle_constraints.h\n'}
[1.561833] (px4_msgs) StdoutLine: {'line': b'-- Up-to-date: /home/mustardking/ws_sensor_combined/install/px4_msgs/include/px4_msgs/px4_msgs/msg/differential_pressure.h\n'}
[1.561856] (px4_msgs) StdoutLine: {'line': b'-- Up-to-date: /home/mustardking/ws_sensor_combined/install/px4_msgs/include/px4_msgs/px4_msgs/msg/qshell_retval.h\n'}
[1.561879] (px4_msgs) StdoutLine: {'line': b'-- Up-to-date: /home/mustardking/ws_sensor_combined/install/px4_msgs/include/px4_msgs/px4_msgs/msg/actuator_servos_trim.h\n'}
[1.561904] (px4_msgs) StdoutLine: {'line': b'-- Up-to-date: /home/mustardking/ws_sensor_combined/install/px4_msgs/include/px4_msgs/px4_msgs/msg/sensor_baro.h\n'}
[1.561928] (px4_msgs) StdoutLine: {'line': b'-- Up-to-date: /home/mustardking/ws_sensor_combined/install/px4_msgs/include/px4_msgs/px4_msgs/msg/irlock_report.h\n'}
[1.561951] (px4_msgs) StdoutLine: {'line': b'-- Up-to-date: /home/mustardking/ws_sensor_combined/install/px4_msgs/include/px4_msgs/px4_msgs/msg/vehicle_imu.h\n'}
[1.561974] (px4_msgs) StdoutLine: {'line': b'-- Up-to-date: /home/mustardking/ws_sensor_combined/install/px4_msgs/include/px4_msgs/px4_msgs/msg/cpuload.h\n'}
[1.562008] (px4_msgs) StdoutLine: {'line': b'-- Up-to-date: /home/mustardking/ws_sensor_combined/install/px4_msgs/include/px4_msgs/px4_msgs/msg/gps_dump.h\n'}
[1.562034] (px4_msgs) StdoutLine: {'line': b'-- Up-to-date: /home/mustardking/ws_sensor_combined/install/px4_msgs/include/px4_msgs/px4_msgs/msg/log_message.h\n'}
[1.562056] (px4_msgs) StdoutLine: {'line': b'-- Up-to-date: /home/mustardking/ws_sensor_combined/install/px4_msgs/include/px4_msgs/px4_msgs/msg/landing_gear.h\n'}
[1.562079] (px4_msgs) StdoutLine: {'line': b'-- Up-to-date: /home/mustardking/ws_sensor_combined/install/px4_msgs/include/px4_msgs/px4_msgs/msg/estimator_status_flags.h\n'}
[1.562102] (px4_msgs) StdoutLine: {'line': b'-- Up-to-date: /home/mustardking/ws_sensor_combined/install/px4_msgs/include/px4_msgs/px4_msgs/msg/mag_worker_data.h\n'}
[1.562126] (px4_msgs) StdoutLine: {'line': b'-- Up-to-date: /home/mustardking/ws_sensor_combined/install/px4_msgs/include/px4_msgs/px4_msgs/msg/pwm_input.h\n'}
[1.562149] (px4_msgs) StdoutLine: {'line': b'-- Up-to-date: /home/mustardking/ws_sensor_combined/install/px4_msgs/include/px4_msgs/px4_msgs/msg/fixed_wing_runway_control.h\n'}
[1.562173] (px4_msgs) StdoutLine: {'line': b'-- Up-to-date: /home/mustardking/ws_sensor_combined/install/px4_msgs/include/px4_msgs/px4_msgs/msg/distance_sensor_mode_change_request.h\n'}
[1.562196] (px4_msgs) StdoutLine: {'line': b'-- Up-to-date: /home/mustardking/ws_sensor_combined/install/px4_msgs/include/px4_msgs/px4_msgs/msg/follow_target.h\n'}
[1.562219] (px4_msgs) StdoutLine: {'line': b'-- Up-to-date: /home/mustardking/ws_sensor_combined/install/px4_msgs/include/px4_msgs/px4_msgs/msg/sensor_gyro_fft.h\n'}
[1.562242] (px4_msgs) StdoutLine: {'line': b'-- Up-to-date: /home/mustardking/ws_sensor_combined/install/px4_msgs/include/px4_msgs/px4_msgs/msg/landing_target_innovations.h\n'}
[1.562267] (px4_msgs) StdoutLine: {'line': b'-- Up-to-date: /home/mustardking/ws_sensor_combined/install/px4_msgs/include/px4_msgs/px4_msgs/msg/fixed_wing_lateral_status.h\n'}
[1.562291] (px4_msgs) StdoutLine: {'line': b'-- Up-to-date: /home/mustardking/ws_sensor_combined/install/px4_msgs/include/px4_msgs/px4_msgs/msg/vehicle_magnetometer.h\n'}
[1.562314] (px4_msgs) StdoutLine: {'line': b'-- Up-to-date: /home/mustardking/ws_sensor_combined/install/px4_msgs/include/px4_msgs/px4_msgs/msg/radio_status.h\n'}
[1.562337] (px4_msgs) StdoutLine: {'line': b'-- Up-to-date: /home/mustardking/ws_sensor_combined/install/px4_msgs/include/px4_msgs/px4_msgs/msg/follow_target_status.h\n'}
[1.562359] (px4_msgs) StdoutLine: {'line': b'-- Up-to-date: /home/mustardking/ws_sensor_combined/install/px4_msgs/include/px4_msgs/px4_msgs/msg/pure_pursuit_status.h\n'}
[1.562383] (px4_msgs) StdoutLine: {'line': b'-- Up-to-date: /home/mustardking/ws_sensor_combined/install/px4_msgs/include/px4_msgs/px4_msgs/msg/rover_position_setpoint.h\n'}
[1.562406] (px4_msgs) StdoutLine: {'line': b'-- Up-to-date: /home/mustardking/ws_sensor_combined/install/px4_msgs/include/px4_msgs/px4_msgs/msg/gimbal_manager_set_attitude.h\n'}
[1.562429] (px4_msgs) StdoutLine: {'line': b'-- Up-to-date: /home/mustardking/ws_sensor_combined/install/px4_msgs/include/px4_msgs/px4_msgs/msg/figure_eight_status.h\n'}
[1.562455] (px4_msgs) StdoutLine: {'line': b'-- Up-to-date: /home/mustardking/ws_sensor_combined/install/px4_msgs/include/px4_msgs/px4_msgs/msg/message_format_response.h\n'}
[1.562479] (px4_msgs) StdoutLine: {'line': b'-- Up-to-date: /home/mustardking/ws_sensor_combined/install/px4_msgs/include/px4_msgs/px4_msgs/msg/distance_sensor.h\n'}
[1.562547] (px4_msgs) StdoutLine: {'line': b'-- Up-to-date: /home/mustardking/ws_sensor_combined/install/px4_msgs/include/px4_msgs/px4_msgs/msg/gripper.h\n'}
[1.562585] (px4_msgs) StdoutLine: {'line': b'-- Up-to-date: /home/mustardking/ws_sensor_combined/install/px4_msgs/include/px4_msgs/px4_msgs/msg/power_monitor.h\n'}
[1.562620] (px4_msgs) StdoutLine: {'line': b'-- Up-to-date: /home/mustardking/ws_sensor_combined/install/px4_msgs/include/px4_msgs/px4_msgs/msg/tecs_status.h\n'}
[1.562652] (px4_msgs) StdoutLine: {'line': b'-- Up-to-date: /home/mustardking/ws_sensor_combined/install/px4_msgs/include/px4_msgs/px4_msgs/msg/vehicle_thrust_setpoint.h\n'}
[1.562675] (px4_msgs) StdoutLine: {'line': b'-- Up-to-date: /home/mustardking/ws_sensor_combined/install/px4_msgs/include/px4_msgs/px4_msgs/msg/vehicle_control_mode.h\n'}
[1.562698] (px4_msgs) StdoutLine: {'line': b'-- Up-to-date: /home/mustardking/ws_sensor_combined/install/px4_msgs/include/px4_msgs/px4_msgs/msg/geofence_result.h\n'}
[1.562721] (px4_msgs) StdoutLine: {'line': b'-- Up-to-date: /home/mustardking/ws_sensor_combined/install/px4_msgs/include/px4_msgs/px4_msgs/msg/message_format_request.h\n'}
[1.562746] (px4_msgs) StdoutLine: {'line': b'-- Up-to-date: /home/mustardking/ws_sensor_combined/install/px4_msgs/include/px4_msgs/px4_msgs/msg/dataman_response.h\n'}
[1.562769] (px4_msgs) StdoutLine: {'line': b'-- Up-to-date: /home/mustardking/ws_sensor_combined/install/px4_msgs/include/px4_msgs/px4_msgs/msg/vehicle_local_position_setpoint.h\n'}
[1.562792] (px4_msgs) StdoutLine: {'line': b'-- Up-to-date: /home/mustardking/ws_sensor_combined/install/px4_msgs/include/px4_msgs/px4_msgs/msg/rover_attitude_status.h\n'}
[1.562815] (px4_msgs) StdoutLine: {'line': b'-- Up-to-date: /home/mustardking/ws_sensor_combined/install/px4_msgs/include/px4_msgs/px4_msgs/msg/failsafe_flags.h\n'}
[1.562838] (px4_msgs) StdoutLine: {'line': b'-- Up-to-date: /home/mustardking/ws_sensor_combined/install/px4_msgs/include/px4_msgs/px4_msgs/msg/sensor_hygrometer.h\n'}
[1.562861] (px4_msgs) StdoutLine: {'line': b'-- Up-to-date: /home/mustardking/ws_sensor_combined/install/px4_msgs/include/px4_msgs/px4_msgs/msg/sensors_status_imu.h\n'}
[1.562884] (px4_msgs) StdoutLine: {'line': b'-- Up-to-date: /home/mustardking/ws_sensor_combined/install/px4_msgs/include/px4_msgs/px4_msgs/msg/detail\n'}
[1.562929] (px4_msgs) StdoutLine: {'line': b'-- Up-to-date: /home/mustardking/ws_sensor_combined/install/px4_msgs/include/px4_msgs/px4_msgs/msg/detail/mode_completed__functions.h\n'}
[1.562961] (px4_msgs) StdoutLine: {'line': b'-- Up-to-date: /home/mustardking/ws_sensor_combined/install/px4_msgs/include/px4_msgs/px4_msgs/msg/detail/vehicle_optical_flow__functions.h\n'}
[1.562986] (px4_msgs) StdoutLine: {'line': b'-- Up-to-date: /home/mustardking/ws_sensor_combined/install/px4_msgs/include/px4_msgs/px4_msgs/msg/detail/estimator_selector_status__struct.h\n'}
[1.563009] (px4_msgs) StdoutLine: {'line': b'-- Up-to-date: /home/mustardking/ws_sensor_combined/install/px4_msgs/include/px4_msgs/px4_msgs/msg/detail/pure_pursuit_status__struct.h\n'}
[1.563328] (px4_msgs) StdoutLine: {'line': b'-- Up-to-date: /home/mustardking/ws_sensor_combined/install/px4_msgs/include/px4_msgs/px4_msgs/msg/detail/dataman_response__functions.h\n'}
[1.565389] (px4_msgs) StdoutLine: {'line': b'-- Up-to-date: /home/mustardking/ws_sensor_combined/install/px4_msgs/include/px4_msgs/px4_msgs/msg/detail/orb_test__struct.h\n'}
[1.565462] (px4_msgs) StdoutLine: {'line': b'-- Up-to-date: /home/mustardking/ws_sensor_combined/install/px4_msgs/include/px4_msgs/px4_msgs/msg/detail/iridiumsbd_status__struct.h\n'}
[1.565488] (px4_msgs) StdoutLine: {'line': b'-- Up-to-date: /home/mustardking/ws_sensor_combined/install/px4_msgs/include/px4_msgs/px4_msgs/msg/detail/sensors_status__type_support.h\n'}
[1.565511] (px4_msgs) StdoutLine: {'line': b'-- Up-to-date: /home/mustardking/ws_sensor_combined/install/px4_msgs/include/px4_msgs/px4_msgs/msg/detail/sensors_status__struct.h\n'}
[1.565535] (px4_msgs) StdoutLine: {'line': b'-- Up-to-date: /home/mustardking/ws_sensor_combined/install/px4_msgs/include/px4_msgs/px4_msgs/msg/detail/estimator_aid_source2d__type_support.h\n'}
[1.565559] (px4_msgs) StdoutLine: {'line': b'-- Up-to-date: /home/mustardking/ws_sensor_combined/install/px4_msgs/include/px4_msgs/px4_msgs/msg/detail/actuator_outputs__type_support.h\n'}
[1.565582] (px4_msgs) StdoutLine: {'line': b'-- Up-to-date: /home/mustardking/ws_sensor_combined/install/px4_msgs/include/px4_msgs/px4_msgs/msg/detail/airspeed_validated__functions.h\n'}
[1.565606] (px4_msgs) StdoutLine: {'line': b'-- Up-to-date: /home/mustardking/ws_sensor_combined/install/px4_msgs/include/px4_msgs/px4_msgs/msg/detail/fuel_tank_status__struct.h\n'}
[1.565630] (px4_msgs) StdoutLine: {'line': b'-- Up-to-date: /home/mustardking/ws_sensor_combined/install/px4_msgs/include/px4_msgs/px4_msgs/msg/detail/message_format_response__type_support.h\n'}
[1.565653] (px4_msgs) StdoutLine: {'line': b'-- Up-to-date: /home/mustardking/ws_sensor_combined/install/px4_msgs/include/px4_msgs/px4_msgs/msg/detail/sensor_gyro_fifo__type_support.h\n'}
[1.565676] (px4_msgs) StdoutLine: {'line': b'-- Up-to-date: /home/mustardking/ws_sensor_combined/install/px4_msgs/include/px4_msgs/px4_msgs/msg/detail/collision_constraints__functions.c\n'}
[1.565703] (px4_msgs) StdoutLine: {'line': b'-- Up-to-date: /home/mustardking/ws_sensor_combined/install/px4_msgs/include/px4_msgs/px4_msgs/msg/detail/gps_dump__functions.h\n'}
[1.565726] (px4_msgs) StdoutLine: {'line': b'-- Up-to-date: /home/mustardking/ws_sensor_combined/install/px4_msgs/include/px4_msgs/px4_msgs/msg/detail/cellular_status__type_support.h\n'}
[1.565749] (px4_msgs) StdoutLine: {'line': b'-- Up-to-date: /home/mustardking/ws_sensor_combined/install/px4_msgs/include/px4_msgs/px4_msgs/msg/detail/fixed_wing_lateral_setpoint__type_support.h\n'}
[1.565778] (px4_msgs) StdoutLine: {'line': b'-- Up-to-date: /home/mustardking/ws_sensor_combined/install/px4_msgs/include/px4_msgs/px4_msgs/msg/detail/failsafe_flags__struct.h\n'}
[1.565815] (px4_msgs) StdoutLine: {'line': b'-- Up-to-date: /home/mustardking/ws_sensor_combined/install/px4_msgs/include/px4_msgs/px4_msgs/msg/detail/tune_control__struct.h\n'}
[1.565839] (px4_msgs) StdoutLine: {'line': b'-- Up-to-date: /home/mustardking/ws_sensor_combined/install/px4_msgs/include/px4_msgs/px4_msgs/msg/detail/arming_check_reply__functions.c\n'}
[1.565865] (px4_msgs) StdoutLine: {'line': b'-- Up-to-date: /home/mustardking/ws_sensor_combined/install/px4_msgs/include/px4_msgs/px4_msgs/msg/detail/position_setpoint__type_support.h\n'}
[1.565888] (px4_msgs) StdoutLine: {'line': b'-- Up-to-date: /home/mustardking/ws_sensor_combined/install/px4_msgs/include/px4_msgs/px4_msgs/msg/detail/flight_phase_estimation__struct.h\n'}
[1.565912] (px4_msgs) StdoutLine: {'line': b'-- Up-to-date: /home/mustardking/ws_sensor_combined/install/px4_msgs/include/px4_msgs/px4_msgs/msg/detail/orb_test_medium__type_support.h\n'}
[1.565934] (px4_msgs) StdoutLine: {'line': b'-- Up-to-date: /home/mustardking/ws_sensor_combined/install/px4_msgs/include/px4_msgs/px4_msgs/msg/detail/system_power__functions.h\n'}
[1.565980] (px4_msgs) StdoutLine: {'line': b'-- Up-to-date: /home/mustardking/ws_sensor_combined/install/px4_msgs/include/px4_msgs/px4_msgs/msg/detail/actuator_controls_status__struct.h\n'}
[1.566011] (px4_msgs) StdoutLine: {'line': b'-- Up-to-date: /home/mustardking/ws_sensor_combined/install/px4_msgs/include/px4_msgs/px4_msgs/msg/detail/gimbal_controls__functions.c\n'}
[1.566049] (px4_msgs) StdoutLine: {'line': b'-- Up-to-date: /home/mustardking/ws_sensor_combined/install/px4_msgs/include/px4_msgs/px4_msgs/msg/detail/gimbal_manager_set_manual_control__struct.h\n'}
[1.566102] (px4_msgs) StdoutLine: {'line': b'-- Up-to-date: /home/mustardking/ws_sensor_combined/install/px4_msgs/include/px4_msgs/px4_msgs/msg/detail/actuator_motors__type_support.h\n'}
[1.566127] (px4_msgs) StdoutLine: {'line': b'-- Up-to-date: /home/mustardking/ws_sensor_combined/install/px4_msgs/include/px4_msgs/px4_msgs/msg/detail/magnetometer_bias_estimate__functions.h\n'}
[1.566150] (px4_msgs) StdoutLine: {'line': b'-- Up-to-date: /home/mustardking/ws_sensor_combined/install/px4_msgs/include/px4_msgs/px4_msgs/msg/detail/rate_ctrl_status__functions.c\n'}
[1.566173] (px4_msgs) StdoutLine: {'line': b'-- Up-to-date: /home/mustardking/ws_sensor_combined/install/px4_msgs/include/px4_msgs/px4_msgs/msg/detail/sensor_combined__functions.h\n'}
[1.566196] (px4_msgs) StdoutLine: {'line': b'-- Up-to-date: /home/mustardking/ws_sensor_combined/install/px4_msgs/include/px4_msgs/px4_msgs/msg/detail/qshell_retval__type_support.h\n'}
[1.566219] (px4_msgs) StdoutLine: {'line': b'-- Up-to-date: /home/mustardking/ws_sensor_combined/install/px4_msgs/include/px4_msgs/px4_msgs/msg/detail/debug_value__functions.h\n'}
[1.566243] (px4_msgs) StdoutLine: {'line': b'-- Up-to-date: /home/mustardking/ws_sensor_combined/install/px4_msgs/include/px4_msgs/px4_msgs/msg/detail/camera_trigger__functions.h\n'}
[1.566266] (px4_msgs) StdoutLine: {'line': b'-- Up-to-date: /home/mustardking/ws_sensor_combined/install/px4_msgs/include/px4_msgs/px4_msgs/msg/detail/offboard_control_mode__type_support.h\n'}
[1.566289] (px4_msgs) StdoutLine: {'line': b'-- Up-to-date: /home/mustardking/ws_sensor_combined/install/px4_msgs/include/px4_msgs/px4_msgs/msg/detail/vehicle_control_mode__functions.h\n'}
[1.566312] (px4_msgs) StdoutLine: {'line': b'-- Up-to-date: /home/mustardking/ws_sensor_combined/install/px4_msgs/include/px4_msgs/px4_msgs/msg/detail/sensor_gyro_fft__struct.h\n'}
[1.566335] (px4_msgs) StdoutLine: {'line': b'-- Up-to-date: /home/mustardking/ws_sensor_combined/install/px4_msgs/include/px4_msgs/px4_msgs/msg/detail/mavlink_tunnel__functions.c\n'}
[1.566357] (px4_msgs) StdoutLine: {'line': b'-- Up-to-date: /home/mustardking/ws_sensor_combined/install/px4_msgs/include/px4_msgs/px4_msgs/msg/detail/satellite_info__functions.c\n'}
[1.566380] (px4_msgs) StdoutLine: {'line': b'-- Up-to-date: /home/mustardking/ws_sensor_combined/install/px4_msgs/include/px4_msgs/px4_msgs/msg/detail/lateral_control_configuration__functions.h\n'}
[1.566403] (px4_msgs) StdoutLine: {'line': b'-- Up-to-date: /home/mustardking/ws_sensor_combined/install/px4_msgs/include/px4_msgs/px4_msgs/msg/detail/autotune_attitude_control_status__type_support.h\n'}
[1.566425] (px4_msgs) StdoutLine: {'line': b'-- Up-to-date: /home/mustardking/ws_sensor_combined/install/px4_msgs/include/px4_msgs/px4_msgs/msg/detail/obstacle_distance__struct.h\n'}
[1.566471] (px4_msgs) StdoutLine: {'line': b'-- Up-to-date: /home/mustardking/ws_sensor_combined/install/px4_msgs/include/px4_msgs/px4_msgs/msg/detail/tecs_status__functions.h\n'}
[1.566496] (px4_msgs) StdoutLine: {'line': b'-- Up-to-date: /home/mustardking/ws_sensor_combined/install/px4_msgs/include/px4_msgs/px4_msgs/msg/detail/rc_channels__functions.c\n'}
[1.566523] (px4_msgs) StdoutLine: {'line': b'-- Up-to-date: /home/mustardking/ws_sensor_combined/install/px4_msgs/include/px4_msgs/px4_msgs/msg/detail/sensor_gyro_fifo__struct.h\n'}
[1.566546] (px4_msgs) StdoutLine: {'line': b'-- Up-to-date: /home/mustardking/ws_sensor_combined/install/px4_msgs/include/px4_msgs/px4_msgs/msg/detail/dataman_response__functions.c\n'}
[1.566569] (px4_msgs) StdoutLine: {'line': b'-- Up-to-date: /home/mustardking/ws_sensor_combined/install/px4_msgs/include/px4_msgs/px4_msgs/msg/detail/fuel_tank_status__functions.h\n'}
[1.566591] (px4_msgs) StdoutLine: {'line': b'-- Up-to-date: /home/mustardking/ws_sensor_combined/install/px4_msgs/include/px4_msgs/px4_msgs/msg/detail/gpio_out__type_support.h\n'}
[1.566615] (px4_msgs) StdoutLine: {'line': b'-- Up-to-date: /home/mustardking/ws_sensor_combined/install/px4_msgs/include/px4_msgs/px4_msgs/msg/detail/vehicle_air_data__functions.c\n'}
[1.566638] (px4_msgs) StdoutLine: {'line': b'-- Up-to-date: /home/mustardking/ws_sensor_combined/install/px4_msgs/include/px4_msgs/px4_msgs/msg/detail/orb_test_large__type_support.h\n'}
[1.566662] (px4_msgs) StdoutLine: {'line': b'-- Up-to-date: /home/mustardking/ws_sensor_combined/install/px4_msgs/include/px4_msgs/px4_msgs/msg/detail/debug_array__functions.h\n'}
[1.566685] (px4_msgs) StdoutLine: {'line': b'-- Up-to-date: /home/mustardking/ws_sensor_combined/install/px4_msgs/include/px4_msgs/px4_msgs/msg/detail/yaw_estimator_status__functions.h\n'}
[1.566707] (px4_msgs) StdoutLine: {'line': b'-- Up-to-date: /home/mustardking/ws_sensor_combined/install/px4_msgs/include/px4_msgs/px4_msgs/msg/detail/ping__struct.h\n'}
[1.566730] (px4_msgs) StdoutLine: {'line': b'-- Up-to-date: /home/mustardking/ws_sensor_combined/install/px4_msgs/include/px4_msgs/px4_msgs/msg/detail/vehicle_local_position_setpoint__type_support.h\n'}
[1.566753] (px4_msgs) StdoutLine: {'line': b'-- Up-to-date: /home/mustardking/ws_sensor_combined/install/px4_msgs/include/px4_msgs/px4_msgs/msg/detail/uavcan_parameter_request__functions.c\n'}
[1.566775] (px4_msgs) StdoutLine: {'line': b'-- Up-to-date: /home/mustardking/ws_sensor_combined/install/px4_msgs/include/px4_msgs/px4_msgs/msg/detail/config_overrides__struct.h\n'}
[1.566798] (px4_msgs) StdoutLine: {'line': b'-- Up-to-date: /home/mustardking/ws_sensor_combined/install/px4_msgs/include/px4_msgs/px4_msgs/msg/detail/landing_gear_wheel__struct.h\n'}
[1.566821] (px4_msgs) StdoutLine: {'line': b'-- Up-to-date: /home/mustardking/ws_sensor_combined/install/px4_msgs/include/px4_msgs/px4_msgs/msg/detail/estimator_innovations__functions.h\n'}
[1.566844] (px4_msgs) StdoutLine: {'line': b'-- Up-to-date: /home/mustardking/ws_sensor_combined/install/px4_msgs/include/px4_msgs/px4_msgs/msg/detail/vehicle_command_ack__type_support.h\n'}
[1.566867] (px4_msgs) StdoutLine: {'line': b'-- Up-to-date: /home/mustardking/ws_sensor_combined/install/px4_msgs/include/px4_msgs/px4_msgs/msg/detail/dataman_request__struct.h\n'}
[1.566890] (px4_msgs) StdoutLine: {'line': b'-- Up-to-date: /home/mustardking/ws_sensor_combined/install/px4_msgs/include/px4_msgs/px4_msgs/msg/detail/camera_status__struct.h\n'}
[1.566920] (px4_msgs) StdoutLine: {'line': b'-- Up-to-date: /home/mustardking/ws_sensor_combined/install/px4_msgs/include/px4_msgs/px4_msgs/msg/detail/collision_constraints__struct.h\n'}
[1.566946] (px4_msgs) StdoutLine: {'line': b'-- Up-to-date: /home/mustardking/ws_sensor_combined/install/px4_msgs/include/px4_msgs/px4_msgs/msg/detail/position_setpoint_triplet__functions.c\n'}
[1.566969] (px4_msgs) StdoutLine: {'line': b'-- Up-to-date: /home/mustardking/ws_sensor_combined/install/px4_msgs/include/px4_msgs/px4_msgs/msg/detail/position_controller_landing_status__functions.h\n'}
[1.566994] (px4_msgs) StdoutLine: {'line': b'-- Up-to-date: /home/mustardking/ws_sensor_combined/install/px4_msgs/include/px4_msgs/px4_msgs/msg/detail/rover_throttle_setpoint__functions.c\n'}
[1.567017] (px4_msgs) StdoutLine: {'line': b'-- Up-to-date: /home/mustardking/ws_sensor_combined/install/px4_msgs/include/px4_msgs/px4_msgs/msg/detail/led_control__functions.c\n'}
[1.567040] (px4_msgs) StdoutLine: {'line': b'-- Up-to-date: /home/mustardking/ws_sensor_combined/install/px4_msgs/include/px4_msgs/px4_msgs/msg/detail/uavcan_parameter_value__functions.h\n'}
[1.567064] (px4_msgs) StdoutLine: {'line': b'-- Up-to-date: /home/mustardking/ws_sensor_combined/install/px4_msgs/include/px4_msgs/px4_msgs/msg/detail/satellite_info__struct.h\n'}
[1.567087] (px4_msgs) StdoutLine: {'line': b'-- Up-to-date: /home/mustardking/ws_sensor_combined/install/px4_msgs/include/px4_msgs/px4_msgs/msg/detail/camera_status__functions.h\n'}
[1.567109] (px4_msgs) StdoutLine: {'line': b'-- Up-to-date: /home/mustardking/ws_sensor_combined/install/px4_msgs/include/px4_msgs/px4_msgs/msg/detail/power_button_state__type_support.h\n'}
[1.567132] (px4_msgs) StdoutLine: {'line': b'-- Up-to-date: /home/mustardking/ws_sensor_combined/install/px4_msgs/include/px4_msgs/px4_msgs/msg/detail/failsafe_flags__functions.c\n'}
[1.567175] (px4_msgs) StdoutLine: {'line': b'-- Up-to-date: /home/mustardking/ws_sensor_combined/install/px4_msgs/include/px4_msgs/px4_msgs/msg/detail/rover_throttle_setpoint__type_support.h\n'}
[1.567198] (px4_msgs) StdoutLine: {'line': b'-- Up-to-date: /home/mustardking/ws_sensor_combined/install/px4_msgs/include/px4_msgs/px4_msgs/msg/detail/vehicle_command_ack__struct.h\n'}
[1.567225] (px4_msgs) StdoutLine: {'line': b'-- Up-to-date: /home/mustardking/ws_sensor_combined/install/px4_msgs/include/px4_msgs/px4_msgs/msg/detail/camera_status__functions.c\n'}
[1.567248] (px4_msgs) StdoutLine: {'line': b'-- Up-to-date: /home/mustardking/ws_sensor_combined/install/px4_msgs/include/px4_msgs/px4_msgs/msg/detail/gpio_in__struct.h\n'}
[1.567271] (px4_msgs) StdoutLine: {'line': b'-- Up-to-date: /home/mustardking/ws_sensor_combined/install/px4_msgs/include/px4_msgs/px4_msgs/msg/detail/tiltrotor_extra_controls__functions.h\n'}
[1.567303] (px4_msgs) StdoutLine: {'line': b'-- Up-to-date: /home/mustardking/ws_sensor_combined/install/px4_msgs/include/px4_msgs/px4_msgs/msg/detail/sensor_selection__functions.c\n'}
[1.567330] (px4_msgs) StdoutLine: {'line': b'-- Up-to-date: /home/mustardking/ws_sensor_combined/install/px4_msgs/include/px4_msgs/px4_msgs/msg/detail/task_stack_info__functions.h\n'}
[1.567353] (px4_msgs) StdoutLine: {'line': b'-- Up-to-date: /home/mustardking/ws_sensor_combined/install/px4_msgs/include/px4_msgs/px4_msgs/msg/detail/estimator_bias__type_support.h\n'}
[1.567375] (px4_msgs) StdoutLine: {'line': b'-- Up-to-date: /home/mustardking/ws_sensor_combined/install/px4_msgs/include/px4_msgs/px4_msgs/msg/detail/open_drone_id_operator_id__type_support.h\n'}
[1.567524] (px4_msgs) StdoutLine: {'line': b'-- Up-to-date: /home/mustardking/ws_sensor_combined/install/px4_msgs/include/px4_msgs/px4_msgs/msg/detail/mission_result__functions.c\n'}
[1.567713] (px4_msgs) StdoutLine: {'line': b'-- Up-to-date: /home/mustardking/ws_sensor_combined/install/px4_msgs/include/px4_msgs/px4_msgs/msg/detail/collision_constraints__type_support.h\n'}
[1.567801] (px4_msgs) StdoutLine: {'line': b'-- Up-to-date: /home/mustardking/ws_sensor_combined/install/px4_msgs/include/px4_msgs/px4_msgs/msg/detail/gimbal_device_information__struct.h\n'}
[1.567828] (px4_msgs) StdoutLine: {'line': b'-- Up-to-date: /home/mustardking/ws_sensor_combined/install/px4_msgs/include/px4_msgs/px4_msgs/msg/detail/mission_result__struct.h\n'}
[1.567851] (px4_msgs) StdoutLine: {'line': b'-- Up-to-date: /home/mustardking/ws_sensor_combined/install/px4_msgs/include/px4_msgs/px4_msgs/msg/detail/debug_vect__functions.c\n'}
[1.569681] (px4_msgs) StdoutLine: {'line': b'-- Up-to-date: /home/mustardking/ws_sensor_combined/install/px4_msgs/include/px4_msgs/px4_msgs/msg/detail/camera_trigger__type_support.h\n'}
[1.570083] (px4_msgs) StdoutLine: {'line': b'-- Up-to-date: /home/mustardking/ws_sensor_combined/install/px4_msgs/include/px4_msgs/px4_msgs/msg/detail/sensor_baro__functions.h\n'}
[1.570416] (px4_msgs) StdoutLine: {'line': b'-- Up-to-date: /home/mustardking/ws_sensor_combined/install/px4_msgs/include/px4_msgs/px4_msgs/msg/detail/register_ext_component_reply__type_support.h\n'}
[1.570776] (px4_msgs) StdoutLine: {'line': b'-- Up-to-date: /home/mustardking/ws_sensor_combined/install/px4_msgs/include/px4_msgs/px4_msgs/msg/detail/estimator_bias__functions.h\n'}
[1.571137] (px4_msgs) StdoutLine: {'line': b'-- Up-to-date: /home/mustardking/ws_sensor_combined/install/px4_msgs/include/px4_msgs/px4_msgs/msg/detail/actuator_servos_trim__functions.c\n'}
[1.571282] (px4_msgs) StdoutLine: {'line': b'-- Up-to-date: /home/mustardking/ws_sensor_combined/install/px4_msgs/include/px4_msgs/px4_msgs/msg/detail/longitudinal_control_configuration__functions.c\n'}
[1.571516] (px4_msgs) StdoutLine: {'line': b'-- Up-to-date: /home/mustardking/ws_sensor_combined/install/px4_msgs/include/px4_msgs/px4_msgs/msg/detail/event__type_support.h\n'}
[1.571597] (px4_msgs) StdoutLine: {'line': b'-- Up-to-date: /home/mustardking/ws_sensor_combined/install/px4_msgs/include/px4_msgs/px4_msgs/msg/detail/vehicle_angular_acceleration_setpoint__struct.h\n'}
[1.571624] (px4_msgs) StdoutLine: {'line': b'-- Up-to-date: /home/mustardking/ws_sensor_combined/install/px4_msgs/include/px4_msgs/px4_msgs/msg/detail/vehicle_rates_setpoint__type_support.h\n'}
[1.571648] (px4_msgs) StdoutLine: {'line': b'-- Up-to-date: /home/mustardking/ws_sensor_combined/install/px4_msgs/include/px4_msgs/px4_msgs/msg/detail/px4io_status__struct.h\n'}
[1.571671] (px4_msgs) StdoutLine: {'line': b'-- Up-to-date: /home/mustardking/ws_sensor_combined/install/px4_msgs/include/px4_msgs/px4_msgs/msg/detail/vehicle_angular_acceleration_setpoint__functions.c\n'}
[1.571694] (px4_msgs) StdoutLine: {'line': b'-- Up-to-date: /home/mustardking/ws_sensor_combined/install/px4_msgs/include/px4_msgs/px4_msgs/msg/detail/control_allocator_status__struct.h\n'}
[1.572234] (px4_msgs) StdoutLine: {'line': b'-- Up-to-date: /home/mustardking/ws_sensor_combined/install/px4_msgs/include/px4_msgs/px4_msgs/msg/detail/vehicle_control_mode__functions.c\n'}
[1.572258] (px4_msgs) StdoutLine: {'line': b'-- Up-to-date: /home/mustardking/ws_sensor_combined/install/px4_msgs/include/px4_msgs/px4_msgs/msg/detail/hover_thrust_estimate__functions.c\n'}
[1.572341] (px4_msgs) StdoutLine: {'line': b'-- Up-to-date: /home/mustardking/ws_sensor_combined/install/px4_msgs/include/px4_msgs/px4_msgs/msg/detail/collision_constraints__functions.h\n'}
[1.572367] (px4_msgs) StdoutLine: {'line': b'-- Up-to-date: /home/mustardking/ws_sensor_combined/install/px4_msgs/include/px4_msgs/px4_msgs/msg/detail/vtol_vehicle_status__functions.c\n'}
[1.572567] (px4_msgs) StdoutLine: {'line': b'-- Up-to-date: /home/mustardking/ws_sensor_combined/install/px4_msgs/include/px4_msgs/px4_msgs/msg/detail/debug_vect__struct.h\n'}
[1.572845] (px4_msgs) StdoutLine: {'line': b'-- Up-to-date: /home/mustardking/ws_sensor_combined/install/px4_msgs/include/px4_msgs/px4_msgs/msg/detail/navigator_mission_item__functions.h\n'}
[1.573173] (px4_msgs) StdoutLine: {'line': b'-- Up-to-date: /home/mustardking/ws_sensor_combined/install/px4_msgs/include/px4_msgs/px4_msgs/msg/detail/tiltrotor_extra_controls__struct.h\n'}
[1.573514] (px4_msgs) StdoutLine: {'line': b'-- Up-to-date: /home/mustardking/ws_sensor_combined/install/px4_msgs/include/px4_msgs/px4_msgs/msg/detail/rover_rate_setpoint__type_support.h\n'}
[1.573939] (px4_msgs) StdoutLine: {'line': b'-- Up-to-date: /home/mustardking/ws_sensor_combined/install/px4_msgs/include/px4_msgs/px4_msgs/msg/detail/vehicle_local_position__functions.c\n'}
[1.574120] (px4_msgs) StdoutLine: {'line': b'-- Up-to-date: /home/mustardking/ws_sensor_combined/install/px4_msgs/include/px4_msgs/px4_msgs/msg/detail/airspeed__functions.h\n'}
[1.574148] (px4_msgs) StdoutLine: {'line': b'-- Up-to-date: /home/mustardking/ws_sensor_combined/install/px4_msgs/include/px4_msgs/px4_msgs/msg/detail/vehicle_acceleration__functions.c\n'}
[1.574172] (px4_msgs) StdoutLine: {'line': b'-- Up-to-date: /home/mustardking/ws_sensor_combined/install/px4_msgs/include/px4_msgs/px4_msgs/msg/detail/position_controller_landing_status__struct.h\n'}
[1.574195] (px4_msgs) StdoutLine: {'line': b'-- Up-to-date: /home/mustardking/ws_sensor_combined/install/px4_msgs/include/px4_msgs/px4_msgs/msg/detail/geofence_status__functions.c\n'}
[1.574229] (px4_msgs) StdoutLine: {'line': b'-- Up-to-date: /home/mustardking/ws_sensor_combined/install/px4_msgs/include/px4_msgs/px4_msgs/msg/detail/gpio_config__type_support.h\n'}
[1.574264] (px4_msgs) StdoutLine: {'line': b'-- Up-to-date: /home/mustardking/ws_sensor_combined/install/px4_msgs/include/px4_msgs/px4_msgs/msg/detail/esc_report__functions.c\n'}
[1.574288] (px4_msgs) StdoutLine: {'line': b'-- Up-to-date: /home/mustardking/ws_sensor_combined/install/px4_msgs/include/px4_msgs/px4_msgs/msg/detail/dataman_response__type_support.h\n'}
[1.574322] (px4_msgs) StdoutLine: {'line': b'-- Up-to-date: /home/mustardking/ws_sensor_combined/install/px4_msgs/include/px4_msgs/px4_msgs/msg/detail/estimator_gps_status__struct.h\n'}
[1.574346] (px4_msgs) StdoutLine: {'line': b'-- Up-to-date: /home/mustardking/ws_sensor_combined/install/px4_msgs/include/px4_msgs/px4_msgs/msg/detail/vehicle_angular_velocity__functions.h\n'}
[1.574389] (px4_msgs) StdoutLine: {'line': b'-- Up-to-date: /home/mustardking/ws_sensor_combined/install/px4_msgs/include/px4_msgs/px4_msgs/msg/detail/gpio_in__functions.h\n'}
[1.574435] (px4_msgs) StdoutLine: {'line': b'-- Up-to-date: /home/mustardking/ws_sensor_combined/install/px4_msgs/include/px4_msgs/px4_msgs/msg/detail/sensor_gps__type_support.h\n'}
[1.574474] (px4_msgs) StdoutLine: {'line': b'-- Up-to-date: /home/mustardking/ws_sensor_combined/install/px4_msgs/include/px4_msgs/px4_msgs/msg/detail/debug_value__type_support.h\n'}
[1.574516] (px4_msgs) StdoutLine: {'line': b'-- Up-to-date: /home/mustardking/ws_sensor_combined/install/px4_msgs/include/px4_msgs/px4_msgs/msg/detail/vehicle_attitude__type_support.h\n'}
[1.574545] (px4_msgs) StdoutLine: {'line': b'-- Up-to-date: /home/mustardking/ws_sensor_combined/install/px4_msgs/include/px4_msgs/px4_msgs/msg/detail/input_rc__type_support.h\n'}
[1.574580] (px4_msgs) StdoutLine: {'line': b'-- Up-to-date: /home/mustardking/ws_sensor_combined/install/px4_msgs/include/px4_msgs/px4_msgs/msg/detail/vehicle_global_position__functions.h\n'}
[1.574611] (px4_msgs) StdoutLine: {'line': b'-- Up-to-date: /home/mustardking/ws_sensor_combined/install/px4_msgs/include/px4_msgs/px4_msgs/msg/detail/mission__struct.h\n'}
[1.574643] (px4_msgs) StdoutLine: {'line': b'-- Up-to-date: /home/mustardking/ws_sensor_combined/install/px4_msgs/include/px4_msgs/px4_msgs/msg/detail/rover_speed_status__functions.c\n'}
[1.574682] (px4_msgs) StdoutLine: {'line': b'-- Up-to-date: /home/mustardking/ws_sensor_combined/install/px4_msgs/include/px4_msgs/px4_msgs/msg/detail/rover_steering_setpoint__functions.h\n'}
[1.574716] (px4_msgs) StdoutLine: {'line': b'-- Up-to-date: /home/mustardking/ws_sensor_combined/install/px4_msgs/include/px4_msgs/px4_msgs/msg/detail/actuator_servos_trim__functions.h\n'}
[1.574890] (px4_msgs) StdoutLine: {'line': b'-- Up-to-date: /home/mustardking/ws_sensor_combined/install/px4_msgs/include/px4_msgs/px4_msgs/msg/detail/estimator_status_flags__functions.c\n'}
[1.575050] (px4_msgs) StdoutLine: {'line': b'-- Up-to-date: /home/mustardking/ws_sensor_combined/install/px4_msgs/include/px4_msgs/px4_msgs/msg/detail/radio_status__type_support.h\n'}
[1.575094] (px4_msgs) StdoutLine: {'line': b'-- Up-to-date: /home/mustardking/ws_sensor_combined/install/px4_msgs/include/px4_msgs/px4_msgs/msg/detail/vehicle_air_data__type_support.h\n'}
[1.575141] (px4_msgs) StdoutLine: {'line': b'-- Up-to-date: /home/mustardking/ws_sensor_combined/install/px4_msgs/include/px4_msgs/px4_msgs/msg/detail/camera_status__type_support.h\n'}
[1.575191] (px4_msgs) StdoutLine: {'line': b'-- Up-to-date: /home/mustardking/ws_sensor_combined/install/px4_msgs/include/px4_msgs/px4_msgs/msg/detail/sensor_optical_flow__struct.h\n'}
[1.575325] (px4_msgs) StdoutLine: {'line': b'-- Up-to-date: /home/mustardking/ws_sensor_combined/install/px4_msgs/include/px4_msgs/px4_msgs/msg/detail/mission__functions.c\n'}
[1.575351] (px4_msgs) StdoutLine: {'line': b'-- Up-to-date: /home/mustardking/ws_sensor_combined/install/px4_msgs/include/px4_msgs/px4_msgs/msg/detail/velocity_limits__functions.c\n'}
[1.575385] (px4_msgs) StdoutLine: {'line': b'-- Up-to-date: /home/mustardking/ws_sensor_combined/install/px4_msgs/include/px4_msgs/px4_msgs/msg/detail/sensors_status__functions.c\n'}
[1.575414] (px4_msgs) StdoutLine: {'line': b'-- Up-to-date: /home/mustardking/ws_sensor_combined/install/px4_msgs/include/px4_msgs/px4_msgs/msg/detail/vehicle_acceleration__type_support.h\n'}
[1.575447] (px4_msgs) StdoutLine: {'line': b'-- Up-to-date: /home/mustardking/ws_sensor_combined/install/px4_msgs/include/px4_msgs/px4_msgs/msg/detail/gimbal_device_attitude_status__functions.c\n'}
[1.575484] (px4_msgs) StdoutLine: {'line': b'-- Up-to-date: /home/mustardking/ws_sensor_combined/install/px4_msgs/include/px4_msgs/px4_msgs/msg/detail/rover_position_setpoint__struct.h\n'}
[1.589694] (px4_msgs) StdoutLine: {'line': b'-- Up-to-date: /home/mustardking/ws_sensor_combined/install/px4_msgs/include/px4_msgs/px4_msgs/msg/detail/sensor_gnss_status__functions.c\n'}
[1.589813] (px4_msgs) StdoutLine: {'line': b'-- Up-to-date: /home/mustardking/ws_sensor_combined/install/px4_msgs/include/px4_msgs/px4_msgs/msg/detail/wind__struct.h\n'}
[1.590091] (px4_msgs) StdoutLine: {'line': b'-- Up-to-date: /home/mustardking/ws_sensor_combined/install/px4_msgs/include/px4_msgs/px4_msgs/msg/detail/vehicle_odometry__functions.c\n'}
[1.590124] (px4_msgs) StdoutLine: {'line': b'-- Up-to-date: /home/mustardking/ws_sensor_combined/install/px4_msgs/include/px4_msgs/px4_msgs/msg/detail/ulog_stream_ack__struct.h\n'}
[1.590171] (px4_msgs) StdoutLine: {'line': b'-- Up-to-date: /home/mustardking/ws_sensor_combined/install/px4_msgs/include/px4_msgs/px4_msgs/msg/detail/velocity_limits__type_support.h\n'}
[1.590204] (px4_msgs) StdoutLine: {'line': b'-- Up-to-date: /home/mustardking/ws_sensor_combined/install/px4_msgs/include/px4_msgs/px4_msgs/msg/detail/vehicle_torque_setpoint__functions.c\n'}
[1.590237] (px4_msgs) StdoutLine: {'line': b'-- Up-to-date: /home/mustardking/ws_sensor_combined/install/px4_msgs/include/px4_msgs/px4_msgs/msg/detail/airspeed_wind__struct.h\n'}
[1.590327] (px4_msgs) StdoutLine: {'line': b'-- Up-to-date: /home/mustardking/ws_sensor_combined/install/px4_msgs/include/px4_msgs/px4_msgs/msg/detail/vehicle_magnetometer__struct.h\n'}
[1.590384] (px4_msgs) StdoutLine: {'line': b'-- Up-to-date: /home/mustardking/ws_sensor_combined/install/px4_msgs/include/px4_msgs/px4_msgs/msg/detail/debug_value__struct.h\n'}
[1.590412] (px4_msgs) StdoutLine: {'line': b'-- Up-to-date: /home/mustardking/ws_sensor_combined/install/px4_msgs/include/px4_msgs/px4_msgs/msg/detail/position_controller_landing_status__type_support.h\n'}
[1.590504] (px4_msgs) StdoutLine: {'line': b'-- Up-to-date: /home/mustardking/ws_sensor_combined/install/px4_msgs/include/px4_msgs/px4_msgs/msg/detail/parameter_set_used_request__functions.c\n'}
[1.590534] (px4_msgs) StdoutLine: {'line': b'-- Up-to-date: /home/mustardking/ws_sensor_combined/install/px4_msgs/include/px4_msgs/px4_msgs/msg/detail/estimator_event_flags__functions.h\n'}
[1.590579] (px4_msgs) StdoutLine: {'line': b'-- Up-to-date: /home/mustardking/ws_sensor_combined/install/px4_msgs/include/px4_msgs/px4_msgs/msg/detail/sensor_preflight_mag__functions.c\n'}
[1.590626] (px4_msgs) StdoutLine: {'line': b'-- Up-to-date: /home/mustardking/ws_sensor_combined/install/px4_msgs/include/px4_msgs/px4_msgs/msg/detail/failsafe_flags__functions.h\n'}
[1.590718] (px4_msgs) StdoutLine: {'line': b'-- Up-to-date: /home/mustardking/ws_sensor_combined/install/px4_msgs/include/px4_msgs/px4_msgs/msg/detail/parameter_set_value_response__functions.c\n'}
[1.590831] (px4_msgs) StdoutLine: {'line': b'-- Up-to-date: /home/mustardking/ws_sensor_combined/install/px4_msgs/include/px4_msgs/px4_msgs/msg/detail/action_request__functions.c\n'}
[1.590904] (px4_msgs) StdoutLine: {'line': b'-- Up-to-date: /home/mustardking/ws_sensor_combined/install/px4_msgs/include/px4_msgs/px4_msgs/msg/detail/unregister_ext_component__type_support.h\n'}
[1.590952] (px4_msgs) StdoutLine: {'line': b'-- Up-to-date: /home/mustardking/ws_sensor_combined/install/px4_msgs/include/px4_msgs/px4_msgs/msg/detail/fixed_wing_lateral_status__struct.h\n'}
[1.590989] (px4_msgs) StdoutLine: {'line': b'-- Up-to-date: /home/mustardking/ws_sensor_combined/install/px4_msgs/include/px4_msgs/px4_msgs/msg/detail/offboard_control_mode__struct.h\n'}
[1.591185] (px4_msgs) StdoutLine: {'line': b'-- Up-to-date: /home/mustardking/ws_sensor_combined/install/px4_msgs/include/px4_msgs/px4_msgs/msg/detail/neural_control__functions.h\n'}
[1.591225] (px4_msgs) StdoutLine: {'line': b'-- Up-to-date: /home/mustardking/ws_sensor_combined/install/px4_msgs/include/px4_msgs/px4_msgs/msg/detail/goto_setpoint__functions.h\n'}
[1.591269] (px4_msgs) StdoutLine: {'line': b'-- Up-to-date: /home/mustardking/ws_sensor_combined/install/px4_msgs/include/px4_msgs/px4_msgs/msg/detail/gimbal_manager_information__functions.c\n'}
[1.591307] (px4_msgs) StdoutLine: {'line': b'-- Up-to-date: /home/mustardking/ws_sensor_combined/install/px4_msgs/include/px4_msgs/px4_msgs/msg/detail/manual_control_switches__type_support.h\n'}
[1.591353] (px4_msgs) StdoutLine: {'line': b'-- Up-to-date: /home/mustardking/ws_sensor_combined/install/px4_msgs/include/px4_msgs/px4_msgs/msg/detail/vehicle_local_position__struct.h\n'}
[1.591401] (px4_msgs) StdoutLine: {'line': b'-- Up-to-date: /home/mustardking/ws_sensor_combined/install/px4_msgs/include/px4_msgs/px4_msgs/msg/detail/vehicle_global_position__struct.h\n'}
[1.591445] (px4_msgs) StdoutLine: {'line': b'-- Up-to-date: /home/mustardking/ws_sensor_combined/install/px4_msgs/include/px4_msgs/px4_msgs/msg/detail/tecs_status__functions.c\n'}
[1.591494] (px4_msgs) StdoutLine: {'line': b'-- Up-to-date: /home/mustardking/ws_sensor_combined/install/px4_msgs/include/px4_msgs/px4_msgs/msg/detail/gripper__type_support.h\n'}
[1.591532] (px4_msgs) StdoutLine: {'line': b'-- Up-to-date: /home/mustardking/ws_sensor_combined/install/px4_msgs/include/px4_msgs/px4_msgs/msg/detail/vehicle_optical_flow__type_support.h\n'}
[1.591578] (px4_msgs) StdoutLine: {'line': b'-- Up-to-date: /home/mustardking/ws_sensor_combined/install/px4_msgs/include/px4_msgs/px4_msgs/msg/detail/heater_status__functions.c\n'}
[1.591617] (px4_msgs) StdoutLine: {'line': b'-- Up-to-date: /home/mustardking/ws_sensor_combined/install/px4_msgs/include/px4_msgs/px4_msgs/msg/detail/timesync_status__struct.h\n'}
[1.591658] (px4_msgs) StdoutLine: {'line': b'-- Up-to-date: /home/mustardking/ws_sensor_combined/install/px4_msgs/include/px4_msgs/px4_msgs/msg/detail/parameter_set_used_request__struct.h\n'}
[1.591703] (px4_msgs) StdoutLine: {'line': b'-- Up-to-date: /home/mustardking/ws_sensor_combined/install/px4_msgs/include/px4_msgs/px4_msgs/msg/detail/open_drone_id_system__functions.c\n'}
[1.591742] (px4_msgs) StdoutLine: {'line': b'-- Up-to-date: /home/mustardking/ws_sensor_combined/install/px4_msgs/include/px4_msgs/px4_msgs/msg/detail/vehicle_global_position__type_support.h\n'}
[1.591777] (px4_msgs) StdoutLine: {'line': b'-- Up-to-date: /home/mustardking/ws_sensor_combined/install/px4_msgs/include/px4_msgs/px4_msgs/msg/detail/differential_pressure__functions.h\n'}
[1.591817] (px4_msgs) StdoutLine: {'line': b'-- Up-to-date: /home/mustardking/ws_sensor_combined/install/px4_msgs/include/px4_msgs/px4_msgs/msg/detail/gripper__functions.h\n'}
[1.591858] (px4_msgs) StdoutLine: {'line': b'-- Up-to-date: /home/mustardking/ws_sensor_combined/install/px4_msgs/include/px4_msgs/px4_msgs/msg/detail/logger_status__functions.c\n'}
[1.591897] (px4_msgs) StdoutLine: {'line': b'-- Up-to-date: /home/mustardking/ws_sensor_combined/install/px4_msgs/include/px4_msgs/px4_msgs/msg/detail/radio_status__functions.c\n'}
[1.591939] (px4_msgs) StdoutLine: {'line': b'-- Up-to-date: /home/mustardking/ws_sensor_combined/install/px4_msgs/include/px4_msgs/px4_msgs/msg/detail/orb_test_large__functions.c\n'}
[1.591981] (px4_msgs) StdoutLine: {'line': b'-- Up-to-date: /home/mustardking/ws_sensor_combined/install/px4_msgs/include/px4_msgs/px4_msgs/msg/detail/autotune_attitude_control_status__struct.h\n'}
[1.592016] (px4_msgs) StdoutLine: {'line': b'-- Up-to-date: /home/mustardking/ws_sensor_combined/install/px4_msgs/include/px4_msgs/px4_msgs/msg/detail/normalized_unsigned_setpoint__functions.h\n'}
[1.592065] (px4_msgs) StdoutLine: {'line': b'-- Up-to-date: /home/mustardking/ws_sensor_combined/install/px4_msgs/include/px4_msgs/px4_msgs/msg/detail/vehicle_magnetometer__functions.h\n'}
[1.592105] (px4_msgs) StdoutLine: {'line': b'-- Up-to-date: /home/mustardking/ws_sensor_combined/install/px4_msgs/include/px4_msgs/px4_msgs/msg/detail/message_format_request__functions.c\n'}
[1.592155] (px4_msgs) StdoutLine: {'line': b'-- Up-to-date: /home/mustardking/ws_sensor_combined/install/px4_msgs/include/px4_msgs/px4_msgs/msg/detail/vehicle_acceleration__functions.h\n'}
[1.592200] (px4_msgs) StdoutLine: {'line': b'-- Up-to-date: /home/mustardking/ws_sensor_combined/install/px4_msgs/include/px4_msgs/px4_msgs/msg/detail/parameter_update__functions.c\n'}
[1.592243] (px4_msgs) StdoutLine: {'line': b'-- Up-to-date: /home/mustardking/ws_sensor_combined/install/px4_msgs/include/px4_msgs/px4_msgs/msg/detail/debug_key_value__struct.h\n'}
[1.592351] (px4_msgs) StdoutLine: {'line': b'-- Up-to-date: /home/mustardking/ws_sensor_combined/install/px4_msgs/include/px4_msgs/px4_msgs/msg/detail/fixed_wing_longitudinal_setpoint__functions.h\n'}
[1.592726] (px4_msgs) StdoutLine: {'line': b'-- Up-to-date: /home/mustardking/ws_sensor_combined/install/px4_msgs/include/px4_msgs/px4_msgs/msg/detail/sensor_gnss_relative__type_support.h\n'}
[1.592933] (px4_msgs) StdoutLine: {'line': b'-- Up-to-date: /home/mustardking/ws_sensor_combined/install/px4_msgs/include/px4_msgs/px4_msgs/msg/detail/gimbal_manager_status__functions.h\n'}
[1.593198] (px4_msgs) StdoutLine: {'line': b'-- Up-to-date: /home/mustardking/ws_sensor_combined/install/px4_msgs/include/px4_msgs/px4_msgs/msg/detail/fixed_wing_runway_control__functions.c\n'}
[1.594750] (px4_msgs) StdoutLine: {'line': b'-- Up-to-date: /home/mustardking/ws_sensor_combined/install/px4_msgs/include/px4_msgs/px4_msgs/msg/detail/sensors_status_imu__functions.c\n'}
[1.594963] (px4_msgs) StdoutLine: {'line': b'-- Up-to-date: /home/mustardking/ws_sensor_combined/install/px4_msgs/include/px4_msgs/px4_msgs/msg/detail/adc_report__type_support.h\n'}
[1.595254] (px4_msgs) StdoutLine: {'line': b'-- Up-to-date: /home/mustardking/ws_sensor_combined/install/px4_msgs/include/px4_msgs/px4_msgs/msg/detail/open_drone_id_self_id__functions.h\n'}
[1.595569] (px4_msgs) StdoutLine: {'line': b'-- Up-to-date: /home/mustardking/ws_sensor_combined/install/px4_msgs/include/px4_msgs/px4_msgs/msg/detail/parameter_update__type_support.h\n'}
[1.596215] (px4_msgs) StdoutLine: {'line': b'-- Up-to-date: /home/mustardking/ws_sensor_combined/install/px4_msgs/include/px4_msgs/px4_msgs/msg/detail/heater_status__struct.h\n'}
[1.596880] (px4_msgs) StdoutLine: {'line': b'-- Up-to-date: /home/mustardking/ws_sensor_combined/install/px4_msgs/include/px4_msgs/px4_msgs/msg/detail/gimbal_device_set_attitude__struct.h\n'}
[1.597241] (px4_msgs) StdoutLine: {'line': b'-- Up-to-date: /home/mustardking/ws_sensor_combined/install/px4_msgs/include/px4_msgs/px4_msgs/msg/detail/sensors_status_imu__struct.h\n'}
[1.597279] (px4_msgs) StdoutLine: {'line': b'-- Up-to-date: /home/mustardking/ws_sensor_combined/install/px4_msgs/include/px4_msgs/px4_msgs/msg/detail/rover_attitude_status__type_support.h\n'}
[1.597306] (px4_msgs) StdoutLine: {'line': b'-- Up-to-date: /home/mustardking/ws_sensor_combined/install/px4_msgs/include/px4_msgs/px4_msgs/msg/detail/rover_speed_status__type_support.h\n'}
[1.597343] (px4_msgs) StdoutLine: {'line': b'-- Up-to-date: /home/mustardking/ws_sensor_combined/install/px4_msgs/include/px4_msgs/px4_msgs/msg/detail/message_format_request__struct.h\n'}
[1.597369] (px4_msgs) StdoutLine: {'line': b'-- Up-to-date: /home/mustardking/ws_sensor_combined/install/px4_msgs/include/px4_msgs/px4_msgs/msg/detail/orb_test_large__struct.h\n'}
[1.597415] (px4_msgs) StdoutLine: {'line': b'-- Up-to-date: /home/mustardking/ws_sensor_combined/install/px4_msgs/include/px4_msgs/px4_msgs/msg/detail/esc_status__struct.h\n'}
[1.597538] (px4_msgs) StdoutLine: {'line': b'-- Up-to-date: /home/mustardking/ws_sensor_combined/install/px4_msgs/include/px4_msgs/px4_msgs/msg/detail/vehicle_land_detected__functions.h\n'}
[1.597681] (px4_msgs) StdoutLine: {'line': b'-- Up-to-date: /home/mustardking/ws_sensor_combined/install/px4_msgs/include/px4_msgs/px4_msgs/msg/detail/distance_sensor__functions.c\n'}
[1.597881] (px4_msgs) StdoutLine: {'line': b'-- Up-to-date: /home/mustardking/ws_sensor_combined/install/px4_msgs/include/px4_msgs/px4_msgs/msg/detail/mount_orientation__type_support.h\n'}
[1.599908] (px4_msgs) StdoutLine: {'line': b'-- Up-to-date: /home/mustardking/ws_sensor_combined/install/px4_msgs/include/px4_msgs/px4_msgs/msg/detail/gpio_config__struct.h\n'}
[1.600556] (px4_msgs) StdoutLine: {'line': b'-- Up-to-date: /home/mustardking/ws_sensor_combined/install/px4_msgs/include/px4_msgs/px4_msgs/msg/detail/geofence_status__functions.h\n'}
[1.600630] (px4_msgs) StdoutLine: {'line': b'-- Up-to-date: /home/mustardking/ws_sensor_combined/install/px4_msgs/include/px4_msgs/px4_msgs/msg/detail/button_event__type_support.h\n'}
[1.600694] (px4_msgs) StdoutLine: {'line': b'-- Up-to-date: /home/mustardking/ws_sensor_combined/install/px4_msgs/include/px4_msgs/px4_msgs/msg/detail/satellite_info__functions.h\n'}
[1.600745] (px4_msgs) StdoutLine: {'line': b'-- Up-to-date: /home/mustardking/ws_sensor_combined/install/px4_msgs/include/px4_msgs/px4_msgs/msg/detail/estimator_selector_status__functions.c\n'}
[1.600784] (px4_msgs) StdoutLine: {'line': b'-- Up-to-date: /home/mustardking/ws_sensor_combined/install/px4_msgs/include/px4_msgs/px4_msgs/msg/detail/battery_info__type_support.h\n'}
[1.600822] (px4_msgs) StdoutLine: {'line': b'-- Up-to-date: /home/mustardking/ws_sensor_combined/install/px4_msgs/include/px4_msgs/px4_msgs/msg/detail/telemetry_status__functions.h\n'}
[1.600860] (px4_msgs) StdoutLine: {'line': b'-- Up-to-date: /home/mustardking/ws_sensor_combined/install/px4_msgs/include/px4_msgs/px4_msgs/msg/detail/pps_capture__struct.h\n'}
[1.600911] (px4_msgs) StdoutLine: {'line': b'-- Up-to-date: /home/mustardking/ws_sensor_combined/install/px4_msgs/include/px4_msgs/px4_msgs/msg/detail/wind__functions.h\n'}
[1.600970] (px4_msgs) StdoutLine: {'line': b'-- Up-to-date: /home/mustardking/ws_sensor_combined/install/px4_msgs/include/px4_msgs/px4_msgs/msg/detail/fixed_wing_runway_control__struct.h\n'}
[1.601047] (px4_msgs) StdoutLine: {'line': b'-- Up-to-date: /home/mustardking/ws_sensor_combined/install/px4_msgs/include/px4_msgs/px4_msgs/msg/detail/mavlink_log__type_support.h\n'}
[1.601101] (px4_msgs) StdoutLine: {'line': b'-- Up-to-date: /home/mustardking/ws_sensor_combined/install/px4_msgs/include/px4_msgs/px4_msgs/msg/detail/landing_target_pose__functions.h\n'}
[1.601143] (px4_msgs) StdoutLine: {'line': b'-- Up-to-date: /home/mustardking/ws_sensor_combined/install/px4_msgs/include/px4_msgs/px4_msgs/msg/detail/internal_combustion_engine_control__functions.h\n'}
[1.601190] (px4_msgs) StdoutLine: {'line': b'-- Up-to-date: /home/mustardking/ws_sensor_combined/install/px4_msgs/include/px4_msgs/px4_msgs/msg/detail/system_power__type_support.h\n'}
[1.601222] (px4_msgs) StdoutLine: {'line': b'-- Up-to-date: /home/mustardking/ws_sensor_combined/install/px4_msgs/include/px4_msgs/px4_msgs/msg/detail/register_ext_component_reply__functions.h\n'}
[1.601263] (px4_msgs) StdoutLine: {'line': b'-- Up-to-date: /home/mustardking/ws_sensor_combined/install/px4_msgs/include/px4_msgs/px4_msgs/msg/detail/rate_ctrl_status__type_support.h\n'}
[1.601327] (px4_msgs) StdoutLine: {'line': b'-- Up-to-date: /home/mustardking/ws_sensor_combined/install/px4_msgs/include/px4_msgs/px4_msgs/msg/detail/wind__type_support.h\n'}
[1.601381] (px4_msgs) StdoutLine: {'line': b'-- Up-to-date: /home/mustardking/ws_sensor_combined/install/px4_msgs/include/px4_msgs/px4_msgs/msg/detail/goto_setpoint__functions.c\n'}
[1.601427] (px4_msgs) StdoutLine: {'line': b'-- Up-to-date: /home/mustardking/ws_sensor_combined/install/px4_msgs/include/px4_msgs/px4_msgs/msg/detail/geofence_status__type_support.h\n'}
[1.601495] (px4_msgs) StdoutLine: {'line': b'-- Up-to-date: /home/mustardking/ws_sensor_combined/install/px4_msgs/include/px4_msgs/px4_msgs/msg/detail/fixed_wing_lateral_status__functions.h\n'}
[1.601547] (px4_msgs) StdoutLine: {'line': b'-- Up-to-date: /home/mustardking/ws_sensor_combined/install/px4_msgs/include/px4_msgs/px4_msgs/msg/detail/sensor_uwb__functions.h\n'}
[1.601592] (px4_msgs) StdoutLine: {'line': b'-- Up-to-date: /home/mustardking/ws_sensor_combined/install/px4_msgs/include/px4_msgs/px4_msgs/msg/detail/vehicle_attitude_setpoint__type_support.h\n'}
[1.601638] (px4_msgs) StdoutLine: {'line': b'-- Up-to-date: /home/mustardking/ws_sensor_combined/install/px4_msgs/include/px4_msgs/px4_msgs/msg/detail/estimator_aid_source2d__functions.h\n'}
[1.601769] (px4_msgs) StdoutLine: {'line': b'-- Up-to-date: /home/mustardking/ws_sensor_combined/install/px4_msgs/include/px4_msgs/px4_msgs/msg/detail/vehicle_control_mode__type_support.h\n'}
[1.601865] (px4_msgs) StdoutLine: {'line': b'-- Up-to-date: /home/mustardking/ws_sensor_combined/install/px4_msgs/include/px4_msgs/px4_msgs/msg/detail/actuator_test__functions.c\n'}
[1.601907] (px4_msgs) StdoutLine: {'line': b'-- Up-to-date: /home/mustardking/ws_sensor_combined/install/px4_msgs/include/px4_msgs/px4_msgs/msg/detail/estimator_selector_status__functions.h\n'}
[1.601952] (px4_msgs) StdoutLine: {'line': b'-- Up-to-date: /home/mustardking/ws_sensor_combined/install/px4_msgs/include/px4_msgs/px4_msgs/msg/detail/mount_orientation__struct.h\n'}
[1.601994] (px4_msgs) StdoutLine: {'line': b'-- Up-to-date: /home/mustardking/ws_sensor_combined/install/px4_msgs/include/px4_msgs/px4_msgs/msg/detail/transponder_report__struct.h\n'}
[1.602037] (px4_msgs) StdoutLine: {'line': b'-- Up-to-date: /home/mustardking/ws_sensor_combined/install/px4_msgs/include/px4_msgs/px4_msgs/msg/detail/task_stack_info__functions.c\n'}
[1.602183] (px4_msgs) StdoutLine: {'line': b'-- Up-to-date: /home/mustardking/ws_sensor_combined/install/px4_msgs/include/px4_msgs/px4_msgs/msg/detail/qshell_req__functions.c\n'}
[1.602334] (px4_msgs) StdoutLine: {'line': b'-- Up-to-date: /home/mustardking/ws_sensor_combined/install/px4_msgs/include/px4_msgs/px4_msgs/msg/detail/orbit_status__type_support.h\n'}
[1.602545] (px4_msgs) StdoutLine: {'line': b'-- Up-to-date: /home/mustardking/ws_sensor_combined/install/px4_msgs/include/px4_msgs/px4_msgs/msg/detail/sensor_accel_fifo__type_support.h\n'}
[1.602756] (px4_msgs) StdoutLine: {'line': b'-- Up-to-date: /home/mustardking/ws_sensor_combined/install/px4_msgs/include/px4_msgs/px4_msgs/msg/detail/goto_setpoint__struct.h\n'}
[1.602949] (px4_msgs) StdoutLine: {'line': b'-- Up-to-date: /home/mustardking/ws_sensor_combined/install/px4_msgs/include/px4_msgs/px4_msgs/msg/detail/estimator_status_flags__type_support.h\n'}
[1.632231] (-) TimerEvent: {}
[1.632478] (px4_msgs) StdoutLine: {'line': b'-- Up-to-date: /home/mustardking/ws_sensor_combined/install/px4_msgs/include/px4_msgs/px4_msgs/msg/detail/position_setpoint__functions.c\n'}
[1.632664] (px4_msgs) StdoutLine: {'line': b'-- Up-to-date: /home/mustardking/ws_sensor_combined/install/px4_msgs/include/px4_msgs/px4_msgs/msg/detail/navigator_mission_item__type_support.h\n'}
[1.632803] (px4_msgs) StdoutLine: {'line': b'-- Up-to-date: /home/mustardking/ws_sensor_combined/install/px4_msgs/include/px4_msgs/px4_msgs/msg/detail/rpm__struct.h\n'}
[1.632964] (px4_msgs) StdoutLine: {'line': b'-- Up-to-date: /home/mustardking/ws_sensor_combined/install/px4_msgs/include/px4_msgs/px4_msgs/msg/detail/gimbal_manager_status__type_support.h\n'}
[1.633048] (px4_msgs) StdoutLine: {'line': b'-- Up-to-date: /home/mustardking/ws_sensor_combined/install/px4_msgs/include/px4_msgs/px4_msgs/msg/detail/follow_target__functions.c\n'}
[1.633190] (px4_msgs) StdoutLine: {'line': b'-- Up-to-date: /home/mustardking/ws_sensor_combined/install/px4_msgs/include/px4_msgs/px4_msgs/msg/detail/estimator_aid_source3d__functions.c\n'}
[1.633229] (px4_msgs) StdoutLine: {'line': b'-- Up-to-date: /home/mustardking/ws_sensor_combined/install/px4_msgs/include/px4_msgs/px4_msgs/msg/detail/gimbal_manager_set_manual_control__functions.c\n'}
[1.633704] (px4_msgs) StdoutLine: {'line': b'-- Up-to-date: /home/mustardking/ws_sensor_combined/install/px4_msgs/include/px4_msgs/px4_msgs/msg/detail/mag_worker_data__type_support.h\n'}
[1.633736] (px4_msgs) StdoutLine: {'line': b'-- Up-to-date: /home/mustardking/ws_sensor_combined/install/px4_msgs/include/px4_msgs/px4_msgs/msg/detail/qshell_retval__functions.h\n'}
[1.633765] (px4_msgs) StdoutLine: {'line': b'-- Up-to-date: /home/mustardking/ws_sensor_combined/install/px4_msgs/include/px4_msgs/px4_msgs/msg/detail/follow_target__struct.h\n'}
[1.633789] (px4_msgs) StdoutLine: {'line': b'-- Up-to-date: /home/mustardking/ws_sensor_combined/install/px4_msgs/include/px4_msgs/px4_msgs/msg/detail/follow_target_estimator__type_support.h\n'}
[1.633821] (px4_msgs) StdoutLine: {'line': b'-- Up-to-date: /home/mustardking/ws_sensor_combined/install/px4_msgs/include/px4_msgs/px4_msgs/msg/detail/vehicle_odometry__type_support.h\n'}
[1.633846] (px4_msgs) StdoutLine: {'line': b'-- Up-to-date: /home/mustardking/ws_sensor_combined/install/px4_msgs/include/px4_msgs/px4_msgs/msg/detail/landing_target_pose__type_support.h\n'}
[1.633870] (px4_msgs) StdoutLine: {'line': b'-- Up-to-date: /home/mustardking/ws_sensor_combined/install/px4_msgs/include/px4_msgs/px4_msgs/msg/detail/trajectory_setpoint__type_support.h\n'}
[1.633909] (px4_msgs) StdoutLine: {'line': b'-- Up-to-date: /home/mustardking/ws_sensor_combined/install/px4_msgs/include/px4_msgs/px4_msgs/msg/detail/estimator_bias3d__type_support.h\n'}
[1.633934] (px4_msgs) StdoutLine: {'line': b'-- Up-to-date: /home/mustardking/ws_sensor_combined/install/px4_msgs/include/px4_msgs/px4_msgs/msg/detail/can_interface_status__type_support.h\n'}
[1.633964] (px4_msgs) StdoutLine: {'line': b'-- Up-to-date: /home/mustardking/ws_sensor_combined/install/px4_msgs/include/px4_msgs/px4_msgs/msg/detail/vehicle_optical_flow__struct.h\n'}
[1.634004] (px4_msgs) StdoutLine: {'line': b'-- Up-to-date: /home/mustardking/ws_sensor_combined/install/px4_msgs/include/px4_msgs/px4_msgs/msg/detail/debug_array__type_support.h\n'}
[1.634028] (px4_msgs) StdoutLine: {'line': b'-- Up-to-date: /home/mustardking/ws_sensor_combined/install/px4_msgs/include/px4_msgs/px4_msgs/msg/detail/yaw_estimator_status__struct.h\n'}
[1.634051] (px4_msgs) StdoutLine: {'line': b'-- Up-to-date: /home/mustardking/ws_sensor_combined/install/px4_msgs/include/px4_msgs/px4_msgs/msg/detail/open_drone_id_system__type_support.h\n'}
[1.634076] (px4_msgs) StdoutLine: {'line': b'-- Up-to-date: /home/mustardking/ws_sensor_combined/install/px4_msgs/include/px4_msgs/px4_msgs/msg/detail/irlock_report__functions.h\n'}
[1.634100] (px4_msgs) StdoutLine: {'line': b'-- Up-to-date: /home/mustardking/ws_sensor_combined/install/px4_msgs/include/px4_msgs/px4_msgs/msg/detail/distance_sensor__type_support.h\n'}
[1.634136] (px4_msgs) StdoutLine: {'line': b'-- Up-to-date: /home/mustardking/ws_sensor_combined/install/px4_msgs/include/px4_msgs/px4_msgs/msg/detail/rover_speed_setpoint__type_support.h\n'}
[1.634162] (px4_msgs) StdoutLine: {'line': b'-- Up-to-date: /home/mustardking/ws_sensor_combined/install/px4_msgs/include/px4_msgs/px4_msgs/msg/detail/gpio_config__functions.h\n'}
[1.634201] (px4_msgs) StdoutLine: {'line': b'-- Up-to-date: /home/mustardking/ws_sensor_combined/install/px4_msgs/include/px4_msgs/px4_msgs/msg/detail/gpio_out__struct.h\n'}
[1.634236] (px4_msgs) StdoutLine: {'line': b'-- Up-to-date: /home/mustardking/ws_sensor_combined/install/px4_msgs/include/px4_msgs/px4_msgs/msg/detail/battery_info__functions.c\n'}
[1.634277] (px4_msgs) StdoutLine: {'line': b'-- Up-to-date: /home/mustardking/ws_sensor_combined/install/px4_msgs/include/px4_msgs/px4_msgs/msg/detail/button_event__functions.h\n'}
[1.634319] (px4_msgs) StdoutLine: {'line': b'-- Up-to-date: /home/mustardking/ws_sensor_combined/install/px4_msgs/include/px4_msgs/px4_msgs/msg/detail/manual_control_setpoint__struct.h\n'}
[1.634344] (px4_msgs) StdoutLine: {'line': b'-- Up-to-date: /home/mustardking/ws_sensor_combined/install/px4_msgs/include/px4_msgs/px4_msgs/msg/detail/fixed_wing_runway_control__type_support.h\n'}
[1.634375] (px4_msgs) StdoutLine: {'line': b'-- Up-to-date: /home/mustardking/ws_sensor_combined/install/px4_msgs/include/px4_msgs/px4_msgs/msg/detail/sensor_correction__type_support.h\n'}
[1.634419] (px4_msgs) StdoutLine: {'line': b'-- Up-to-date: /home/mustardking/ws_sensor_combined/install/px4_msgs/include/px4_msgs/px4_msgs/msg/detail/esc_status__functions.c\n'}
[1.634453] (px4_msgs) StdoutLine: {'line': b'-- Up-to-date: /home/mustardking/ws_sensor_combined/install/px4_msgs/include/px4_msgs/px4_msgs/msg/detail/vehicle_constraints__functions.h\n'}
[1.634495] (px4_msgs) StdoutLine: {'line': b'-- Up-to-date: /home/mustardking/ws_sensor_combined/install/px4_msgs/include/px4_msgs/px4_msgs/msg/detail/fixed_wing_longitudinal_setpoint__struct.h\n'}
[1.634535] (px4_msgs) StdoutLine: {'line': b'-- Up-to-date: /home/mustardking/ws_sensor_combined/install/px4_msgs/include/px4_msgs/px4_msgs/msg/detail/esc_report__struct.h\n'}
[1.634566] (px4_msgs) StdoutLine: {'line': b'-- Up-to-date: /home/mustardking/ws_sensor_combined/install/px4_msgs/include/px4_msgs/px4_msgs/msg/detail/telemetry_status__struct.h\n'}
[1.634590] (px4_msgs) StdoutLine: {'line': b'-- Up-to-date: /home/mustardking/ws_sensor_combined/install/px4_msgs/include/px4_msgs/px4_msgs/msg/detail/debug_value__functions.c\n'}
[1.634622] (px4_msgs) StdoutLine: {'line': b'-- Up-to-date: /home/mustardking/ws_sensor_combined/install/px4_msgs/include/px4_msgs/px4_msgs/msg/detail/camera_trigger__struct.h\n'}
[1.634661] (px4_msgs) StdoutLine: {'line': b'-- Up-to-date: /home/mustardking/ws_sensor_combined/install/px4_msgs/include/px4_msgs/px4_msgs/msg/detail/gimbal_manager_set_attitude__functions.h\n'}
[1.634692] (px4_msgs) StdoutLine: {'line': b'-- Up-to-date: /home/mustardking/ws_sensor_combined/install/px4_msgs/include/px4_msgs/px4_msgs/msg/detail/normalized_unsigned_setpoint__struct.h\n'}
[1.634716] (px4_msgs) StdoutLine: {'line': b'-- Up-to-date: /home/mustardking/ws_sensor_combined/install/px4_msgs/include/px4_msgs/px4_msgs/msg/detail/heater_status__functions.h\n'}
[1.634740] (px4_msgs) StdoutLine: {'line': b'-- Up-to-date: /home/mustardking/ws_sensor_combined/install/px4_msgs/include/px4_msgs/px4_msgs/msg/detail/telemetry_status__functions.c\n'}
[1.634769] (px4_msgs) StdoutLine: {'line': b'-- Up-to-date: /home/mustardking/ws_sensor_combined/install/px4_msgs/include/px4_msgs/px4_msgs/msg/detail/onboard_computer_status__functions.c\n'}
[1.634800] (px4_msgs) StdoutLine: {'line': b'-- Up-to-date: /home/mustardking/ws_sensor_combined/install/px4_msgs/include/px4_msgs/px4_msgs/msg/detail/follow_target_status__type_support.h\n'}
[1.634825] (px4_msgs) StdoutLine: {'line': b'-- Up-to-date: /home/mustardking/ws_sensor_combined/install/px4_msgs/include/px4_msgs/px4_msgs/msg/detail/vehicle_angular_acceleration_setpoint__type_support.h\n'}
[1.634862] (px4_msgs) StdoutLine: {'line': b'-- Up-to-date: /home/mustardking/ws_sensor_combined/install/px4_msgs/include/px4_msgs/px4_msgs/msg/detail/tune_control__functions.h\n'}
[1.634903] (px4_msgs) StdoutLine: {'line': b'-- Up-to-date: /home/mustardking/ws_sensor_combined/install/px4_msgs/include/px4_msgs/px4_msgs/msg/detail/dataman_response__struct.h\n'}
[1.634944] (px4_msgs) StdoutLine: {'line': b'-- Up-to-date: /home/mustardking/ws_sensor_combined/install/px4_msgs/include/px4_msgs/px4_msgs/msg/detail/sensor_accel_fifo__functions.h\n'}
[1.634985] (px4_msgs) StdoutLine: {'line': b'-- Up-to-date: /home/mustardking/ws_sensor_combined/install/px4_msgs/include/px4_msgs/px4_msgs/msg/detail/register_ext_component_request__struct.h\n'}
[1.635024] (px4_msgs) StdoutLine: {'line': b'-- Up-to-date: /home/mustardking/ws_sensor_combined/install/px4_msgs/include/px4_msgs/px4_msgs/msg/detail/mount_orientation__functions.h\n'}
[1.635060] (px4_msgs) StdoutLine: {'line': b'-- Up-to-date: /home/mustardking/ws_sensor_combined/install/px4_msgs/include/px4_msgs/px4_msgs/msg/detail/mag_worker_data__struct.h\n'}
[1.635085] (px4_msgs) StdoutLine: {'line': b'-- Up-to-date: /home/mustardking/ws_sensor_combined/install/px4_msgs/include/px4_msgs/px4_msgs/msg/detail/register_ext_component_reply__functions.c\n'}
[1.635123] (px4_msgs) StdoutLine: {'line': b'-- Up-to-date: /home/mustardking/ws_sensor_combined/install/px4_msgs/include/px4_msgs/px4_msgs/msg/detail/vehicle_status__struct.h\n'}
[1.635157] (px4_msgs) StdoutLine: {'line': b'-- Up-to-date: /home/mustardking/ws_sensor_combined/install/px4_msgs/include/px4_msgs/px4_msgs/msg/detail/gpio_request__struct.h\n'}
[1.635201] (px4_msgs) StdoutLine: {'line': b'-- Up-to-date: /home/mustardking/ws_sensor_combined/install/px4_msgs/include/px4_msgs/px4_msgs/msg/detail/rtl_time_estimate__functions.c\n'}
[1.635241] (px4_msgs) StdoutLine: {'line': b'-- Up-to-date: /home/mustardking/ws_sensor_combined/install/px4_msgs/include/px4_msgs/px4_msgs/msg/detail/gpio_in__functions.c\n'}
[1.635280] (px4_msgs) StdoutLine: {'line': b'-- Up-to-date: /home/mustardking/ws_sensor_combined/install/px4_msgs/include/px4_msgs/px4_msgs/msg/detail/differential_pressure__type_support.h\n'}
[1.635312] (px4_msgs) StdoutLine: {'line': b'-- Up-to-date: /home/mustardking/ws_sensor_combined/install/px4_msgs/include/px4_msgs/px4_msgs/msg/detail/mission_result__type_support.h\n'}
[1.635337] (px4_msgs) StdoutLine: {'line': b'-- Up-to-date: /home/mustardking/ws_sensor_combined/install/px4_msgs/include/px4_msgs/px4_msgs/msg/detail/estimator_status__struct.h\n'}
[1.635362] (px4_msgs) StdoutLine: {'line': b'-- Up-to-date: /home/mustardking/ws_sensor_combined/install/px4_msgs/include/px4_msgs/px4_msgs/msg/detail/trajectory_setpoint6dof__functions.c\n'}
[1.635385] (px4_msgs) StdoutLine: {'line': b'-- Up-to-date: /home/mustardking/ws_sensor_combined/install/px4_msgs/include/px4_msgs/px4_msgs/msg/detail/manual_control_switches__struct.h\n'}
[1.635409] (px4_msgs) StdoutLine: {'line': b'-- Up-to-date: /home/mustardking/ws_sensor_combined/install/px4_msgs/include/px4_msgs/px4_msgs/msg/detail/rover_rate_status__struct.h\n'}
[1.635433] (px4_msgs) StdoutLine: {'line': b'-- Up-to-date: /home/mustardking/ws_sensor_combined/install/px4_msgs/include/px4_msgs/px4_msgs/msg/detail/position_controller_status__struct.h\n'}
[1.635457] (px4_msgs) StdoutLine: {'line': b'-- Up-to-date: /home/mustardking/ws_sensor_combined/install/px4_msgs/include/px4_msgs/px4_msgs/msg/detail/sensor_preflight_mag__type_support.h\n'}
[1.635500] (px4_msgs) StdoutLine: {'line': b'-- Up-to-date: /home/mustardking/ws_sensor_combined/install/px4_msgs/include/px4_msgs/px4_msgs/msg/detail/camera_trigger__functions.c\n'}
[1.635536] (px4_msgs) StdoutLine: {'line': b'-- Up-to-date: /home/mustardking/ws_sensor_combined/install/px4_msgs/include/px4_msgs/px4_msgs/msg/detail/actuator_test__functions.h\n'}
[1.635572] (px4_msgs) StdoutLine: {'line': b'-- Up-to-date: /home/mustardking/ws_sensor_combined/install/px4_msgs/include/px4_msgs/px4_msgs/msg/detail/wheel_encoders__struct.h\n'}
[1.635599] (px4_msgs) StdoutLine: {'line': b'-- Up-to-date: /home/mustardking/ws_sensor_combined/install/px4_msgs/include/px4_msgs/px4_msgs/msg/detail/vehicle_control_mode__struct.h\n'}
[1.635622] (px4_msgs) StdoutLine: {'line': b'-- Up-to-date: /home/mustardking/ws_sensor_combined/install/px4_msgs/include/px4_msgs/px4_msgs/msg/detail/sensor_accel__functions.c\n'}
[1.635645] (px4_msgs) StdoutLine: {'line': b'-- Up-to-date: /home/mustardking/ws_sensor_combined/install/px4_msgs/include/px4_msgs/px4_msgs/msg/detail/pwm_input__struct.h\n'}
[1.635668] (px4_msgs) StdoutLine: {'line': b'-- Up-to-date: /home/mustardking/ws_sensor_combined/install/px4_msgs/include/px4_msgs/px4_msgs/msg/detail/radio_status__struct.h\n'}
[1.635703] (px4_msgs) StdoutLine: {'line': b'-- Up-to-date: /home/mustardking/ws_sensor_combined/install/px4_msgs/include/px4_msgs/px4_msgs/msg/detail/vehicle_optical_flow_vel__type_support.h\n'}
[1.635730] (px4_msgs) StdoutLine: {'line': b'-- Up-to-date: /home/mustardking/ws_sensor_combined/install/px4_msgs/include/px4_msgs/px4_msgs/msg/detail/rover_rate_status__functions.h\n'}
[1.635758] (px4_msgs) StdoutLine: {'line': b'-- Up-to-date: /home/mustardking/ws_sensor_combined/install/px4_msgs/include/px4_msgs/px4_msgs/msg/detail/gimbal_manager_status__functions.c\n'}
[1.635788] (px4_msgs) StdoutLine: {'line': b'-- Up-to-date: /home/mustardking/ws_sensor_combined/install/px4_msgs/include/px4_msgs/px4_msgs/msg/detail/rover_attitude_status__functions.c\n'}
[1.635813] (px4_msgs) StdoutLine: {'line': b'-- Up-to-date: /home/mustardking/ws_sensor_combined/install/px4_msgs/include/px4_msgs/px4_msgs/msg/detail/airspeed_wind__functions.h\n'}
[1.635845] (px4_msgs) StdoutLine: {'line': b'-- Up-to-date: /home/mustardking/ws_sensor_combined/install/px4_msgs/include/px4_msgs/px4_msgs/msg/detail/uavcan_parameter_value__functions.c\n'}
[1.635871] (px4_msgs) StdoutLine: {'line': b'-- Up-to-date: /home/mustardking/ws_sensor_combined/install/px4_msgs/include/px4_msgs/px4_msgs/msg/detail/gimbal_device_attitude_status__type_support.h\n'}
[1.635897] (px4_msgs) StdoutLine: {'line': b'-- Up-to-date: /home/mustardking/ws_sensor_combined/install/px4_msgs/include/px4_msgs/px4_msgs/msg/detail/magnetometer_bias_estimate__type_support.h\n'}
[1.635920] (px4_msgs) StdoutLine: {'line': b'-- Up-to-date: /home/mustardking/ws_sensor_combined/install/px4_msgs/include/px4_msgs/px4_msgs/msg/detail/figure_eight_status__functions.c\n'}
[1.635958] (px4_msgs) StdoutLine: {'line': b'-- Up-to-date: /home/mustardking/ws_sensor_combined/install/px4_msgs/include/px4_msgs/px4_msgs/msg/detail/position_setpoint_triplet__type_support.h\n'}
[1.635982] (px4_msgs) StdoutLine: {'line': b'-- Up-to-date: /home/mustardking/ws_sensor_combined/install/px4_msgs/include/px4_msgs/px4_msgs/msg/detail/logger_status__type_support.h\n'}
[1.636017] (px4_msgs) StdoutLine: {'line': b'-- Up-to-date: /home/mustardking/ws_sensor_combined/install/px4_msgs/include/px4_msgs/px4_msgs/msg/detail/failure_detector_status__functions.c\n'}
[1.636053] (px4_msgs) StdoutLine: {'line': b'-- Up-to-date: /home/mustardking/ws_sensor_combined/install/px4_msgs/include/px4_msgs/px4_msgs/msg/detail/pure_pursuit_status__functions.h\n'}
[1.636082] (px4_msgs) StdoutLine: {'line': b'-- Up-to-date: /home/mustardking/ws_sensor_combined/install/px4_msgs/include/px4_msgs/px4_msgs/msg/detail/cpuload__functions.h\n'}
[1.636105] (px4_msgs) StdoutLine: {'line': b'-- Up-to-date: /home/mustardking/ws_sensor_combined/install/px4_msgs/include/px4_msgs/px4_msgs/msg/detail/adc_report__functions.h\n'}
[1.636128] (px4_msgs) StdoutLine: {'line': b'-- Up-to-date: /home/mustardking/ws_sensor_combined/install/px4_msgs/include/px4_msgs/px4_msgs/msg/detail/parameter_set_used_request__type_support.h\n'}
[1.636160] (px4_msgs) StdoutLine: {'line': b'-- Up-to-date: /home/mustardking/ws_sensor_combined/install/px4_msgs/include/px4_msgs/px4_msgs/msg/detail/gpio_request__functions.h\n'}
[1.636198] (px4_msgs) StdoutLine: {'line': b'-- Up-to-date: /home/mustardking/ws_sensor_combined/install/px4_msgs/include/px4_msgs/px4_msgs/msg/detail/px4io_status__functions.c\n'}
[1.636225] (px4_msgs) StdoutLine: {'line': b'-- Up-to-date: /home/mustardking/ws_sensor_combined/install/px4_msgs/include/px4_msgs/px4_msgs/msg/detail/action_request__struct.h\n'}
[1.636295] (px4_msgs) StdoutLine: {'line': b'-- Up-to-date: /home/mustardking/ws_sensor_combined/install/px4_msgs/include/px4_msgs/px4_msgs/msg/detail/vehicle_attitude__functions.h\n'}
[1.636320] (px4_msgs) StdoutLine: {'line': b'-- Up-to-date: /home/mustardking/ws_sensor_combined/install/px4_msgs/include/px4_msgs/px4_msgs/msg/detail/input_rc__struct.h\n'}
[1.636371] (px4_msgs) StdoutLine: {'line': b'-- Up-to-date: /home/mustardking/ws_sensor_combined/install/px4_msgs/include/px4_msgs/px4_msgs/msg/detail/sensor_gyro_fft__functions.h\n'}
[1.636430] (px4_msgs) StdoutLine: {'line': b'-- Up-to-date: /home/mustardking/ws_sensor_combined/install/px4_msgs/include/px4_msgs/px4_msgs/msg/detail/sensor_gyro__struct.h\n'}
[1.636872] (px4_msgs) StdoutLine: {'line': b'-- Up-to-date: /home/mustardking/ws_sensor_combined/install/px4_msgs/include/px4_msgs/px4_msgs/msg/detail/arming_check_request__struct.h\n'}
[1.636899] (px4_msgs) StdoutLine: {'line': b'-- Up-to-date: /home/mustardking/ws_sensor_combined/install/px4_msgs/include/px4_msgs/px4_msgs/msg/detail/cpuload__functions.c\n'}
[1.636997] (px4_msgs) StdoutLine: {'line': b'-- Up-to-date: /home/mustardking/ws_sensor_combined/install/px4_msgs/include/px4_msgs/px4_msgs/msg/detail/system_power__functions.c\n'}
[1.637023] (px4_msgs) StdoutLine: {'line': b'-- Up-to-date: /home/mustardking/ws_sensor_combined/install/px4_msgs/include/px4_msgs/px4_msgs/msg/detail/tiltrotor_extra_controls__type_support.h\n'}
[1.637047] (px4_msgs) StdoutLine: {'line': b'-- Up-to-date: /home/mustardking/ws_sensor_combined/install/px4_msgs/include/px4_msgs/px4_msgs/msg/detail/arming_check_reply__struct.h\n'}
[1.637072] (px4_msgs) StdoutLine: {'line': b'-- Up-to-date: /home/mustardking/ws_sensor_combined/install/px4_msgs/include/px4_msgs/px4_msgs/msg/detail/ulog_stream__struct.h\n'}
[1.638048] (px4_msgs) StdoutLine: {'line': b'-- Up-to-date: /home/mustardking/ws_sensor_combined/install/px4_msgs/include/px4_msgs/px4_msgs/msg/detail/estimator_selector_status__type_support.h\n'}
[1.638107] (px4_msgs) StdoutLine: {'line': b'-- Up-to-date: /home/mustardking/ws_sensor_combined/install/px4_msgs/include/px4_msgs/px4_msgs/msg/detail/flight_phase_estimation__functions.c\n'}
[1.638138] (px4_msgs) StdoutLine: {'line': b'-- Up-to-date: /home/mustardking/ws_sensor_combined/install/px4_msgs/include/px4_msgs/px4_msgs/msg/detail/follow_target_status__functions.c\n'}
[1.638165] (px4_msgs) StdoutLine: {'line': b'-- Up-to-date: /home/mustardking/ws_sensor_combined/install/px4_msgs/include/px4_msgs/px4_msgs/msg/detail/battery_status__struct.h\n'}
[1.638322] (px4_msgs) StdoutLine: {'line': b'-- Up-to-date: /home/mustardking/ws_sensor_combined/install/px4_msgs/include/px4_msgs/px4_msgs/msg/detail/vehicle_roi__type_support.h\n'}
[1.638417] (px4_msgs) StdoutLine: {'line': b'-- Up-to-date: /home/mustardking/ws_sensor_combined/install/px4_msgs/include/px4_msgs/px4_msgs/msg/detail/geofence_result__type_support.h\n'}
[1.638454] (px4_msgs) StdoutLine: {'line': b'-- Up-to-date: /home/mustardking/ws_sensor_combined/install/px4_msgs/include/px4_msgs/px4_msgs/msg/detail/debug_vect__functions.h\n'}
[1.638524] (px4_msgs) StdoutLine: {'line': b'-- Up-to-date: /home/mustardking/ws_sensor_combined/install/px4_msgs/include/px4_msgs/px4_msgs/msg/detail/ulog_stream_ack__type_support.h\n'}
[1.638587] (px4_msgs) StdoutLine: {'line': b'-- Up-to-date: /home/mustardking/ws_sensor_combined/install/px4_msgs/include/px4_msgs/px4_msgs/msg/detail/rtl_status__functions.h\n'}
[1.638615] (px4_msgs) StdoutLine: {'line': b'-- Up-to-date: /home/mustardking/ws_sensor_combined/install/px4_msgs/include/px4_msgs/px4_msgs/msg/detail/rover_position_setpoint__functions.h\n'}
[1.638640] (px4_msgs) StdoutLine: {'line': b'-- Up-to-date: /home/mustardking/ws_sensor_combined/install/px4_msgs/include/px4_msgs/px4_msgs/msg/detail/mavlink_tunnel__struct.h\n'}
[1.638665] (px4_msgs) StdoutLine: {'line': b'-- Up-to-date: /home/mustardking/ws_sensor_combined/install/px4_msgs/include/px4_msgs/px4_msgs/msg/detail/sensor_selection__struct.h\n'}
[1.638691] (px4_msgs) StdoutLine: {'line': b'-- Up-to-date: /home/mustardking/ws_sensor_combined/install/px4_msgs/include/px4_msgs/px4_msgs/msg/detail/magnetometer_bias_estimate__struct.h\n'}
[1.638844] (px4_msgs) StdoutLine: {'line': b'-- Up-to-date: /home/mustardking/ws_sensor_combined/install/px4_msgs/include/px4_msgs/px4_msgs/msg/detail/gimbal_manager_information__struct.h\n'}
[1.638874] (px4_msgs) StdoutLine: {'line': b'-- Up-to-date: /home/mustardking/ws_sensor_combined/install/px4_msgs/include/px4_msgs/px4_msgs/msg/detail/follow_target_status__functions.h\n'}
[1.638900] (px4_msgs) StdoutLine: {'line': b'-- Up-to-date: /home/mustardking/ws_sensor_combined/install/px4_msgs/include/px4_msgs/px4_msgs/msg/detail/estimator_status__functions.h\n'}
[1.638927] (px4_msgs) StdoutLine: {'line': b'-- Up-to-date: /home/mustardking/ws_sensor_combined/install/px4_msgs/include/px4_msgs/px4_msgs/msg/detail/vehicle_optical_flow_vel__functions.h\n'}
[1.638960] (px4_msgs) StdoutLine: {'line': b'-- Up-to-date: /home/mustardking/ws_sensor_combined/install/px4_msgs/include/px4_msgs/px4_msgs/msg/detail/pure_pursuit_status__type_support.h\n'}
[1.639102] (px4_msgs) StdoutLine: {'line': b'-- Up-to-date: /home/mustardking/ws_sensor_combined/install/px4_msgs/include/px4_msgs/px4_msgs/msg/detail/rover_position_setpoint__type_support.h\n'}
[1.639152] (px4_msgs) StdoutLine: {'line': b'-- Up-to-date: /home/mustardking/ws_sensor_combined/install/px4_msgs/include/px4_msgs/px4_msgs/msg/detail/vehicle_constraints__type_support.h\n'}
[1.639190] (px4_msgs) StdoutLine: {'line': b'-- Up-to-date: /home/mustardking/ws_sensor_combined/install/px4_msgs/include/px4_msgs/px4_msgs/msg/detail/estimator_innovations__type_support.h\n'}
[1.639430] (px4_msgs) StdoutLine: {'line': b'-- Up-to-date: /home/mustardking/ws_sensor_combined/install/px4_msgs/include/px4_msgs/px4_msgs/msg/detail/sensor_airflow__functions.c\n'}
[1.639475] (px4_msgs) StdoutLine: {'line': b'-- Up-to-date: /home/mustardking/ws_sensor_combined/install/px4_msgs/include/px4_msgs/px4_msgs/msg/detail/flight_phase_estimation__type_support.h\n'}
[1.639690] (px4_msgs) StdoutLine: {'line': b'-- Up-to-date: /home/mustardking/ws_sensor_combined/install/px4_msgs/include/px4_msgs/px4_msgs/msg/detail/estimator_aid_source1d__functions.h\n'}
[1.639759] (px4_msgs) StdoutLine: {'line': b'-- Up-to-date: /home/mustardking/ws_sensor_combined/install/px4_msgs/include/px4_msgs/px4_msgs/msg/detail/hover_thrust_estimate__type_support.h\n'}
[1.639784] (px4_msgs) StdoutLine: {'line': b'-- Up-to-date: /home/mustardking/ws_sensor_combined/install/px4_msgs/include/px4_msgs/px4_msgs/msg/detail/failure_detector_status__type_support.h\n'}
[1.639834] (px4_msgs) StdoutLine: {'line': b'-- Up-to-date: /home/mustardking/ws_sensor_combined/install/px4_msgs/include/px4_msgs/px4_msgs/msg/detail/distance_sensor_mode_change_request__struct.h\n'}
[1.639881] (px4_msgs) StdoutLine: {'line': b'-- Up-to-date: /home/mustardking/ws_sensor_combined/install/px4_msgs/include/px4_msgs/px4_msgs/msg/detail/adc_report__struct.h\n'}
[1.640171] (px4_msgs) StdoutLine: {'line': b'-- Up-to-date: /home/mustardking/ws_sensor_combined/install/px4_msgs/include/px4_msgs/px4_msgs/msg/detail/obstacle_distance__type_support.h\n'}
[1.640308] (px4_msgs) StdoutLine: {'line': b'-- Up-to-date: /home/mustardking/ws_sensor_combined/install/px4_msgs/include/px4_msgs/px4_msgs/msg/detail/vehicle_attitude_setpoint__functions.c\n'}
[1.640438] (px4_msgs) StdoutLine: {'line': b'-- Up-to-date: /home/mustardking/ws_sensor_combined/install/px4_msgs/include/px4_msgs/px4_msgs/msg/detail/actuator_servos_trim__type_support.h\n'}
[1.640529] (px4_msgs) StdoutLine: {'line': b'-- Up-to-date: /home/mustardking/ws_sensor_combined/install/px4_msgs/include/px4_msgs/px4_msgs/msg/detail/longitudinal_control_configuration__functions.h\n'}
[1.640578] (px4_msgs) StdoutLine: {'line': b'-- Up-to-date: /home/mustardking/ws_sensor_combined/install/px4_msgs/include/px4_msgs/px4_msgs/msg/detail/uavcan_parameter_request__functions.h\n'}
[1.640634] (px4_msgs) StdoutLine: {'line': b'-- Up-to-date: /home/mustardking/ws_sensor_combined/install/px4_msgs/include/px4_msgs/px4_msgs/msg/detail/qshell_retval__struct.h\n'}
[1.640661] (px4_msgs) StdoutLine: {'line': b'-- Up-to-date: /home/mustardking/ws_sensor_combined/install/px4_msgs/include/px4_msgs/px4_msgs/msg/detail/airspeed__type_support.h\n'}
[1.640685] (px4_msgs) StdoutLine: {'line': b'-- Up-to-date: /home/mustardking/ws_sensor_combined/install/px4_msgs/include/px4_msgs/px4_msgs/msg/detail/lateral_control_configuration__struct.h\n'}
[1.640722] (px4_msgs) StdoutLine: {'line': b'-- Up-to-date: /home/mustardking/ws_sensor_combined/install/px4_msgs/include/px4_msgs/px4_msgs/msg/detail/vehicle_roi__functions.h\n'}
[1.640753] (px4_msgs) StdoutLine: {'line': b'-- Up-to-date: /home/mustardking/ws_sensor_combined/install/px4_msgs/include/px4_msgs/px4_msgs/msg/detail/vehicle_constraints__functions.c\n'}
[1.640835] (px4_msgs) StdoutLine: {'line': b'-- Up-to-date: /home/mustardking/ws_sensor_combined/install/px4_msgs/include/px4_msgs/px4_msgs/msg/detail/sensor_uwb__functions.c\n'}
[1.641107] (px4_msgs) StdoutLine: {'line': b'-- Up-to-date: /home/mustardking/ws_sensor_combined/install/px4_msgs/include/px4_msgs/px4_msgs/msg/detail/estimator_innovations__struct.h\n'}
[1.641406] (px4_msgs) StdoutLine: {'line': b'-- Up-to-date: /home/mustardking/ws_sensor_combined/install/px4_msgs/include/px4_msgs/px4_msgs/msg/detail/position_controller_status__functions.c\n'}
[1.641433] (px4_msgs) StdoutLine: {'line': b'-- Up-to-date: /home/mustardking/ws_sensor_combined/install/px4_msgs/include/px4_msgs/px4_msgs/msg/detail/parameter_set_value_request__type_support.h\n'}
[1.641492] (px4_msgs) StdoutLine: {'line': b'-- Up-to-date: /home/mustardking/ws_sensor_combined/install/px4_msgs/include/px4_msgs/px4_msgs/msg/detail/camera_capture__functions.c\n'}
[1.641802] (px4_msgs) StdoutLine: {'line': b'-- Up-to-date: /home/mustardking/ws_sensor_combined/install/px4_msgs/include/px4_msgs/px4_msgs/msg/detail/estimator_aid_source1d__struct.h\n'}
[1.641862] (px4_msgs) StdoutLine: {'line': b'-- Up-to-date: /home/mustardking/ws_sensor_combined/install/px4_msgs/include/px4_msgs/px4_msgs/msg/detail/button_event__struct.h\n'}
[1.641898] (px4_msgs) StdoutLine: {'line': b'-- Up-to-date: /home/mustardking/ws_sensor_combined/install/px4_msgs/include/px4_msgs/px4_msgs/msg/detail/fixed_wing_lateral_guidance_status__functions.h\n'}
[1.641922] (px4_msgs) StdoutLine: {'line': b'-- Up-to-date: /home/mustardking/ws_sensor_combined/install/px4_msgs/include/px4_msgs/px4_msgs/msg/detail/orb_test__functions.h\n'}
[1.641946] (px4_msgs) StdoutLine: {'line': b'-- Up-to-date: /home/mustardking/ws_sensor_combined/install/px4_msgs/include/px4_msgs/px4_msgs/msg/detail/figure_eight_status__functions.h\n'}
[1.641973] (px4_msgs) StdoutLine: {'line': b'-- Up-to-date: /home/mustardking/ws_sensor_combined/install/px4_msgs/include/px4_msgs/px4_msgs/msg/detail/vehicle_global_position__functions.c\n'}
[1.642006] (px4_msgs) StdoutLine: {'line': b'-- Up-to-date: /home/mustardking/ws_sensor_combined/install/px4_msgs/include/px4_msgs/px4_msgs/msg/detail/log_message__struct.h\n'}
[1.642030] (px4_msgs) StdoutLine: {'line': b'-- Up-to-date: /home/mustardking/ws_sensor_combined/install/px4_msgs/include/px4_msgs/px4_msgs/msg/detail/generator_status__type_support.h\n'}
[1.642160] (px4_msgs) StdoutLine: {'line': b'-- Up-to-date: /home/mustardking/ws_sensor_combined/install/px4_msgs/include/px4_msgs/px4_msgs/msg/detail/mission__functions.h\n'}
[1.642194] (px4_msgs) StdoutLine: {'line': b'-- Up-to-date: /home/mustardking/ws_sensor_combined/install/px4_msgs/include/px4_msgs/px4_msgs/msg/detail/mission__type_support.h\n'}
[1.642218] (px4_msgs) StdoutLine: {'line': b'-- Up-to-date: /home/mustardking/ws_sensor_combined/install/px4_msgs/include/px4_msgs/px4_msgs/msg/detail/hover_thrust_estimate__functions.h\n'}
[1.642252] (px4_msgs) StdoutLine: {'line': b'-- Up-to-date: /home/mustardking/ws_sensor_combined/install/px4_msgs/include/px4_msgs/px4_msgs/msg/detail/sensor_mag__functions.c\n'}
[1.642276] (px4_msgs) StdoutLine: {'line': b'-- Up-to-date: /home/mustardking/ws_sensor_combined/install/px4_msgs/include/px4_msgs/px4_msgs/msg/detail/power_button_state__struct.h\n'}
[1.642454] (px4_msgs) StdoutLine: {'line': b'-- Up-to-date: /home/mustardking/ws_sensor_combined/install/px4_msgs/include/px4_msgs/px4_msgs/msg/detail/vehicle_command__functions.h\n'}
[1.642593] (px4_msgs) StdoutLine: {'line': b'-- Up-to-date: /home/mustardking/ws_sensor_combined/install/px4_msgs/include/px4_msgs/px4_msgs/msg/detail/action_request__functions.h\n'}
[1.642637] (px4_msgs) StdoutLine: {'line': b'-- Up-to-date: /home/mustardking/ws_sensor_combined/install/px4_msgs/include/px4_msgs/px4_msgs/msg/detail/ekf2_timestamps__functions.h\n'}
[1.642704] (px4_msgs) StdoutLine: {'line': b'-- Up-to-date: /home/mustardking/ws_sensor_combined/install/px4_msgs/include/px4_msgs/px4_msgs/msg/detail/tiltrotor_extra_controls__functions.c\n'}
[1.642747] (px4_msgs) StdoutLine: {'line': b'-- Up-to-date: /home/mustardking/ws_sensor_combined/install/px4_msgs/include/px4_msgs/px4_msgs/msg/detail/button_event__functions.c\n'}
[1.642780] (px4_msgs) StdoutLine: {'line': b'-- Up-to-date: /home/mustardking/ws_sensor_combined/install/px4_msgs/include/px4_msgs/px4_msgs/msg/detail/vehicle_roi__struct.h\n'}
[1.642823] (px4_msgs) StdoutLine: {'line': b'-- Up-to-date: /home/mustardking/ws_sensor_combined/install/px4_msgs/include/px4_msgs/px4_msgs/msg/detail/vehicle_optical_flow_vel__functions.c\n'}
[1.642941] (px4_msgs) StdoutLine: {'line': b'-- Up-to-date: /home/mustardking/ws_sensor_combined/install/px4_msgs/include/px4_msgs/px4_msgs/msg/detail/internal_combustion_engine_status__functions.h\n'}
[1.642969] (px4_msgs) StdoutLine: {'line': b'-- Up-to-date: /home/mustardking/ws_sensor_combined/install/px4_msgs/include/px4_msgs/px4_msgs/msg/detail/mode_completed__functions.c\n'}
[1.643033] (px4_msgs) StdoutLine: {'line': b'-- Up-to-date: /home/mustardking/ws_sensor_combined/install/px4_msgs/include/px4_msgs/px4_msgs/msg/detail/position_setpoint_triplet__struct.h\n'}
[1.644088] (px4_msgs) StdoutLine: {'line': b'-- Up-to-date: /home/mustardking/ws_sensor_combined/install/px4_msgs/include/px4_msgs/px4_msgs/msg/detail/rover_position_setpoint__functions.c\n'}
[1.648346] (px4_msgs) StdoutLine: {'line': b'-- Up-to-date: /home/mustardking/ws_sensor_combined/install/px4_msgs/include/px4_msgs/px4_msgs/msg/detail/arming_check_reply__functions.h\n'}
[1.648393] (px4_msgs) StdoutLine: {'line': b'-- Up-to-date: /home/mustardking/ws_sensor_combined/install/px4_msgs/include/px4_msgs/px4_msgs/msg/detail/battery_status__functions.c\n'}
[1.648497] (px4_msgs) StdoutLine: {'line': b'-- Up-to-date: /home/mustardking/ws_sensor_combined/install/px4_msgs/include/px4_msgs/px4_msgs/msg/detail/qshell_req__type_support.h\n'}
[1.648525] (px4_msgs) StdoutLine: {'line': b'-- Up-to-date: /home/mustardking/ws_sensor_combined/install/px4_msgs/include/px4_msgs/px4_msgs/msg/detail/log_message__type_support.h\n'}
[1.651831] (px4_msgs) StdoutLine: {'line': b'-- Up-to-date: /home/mustardking/ws_sensor_combined/install/px4_msgs/include/px4_msgs/px4_msgs/msg/detail/airspeed_wind__type_support.h\n'}
[1.651906] (px4_msgs) StdoutLine: {'line': b'-- Up-to-date: /home/mustardking/ws_sensor_combined/install/px4_msgs/include/px4_msgs/px4_msgs/msg/detail/battery_info__struct.h\n'}
[1.651964] (px4_msgs) StdoutLine: {'line': b'-- Up-to-date: /home/mustardking/ws_sensor_combined/install/px4_msgs/include/px4_msgs/px4_msgs/msg/detail/dronecan_node_status__type_support.h\n'}
[1.652073] (px4_msgs) StdoutLine: {'line': b'-- Up-to-date: /home/mustardking/ws_sensor_combined/install/px4_msgs/include/px4_msgs/px4_msgs/msg/detail/sensor_hygrometer__functions.h\n'}
[1.652107] (px4_msgs) StdoutLine: {'line': b'-- Up-to-date: /home/mustardking/ws_sensor_combined/install/px4_msgs/include/px4_msgs/px4_msgs/msg/detail/internal_combustion_engine_control__struct.h\n'}
[1.652134] (px4_msgs) StdoutLine: {'line': b'-- Up-to-date: /home/mustardking/ws_sensor_combined/install/px4_msgs/include/px4_msgs/px4_msgs/msg/detail/radio_status__functions.h\n'}
[1.652654] (px4_msgs) StdoutLine: {'line': b'-- Up-to-date: /home/mustardking/ws_sensor_combined/install/px4_msgs/include/px4_msgs/px4_msgs/msg/detail/ping__type_support.h\n'}
[1.652691] (px4_msgs) StdoutLine: {'line': b'-- Up-to-date: /home/mustardking/ws_sensor_combined/install/px4_msgs/include/px4_msgs/px4_msgs/msg/detail/actuator_servos__functions.h\n'}
[1.652790] (px4_msgs) StdoutLine: {'line': b'-- Up-to-date: /home/mustardking/ws_sensor_combined/install/px4_msgs/include/px4_msgs/px4_msgs/msg/detail/takeoff_status__type_support.h\n'}
[1.652857] (px4_msgs) StdoutLine: {'line': b'-- Up-to-date: /home/mustardking/ws_sensor_combined/install/px4_msgs/include/px4_msgs/px4_msgs/msg/detail/gpio_out__functions.c\n'}
[1.652939] (px4_msgs) StdoutLine: {'line': b'-- Up-to-date: /home/mustardking/ws_sensor_combined/install/px4_msgs/include/px4_msgs/px4_msgs/msg/detail/fixed_wing_lateral_status__type_support.h\n'}
[1.652998] (px4_msgs) StdoutLine: {'line': b'-- Up-to-date: /home/mustardking/ws_sensor_combined/install/px4_msgs/include/px4_msgs/px4_msgs/msg/detail/rover_attitude_setpoint__functions.h\n'}
[1.658973] (px4_msgs) StdoutLine: {'line': b'-- Up-to-date: /home/mustardking/ws_sensor_combined/install/px4_msgs/include/px4_msgs/px4_msgs/msg/detail/gripper__functions.c\n'}
[1.659312] (px4_msgs) StdoutLine: {'line': b'-- Up-to-date: /home/mustardking/ws_sensor_combined/install/px4_msgs/include/px4_msgs/px4_msgs/msg/detail/follow_target__type_support.h\n'}
[1.660096] (px4_msgs) StdoutLine: {'line': b'-- Up-to-date: /home/mustardking/ws_sensor_combined/install/px4_msgs/include/px4_msgs/px4_msgs/msg/detail/irlock_report__type_support.h\n'}
[1.660785] (px4_msgs) StdoutLine: {'line': b'-- Up-to-date: /home/mustardking/ws_sensor_combined/install/px4_msgs/include/px4_msgs/px4_msgs/msg/detail/distance_sensor__functions.h\n'}
[1.661130] (px4_msgs) StdoutLine: {'line': b'-- Up-to-date: /home/mustardking/ws_sensor_combined/install/px4_msgs/include/px4_msgs/px4_msgs/msg/detail/debug_key_value__functions.c\n'}
[1.662449] (px4_msgs) StdoutLine: {'line': b'-- Up-to-date: /home/mustardking/ws_sensor_combined/install/px4_msgs/include/px4_msgs/px4_msgs/msg/detail/rover_steering_setpoint__functions.c\n'}
[1.662741] (px4_msgs) StdoutLine: {'line': b'-- Up-to-date: /home/mustardking/ws_sensor_combined/install/px4_msgs/include/px4_msgs/px4_msgs/msg/detail/vehicle_imu_status__functions.c\n'}
[1.663331] (px4_msgs) StdoutLine: {'line': b'-- Up-to-date: /home/mustardking/ws_sensor_combined/install/px4_msgs/include/px4_msgs/px4_msgs/msg/detail/estimator_aid_source1d__type_support.h\n'}
[1.667569] (px4_msgs) StdoutLine: {'line': b'-- Up-to-date: /home/mustardking/ws_sensor_combined/install/px4_msgs/include/px4_msgs/px4_msgs/msg/detail/rc_parameter_map__type_support.h\n'}
[1.667962] (px4_msgs) StdoutLine: {'line': b'-- Up-to-date: /home/mustardking/ws_sensor_combined/install/px4_msgs/include/px4_msgs/px4_msgs/msg/detail/ulog_stream__functions.c\n'}
[1.668013] (px4_msgs) StdoutLine: {'line': b'-- Up-to-date: /home/mustardking/ws_sensor_combined/install/px4_msgs/include/px4_msgs/px4_msgs/msg/detail/position_setpoint__struct.h\n'}
[1.668056] (px4_msgs) StdoutLine: {'line': b'-- Up-to-date: /home/mustardking/ws_sensor_combined/install/px4_msgs/include/px4_msgs/px4_msgs/msg/detail/navigator_mission_item__functions.c\n'}
[1.668092] (px4_msgs) StdoutLine: {'line': b'-- Up-to-date: /home/mustardking/ws_sensor_combined/install/px4_msgs/include/px4_msgs/px4_msgs/msg/detail/landing_target_innovations__functions.c\n'}
[1.668127] (px4_msgs) StdoutLine: {'line': b'-- Up-to-date: /home/mustardking/ws_sensor_combined/install/px4_msgs/include/px4_msgs/px4_msgs/msg/detail/sensor_hygrometer__functions.c\n'}
[1.668169] (px4_msgs) StdoutLine: {'line': b'-- Up-to-date: /home/mustardking/ws_sensor_combined/install/px4_msgs/include/px4_msgs/px4_msgs/msg/detail/failsafe_flags__type_support.h\n'}
[1.668206] (px4_msgs) StdoutLine: {'line': b'-- Up-to-date: /home/mustardking/ws_sensor_combined/install/px4_msgs/include/px4_msgs/px4_msgs/msg/detail/sensor_mag__type_support.h\n'}
[1.668260] (px4_msgs) StdoutLine: {'line': b'-- Up-to-date: /home/mustardking/ws_sensor_combined/install/px4_msgs/include/px4_msgs/px4_msgs/msg/detail/estimator_gps_status__functions.c\n'}
[1.668414] (px4_msgs) StdoutLine: {'line': b'-- Up-to-date: /home/mustardking/ws_sensor_combined/install/px4_msgs/include/px4_msgs/px4_msgs/msg/detail/sensor_gyro__functions.h\n'}
[1.668533] (px4_msgs) StdoutLine: {'line': b'-- Up-to-date: /home/mustardking/ws_sensor_combined/install/px4_msgs/include/px4_msgs/px4_msgs/msg/detail/ekf2_timestamps__functions.c\n'}
[1.668574] (px4_msgs) StdoutLine: {'line': b'-- Up-to-date: /home/mustardking/ws_sensor_combined/install/px4_msgs/include/px4_msgs/px4_msgs/msg/detail/estimator_aid_source3d__type_support.h\n'}
[1.668605] (px4_msgs) StdoutLine: {'line': b'-- Up-to-date: /home/mustardking/ws_sensor_combined/install/px4_msgs/include/px4_msgs/px4_msgs/msg/detail/sensors_status_imu__type_support.h\n'}
[1.668633] (px4_msgs) StdoutLine: {'line': b'-- Up-to-date: /home/mustardking/ws_sensor_combined/install/px4_msgs/include/px4_msgs/px4_msgs/msg/detail/estimator_aid_source2d__functions.c\n'}
[1.668728] (px4_msgs) StdoutLine: {'line': b'-- Up-to-date: /home/mustardking/ws_sensor_combined/install/px4_msgs/include/px4_msgs/px4_msgs/msg/detail/landing_gear_wheel__type_support.h\n'}
[1.668934] (px4_msgs) StdoutLine: {'line': b'-- Up-to-date: /home/mustardking/ws_sensor_combined/install/px4_msgs/include/px4_msgs/px4_msgs/msg/detail/rover_attitude_setpoint__functions.c\n'}
[1.669044] (px4_msgs) StdoutLine: {'line': b'-- Up-to-date: /home/mustardking/ws_sensor_combined/install/px4_msgs/include/px4_msgs/px4_msgs/msg/detail/vehicle_imu_status__functions.h\n'}
[1.669184] (px4_msgs) StdoutLine: {'line': b'-- Up-to-date: /home/mustardking/ws_sensor_combined/install/px4_msgs/include/px4_msgs/px4_msgs/msg/detail/vehicle_angular_velocity__struct.h\n'}
[1.669434] (px4_msgs) StdoutLine: {'line': b'-- Up-to-date: /home/mustardking/ws_sensor_combined/install/px4_msgs/include/px4_msgs/px4_msgs/msg/detail/open_drone_id_arm_status__struct.h\n'}
[1.669651] (px4_msgs) StdoutLine: {'line': b'-- Up-to-date: /home/mustardking/ws_sensor_combined/install/px4_msgs/include/px4_msgs/px4_msgs/msg/detail/navigator_mission_item__struct.h\n'}
[1.669908] (px4_msgs) StdoutLine: {'line': b'-- Up-to-date: /home/mustardking/ws_sensor_combined/install/px4_msgs/include/px4_msgs/px4_msgs/msg/detail/debug_key_value__functions.h\n'}
[1.670159] (px4_msgs) StdoutLine: {'line': b'-- Up-to-date: /home/mustardking/ws_sensor_combined/install/px4_msgs/include/px4_msgs/px4_msgs/msg/detail/tecs_status__type_support.h\n'}
[1.670637] (px4_msgs) StdoutLine: {'line': b'-- Up-to-date: /home/mustardking/ws_sensor_combined/install/px4_msgs/include/px4_msgs/px4_msgs/msg/detail/follow_target_status__struct.h\n'}
[1.670879] (px4_msgs) StdoutLine: {'line': b'-- Up-to-date: /home/mustardking/ws_sensor_combined/install/px4_msgs/include/px4_msgs/px4_msgs/msg/detail/open_drone_id_self_id__type_support.h\n'}
[1.671203] (px4_msgs) StdoutLine: {'line': b'-- Up-to-date: /home/mustardking/ws_sensor_combined/install/px4_msgs/include/px4_msgs/px4_msgs/msg/detail/home_position__struct.h\n'}
[1.671468] (px4_msgs) StdoutLine: {'line': b'-- Up-to-date: /home/mustardking/ws_sensor_combined/install/px4_msgs/include/px4_msgs/px4_msgs/msg/detail/rc_parameter_map__functions.c\n'}
[1.672016] (px4_msgs) StdoutLine: {'line': b'-- Up-to-date: /home/mustardking/ws_sensor_combined/install/px4_msgs/include/px4_msgs/px4_msgs/msg/detail/config_overrides__functions.c\n'}
[1.672095] (px4_msgs) StdoutLine: {'line': b'-- Up-to-date: /home/mustardking/ws_sensor_combined/install/px4_msgs/include/px4_msgs/px4_msgs/msg/detail/arming_check_request__functions.h\n'}
[1.672313] (px4_msgs) StdoutLine: {'line': b'-- Up-to-date: /home/mustardking/ws_sensor_combined/install/px4_msgs/include/px4_msgs/px4_msgs/msg/detail/mission_result__functions.h\n'}
[1.672628] (px4_msgs) StdoutLine: {'line': b'-- Up-to-date: /home/mustardking/ws_sensor_combined/install/px4_msgs/include/px4_msgs/px4_msgs/msg/detail/debug_key_value__type_support.h\n'}
[1.673538] (px4_msgs) StdoutLine: {'line': b'-- Up-to-date: /home/mustardking/ws_sensor_combined/install/px4_msgs/include/px4_msgs/px4_msgs/msg/detail/gpio_request__functions.c\n'}
[1.673781] (px4_msgs) StdoutLine: {'line': b'-- Up-to-date: /home/mustardking/ws_sensor_combined/install/px4_msgs/include/px4_msgs/px4_msgs/msg/detail/estimator_gps_status__functions.h\n'}
[1.673818] (px4_msgs) StdoutLine: {'line': b'-- Up-to-date: /home/mustardking/ws_sensor_combined/install/px4_msgs/include/px4_msgs/px4_msgs/msg/detail/geofence_result__functions.c\n'}
[1.673844] (px4_msgs) StdoutLine: {'line': b'-- Up-to-date: /home/mustardking/ws_sensor_combined/install/px4_msgs/include/px4_msgs/px4_msgs/msg/detail/vtol_vehicle_status__type_support.h\n'}
[1.673898] (px4_msgs) StdoutLine: {'line': b'-- Up-to-date: /home/mustardking/ws_sensor_combined/install/px4_msgs/include/px4_msgs/px4_msgs/msg/detail/orb_test__functions.c\n'}
[1.673934] (px4_msgs) StdoutLine: {'line': b'-- Up-to-date: /home/mustardking/ws_sensor_combined/install/px4_msgs/include/px4_msgs/px4_msgs/msg/detail/offboard_control_mode__functions.c\n'}
[1.673983] (px4_msgs) StdoutLine: {'line': b'-- Up-to-date: /home/mustardking/ws_sensor_combined/install/px4_msgs/include/px4_msgs/px4_msgs/msg/detail/generator_status__struct.h\n'}
[1.674010] (px4_msgs) StdoutLine: {'line': b'-- Up-to-date: /home/mustardking/ws_sensor_combined/install/px4_msgs/include/px4_msgs/px4_msgs/msg/detail/differential_pressure__functions.c\n'}
[1.674044] (px4_msgs) StdoutLine: {'line': b'-- Up-to-date: /home/mustardking/ws_sensor_combined/install/px4_msgs/include/px4_msgs/px4_msgs/msg/detail/vehicle_acceleration__struct.h\n'}
[1.674079] (px4_msgs) StdoutLine: {'line': b'-- Up-to-date: /home/mustardking/ws_sensor_combined/install/px4_msgs/include/px4_msgs/px4_msgs/msg/detail/trajectory_setpoint6dof__type_support.h\n'}
[1.674115] (px4_msgs) StdoutLine: {'line': b'-- Up-to-date: /home/mustardking/ws_sensor_combined/install/px4_msgs/include/px4_msgs/px4_msgs/msg/detail/rover_rate_setpoint__functions.h\n'}
[1.674148] (px4_msgs) StdoutLine: {'line': b'-- Up-to-date: /home/mustardking/ws_sensor_combined/install/px4_msgs/include/px4_msgs/px4_msgs/msg/detail/telemetry_status__type_support.h\n'}
[1.674192] (px4_msgs) StdoutLine: {'line': b'-- Up-to-date: /home/mustardking/ws_sensor_combined/install/px4_msgs/include/px4_msgs/px4_msgs/msg/detail/pwm_input__functions.c\n'}
[1.674236] (px4_msgs) StdoutLine: {'line': b'-- Up-to-date: /home/mustardking/ws_sensor_combined/install/px4_msgs/include/px4_msgs/px4_msgs/msg/detail/vehicle_rates_setpoint__struct.h\n'}
[1.674292] (px4_msgs) StdoutLine: {'line': b'-- Up-to-date: /home/mustardking/ws_sensor_combined/install/px4_msgs/include/px4_msgs/px4_msgs/msg/detail/sensor_accel__struct.h\n'}
[1.674337] (px4_msgs) StdoutLine: {'line': b'-- Up-to-date: /home/mustardking/ws_sensor_combined/install/px4_msgs/include/px4_msgs/px4_msgs/msg/detail/irlock_report__struct.h\n'}
[1.674379] (px4_msgs) StdoutLine: {'line': b'-- Up-to-date: /home/mustardking/ws_sensor_combined/install/px4_msgs/include/px4_msgs/px4_msgs/msg/detail/mavlink_log__functions.c\n'}
[1.674410] (px4_msgs) StdoutLine: {'line': b'-- Up-to-date: /home/mustardking/ws_sensor_combined/install/px4_msgs/include/px4_msgs/px4_msgs/msg/detail/vtol_vehicle_status__functions.h\n'}
[1.674460] (px4_msgs) StdoutLine: {'line': b'-- Up-to-date: /home/mustardking/ws_sensor_combined/install/px4_msgs/include/px4_msgs/px4_msgs/msg/detail/actuator_motors__functions.h\n'}
[1.674558] (px4_msgs) StdoutLine: {'line': b'-- Up-to-date: /home/mustardking/ws_sensor_combined/install/px4_msgs/include/px4_msgs/px4_msgs/msg/detail/gripper__struct.h\n'}
[1.674598] (px4_msgs) StdoutLine: {'line': b'-- Up-to-date: /home/mustardking/ws_sensor_combined/install/px4_msgs/include/px4_msgs/px4_msgs/msg/detail/control_allocator_status__functions.c\n'}
[1.674637] (px4_msgs) StdoutLine: {'line': b'-- Up-to-date: /home/mustardking/ws_sensor_combined/install/px4_msgs/include/px4_msgs/px4_msgs/msg/detail/sensor_uwb__struct.h\n'}
[1.674677] (px4_msgs) StdoutLine: {'line': b'-- Up-to-date: /home/mustardking/ws_sensor_combined/install/px4_msgs/include/px4_msgs/px4_msgs/msg/detail/open_drone_id_operator_id__struct.h\n'}
[1.674724] (px4_msgs) StdoutLine: {'line': b'-- Up-to-date: /home/mustardking/ws_sensor_combined/install/px4_msgs/include/px4_msgs/px4_msgs/msg/detail/estimator_gps_status__type_support.h\n'}
[1.674767] (px4_msgs) StdoutLine: {'line': b'-- Up-to-date: /home/mustardking/ws_sensor_combined/install/px4_msgs/include/px4_msgs/px4_msgs/msg/detail/actuator_outputs__functions.h\n'}
[1.674805] (px4_msgs) StdoutLine: {'line': b'-- Up-to-date: /home/mustardking/ws_sensor_combined/install/px4_msgs/include/px4_msgs/px4_msgs/msg/detail/rover_throttle_setpoint__functions.h\n'}
[1.674834] (px4_msgs) StdoutLine: {'line': b'-- Up-to-date: /home/mustardking/ws_sensor_combined/install/px4_msgs/include/px4_msgs/px4_msgs/msg/detail/landing_gear__functions.h\n'}
[1.674858] (px4_msgs) StdoutLine: {'line': b'-- Up-to-date: /home/mustardking/ws_sensor_combined/install/px4_msgs/include/px4_msgs/px4_msgs/msg/detail/gimbal_manager_set_manual_control__type_support.h\n'}
[1.674883] (px4_msgs) StdoutLine: {'line': b'-- Up-to-date: /home/mustardking/ws_sensor_combined/install/px4_msgs/include/px4_msgs/px4_msgs/msg/detail/vehicle_rates_setpoint__functions.h\n'}
[1.674906] (px4_msgs) StdoutLine: {'line': b'-- Up-to-date: /home/mustardking/ws_sensor_combined/install/px4_msgs/include/px4_msgs/px4_msgs/msg/detail/estimator_sensor_bias__struct.h\n'}
[1.678631] (px4_msgs) StdoutLine: {'line': b'-- Up-to-date: /home/mustardking/ws_sensor_combined/install/px4_msgs/include/px4_msgs/px4_msgs/msg/detail/wheel_encoders__type_support.h\n'}
[1.678683] (px4_msgs) StdoutLine: {'line': b'-- Up-to-date: /home/mustardking/ws_sensor_combined/install/px4_msgs/include/px4_msgs/px4_msgs/msg/detail/vehicle_angular_velocity__type_support.h\n'}
[1.678731] (px4_msgs) StdoutLine: {'line': b'-- Up-to-date: /home/mustardking/ws_sensor_combined/install/px4_msgs/include/px4_msgs/px4_msgs/msg/detail/geofence_result__struct.h\n'}
[1.678951] (px4_msgs) StdoutLine: {'line': b'-- Up-to-date: /home/mustardking/ws_sensor_combined/install/px4_msgs/include/px4_msgs/px4_msgs/msg/detail/fixed_wing_lateral_guidance_status__type_support.h\n'}
[1.679132] (px4_msgs) StdoutLine: {'line': b'-- Up-to-date: /home/mustardking/ws_sensor_combined/install/px4_msgs/include/px4_msgs/px4_msgs/msg/detail/vehicle_imu__type_support.h\n'}
[1.681053] (px4_msgs) StdoutLine: {'line': b'-- Up-to-date: /home/mustardking/ws_sensor_combined/install/px4_msgs/include/px4_msgs/px4_msgs/msg/detail/timesync_status__functions.h\n'}
[1.681187] (px4_msgs) StdoutLine: {'line': b'-- Up-to-date: /home/mustardking/ws_sensor_combined/install/px4_msgs/include/px4_msgs/px4_msgs/msg/detail/config_overrides__functions.h\n'}
[1.681309] (px4_msgs) StdoutLine: {'line': b'-- Up-to-date: /home/mustardking/ws_sensor_combined/install/px4_msgs/include/px4_msgs/px4_msgs/msg/detail/sensor_mag__struct.h\n'}
[1.681754] (px4_msgs) StdoutLine: {'line': b'-- Up-to-date: /home/mustardking/ws_sensor_combined/install/px4_msgs/include/px4_msgs/px4_msgs/msg/detail/sensor_gnss_relative__functions.h\n'}
[1.682216] (px4_msgs) StdoutLine: {'line': b'-- Up-to-date: /home/mustardking/ws_sensor_combined/install/px4_msgs/include/px4_msgs/px4_msgs/msg/detail/gimbal_manager_set_manual_control__functions.h\n'}
[1.682620] (px4_msgs) StdoutLine: {'line': b'-- Up-to-date: /home/mustardking/ws_sensor_combined/install/px4_msgs/include/px4_msgs/px4_msgs/msg/detail/ulog_stream__type_support.h\n'}
[1.682890] (px4_msgs) StdoutLine: {'line': b'-- Up-to-date: /home/mustardking/ws_sensor_combined/install/px4_msgs/include/px4_msgs/px4_msgs/msg/detail/dataman_request__type_support.h\n'}
[1.682967] (px4_msgs) StdoutLine: {'line': b'-- Up-to-date: /home/mustardking/ws_sensor_combined/install/px4_msgs/include/px4_msgs/px4_msgs/msg/detail/gpio_config__functions.c\n'}
[1.683340] (px4_msgs) StdoutLine: {'line': b'-- Up-to-date: /home/mustardking/ws_sensor_combined/install/px4_msgs/include/px4_msgs/px4_msgs/msg/detail/airspeed_validated__type_support.h\n'}
[1.683394] (px4_msgs) StdoutLine: {'line': b'-- Up-to-date: /home/mustardking/ws_sensor_combined/install/px4_msgs/include/px4_msgs/px4_msgs/msg/detail/airspeed_wind__functions.c\n'}
[1.688211] (px4_msgs) StdoutLine: {'line': b'-- Up-to-date: /home/mustardking/ws_sensor_combined/install/px4_msgs/include/px4_msgs/px4_msgs/msg/detail/distance_sensor_mode_change_request__functions.h\n'}
[1.689771] (px4_msgs) StdoutLine: {'line': b'-- Up-to-date: /home/mustardking/ws_sensor_combined/install/px4_msgs/include/px4_msgs/px4_msgs/msg/detail/px4io_status__type_support.h\n'}
[1.689839] (px4_msgs) StdoutLine: {'line': b'-- Up-to-date: /home/mustardking/ws_sensor_combined/install/px4_msgs/include/px4_msgs/px4_msgs/msg/detail/rtl_time_estimate__functions.h\n'}
[1.689906] (px4_msgs) StdoutLine: {'line': b'-- Up-to-date: /home/mustardking/ws_sensor_combined/install/px4_msgs/include/px4_msgs/px4_msgs/msg/detail/parameter_set_used_request__functions.h\n'}
[1.689945] (px4_msgs) StdoutLine: {'line': b'-- Up-to-date: /home/mustardking/ws_sensor_combined/install/px4_msgs/include/px4_msgs/px4_msgs/msg/detail/landing_target_innovations__struct.h\n'}
[1.689973] (px4_msgs) StdoutLine: {'line': b'-- Up-to-date: /home/mustardking/ws_sensor_combined/install/px4_msgs/include/px4_msgs/px4_msgs/msg/detail/fixed_wing_lateral_setpoint__functions.h\n'}
[1.689998] (px4_msgs) StdoutLine: {'line': b'-- Up-to-date: /home/mustardking/ws_sensor_combined/install/px4_msgs/include/px4_msgs/px4_msgs/msg/detail/vehicle_local_position_setpoint__functions.h\n'}
[1.690023] (px4_msgs) StdoutLine: {'line': b'-- Up-to-date: /home/mustardking/ws_sensor_combined/install/px4_msgs/include/px4_msgs/px4_msgs/msg/detail/can_interface_status__functions.h\n'}
[1.690070] (px4_msgs) StdoutLine: {'line': b'-- Up-to-date: /home/mustardking/ws_sensor_combined/install/px4_msgs/include/px4_msgs/px4_msgs/msg/detail/logger_status__functions.h\n'}
[1.690115] (px4_msgs) StdoutLine: {'line': b'-- Up-to-date: /home/mustardking/ws_sensor_combined/install/px4_msgs/include/px4_msgs/px4_msgs/msg/detail/rate_ctrl_status__struct.h\n'}
[1.690141] (px4_msgs) StdoutLine: {'line': b'-- Up-to-date: /home/mustardking/ws_sensor_combined/install/px4_msgs/include/px4_msgs/px4_msgs/msg/detail/vehicle_air_data__struct.h\n'}
[1.690164] (px4_msgs) StdoutLine: {'line': b'-- Up-to-date: /home/mustardking/ws_sensor_combined/install/px4_msgs/include/px4_msgs/px4_msgs/msg/detail/onboard_computer_status__struct.h\n'}
[1.690198] (px4_msgs) StdoutLine: {'line': b'-- Up-to-date: /home/mustardking/ws_sensor_combined/install/px4_msgs/include/px4_msgs/px4_msgs/msg/detail/register_ext_component_request__functions.c\n'}
[1.690256] (px4_msgs) StdoutLine: {'line': b'-- Up-to-date: /home/mustardking/ws_sensor_combined/install/px4_msgs/include/px4_msgs/px4_msgs/msg/detail/event__functions.c\n'}
[1.690293] (px4_msgs) StdoutLine: {'line': b'-- Up-to-date: /home/mustardking/ws_sensor_combined/install/px4_msgs/include/px4_msgs/px4_msgs/msg/detail/sensor_uwb__type_support.h\n'}
[1.690347] (px4_msgs) StdoutLine: {'line': b'-- Up-to-date: /home/mustardking/ws_sensor_combined/install/px4_msgs/include/px4_msgs/px4_msgs/msg/detail/parameter_set_value_request__struct.h\n'}
[1.690372] (px4_msgs) StdoutLine: {'line': b'-- Up-to-date: /home/mustardking/ws_sensor_combined/install/px4_msgs/include/px4_msgs/px4_msgs/msg/detail/airspeed__functions.c\n'}
[1.690396] (px4_msgs) StdoutLine: {'line': b'-- Up-to-date: /home/mustardking/ws_sensor_combined/install/px4_msgs/include/px4_msgs/px4_msgs/msg/detail/estimator_status__functions.c\n'}
[1.690419] (px4_msgs) StdoutLine: {'line': b'-- Up-to-date: /home/mustardking/ws_sensor_combined/install/px4_msgs/include/px4_msgs/px4_msgs/msg/detail/dronecan_node_status__struct.h\n'}
[1.690442] (px4_msgs) StdoutLine: {'line': b'-- Up-to-date: /home/mustardking/ws_sensor_combined/install/px4_msgs/include/px4_msgs/px4_msgs/msg/detail/dronecan_node_status__functions.h\n'}
[1.693224] (px4_msgs) StdoutLine: {'line': b'-- Up-to-date: /home/mustardking/ws_sensor_combined/install/px4_msgs/include/px4_msgs/px4_msgs/msg/detail/position_controller_status__functions.h\n'}
[1.695662] (px4_msgs) StdoutLine: {'line': b'-- Up-to-date: /home/mustardking/ws_sensor_combined/install/px4_msgs/include/px4_msgs/px4_msgs/msg/detail/gimbal_controls__functions.h\n'}
[1.696113] (px4_msgs) StdoutLine: {'line': b'-- Up-to-date: /home/mustardking/ws_sensor_combined/install/px4_msgs/include/px4_msgs/px4_msgs/msg/detail/estimator_bias__functions.c\n'}
[1.696365] (px4_msgs) StdoutLine: {'line': b'-- Up-to-date: /home/mustardking/ws_sensor_combined/install/px4_msgs/include/px4_msgs/px4_msgs/msg/detail/home_position__functions.c\n'}
[1.698134] (px4_msgs) StdoutLine: {'line': b'-- Up-to-date: /home/mustardking/ws_sensor_combined/install/px4_msgs/include/px4_msgs/px4_msgs/msg/detail/rover_speed_status__functions.h\n'}
[1.699718] (px4_msgs) StdoutLine: {'line': b'-- Up-to-date: /home/mustardking/ws_sensor_combined/install/px4_msgs/include/px4_msgs/px4_msgs/msg/detail/cpuload__type_support.h\n'}
[1.701332] (px4_msgs) StdoutLine: {'line': b'-- Up-to-date: /home/mustardking/ws_sensor_combined/install/px4_msgs/include/px4_msgs/px4_msgs/msg/detail/manual_control_setpoint__functions.c\n'}
[1.701361] (px4_msgs) StdoutLine: {'line': b'-- Up-to-date: /home/mustardking/ws_sensor_combined/install/px4_msgs/include/px4_msgs/px4_msgs/msg/detail/adc_report__functions.c\n'}
[1.701418] (px4_msgs) StdoutLine: {'line': b'-- Up-to-date: /home/mustardking/ws_sensor_combined/install/px4_msgs/include/px4_msgs/px4_msgs/msg/detail/landing_target_innovations__functions.h\n'}
[1.701556] (px4_msgs) StdoutLine: {'line': b'-- Up-to-date: /home/mustardking/ws_sensor_combined/install/px4_msgs/include/px4_msgs/px4_msgs/msg/detail/normalized_unsigned_setpoint__type_support.h\n'}
[1.701607] (px4_msgs) StdoutLine: {'line': b'-- Up-to-date: /home/mustardking/ws_sensor_combined/install/px4_msgs/include/px4_msgs/px4_msgs/msg/detail/landing_gear__functions.c\n'}
[1.701645] (px4_msgs) StdoutLine: {'line': b'-- Up-to-date: /home/mustardking/ws_sensor_combined/install/px4_msgs/include/px4_msgs/px4_msgs/msg/detail/rover_attitude_setpoint__struct.h\n'}
[1.701747] (px4_msgs) StdoutLine: {'line': b'-- Up-to-date: /home/mustardking/ws_sensor_combined/install/px4_msgs/include/px4_msgs/px4_msgs/msg/detail/estimator_aid_source3d__functions.h\n'}
[1.701777] (px4_msgs) StdoutLine: {'line': b'-- Up-to-date: /home/mustardking/ws_sensor_combined/install/px4_msgs/include/px4_msgs/px4_msgs/msg/detail/internal_combustion_engine_control__functions.c\n'}
[1.701883] (px4_msgs) StdoutLine: {'line': b'-- Up-to-date: /home/mustardking/ws_sensor_combined/install/px4_msgs/include/px4_msgs/px4_msgs/msg/detail/generator_status__functions.h\n'}
[1.701968] (px4_msgs) StdoutLine: {'line': b'-- Up-to-date: /home/mustardking/ws_sensor_combined/install/px4_msgs/include/px4_msgs/px4_msgs/msg/detail/vehicle_angular_acceleration_setpoint__functions.h\n'}
[1.701995] (px4_msgs) StdoutLine: {'line': b'-- Up-to-date: /home/mustardking/ws_sensor_combined/install/px4_msgs/include/px4_msgs/px4_msgs/msg/detail/arming_check_request__functions.c\n'}
[1.702020] (px4_msgs) StdoutLine: {'line': b'-- Up-to-date: /home/mustardking/ws_sensor_combined/install/px4_msgs/include/px4_msgs/px4_msgs/msg/detail/battery_status__functions.h\n'}
[1.702046] (px4_msgs) StdoutLine: {'line': b'-- Up-to-date: /home/mustardking/ws_sensor_combined/install/px4_msgs/include/px4_msgs/px4_msgs/msg/detail/vehicle_land_detected__struct.h\n'}
[1.702079] (px4_msgs) StdoutLine: {'line': b'-- Up-to-date: /home/mustardking/ws_sensor_combined/install/px4_msgs/include/px4_msgs/px4_msgs/msg/detail/power_monitor__functions.c\n'}
[1.702116] (px4_msgs) StdoutLine: {'line': b'-- Up-to-date: /home/mustardking/ws_sensor_combined/install/px4_msgs/include/px4_msgs/px4_msgs/msg/detail/flight_phase_estimation__functions.h\n'}
[1.702143] (px4_msgs) StdoutLine: {'line': b'-- Up-to-date: /home/mustardking/ws_sensor_combined/install/px4_msgs/include/px4_msgs/px4_msgs/msg/detail/ulog_stream_ack__functions.h\n'}
[1.702413] (px4_msgs) StdoutLine: {'line': b'-- Up-to-date: /home/mustardking/ws_sensor_combined/install/px4_msgs/include/px4_msgs/px4_msgs/msg/detail/vehicle_imu_status__type_support.h\n'}
[1.702459] (px4_msgs) StdoutLine: {'line': b'-- Up-to-date: /home/mustardking/ws_sensor_combined/install/px4_msgs/include/px4_msgs/px4_msgs/msg/detail/actuator_motors__functions.c\n'}
[1.702492] (px4_msgs) StdoutLine: {'line': b'-- Up-to-date: /home/mustardking/ws_sensor_combined/install/px4_msgs/include/px4_msgs/px4_msgs/msg/detail/rover_attitude_setpoint__type_support.h\n'}
[1.702661] (px4_msgs) StdoutLine: {'line': b'-- Up-to-date: /home/mustardking/ws_sensor_combined/install/px4_msgs/include/px4_msgs/px4_msgs/msg/detail/parameter_reset_request__struct.h\n'}
[1.702808] (px4_msgs) StdoutLine: {'line': b'-- Up-to-date: /home/mustardking/ws_sensor_combined/install/px4_msgs/include/px4_msgs/px4_msgs/msg/detail/vehicle_odometry__struct.h\n'}
[1.702859] (px4_msgs) StdoutLine: {'line': b'-- Up-to-date: /home/mustardking/ws_sensor_combined/install/px4_msgs/include/px4_msgs/px4_msgs/msg/detail/ping__functions.c\n'}
[1.702883] (px4_msgs) StdoutLine: {'line': b'-- Up-to-date: /home/mustardking/ws_sensor_combined/install/px4_msgs/include/px4_msgs/px4_msgs/msg/detail/landing_target_pose__functions.c\n'}
[1.702914] (px4_msgs) StdoutLine: {'line': b'-- Up-to-date: /home/mustardking/ws_sensor_combined/install/px4_msgs/include/px4_msgs/px4_msgs/msg/detail/uavcan_parameter_value__type_support.h\n'}
[1.702938] (px4_msgs) StdoutLine: {'line': b'-- Up-to-date: /home/mustardking/ws_sensor_combined/install/px4_msgs/include/px4_msgs/px4_msgs/msg/detail/ekf2_timestamps__type_support.h\n'}
[1.702971] (px4_msgs) StdoutLine: {'line': b'-- Up-to-date: /home/mustardking/ws_sensor_combined/install/px4_msgs/include/px4_msgs/px4_msgs/msg/detail/vehicle_status__functions.h\n'}
[1.703008] (px4_msgs) StdoutLine: {'line': b'-- Up-to-date: /home/mustardking/ws_sensor_combined/install/px4_msgs/include/px4_msgs/px4_msgs/msg/detail/sensor_airflow__struct.h\n'}
[1.703056] (px4_msgs) StdoutLine: {'line': b'-- Up-to-date: /home/mustardking/ws_sensor_combined/install/px4_msgs/include/px4_msgs/px4_msgs/msg/detail/position_setpoint_triplet__functions.h\n'}
[1.703090] (px4_msgs) StdoutLine: {'line': b'-- Up-to-date: /home/mustardking/ws_sensor_combined/install/px4_msgs/include/px4_msgs/px4_msgs/msg/detail/debug_array__functions.c\n'}
[1.703151] (px4_msgs) StdoutLine: {'line': b'-- Up-to-date: /home/mustardking/ws_sensor_combined/install/px4_msgs/include/px4_msgs/px4_msgs/msg/detail/sensor_gyro_fifo__functions.h\n'}
[1.703186] (px4_msgs) StdoutLine: {'line': b'-- Up-to-date: /home/mustardking/ws_sensor_combined/install/px4_msgs/include/px4_msgs/px4_msgs/msg/detail/open_drone_id_arm_status__functions.h\n'}
[1.703224] (px4_msgs) StdoutLine: {'line': b'-- Up-to-date: /home/mustardking/ws_sensor_combined/install/px4_msgs/include/px4_msgs/px4_msgs/msg/detail/control_allocator_status__functions.h\n'}
[1.703281] (px4_msgs) StdoutLine: {'line': b'-- Up-to-date: /home/mustardking/ws_sensor_combined/install/px4_msgs/include/px4_msgs/px4_msgs/msg/detail/power_monitor__functions.h\n'}
[1.703318] (px4_msgs) StdoutLine: {'line': b'-- Up-to-date: /home/mustardking/ws_sensor_combined/install/px4_msgs/include/px4_msgs/px4_msgs/msg/detail/gimbal_manager_information__type_support.h\n'}
[1.703363] (px4_msgs) StdoutLine: {'line': b'-- Up-to-date: /home/mustardking/ws_sensor_combined/install/px4_msgs/include/px4_msgs/px4_msgs/msg/detail/parameter_reset_request__functions.c\n'}
[1.703405] (px4_msgs) StdoutLine: {'line': b'-- Up-to-date: /home/mustardking/ws_sensor_combined/install/px4_msgs/include/px4_msgs/px4_msgs/msg/detail/vehicle_thrust_setpoint__type_support.h\n'}
[1.703439] (px4_msgs) StdoutLine: {'line': b'-- Up-to-date: /home/mustardking/ws_sensor_combined/install/px4_msgs/include/px4_msgs/px4_msgs/msg/detail/gps_dump__type_support.h\n'}
[1.703463] (px4_msgs) StdoutLine: {'line': b'-- Up-to-date: /home/mustardking/ws_sensor_combined/install/px4_msgs/include/px4_msgs/px4_msgs/msg/detail/wheel_encoders__functions.h\n'}
[1.703502] (px4_msgs) StdoutLine: {'line': b'-- Up-to-date: /home/mustardking/ws_sensor_combined/install/px4_msgs/include/px4_msgs/px4_msgs/msg/detail/landing_gear_wheel__functions.c\n'}
[1.703535] (px4_msgs) StdoutLine: {'line': b'-- Up-to-date: /home/mustardking/ws_sensor_combined/install/px4_msgs/include/px4_msgs/px4_msgs/msg/detail/rover_attitude_status__functions.h\n'}
[1.703559] (px4_msgs) StdoutLine: {'line': b'-- Up-to-date: /home/mustardking/ws_sensor_combined/install/px4_msgs/include/px4_msgs/px4_msgs/msg/detail/estimator_status_flags__functions.h\n'}
[1.703591] (px4_msgs) StdoutLine: {'line': b'-- Up-to-date: /home/mustardking/ws_sensor_combined/install/px4_msgs/include/px4_msgs/px4_msgs/msg/detail/fixed_wing_lateral_status__functions.c\n'}
[1.703622] (px4_msgs) StdoutLine: {'line': b'-- Up-to-date: /home/mustardking/ws_sensor_combined/install/px4_msgs/include/px4_msgs/px4_msgs/msg/detail/generator_status__functions.c\n'}
[1.703645] (px4_msgs) StdoutLine: {'line': b'-- Up-to-date: /home/mustardking/ws_sensor_combined/install/px4_msgs/include/px4_msgs/px4_msgs/msg/detail/mag_worker_data__functions.c\n'}
[1.703668] (px4_msgs) StdoutLine: {'line': b'-- Up-to-date: /home/mustardking/ws_sensor_combined/install/px4_msgs/include/px4_msgs/px4_msgs/msg/detail/vehicle_local_position__type_support.h\n'}
[1.703692] (px4_msgs) StdoutLine: {'line': b'-- Up-to-date: /home/mustardking/ws_sensor_combined/install/px4_msgs/include/px4_msgs/px4_msgs/msg/detail/gps_dump__functions.c\n'}
[1.703715] (px4_msgs) StdoutLine: {'line': b'-- Up-to-date: /home/mustardking/ws_sensor_combined/install/px4_msgs/include/px4_msgs/px4_msgs/msg/detail/yaw_estimator_status__functions.c\n'}
[1.703752] (px4_msgs) StdoutLine: {'line': b'-- Up-to-date: /home/mustardking/ws_sensor_combined/install/px4_msgs/include/px4_msgs/px4_msgs/msg/detail/vehicle_imu__functions.c\n'}
[1.703776] (px4_msgs) StdoutLine: {'line': b'-- Up-to-date: /home/mustardking/ws_sensor_combined/install/px4_msgs/include/px4_msgs/px4_msgs/msg/detail/power_button_state__functions.c\n'}
[1.703800] (px4_msgs) StdoutLine: {'line': b'-- Up-to-date: /home/mustardking/ws_sensor_combined/install/px4_msgs/include/px4_msgs/px4_msgs/msg/detail/lateral_control_configuration__functions.c\n'}
[1.703823] (px4_msgs) StdoutLine: {'line': b'-- Up-to-date: /home/mustardking/ws_sensor_combined/install/px4_msgs/include/px4_msgs/px4_msgs/msg/detail/sensor_accel_fifo__functions.c\n'}
[1.703846] (px4_msgs) StdoutLine: {'line': b'-- Up-to-date: /home/mustardking/ws_sensor_combined/install/px4_msgs/include/px4_msgs/px4_msgs/msg/detail/navigator_status__functions.h\n'}
[1.703869] (px4_msgs) StdoutLine: {'line': b'-- Up-to-date: /home/mustardking/ws_sensor_combined/install/px4_msgs/include/px4_msgs/px4_msgs/msg/detail/actuator_servos_trim__struct.h\n'}
[1.703898] (px4_msgs) StdoutLine: {'line': b'-- Up-to-date: /home/mustardking/ws_sensor_combined/install/px4_msgs/include/px4_msgs/px4_msgs/msg/detail/autotune_attitude_control_status__functions.c\n'}
[1.703922] (px4_msgs) StdoutLine: {'line': b'-- Up-to-date: /home/mustardking/ws_sensor_combined/install/px4_msgs/include/px4_msgs/px4_msgs/msg/detail/onboard_computer_status__type_support.h\n'}
[1.703946] (px4_msgs) StdoutLine: {'line': b'-- Up-to-date: /home/mustardking/ws_sensor_combined/install/px4_msgs/include/px4_msgs/px4_msgs/msg/detail/trajectory_setpoint__functions.c\n'}
[1.703969] (px4_msgs) StdoutLine: {'line': b'-- Up-to-date: /home/mustardking/ws_sensor_combined/install/px4_msgs/include/px4_msgs/px4_msgs/msg/detail/iridiumsbd_status__functions.c\n'}
[1.704004] (px4_msgs) StdoutLine: {'line': b'-- Up-to-date: /home/mustardking/ws_sensor_combined/install/px4_msgs/include/px4_msgs/px4_msgs/msg/detail/vehicle_local_position_setpoint__struct.h\n'}
[1.704035] (px4_msgs) StdoutLine: {'line': b'-- Up-to-date: /home/mustardking/ws_sensor_combined/install/px4_msgs/include/px4_msgs/px4_msgs/msg/detail/rc_parameter_map__functions.h\n'}
[1.704059] (px4_msgs) StdoutLine: {'line': b'-- Up-to-date: /home/mustardking/ws_sensor_combined/install/px4_msgs/include/px4_msgs/px4_msgs/msg/detail/task_stack_info__struct.h\n'}
[1.704082] (px4_msgs) StdoutLine: {'line': b'-- Up-to-date: /home/mustardking/ws_sensor_combined/install/px4_msgs/include/px4_msgs/px4_msgs/msg/detail/timesync_status__type_support.h\n'}
[1.704105] (px4_msgs) StdoutLine: {'line': b'-- Up-to-date: /home/mustardking/ws_sensor_combined/install/px4_msgs/include/px4_msgs/px4_msgs/msg/detail/iridiumsbd_status__type_support.h\n'}
[1.704128] (px4_msgs) StdoutLine: {'line': b'-- Up-to-date: /home/mustardking/ws_sensor_combined/install/px4_msgs/include/px4_msgs/px4_msgs/msg/detail/mavlink_log__struct.h\n'}
[1.704168] (px4_msgs) StdoutLine: {'line': b'-- Up-to-date: /home/mustardking/ws_sensor_combined/install/px4_msgs/include/px4_msgs/px4_msgs/msg/detail/neural_control__functions.c\n'}
[1.704194] (px4_msgs) StdoutLine: {'line': b'-- Up-to-date: /home/mustardking/ws_sensor_combined/install/px4_msgs/include/px4_msgs/px4_msgs/msg/detail/estimator_innovations__functions.c\n'}
[1.704218] (px4_msgs) StdoutLine: {'line': b'-- Up-to-date: /home/mustardking/ws_sensor_combined/install/px4_msgs/include/px4_msgs/px4_msgs/msg/detail/parameter_reset_request__functions.h\n'}
[1.704246] (px4_msgs) StdoutLine: {'line': b'-- Up-to-date: /home/mustardking/ws_sensor_combined/install/px4_msgs/include/px4_msgs/px4_msgs/msg/detail/action_request__type_support.h\n'}
[1.704436] (px4_msgs) StdoutLine: {'line': b'-- Up-to-date: /home/mustardking/ws_sensor_combined/install/px4_msgs/include/px4_msgs/px4_msgs/msg/detail/config_overrides__type_support.h\n'}
[1.704489] (px4_msgs) StdoutLine: {'line': b'-- Up-to-date: /home/mustardking/ws_sensor_combined/install/px4_msgs/include/px4_msgs/px4_msgs/msg/detail/orb_test_large__functions.h\n'}
[1.704515] (px4_msgs) StdoutLine: {'line': b'-- Up-to-date: /home/mustardking/ws_sensor_combined/install/px4_msgs/include/px4_msgs/px4_msgs/msg/detail/gimbal_device_information__functions.c\n'}
[1.704538] (px4_msgs) StdoutLine: {'line': b'-- Up-to-date: /home/mustardking/ws_sensor_combined/install/px4_msgs/include/px4_msgs/px4_msgs/msg/detail/rover_steering_setpoint__struct.h\n'}
[1.704602] (px4_msgs) StdoutLine: {'line': b'-- Up-to-date: /home/mustardking/ws_sensor_combined/install/px4_msgs/include/px4_msgs/px4_msgs/msg/detail/cellular_status__struct.h\n'}
[1.704632] (px4_msgs) StdoutLine: {'line': b'-- Up-to-date: /home/mustardking/ws_sensor_combined/install/px4_msgs/include/px4_msgs/px4_msgs/msg/detail/sensor_airflow__type_support.h\n'}
[1.704656] (px4_msgs) StdoutLine: {'line': b'-- Up-to-date: /home/mustardking/ws_sensor_combined/install/px4_msgs/include/px4_msgs/px4_msgs/msg/detail/fixed_wing_lateral_setpoint__functions.c\n'}
[1.704680] (px4_msgs) StdoutLine: {'line': b'-- Up-to-date: /home/mustardking/ws_sensor_combined/install/px4_msgs/include/px4_msgs/px4_msgs/msg/detail/sensor_combined__functions.c\n'}
[1.704712] (px4_msgs) StdoutLine: {'line': b'-- Up-to-date: /home/mustardking/ws_sensor_combined/install/px4_msgs/include/px4_msgs/px4_msgs/msg/detail/register_ext_component_reply__struct.h\n'}
[1.704744] (px4_msgs) StdoutLine: {'line': b'-- Up-to-date: /home/mustardking/ws_sensor_combined/install/px4_msgs/include/px4_msgs/px4_msgs/msg/detail/camera_capture__type_support.h\n'}
[1.704772] (px4_msgs) StdoutLine: {'line': b'-- Up-to-date: /home/mustardking/ws_sensor_combined/install/px4_msgs/include/px4_msgs/px4_msgs/msg/detail/fixed_wing_longitudinal_setpoint__functions.c\n'}
[1.704795] (px4_msgs) StdoutLine: {'line': b'-- Up-to-date: /home/mustardking/ws_sensor_combined/install/px4_msgs/include/px4_msgs/px4_msgs/msg/detail/actuator_test__type_support.h\n'}
[1.704826] (px4_msgs) StdoutLine: {'line': b'-- Up-to-date: /home/mustardking/ws_sensor_combined/install/px4_msgs/include/px4_msgs/px4_msgs/msg/detail/gps_inject_data__functions.c\n'}
[1.704860] (px4_msgs) StdoutLine: {'line': b'-- Up-to-date: /home/mustardking/ws_sensor_combined/install/px4_msgs/include/px4_msgs/px4_msgs/msg/detail/estimator_bias3d__functions.h\n'}
[1.704888] (px4_msgs) StdoutLine: {'line': b'-- Up-to-date: /home/mustardking/ws_sensor_combined/install/px4_msgs/include/px4_msgs/px4_msgs/msg/detail/gimbal_device_information__type_support.h\n'}
[1.704915] (px4_msgs) StdoutLine: {'line': b'-- Up-to-date: /home/mustardking/ws_sensor_combined/install/px4_msgs/include/px4_msgs/px4_msgs/msg/detail/estimator_bias3d__functions.c\n'}
[1.704938] (px4_msgs) StdoutLine: {'line': b'-- Up-to-date: /home/mustardking/ws_sensor_combined/install/px4_msgs/include/px4_msgs/px4_msgs/msg/detail/trajectory_setpoint6dof__functions.h\n'}
[1.704962] (px4_msgs) StdoutLine: {'line': b'-- Up-to-date: /home/mustardking/ws_sensor_combined/install/px4_msgs/include/px4_msgs/px4_msgs/msg/detail/open_drone_id_self_id__struct.h\n'}
[1.704985] (px4_msgs) StdoutLine: {'line': b'-- Up-to-date: /home/mustardking/ws_sensor_combined/install/px4_msgs/include/px4_msgs/px4_msgs/msg/detail/health_report__type_support.h\n'}
[1.705010] (px4_msgs) StdoutLine: {'line': b'-- Up-to-date: /home/mustardking/ws_sensor_combined/install/px4_msgs/include/px4_msgs/px4_msgs/msg/detail/manual_control_switches__functions.h\n'}
[1.705034] (px4_msgs) StdoutLine: {'line': b'-- Up-to-date: /home/mustardking/ws_sensor_combined/install/px4_msgs/include/px4_msgs/px4_msgs/msg/detail/orb_test_medium__functions.c\n'}
[1.705057] (px4_msgs) StdoutLine: {'line': b'-- Up-to-date: /home/mustardking/ws_sensor_combined/install/px4_msgs/include/px4_msgs/px4_msgs/msg/detail/dataman_request__functions.c\n'}
[1.705080] (px4_msgs) StdoutLine: {'line': b'-- Up-to-date: /home/mustardking/ws_sensor_combined/install/px4_msgs/include/px4_msgs/px4_msgs/msg/detail/message_format_response__struct.h\n'}
[1.705103] (px4_msgs) StdoutLine: {'line': b'-- Up-to-date: /home/mustardking/ws_sensor_combined/install/px4_msgs/include/px4_msgs/px4_msgs/msg/detail/estimator_sensor_bias__type_support.h\n'}
[1.705126] (px4_msgs) StdoutLine: {'line': b'-- Up-to-date: /home/mustardking/ws_sensor_combined/install/px4_msgs/include/px4_msgs/px4_msgs/msg/detail/vehicle_torque_setpoint__functions.h\n'}
[1.705150] (px4_msgs) StdoutLine: {'line': b'-- Up-to-date: /home/mustardking/ws_sensor_combined/install/px4_msgs/include/px4_msgs/px4_msgs/msg/detail/mount_orientation__functions.c\n'}
[1.705173] (px4_msgs) StdoutLine: {'line': b'-- Up-to-date: /home/mustardking/ws_sensor_combined/install/px4_msgs/include/px4_msgs/px4_msgs/msg/detail/gpio_request__type_support.h\n'}
[1.705196] (px4_msgs) StdoutLine: {'line': b'-- Up-to-date: /home/mustardking/ws_sensor_combined/install/px4_msgs/include/px4_msgs/px4_msgs/msg/detail/rover_steering_setpoint__type_support.h\n'}
[1.705220] (px4_msgs) StdoutLine: {'line': b'-- Up-to-date: /home/mustardking/ws_sensor_combined/install/px4_msgs/include/px4_msgs/px4_msgs/msg/detail/open_drone_id_system__struct.h\n'}
[1.705243] (px4_msgs) StdoutLine: {'line': b'-- Up-to-date: /home/mustardking/ws_sensor_combined/install/px4_msgs/include/px4_msgs/px4_msgs/msg/detail/landing_target_pose__struct.h\n'}
[1.705267] (px4_msgs) StdoutLine: {'line': b'-- Up-to-date: /home/mustardking/ws_sensor_combined/install/px4_msgs/include/px4_msgs/px4_msgs/msg/detail/mavlink_log__functions.h\n'}
[1.705290] (px4_msgs) StdoutLine: {'line': b'-- Up-to-date: /home/mustardking/ws_sensor_combined/install/px4_msgs/include/px4_msgs/px4_msgs/msg/detail/vehicle_land_detected__functions.c\n'}
[1.705313] (px4_msgs) StdoutLine: {'line': b'-- Up-to-date: /home/mustardking/ws_sensor_combined/install/px4_msgs/include/px4_msgs/px4_msgs/msg/detail/fixed_wing_longitudinal_setpoint__type_support.h\n'}
[1.705336] (px4_msgs) StdoutLine: {'line': b'-- Up-to-date: /home/mustardking/ws_sensor_combined/install/px4_msgs/include/px4_msgs/px4_msgs/msg/detail/position_setpoint__functions.h\n'}
[1.705359] (px4_msgs) StdoutLine: {'line': b'-- Up-to-date: /home/mustardking/ws_sensor_combined/install/px4_msgs/include/px4_msgs/px4_msgs/msg/detail/actuator_controls_status__functions.h\n'}
[1.705382] (px4_msgs) StdoutLine: {'line': b'-- Up-to-date: /home/mustardking/ws_sensor_combined/install/px4_msgs/include/px4_msgs/px4_msgs/msg/detail/unregister_ext_component__functions.h\n'}
[1.705411] (px4_msgs) StdoutLine: {'line': b'-- Up-to-date: /home/mustardking/ws_sensor_combined/install/px4_msgs/include/px4_msgs/px4_msgs/msg/detail/ekf2_timestamps__struct.h\n'}
[1.705443] (px4_msgs) StdoutLine: {'line': b'-- Up-to-date: /home/mustardking/ws_sensor_combined/install/px4_msgs/include/px4_msgs/px4_msgs/msg/detail/vehicle_thrust_setpoint__functions.h\n'}
[1.705468] (px4_msgs) StdoutLine: {'line': b'-- Up-to-date: /home/mustardking/ws_sensor_combined/install/px4_msgs/include/px4_msgs/px4_msgs/msg/detail/rover_rate_status__functions.c\n'}
[1.705491] (px4_msgs) StdoutLine: {'line': b'-- Up-to-date: /home/mustardking/ws_sensor_combined/install/px4_msgs/include/px4_msgs/px4_msgs/msg/detail/airspeed__struct.h\n'}
[1.705515] (px4_msgs) StdoutLine: {'line': b'-- Up-to-date: /home/mustardking/ws_sensor_combined/install/px4_msgs/include/px4_msgs/px4_msgs/msg/detail/sensor_gps__functions.c\n'}
[1.705542] (px4_msgs) StdoutLine: {'line': b'-- Up-to-date: /home/mustardking/ws_sensor_combined/install/px4_msgs/include/px4_msgs/px4_msgs/msg/detail/yaw_estimator_status__type_support.h\n'}
[1.705565] (px4_msgs) StdoutLine: {'line': b'-- Up-to-date: /home/mustardking/ws_sensor_combined/install/px4_msgs/include/px4_msgs/px4_msgs/msg/detail/debug_vect__type_support.h\n'}
[1.705588] (px4_msgs) StdoutLine: {'line': b'-- Up-to-date: /home/mustardking/ws_sensor_combined/install/px4_msgs/include/px4_msgs/px4_msgs/msg/detail/gimbal_device_set_attitude__functions.c\n'}
[1.705616] (px4_msgs) StdoutLine: {'line': b'-- Up-to-date: /home/mustardking/ws_sensor_combined/install/px4_msgs/include/px4_msgs/px4_msgs/msg/detail/pwm_input__functions.h\n'}
[1.705642] (px4_msgs) StdoutLine: {'line': b'-- Up-to-date: /home/mustardking/ws_sensor_combined/install/px4_msgs/include/px4_msgs/px4_msgs/msg/detail/estimator_aid_source1d__functions.c\n'}
[1.705666] (px4_msgs) StdoutLine: {'line': b'-- Up-to-date: /home/mustardking/ws_sensor_combined/install/px4_msgs/include/px4_msgs/px4_msgs/msg/detail/heater_status__type_support.h\n'}
[1.705688] (px4_msgs) StdoutLine: {'line': b'-- Up-to-date: /home/mustardking/ws_sensor_combined/install/px4_msgs/include/px4_msgs/px4_msgs/msg/detail/mag_worker_data__functions.h\n'}
[1.705711] (px4_msgs) StdoutLine: {'line': b'-- Up-to-date: /home/mustardking/ws_sensor_combined/install/px4_msgs/include/px4_msgs/px4_msgs/msg/detail/satellite_info__type_support.h\n'}
[1.705734] (px4_msgs) StdoutLine: {'line': b'-- Up-to-date: /home/mustardking/ws_sensor_combined/install/px4_msgs/include/px4_msgs/px4_msgs/msg/detail/estimator_states__type_support.h\n'}
[1.705757] (px4_msgs) StdoutLine: {'line': b'-- Up-to-date: /home/mustardking/ws_sensor_combined/install/px4_msgs/include/px4_msgs/px4_msgs/msg/detail/navigator_status__struct.h\n'}
[1.705780] (px4_msgs) StdoutLine: {'line': b'-- Up-to-date: /home/mustardking/ws_sensor_combined/install/px4_msgs/include/px4_msgs/px4_msgs/msg/detail/orbit_status__struct.h\n'}
[1.705803] (px4_msgs) StdoutLine: {'line': b'-- Up-to-date: /home/mustardking/ws_sensor_combined/install/px4_msgs/include/px4_msgs/px4_msgs/msg/detail/longitudinal_control_configuration__type_support.h\n'}
[1.705827] (px4_msgs) StdoutLine: {'line': b'-- Up-to-date: /home/mustardking/ws_sensor_combined/install/px4_msgs/include/px4_msgs/px4_msgs/msg/detail/vtol_vehicle_status__struct.h\n'}
[1.705849] (px4_msgs) StdoutLine: {'line': b'-- Up-to-date: /home/mustardking/ws_sensor_combined/install/px4_msgs/include/px4_msgs/px4_msgs/msg/detail/ping__functions.h\n'}
[1.705872] (px4_msgs) StdoutLine: {'line': b'-- Up-to-date: /home/mustardking/ws_sensor_combined/install/px4_msgs/include/px4_msgs/px4_msgs/msg/detail/sensor_gps__struct.h\n'}
[1.705904] (px4_msgs) StdoutLine: {'line': b'-- Up-to-date: /home/mustardking/ws_sensor_combined/install/px4_msgs/include/px4_msgs/px4_msgs/msg/detail/wind__functions.c\n'}
[1.705929] (px4_msgs) StdoutLine: {'line': b'-- Up-to-date: /home/mustardking/ws_sensor_combined/install/px4_msgs/include/px4_msgs/px4_msgs/msg/detail/log_message__functions.h\n'}
[1.705952] (px4_msgs) StdoutLine: {'line': b'-- Up-to-date: /home/mustardking/ws_sensor_combined/install/px4_msgs/include/px4_msgs/px4_msgs/msg/detail/sensor_gnss_status__struct.h\n'}
[1.705975] (px4_msgs) StdoutLine: {'line': b'-- Up-to-date: /home/mustardking/ws_sensor_combined/install/px4_msgs/include/px4_msgs/px4_msgs/msg/detail/parameter_reset_request__type_support.h\n'}
[1.705999] (px4_msgs) StdoutLine: {'line': b'-- Up-to-date: /home/mustardking/ws_sensor_combined/install/px4_msgs/include/px4_msgs/px4_msgs/msg/detail/gpio_in__type_support.h\n'}
[1.706022] (px4_msgs) StdoutLine: {'line': b'-- Up-to-date: /home/mustardking/ws_sensor_combined/install/px4_msgs/include/px4_msgs/px4_msgs/msg/detail/esc_status__functions.h\n'}
[1.706045] (px4_msgs) StdoutLine: {'line': b'-- Up-to-date: /home/mustardking/ws_sensor_combined/install/px4_msgs/include/px4_msgs/px4_msgs/msg/detail/vehicle_torque_setpoint__struct.h\n'}
[1.706083] (px4_msgs) StdoutLine: {'line': b'-- Up-to-date: /home/mustardking/ws_sensor_combined/install/px4_msgs/include/px4_msgs/px4_msgs/msg/detail/gpio_out__functions.h\n'}
[1.706107] (px4_msgs) StdoutLine: {'line': b'-- Up-to-date: /home/mustardking/ws_sensor_combined/install/px4_msgs/include/px4_msgs/px4_msgs/msg/detail/goto_setpoint__type_support.h\n'}
[1.706129] (px4_msgs) StdoutLine: {'line': b'-- Up-to-date: /home/mustardking/ws_sensor_combined/install/px4_msgs/include/px4_msgs/px4_msgs/msg/detail/orb_test_medium__functions.h\n'}
[1.706161] (px4_msgs) StdoutLine: {'line': b'-- Up-to-date: /home/mustardking/ws_sensor_combined/install/px4_msgs/include/px4_msgs/px4_msgs/msg/detail/dataman_request__functions.h\n'}
[1.706186] (px4_msgs) StdoutLine: {'line': b'-- Up-to-date: /home/mustardking/ws_sensor_combined/install/px4_msgs/include/px4_msgs/px4_msgs/msg/detail/sensor_airflow__functions.h\n'}
[1.706214] (px4_msgs) StdoutLine: {'line': b'-- Up-to-date: /home/mustardking/ws_sensor_combined/install/px4_msgs/include/px4_msgs/px4_msgs/msg/detail/sensor_correction__struct.h\n'}
[1.706239] (px4_msgs) StdoutLine: {'line': b'-- Up-to-date: /home/mustardking/ws_sensor_combined/install/px4_msgs/include/px4_msgs/px4_msgs/msg/detail/sensor_preflight_mag__functions.h\n'}
[1.706262] (px4_msgs) StdoutLine: {'line': b'-- Up-to-date: /home/mustardking/ws_sensor_combined/install/px4_msgs/include/px4_msgs/px4_msgs/msg/detail/vehicle_angular_velocity__functions.c\n'}
[1.706285] (px4_msgs) StdoutLine: {'line': b'-- Up-to-date: /home/mustardking/ws_sensor_combined/install/px4_msgs/include/px4_msgs/px4_msgs/msg/detail/parameter_set_value_response__struct.h\n'}
[1.706308] (px4_msgs) StdoutLine: {'line': b'-- Up-to-date: /home/mustardking/ws_sensor_combined/install/px4_msgs/include/px4_msgs/px4_msgs/msg/detail/mode_completed__struct.h\n'}
[1.706331] (px4_msgs) StdoutLine: {'line': b'-- Up-to-date: /home/mustardking/ws_sensor_combined/install/px4_msgs/include/px4_msgs/px4_msgs/msg/detail/internal_combustion_engine_status__type_support.h\n'}
[1.706354] (px4_msgs) StdoutLine: {'line': b'-- Up-to-date: /home/mustardking/ws_sensor_combined/install/px4_msgs/include/px4_msgs/px4_msgs/msg/detail/tune_control__functions.c\n'}
[1.706380] (px4_msgs) StdoutLine: {'line': b'-- Up-to-date: /home/mustardking/ws_sensor_combined/install/px4_msgs/include/px4_msgs/px4_msgs/msg/detail/gimbal_manager_status__struct.h\n'}
[1.706403] (px4_msgs) StdoutLine: {'line': b'-- Up-to-date: /home/mustardking/ws_sensor_combined/install/px4_msgs/include/px4_msgs/px4_msgs/msg/detail/estimator_status__type_support.h\n'}
[1.706426] (px4_msgs) StdoutLine: {'line': b'-- Up-to-date: /home/mustardking/ws_sensor_combined/install/px4_msgs/include/px4_msgs/px4_msgs/msg/detail/trajectory_setpoint__struct.h\n'}
[1.706449] (px4_msgs) StdoutLine: {'line': b'-- Up-to-date: /home/mustardking/ws_sensor_combined/install/px4_msgs/include/px4_msgs/px4_msgs/msg/detail/event__struct.h\n'}
[1.706472] (px4_msgs) StdoutLine: {'line': b'-- Up-to-date: /home/mustardking/ws_sensor_combined/install/px4_msgs/include/px4_msgs/px4_msgs/msg/detail/failure_detector_status__functions.h\n'}
[1.706495] (px4_msgs) StdoutLine: {'line': b'-- Up-to-date: /home/mustardking/ws_sensor_combined/install/px4_msgs/include/px4_msgs/px4_msgs/msg/detail/airspeed_validated__functions.c\n'}
[1.706521] (px4_msgs) StdoutLine: {'line': b'-- Up-to-date: /home/mustardking/ws_sensor_combined/install/px4_msgs/include/px4_msgs/px4_msgs/msg/detail/vehicle_command__struct.h\n'}
[1.706552] (px4_msgs) StdoutLine: {'line': b'-- Up-to-date: /home/mustardking/ws_sensor_combined/install/px4_msgs/include/px4_msgs/px4_msgs/msg/detail/parameter_set_value_request__functions.h\n'}
[1.706575] (px4_msgs) StdoutLine: {'line': b'-- Up-to-date: /home/mustardking/ws_sensor_combined/install/px4_msgs/include/px4_msgs/px4_msgs/msg/detail/rover_throttle_setpoint__struct.h\n'}
[1.706603] (px4_msgs) StdoutLine: {'line': b'-- Up-to-date: /home/mustardking/ws_sensor_combined/install/px4_msgs/include/px4_msgs/px4_msgs/msg/detail/sensor_gps__functions.h\n'}
[1.706645] (px4_msgs) StdoutLine: {'line': b'-- Up-to-date: /home/mustardking/ws_sensor_combined/install/px4_msgs/include/px4_msgs/px4_msgs/msg/detail/sensor_gyro_fft__functions.c\n'}
[1.706669] (px4_msgs) StdoutLine: {'line': b'-- Up-to-date: /home/mustardking/ws_sensor_combined/install/px4_msgs/include/px4_msgs/px4_msgs/msg/detail/sensor_mag__functions.h\n'}
[1.706692] (px4_msgs) StdoutLine: {'line': b'-- Up-to-date: /home/mustardking/ws_sensor_combined/install/px4_msgs/include/px4_msgs/px4_msgs/msg/detail/vehicle_land_detected__type_support.h\n'}
[1.706715] (px4_msgs) StdoutLine: {'line': b'-- Up-to-date: /home/mustardking/ws_sensor_combined/install/px4_msgs/include/px4_msgs/px4_msgs/msg/detail/led_control__struct.h\n'}
[1.706738] (px4_msgs) StdoutLine: {'line': b'-- Up-to-date: /home/mustardking/ws_sensor_combined/install/px4_msgs/include/px4_msgs/px4_msgs/msg/detail/longitudinal_control_configuration__struct.h\n'}
[1.706761] (px4_msgs) StdoutLine: {'line': b'-- Up-to-date: /home/mustardking/ws_sensor_combined/install/px4_msgs/include/px4_msgs/px4_msgs/msg/detail/estimator_aid_source2d__struct.h\n'}
[1.706784] (px4_msgs) StdoutLine: {'line': b'-- Up-to-date: /home/mustardking/ws_sensor_combined/install/px4_msgs/include/px4_msgs/px4_msgs/msg/detail/velocity_limits__functions.h\n'}
[1.706807] (px4_msgs) StdoutLine: {'line': b'-- Up-to-date: /home/mustardking/ws_sensor_combined/install/px4_msgs/include/px4_msgs/px4_msgs/msg/detail/battery_info__functions.h\n'}
[1.706830] (px4_msgs) StdoutLine: {'line': b'-- Up-to-date: /home/mustardking/ws_sensor_combined/install/px4_msgs/include/px4_msgs/px4_msgs/msg/detail/mavlink_tunnel__type_support.h\n'}
[1.706853] (px4_msgs) StdoutLine: {'line': b'-- Up-to-date: /home/mustardking/ws_sensor_combined/install/px4_msgs/include/px4_msgs/px4_msgs/msg/detail/estimator_event_flags__struct.h\n'}
[1.706883] (px4_msgs) StdoutLine: {'line': b'-- Up-to-date: /home/mustardking/ws_sensor_combined/install/px4_msgs/include/px4_msgs/px4_msgs/msg/detail/led_control__type_support.h\n'}
[1.706909] (px4_msgs) StdoutLine: {'line': b'-- Up-to-date: /home/mustardking/ws_sensor_combined/install/px4_msgs/include/px4_msgs/px4_msgs/msg/detail/rover_rate_status__type_support.h\n'}
[1.706935] (px4_msgs) StdoutLine: {'line': b'-- Up-to-date: /home/mustardking/ws_sensor_combined/install/px4_msgs/include/px4_msgs/px4_msgs/msg/detail/uavcan_parameter_value__struct.h\n'}
[1.706957] (px4_msgs) StdoutLine: {'line': b'-- Up-to-date: /home/mustardking/ws_sensor_combined/install/px4_msgs/include/px4_msgs/px4_msgs/msg/detail/control_allocator_status__type_support.h\n'}
[1.706981] (px4_msgs) StdoutLine: {'line': b'-- Up-to-date: /home/mustardking/ws_sensor_combined/install/px4_msgs/include/px4_msgs/px4_msgs/msg/detail/vehicle_odometry__functions.h\n'}
[1.707019] (px4_msgs) StdoutLine: {'line': b'-- Up-to-date: /home/mustardking/ws_sensor_combined/install/px4_msgs/include/px4_msgs/px4_msgs/msg/detail/rover_speed_setpoint__struct.h\n'}
[1.707043] (px4_msgs) StdoutLine: {'line': b'-- Up-to-date: /home/mustardking/ws_sensor_combined/install/px4_msgs/include/px4_msgs/px4_msgs/msg/detail/gimbal_manager_set_attitude__functions.c\n'}
[1.707066] (px4_msgs) StdoutLine: {'line': b'-- Up-to-date: /home/mustardking/ws_sensor_combined/install/px4_msgs/include/px4_msgs/px4_msgs/msg/detail/rover_rate_setpoint__struct.h\n'}
[1.707089] (px4_msgs) StdoutLine: {'line': b'-- Up-to-date: /home/mustardking/ws_sensor_combined/install/px4_msgs/include/px4_msgs/px4_msgs/msg/detail/takeoff_status__functions.c\n'}
[1.707111] (px4_msgs) StdoutLine: {'line': b'-- Up-to-date: /home/mustardking/ws_sensor_combined/install/px4_msgs/include/px4_msgs/px4_msgs/msg/detail/parameter_update__functions.h\n'}
[1.707149] (px4_msgs) StdoutLine: {'line': b'-- Up-to-date: /home/mustardking/ws_sensor_combined/install/px4_msgs/include/px4_msgs/px4_msgs/msg/detail/vehicle_imu__struct.h\n'}
[1.707174] (px4_msgs) StdoutLine: {'line': b'-- Up-to-date: /home/mustardking/ws_sensor_combined/install/px4_msgs/include/px4_msgs/px4_msgs/msg/detail/estimator_event_flags__functions.c\n'}
[1.707211] (px4_msgs) StdoutLine: {'line': b'-- Up-to-date: /home/mustardking/ws_sensor_combined/install/px4_msgs/include/px4_msgs/px4_msgs/msg/detail/geofence_result__functions.h\n'}
[1.707235] (px4_msgs) StdoutLine: {'line': b'-- Up-to-date: /home/mustardking/ws_sensor_combined/install/px4_msgs/include/px4_msgs/px4_msgs/msg/detail/rover_speed_status__struct.h\n'}
[1.707258] (px4_msgs) StdoutLine: {'line': b'-- Up-to-date: /home/mustardking/ws_sensor_combined/install/px4_msgs/include/px4_msgs/px4_msgs/msg/detail/transponder_report__functions.h\n'}
[1.707281] (px4_msgs) StdoutLine: {'line': b'-- Up-to-date: /home/mustardking/ws_sensor_combined/install/px4_msgs/include/px4_msgs/px4_msgs/msg/detail/qshell_req__struct.h\n'}
[1.707304] (px4_msgs) StdoutLine: {'line': b'-- Up-to-date: /home/mustardking/ws_sensor_combined/install/px4_msgs/include/px4_msgs/px4_msgs/msg/detail/esc_report__type_support.h\n'}
[1.707327] (px4_msgs) StdoutLine: {'line': b'-- Up-to-date: /home/mustardking/ws_sensor_combined/install/px4_msgs/include/px4_msgs/px4_msgs/msg/detail/gimbal_device_attitude_status__struct.h\n'}
[1.707350] (px4_msgs) StdoutLine: {'line': b'-- Up-to-date: /home/mustardking/ws_sensor_combined/install/px4_msgs/include/px4_msgs/px4_msgs/msg/detail/unregister_ext_component__functions.c\n'}
[1.707373] (px4_msgs) StdoutLine: {'line': b'-- Up-to-date: /home/mustardking/ws_sensor_combined/install/px4_msgs/include/px4_msgs/px4_msgs/msg/detail/actuator_servos__functions.c\n'}
[1.707396] (px4_msgs) StdoutLine: {'line': b'-- Up-to-date: /home/mustardking/ws_sensor_combined/install/px4_msgs/include/px4_msgs/px4_msgs/msg/detail/gimbal_controls__struct.h\n'}
[1.707420] (px4_msgs) StdoutLine: {'line': b'-- Up-to-date: /home/mustardking/ws_sensor_combined/install/px4_msgs/include/px4_msgs/px4_msgs/msg/detail/health_report__functions.c\n'}
[1.707443] (px4_msgs) StdoutLine: {'line': b'-- Up-to-date: /home/mustardking/ws_sensor_combined/install/px4_msgs/include/px4_msgs/px4_msgs/msg/detail/vehicle_command__functions.c\n'}
[1.707466] (px4_msgs) StdoutLine: {'line': b'-- Up-to-date: /home/mustardking/ws_sensor_combined/install/px4_msgs/include/px4_msgs/px4_msgs/msg/detail/system_power__struct.h\n'}
[1.707489] (px4_msgs) StdoutLine: {'line': b'-- Up-to-date: /home/mustardking/ws_sensor_combined/install/px4_msgs/include/px4_msgs/px4_msgs/msg/detail/sensor_hygrometer__struct.h\n'}
[1.707512] (px4_msgs) StdoutLine: {'line': b'-- Up-to-date: /home/mustardking/ws_sensor_combined/install/px4_msgs/include/px4_msgs/px4_msgs/msg/detail/power_monitor__type_support.h\n'}
[1.707535] (px4_msgs) StdoutLine: {'line': b'-- Up-to-date: /home/mustardking/ws_sensor_combined/install/px4_msgs/include/px4_msgs/px4_msgs/msg/detail/neural_control__struct.h\n'}
[1.707558] (px4_msgs) StdoutLine: {'line': b'-- Up-to-date: /home/mustardking/ws_sensor_combined/install/px4_msgs/include/px4_msgs/px4_msgs/msg/detail/unregister_ext_component__struct.h\n'}
[1.707581] (px4_msgs) StdoutLine: {'line': b'-- Up-to-date: /home/mustardking/ws_sensor_combined/install/px4_msgs/include/px4_msgs/px4_msgs/msg/detail/arming_check_request__type_support.h\n'}
[1.707606] (px4_msgs) StdoutLine: {'line': b'-- Up-to-date: /home/mustardking/ws_sensor_combined/install/px4_msgs/include/px4_msgs/px4_msgs/msg/detail/manual_control_switches__functions.c\n'}
[1.707630] (px4_msgs) StdoutLine: {'line': b'-- Up-to-date: /home/mustardking/ws_sensor_combined/install/px4_msgs/include/px4_msgs/px4_msgs/msg/detail/landing_gear__struct.h\n'}
[1.707653] (px4_msgs) StdoutLine: {'line': b'-- Up-to-date: /home/mustardking/ws_sensor_combined/install/px4_msgs/include/px4_msgs/px4_msgs/msg/detail/irlock_report__functions.c\n'}
[1.707676] (px4_msgs) StdoutLine: {'line': b'-- Up-to-date: /home/mustardking/ws_sensor_combined/install/px4_msgs/include/px4_msgs/px4_msgs/msg/detail/normalized_unsigned_setpoint__functions.c\n'}
[1.707699] (px4_msgs) StdoutLine: {'line': b'-- Up-to-date: /home/mustardking/ws_sensor_combined/install/px4_msgs/include/px4_msgs/px4_msgs/msg/detail/vehicle_command__type_support.h\n'}
[1.707723] (px4_msgs) StdoutLine: {'line': b'-- Up-to-date: /home/mustardking/ws_sensor_combined/install/px4_msgs/include/px4_msgs/px4_msgs/msg/detail/open_drone_id_operator_id__functions.h\n'}
[1.707746] (px4_msgs) StdoutLine: {'line': b'-- Up-to-date: /home/mustardking/ws_sensor_combined/install/px4_msgs/include/px4_msgs/px4_msgs/msg/detail/sensor_selection__functions.h\n'}
[1.707769] (px4_msgs) StdoutLine: {'line': b'-- Up-to-date: /home/mustardking/ws_sensor_combined/install/px4_msgs/include/px4_msgs/px4_msgs/msg/detail/sensor_baro__type_support.h\n'}
[1.707805] (px4_msgs) StdoutLine: {'line': b'-- Up-to-date: /home/mustardking/ws_sensor_combined/install/px4_msgs/include/px4_msgs/px4_msgs/msg/detail/actuator_servos__type_support.h\n'}
[1.707829] (px4_msgs) StdoutLine: {'line': b'-- Up-to-date: /home/mustardking/ws_sensor_combined/install/px4_msgs/include/px4_msgs/px4_msgs/msg/detail/vehicle_local_position_setpoint__functions.c\n'}
[1.707854] (px4_msgs) StdoutLine: {'line': b'-- Up-to-date: /home/mustardking/ws_sensor_combined/install/px4_msgs/include/px4_msgs/px4_msgs/msg/detail/vehicle_imu_status__struct.h\n'}
[1.707892] (px4_msgs) StdoutLine: {'line': b'-- Up-to-date: /home/mustardking/ws_sensor_combined/install/px4_msgs/include/px4_msgs/px4_msgs/msg/detail/fuel_tank_status__type_support.h\n'}
[1.707918] (px4_msgs) StdoutLine: {'line': b'-- Up-to-date: /home/mustardking/ws_sensor_combined/install/px4_msgs/include/px4_msgs/px4_msgs/msg/detail/vehicle_optical_flow_vel__struct.h\n'}
[1.707941] (px4_msgs) StdoutLine: {'line': b'-- Up-to-date: /home/mustardking/ws_sensor_combined/install/px4_msgs/include/px4_msgs/px4_msgs/msg/detail/launch_detection_status__type_support.h\n'}
[1.707975] (px4_msgs) StdoutLine: {'line': b'-- Up-to-date: /home/mustardking/ws_sensor_combined/install/px4_msgs/include/px4_msgs/px4_msgs/msg/detail/orbit_status__functions.c\n'}
[1.707998] (px4_msgs) StdoutLine: {'line': b'-- Up-to-date: /home/mustardking/ws_sensor_combined/install/px4_msgs/include/px4_msgs/px4_msgs/msg/detail/cellular_status__functions.c\n'}
[1.708021] (px4_msgs) StdoutLine: {'line': b'-- Up-to-date: /home/mustardking/ws_sensor_combined/install/px4_msgs/include/px4_msgs/px4_msgs/msg/detail/gps_inject_data__struct.h\n'}
[1.708043] (px4_msgs) StdoutLine: {'line': b'-- Up-to-date: /home/mustardking/ws_sensor_combined/install/px4_msgs/include/px4_msgs/px4_msgs/msg/detail/vehicle_attitude__functions.c\n'}
[1.708066] (px4_msgs) StdoutLine: {'line': b'-- Up-to-date: /home/mustardking/ws_sensor_combined/install/px4_msgs/include/px4_msgs/px4_msgs/msg/detail/vehicle_magnetometer__functions.c\n'}
[1.708088] (px4_msgs) StdoutLine: {'line': b'-- Up-to-date: /home/mustardking/ws_sensor_combined/install/px4_msgs/include/px4_msgs/px4_msgs/msg/detail/vehicle_attitude_setpoint__struct.h\n'}
[1.708110] (px4_msgs) StdoutLine: {'line': b'-- Up-to-date: /home/mustardking/ws_sensor_combined/install/px4_msgs/include/px4_msgs/px4_msgs/msg/detail/health_report__functions.h\n'}
[1.708133] (px4_msgs) StdoutLine: {'line': b'-- Up-to-date: /home/mustardking/ws_sensor_combined/install/px4_msgs/include/px4_msgs/px4_msgs/msg/detail/autotune_attitude_control_status__functions.h\n'}
[1.708155] (px4_msgs) StdoutLine: {'line': b'-- Up-to-date: /home/mustardking/ws_sensor_combined/install/px4_msgs/include/px4_msgs/px4_msgs/msg/detail/navigator_status__functions.c\n'}
[1.708177] (px4_msgs) StdoutLine: {'line': b'-- Up-to-date: /home/mustardking/ws_sensor_combined/install/px4_msgs/include/px4_msgs/px4_msgs/msg/detail/orb_test__type_support.h\n'}
[1.708200] (px4_msgs) StdoutLine: {'line': b'-- Up-to-date: /home/mustardking/ws_sensor_combined/install/px4_msgs/include/px4_msgs/px4_msgs/msg/detail/differential_pressure__struct.h\n'}
[1.708222] (px4_msgs) StdoutLine: {'line': b'-- Up-to-date: /home/mustardking/ws_sensor_combined/install/px4_msgs/include/px4_msgs/px4_msgs/msg/detail/rtl_time_estimate__type_support.h\n'}
[1.708245] (px4_msgs) StdoutLine: {'line': b'-- Up-to-date: /home/mustardking/ws_sensor_combined/install/px4_msgs/include/px4_msgs/px4_msgs/msg/detail/sensor_correction__functions.h\n'}
[1.708339] (px4_msgs) StdoutLine: {'line': b'-- Up-to-date: /home/mustardking/ws_sensor_combined/install/px4_msgs/include/px4_msgs/px4_msgs/msg/detail/vehicle_imu__functions.h\n'}
[1.708373] (px4_msgs) StdoutLine: {'line': b'-- Up-to-date: /home/mustardking/ws_sensor_combined/install/px4_msgs/include/px4_msgs/px4_msgs/msg/detail/internal_combustion_engine_status__functions.c\n'}
[1.708402] (px4_msgs) StdoutLine: {'line': b'-- Up-to-date: /home/mustardking/ws_sensor_combined/install/px4_msgs/include/px4_msgs/px4_msgs/msg/detail/parameter_set_value_response__functions.h\n'}
[1.708427] (px4_msgs) StdoutLine: {'line': b'-- Up-to-date: /home/mustardking/ws_sensor_combined/install/px4_msgs/include/px4_msgs/px4_msgs/msg/detail/landing_gear__type_support.h\n'}
[1.708451] (px4_msgs) StdoutLine: {'line': b'-- Up-to-date: /home/mustardking/ws_sensor_combined/install/px4_msgs/include/px4_msgs/px4_msgs/msg/detail/parameter_set_value_response__type_support.h\n'}
[1.708474] (px4_msgs) StdoutLine: {'line': b'-- Up-to-date: /home/mustardking/ws_sensor_combined/install/px4_msgs/include/px4_msgs/px4_msgs/msg/detail/rate_ctrl_status__functions.h\n'}
[1.708497] (px4_msgs) StdoutLine: {'line': b'-- Up-to-date: /home/mustardking/ws_sensor_combined/install/px4_msgs/include/px4_msgs/px4_msgs/msg/detail/failure_detector_status__struct.h\n'}
[1.708522] (px4_msgs) StdoutLine: {'line': b'-- Up-to-date: /home/mustardking/ws_sensor_combined/install/px4_msgs/include/px4_msgs/px4_msgs/msg/detail/gimbal_device_attitude_status__functions.h\n'}
[1.708544] (px4_msgs) StdoutLine: {'line': b'-- Up-to-date: /home/mustardking/ws_sensor_combined/install/px4_msgs/include/px4_msgs/px4_msgs/msg/detail/rpm__functions.c\n'}
[1.708567] (px4_msgs) StdoutLine: {'line': b'-- Up-to-date: /home/mustardking/ws_sensor_combined/install/px4_msgs/include/px4_msgs/px4_msgs/msg/detail/gps_dump__struct.h\n'}
[1.708589] (px4_msgs) StdoutLine: {'line': b'-- Up-to-date: /home/mustardking/ws_sensor_combined/install/px4_msgs/include/px4_msgs/px4_msgs/msg/detail/takeoff_status__struct.h\n'}
[1.708611] (px4_msgs) StdoutLine: {'line': b'-- Up-to-date: /home/mustardking/ws_sensor_combined/install/px4_msgs/include/px4_msgs/px4_msgs/msg/detail/led_control__functions.h\n'}
[1.708634] (px4_msgs) StdoutLine: {'line': b'-- Up-to-date: /home/mustardking/ws_sensor_combined/install/px4_msgs/include/px4_msgs/px4_msgs/msg/detail/rtl_status__struct.h\n'}
[1.708660] (px4_msgs) StdoutLine: {'line': b'-- Up-to-date: /home/mustardking/ws_sensor_combined/install/px4_msgs/include/px4_msgs/px4_msgs/msg/detail/sensor_preflight_mag__struct.h\n'}
[1.708682] (px4_msgs) StdoutLine: {'line': b'-- Up-to-date: /home/mustardking/ws_sensor_combined/install/px4_msgs/include/px4_msgs/px4_msgs/msg/detail/mode_completed__type_support.h\n'}
[1.708704] (px4_msgs) StdoutLine: {'line': b'-- Up-to-date: /home/mustardking/ws_sensor_combined/install/px4_msgs/include/px4_msgs/px4_msgs/msg/detail/vehicle_thrust_setpoint__struct.h\n'}
[1.708726] (px4_msgs) StdoutLine: {'line': b'-- Up-to-date: /home/mustardking/ws_sensor_combined/install/px4_msgs/include/px4_msgs/px4_msgs/msg/detail/figure_eight_status__struct.h\n'}
[1.708748] (px4_msgs) StdoutLine: {'line': b'-- Up-to-date: /home/mustardking/ws_sensor_combined/install/px4_msgs/include/px4_msgs/px4_msgs/msg/detail/uavcan_parameter_request__type_support.h\n'}
[1.708770] (px4_msgs) StdoutLine: {'line': b'-- Up-to-date: /home/mustardking/ws_sensor_combined/install/px4_msgs/include/px4_msgs/px4_msgs/msg/detail/vehicle_local_position__functions.h\n'}
[1.708792] (px4_msgs) StdoutLine: {'line': b'-- Up-to-date: /home/mustardking/ws_sensor_combined/install/px4_msgs/include/px4_msgs/px4_msgs/msg/detail/rover_rate_setpoint__functions.c\n'}
[1.708814] (px4_msgs) StdoutLine: {'line': b'-- Up-to-date: /home/mustardking/ws_sensor_combined/install/px4_msgs/include/px4_msgs/px4_msgs/msg/detail/gimbal_device_set_attitude__functions.h\n'}
[1.708837] (px4_msgs) StdoutLine: {'line': b'-- Up-to-date: /home/mustardking/ws_sensor_combined/install/px4_msgs/include/px4_msgs/px4_msgs/msg/detail/sensor_gyro__functions.c\n'}
[1.708873] (px4_msgs) StdoutLine: {'line': b'-- Up-to-date: /home/mustardking/ws_sensor_combined/install/px4_msgs/include/px4_msgs/px4_msgs/msg/detail/cpuload__struct.h\n'}
[1.708896] (px4_msgs) StdoutLine: {'line': b'-- Up-to-date: /home/mustardking/ws_sensor_combined/install/px4_msgs/include/px4_msgs/px4_msgs/msg/detail/launch_detection_status__functions.c\n'}
[1.708918] (px4_msgs) StdoutLine: {'line': b'-- Up-to-date: /home/mustardking/ws_sensor_combined/install/px4_msgs/include/px4_msgs/px4_msgs/msg/detail/estimator_bias3d__struct.h\n'}
[1.708940] (px4_msgs) StdoutLine: {'line': b'-- Up-to-date: /home/mustardking/ws_sensor_combined/install/px4_msgs/include/px4_msgs/px4_msgs/msg/detail/actuator_test__struct.h\n'}
[1.708962] (px4_msgs) StdoutLine: {'line': b'-- Up-to-date: /home/mustardking/ws_sensor_combined/install/px4_msgs/include/px4_msgs/px4_msgs/msg/detail/lateral_control_configuration__type_support.h\n'}
[1.708984] (px4_msgs) StdoutLine: {'line': b'-- Up-to-date: /home/mustardking/ws_sensor_combined/install/px4_msgs/include/px4_msgs/px4_msgs/msg/detail/power_monitor__struct.h\n'}
[1.709006] (px4_msgs) StdoutLine: {'line': b'-- Up-to-date: /home/mustardking/ws_sensor_combined/install/px4_msgs/include/px4_msgs/px4_msgs/msg/detail/tecs_status__struct.h\n'}
[1.709028] (px4_msgs) StdoutLine: {'line': b'-- Up-to-date: /home/mustardking/ws_sensor_combined/install/px4_msgs/include/px4_msgs/px4_msgs/msg/detail/estimator_states__functions.h\n'}
[1.709052] (px4_msgs) StdoutLine: {'line': b'-- Up-to-date: /home/mustardking/ws_sensor_combined/install/px4_msgs/include/px4_msgs/px4_msgs/msg/detail/log_message__functions.c\n'}
[1.709074] (px4_msgs) StdoutLine: {'line': b'-- Up-to-date: /home/mustardking/ws_sensor_combined/install/px4_msgs/include/px4_msgs/px4_msgs/msg/detail/sensor_optical_flow__functions.c\n'}
[1.709096] (px4_msgs) StdoutLine: {'line': b'-- Up-to-date: /home/mustardking/ws_sensor_combined/install/px4_msgs/include/px4_msgs/px4_msgs/msg/detail/estimator_sensor_bias__functions.c\n'}
[1.709118] (px4_msgs) StdoutLine: {'line': b'-- Up-to-date: /home/mustardking/ws_sensor_combined/install/px4_msgs/include/px4_msgs/px4_msgs/msg/detail/message_format_request__functions.h\n'}
[1.709140] (px4_msgs) StdoutLine: {'line': b'-- Up-to-date: /home/mustardking/ws_sensor_combined/install/px4_msgs/include/px4_msgs/px4_msgs/msg/detail/ulog_stream_ack__functions.c\n'}
[1.709162] (px4_msgs) StdoutLine: {'line': b'-- Up-to-date: /home/mustardking/ws_sensor_combined/install/px4_msgs/include/px4_msgs/px4_msgs/msg/detail/camera_capture__functions.h\n'}
[1.709184] (px4_msgs) StdoutLine: {'line': b'-- Up-to-date: /home/mustardking/ws_sensor_combined/install/px4_msgs/include/px4_msgs/px4_msgs/msg/detail/input_rc__functions.h\n'}
[1.709206] (px4_msgs) StdoutLine: {'line': b'-- Up-to-date: /home/mustardking/ws_sensor_combined/install/px4_msgs/include/px4_msgs/px4_msgs/msg/detail/landing_gear_wheel__functions.h\n'}
[1.709228] (px4_msgs) StdoutLine: {'line': b'-- Up-to-date: /home/mustardking/ws_sensor_combined/install/px4_msgs/include/px4_msgs/px4_msgs/msg/detail/estimator_status_flags__struct.h\n'}
[1.709250] (px4_msgs) StdoutLine: {'line': b'-- Up-to-date: /home/mustardking/ws_sensor_combined/install/px4_msgs/include/px4_msgs/px4_msgs/msg/detail/open_drone_id_system__functions.h\n'}
[1.709272] (px4_msgs) StdoutLine: {'line': b'-- Up-to-date: /home/mustardking/ws_sensor_combined/install/px4_msgs/include/px4_msgs/px4_msgs/msg/detail/fixed_wing_lateral_setpoint__struct.h\n'}
[1.709294] (px4_msgs) StdoutLine: {'line': b'-- Up-to-date: /home/mustardking/ws_sensor_combined/install/px4_msgs/include/px4_msgs/px4_msgs/msg/detail/estimator_event_flags__type_support.h\n'}
[1.709315] (px4_msgs) StdoutLine: {'line': b'-- Up-to-date: /home/mustardking/ws_sensor_combined/install/px4_msgs/include/px4_msgs/px4_msgs/msg/detail/sensor_gyro_fft__type_support.h\n'}
[1.709340] (px4_msgs) StdoutLine: {'line': b'-- Up-to-date: /home/mustardking/ws_sensor_combined/install/px4_msgs/include/px4_msgs/px4_msgs/msg/detail/actuator_controls_status__functions.c\n'}
[1.709364] (px4_msgs) StdoutLine: {'line': b'-- Up-to-date: /home/mustardking/ws_sensor_combined/install/px4_msgs/include/px4_msgs/px4_msgs/msg/detail/input_rc__functions.c\n'}
[1.709415] (px4_msgs) StdoutLine: {'line': b'-- Up-to-date: /home/mustardking/ws_sensor_combined/install/px4_msgs/include/px4_msgs/px4_msgs/msg/detail/rc_channels__type_support.h\n'}
[1.709461] (px4_msgs) StdoutLine: {'line': b'-- Up-to-date: /home/mustardking/ws_sensor_combined/install/px4_msgs/include/px4_msgs/px4_msgs/msg/detail/fuel_tank_status__functions.c\n'}
[1.709528] (px4_msgs) StdoutLine: {'line': b'-- Up-to-date: /home/mustardking/ws_sensor_combined/install/px4_msgs/include/px4_msgs/px4_msgs/msg/detail/pps_capture__functions.h\n'}
[1.709655] (px4_msgs) StdoutLine: {'line': b'-- Up-to-date: /home/mustardking/ws_sensor_combined/install/px4_msgs/include/px4_msgs/px4_msgs/msg/detail/fixed_wing_lateral_guidance_status__functions.c\n'}
[1.709718] (px4_msgs) StdoutLine: {'line': b'-- Up-to-date: /home/mustardking/ws_sensor_combined/install/px4_msgs/include/px4_msgs/px4_msgs/msg/detail/estimator_aid_source3d__struct.h\n'}
[1.709769] (px4_msgs) StdoutLine: {'line': b'-- Up-to-date: /home/mustardking/ws_sensor_combined/install/px4_msgs/include/px4_msgs/px4_msgs/msg/detail/message_format_request__type_support.h\n'}
[1.709824] (px4_msgs) StdoutLine: {'line': b'-- Up-to-date: /home/mustardking/ws_sensor_combined/install/px4_msgs/include/px4_msgs/px4_msgs/msg/detail/internal_combustion_engine_control__type_support.h\n'}
[1.709872] (px4_msgs) StdoutLine: {'line': b'-- Up-to-date: /home/mustardking/ws_sensor_combined/install/px4_msgs/include/px4_msgs/px4_msgs/msg/detail/mavlink_tunnel__functions.h\n'}
[1.709940] (px4_msgs) StdoutLine: {'line': b'-- Up-to-date: /home/mustardking/ws_sensor_combined/install/px4_msgs/include/px4_msgs/px4_msgs/msg/detail/open_drone_id_arm_status__functions.c\n'}
[1.710011] (px4_msgs) StdoutLine: {'line': b'-- Up-to-date: /home/mustardking/ws_sensor_combined/install/px4_msgs/include/px4_msgs/px4_msgs/msg/detail/vehicle_torque_setpoint__type_support.h\n'}
[1.710074] (px4_msgs) StdoutLine: {'line': b'-- Up-to-date: /home/mustardking/ws_sensor_combined/install/px4_msgs/include/px4_msgs/px4_msgs/msg/detail/vehicle_command_ack__functions.h\n'}
[1.710110] (px4_msgs) StdoutLine: {'line': b'-- Up-to-date: /home/mustardking/ws_sensor_combined/install/px4_msgs/include/px4_msgs/px4_msgs/msg/detail/open_drone_id_arm_status__type_support.h\n'}
[1.710132] (px4_msgs) StdoutLine: {'line': b'-- Up-to-date: /home/mustardking/ws_sensor_combined/install/px4_msgs/include/px4_msgs/px4_msgs/msg/detail/offboard_control_mode__functions.h\n'}
[1.710157] (px4_msgs) StdoutLine: {'line': b'-- Up-to-date: /home/mustardking/ws_sensor_combined/install/px4_msgs/include/px4_msgs/px4_msgs/msg/detail/sensor_gnss_status__functions.h\n'}
[1.710179] (px4_msgs) StdoutLine: {'line': b'-- Up-to-date: /home/mustardking/ws_sensor_combined/install/px4_msgs/include/px4_msgs/px4_msgs/msg/detail/gimbal_manager_set_attitude__type_support.h\n'}
[1.710201] (px4_msgs) StdoutLine: {'line': b'-- Up-to-date: /home/mustardking/ws_sensor_combined/install/px4_msgs/include/px4_msgs/px4_msgs/msg/detail/takeoff_status__functions.h\n'}
[1.710224] (px4_msgs) StdoutLine: {'line': b'-- Up-to-date: /home/mustardking/ws_sensor_combined/install/px4_msgs/include/px4_msgs/px4_msgs/msg/detail/vehicle_status__functions.c\n'}
[1.710245] (px4_msgs) StdoutLine: {'line': b'-- Up-to-date: /home/mustardking/ws_sensor_combined/install/px4_msgs/include/px4_msgs/px4_msgs/msg/detail/vehicle_magnetometer__type_support.h\n'}
[1.710267] (px4_msgs) StdoutLine: {'line': b'-- Up-to-date: /home/mustardking/ws_sensor_combined/install/px4_msgs/include/px4_msgs/px4_msgs/msg/detail/rc_channels__functions.h\n'}
[1.710290] (px4_msgs) StdoutLine: {'line': b'-- Up-to-date: /home/mustardking/ws_sensor_combined/install/px4_msgs/include/px4_msgs/px4_msgs/msg/detail/gimbal_controls__type_support.h\n'}
[1.710312] (px4_msgs) StdoutLine: {'line': b'-- Up-to-date: /home/mustardking/ws_sensor_combined/install/px4_msgs/include/px4_msgs/px4_msgs/msg/detail/debug_array__struct.h\n'}
[1.710335] (px4_msgs) StdoutLine: {'line': b'-- Up-to-date: /home/mustardking/ws_sensor_combined/install/px4_msgs/include/px4_msgs/px4_msgs/msg/detail/manual_control_setpoint__functions.h\n'}
[1.710357] (px4_msgs) StdoutLine: {'line': b'-- Up-to-date: /home/mustardking/ws_sensor_combined/install/px4_msgs/include/px4_msgs/px4_msgs/msg/detail/sensor_gnss_status__type_support.h\n'}
[1.710379] (px4_msgs) StdoutLine: {'line': b'-- Up-to-date: /home/mustardking/ws_sensor_combined/install/px4_msgs/include/px4_msgs/px4_msgs/msg/detail/tune_control__type_support.h\n'}
[1.710413] (px4_msgs) StdoutLine: {'line': b'-- Up-to-date: /home/mustardking/ws_sensor_combined/install/px4_msgs/include/px4_msgs/px4_msgs/msg/detail/follow_target__functions.h\n'}
[1.710436] (px4_msgs) StdoutLine: {'line': b'-- Up-to-date: /home/mustardking/ws_sensor_combined/install/px4_msgs/include/px4_msgs/px4_msgs/msg/detail/vehicle_thrust_setpoint__functions.c\n'}
[1.710457] (px4_msgs) StdoutLine: {'line': b'-- Up-to-date: /home/mustardking/ws_sensor_combined/install/px4_msgs/include/px4_msgs/px4_msgs/msg/detail/uavcan_parameter_request__struct.h\n'}
[1.710479] (px4_msgs) StdoutLine: {'line': b'-- Up-to-date: /home/mustardking/ws_sensor_combined/install/px4_msgs/include/px4_msgs/px4_msgs/msg/detail/obstacle_distance__functions.h\n'}
[1.710507] (px4_msgs) StdoutLine: {'line': b'-- Up-to-date: /home/mustardking/ws_sensor_combined/install/px4_msgs/include/px4_msgs/px4_msgs/msg/detail/gimbal_device_set_attitude__type_support.h\n'}
[1.710544] (px4_msgs) StdoutLine: {'line': b'-- Up-to-date: /home/mustardking/ws_sensor_combined/install/px4_msgs/include/px4_msgs/px4_msgs/msg/detail/sensor_optical_flow__type_support.h\n'}
[1.710575] (px4_msgs) StdoutLine: {'line': b'-- Up-to-date: /home/mustardking/ws_sensor_combined/install/px4_msgs/include/px4_msgs/px4_msgs/msg/detail/estimator_states__functions.c\n'}
[1.710617] (px4_msgs) StdoutLine: {'line': b'-- Up-to-date: /home/mustardking/ws_sensor_combined/install/px4_msgs/include/px4_msgs/px4_msgs/msg/detail/navigator_status__type_support.h\n'}
[1.710670] (px4_msgs) StdoutLine: {'line': b'-- Up-to-date: /home/mustardking/ws_sensor_combined/install/px4_msgs/include/px4_msgs/px4_msgs/msg/detail/sensor_hygrometer__type_support.h\n'}
[1.710738] (px4_msgs) StdoutLine: {'line': b'-- Up-to-date: /home/mustardking/ws_sensor_combined/install/px4_msgs/include/px4_msgs/px4_msgs/msg/detail/vehicle_air_data__functions.h\n'}
[1.710778] (px4_msgs) StdoutLine: {'line': b'-- Up-to-date: /home/mustardking/ws_sensor_combined/install/px4_msgs/include/px4_msgs/px4_msgs/msg/detail/gimbal_manager_information__functions.h\n'}
[1.710825] (px4_msgs) StdoutLine: {'line': b'-- Up-to-date: /home/mustardking/ws_sensor_combined/install/px4_msgs/include/px4_msgs/px4_msgs/msg/detail/distance_sensor__struct.h\n'}
[1.710858] (px4_msgs) StdoutLine: {'line': b'-- Up-to-date: /home/mustardking/ws_sensor_combined/install/px4_msgs/include/px4_msgs/px4_msgs/msg/detail/position_controller_status__type_support.h\n'}
[1.710883] (px4_msgs) StdoutLine: {'line': b'-- Up-to-date: /home/mustardking/ws_sensor_combined/install/px4_msgs/include/px4_msgs/px4_msgs/msg/detail/task_stack_info__type_support.h\n'}
[1.710922] (px4_msgs) StdoutLine: {'line': b'-- Up-to-date: /home/mustardking/ws_sensor_combined/install/px4_msgs/include/px4_msgs/px4_msgs/msg/detail/sensor_optical_flow__functions.h\n'}
[1.710990] (px4_msgs) StdoutLine: {'line': b'-- Up-to-date: /home/mustardking/ws_sensor_combined/install/px4_msgs/include/px4_msgs/px4_msgs/msg/detail/launch_detection_status__struct.h\n'}
[1.711060] (px4_msgs) StdoutLine: {'line': b'-- Up-to-date: /home/mustardking/ws_sensor_combined/install/px4_msgs/include/px4_msgs/px4_msgs/msg/detail/sensors_status__functions.h\n'}
[1.711117] (px4_msgs) StdoutLine: {'line': b'-- Up-to-date: /home/mustardking/ws_sensor_combined/install/px4_msgs/include/px4_msgs/px4_msgs/msg/detail/rc_parameter_map__struct.h\n'}
[1.711182] (px4_msgs) StdoutLine: {'line': b'-- Up-to-date: /home/mustardking/ws_sensor_combined/install/px4_msgs/include/px4_msgs/px4_msgs/msg/detail/parameter_set_value_request__functions.c\n'}
[1.711227] (px4_msgs) StdoutLine: {'line': b'-- Up-to-date: /home/mustardking/ws_sensor_combined/install/px4_msgs/include/px4_msgs/px4_msgs/msg/detail/vehicle_attitude__struct.h\n'}
[1.711268] (px4_msgs) StdoutLine: {'line': b'-- Up-to-date: /home/mustardking/ws_sensor_combined/install/px4_msgs/include/px4_msgs/px4_msgs/msg/detail/follow_target_estimator__functions.h\n'}
[1.711312] (px4_msgs) StdoutLine: {'line': b'-- Up-to-date: /home/mustardking/ws_sensor_combined/install/px4_msgs/include/px4_msgs/px4_msgs/msg/detail/pps_capture__type_support.h\n'}
[1.711371] (px4_msgs) StdoutLine: {'line': b'-- Up-to-date: /home/mustardking/ws_sensor_combined/install/px4_msgs/include/px4_msgs/px4_msgs/msg/detail/orbit_status__functions.h\n'}
[1.711427] (px4_msgs) StdoutLine: {'line': b'-- Up-to-date: /home/mustardking/ws_sensor_combined/install/px4_msgs/include/px4_msgs/px4_msgs/msg/detail/esc_status__type_support.h\n'}
[1.711491] (px4_msgs) StdoutLine: {'line': b'-- Up-to-date: /home/mustardking/ws_sensor_combined/install/px4_msgs/include/px4_msgs/px4_msgs/msg/detail/logger_status__struct.h\n'}
[1.711538] (px4_msgs) StdoutLine: {'line': b'-- Up-to-date: /home/mustardking/ws_sensor_combined/install/px4_msgs/include/px4_msgs/px4_msgs/msg/detail/gps_inject_data__type_support.h\n'}
[1.711567] (px4_msgs) StdoutLine: {'line': b'-- Up-to-date: /home/mustardking/ws_sensor_combined/install/px4_msgs/include/px4_msgs/px4_msgs/msg/detail/timesync_status__functions.c\n'}
[1.711589] (px4_msgs) StdoutLine: {'line': b'-- Up-to-date: /home/mustardking/ws_sensor_combined/install/px4_msgs/include/px4_msgs/px4_msgs/msg/detail/hover_thrust_estimate__struct.h\n'}
[1.711610] (px4_msgs) StdoutLine: {'line': b'-- Up-to-date: /home/mustardking/ws_sensor_combined/install/px4_msgs/include/px4_msgs/px4_msgs/msg/detail/follow_target_estimator__struct.h\n'}
[1.711632] (px4_msgs) StdoutLine: {'line': b'-- Up-to-date: /home/mustardking/ws_sensor_combined/install/px4_msgs/include/px4_msgs/px4_msgs/msg/detail/arming_check_reply__type_support.h\n'}
[1.711653] (px4_msgs) StdoutLine: {'line': b'-- Up-to-date: /home/mustardking/ws_sensor_combined/install/px4_msgs/include/px4_msgs/px4_msgs/msg/detail/position_controller_landing_status__functions.c\n'}
[1.711675] (px4_msgs) StdoutLine: {'line': b'-- Up-to-date: /home/mustardking/ws_sensor_combined/install/px4_msgs/include/px4_msgs/px4_msgs/msg/detail/sensors_status_imu__functions.h\n'}
[1.711699] (px4_msgs) StdoutLine: {'line': b'-- Up-to-date: /home/mustardking/ws_sensor_combined/install/px4_msgs/include/px4_msgs/px4_msgs/msg/detail/sensor_gyro_fifo__functions.c\n'}
[1.711724] (px4_msgs) StdoutLine: {'line': b'-- Up-to-date: /home/mustardking/ws_sensor_combined/install/px4_msgs/include/px4_msgs/px4_msgs/msg/detail/obstacle_distance__functions.c\n'}
[1.711758] (px4_msgs) StdoutLine: {'line': b'-- Up-to-date: /home/mustardking/ws_sensor_combined/install/px4_msgs/include/px4_msgs/px4_msgs/msg/detail/rover_attitude_status__struct.h\n'}
[1.711781] (px4_msgs) StdoutLine: {'line': b'-- Up-to-date: /home/mustardking/ws_sensor_combined/install/px4_msgs/include/px4_msgs/px4_msgs/msg/detail/sensor_gnss_relative__struct.h\n'}
[1.711803] (px4_msgs) StdoutLine: {'line': b'-- Up-to-date: /home/mustardking/ws_sensor_combined/install/px4_msgs/include/px4_msgs/px4_msgs/msg/detail/actuator_armed__functions.c\n'}
[1.711824] (px4_msgs) StdoutLine: {'line': b'-- Up-to-date: /home/mustardking/ws_sensor_combined/install/px4_msgs/include/px4_msgs/px4_msgs/msg/detail/health_report__struct.h\n'}
[1.711846] (px4_msgs) StdoutLine: {'line': b'-- Up-to-date: /home/mustardking/ws_sensor_combined/install/px4_msgs/include/px4_msgs/px4_msgs/msg/detail/open_drone_id_operator_id__functions.c\n'}
[1.711868] (px4_msgs) StdoutLine: {'line': b'-- Up-to-date: /home/mustardking/ws_sensor_combined/install/px4_msgs/include/px4_msgs/px4_msgs/msg/detail/register_ext_component_request__functions.h\n'}
[1.711892] (px4_msgs) StdoutLine: {'line': b'-- Up-to-date: /home/mustardking/ws_sensor_combined/install/px4_msgs/include/px4_msgs/px4_msgs/msg/detail/open_drone_id_self_id__functions.c\n'}
[1.711918] (px4_msgs) StdoutLine: {'line': b'-- Up-to-date: /home/mustardking/ws_sensor_combined/install/px4_msgs/include/px4_msgs/px4_msgs/msg/detail/orb_test_medium__struct.h\n'}
[1.711940] (px4_msgs) StdoutLine: {'line': b'-- Up-to-date: /home/mustardking/ws_sensor_combined/install/px4_msgs/include/px4_msgs/px4_msgs/msg/detail/estimator_states__struct.h\n'}
[1.711962] (px4_msgs) StdoutLine: {'line': b'-- Up-to-date: /home/mustardking/ws_sensor_combined/install/px4_msgs/include/px4_msgs/px4_msgs/msg/detail/rtl_status__functions.c\n'}
[1.711986] (px4_msgs) StdoutLine: {'line': b'-- Up-to-date: /home/mustardking/ws_sensor_combined/install/px4_msgs/include/px4_msgs/px4_msgs/msg/detail/sensor_accel__type_support.h\n'}
[1.712008] (px4_msgs) StdoutLine: {'line': b'-- Up-to-date: /home/mustardking/ws_sensor_combined/install/px4_msgs/include/px4_msgs/px4_msgs/msg/detail/pps_capture__functions.c\n'}
[1.712029] (px4_msgs) StdoutLine: {'line': b'-- Up-to-date: /home/mustardking/ws_sensor_combined/install/px4_msgs/include/px4_msgs/px4_msgs/msg/detail/actuator_servos__struct.h\n'}
[1.712051] (px4_msgs) StdoutLine: {'line': b'-- Up-to-date: /home/mustardking/ws_sensor_combined/install/px4_msgs/include/px4_msgs/px4_msgs/msg/detail/vehicle_roi__functions.c\n'}
[1.712080] (px4_msgs) StdoutLine: {'line': b'-- Up-to-date: /home/mustardking/ws_sensor_combined/install/px4_msgs/include/px4_msgs/px4_msgs/msg/detail/home_position__functions.h\n'}
[1.712125] (px4_msgs) StdoutLine: {'line': b'-- Up-to-date: /home/mustardking/ws_sensor_combined/install/px4_msgs/include/px4_msgs/px4_msgs/msg/detail/vehicle_attitude_setpoint__functions.h\n'}
[1.712154] (px4_msgs) StdoutLine: {'line': b'-- Up-to-date: /home/mustardking/ws_sensor_combined/install/px4_msgs/include/px4_msgs/px4_msgs/msg/detail/transponder_report__functions.c\n'}
[1.712176] (px4_msgs) StdoutLine: {'line': b'-- Up-to-date: /home/mustardking/ws_sensor_combined/install/px4_msgs/include/px4_msgs/px4_msgs/msg/detail/rtl_time_estimate__struct.h\n'}
[1.712198] (px4_msgs) StdoutLine: {'line': b'-- Up-to-date: /home/mustardking/ws_sensor_combined/install/px4_msgs/include/px4_msgs/px4_msgs/msg/detail/manual_control_setpoint__type_support.h\n'}
[1.712220] (px4_msgs) StdoutLine: {'line': b'-- Up-to-date: /home/mustardking/ws_sensor_combined/install/px4_msgs/include/px4_msgs/px4_msgs/msg/detail/rover_speed_setpoint__functions.h\n'}
[1.712242] (px4_msgs) StdoutLine: {'line': b'-- Up-to-date: /home/mustardking/ws_sensor_combined/install/px4_msgs/include/px4_msgs/px4_msgs/msg/detail/estimator_bias__struct.h\n'}
[1.712321] (px4_msgs) StdoutLine: {'line': b'-- Up-to-date: /home/mustardking/ws_sensor_combined/install/px4_msgs/include/px4_msgs/px4_msgs/msg/detail/follow_target_estimator__functions.c\n'}
[1.712852] (px4_msgs) StdoutLine: {'line': b'-- Up-to-date: /home/mustardking/ws_sensor_combined/install/px4_msgs/include/px4_msgs/px4_msgs/msg/detail/distance_sensor_mode_change_request__functions.c\n'}
[1.712878] (px4_msgs) StdoutLine: {'line': b'-- Up-to-date: /home/mustardking/ws_sensor_combined/install/px4_msgs/include/px4_msgs/px4_msgs/msg/detail/velocity_limits__struct.h\n'}
[1.712901] (px4_msgs) StdoutLine: {'line': b'-- Up-to-date: /home/mustardking/ws_sensor_combined/install/px4_msgs/include/px4_msgs/px4_msgs/msg/detail/sensor_selection__type_support.h\n'}
[1.712924] (px4_msgs) StdoutLine: {'line': b'-- Up-to-date: /home/mustardking/ws_sensor_combined/install/px4_msgs/include/px4_msgs/px4_msgs/msg/detail/launch_detection_status__functions.h\n'}
[1.712957] (px4_msgs) StdoutLine: {'line': b'-- Up-to-date: /home/mustardking/ws_sensor_combined/install/px4_msgs/include/px4_msgs/px4_msgs/msg/detail/landing_target_innovations__type_support.h\n'}
[1.712999] (px4_msgs) StdoutLine: {'line': b'-- Up-to-date: /home/mustardking/ws_sensor_combined/install/px4_msgs/include/px4_msgs/px4_msgs/msg/detail/vehicle_optical_flow__functions.c\n'}
[1.713025] (px4_msgs) StdoutLine: {'line': b'-- Up-to-date: /home/mustardking/ws_sensor_combined/install/px4_msgs/include/px4_msgs/px4_msgs/msg/detail/can_interface_status__functions.c\n'}
[1.713057] (px4_msgs) StdoutLine: {'line': b'-- Up-to-date: /home/mustardking/ws_sensor_combined/install/px4_msgs/include/px4_msgs/px4_msgs/msg/detail/battery_status__type_support.h\n'}
[1.713096] (px4_msgs) StdoutLine: {'line': b'-- Up-to-date: /home/mustardking/ws_sensor_combined/install/px4_msgs/include/px4_msgs/px4_msgs/msg/detail/gimbal_manager_set_attitude__struct.h\n'}
[1.713118] (px4_msgs) StdoutLine: {'line': b'-- Up-to-date: /home/mustardking/ws_sensor_combined/install/px4_msgs/include/px4_msgs/px4_msgs/msg/detail/home_position__type_support.h\n'}
[1.713139] (px4_msgs) StdoutLine: {'line': b'-- Up-to-date: /home/mustardking/ws_sensor_combined/install/px4_msgs/include/px4_msgs/px4_msgs/msg/detail/sensor_accel_fifo__struct.h\n'}
[1.713161] (px4_msgs) StdoutLine: {'line': b'-- Up-to-date: /home/mustardking/ws_sensor_combined/install/px4_msgs/include/px4_msgs/px4_msgs/msg/detail/estimator_sensor_bias__functions.h\n'}
[1.713183] (px4_msgs) StdoutLine: {'line': b'-- Up-to-date: /home/mustardking/ws_sensor_combined/install/px4_msgs/include/px4_msgs/px4_msgs/msg/detail/iridiumsbd_status__functions.h\n'}
[1.713228] (px4_msgs) StdoutLine: {'line': b'-- Up-to-date: /home/mustardking/ws_sensor_combined/install/px4_msgs/include/px4_msgs/px4_msgs/msg/detail/dronecan_node_status__functions.c\n'}
[1.713271] (px4_msgs) StdoutLine: {'line': b'-- Up-to-date: /home/mustardking/ws_sensor_combined/install/px4_msgs/include/px4_msgs/px4_msgs/msg/detail/wheel_encoders__functions.c\n'}
[1.713315] (px4_msgs) StdoutLine: {'line': b'-- Up-to-date: /home/mustardking/ws_sensor_combined/install/px4_msgs/include/px4_msgs/px4_msgs/msg/detail/sensor_accel__functions.h\n'}
[1.713354] (px4_msgs) StdoutLine: {'line': b'-- Up-to-date: /home/mustardking/ws_sensor_combined/install/px4_msgs/include/px4_msgs/px4_msgs/msg/detail/distance_sensor_mode_change_request__type_support.h\n'}
[1.713376] (px4_msgs) StdoutLine: {'line': b'-- Up-to-date: /home/mustardking/ws_sensor_combined/install/px4_msgs/include/px4_msgs/px4_msgs/msg/detail/vehicle_rates_setpoint__functions.c\n'}
[1.713398] (px4_msgs) StdoutLine: {'line': b'-- Up-to-date: /home/mustardking/ws_sensor_combined/install/px4_msgs/include/px4_msgs/px4_msgs/msg/detail/esc_report__functions.h\n'}
[1.713420] (px4_msgs) StdoutLine: {'line': b'-- Up-to-date: /home/mustardking/ws_sensor_combined/install/px4_msgs/include/px4_msgs/px4_msgs/msg/detail/message_format_response__functions.c\n'}
[1.713442] (px4_msgs) StdoutLine: {'line': b'-- Up-to-date: /home/mustardking/ws_sensor_combined/install/px4_msgs/include/px4_msgs/px4_msgs/msg/detail/can_interface_status__struct.h\n'}
[1.713463] (px4_msgs) StdoutLine: {'line': b'-- Up-to-date: /home/mustardking/ws_sensor_combined/install/px4_msgs/include/px4_msgs/px4_msgs/msg/detail/fixed_wing_runway_control__functions.h\n'}
[1.713487] (px4_msgs) StdoutLine: {'line': b'-- Up-to-date: /home/mustardking/ws_sensor_combined/install/px4_msgs/include/px4_msgs/px4_msgs/msg/detail/sensor_correction__functions.c\n'}
[1.713509] (px4_msgs) StdoutLine: {'line': b'-- Up-to-date: /home/mustardking/ws_sensor_combined/install/px4_msgs/include/px4_msgs/px4_msgs/msg/detail/trajectory_setpoint6dof__struct.h\n'}
[1.713532] (px4_msgs) StdoutLine: {'line': b'-- Up-to-date: /home/mustardking/ws_sensor_combined/install/px4_msgs/include/px4_msgs/px4_msgs/msg/detail/sensor_baro__struct.h\n'}
[1.713564] (px4_msgs) StdoutLine: {'line': b'-- Up-to-date: /home/mustardking/ws_sensor_combined/install/px4_msgs/include/px4_msgs/px4_msgs/msg/detail/px4io_status__functions.h\n'}
[1.713594] (px4_msgs) StdoutLine: {'line': b'-- Up-to-date: /home/mustardking/ws_sensor_combined/install/px4_msgs/include/px4_msgs/px4_msgs/msg/detail/actuator_outputs__struct.h\n'}
[1.713616] (px4_msgs) StdoutLine: {'line': b'-- Up-to-date: /home/mustardking/ws_sensor_combined/install/px4_msgs/include/px4_msgs/px4_msgs/msg/detail/rpm__type_support.h\n'}
[1.713640] (px4_msgs) StdoutLine: {'line': b'-- Up-to-date: /home/mustardking/ws_sensor_combined/install/px4_msgs/include/px4_msgs/px4_msgs/msg/detail/pwm_input__type_support.h\n'}
[1.713661] (px4_msgs) StdoutLine: {'line': b'-- Up-to-date: /home/mustardking/ws_sensor_combined/install/px4_msgs/include/px4_msgs/px4_msgs/msg/detail/rtl_status__type_support.h\n'}
[1.713683] (px4_msgs) StdoutLine: {'line': b'-- Up-to-date: /home/mustardking/ws_sensor_combined/install/px4_msgs/include/px4_msgs/px4_msgs/msg/detail/pure_pursuit_status__functions.c\n'}
[1.713704] (px4_msgs) StdoutLine: {'line': b'-- Up-to-date: /home/mustardking/ws_sensor_combined/install/px4_msgs/include/px4_msgs/px4_msgs/msg/detail/actuator_armed__type_support.h\n'}
[1.713786] (px4_msgs) StdoutLine: {'line': b'-- Up-to-date: /home/mustardking/ws_sensor_combined/install/px4_msgs/include/px4_msgs/px4_msgs/msg/detail/parameter_update__struct.h\n'}
[1.713848] (px4_msgs) StdoutLine: {'line': b'-- Up-to-date: /home/mustardking/ws_sensor_combined/install/px4_msgs/include/px4_msgs/px4_msgs/msg/detail/geofence_status__struct.h\n'}
[1.713881] (px4_msgs) StdoutLine: {'line': b'-- Up-to-date: /home/mustardking/ws_sensor_combined/install/px4_msgs/include/px4_msgs/px4_msgs/msg/detail/vehicle_command_ack__functions.c\n'}
[1.713925] (px4_msgs) StdoutLine: {'line': b'-- Up-to-date: /home/mustardking/ws_sensor_combined/install/px4_msgs/include/px4_msgs/px4_msgs/msg/detail/sensor_baro__functions.c\n'}
[1.713969] (px4_msgs) StdoutLine: {'line': b'-- Up-to-date: /home/mustardking/ws_sensor_combined/install/px4_msgs/include/px4_msgs/px4_msgs/msg/detail/rc_channels__struct.h\n'}
[1.714000] (px4_msgs) StdoutLine: {'line': b'-- Up-to-date: /home/mustardking/ws_sensor_combined/install/px4_msgs/include/px4_msgs/px4_msgs/msg/detail/gps_inject_data__functions.h\n'}
[1.714024] (px4_msgs) StdoutLine: {'line': b'-- Up-to-date: /home/mustardking/ws_sensor_combined/install/px4_msgs/include/px4_msgs/px4_msgs/msg/detail/trajectory_setpoint__functions.h\n'}
[1.714049] (px4_msgs) StdoutLine: {'line': b'-- Up-to-date: /home/mustardking/ws_sensor_combined/install/px4_msgs/include/px4_msgs/px4_msgs/msg/detail/camera_capture__struct.h\n'}
[1.714085] (px4_msgs) StdoutLine: {'line': b'-- Up-to-date: /home/mustardking/ws_sensor_combined/install/px4_msgs/include/px4_msgs/px4_msgs/msg/detail/vehicle_status__type_support.h\n'}
[1.714110] (px4_msgs) StdoutLine: {'line': b'-- Up-to-date: /home/mustardking/ws_sensor_combined/install/px4_msgs/include/px4_msgs/px4_msgs/msg/detail/sensor_gyro__type_support.h\n'}
[1.714134] (px4_msgs) StdoutLine: {'line': b'-- Up-to-date: /home/mustardking/ws_sensor_combined/install/px4_msgs/include/px4_msgs/px4_msgs/msg/detail/cellular_status__functions.h\n'}
[1.714166] (px4_msgs) StdoutLine: {'line': b'-- Up-to-date: /home/mustardking/ws_sensor_combined/install/px4_msgs/include/px4_msgs/px4_msgs/msg/detail/rpm__functions.h\n'}
[1.714197] (px4_msgs) StdoutLine: {'line': b'-- Up-to-date: /home/mustardking/ws_sensor_combined/install/px4_msgs/include/px4_msgs/px4_msgs/msg/detail/actuator_armed__struct.h\n'}
[1.714221] (px4_msgs) StdoutLine: {'line': b'-- Up-to-date: /home/mustardking/ws_sensor_combined/install/px4_msgs/include/px4_msgs/px4_msgs/msg/detail/fixed_wing_lateral_guidance_status__struct.h\n'}
[1.714246] (px4_msgs) StdoutLine: {'line': b'-- Up-to-date: /home/mustardking/ws_sensor_combined/install/px4_msgs/include/px4_msgs/px4_msgs/msg/detail/actuator_armed__functions.h\n'}
[1.714282] (px4_msgs) StdoutLine: {'line': b'-- Up-to-date: /home/mustardking/ws_sensor_combined/install/px4_msgs/include/px4_msgs/px4_msgs/msg/detail/ulog_stream__functions.h\n'}
[1.714318] (px4_msgs) StdoutLine: {'line': b'-- Up-to-date: /home/mustardking/ws_sensor_combined/install/px4_msgs/include/px4_msgs/px4_msgs/msg/detail/rover_speed_setpoint__functions.c\n'}
[1.714340] (px4_msgs) StdoutLine: {'line': b'-- Up-to-date: /home/mustardking/ws_sensor_combined/install/px4_msgs/include/px4_msgs/px4_msgs/msg/detail/actuator_controls_status__type_support.h\n'}
[1.714364] (px4_msgs) StdoutLine: {'line': b'-- Up-to-date: /home/mustardking/ws_sensor_combined/install/px4_msgs/include/px4_msgs/px4_msgs/msg/detail/actuator_outputs__functions.c\n'}
[1.714386] (px4_msgs) StdoutLine: {'line': b'-- Up-to-date: /home/mustardking/ws_sensor_combined/install/px4_msgs/include/px4_msgs/px4_msgs/msg/detail/message_format_response__functions.h\n'}
[1.714408] (px4_msgs) StdoutLine: {'line': b'-- Up-to-date: /home/mustardking/ws_sensor_combined/install/px4_msgs/include/px4_msgs/px4_msgs/msg/detail/power_button_state__functions.h\n'}
[1.714430] (px4_msgs) StdoutLine: {'line': b'-- Up-to-date: /home/mustardking/ws_sensor_combined/install/px4_msgs/include/px4_msgs/px4_msgs/msg/detail/airspeed_validated__struct.h\n'}
[1.714452] (px4_msgs) StdoutLine: {'line': b'-- Up-to-date: /home/mustardking/ws_sensor_combined/install/px4_msgs/include/px4_msgs/px4_msgs/msg/detail/sensor_combined__struct.h\n'}
[1.714474] (px4_msgs) StdoutLine: {'line': b'-- Up-to-date: /home/mustardking/ws_sensor_combined/install/px4_msgs/include/px4_msgs/px4_msgs/msg/detail/sensor_gnss_relative__functions.c\n'}
[1.714509] (px4_msgs) StdoutLine: {'line': b'-- Up-to-date: /home/mustardking/ws_sensor_combined/install/px4_msgs/include/px4_msgs/px4_msgs/msg/detail/sensor_combined__type_support.h\n'}
[1.714531] (px4_msgs) StdoutLine: {'line': b'-- Up-to-date: /home/mustardking/ws_sensor_combined/install/px4_msgs/include/px4_msgs/px4_msgs/msg/detail/onboard_computer_status__functions.h\n'}
[1.714553] (px4_msgs) StdoutLine: {'line': b'-- Up-to-date: /home/mustardking/ws_sensor_combined/install/px4_msgs/include/px4_msgs/px4_msgs/msg/detail/neural_control__type_support.h\n'}
[1.714575] (px4_msgs) StdoutLine: {'line': b'-- Up-to-date: /home/mustardking/ws_sensor_combined/install/px4_msgs/include/px4_msgs/px4_msgs/msg/detail/qshell_req__functions.h\n'}
[1.714596] (px4_msgs) StdoutLine: {'line': b'-- Up-to-date: /home/mustardking/ws_sensor_combined/install/px4_msgs/include/px4_msgs/px4_msgs/msg/detail/qshell_retval__functions.c\n'}
[1.714620] (px4_msgs) StdoutLine: {'line': b'-- Up-to-date: /home/mustardking/ws_sensor_combined/install/px4_msgs/include/px4_msgs/px4_msgs/msg/detail/magnetometer_bias_estimate__functions.c\n'}
[1.714664] (px4_msgs) StdoutLine: {'line': b'-- Up-to-date: /home/mustardking/ws_sensor_combined/install/px4_msgs/include/px4_msgs/px4_msgs/msg/detail/actuator_motors__struct.h\n'}
[1.714708] (px4_msgs) StdoutLine: {'line': b'-- Up-to-date: /home/mustardking/ws_sensor_combined/install/px4_msgs/include/px4_msgs/px4_msgs/msg/detail/figure_eight_status__type_support.h\n'}
[1.714764] (px4_msgs) StdoutLine: {'line': b'-- Up-to-date: /home/mustardking/ws_sensor_combined/install/px4_msgs/include/px4_msgs/px4_msgs/msg/detail/register_ext_component_request__type_support.h\n'}
[1.714812] (px4_msgs) StdoutLine: {'line': b'-- Up-to-date: /home/mustardking/ws_sensor_combined/install/px4_msgs/include/px4_msgs/px4_msgs/msg/detail/gimbal_device_information__functions.h\n'}
[1.714861] (px4_msgs) StdoutLine: {'line': b'-- Up-to-date: /home/mustardking/ws_sensor_combined/install/px4_msgs/include/px4_msgs/px4_msgs/msg/detail/internal_combustion_engine_status__struct.h\n'}
[1.714935] (px4_msgs) StdoutLine: {'line': b'-- Up-to-date: /home/mustardking/ws_sensor_combined/install/px4_msgs/include/px4_msgs/px4_msgs/msg/detail/transponder_report__type_support.h\n'}
[1.714977] (px4_msgs) StdoutLine: {'line': b'-- Up-to-date: /home/mustardking/ws_sensor_combined/install/px4_msgs/include/px4_msgs/px4_msgs/msg/detail/vehicle_constraints__struct.h\n'}
[1.715007] (px4_msgs) StdoutLine: {'line': b'-- Up-to-date: /home/mustardking/ws_sensor_combined/install/px4_msgs/include/px4_msgs/px4_msgs/msg/detail/event__functions.h\n'}
[1.715029] (px4_msgs) StdoutLine: {'line': b'-- Up-to-date: /home/mustardking/ws_sensor_combined/install/px4_msgs/include/px4_msgs/px4_msgs/msg/vehicle_roi.h\n'}
[1.715051] (px4_msgs) StdoutLine: {'line': b'-- Up-to-date: /home/mustardking/ws_sensor_combined/install/px4_msgs/share/px4_msgs/environment/library_path.sh\n'}
[1.715081] (px4_msgs) StdoutLine: {'line': b'-- Up-to-date: /home/mustardking/ws_sensor_combined/install/px4_msgs/share/px4_msgs/environment/library_path.dsv\n'}
[1.715105] (px4_msgs) StdoutLine: {'line': b'-- Up-to-date: /home/mustardking/ws_sensor_combined/install/px4_msgs/lib/libpx4_msgs__rosidl_generator_c.so\n'}
[1.715127] (px4_msgs) StdoutLine: {'line': b'-- Up-to-date: /home/mustardking/ws_sensor_combined/install/px4_msgs/include/px4_msgs/px4_msgs\n'}
[1.715165] (px4_msgs) StdoutLine: {'line': b'-- Up-to-date: /home/mustardking/ws_sensor_combined/install/px4_msgs/include/px4_msgs/px4_msgs/srv\n'}
[1.715189] (px4_msgs) StdoutLine: {'line': b'-- Up-to-date: /home/mustardking/ws_sensor_combined/install/px4_msgs/include/px4_msgs/px4_msgs/srv/detail\n'}
[1.715211] (px4_msgs) StdoutLine: {'line': b'-- Up-to-date: /home/mustardking/ws_sensor_combined/install/px4_msgs/include/px4_msgs/px4_msgs/srv/detail/vehicle_command__rosidl_typesupport_fastrtps_c.h\n'}
[1.715233] (px4_msgs) StdoutLine: {'line': b'-- Up-to-date: /home/mustardking/ws_sensor_combined/install/px4_msgs/include/px4_msgs/px4_msgs/msg\n'}
[1.715254] (px4_msgs) StdoutLine: {'line': b'-- Up-to-date: /home/mustardking/ws_sensor_combined/install/px4_msgs/include/px4_msgs/px4_msgs/msg/rosidl_typesupport_fastrtps_c__visibility_control.h\n'}
[1.715284] (px4_msgs) StdoutLine: {'line': b'-- Up-to-date: /home/mustardking/ws_sensor_combined/install/px4_msgs/include/px4_msgs/px4_msgs/msg/detail\n'}
[1.715329] (px4_msgs) StdoutLine: {'line': b'-- Up-to-date: /home/mustardking/ws_sensor_combined/install/px4_msgs/include/px4_msgs/px4_msgs/msg/detail/heater_status__rosidl_typesupport_fastrtps_c.h\n'}
[1.715379] (px4_msgs) StdoutLine: {'line': b'-- Up-to-date: /home/mustardking/ws_sensor_combined/install/px4_msgs/include/px4_msgs/px4_msgs/msg/detail/vehicle_optical_flow_vel__rosidl_typesupport_fastrtps_c.h\n'}
[1.715419] (px4_msgs) StdoutLine: {'line': b'-- Up-to-date: /home/mustardking/ws_sensor_combined/install/px4_msgs/include/px4_msgs/px4_msgs/msg/detail/actuator_servos__rosidl_typesupport_fastrtps_c.h\n'}
[1.715454] (px4_msgs) StdoutLine: {'line': b'-- Up-to-date: /home/mustardking/ws_sensor_combined/install/px4_msgs/include/px4_msgs/px4_msgs/msg/detail/sensor_uwb__rosidl_typesupport_fastrtps_c.h\n'}
[1.715496] (px4_msgs) StdoutLine: {'line': b'-- Up-to-date: /home/mustardking/ws_sensor_combined/install/px4_msgs/include/px4_msgs/px4_msgs/msg/detail/camera_capture__rosidl_typesupport_fastrtps_c.h\n'}
[1.715527] (px4_msgs) StdoutLine: {'line': b'-- Up-to-date: /home/mustardking/ws_sensor_combined/install/px4_msgs/include/px4_msgs/px4_msgs/msg/detail/gimbal_controls__rosidl_typesupport_fastrtps_c.h\n'}
[1.715549] (px4_msgs) StdoutLine: {'line': b'-- Up-to-date: /home/mustardking/ws_sensor_combined/install/px4_msgs/include/px4_msgs/px4_msgs/msg/detail/can_interface_status__rosidl_typesupport_fastrtps_c.h\n'}
[1.715579] (px4_msgs) StdoutLine: {'line': b'-- Up-to-date: /home/mustardking/ws_sensor_combined/install/px4_msgs/include/px4_msgs/px4_msgs/msg/detail/distance_sensor__rosidl_typesupport_fastrtps_c.h\n'}
[1.715621] (px4_msgs) StdoutLine: {'line': b'-- Up-to-date: /home/mustardking/ws_sensor_combined/install/px4_msgs/include/px4_msgs/px4_msgs/msg/detail/open_drone_id_self_id__rosidl_typesupport_fastrtps_c.h\n'}
[1.715682] (px4_msgs) StdoutLine: {'line': b'-- Up-to-date: /home/mustardking/ws_sensor_combined/install/px4_msgs/include/px4_msgs/px4_msgs/msg/detail/actuator_outputs__rosidl_typesupport_fastrtps_c.h\n'}
[1.715741] (px4_msgs) StdoutLine: {'line': b'-- Up-to-date: /home/mustardking/ws_sensor_combined/install/px4_msgs/include/px4_msgs/px4_msgs/msg/detail/gimbal_manager_information__rosidl_typesupport_fastrtps_c.h\n'}
[1.715796] (px4_msgs) StdoutLine: {'line': b'-- Up-to-date: /home/mustardking/ws_sensor_combined/install/px4_msgs/include/px4_msgs/px4_msgs/msg/detail/camera_trigger__rosidl_typesupport_fastrtps_c.h\n'}
[1.715836] (px4_msgs) StdoutLine: {'line': b'-- Up-to-date: /home/mustardking/ws_sensor_combined/install/px4_msgs/include/px4_msgs/px4_msgs/msg/detail/gpio_in__rosidl_typesupport_fastrtps_c.h\n'}
[1.715896] (px4_msgs) StdoutLine: {'line': b'-- Up-to-date: /home/mustardking/ws_sensor_combined/install/px4_msgs/include/px4_msgs/px4_msgs/msg/detail/rtl_time_estimate__rosidl_typesupport_fastrtps_c.h\n'}
[1.715952] (px4_msgs) StdoutLine: {'line': b'-- Up-to-date: /home/mustardking/ws_sensor_combined/install/px4_msgs/include/px4_msgs/px4_msgs/msg/detail/yaw_estimator_status__rosidl_typesupport_fastrtps_c.h\n'}
[1.716020] (px4_msgs) StdoutLine: {'line': b'-- Up-to-date: /home/mustardking/ws_sensor_combined/install/px4_msgs/include/px4_msgs/px4_msgs/msg/detail/debug_array__rosidl_typesupport_fastrtps_c.h\n'}
[1.716071] (px4_msgs) StdoutLine: {'line': b'-- Up-to-date: /home/mustardking/ws_sensor_combined/install/px4_msgs/include/px4_msgs/px4_msgs/msg/detail/vehicle_constraints__rosidl_typesupport_fastrtps_c.h\n'}
[1.716113] (px4_msgs) StdoutLine: {'line': b'-- Up-to-date: /home/mustardking/ws_sensor_combined/install/px4_msgs/include/px4_msgs/px4_msgs/msg/detail/parameter_set_value_request__rosidl_typesupport_fastrtps_c.h\n'}
[1.716156] (px4_msgs) StdoutLine: {'line': b'-- Up-to-date: /home/mustardking/ws_sensor_combined/install/px4_msgs/include/px4_msgs/px4_msgs/msg/detail/parameter_set_used_request__rosidl_typesupport_fastrtps_c.h\n'}
[1.716211] (px4_msgs) StdoutLine: {'line': b'-- Up-to-date: /home/mustardking/ws_sensor_combined/install/px4_msgs/include/px4_msgs/px4_msgs/msg/detail/sensor_selection__rosidl_typesupport_fastrtps_c.h\n'}
[1.716257] (px4_msgs) StdoutLine: {'line': b'-- Up-to-date: /home/mustardking/ws_sensor_combined/install/px4_msgs/include/px4_msgs/px4_msgs/msg/detail/wheel_encoders__rosidl_typesupport_fastrtps_c.h\n'}
[1.718296] (px4_msgs) StdoutLine: {'line': b'-- Up-to-date: /home/mustardking/ws_sensor_combined/install/px4_msgs/include/px4_msgs/px4_msgs/msg/detail/vtol_vehicle_status__rosidl_typesupport_fastrtps_c.h\n'}
[1.718385] (px4_msgs) StdoutLine: {'line': b'-- Up-to-date: /home/mustardking/ws_sensor_combined/install/px4_msgs/include/px4_msgs/px4_msgs/msg/detail/actuator_controls_status__rosidl_typesupport_fastrtps_c.h\n'}
[1.718415] (px4_msgs) StdoutLine: {'line': b'-- Up-to-date: /home/mustardking/ws_sensor_combined/install/px4_msgs/include/px4_msgs/px4_msgs/msg/detail/sensor_accel__rosidl_typesupport_fastrtps_c.h\n'}
[1.718438] (px4_msgs) StdoutLine: {'line': b'-- Up-to-date: /home/mustardking/ws_sensor_combined/install/px4_msgs/include/px4_msgs/px4_msgs/msg/detail/estimator_sensor_bias__rosidl_typesupport_fastrtps_c.h\n'}
[1.718460] (px4_msgs) StdoutLine: {'line': b'-- Up-to-date: /home/mustardking/ws_sensor_combined/install/px4_msgs/include/px4_msgs/px4_msgs/msg/detail/vehicle_global_position__rosidl_typesupport_fastrtps_c.h\n'}
[1.718482] (px4_msgs) StdoutLine: {'line': b'-- Up-to-date: /home/mustardking/ws_sensor_combined/install/px4_msgs/include/px4_msgs/px4_msgs/msg/detail/autotune_attitude_control_status__rosidl_typesupport_fastrtps_c.h\n'}
[1.718513] (px4_msgs) StdoutLine: {'line': b'-- Up-to-date: /home/mustardking/ws_sensor_combined/install/px4_msgs/include/px4_msgs/px4_msgs/msg/detail/irlock_report__rosidl_typesupport_fastrtps_c.h\n'}
[1.718546] (px4_msgs) StdoutLine: {'line': b'-- Up-to-date: /home/mustardking/ws_sensor_combined/install/px4_msgs/include/px4_msgs/px4_msgs/msg/detail/rover_steering_setpoint__rosidl_typesupport_fastrtps_c.h\n'}
[1.718570] (px4_msgs) StdoutLine: {'line': b'-- Up-to-date: /home/mustardking/ws_sensor_combined/install/px4_msgs/include/px4_msgs/px4_msgs/msg/detail/vehicle_land_detected__rosidl_typesupport_fastrtps_c.h\n'}
[1.718592] (px4_msgs) StdoutLine: {'line': b'-- Up-to-date: /home/mustardking/ws_sensor_combined/install/px4_msgs/include/px4_msgs/px4_msgs/msg/detail/sensors_status_imu__rosidl_typesupport_fastrtps_c.h\n'}
[1.718627] (px4_msgs) StdoutLine: {'line': b'-- Up-to-date: /home/mustardking/ws_sensor_combined/install/px4_msgs/include/px4_msgs/px4_msgs/msg/detail/airspeed_validated__rosidl_typesupport_fastrtps_c.h\n'}
[1.718668] (px4_msgs) StdoutLine: {'line': b'-- Up-to-date: /home/mustardking/ws_sensor_combined/install/px4_msgs/include/px4_msgs/px4_msgs/msg/detail/vehicle_angular_velocity__rosidl_typesupport_fastrtps_c.h\n'}
[1.718706] (px4_msgs) StdoutLine: {'line': b'-- Up-to-date: /home/mustardking/ws_sensor_combined/install/px4_msgs/include/px4_msgs/px4_msgs/msg/detail/obstacle_distance__rosidl_typesupport_fastrtps_c.h\n'}
[1.718736] (px4_msgs) StdoutLine: {'line': b'-- Up-to-date: /home/mustardking/ws_sensor_combined/install/px4_msgs/include/px4_msgs/px4_msgs/msg/detail/failure_detector_status__rosidl_typesupport_fastrtps_c.h\n'}
[1.718762] (px4_msgs) StdoutLine: {'line': b'-- Up-to-date: /home/mustardking/ws_sensor_combined/install/px4_msgs/include/px4_msgs/px4_msgs/msg/detail/gimbal_device_attitude_status__rosidl_typesupport_fastrtps_c.h\n'}
[1.718819] (px4_msgs) StdoutLine: {'line': b'-- Up-to-date: /home/mustardking/ws_sensor_combined/install/px4_msgs/include/px4_msgs/px4_msgs/msg/detail/sensor_preflight_mag__rosidl_typesupport_fastrtps_c.h\n'}
[1.718866] (px4_msgs) StdoutLine: {'line': b'-- Up-to-date: /home/mustardking/ws_sensor_combined/install/px4_msgs/include/px4_msgs/px4_msgs/msg/detail/vehicle_torque_setpoint__rosidl_typesupport_fastrtps_c.h\n'}
[1.718893] (px4_msgs) StdoutLine: {'line': b'-- Up-to-date: /home/mustardking/ws_sensor_combined/install/px4_msgs/include/px4_msgs/px4_msgs/msg/detail/config_overrides__rosidl_typesupport_fastrtps_c.h\n'}
[1.718922] (px4_msgs) StdoutLine: {'line': b'-- Up-to-date: /home/mustardking/ws_sensor_combined/install/px4_msgs/include/px4_msgs/px4_msgs/msg/detail/debug_key_value__rosidl_typesupport_fastrtps_c.h\n'}
[1.718945] (px4_msgs) StdoutLine: {'line': b'-- Up-to-date: /home/mustardking/ws_sensor_combined/install/px4_msgs/include/px4_msgs/px4_msgs/msg/detail/pwm_input__rosidl_typesupport_fastrtps_c.h\n'}
[1.718971] (px4_msgs) StdoutLine: {'line': b'-- Up-to-date: /home/mustardking/ws_sensor_combined/install/px4_msgs/include/px4_msgs/px4_msgs/msg/detail/navigator_status__rosidl_typesupport_fastrtps_c.h\n'}
[1.718994] (px4_msgs) StdoutLine: {'line': b'-- Up-to-date: /home/mustardking/ws_sensor_combined/install/px4_msgs/include/px4_msgs/px4_msgs/msg/detail/dataman_request__rosidl_typesupport_fastrtps_c.h\n'}
[1.719026] (px4_msgs) StdoutLine: {'line': b'-- Up-to-date: /home/mustardking/ws_sensor_combined/install/px4_msgs/include/px4_msgs/px4_msgs/msg/detail/vehicle_acceleration__rosidl_typesupport_fastrtps_c.h\n'}
[1.719051] (px4_msgs) StdoutLine: {'line': b'-- Up-to-date: /home/mustardking/ws_sensor_combined/install/px4_msgs/include/px4_msgs/px4_msgs/msg/detail/orbit_status__rosidl_typesupport_fastrtps_c.h\n'}
[1.719073] (px4_msgs) StdoutLine: {'line': b'-- Up-to-date: /home/mustardking/ws_sensor_combined/install/px4_msgs/include/px4_msgs/px4_msgs/msg/detail/vehicle_optical_flow__rosidl_typesupport_fastrtps_c.h\n'}
[1.719095] (px4_msgs) StdoutLine: {'line': b'-- Up-to-date: /home/mustardking/ws_sensor_combined/install/px4_msgs/include/px4_msgs/px4_msgs/msg/detail/airspeed_wind__rosidl_typesupport_fastrtps_c.h\n'}
[1.719141] (px4_msgs) StdoutLine: {'line': b'-- Up-to-date: /home/mustardking/ws_sensor_combined/install/px4_msgs/include/px4_msgs/px4_msgs/msg/detail/rover_position_setpoint__rosidl_typesupport_fastrtps_c.h\n'}
[1.719163] (px4_msgs) StdoutLine: {'line': b'-- Up-to-date: /home/mustardking/ws_sensor_combined/install/px4_msgs/include/px4_msgs/px4_msgs/msg/detail/rtl_status__rosidl_typesupport_fastrtps_c.h\n'}
[1.719186] (px4_msgs) StdoutLine: {'line': b'-- Up-to-date: /home/mustardking/ws_sensor_combined/install/px4_msgs/include/px4_msgs/px4_msgs/msg/detail/actuator_test__rosidl_typesupport_fastrtps_c.h\n'}
[1.719217] (px4_msgs) StdoutLine: {'line': b'-- Up-to-date: /home/mustardking/ws_sensor_combined/install/px4_msgs/include/px4_msgs/px4_msgs/msg/detail/vehicle_thrust_setpoint__rosidl_typesupport_fastrtps_c.h\n'}
[1.719242] (px4_msgs) StdoutLine: {'line': b'-- Up-to-date: /home/mustardking/ws_sensor_combined/install/px4_msgs/include/px4_msgs/px4_msgs/msg/detail/sensor_gnss_relative__rosidl_typesupport_fastrtps_c.h\n'}
[1.719265] (px4_msgs) StdoutLine: {'line': b'-- Up-to-date: /home/mustardking/ws_sensor_combined/install/px4_msgs/include/px4_msgs/px4_msgs/msg/detail/uavcan_parameter_value__rosidl_typesupport_fastrtps_c.h\n'}
[1.719324] (px4_msgs) StdoutLine: {'line': b'-- Up-to-date: /home/mustardking/ws_sensor_combined/install/px4_msgs/include/px4_msgs/px4_msgs/msg/detail/estimator_states__rosidl_typesupport_fastrtps_c.h\n'}
[1.719349] (px4_msgs) StdoutLine: {'line': b'-- Up-to-date: /home/mustardking/ws_sensor_combined/install/px4_msgs/include/px4_msgs/px4_msgs/msg/detail/estimator_bias__rosidl_typesupport_fastrtps_c.h\n'}
[1.719372] (px4_msgs) StdoutLine: {'line': b'-- Up-to-date: /home/mustardking/ws_sensor_combined/install/px4_msgs/include/px4_msgs/px4_msgs/msg/detail/lateral_control_configuration__rosidl_typesupport_fastrtps_c.h\n'}
[1.719396] (px4_msgs) StdoutLine: {'line': b'-- Up-to-date: /home/mustardking/ws_sensor_combined/install/px4_msgs/include/px4_msgs/px4_msgs/msg/detail/navigator_mission_item__rosidl_typesupport_fastrtps_c.h\n'}
[1.719423] (px4_msgs) StdoutLine: {'line': b'-- Up-to-date: /home/mustardking/ws_sensor_combined/install/px4_msgs/include/px4_msgs/px4_msgs/msg/detail/rover_speed_status__rosidl_typesupport_fastrtps_c.h\n'}
[1.719475] (px4_msgs) StdoutLine: {'line': b'-- Up-to-date: /home/mustardking/ws_sensor_combined/install/px4_msgs/include/px4_msgs/px4_msgs/msg/detail/internal_combustion_engine_status__rosidl_typesupport_fastrtps_c.h\n'}
[1.719498] (px4_msgs) StdoutLine: {'line': b'-- Up-to-date: /home/mustardking/ws_sensor_combined/install/px4_msgs/include/px4_msgs/px4_msgs/msg/detail/vehicle_roi__rosidl_typesupport_fastrtps_c.h\n'}
[1.719521] (px4_msgs) StdoutLine: {'line': b'-- Up-to-date: /home/mustardking/ws_sensor_combined/install/px4_msgs/include/px4_msgs/px4_msgs/msg/detail/parameter_set_value_response__rosidl_typesupport_fastrtps_c.h\n'}
[1.719543] (px4_msgs) StdoutLine: {'line': b'-- Up-to-date: /home/mustardking/ws_sensor_combined/install/px4_msgs/include/px4_msgs/px4_msgs/msg/detail/logger_status__rosidl_typesupport_fastrtps_c.h\n'}
[1.719565] (px4_msgs) StdoutLine: {'line': b'-- Up-to-date: /home/mustardking/ws_sensor_combined/install/px4_msgs/include/px4_msgs/px4_msgs/msg/detail/actuator_servos_trim__rosidl_typesupport_fastrtps_c.h\n'}
[1.719587] (px4_msgs) StdoutLine: {'line': b'-- Up-to-date: /home/mustardking/ws_sensor_combined/install/px4_msgs/include/px4_msgs/px4_msgs/msg/detail/esc_status__rosidl_typesupport_fastrtps_c.h\n'}
[1.719609] (px4_msgs) StdoutLine: {'line': b'-- Up-to-date: /home/mustardking/ws_sensor_combined/install/px4_msgs/include/px4_msgs/px4_msgs/msg/detail/offboard_control_mode__rosidl_typesupport_fastrtps_c.h\n'}
[1.719631] (px4_msgs) StdoutLine: {'line': b'-- Up-to-date: /home/mustardking/ws_sensor_combined/install/px4_msgs/include/px4_msgs/px4_msgs/msg/detail/launch_detection_status__rosidl_typesupport_fastrtps_c.h\n'}
[1.719653] (px4_msgs) StdoutLine: {'line': b'-- Up-to-date: /home/mustardking/ws_sensor_combined/install/px4_msgs/include/px4_msgs/px4_msgs/msg/detail/message_format_response__rosidl_typesupport_fastrtps_c.h\n'}
[1.719680] (px4_msgs) StdoutLine: {'line': b'-- Up-to-date: /home/mustardking/ws_sensor_combined/install/px4_msgs/include/px4_msgs/px4_msgs/msg/detail/button_event__rosidl_typesupport_fastrtps_c.h\n'}
[1.719702] (px4_msgs) StdoutLine: {'line': b'-- Up-to-date: /home/mustardking/ws_sensor_combined/install/px4_msgs/include/px4_msgs/px4_msgs/msg/detail/mavlink_tunnel__rosidl_typesupport_fastrtps_c.h\n'}
[1.719724] (px4_msgs) StdoutLine: {'line': b'-- Up-to-date: /home/mustardking/ws_sensor_combined/install/px4_msgs/include/px4_msgs/px4_msgs/msg/detail/sensor_combined__rosidl_typesupport_fastrtps_c.h\n'}
[1.719746] (px4_msgs) StdoutLine: {'line': b'-- Up-to-date: /home/mustardking/ws_sensor_combined/install/px4_msgs/include/px4_msgs/px4_msgs/msg/detail/register_ext_component_reply__rosidl_typesupport_fastrtps_c.h\n'}
[1.719769] (px4_msgs) StdoutLine: {'line': b'-- Up-to-date: /home/mustardking/ws_sensor_combined/install/px4_msgs/include/px4_msgs/px4_msgs/msg/detail/unregister_ext_component__rosidl_typesupport_fastrtps_c.h\n'}
[1.719793] (px4_msgs) StdoutLine: {'line': b'-- Up-to-date: /home/mustardking/ws_sensor_combined/install/px4_msgs/include/px4_msgs/px4_msgs/msg/detail/system_power__rosidl_typesupport_fastrtps_c.h\n'}
[1.719861] (px4_msgs) StdoutLine: {'line': b'-- Up-to-date: /home/mustardking/ws_sensor_combined/install/px4_msgs/include/px4_msgs/px4_msgs/msg/detail/landing_gear_wheel__rosidl_typesupport_fastrtps_c.h\n'}
[1.719885] (px4_msgs) StdoutLine: {'line': b'-- Up-to-date: /home/mustardking/ws_sensor_combined/install/px4_msgs/include/px4_msgs/px4_msgs/msg/detail/pps_capture__rosidl_typesupport_fastrtps_c.h\n'}
[1.719906] (px4_msgs) StdoutLine: {'line': b'-- Up-to-date: /home/mustardking/ws_sensor_combined/install/px4_msgs/include/px4_msgs/px4_msgs/msg/detail/airspeed__rosidl_typesupport_fastrtps_c.h\n'}
[1.719928] (px4_msgs) StdoutLine: {'line': b'-- Up-to-date: /home/mustardking/ws_sensor_combined/install/px4_msgs/include/px4_msgs/px4_msgs/msg/detail/radio_status__rosidl_typesupport_fastrtps_c.h\n'}
[1.719951] (px4_msgs) StdoutLine: {'line': b'-- Up-to-date: /home/mustardking/ws_sensor_combined/install/px4_msgs/include/px4_msgs/px4_msgs/msg/detail/power_monitor__rosidl_typesupport_fastrtps_c.h\n'}
[1.720215] (px4_msgs) StdoutLine: {'line': b'-- Up-to-date: /home/mustardking/ws_sensor_combined/install/px4_msgs/include/px4_msgs/px4_msgs/msg/detail/battery_info__rosidl_typesupport_fastrtps_c.h\n'}
[1.720241] (px4_msgs) StdoutLine: {'line': b'-- Up-to-date: /home/mustardking/ws_sensor_combined/install/px4_msgs/include/px4_msgs/px4_msgs/msg/detail/sensor_hygrometer__rosidl_typesupport_fastrtps_c.h\n'}
[1.720313] (px4_msgs) StdoutLine: {'line': b'-- Up-to-date: /home/mustardking/ws_sensor_combined/install/px4_msgs/include/px4_msgs/px4_msgs/msg/detail/orb_test__rosidl_typesupport_fastrtps_c.h\n'}
[1.720339] (px4_msgs) StdoutLine: {'line': b'-- Up-to-date: /home/mustardking/ws_sensor_combined/install/px4_msgs/include/px4_msgs/px4_msgs/msg/detail/transponder_report__rosidl_typesupport_fastrtps_c.h\n'}
[1.720361] (px4_msgs) StdoutLine: {'line': b'-- Up-to-date: /home/mustardking/ws_sensor_combined/install/px4_msgs/include/px4_msgs/px4_msgs/msg/detail/position_setpoint__rosidl_typesupport_fastrtps_c.h\n'}
[1.720384] (px4_msgs) StdoutLine: {'line': b'-- Up-to-date: /home/mustardking/ws_sensor_combined/install/px4_msgs/include/px4_msgs/px4_msgs/msg/detail/vehicle_command__rosidl_typesupport_fastrtps_c.h\n'}
[1.720406] (px4_msgs) StdoutLine: {'line': b'-- Up-to-date: /home/mustardking/ws_sensor_combined/install/px4_msgs/include/px4_msgs/px4_msgs/msg/detail/action_request__rosidl_typesupport_fastrtps_c.h\n'}
[1.720428] (px4_msgs) StdoutLine: {'line': b'-- Up-to-date: /home/mustardking/ws_sensor_combined/install/px4_msgs/include/px4_msgs/px4_msgs/msg/detail/position_controller_status__rosidl_typesupport_fastrtps_c.h\n'}
[1.720450] (px4_msgs) StdoutLine: {'line': b'-- Up-to-date: /home/mustardking/ws_sensor_combined/install/px4_msgs/include/px4_msgs/px4_msgs/msg/detail/sensor_airflow__rosidl_typesupport_fastrtps_c.h\n'}
[1.720472] (px4_msgs) StdoutLine: {'line': b'-- Up-to-date: /home/mustardking/ws_sensor_combined/install/px4_msgs/include/px4_msgs/px4_msgs/msg/detail/vehicle_air_data__rosidl_typesupport_fastrtps_c.h\n'}
[1.720494] (px4_msgs) StdoutLine: {'line': b'-- Up-to-date: /home/mustardking/ws_sensor_combined/install/px4_msgs/include/px4_msgs/px4_msgs/msg/detail/gimbal_manager_set_manual_control__rosidl_typesupport_fastrtps_c.h\n'}
[1.720516] (px4_msgs) StdoutLine: {'line': b'-- Up-to-date: /home/mustardking/ws_sensor_combined/install/px4_msgs/include/px4_msgs/px4_msgs/msg/detail/input_rc__rosidl_typesupport_fastrtps_c.h\n'}
[1.720538] (px4_msgs) StdoutLine: {'line': b'-- Up-to-date: /home/mustardking/ws_sensor_combined/install/px4_msgs/include/px4_msgs/px4_msgs/msg/detail/flight_phase_estimation__rosidl_typesupport_fastrtps_c.h\n'}
[1.720560] (px4_msgs) StdoutLine: {'line': b'-- Up-to-date: /home/mustardking/ws_sensor_combined/install/px4_msgs/include/px4_msgs/px4_msgs/msg/detail/log_message__rosidl_typesupport_fastrtps_c.h\n'}
[1.720585] (px4_msgs) StdoutLine: {'line': b'-- Up-to-date: /home/mustardking/ws_sensor_combined/install/px4_msgs/include/px4_msgs/px4_msgs/msg/detail/vehicle_command_ack__rosidl_typesupport_fastrtps_c.h\n'}
[1.720610] (px4_msgs) StdoutLine: {'line': b'-- Up-to-date: /home/mustardking/ws_sensor_combined/install/px4_msgs/include/px4_msgs/px4_msgs/msg/detail/telemetry_status__rosidl_typesupport_fastrtps_c.h\n'}
[1.720632] (px4_msgs) StdoutLine: {'line': b'-- Up-to-date: /home/mustardking/ws_sensor_combined/install/px4_msgs/include/px4_msgs/px4_msgs/msg/detail/arming_check_reply__rosidl_typesupport_fastrtps_c.h\n'}
[1.720654] (px4_msgs) StdoutLine: {'line': b'-- Up-to-date: /home/mustardking/ws_sensor_combined/install/px4_msgs/include/px4_msgs/px4_msgs/msg/detail/vehicle_imu_status__rosidl_typesupport_fastrtps_c.h\n'}
[1.720676] (px4_msgs) StdoutLine: {'line': b'-- Up-to-date: /home/mustardking/ws_sensor_combined/install/px4_msgs/include/px4_msgs/px4_msgs/msg/detail/geofence_result__rosidl_typesupport_fastrtps_c.h\n'}
[1.720698] (px4_msgs) StdoutLine: {'line': b'-- Up-to-date: /home/mustardking/ws_sensor_combined/install/px4_msgs/include/px4_msgs/px4_msgs/msg/detail/sensor_baro__rosidl_typesupport_fastrtps_c.h\n'}
[1.720719] (px4_msgs) StdoutLine: {'line': b'-- Up-to-date: /home/mustardking/ws_sensor_combined/install/px4_msgs/include/px4_msgs/px4_msgs/msg/detail/vehicle_attitude_setpoint__rosidl_typesupport_fastrtps_c.h\n'}
[1.720741] (px4_msgs) StdoutLine: {'line': b'-- Up-to-date: /home/mustardking/ws_sensor_combined/install/px4_msgs/include/px4_msgs/px4_msgs/msg/detail/orb_test_large__rosidl_typesupport_fastrtps_c.h\n'}
[1.720783] (px4_msgs) StdoutLine: {'line': b'-- Up-to-date: /home/mustardking/ws_sensor_combined/install/px4_msgs/include/px4_msgs/px4_msgs/msg/detail/generator_status__rosidl_typesupport_fastrtps_c.h\n'}
[1.720814] (px4_msgs) StdoutLine: {'line': b'-- Up-to-date: /home/mustardking/ws_sensor_combined/install/px4_msgs/include/px4_msgs/px4_msgs/msg/detail/debug_value__rosidl_typesupport_fastrtps_c.h\n'}
[1.720837] (px4_msgs) StdoutLine: {'line': b'-- Up-to-date: /home/mustardking/ws_sensor_combined/install/px4_msgs/include/px4_msgs/px4_msgs/msg/detail/vehicle_local_position__rosidl_typesupport_fastrtps_c.h\n'}
[1.720860] (px4_msgs) StdoutLine: {'line': b'-- Up-to-date: /home/mustardking/ws_sensor_combined/install/px4_msgs/include/px4_msgs/px4_msgs/msg/detail/vehicle_local_position_setpoint__rosidl_typesupport_fastrtps_c.h\n'}
[1.720882] (px4_msgs) StdoutLine: {'line': b'-- Up-to-date: /home/mustardking/ws_sensor_combined/install/px4_msgs/include/px4_msgs/px4_msgs/msg/detail/sensor_gnss_status__rosidl_typesupport_fastrtps_c.h\n'}
[1.720904] (px4_msgs) StdoutLine: {'line': b'-- Up-to-date: /home/mustardking/ws_sensor_combined/install/px4_msgs/include/px4_msgs/px4_msgs/msg/detail/mag_worker_data__rosidl_typesupport_fastrtps_c.h\n'}
[1.720926] (px4_msgs) StdoutLine: {'line': b'-- Up-to-date: /home/mustardking/ws_sensor_combined/install/px4_msgs/include/px4_msgs/px4_msgs/msg/detail/mission_result__rosidl_typesupport_fastrtps_c.h\n'}
[1.720948] (px4_msgs) StdoutLine: {'line': b'-- Up-to-date: /home/mustardking/ws_sensor_combined/install/px4_msgs/include/px4_msgs/px4_msgs/msg/detail/fuel_tank_status__rosidl_typesupport_fastrtps_c.h\n'}
[1.720970] (px4_msgs) StdoutLine: {'line': b'-- Up-to-date: /home/mustardking/ws_sensor_combined/install/px4_msgs/include/px4_msgs/px4_msgs/msg/detail/distance_sensor_mode_change_request__rosidl_typesupport_fastrtps_c.h\n'}
[1.720992] (px4_msgs) StdoutLine: {'line': b'-- Up-to-date: /home/mustardking/ws_sensor_combined/install/px4_msgs/include/px4_msgs/px4_msgs/msg/detail/rover_throttle_setpoint__rosidl_typesupport_fastrtps_c.h\n'}
[1.721014] (px4_msgs) StdoutLine: {'line': b'-- Up-to-date: /home/mustardking/ws_sensor_combined/install/px4_msgs/include/px4_msgs/px4_msgs/msg/detail/vehicle_attitude__rosidl_typesupport_fastrtps_c.h\n'}
[1.721037] (px4_msgs) StdoutLine: {'line': b'-- Up-to-date: /home/mustardking/ws_sensor_combined/install/px4_msgs/include/px4_msgs/px4_msgs/msg/detail/actuator_armed__rosidl_typesupport_fastrtps_c.h\n'}
[1.721061] (px4_msgs) StdoutLine: {'line': b'-- Up-to-date: /home/mustardking/ws_sensor_combined/install/px4_msgs/include/px4_msgs/px4_msgs/msg/detail/manual_control_setpoint__rosidl_typesupport_fastrtps_c.h\n'}
[1.721083] (px4_msgs) StdoutLine: {'line': b'-- Up-to-date: /home/mustardking/ws_sensor_combined/install/px4_msgs/include/px4_msgs/px4_msgs/msg/detail/failsafe_flags__rosidl_typesupport_fastrtps_c.h\n'}
[1.721105] (px4_msgs) StdoutLine: {'line': b'-- Up-to-date: /home/mustardking/ws_sensor_combined/install/px4_msgs/include/px4_msgs/px4_msgs/msg/detail/follow_target_estimator__rosidl_typesupport_fastrtps_c.h\n'}
[1.721127] (px4_msgs) StdoutLine: {'line': b'-- Up-to-date: /home/mustardking/ws_sensor_combined/install/px4_msgs/include/px4_msgs/px4_msgs/msg/detail/estimator_aid_source1d__rosidl_typesupport_fastrtps_c.h\n'}
[1.721150] (px4_msgs) StdoutLine: {'line': b'-- Up-to-date: /home/mustardking/ws_sensor_combined/install/px4_msgs/include/px4_msgs/px4_msgs/msg/detail/velocity_limits__rosidl_typesupport_fastrtps_c.h\n'}
[1.721192] (px4_msgs) StdoutLine: {'line': b'-- Up-to-date: /home/mustardking/ws_sensor_combined/install/px4_msgs/include/px4_msgs/px4_msgs/msg/detail/vehicle_angular_acceleration_setpoint__rosidl_typesupport_fastrtps_c.h\n'}
[1.721219] (px4_msgs) StdoutLine: {'line': b'-- Up-to-date: /home/mustardking/ws_sensor_combined/install/px4_msgs/include/px4_msgs/px4_msgs/msg/detail/figure_eight_status__rosidl_typesupport_fastrtps_c.h\n'}
[1.721288] (px4_msgs) StdoutLine: {'line': b'-- Up-to-date: /home/mustardking/ws_sensor_combined/install/px4_msgs/include/px4_msgs/px4_msgs/msg/detail/gimbal_manager_set_attitude__rosidl_typesupport_fastrtps_c.h\n'}
[1.721310] (px4_msgs) StdoutLine: {'line': b'-- Up-to-date: /home/mustardking/ws_sensor_combined/install/px4_msgs/include/px4_msgs/px4_msgs/msg/detail/health_report__rosidl_typesupport_fastrtps_c.h\n'}
[1.721332] (px4_msgs) StdoutLine: {'line': b'-- Up-to-date: /home/mustardking/ws_sensor_combined/install/px4_msgs/include/px4_msgs/px4_msgs/msg/detail/sensor_mag__rosidl_typesupport_fastrtps_c.h\n'}
[1.721353] (px4_msgs) StdoutLine: {'line': b'-- Up-to-date: /home/mustardking/ws_sensor_combined/install/px4_msgs/include/px4_msgs/px4_msgs/msg/detail/ulog_stream_ack__rosidl_typesupport_fastrtps_c.h\n'}
[1.721376] (px4_msgs) StdoutLine: {'line': b'-- Up-to-date: /home/mustardking/ws_sensor_combined/install/px4_msgs/include/px4_msgs/px4_msgs/msg/detail/trajectory_setpoint__rosidl_typesupport_fastrtps_c.h\n'}
[1.721398] (px4_msgs) StdoutLine: {'line': b'-- Up-to-date: /home/mustardking/ws_sensor_combined/install/px4_msgs/include/px4_msgs/px4_msgs/msg/detail/gpio_config__rosidl_typesupport_fastrtps_c.h\n'}
[1.721420] (px4_msgs) StdoutLine: {'line': b'-- Up-to-date: /home/mustardking/ws_sensor_combined/install/px4_msgs/include/px4_msgs/px4_msgs/msg/detail/tune_control__rosidl_typesupport_fastrtps_c.h\n'}
[1.721442] (px4_msgs) StdoutLine: {'line': b'-- Up-to-date: /home/mustardking/ws_sensor_combined/install/px4_msgs/include/px4_msgs/px4_msgs/msg/detail/fixed_wing_longitudinal_setpoint__rosidl_typesupport_fastrtps_c.h\n'}
[1.721464] (px4_msgs) StdoutLine: {'line': b'-- Up-to-date: /home/mustardking/ws_sensor_combined/install/px4_msgs/include/px4_msgs/px4_msgs/msg/detail/goto_setpoint__rosidl_typesupport_fastrtps_c.h\n'}
[1.721487] (px4_msgs) StdoutLine: {'line': b'-- Up-to-date: /home/mustardking/ws_sensor_combined/install/px4_msgs/include/px4_msgs/px4_msgs/msg/detail/rover_speed_setpoint__rosidl_typesupport_fastrtps_c.h\n'}
[1.721518] (px4_msgs) StdoutLine: {'line': b'-- Up-to-date: /home/mustardking/ws_sensor_combined/install/px4_msgs/include/px4_msgs/px4_msgs/msg/detail/vehicle_rates_setpoint__rosidl_typesupport_fastrtps_c.h\n'}
[1.721540] (px4_msgs) StdoutLine: {'line': b'-- Up-to-date: /home/mustardking/ws_sensor_combined/install/px4_msgs/include/px4_msgs/px4_msgs/msg/detail/rover_rate_setpoint__rosidl_typesupport_fastrtps_c.h\n'}
[1.721562] (px4_msgs) StdoutLine: {'line': b'-- Up-to-date: /home/mustardking/ws_sensor_combined/install/px4_msgs/include/px4_msgs/px4_msgs/msg/detail/estimator_aid_source3d__rosidl_typesupport_fastrtps_c.h\n'}
[1.721586] (px4_msgs) StdoutLine: {'line': b'-- Up-to-date: /home/mustardking/ws_sensor_combined/install/px4_msgs/include/px4_msgs/px4_msgs/msg/detail/internal_combustion_engine_control__rosidl_typesupport_fastrtps_c.h\n'}
[1.721608] (px4_msgs) StdoutLine: {'line': b'-- Up-to-date: /home/mustardking/ws_sensor_combined/install/px4_msgs/include/px4_msgs/px4_msgs/msg/detail/open_drone_id_system__rosidl_typesupport_fastrtps_c.h\n'}
[1.721630] (px4_msgs) StdoutLine: {'line': b'-- Up-to-date: /home/mustardking/ws_sensor_combined/install/px4_msgs/include/px4_msgs/px4_msgs/msg/detail/esc_report__rosidl_typesupport_fastrtps_c.h\n'}
[1.721653] (px4_msgs) StdoutLine: {'line': b'-- Up-to-date: /home/mustardking/ws_sensor_combined/install/px4_msgs/include/px4_msgs/px4_msgs/msg/detail/sensors_status__rosidl_typesupport_fastrtps_c.h\n'}
[1.721675] (px4_msgs) StdoutLine: {'line': b'-- Up-to-date: /home/mustardking/ws_sensor_combined/install/px4_msgs/include/px4_msgs/px4_msgs/msg/detail/fixed_wing_lateral_setpoint__rosidl_typesupport_fastrtps_c.h\n'}
[1.721697] (px4_msgs) StdoutLine: {'line': b'-- Up-to-date: /home/mustardking/ws_sensor_combined/install/px4_msgs/include/px4_msgs/px4_msgs/msg/detail/arming_check_request__rosidl_typesupport_fastrtps_c.h\n'}
[1.721719] (px4_msgs) StdoutLine: {'line': b'-- Up-to-date: /home/mustardking/ws_sensor_combined/install/px4_msgs/include/px4_msgs/px4_msgs/msg/detail/dronecan_node_status__rosidl_typesupport_fastrtps_c.h\n'}
[1.721741] (px4_msgs) StdoutLine: {'line': b'-- Up-to-date: /home/mustardking/ws_sensor_combined/install/px4_msgs/include/px4_msgs/px4_msgs/msg/detail/trajectory_setpoint6dof__rosidl_typesupport_fastrtps_c.h\n'}
[1.721763] (px4_msgs) StdoutLine: {'line': b'-- Up-to-date: /home/mustardking/ws_sensor_combined/install/px4_msgs/include/px4_msgs/px4_msgs/msg/detail/register_ext_component_request__rosidl_typesupport_fastrtps_c.h\n'}
[1.721786] (px4_msgs) StdoutLine: {'line': b'-- Up-to-date: /home/mustardking/ws_sensor_combined/install/px4_msgs/include/px4_msgs/px4_msgs/msg/detail/sensor_gyro_fifo__rosidl_typesupport_fastrtps_c.h\n'}
[1.721823] (px4_msgs) StdoutLine: {'line': b'-- Up-to-date: /home/mustardking/ws_sensor_combined/install/px4_msgs/include/px4_msgs/px4_msgs/msg/detail/ekf2_timestamps__rosidl_typesupport_fastrtps_c.h\n'}
[1.721846] (px4_msgs) StdoutLine: {'line': b'-- Up-to-date: /home/mustardking/ws_sensor_combined/install/px4_msgs/include/px4_msgs/px4_msgs/msg/detail/estimator_innovations__rosidl_typesupport_fastrtps_c.h\n'}
[1.721882] (px4_msgs) StdoutLine: {'line': b'-- Up-to-date: /home/mustardking/ws_sensor_combined/install/px4_msgs/include/px4_msgs/px4_msgs/msg/detail/neural_control__rosidl_typesupport_fastrtps_c.h\n'}
[1.721906] (px4_msgs) StdoutLine: {'line': b'-- Up-to-date: /home/mustardking/ws_sensor_combined/install/px4_msgs/include/px4_msgs/px4_msgs/msg/detail/mavlink_log__rosidl_typesupport_fastrtps_c.h\n'}
[1.721928] (px4_msgs) StdoutLine: {'line': b'-- Up-to-date: /home/mustardking/ws_sensor_combined/install/px4_msgs/include/px4_msgs/px4_msgs/msg/detail/sensor_optical_flow__rosidl_typesupport_fastrtps_c.h\n'}
[1.721950] (px4_msgs) StdoutLine: {'line': b'-- Up-to-date: /home/mustardking/ws_sensor_combined/install/px4_msgs/include/px4_msgs/px4_msgs/msg/detail/rc_channels__rosidl_typesupport_fastrtps_c.h\n'}
[1.721972] (px4_msgs) StdoutLine: {'line': b'-- Up-to-date: /home/mustardking/ws_sensor_combined/install/px4_msgs/include/px4_msgs/px4_msgs/msg/detail/actuator_motors__rosidl_typesupport_fastrtps_c.h\n'}
[1.721994] (px4_msgs) StdoutLine: {'line': b'-- Up-to-date: /home/mustardking/ws_sensor_combined/install/px4_msgs/include/px4_msgs/px4_msgs/msg/detail/sensor_correction__rosidl_typesupport_fastrtps_c.h\n'}
[1.722016] (px4_msgs) StdoutLine: {'line': b'-- Up-to-date: /home/mustardking/ws_sensor_combined/install/px4_msgs/include/px4_msgs/px4_msgs/msg/detail/home_position__rosidl_typesupport_fastrtps_c.h\n'}
[1.722064] (px4_msgs) StdoutLine: {'line': b'-- Up-to-date: /home/mustardking/ws_sensor_combined/install/px4_msgs/include/px4_msgs/px4_msgs/msg/detail/dataman_response__rosidl_typesupport_fastrtps_c.h\n'}
[1.722087] (px4_msgs) StdoutLine: {'line': b'-- Up-to-date: /home/mustardking/ws_sensor_combined/install/px4_msgs/include/px4_msgs/px4_msgs/msg/detail/sensor_accel_fifo__rosidl_typesupport_fastrtps_c.h\n'}
[1.722109] (px4_msgs) StdoutLine: {'line': b'-- Up-to-date: /home/mustardking/ws_sensor_combined/install/px4_msgs/include/px4_msgs/px4_msgs/msg/detail/rover_attitude_status__rosidl_typesupport_fastrtps_c.h\n'}
[1.722131] (px4_msgs) StdoutLine: {'line': b'-- Up-to-date: /home/mustardking/ws_sensor_combined/install/px4_msgs/include/px4_msgs/px4_msgs/msg/detail/qshell_req__rosidl_typesupport_fastrtps_c.h\n'}
[1.722153] (px4_msgs) StdoutLine: {'line': b'-- Up-to-date: /home/mustardking/ws_sensor_combined/install/px4_msgs/include/px4_msgs/px4_msgs/msg/detail/rover_attitude_setpoint__rosidl_typesupport_fastrtps_c.h\n'}
[1.722175] (px4_msgs) StdoutLine: {'line': b'-- Up-to-date: /home/mustardking/ws_sensor_combined/install/px4_msgs/include/px4_msgs/px4_msgs/msg/detail/tiltrotor_extra_controls__rosidl_typesupport_fastrtps_c.h\n'}
[1.722197] (px4_msgs) StdoutLine: {'line': b'-- Up-to-date: /home/mustardking/ws_sensor_combined/install/px4_msgs/include/px4_msgs/px4_msgs/msg/detail/landing_target_pose__rosidl_typesupport_fastrtps_c.h\n'}
[1.722219] (px4_msgs) StdoutLine: {'line': b'-- Up-to-date: /home/mustardking/ws_sensor_combined/install/px4_msgs/include/px4_msgs/px4_msgs/msg/detail/position_setpoint_triplet__rosidl_typesupport_fastrtps_c.h\n'}
[1.722274] (px4_msgs) StdoutLine: {'line': b'-- Up-to-date: /home/mustardking/ws_sensor_combined/install/px4_msgs/include/px4_msgs/px4_msgs/msg/detail/vehicle_status__rosidl_typesupport_fastrtps_c.h\n'}
[1.722349] (px4_msgs) StdoutLine: {'line': b'-- Up-to-date: /home/mustardking/ws_sensor_combined/install/px4_msgs/include/px4_msgs/px4_msgs/msg/detail/open_drone_id_arm_status__rosidl_typesupport_fastrtps_c.h\n'}
[1.722398] (px4_msgs) StdoutLine: {'line': b'-- Up-to-date: /home/mustardking/ws_sensor_combined/install/px4_msgs/include/px4_msgs/px4_msgs/msg/detail/control_allocator_status__rosidl_typesupport_fastrtps_c.h\n'}
[1.722533] (px4_msgs) StdoutLine: {'line': b'-- Up-to-date: /home/mustardking/ws_sensor_combined/install/px4_msgs/include/px4_msgs/px4_msgs/msg/detail/gripper__rosidl_typesupport_fastrtps_c.h\n'}
[1.722586] (px4_msgs) StdoutLine: {'line': b'-- Up-to-date: /home/mustardking/ws_sensor_combined/install/px4_msgs/include/px4_msgs/px4_msgs/msg/detail/takeoff_status__rosidl_typesupport_fastrtps_c.h\n'}
[1.722676] (px4_msgs) StdoutLine: {'line': b'-- Up-to-date: /home/mustardking/ws_sensor_combined/install/px4_msgs/include/px4_msgs/px4_msgs/msg/detail/wind__rosidl_typesupport_fastrtps_c.h\n'}
[1.722734] (px4_msgs) StdoutLine: {'line': b'-- Up-to-date: /home/mustardking/ws_sensor_combined/install/px4_msgs/include/px4_msgs/px4_msgs/msg/detail/estimator_aid_source2d__rosidl_typesupport_fastrtps_c.h\n'}
[1.722779] (px4_msgs) StdoutLine: {'line': b'-- Up-to-date: /home/mustardking/ws_sensor_combined/install/px4_msgs/include/px4_msgs/px4_msgs/msg/detail/parameter_reset_request__rosidl_typesupport_fastrtps_c.h\n'}
[1.722879] (px4_msgs) StdoutLine: {'line': b'-- Up-to-date: /home/mustardking/ws_sensor_combined/install/px4_msgs/include/px4_msgs/px4_msgs/msg/detail/vehicle_odometry__rosidl_typesupport_fastrtps_c.h\n'}
[1.722934] (px4_msgs) StdoutLine: {'line': b'-- Up-to-date: /home/mustardking/ws_sensor_combined/install/px4_msgs/include/px4_msgs/px4_msgs/msg/detail/vehicle_imu__rosidl_typesupport_fastrtps_c.h\n'}
[1.723049] (px4_msgs) StdoutLine: {'line': b'-- Up-to-date: /home/mustardking/ws_sensor_combined/install/px4_msgs/include/px4_msgs/px4_msgs/msg/detail/parameter_update__rosidl_typesupport_fastrtps_c.h\n'}
[1.723131] (px4_msgs) StdoutLine: {'line': b'-- Up-to-date: /home/mustardking/ws_sensor_combined/install/px4_msgs/include/px4_msgs/px4_msgs/msg/detail/hover_thrust_estimate__rosidl_typesupport_fastrtps_c.h\n'}
[1.723170] (px4_msgs) StdoutLine: {'line': b'-- Up-to-date: /home/mustardking/ws_sensor_combined/install/px4_msgs/include/px4_msgs/px4_msgs/msg/detail/uavcan_parameter_request__rosidl_typesupport_fastrtps_c.h\n'}
[1.723420] (px4_msgs) StdoutLine: {'line': b'-- Up-to-date: /home/mustardking/ws_sensor_combined/install/px4_msgs/include/px4_msgs/px4_msgs/msg/detail/pure_pursuit_status__rosidl_typesupport_fastrtps_c.h\n'}
[1.723538] (px4_msgs) StdoutLine: {'line': b'-- Up-to-date: /home/mustardking/ws_sensor_combined/install/px4_msgs/include/px4_msgs/px4_msgs/msg/detail/cpuload__rosidl_typesupport_fastrtps_c.h\n'}
[1.723814] (px4_msgs) StdoutLine: {'line': b'-- Up-to-date: /home/mustardking/ws_sensor_combined/install/px4_msgs/include/px4_msgs/px4_msgs/msg/detail/timesync_status__rosidl_typesupport_fastrtps_c.h\n'}
[1.723885] (px4_msgs) StdoutLine: {'line': b'-- Up-to-date: /home/mustardking/ws_sensor_combined/install/px4_msgs/include/px4_msgs/px4_msgs/msg/detail/gimbal_device_information__rosidl_typesupport_fastrtps_c.h\n'}
[1.723969] (px4_msgs) StdoutLine: {'line': b'-- Up-to-date: /home/mustardking/ws_sensor_combined/install/px4_msgs/include/px4_msgs/px4_msgs/msg/detail/landing_gear__rosidl_typesupport_fastrtps_c.h\n'}
[1.725536] (px4_msgs) StdoutLine: {'line': b'-- Up-to-date: /home/mustardking/ws_sensor_combined/install/px4_msgs/include/px4_msgs/px4_msgs/msg/detail/sensor_gps__rosidl_typesupport_fastrtps_c.h\n'}
[1.725705] (px4_msgs) StdoutLine: {'line': b'-- Up-to-date: /home/mustardking/ws_sensor_combined/install/px4_msgs/include/px4_msgs/px4_msgs/msg/detail/ulog_stream__rosidl_typesupport_fastrtps_c.h\n'}
[1.725738] (px4_msgs) StdoutLine: {'line': b'-- Up-to-date: /home/mustardking/ws_sensor_combined/install/px4_msgs/include/px4_msgs/px4_msgs/msg/detail/gps_inject_data__rosidl_typesupport_fastrtps_c.h\n'}
[1.725762] (px4_msgs) StdoutLine: {'line': b'-- Up-to-date: /home/mustardking/ws_sensor_combined/install/px4_msgs/include/px4_msgs/px4_msgs/msg/detail/task_stack_info__rosidl_typesupport_fastrtps_c.h\n'}
[1.725786] (px4_msgs) StdoutLine: {'line': b'-- Up-to-date: /home/mustardking/ws_sensor_combined/install/px4_msgs/include/px4_msgs/px4_msgs/msg/detail/estimator_selector_status__rosidl_typesupport_fastrtps_c.h\n'}
[1.725964] (px4_msgs) StdoutLine: {'line': b'-- Up-to-date: /home/mustardking/ws_sensor_combined/install/px4_msgs/include/px4_msgs/px4_msgs/msg/detail/gimbal_manager_status__rosidl_typesupport_fastrtps_c.h\n'}
[1.726045] (px4_msgs) StdoutLine: {'line': b'-- Up-to-date: /home/mustardking/ws_sensor_combined/install/px4_msgs/include/px4_msgs/px4_msgs/msg/detail/position_controller_landing_status__rosidl_typesupport_fastrtps_c.h\n'}
[1.726092] (px4_msgs) StdoutLine: {'line': b'-- Up-to-date: /home/mustardking/ws_sensor_combined/install/px4_msgs/include/px4_msgs/px4_msgs/msg/detail/differential_pressure__rosidl_typesupport_fastrtps_c.h\n'}
[1.726117] (px4_msgs) StdoutLine: {'line': b'-- Up-to-date: /home/mustardking/ws_sensor_combined/install/px4_msgs/include/px4_msgs/px4_msgs/msg/detail/iridiumsbd_status__rosidl_typesupport_fastrtps_c.h\n'}
[1.726148] (px4_msgs) StdoutLine: {'line': b'-- Up-to-date: /home/mustardking/ws_sensor_combined/install/px4_msgs/include/px4_msgs/px4_msgs/msg/detail/battery_status__rosidl_typesupport_fastrtps_c.h\n'}
[1.726172] (px4_msgs) StdoutLine: {'line': b'-- Up-to-date: /home/mustardking/ws_sensor_combined/install/px4_msgs/include/px4_msgs/px4_msgs/msg/detail/collision_constraints__rosidl_typesupport_fastrtps_c.h\n'}
[1.726211] (px4_msgs) StdoutLine: {'line': b'-- Up-to-date: /home/mustardking/ws_sensor_combined/install/px4_msgs/include/px4_msgs/px4_msgs/msg/detail/manual_control_switches__rosidl_typesupport_fastrtps_c.h\n'}
[1.726235] (px4_msgs) StdoutLine: {'line': b'-- Up-to-date: /home/mustardking/ws_sensor_combined/install/px4_msgs/include/px4_msgs/px4_msgs/msg/detail/led_control__rosidl_typesupport_fastrtps_c.h\n'}
[1.726293] (px4_msgs) StdoutLine: {'line': b'-- Up-to-date: /home/mustardking/ws_sensor_combined/install/px4_msgs/include/px4_msgs/px4_msgs/msg/detail/mode_completed__rosidl_typesupport_fastrtps_c.h\n'}
[1.726329] (px4_msgs) StdoutLine: {'line': b'-- Up-to-date: /home/mustardking/ws_sensor_combined/install/px4_msgs/include/px4_msgs/px4_msgs/msg/detail/cellular_status__rosidl_typesupport_fastrtps_c.h\n'}
[1.726579] (px4_msgs) StdoutLine: {'line': b'-- Up-to-date: /home/mustardking/ws_sensor_combined/install/px4_msgs/include/px4_msgs/px4_msgs/msg/detail/gimbal_device_set_attitude__rosidl_typesupport_fastrtps_c.h\n'}
[1.726615] (px4_msgs) StdoutLine: {'line': b'-- Up-to-date: /home/mustardking/ws_sensor_combined/install/px4_msgs/include/px4_msgs/px4_msgs/msg/detail/qshell_retval__rosidl_typesupport_fastrtps_c.h\n'}
[1.726638] (px4_msgs) StdoutLine: {'line': b'-- Up-to-date: /home/mustardking/ws_sensor_combined/install/px4_msgs/include/px4_msgs/px4_msgs/msg/detail/tecs_status__rosidl_typesupport_fastrtps_c.h\n'}
[1.726665] (px4_msgs) StdoutLine: {'line': b'-- Up-to-date: /home/mustardking/ws_sensor_combined/install/px4_msgs/include/px4_msgs/px4_msgs/msg/detail/follow_target_status__rosidl_typesupport_fastrtps_c.h\n'}
[1.726711] (px4_msgs) StdoutLine: {'line': b'-- Up-to-date: /home/mustardking/ws_sensor_combined/install/px4_msgs/include/px4_msgs/px4_msgs/msg/detail/vehicle_magnetometer__rosidl_typesupport_fastrtps_c.h\n'}
[1.726744] (px4_msgs) StdoutLine: {'line': b'-- Up-to-date: /home/mustardking/ws_sensor_combined/install/px4_msgs/include/px4_msgs/px4_msgs/msg/detail/normalized_unsigned_setpoint__rosidl_typesupport_fastrtps_c.h\n'}
[1.726769] (px4_msgs) StdoutLine: {'line': b'-- Up-to-date: /home/mustardking/ws_sensor_combined/install/px4_msgs/include/px4_msgs/px4_msgs/msg/detail/follow_target__rosidl_typesupport_fastrtps_c.h\n'}
[1.726792] (px4_msgs) StdoutLine: {'line': b'-- Up-to-date: /home/mustardking/ws_sensor_combined/install/px4_msgs/include/px4_msgs/px4_msgs/msg/detail/estimator_event_flags__rosidl_typesupport_fastrtps_c.h\n'}
[1.726826] (px4_msgs) StdoutLine: {'line': b'-- Up-to-date: /home/mustardking/ws_sensor_combined/install/px4_msgs/include/px4_msgs/px4_msgs/msg/detail/message_format_request__rosidl_typesupport_fastrtps_c.h\n'}
[1.726904] (px4_msgs) StdoutLine: {'line': b'-- Up-to-date: /home/mustardking/ws_sensor_combined/install/px4_msgs/include/px4_msgs/px4_msgs/msg/detail/rpm__rosidl_typesupport_fastrtps_c.h\n'}
[1.727247] (px4_msgs) StdoutLine: {'line': b'-- Up-to-date: /home/mustardking/ws_sensor_combined/install/px4_msgs/include/px4_msgs/px4_msgs/msg/detail/onboard_computer_status__rosidl_typesupport_fastrtps_c.h\n'}
[1.727749] (px4_msgs) StdoutLine: {'line': b'-- Up-to-date: /home/mustardking/ws_sensor_combined/install/px4_msgs/include/px4_msgs/px4_msgs/msg/detail/estimator_bias3d__rosidl_typesupport_fastrtps_c.h\n'}
[1.728697] (px4_msgs) StdoutLine: {'line': b'-- Up-to-date: /home/mustardking/ws_sensor_combined/install/px4_msgs/include/px4_msgs/px4_msgs/msg/detail/open_drone_id_operator_id__rosidl_typesupport_fastrtps_c.h\n'}
[1.728736] (px4_msgs) StdoutLine: {'line': b'-- Up-to-date: /home/mustardking/ws_sensor_combined/install/px4_msgs/include/px4_msgs/px4_msgs/msg/detail/gps_dump__rosidl_typesupport_fastrtps_c.h\n'}
[1.728762] (px4_msgs) StdoutLine: {'line': b'-- Up-to-date: /home/mustardking/ws_sensor_combined/install/px4_msgs/include/px4_msgs/px4_msgs/msg/detail/longitudinal_control_configuration__rosidl_typesupport_fastrtps_c.h\n'}
[1.728796] (px4_msgs) StdoutLine: {'line': b'-- Up-to-date: /home/mustardking/ws_sensor_combined/install/px4_msgs/include/px4_msgs/px4_msgs/msg/detail/sensor_gyro__rosidl_typesupport_fastrtps_c.h\n'}
[1.728873] (px4_msgs) StdoutLine: {'line': b'-- Up-to-date: /home/mustardking/ws_sensor_combined/install/px4_msgs/include/px4_msgs/px4_msgs/msg/detail/gpio_out__rosidl_typesupport_fastrtps_c.h\n'}
[1.728938] (px4_msgs) StdoutLine: {'line': b'-- Up-to-date: /home/mustardking/ws_sensor_combined/install/px4_msgs/include/px4_msgs/px4_msgs/msg/detail/event__rosidl_typesupport_fastrtps_c.h\n'}
[1.729027] (px4_msgs) StdoutLine: {'line': b'-- Up-to-date: /home/mustardking/ws_sensor_combined/install/px4_msgs/include/px4_msgs/px4_msgs/msg/detail/geofence_status__rosidl_typesupport_fastrtps_c.h\n'}
[1.729057] (px4_msgs) StdoutLine: {'line': b'-- Up-to-date: /home/mustardking/ws_sensor_combined/install/px4_msgs/include/px4_msgs/px4_msgs/msg/detail/estimator_status__rosidl_typesupport_fastrtps_c.h\n'}
[1.729080] (px4_msgs) StdoutLine: {'line': b'-- Up-to-date: /home/mustardking/ws_sensor_combined/install/px4_msgs/include/px4_msgs/px4_msgs/msg/detail/rate_ctrl_status__rosidl_typesupport_fastrtps_c.h\n'}
[1.729103] (px4_msgs) StdoutLine: {'line': b'-- Up-to-date: /home/mustardking/ws_sensor_combined/install/px4_msgs/include/px4_msgs/px4_msgs/msg/detail/debug_vect__rosidl_typesupport_fastrtps_c.h\n'}
[1.729126] (px4_msgs) StdoutLine: {'line': b'-- Up-to-date: /home/mustardking/ws_sensor_combined/install/px4_msgs/include/px4_msgs/px4_msgs/msg/detail/estimator_status_flags__rosidl_typesupport_fastrtps_c.h\n'}
[1.729159] (px4_msgs) StdoutLine: {'line': b'-- Up-to-date: /home/mustardking/ws_sensor_combined/install/px4_msgs/include/px4_msgs/px4_msgs/msg/detail/px4io_status__rosidl_typesupport_fastrtps_c.h\n'}
[1.729182] (px4_msgs) StdoutLine: {'line': b'-- Up-to-date: /home/mustardking/ws_sensor_combined/install/px4_msgs/include/px4_msgs/px4_msgs/msg/detail/vehicle_control_mode__rosidl_typesupport_fastrtps_c.h\n'}
[1.729217] (px4_msgs) StdoutLine: {'line': b'-- Up-to-date: /home/mustardking/ws_sensor_combined/install/px4_msgs/include/px4_msgs/px4_msgs/msg/detail/mission__rosidl_typesupport_fastrtps_c.h\n'}
[1.729253] (px4_msgs) StdoutLine: {'line': b'-- Up-to-date: /home/mustardking/ws_sensor_combined/install/px4_msgs/include/px4_msgs/px4_msgs/msg/detail/camera_status__rosidl_typesupport_fastrtps_c.h\n'}
[1.729275] (px4_msgs) StdoutLine: {'line': b'-- Up-to-date: /home/mustardking/ws_sensor_combined/install/px4_msgs/include/px4_msgs/px4_msgs/msg/detail/power_button_state__rosidl_typesupport_fastrtps_c.h\n'}
[1.729298] (px4_msgs) StdoutLine: {'line': b'-- Up-to-date: /home/mustardking/ws_sensor_combined/install/px4_msgs/include/px4_msgs/px4_msgs/msg/detail/mount_orientation__rosidl_typesupport_fastrtps_c.h\n'}
[1.729320] (px4_msgs) StdoutLine: {'line': b'-- Up-to-date: /home/mustardking/ws_sensor_combined/install/px4_msgs/include/px4_msgs/px4_msgs/msg/detail/landing_target_innovations__rosidl_typesupport_fastrtps_c.h\n'}
[1.729356] (px4_msgs) StdoutLine: {'line': b'-- Up-to-date: /home/mustardking/ws_sensor_combined/install/px4_msgs/include/px4_msgs/px4_msgs/msg/detail/fixed_wing_lateral_status__rosidl_typesupport_fastrtps_c.h\n'}
[1.729411] (px4_msgs) StdoutLine: {'line': b'-- Up-to-date: /home/mustardking/ws_sensor_combined/install/px4_msgs/include/px4_msgs/px4_msgs/msg/detail/satellite_info__rosidl_typesupport_fastrtps_c.h\n'}
[1.729448] (px4_msgs) StdoutLine: {'line': b'-- Up-to-date: /home/mustardking/ws_sensor_combined/install/px4_msgs/include/px4_msgs/px4_msgs/msg/detail/magnetometer_bias_estimate__rosidl_typesupport_fastrtps_c.h\n'}
[1.729473] (px4_msgs) StdoutLine: {'line': b'-- Up-to-date: /home/mustardking/ws_sensor_combined/install/px4_msgs/include/px4_msgs/px4_msgs/msg/detail/rc_parameter_map__rosidl_typesupport_fastrtps_c.h\n'}
[1.729530] (px4_msgs) StdoutLine: {'line': b'-- Up-to-date: /home/mustardking/ws_sensor_combined/install/px4_msgs/include/px4_msgs/px4_msgs/msg/detail/orb_test_medium__rosidl_typesupport_fastrtps_c.h\n'}
[1.729591] (px4_msgs) StdoutLine: {'line': b'-- Up-to-date: /home/mustardking/ws_sensor_combined/install/px4_msgs/include/px4_msgs/px4_msgs/msg/detail/adc_report__rosidl_typesupport_fastrtps_c.h\n'}
[1.729630] (px4_msgs) StdoutLine: {'line': b'-- Up-to-date: /home/mustardking/ws_sensor_combined/install/px4_msgs/include/px4_msgs/px4_msgs/msg/detail/ping__rosidl_typesupport_fastrtps_c.h\n'}
[1.729691] (px4_msgs) StdoutLine: {'line': b'-- Up-to-date: /home/mustardking/ws_sensor_combined/install/px4_msgs/include/px4_msgs/px4_msgs/msg/detail/estimator_gps_status__rosidl_typesupport_fastrtps_c.h\n'}
[1.729732] (px4_msgs) StdoutLine: {'line': b'-- Up-to-date: /home/mustardking/ws_sensor_combined/install/px4_msgs/include/px4_msgs/px4_msgs/msg/detail/fixed_wing_runway_control__rosidl_typesupport_fastrtps_c.h\n'}
[1.729757] (px4_msgs) StdoutLine: {'line': b'-- Up-to-date: /home/mustardking/ws_sensor_combined/install/px4_msgs/include/px4_msgs/px4_msgs/msg/detail/sensor_gyro_fft__rosidl_typesupport_fastrtps_c.h\n'}
[1.729858] (px4_msgs) StdoutLine: {'line': b'-- Up-to-date: /home/mustardking/ws_sensor_combined/install/px4_msgs/include/px4_msgs/px4_msgs/msg/detail/rover_rate_status__rosidl_typesupport_fastrtps_c.h\n'}
[1.729915] (px4_msgs) StdoutLine: {'line': b'-- Up-to-date: /home/mustardking/ws_sensor_combined/install/px4_msgs/include/px4_msgs/px4_msgs/msg/detail/fixed_wing_lateral_guidance_status__rosidl_typesupport_fastrtps_c.h\n'}
[1.729967] (px4_msgs) StdoutLine: {'line': b'-- Up-to-date: /home/mustardking/ws_sensor_combined/install/px4_msgs/include/px4_msgs/px4_msgs/msg/detail/gpio_request__rosidl_typesupport_fastrtps_c.h\n'}
[1.730019] (px4_msgs) StdoutLine: {'line': b'-- Up-to-date: /home/mustardking/ws_sensor_combined/install/px4_msgs/lib/libpx4_msgs__rosidl_typesupport_fastrtps_c.so\n'}
[1.730048] (px4_msgs) StdoutLine: {'line': b'-- Up-to-date: /home/mustardking/ws_sensor_combined/install/px4_msgs/include/px4_msgs/px4_msgs\n'}
[1.730071] (px4_msgs) StdoutLine: {'line': b'-- Up-to-date: /home/mustardking/ws_sensor_combined/install/px4_msgs/include/px4_msgs/px4_msgs/srv\n'}
[1.730178] (px4_msgs) StdoutLine: {'line': b'-- Up-to-date: /home/mustardking/ws_sensor_combined/install/px4_msgs/include/px4_msgs/px4_msgs/srv/vehicle_command.hpp\n'}
[1.730239] (px4_msgs) StdoutLine: {'line': b'-- Up-to-date: /home/mustardking/ws_sensor_combined/install/px4_msgs/include/px4_msgs/px4_msgs/srv/detail\n'}
[1.730264] (px4_msgs) StdoutLine: {'line': b'-- Up-to-date: /home/mustardking/ws_sensor_combined/install/px4_msgs/include/px4_msgs/px4_msgs/srv/detail/vehicle_command__builder.hpp\n'}
[1.730318] (px4_msgs) StdoutLine: {'line': b'-- Up-to-date: /home/mustardking/ws_sensor_combined/install/px4_msgs/include/px4_msgs/px4_msgs/srv/detail/vehicle_command__type_support.hpp\n'}
[1.730391] (px4_msgs) StdoutLine: {'line': b'-- Up-to-date: /home/mustardking/ws_sensor_combined/install/px4_msgs/include/px4_msgs/px4_msgs/srv/detail/vehicle_command__struct.hpp\n'}
[1.730432] (px4_msgs) StdoutLine: {'line': b'-- Up-to-date: /home/mustardking/ws_sensor_combined/install/px4_msgs/include/px4_msgs/px4_msgs/srv/detail/vehicle_command__traits.hpp\n'}
[1.730462] (px4_msgs) StdoutLine: {'line': b'-- Up-to-date: /home/mustardking/ws_sensor_combined/install/px4_msgs/include/px4_msgs/px4_msgs/msg\n'}
[1.730485] (px4_msgs) StdoutLine: {'line': b'-- Up-to-date: /home/mustardking/ws_sensor_combined/install/px4_msgs/include/px4_msgs/px4_msgs/msg/irlock_report.hpp\n'}
[1.730508] (px4_msgs) StdoutLine: {'line': b'-- Up-to-date: /home/mustardking/ws_sensor_combined/install/px4_msgs/include/px4_msgs/px4_msgs/msg/actuator_servos_trim.hpp\n'}
[1.730533] (px4_msgs) StdoutLine: {'line': b'-- Up-to-date: /home/mustardking/ws_sensor_combined/install/px4_msgs/include/px4_msgs/px4_msgs/msg/vehicle_angular_velocity.hpp\n'}
[1.730556] (px4_msgs) StdoutLine: {'line': b'-- Up-to-date: /home/mustardking/ws_sensor_combined/install/px4_msgs/include/px4_msgs/px4_msgs/msg/vehicle_local_position_setpoint.hpp\n'}
[1.730791] (px4_msgs) StdoutLine: {'line': b'-- Up-to-date: /home/mustardking/ws_sensor_combined/install/px4_msgs/include/px4_msgs/px4_msgs/msg/vehicle_status.hpp\n'}
[1.731150] (px4_msgs) StdoutLine: {'line': b'-- Up-to-date: /home/mustardking/ws_sensor_combined/install/px4_msgs/include/px4_msgs/px4_msgs/msg/rover_steering_setpoint.hpp\n'}
[1.731178] (px4_msgs) StdoutLine: {'line': b'-- Up-to-date: /home/mustardking/ws_sensor_combined/install/px4_msgs/include/px4_msgs/px4_msgs/msg/launch_detection_status.hpp\n'}
[1.731201] (px4_msgs) StdoutLine: {'line': b'-- Up-to-date: /home/mustardking/ws_sensor_combined/install/px4_msgs/include/px4_msgs/px4_msgs/msg/rc_parameter_map.hpp\n'}
[1.731286] (px4_msgs) StdoutLine: {'line': b'-- Up-to-date: /home/mustardking/ws_sensor_combined/install/px4_msgs/include/px4_msgs/px4_msgs/msg/velocity_limits.hpp\n'}
[1.731327] (px4_msgs) StdoutLine: {'line': b'-- Up-to-date: /home/mustardking/ws_sensor_combined/install/px4_msgs/include/px4_msgs/px4_msgs/msg/gpio_in.hpp\n'}
[1.736084] (-) TimerEvent: {}
[1.736391] (px4_msgs) StdoutLine: {'line': b'-- Up-to-date: /home/mustardking/ws_sensor_combined/install/px4_msgs/include/px4_msgs/px4_msgs/msg/actuator_test.hpp\n'}
[1.736451] (px4_msgs) StdoutLine: {'line': b'-- Up-to-date: /home/mustardking/ws_sensor_combined/install/px4_msgs/include/px4_msgs/px4_msgs/msg/vehicle_air_data.hpp\n'}
[1.736478] (px4_msgs) StdoutLine: {'line': b'-- Up-to-date: /home/mustardking/ws_sensor_combined/install/px4_msgs/include/px4_msgs/px4_msgs/msg/radio_status.hpp\n'}
[1.736503] (px4_msgs) StdoutLine: {'line': b'-- Up-to-date: /home/mustardking/ws_sensor_combined/install/px4_msgs/include/px4_msgs/px4_msgs/msg/task_stack_info.hpp\n'}
[1.736526] (px4_msgs) StdoutLine: {'line': b'-- Up-to-date: /home/mustardking/ws_sensor_combined/install/px4_msgs/include/px4_msgs/px4_msgs/msg/control_allocator_status.hpp\n'}
[1.736549] (px4_msgs) StdoutLine: {'line': b'-- Up-to-date: /home/mustardking/ws_sensor_combined/install/px4_msgs/include/px4_msgs/px4_msgs/msg/orb_test_large.hpp\n'}
[1.736572] (px4_msgs) StdoutLine: {'line': b'-- Up-to-date: /home/mustardking/ws_sensor_combined/install/px4_msgs/include/px4_msgs/px4_msgs/msg/sensor_correction.hpp\n'}
[1.736594] (px4_msgs) StdoutLine: {'line': b'-- Up-to-date: /home/mustardking/ws_sensor_combined/install/px4_msgs/include/px4_msgs/px4_msgs/msg/vehicle_land_detected.hpp\n'}
[1.736618] (px4_msgs) StdoutLine: {'line': b'-- Up-to-date: /home/mustardking/ws_sensor_combined/install/px4_msgs/include/px4_msgs/px4_msgs/msg/adc_report.hpp\n'}
[1.736641] (px4_msgs) StdoutLine: {'line': b'-- Up-to-date: /home/mustardking/ws_sensor_combined/install/px4_msgs/include/px4_msgs/px4_msgs/msg/arming_check_reply.hpp\n'}
[1.736664] (px4_msgs) StdoutLine: {'line': b'-- Up-to-date: /home/mustardking/ws_sensor_combined/install/px4_msgs/include/px4_msgs/px4_msgs/msg/fixed_wing_lateral_setpoint.hpp\n'}
[1.736686] (px4_msgs) StdoutLine: {'line': b'-- Up-to-date: /home/mustardking/ws_sensor_combined/install/px4_msgs/include/px4_msgs/px4_msgs/msg/action_request.hpp\n'}
[1.736708] (px4_msgs) StdoutLine: {'line': b'-- Up-to-date: /home/mustardking/ws_sensor_combined/install/px4_msgs/include/px4_msgs/px4_msgs/msg/heater_status.hpp\n'}
[1.736730] (px4_msgs) StdoutLine: {'line': b'-- Up-to-date: /home/mustardking/ws_sensor_combined/install/px4_msgs/include/px4_msgs/px4_msgs/msg/vehicle_attitude.hpp\n'}
[1.736753] (px4_msgs) StdoutLine: {'line': b'-- Up-to-date: /home/mustardking/ws_sensor_combined/install/px4_msgs/include/px4_msgs/px4_msgs/msg/parameter_set_used_request.hpp\n'}
[1.736776] (px4_msgs) StdoutLine: {'line': b'-- Up-to-date: /home/mustardking/ws_sensor_combined/install/px4_msgs/include/px4_msgs/px4_msgs/msg/dronecan_node_status.hpp\n'}
[1.736798] (px4_msgs) StdoutLine: {'line': b'-- Up-to-date: /home/mustardking/ws_sensor_combined/install/px4_msgs/include/px4_msgs/px4_msgs/msg/geofence_result.hpp\n'}
[1.736824] (px4_msgs) StdoutLine: {'line': b'-- Up-to-date: /home/mustardking/ws_sensor_combined/install/px4_msgs/include/px4_msgs/px4_msgs/msg/sensors_status.hpp\n'}
[1.736846] (px4_msgs) StdoutLine: {'line': b'-- Up-to-date: /home/mustardking/ws_sensor_combined/install/px4_msgs/include/px4_msgs/px4_msgs/msg/normalized_unsigned_setpoint.hpp\n'}
[1.736869] (px4_msgs) StdoutLine: {'line': b'-- Up-to-date: /home/mustardking/ws_sensor_combined/install/px4_msgs/include/px4_msgs/px4_msgs/msg/position_setpoint_triplet.hpp\n'}
[1.736892] (px4_msgs) StdoutLine: {'line': b'-- Up-to-date: /home/mustardking/ws_sensor_combined/install/px4_msgs/include/px4_msgs/px4_msgs/msg/vehicle_command_ack.hpp\n'}
[1.736914] (px4_msgs) StdoutLine: {'line': b'-- Up-to-date: /home/mustardking/ws_sensor_combined/install/px4_msgs/include/px4_msgs/px4_msgs/msg/neural_control.hpp\n'}
[1.736936] (px4_msgs) StdoutLine: {'line': b'-- Up-to-date: /home/mustardking/ws_sensor_combined/install/px4_msgs/include/px4_msgs/px4_msgs/msg/offboard_control_mode.hpp\n'}
[1.736960] (px4_msgs) StdoutLine: {'line': b'-- Up-to-date: /home/mustardking/ws_sensor_combined/install/px4_msgs/include/px4_msgs/px4_msgs/msg/esc_report.hpp\n'}
[1.736983] (px4_msgs) StdoutLine: {'line': b'-- Up-to-date: /home/mustardking/ws_sensor_combined/install/px4_msgs/include/px4_msgs/px4_msgs/msg/estimator_gps_status.hpp\n'}
[1.737005] (px4_msgs) StdoutLine: {'line': b'-- Up-to-date: /home/mustardking/ws_sensor_combined/install/px4_msgs/include/px4_msgs/px4_msgs/msg/sensor_mag.hpp\n'}
[1.737028] (px4_msgs) StdoutLine: {'line': b'-- Up-to-date: /home/mustardking/ws_sensor_combined/install/px4_msgs/include/px4_msgs/px4_msgs/msg/actuator_controls_status.hpp\n'}
[1.737050] (px4_msgs) StdoutLine: {'line': b'-- Up-to-date: /home/mustardking/ws_sensor_combined/install/px4_msgs/include/px4_msgs/px4_msgs/msg/wheel_encoders.hpp\n'}
[1.737073] (px4_msgs) StdoutLine: {'line': b'-- Up-to-date: /home/mustardking/ws_sensor_combined/install/px4_msgs/include/px4_msgs/px4_msgs/msg/sensor_hygrometer.hpp\n'}
[1.737095] (px4_msgs) StdoutLine: {'line': b'-- Up-to-date: /home/mustardking/ws_sensor_combined/install/px4_msgs/include/px4_msgs/px4_msgs/msg/open_drone_id_system.hpp\n'}
[1.737117] (px4_msgs) StdoutLine: {'line': b'-- Up-to-date: /home/mustardking/ws_sensor_combined/install/px4_msgs/include/px4_msgs/px4_msgs/msg/hover_thrust_estimate.hpp\n'}
[1.737153] (px4_msgs) StdoutLine: {'line': b'-- Up-to-date: /home/mustardking/ws_sensor_combined/install/px4_msgs/include/px4_msgs/px4_msgs/msg/gpio_config.hpp\n'}
[1.737178] (px4_msgs) StdoutLine: {'line': b'-- Up-to-date: /home/mustardking/ws_sensor_combined/install/px4_msgs/include/px4_msgs/px4_msgs/msg/open_drone_id_self_id.hpp\n'}
[1.737209] (px4_msgs) StdoutLine: {'line': b'-- Up-to-date: /home/mustardking/ws_sensor_combined/install/px4_msgs/include/px4_msgs/px4_msgs/msg/config_overrides.hpp\n'}
[1.737233] (px4_msgs) StdoutLine: {'line': b'-- Up-to-date: /home/mustardking/ws_sensor_combined/install/px4_msgs/include/px4_msgs/px4_msgs/msg/landing_target_innovations.hpp\n'}
[1.737259] (px4_msgs) StdoutLine: {'line': b'-- Up-to-date: /home/mustardking/ws_sensor_combined/install/px4_msgs/include/px4_msgs/px4_msgs/msg/landing_gear.hpp\n'}
[1.737288] (px4_msgs) StdoutLine: {'line': b'-- Up-to-date: /home/mustardking/ws_sensor_combined/install/px4_msgs/include/px4_msgs/px4_msgs/msg/estimator_event_flags.hpp\n'}
[1.737310] (px4_msgs) StdoutLine: {'line': b'-- Up-to-date: /home/mustardking/ws_sensor_combined/install/px4_msgs/include/px4_msgs/px4_msgs/msg/rover_attitude_status.hpp\n'}
[1.737332] (px4_msgs) StdoutLine: {'line': b'-- Up-to-date: /home/mustardking/ws_sensor_combined/install/px4_msgs/include/px4_msgs/px4_msgs/msg/rpm.hpp\n'}
[1.737366] (px4_msgs) StdoutLine: {'line': b'-- Up-to-date: /home/mustardking/ws_sensor_combined/install/px4_msgs/include/px4_msgs/px4_msgs/msg/dataman_request.hpp\n'}
[1.737395] (px4_msgs) StdoutLine: {'line': b'-- Up-to-date: /home/mustardking/ws_sensor_combined/install/px4_msgs/include/px4_msgs/px4_msgs/msg/mavlink_log.hpp\n'}
[1.737427] (px4_msgs) StdoutLine: {'line': b'-- Up-to-date: /home/mustardking/ws_sensor_combined/install/px4_msgs/include/px4_msgs/px4_msgs/msg/rc_channels.hpp\n'}
[1.737457] (px4_msgs) StdoutLine: {'line': b'-- Up-to-date: /home/mustardking/ws_sensor_combined/install/px4_msgs/include/px4_msgs/px4_msgs/msg/goto_setpoint.hpp\n'}
[1.737483] (px4_msgs) StdoutLine: {'line': b'-- Up-to-date: /home/mustardking/ws_sensor_combined/install/px4_msgs/include/px4_msgs/px4_msgs/msg/sensor_gyro.hpp\n'}
[1.737524] (px4_msgs) StdoutLine: {'line': b'-- Up-to-date: /home/mustardking/ws_sensor_combined/install/px4_msgs/include/px4_msgs/px4_msgs/msg/fixed_wing_lateral_guidance_status.hpp\n'}
[1.737548] (px4_msgs) StdoutLine: {'line': b'-- Up-to-date: /home/mustardking/ws_sensor_combined/install/px4_msgs/include/px4_msgs/px4_msgs/msg/generator_status.hpp\n'}
[1.737571] (px4_msgs) StdoutLine: {'line': b'-- Up-to-date: /home/mustardking/ws_sensor_combined/install/px4_msgs/include/px4_msgs/px4_msgs/msg/tune_control.hpp\n'}
[1.737607] (px4_msgs) StdoutLine: {'line': b'-- Up-to-date: /home/mustardking/ws_sensor_combined/install/px4_msgs/include/px4_msgs/px4_msgs/msg/trajectory_setpoint6dof.hpp\n'}
[1.737643] (px4_msgs) StdoutLine: {'line': b'-- Up-to-date: /home/mustardking/ws_sensor_combined/install/px4_msgs/include/px4_msgs/px4_msgs/msg/cellular_status.hpp\n'}
[1.737667] (px4_msgs) StdoutLine: {'line': b'-- Up-to-date: /home/mustardking/ws_sensor_combined/install/px4_msgs/include/px4_msgs/px4_msgs/msg/sensor_airflow.hpp\n'}
[1.737689] (px4_msgs) StdoutLine: {'line': b'-- Up-to-date: /home/mustardking/ws_sensor_combined/install/px4_msgs/include/px4_msgs/px4_msgs/msg/camera_capture.hpp\n'}
[1.737711] (px4_msgs) StdoutLine: {'line': b'-- Up-to-date: /home/mustardking/ws_sensor_combined/install/px4_msgs/include/px4_msgs/px4_msgs/msg/pps_capture.hpp\n'}
[1.737733] (px4_msgs) StdoutLine: {'line': b'-- Up-to-date: /home/mustardking/ws_sensor_combined/install/px4_msgs/include/px4_msgs/px4_msgs/msg/button_event.hpp\n'}
[1.737755] (px4_msgs) StdoutLine: {'line': b'-- Up-to-date: /home/mustardking/ws_sensor_combined/install/px4_msgs/include/px4_msgs/px4_msgs/msg/differential_pressure.hpp\n'}
[1.737777] (px4_msgs) StdoutLine: {'line': b'-- Up-to-date: /home/mustardking/ws_sensor_combined/install/px4_msgs/include/px4_msgs/px4_msgs/msg/actuator_outputs.hpp\n'}
[1.737799] (px4_msgs) StdoutLine: {'line': b'-- Up-to-date: /home/mustardking/ws_sensor_combined/install/px4_msgs/include/px4_msgs/px4_msgs/msg/input_rc.hpp\n'}
[1.737822] (px4_msgs) StdoutLine: {'line': b'-- Up-to-date: /home/mustardking/ws_sensor_combined/install/px4_msgs/include/px4_msgs/px4_msgs/msg/estimator_bias.hpp\n'}
[1.737844] (px4_msgs) StdoutLine: {'line': b'-- Up-to-date: /home/mustardking/ws_sensor_combined/install/px4_msgs/include/px4_msgs/px4_msgs/msg/gimbal_manager_information.hpp\n'}
[1.737867] (px4_msgs) StdoutLine: {'line': b'-- Up-to-date: /home/mustardking/ws_sensor_combined/install/px4_msgs/include/px4_msgs/px4_msgs/msg/internal_combustion_engine_status.hpp\n'}
[1.737889] (px4_msgs) StdoutLine: {'line': b'-- Up-to-date: /home/mustardking/ws_sensor_combined/install/px4_msgs/include/px4_msgs/px4_msgs/msg/rover_position_setpoint.hpp\n'}
[1.737911] (px4_msgs) StdoutLine: {'line': b'-- Up-to-date: /home/mustardking/ws_sensor_combined/install/px4_msgs/include/px4_msgs/px4_msgs/msg/vehicle_rates_setpoint.hpp\n'}
[1.737933] (px4_msgs) StdoutLine: {'line': b'-- Up-to-date: /home/mustardking/ws_sensor_combined/install/px4_msgs/include/px4_msgs/px4_msgs/msg/rate_ctrl_status.hpp\n'}
[1.737955] (px4_msgs) StdoutLine: {'line': b'-- Up-to-date: /home/mustardking/ws_sensor_combined/install/px4_msgs/include/px4_msgs/px4_msgs/msg/camera_status.hpp\n'}
[1.737976] (px4_msgs) StdoutLine: {'line': b'-- Up-to-date: /home/mustardking/ws_sensor_combined/install/px4_msgs/include/px4_msgs/px4_msgs/msg/flight_phase_estimation.hpp\n'}
[1.737999] (px4_msgs) StdoutLine: {'line': b'-- Up-to-date: /home/mustardking/ws_sensor_combined/install/px4_msgs/include/px4_msgs/px4_msgs/msg/parameter_set_value_request.hpp\n'}
[1.738035] (px4_msgs) StdoutLine: {'line': b'-- Up-to-date: /home/mustardking/ws_sensor_combined/install/px4_msgs/include/px4_msgs/px4_msgs/msg/distance_sensor.hpp\n'}
[1.738059] (px4_msgs) StdoutLine: {'line': b'-- Up-to-date: /home/mustardking/ws_sensor_combined/install/px4_msgs/include/px4_msgs/px4_msgs/msg/dataman_response.hpp\n'}
[1.738081] (px4_msgs) StdoutLine: {'line': b'-- Up-to-date: /home/mustardking/ws_sensor_combined/install/px4_msgs/include/px4_msgs/px4_msgs/msg/follow_target.hpp\n'}
[1.738103] (px4_msgs) StdoutLine: {'line': b'-- Up-to-date: /home/mustardking/ws_sensor_combined/install/px4_msgs/include/px4_msgs/px4_msgs/msg/distance_sensor_mode_change_request.hpp\n'}
[1.738125] (px4_msgs) StdoutLine: {'line': b'-- Up-to-date: /home/mustardking/ws_sensor_combined/install/px4_msgs/include/px4_msgs/px4_msgs/msg/gimbal_controls.hpp\n'}
[1.738148] (px4_msgs) StdoutLine: {'line': b'-- Up-to-date: /home/mustardking/ws_sensor_combined/install/px4_msgs/include/px4_msgs/px4_msgs/msg/logger_status.hpp\n'}
[1.738171] (px4_msgs) StdoutLine: {'line': b'-- Up-to-date: /home/mustardking/ws_sensor_combined/install/px4_msgs/include/px4_msgs/px4_msgs/msg/vehicle_imu.hpp\n'}
[1.738194] (px4_msgs) StdoutLine: {'line': b'-- Up-to-date: /home/mustardking/ws_sensor_combined/install/px4_msgs/include/px4_msgs/px4_msgs/msg/gimbal_device_attitude_status.hpp\n'}
[1.738217] (px4_msgs) StdoutLine: {'line': b'-- Up-to-date: /home/mustardking/ws_sensor_combined/install/px4_msgs/include/px4_msgs/px4_msgs/msg/ulog_stream_ack.hpp\n'}
[1.738238] (px4_msgs) StdoutLine: {'line': b'-- Up-to-date: /home/mustardking/ws_sensor_combined/install/px4_msgs/include/px4_msgs/px4_msgs/msg/trajectory_setpoint.hpp\n'}
[1.738260] (px4_msgs) StdoutLine: {'line': b'-- Up-to-date: /home/mustardking/ws_sensor_combined/install/px4_msgs/include/px4_msgs/px4_msgs/msg/qshell_req.hpp\n'}
[1.738282] (px4_msgs) StdoutLine: {'line': b'-- Up-to-date: /home/mustardking/ws_sensor_combined/install/px4_msgs/include/px4_msgs/px4_msgs/msg/estimator_aid_source3d.hpp\n'}
[1.738304] (px4_msgs) StdoutLine: {'line': b'-- Up-to-date: /home/mustardking/ws_sensor_combined/install/px4_msgs/include/px4_msgs/px4_msgs/msg/rtl_time_estimate.hpp\n'}
[1.738327] (px4_msgs) StdoutLine: {'line': b'-- Up-to-date: /home/mustardking/ws_sensor_combined/install/px4_msgs/include/px4_msgs/px4_msgs/msg/sensor_gyro_fifo.hpp\n'}
[1.738349] (px4_msgs) StdoutLine: {'line': b'-- Up-to-date: /home/mustardking/ws_sensor_combined/install/px4_msgs/include/px4_msgs/px4_msgs/msg/magnetometer_bias_estimate.hpp\n'}
[1.738373] (px4_msgs) StdoutLine: {'line': b'-- Up-to-date: /home/mustardking/ws_sensor_combined/install/px4_msgs/include/px4_msgs/px4_msgs/msg/parameter_update.hpp\n'}
[1.738396] (px4_msgs) StdoutLine: {'line': b'-- Up-to-date: /home/mustardking/ws_sensor_combined/install/px4_msgs/include/px4_msgs/px4_msgs/msg/gimbal_manager_set_manual_control.hpp\n'}
[1.738418] (px4_msgs) StdoutLine: {'line': b'-- Up-to-date: /home/mustardking/ws_sensor_combined/install/px4_msgs/include/px4_msgs/px4_msgs/msg/position_setpoint.hpp\n'}
[1.738440] (px4_msgs) StdoutLine: {'line': b'-- Up-to-date: /home/mustardking/ws_sensor_combined/install/px4_msgs/include/px4_msgs/px4_msgs/msg/gripper.hpp\n'}
[1.738462] (px4_msgs) StdoutLine: {'line': b'-- Up-to-date: /home/mustardking/ws_sensor_combined/install/px4_msgs/include/px4_msgs/px4_msgs/msg/vehicle_local_position.hpp\n'}
[1.738486] (px4_msgs) StdoutLine: {'line': b'-- Up-to-date: /home/mustardking/ws_sensor_combined/install/px4_msgs/include/px4_msgs/px4_msgs/msg/sensor_uwb.hpp\n'}
[1.738508] (px4_msgs) StdoutLine: {'line': b'-- Up-to-date: /home/mustardking/ws_sensor_combined/install/px4_msgs/include/px4_msgs/px4_msgs/msg/sensor_selection.hpp\n'}
[1.738530] (px4_msgs) StdoutLine: {'line': b'-- Up-to-date: /home/mustardking/ws_sensor_combined/install/px4_msgs/include/px4_msgs/px4_msgs/msg/transponder_report.hpp\n'}
[1.738553] (px4_msgs) StdoutLine: {'line': b'-- Up-to-date: /home/mustardking/ws_sensor_combined/install/px4_msgs/include/px4_msgs/px4_msgs/msg/longitudinal_control_configuration.hpp\n'}
[1.738575] (px4_msgs) StdoutLine: {'line': b'-- Up-to-date: /home/mustardking/ws_sensor_combined/install/px4_msgs/include/px4_msgs/px4_msgs/msg/estimator_selector_status.hpp\n'}
[1.738598] (px4_msgs) StdoutLine: {'line': b'-- Up-to-date: /home/mustardking/ws_sensor_combined/install/px4_msgs/include/px4_msgs/px4_msgs/msg/failsafe_flags.hpp\n'}
[1.738620] (px4_msgs) StdoutLine: {'line': b'-- Up-to-date: /home/mustardking/ws_sensor_combined/install/px4_msgs/include/px4_msgs/px4_msgs/msg/vehicle_optical_flow.hpp\n'}
[1.738642] (px4_msgs) StdoutLine: {'line': b'-- Up-to-date: /home/mustardking/ws_sensor_combined/install/px4_msgs/include/px4_msgs/px4_msgs/msg/vtol_vehicle_status.hpp\n'}
[1.738663] (px4_msgs) StdoutLine: {'line': b'-- Up-to-date: /home/mustardking/ws_sensor_combined/install/px4_msgs/include/px4_msgs/px4_msgs/msg/position_controller_landing_status.hpp\n'}
[1.738687] (px4_msgs) StdoutLine: {'line': b'-- Up-to-date: /home/mustardking/ws_sensor_combined/install/px4_msgs/include/px4_msgs/px4_msgs/msg/airspeed_wind.hpp\n'}
[1.738721] (px4_msgs) StdoutLine: {'line': b'-- Up-to-date: /home/mustardking/ws_sensor_combined/install/px4_msgs/include/px4_msgs/px4_msgs/msg/vehicle_control_mode.hpp\n'}
[1.738744] (px4_msgs) StdoutLine: {'line': b'-- Up-to-date: /home/mustardking/ws_sensor_combined/install/px4_msgs/include/px4_msgs/px4_msgs/msg/battery_status.hpp\n'}
[1.740080] (px4_msgs) StdoutLine: {'line': b'-- Up-to-date: /home/mustardking/ws_sensor_combined/install/px4_msgs/include/px4_msgs/px4_msgs/msg/sensor_combined.hpp\n'}
[1.744533] (px4_msgs) StdoutLine: {'line': b'-- Up-to-date: /home/mustardking/ws_sensor_combined/install/px4_msgs/include/px4_msgs/px4_msgs/msg/gimbal_manager_status.hpp\n'}
[1.744581] (px4_msgs) StdoutLine: {'line': b'-- Up-to-date: /home/mustardking/ws_sensor_combined/install/px4_msgs/include/px4_msgs/px4_msgs/msg/geofence_status.hpp\n'}
[1.744607] (px4_msgs) StdoutLine: {'line': b'-- Up-to-date: /home/mustardking/ws_sensor_combined/install/px4_msgs/include/px4_msgs/px4_msgs/msg/mount_orientation.hpp\n'}
[1.744631] (px4_msgs) StdoutLine: {'line': b'-- Up-to-date: /home/mustardking/ws_sensor_combined/install/px4_msgs/include/px4_msgs/px4_msgs/msg/lateral_control_configuration.hpp\n'}
[1.744666] (px4_msgs) StdoutLine: {'line': b'-- Up-to-date: /home/mustardking/ws_sensor_combined/install/px4_msgs/include/px4_msgs/px4_msgs/msg/manual_control_setpoint.hpp\n'}
[1.744692] (px4_msgs) StdoutLine: {'line': b'-- Up-to-date: /home/mustardking/ws_sensor_combined/install/px4_msgs/include/px4_msgs/px4_msgs/msg/estimator_aid_source1d.hpp\n'}
[1.744717] (px4_msgs) StdoutLine: {'line': b'-- Up-to-date: /home/mustardking/ws_sensor_combined/install/px4_msgs/include/px4_msgs/px4_msgs/msg/vehicle_roi.hpp\n'}
[1.744741] (px4_msgs) StdoutLine: {'line': b'-- Up-to-date: /home/mustardking/ws_sensor_combined/install/px4_msgs/include/px4_msgs/px4_msgs/msg/estimator_innovations.hpp\n'}
[1.744767] (px4_msgs) StdoutLine: {'line': b'-- Up-to-date: /home/mustardking/ws_sensor_combined/install/px4_msgs/include/px4_msgs/px4_msgs/msg/orbit_status.hpp\n'}
[1.744790] (px4_msgs) StdoutLine: {'line': b'-- Up-to-date: /home/mustardking/ws_sensor_combined/install/px4_msgs/include/px4_msgs/px4_msgs/msg/gimbal_manager_set_attitude.hpp\n'}
[1.744814] (px4_msgs) StdoutLine: {'line': b'-- Up-to-date: /home/mustardking/ws_sensor_combined/install/px4_msgs/include/px4_msgs/px4_msgs/msg/satellite_info.hpp\n'}
[1.744837] (px4_msgs) StdoutLine: {'line': b'-- Up-to-date: /home/mustardking/ws_sensor_combined/install/px4_msgs/include/px4_msgs/px4_msgs/msg/wind.hpp\n'}
[1.744860] (px4_msgs) StdoutLine: {'line': b'-- Up-to-date: /home/mustardking/ws_sensor_combined/install/px4_msgs/include/px4_msgs/px4_msgs/msg/sensor_optical_flow.hpp\n'}
[1.744887] (px4_msgs) StdoutLine: {'line': b'-- Up-to-date: /home/mustardking/ws_sensor_combined/install/px4_msgs/include/px4_msgs/px4_msgs/msg/message_format_response.hpp\n'}
[1.744911] (px4_msgs) StdoutLine: {'line': b'-- Up-to-date: /home/mustardking/ws_sensor_combined/install/px4_msgs/include/px4_msgs/px4_msgs/msg/telemetry_status.hpp\n'}
[1.744934] (px4_msgs) StdoutLine: {'line': b'-- Up-to-date: /home/mustardking/ws_sensor_combined/install/px4_msgs/include/px4_msgs/px4_msgs/msg/orb_test.hpp\n'}
[1.744969] (px4_msgs) StdoutLine: {'line': b'-- Up-to-date: /home/mustardking/ws_sensor_combined/install/px4_msgs/include/px4_msgs/px4_msgs/msg/sensor_preflight_mag.hpp\n'}
[1.745011] (px4_msgs) StdoutLine: {'line': b'-- Up-to-date: /home/mustardking/ws_sensor_combined/install/px4_msgs/include/px4_msgs/px4_msgs/msg/uavcan_parameter_value.hpp\n'}
[1.745065] (px4_msgs) StdoutLine: {'line': b'-- Up-to-date: /home/mustardking/ws_sensor_combined/install/px4_msgs/include/px4_msgs/px4_msgs/msg/fixed_wing_lateral_status.hpp\n'}
[1.745135] (px4_msgs) StdoutLine: {'line': b'-- Up-to-date: /home/mustardking/ws_sensor_combined/install/px4_msgs/include/px4_msgs/px4_msgs/msg/cpuload.hpp\n'}
[1.745205] (px4_msgs) StdoutLine: {'line': b'-- Up-to-date: /home/mustardking/ws_sensor_combined/install/px4_msgs/include/px4_msgs/px4_msgs/msg/log_message.hpp\n'}
[1.745269] (px4_msgs) StdoutLine: {'line': b'-- Up-to-date: /home/mustardking/ws_sensor_combined/install/px4_msgs/include/px4_msgs/px4_msgs/msg/navigator_status.hpp\n'}
[1.745319] (px4_msgs) StdoutLine: {'line': b'-- Up-to-date: /home/mustardking/ws_sensor_combined/install/px4_msgs/include/px4_msgs/px4_msgs/msg/vehicle_torque_setpoint.hpp\n'}
[1.745373] (px4_msgs) StdoutLine: {'line': b'-- Up-to-date: /home/mustardking/ws_sensor_combined/install/px4_msgs/include/px4_msgs/px4_msgs/msg/home_position.hpp\n'}
[1.745426] (px4_msgs) StdoutLine: {'line': b'-- Up-to-date: /home/mustardking/ws_sensor_combined/install/px4_msgs/include/px4_msgs/px4_msgs/msg/uavcan_parameter_request.hpp\n'}
[1.745467] (px4_msgs) StdoutLine: {'line': b'-- Up-to-date: /home/mustardking/ws_sensor_combined/install/px4_msgs/include/px4_msgs/px4_msgs/msg/navigator_mission_item.hpp\n'}
[1.745510] (px4_msgs) StdoutLine: {'line': b'-- Up-to-date: /home/mustardking/ws_sensor_combined/install/px4_msgs/include/px4_msgs/px4_msgs/msg/actuator_motors.hpp\n'}
[1.745548] (px4_msgs) StdoutLine: {'line': b'-- Up-to-date: /home/mustardking/ws_sensor_combined/install/px4_msgs/include/px4_msgs/px4_msgs/msg/arming_check_request.hpp\n'}
[1.745599] (px4_msgs) StdoutLine: {'line': b'-- Up-to-date: /home/mustardking/ws_sensor_combined/install/px4_msgs/include/px4_msgs/px4_msgs/msg/landing_gear_wheel.hpp\n'}
[1.745630] (px4_msgs) StdoutLine: {'line': b'-- Up-to-date: /home/mustardking/ws_sensor_combined/install/px4_msgs/include/px4_msgs/px4_msgs/msg/vehicle_angular_acceleration_setpoint.hpp\n'}
[1.745663] (px4_msgs) StdoutLine: {'line': b'-- Up-to-date: /home/mustardking/ws_sensor_combined/install/px4_msgs/include/px4_msgs/px4_msgs/msg/sensor_baro.hpp\n'}
[1.745696] (px4_msgs) StdoutLine: {'line': b'-- Up-to-date: /home/mustardking/ws_sensor_combined/install/px4_msgs/include/px4_msgs/px4_msgs/msg/rover_attitude_setpoint.hpp\n'}
[1.745729] (px4_msgs) StdoutLine: {'line': b'-- Up-to-date: /home/mustardking/ws_sensor_combined/install/px4_msgs/include/px4_msgs/px4_msgs/msg/landing_target_pose.hpp\n'}
[1.745758] (px4_msgs) StdoutLine: {'line': b'-- Up-to-date: /home/mustardking/ws_sensor_combined/install/px4_msgs/include/px4_msgs/px4_msgs/msg/airspeed.hpp\n'}
[1.745823] (px4_msgs) StdoutLine: {'line': b'-- Up-to-date: /home/mustardking/ws_sensor_combined/install/px4_msgs/include/px4_msgs/px4_msgs/msg/manual_control_switches.hpp\n'}
[1.745848] (px4_msgs) StdoutLine: {'line': b'-- Up-to-date: /home/mustardking/ws_sensor_combined/install/px4_msgs/include/px4_msgs/px4_msgs/msg/estimator_status.hpp\n'}
[1.745875] (px4_msgs) StdoutLine: {'line': b'-- Up-to-date: /home/mustardking/ws_sensor_combined/install/px4_msgs/include/px4_msgs/px4_msgs/msg/power_button_state.hpp\n'}
[1.745914] (px4_msgs) StdoutLine: {'line': b'-- Up-to-date: /home/mustardking/ws_sensor_combined/install/px4_msgs/include/px4_msgs/px4_msgs/msg/gimbal_device_information.hpp\n'}
[1.745956] (px4_msgs) StdoutLine: {'line': b'-- Up-to-date: /home/mustardking/ws_sensor_combined/install/px4_msgs/include/px4_msgs/px4_msgs/msg/rosidl_generator_cpp__visibility_control.hpp\n'}
[1.746001] (px4_msgs) StdoutLine: {'line': b'-- Up-to-date: /home/mustardking/ws_sensor_combined/install/px4_msgs/include/px4_msgs/px4_msgs/msg/rover_speed_setpoint.hpp\n'}
[1.746032] (px4_msgs) StdoutLine: {'line': b'-- Up-to-date: /home/mustardking/ws_sensor_combined/install/px4_msgs/include/px4_msgs/px4_msgs/msg/power_monitor.hpp\n'}
[1.746066] (px4_msgs) StdoutLine: {'line': b'-- Up-to-date: /home/mustardking/ws_sensor_combined/install/px4_msgs/include/px4_msgs/px4_msgs/msg/vehicle_optical_flow_vel.hpp\n'}
[1.746098] (px4_msgs) StdoutLine: {'line': b'-- Up-to-date: /home/mustardking/ws_sensor_combined/install/px4_msgs/include/px4_msgs/px4_msgs/msg/battery_info.hpp\n'}
[1.746126] (px4_msgs) StdoutLine: {'line': b'-- Up-to-date: /home/mustardking/ws_sensor_combined/install/px4_msgs/include/px4_msgs/px4_msgs/msg/fuel_tank_status.hpp\n'}
[1.746161] (px4_msgs) StdoutLine: {'line': b'-- Up-to-date: /home/mustardking/ws_sensor_combined/install/px4_msgs/include/px4_msgs/px4_msgs/msg/register_ext_component_request.hpp\n'}
[1.746184] (px4_msgs) StdoutLine: {'line': b'-- Up-to-date: /home/mustardking/ws_sensor_combined/install/px4_msgs/include/px4_msgs/px4_msgs/msg/gimbal_device_set_attitude.hpp\n'}
[1.746257] (px4_msgs) StdoutLine: {'line': b'-- Up-to-date: /home/mustardking/ws_sensor_combined/install/px4_msgs/include/px4_msgs/px4_msgs/msg/rover_rate_setpoint.hpp\n'}
[1.746291] (px4_msgs) StdoutLine: {'line': b'-- Up-to-date: /home/mustardking/ws_sensor_combined/install/px4_msgs/include/px4_msgs/px4_msgs/msg/ekf2_timestamps.hpp\n'}
[1.746317] (px4_msgs) StdoutLine: {'line': b'-- Up-to-date: /home/mustardking/ws_sensor_combined/install/px4_msgs/include/px4_msgs/px4_msgs/msg/iridiumsbd_status.hpp\n'}
[1.746776] (px4_msgs) StdoutLine: {'line': b'-- Up-to-date: /home/mustardking/ws_sensor_combined/install/px4_msgs/include/px4_msgs/px4_msgs/msg/gpio_out.hpp\n'}
[1.746891] (px4_msgs) StdoutLine: {'line': b'-- Up-to-date: /home/mustardking/ws_sensor_combined/install/px4_msgs/include/px4_msgs/px4_msgs/msg/position_controller_status.hpp\n'}
[1.746916] (px4_msgs) StdoutLine: {'line': b'-- Up-to-date: /home/mustardking/ws_sensor_combined/install/px4_msgs/include/px4_msgs/px4_msgs/msg/fixed_wing_runway_control.hpp\n'}
[1.746947] (px4_msgs) StdoutLine: {'line': b'-- Up-to-date: /home/mustardking/ws_sensor_combined/install/px4_msgs/include/px4_msgs/px4_msgs/msg/fixed_wing_longitudinal_setpoint.hpp\n'}
[1.746976] (px4_msgs) StdoutLine: {'line': b'-- Up-to-date: /home/mustardking/ws_sensor_combined/install/px4_msgs/include/px4_msgs/px4_msgs/msg/ulog_stream.hpp\n'}
[1.746999] (px4_msgs) StdoutLine: {'line': b'-- Up-to-date: /home/mustardking/ws_sensor_combined/install/px4_msgs/include/px4_msgs/px4_msgs/msg/open_drone_id_arm_status.hpp\n'}
[1.747021] (px4_msgs) StdoutLine: {'line': b'-- Up-to-date: /home/mustardking/ws_sensor_combined/install/px4_msgs/include/px4_msgs/px4_msgs/msg/sensor_accel_fifo.hpp\n'}
[1.747043] (px4_msgs) StdoutLine: {'line': b'-- Up-to-date: /home/mustardking/ws_sensor_combined/install/px4_msgs/include/px4_msgs/px4_msgs/msg/vehicle_global_position.hpp\n'}
[1.747066] (px4_msgs) StdoutLine: {'line': b'-- Up-to-date: /home/mustardking/ws_sensor_combined/install/px4_msgs/include/px4_msgs/px4_msgs/msg/can_interface_status.hpp\n'}
[1.747091] (px4_msgs) StdoutLine: {'line': b'-- Up-to-date: /home/mustardking/ws_sensor_combined/install/px4_msgs/include/px4_msgs/px4_msgs/msg/debug_vect.hpp\n'}
[1.747121] (px4_msgs) StdoutLine: {'line': b'-- Up-to-date: /home/mustardking/ws_sensor_combined/install/px4_msgs/include/px4_msgs/px4_msgs/msg/px4io_status.hpp\n'}
[1.747147] (px4_msgs) StdoutLine: {'line': b'-- Up-to-date: /home/mustardking/ws_sensor_combined/install/px4_msgs/include/px4_msgs/px4_msgs/msg/obstacle_distance.hpp\n'}
[1.747169] (px4_msgs) StdoutLine: {'line': b'-- Up-to-date: /home/mustardking/ws_sensor_combined/install/px4_msgs/include/px4_msgs/px4_msgs/msg/sensor_gyro_fft.hpp\n'}
[1.747211] (px4_msgs) StdoutLine: {'line': b'-- Up-to-date: /home/mustardking/ws_sensor_combined/install/px4_msgs/include/px4_msgs/px4_msgs/msg/rover_rate_status.hpp\n'}
[1.747234] (px4_msgs) StdoutLine: {'line': b'-- Up-to-date: /home/mustardking/ws_sensor_combined/install/px4_msgs/include/px4_msgs/px4_msgs/msg/follow_target_status.hpp\n'}
[1.747256] (px4_msgs) StdoutLine: {'line': b'-- Up-to-date: /home/mustardking/ws_sensor_combined/install/px4_msgs/include/px4_msgs/px4_msgs/msg/estimator_status_flags.hpp\n'}
[1.747278] (px4_msgs) StdoutLine: {'line': b'-- Up-to-date: /home/mustardking/ws_sensor_combined/install/px4_msgs/include/px4_msgs/px4_msgs/msg/system_power.hpp\n'}
[1.747300] (px4_msgs) StdoutLine: {'line': b'-- Up-to-date: /home/mustardking/ws_sensor_combined/install/px4_msgs/include/px4_msgs/px4_msgs/msg/rtl_status.hpp\n'}
[1.747336] (px4_msgs) StdoutLine: {'line': b'-- Up-to-date: /home/mustardking/ws_sensor_combined/install/px4_msgs/include/px4_msgs/px4_msgs/msg/timesync_status.hpp\n'}
[1.747363] (px4_msgs) StdoutLine: {'line': b'-- Up-to-date: /home/mustardking/ws_sensor_combined/install/px4_msgs/include/px4_msgs/px4_msgs/msg/mode_completed.hpp\n'}
[1.747385] (px4_msgs) StdoutLine: {'line': b'-- Up-to-date: /home/mustardking/ws_sensor_combined/install/px4_msgs/include/px4_msgs/px4_msgs/msg/estimator_bias3d.hpp\n'}
[1.747421] (px4_msgs) StdoutLine: {'line': b'-- Up-to-date: /home/mustardking/ws_sensor_combined/install/px4_msgs/include/px4_msgs/px4_msgs/msg/led_control.hpp\n'}
[1.747443] (px4_msgs) StdoutLine: {'line': b'-- Up-to-date: /home/mustardking/ws_sensor_combined/install/px4_msgs/include/px4_msgs/px4_msgs/msg/qshell_retval.hpp\n'}
[1.747466] (px4_msgs) StdoutLine: {'line': b'-- Up-to-date: /home/mustardking/ws_sensor_combined/install/px4_msgs/include/px4_msgs/px4_msgs/msg/vehicle_imu_status.hpp\n'}
[1.747488] (px4_msgs) StdoutLine: {'line': b'-- Up-to-date: /home/mustardking/ws_sensor_combined/install/px4_msgs/include/px4_msgs/px4_msgs/msg/takeoff_status.hpp\n'}
[1.747511] (px4_msgs) StdoutLine: {'line': b'-- Up-to-date: /home/mustardking/ws_sensor_combined/install/px4_msgs/include/px4_msgs/px4_msgs/msg/sensor_gnss_relative.hpp\n'}
[1.747538] (px4_msgs) StdoutLine: {'line': b'-- Up-to-date: /home/mustardking/ws_sensor_combined/install/px4_msgs/include/px4_msgs/px4_msgs/msg/mission_result.hpp\n'}
[1.747563] (px4_msgs) StdoutLine: {'line': b'-- Up-to-date: /home/mustardking/ws_sensor_combined/install/px4_msgs/include/px4_msgs/px4_msgs/msg/mission.hpp\n'}
[1.747586] (px4_msgs) StdoutLine: {'line': b'-- Up-to-date: /home/mustardking/ws_sensor_combined/install/px4_msgs/include/px4_msgs/px4_msgs/msg/tecs_status.hpp\n'}
[1.747610] (px4_msgs) StdoutLine: {'line': b'-- Up-to-date: /home/mustardking/ws_sensor_combined/install/px4_msgs/include/px4_msgs/px4_msgs/msg/vehicle_constraints.hpp\n'}
[1.747632] (px4_msgs) StdoutLine: {'line': b'-- Up-to-date: /home/mustardking/ws_sensor_combined/install/px4_msgs/include/px4_msgs/px4_msgs/msg/health_report.hpp\n'}
[1.747654] (px4_msgs) StdoutLine: {'line': b'-- Up-to-date: /home/mustardking/ws_sensor_combined/install/px4_msgs/include/px4_msgs/px4_msgs/msg/sensors_status_imu.hpp\n'}
[1.747676] (px4_msgs) StdoutLine: {'line': b'-- Up-to-date: /home/mustardking/ws_sensor_combined/install/px4_msgs/include/px4_msgs/px4_msgs/msg/message_format_request.hpp\n'}
[1.747708] (px4_msgs) StdoutLine: {'line': b'-- Up-to-date: /home/mustardking/ws_sensor_combined/install/px4_msgs/include/px4_msgs/px4_msgs/msg/orb_test_medium.hpp\n'}
[1.747739] (px4_msgs) StdoutLine: {'line': b'-- Up-to-date: /home/mustardking/ws_sensor_combined/install/px4_msgs/include/px4_msgs/px4_msgs/msg/tiltrotor_extra_controls.hpp\n'}
[1.747776] (px4_msgs) StdoutLine: {'line': b'-- Up-to-date: /home/mustardking/ws_sensor_combined/install/px4_msgs/include/px4_msgs/px4_msgs/msg/actuator_armed.hpp\n'}
[1.747804] (px4_msgs) StdoutLine: {'line': b'-- Up-to-date: /home/mustardking/ws_sensor_combined/install/px4_msgs/include/px4_msgs/px4_msgs/msg/estimator_sensor_bias.hpp\n'}
[1.747829] (px4_msgs) StdoutLine: {'line': b'-- Up-to-date: /home/mustardking/ws_sensor_combined/install/px4_msgs/include/px4_msgs/px4_msgs/msg/vehicle_attitude_setpoint.hpp\n'}
[1.747852] (px4_msgs) StdoutLine: {'line': b'-- Up-to-date: /home/mustardking/ws_sensor_combined/install/px4_msgs/include/px4_msgs/px4_msgs/msg/debug_key_value.hpp\n'}
[1.747875] (px4_msgs) StdoutLine: {'line': b'-- Up-to-date: /home/mustardking/ws_sensor_combined/install/px4_msgs/include/px4_msgs/px4_msgs/msg/sensor_accel.hpp\n'}
[1.747907] (px4_msgs) StdoutLine: {'line': b'-- Up-to-date: /home/mustardking/ws_sensor_combined/install/px4_msgs/include/px4_msgs/px4_msgs/msg/actuator_servos.hpp\n'}
[1.747930] (px4_msgs) StdoutLine: {'line': b'-- Up-to-date: /home/mustardking/ws_sensor_combined/install/px4_msgs/include/px4_msgs/px4_msgs/msg/figure_eight_status.hpp\n'}
[1.747953] (px4_msgs) StdoutLine: {'line': b'-- Up-to-date: /home/mustardking/ws_sensor_combined/install/px4_msgs/include/px4_msgs/px4_msgs/msg/gpio_request.hpp\n'}
[1.747975] (px4_msgs) StdoutLine: {'line': b'-- Up-to-date: /home/mustardking/ws_sensor_combined/install/px4_msgs/include/px4_msgs/px4_msgs/msg/event.hpp\n'}
[1.748015] (px4_msgs) StdoutLine: {'line': b'-- Up-to-date: /home/mustardking/ws_sensor_combined/install/px4_msgs/include/px4_msgs/px4_msgs/msg/vehicle_magnetometer.hpp\n'}
[1.748049] (px4_msgs) StdoutLine: {'line': b'-- Up-to-date: /home/mustardking/ws_sensor_combined/install/px4_msgs/include/px4_msgs/px4_msgs/msg/mag_worker_data.hpp\n'}
[1.748082] (px4_msgs) StdoutLine: {'line': b'-- Up-to-date: /home/mustardking/ws_sensor_combined/install/px4_msgs/include/px4_msgs/px4_msgs/msg/airspeed_validated.hpp\n'}
[1.748115] (px4_msgs) StdoutLine: {'line': b'-- Up-to-date: /home/mustardking/ws_sensor_combined/install/px4_msgs/include/px4_msgs/px4_msgs/msg/gps_inject_data.hpp\n'}
[1.748150] (px4_msgs) StdoutLine: {'line': b'-- Up-to-date: /home/mustardking/ws_sensor_combined/install/px4_msgs/include/px4_msgs/px4_msgs/msg/yaw_estimator_status.hpp\n'}
[1.748193] (px4_msgs) StdoutLine: {'line': b'-- Up-to-date: /home/mustardking/ws_sensor_combined/install/px4_msgs/include/px4_msgs/px4_msgs/msg/follow_target_estimator.hpp\n'}
[1.748229] (px4_msgs) StdoutLine: {'line': b'-- Up-to-date: /home/mustardking/ws_sensor_combined/install/px4_msgs/include/px4_msgs/px4_msgs/msg/failure_detector_status.hpp\n'}
[1.748253] (px4_msgs) StdoutLine: {'line': b'-- Up-to-date: /home/mustardking/ws_sensor_combined/install/px4_msgs/include/px4_msgs/px4_msgs/msg/rover_speed_status.hpp\n'}
[1.748348] (px4_msgs) StdoutLine: {'line': b'-- Up-to-date: /home/mustardking/ws_sensor_combined/install/px4_msgs/include/px4_msgs/px4_msgs/msg/autotune_attitude_control_status.hpp\n'}
[1.748377] (px4_msgs) StdoutLine: {'line': b'-- Up-to-date: /home/mustardking/ws_sensor_combined/install/px4_msgs/include/px4_msgs/px4_msgs/msg/onboard_computer_status.hpp\n'}
[1.748401] (px4_msgs) StdoutLine: {'line': b'-- Up-to-date: /home/mustardking/ws_sensor_combined/install/px4_msgs/include/px4_msgs/px4_msgs/msg/parameter_reset_request.hpp\n'}
[1.748424] (px4_msgs) StdoutLine: {'line': b'-- Up-to-date: /home/mustardking/ws_sensor_combined/install/px4_msgs/include/px4_msgs/px4_msgs/msg/vehicle_thrust_setpoint.hpp\n'}
[1.748447] (px4_msgs) StdoutLine: {'line': b'-- Up-to-date: /home/mustardking/ws_sensor_combined/install/px4_msgs/include/px4_msgs/px4_msgs/msg/open_drone_id_operator_id.hpp\n'}
[1.748471] (px4_msgs) StdoutLine: {'line': b'-- Up-to-date: /home/mustardking/ws_sensor_combined/install/px4_msgs/include/px4_msgs/px4_msgs/msg/ping.hpp\n'}
[1.748495] (px4_msgs) StdoutLine: {'line': b'-- Up-to-date: /home/mustardking/ws_sensor_combined/install/px4_msgs/include/px4_msgs/px4_msgs/msg/debug_value.hpp\n'}
[1.748517] (px4_msgs) StdoutLine: {'line': b'-- Up-to-date: /home/mustardking/ws_sensor_combined/install/px4_msgs/include/px4_msgs/px4_msgs/msg/gps_dump.hpp\n'}
[1.748540] (px4_msgs) StdoutLine: {'line': b'-- Up-to-date: /home/mustardking/ws_sensor_combined/install/px4_msgs/include/px4_msgs/px4_msgs/msg/esc_status.hpp\n'}
[1.748564] (px4_msgs) StdoutLine: {'line': b'-- Up-to-date: /home/mustardking/ws_sensor_combined/install/px4_msgs/include/px4_msgs/px4_msgs/msg/collision_constraints.hpp\n'}
[1.748586] (px4_msgs) StdoutLine: {'line': b'-- Up-to-date: /home/mustardking/ws_sensor_combined/install/px4_msgs/include/px4_msgs/px4_msgs/msg/mavlink_tunnel.hpp\n'}
[1.748609] (px4_msgs) StdoutLine: {'line': b'-- Up-to-date: /home/mustardking/ws_sensor_combined/install/px4_msgs/include/px4_msgs/px4_msgs/msg/estimator_aid_source2d.hpp\n'}
[1.748632] (px4_msgs) StdoutLine: {'line': b'-- Up-to-date: /home/mustardking/ws_sensor_combined/install/px4_msgs/include/px4_msgs/px4_msgs/msg/vehicle_acceleration.hpp\n'}
[1.748668] (px4_msgs) StdoutLine: {'line': b'-- Up-to-date: /home/mustardking/ws_sensor_combined/install/px4_msgs/include/px4_msgs/px4_msgs/msg/internal_combustion_engine_control.hpp\n'}
[1.748703] (px4_msgs) StdoutLine: {'line': b'-- Up-to-date: /home/mustardking/ws_sensor_combined/install/px4_msgs/include/px4_msgs/px4_msgs/msg/rover_throttle_setpoint.hpp\n'}
[1.748742] (px4_msgs) StdoutLine: {'line': b'-- Up-to-date: /home/mustardking/ws_sensor_combined/install/px4_msgs/include/px4_msgs/px4_msgs/msg/unregister_ext_component.hpp\n'}
[1.748765] (px4_msgs) StdoutLine: {'line': b'-- Up-to-date: /home/mustardking/ws_sensor_combined/install/px4_msgs/include/px4_msgs/px4_msgs/msg/estimator_states.hpp\n'}
[1.748789] (px4_msgs) StdoutLine: {'line': b'-- Up-to-date: /home/mustardking/ws_sensor_combined/install/px4_msgs/include/px4_msgs/px4_msgs/msg/sensor_gps.hpp\n'}
[1.748820] (px4_msgs) StdoutLine: {'line': b'-- Up-to-date: /home/mustardking/ws_sensor_combined/install/px4_msgs/include/px4_msgs/px4_msgs/msg/pwm_input.hpp\n'}
[1.748848] (px4_msgs) StdoutLine: {'line': b'-- Up-to-date: /home/mustardking/ws_sensor_combined/install/px4_msgs/include/px4_msgs/px4_msgs/msg/pure_pursuit_status.hpp\n'}
[1.748878] (px4_msgs) StdoutLine: {'line': b'-- Up-to-date: /home/mustardking/ws_sensor_combined/install/px4_msgs/include/px4_msgs/px4_msgs/msg/vehicle_command.hpp\n'}
[1.748909] (px4_msgs) StdoutLine: {'line': b'-- Up-to-date: /home/mustardking/ws_sensor_combined/install/px4_msgs/include/px4_msgs/px4_msgs/msg/parameter_set_value_response.hpp\n'}
[1.748935] (px4_msgs) StdoutLine: {'line': b'-- Up-to-date: /home/mustardking/ws_sensor_combined/install/px4_msgs/include/px4_msgs/px4_msgs/msg/sensor_gnss_status.hpp\n'}
[1.748958] (px4_msgs) StdoutLine: {'line': b'-- Up-to-date: /home/mustardking/ws_sensor_combined/install/px4_msgs/include/px4_msgs/px4_msgs/msg/vehicle_odometry.hpp\n'}
[1.748981] (px4_msgs) StdoutLine: {'line': b'-- Up-to-date: /home/mustardking/ws_sensor_combined/install/px4_msgs/include/px4_msgs/px4_msgs/msg/debug_array.hpp\n'}
[1.749021] (px4_msgs) StdoutLine: {'line': b'-- Up-to-date: /home/mustardking/ws_sensor_combined/install/px4_msgs/include/px4_msgs/px4_msgs/msg/camera_trigger.hpp\n'}
[1.749048] (px4_msgs) StdoutLine: {'line': b'-- Up-to-date: /home/mustardking/ws_sensor_combined/install/px4_msgs/include/px4_msgs/px4_msgs/msg/register_ext_component_reply.hpp\n'}
[1.749071] (px4_msgs) StdoutLine: {'line': b'-- Up-to-date: /home/mustardking/ws_sensor_combined/install/px4_msgs/include/px4_msgs/px4_msgs/msg/detail\n'}
[1.749095] (px4_msgs) StdoutLine: {'line': b'-- Up-to-date: /home/mustardking/ws_sensor_combined/install/px4_msgs/include/px4_msgs/px4_msgs/msg/detail/sensor_mag__struct.hpp\n'}
[1.749118] (px4_msgs) StdoutLine: {'line': b'-- Up-to-date: /home/mustardking/ws_sensor_combined/install/px4_msgs/include/px4_msgs/px4_msgs/msg/detail/launch_detection_status__traits.hpp\n'}
[1.749141] (px4_msgs) StdoutLine: {'line': b'-- Up-to-date: /home/mustardking/ws_sensor_combined/install/px4_msgs/include/px4_msgs/px4_msgs/msg/detail/gimbal_device_attitude_status__struct.hpp\n'}
[1.749176] (px4_msgs) StdoutLine: {'line': b'-- Up-to-date: /home/mustardking/ws_sensor_combined/install/px4_msgs/include/px4_msgs/px4_msgs/msg/detail/uavcan_parameter_value__traits.hpp\n'}
[1.749213] (px4_msgs) StdoutLine: {'line': b'-- Up-to-date: /home/mustardking/ws_sensor_combined/install/px4_msgs/include/px4_msgs/px4_msgs/msg/detail/gimbal_controls__traits.hpp\n'}
[1.749242] (px4_msgs) StdoutLine: {'line': b'-- Up-to-date: /home/mustardking/ws_sensor_combined/install/px4_msgs/include/px4_msgs/px4_msgs/msg/detail/arming_check_reply__type_support.hpp\n'}
[1.749268] (px4_msgs) StdoutLine: {'line': b'-- Up-to-date: /home/mustardking/ws_sensor_combined/install/px4_msgs/include/px4_msgs/px4_msgs/msg/detail/input_rc__type_support.hpp\n'}
[1.749301] (px4_msgs) StdoutLine: {'line': b'-- Up-to-date: /home/mustardking/ws_sensor_combined/install/px4_msgs/include/px4_msgs/px4_msgs/msg/detail/vehicle_global_position__struct.hpp\n'}
[1.749348] (px4_msgs) StdoutLine: {'line': b'-- Up-to-date: /home/mustardking/ws_sensor_combined/install/px4_msgs/include/px4_msgs/px4_msgs/msg/detail/position_setpoint_triplet__struct.hpp\n'}
[1.749374] (px4_msgs) StdoutLine: {'line': b'-- Up-to-date: /home/mustardking/ws_sensor_combined/install/px4_msgs/include/px4_msgs/px4_msgs/msg/detail/task_stack_info__struct.hpp\n'}
[1.749415] (px4_msgs) StdoutLine: {'line': b'-- Up-to-date: /home/mustardking/ws_sensor_combined/install/px4_msgs/include/px4_msgs/px4_msgs/msg/detail/event__builder.hpp\n'}
[1.749473] (px4_msgs) StdoutLine: {'line': b'-- Up-to-date: /home/mustardking/ws_sensor_combined/install/px4_msgs/include/px4_msgs/px4_msgs/msg/detail/qshell_retval__type_support.hpp\n'}
[1.749498] (px4_msgs) StdoutLine: {'line': b'-- Up-to-date: /home/mustardking/ws_sensor_combined/install/px4_msgs/include/px4_msgs/px4_msgs/msg/detail/rover_rate_status__struct.hpp\n'}
[1.749522] (px4_msgs) StdoutLine: {'line': b'-- Up-to-date: /home/mustardking/ws_sensor_combined/install/px4_msgs/include/px4_msgs/px4_msgs/msg/detail/failsafe_flags__struct.hpp\n'}
[1.749545] (px4_msgs) StdoutLine: {'line': b'-- Up-to-date: /home/mustardking/ws_sensor_combined/install/px4_msgs/include/px4_msgs/px4_msgs/msg/detail/transponder_report__struct.hpp\n'}
[1.749567] (px4_msgs) StdoutLine: {'line': b'-- Up-to-date: /home/mustardking/ws_sensor_combined/install/px4_msgs/include/px4_msgs/px4_msgs/msg/detail/wind__type_support.hpp\n'}
[1.749590] (px4_msgs) StdoutLine: {'line': b'-- Up-to-date: /home/mustardking/ws_sensor_combined/install/px4_msgs/include/px4_msgs/px4_msgs/msg/detail/sensor_combined__builder.hpp\n'}
[1.749612] (px4_msgs) StdoutLine: {'line': b'-- Up-to-date: /home/mustardking/ws_sensor_combined/install/px4_msgs/include/px4_msgs/px4_msgs/msg/detail/magnetometer_bias_estimate__builder.hpp\n'}
[1.749635] (px4_msgs) StdoutLine: {'line': b'-- Up-to-date: /home/mustardking/ws_sensor_combined/install/px4_msgs/include/px4_msgs/px4_msgs/msg/detail/position_setpoint_triplet__builder.hpp\n'}
[1.749657] (px4_msgs) StdoutLine: {'line': b'-- Up-to-date: /home/mustardking/ws_sensor_combined/install/px4_msgs/include/px4_msgs/px4_msgs/msg/detail/vehicle_odometry__struct.hpp\n'}
[1.749679] (px4_msgs) StdoutLine: {'line': b'-- Up-to-date: /home/mustardking/ws_sensor_combined/install/px4_msgs/include/px4_msgs/px4_msgs/msg/detail/takeoff_status__type_support.hpp\n'}
[1.749702] (px4_msgs) StdoutLine: {'line': b'-- Up-to-date: /home/mustardking/ws_sensor_combined/install/px4_msgs/include/px4_msgs/px4_msgs/msg/detail/estimator_aid_source1d__type_support.hpp\n'}
[1.749725] (px4_msgs) StdoutLine: {'line': b'-- Up-to-date: /home/mustardking/ws_sensor_combined/install/px4_msgs/include/px4_msgs/px4_msgs/msg/detail/parameter_set_used_request__traits.hpp\n'}
[1.749747] (px4_msgs) StdoutLine: {'line': b'-- Up-to-date: /home/mustardking/ws_sensor_combined/install/px4_msgs/include/px4_msgs/px4_msgs/msg/detail/internal_combustion_engine_status__type_support.hpp\n'}
[1.749782] (px4_msgs) StdoutLine: {'line': b'-- Up-to-date: /home/mustardking/ws_sensor_combined/install/px4_msgs/include/px4_msgs/px4_msgs/msg/detail/mount_orientation__type_support.hpp\n'}
[1.749806] (px4_msgs) StdoutLine: {'line': b'-- Up-to-date: /home/mustardking/ws_sensor_combined/install/px4_msgs/include/px4_msgs/px4_msgs/msg/detail/parameter_set_value_request__type_support.hpp\n'}
[1.749828] (px4_msgs) StdoutLine: {'line': b'-- Up-to-date: /home/mustardking/ws_sensor_combined/install/px4_msgs/include/px4_msgs/px4_msgs/msg/detail/rover_attitude_status__builder.hpp\n'}
[1.749850] (px4_msgs) StdoutLine: {'line': b'-- Up-to-date: /home/mustardking/ws_sensor_combined/install/px4_msgs/include/px4_msgs/px4_msgs/msg/detail/esc_report__builder.hpp\n'}
[1.749873] (px4_msgs) StdoutLine: {'line': b'-- Up-to-date: /home/mustardking/ws_sensor_combined/install/px4_msgs/include/px4_msgs/px4_msgs/msg/detail/vehicle_angular_velocity__traits.hpp\n'}
[1.749909] (px4_msgs) StdoutLine: {'line': b'-- Up-to-date: /home/mustardking/ws_sensor_combined/install/px4_msgs/include/px4_msgs/px4_msgs/msg/detail/actuator_servos__type_support.hpp\n'}
[1.749932] (px4_msgs) StdoutLine: {'line': b'-- Up-to-date: /home/mustardking/ws_sensor_combined/install/px4_msgs/include/px4_msgs/px4_msgs/msg/detail/manual_control_setpoint__struct.hpp\n'}
[1.749954] (px4_msgs) StdoutLine: {'line': b'-- Up-to-date: /home/mustardking/ws_sensor_combined/install/px4_msgs/include/px4_msgs/px4_msgs/msg/detail/vehicle_attitude_setpoint__builder.hpp\n'}
[1.750035] (px4_msgs) StdoutLine: {'line': b'-- Up-to-date: /home/mustardking/ws_sensor_combined/install/px4_msgs/include/px4_msgs/px4_msgs/msg/detail/uavcan_parameter_value__type_support.hpp\n'}
[1.750059] (px4_msgs) StdoutLine: {'line': b'-- Up-to-date: /home/mustardking/ws_sensor_combined/install/px4_msgs/include/px4_msgs/px4_msgs/msg/detail/actuator_motors__struct.hpp\n'}
[1.750084] (px4_msgs) StdoutLine: {'line': b'-- Up-to-date: /home/mustardking/ws_sensor_combined/install/px4_msgs/include/px4_msgs/px4_msgs/msg/detail/sensor_gnss_status__struct.hpp\n'}
[1.750108] (px4_msgs) StdoutLine: {'line': b'-- Up-to-date: /home/mustardking/ws_sensor_combined/install/px4_msgs/include/px4_msgs/px4_msgs/msg/detail/estimator_aid_source2d__traits.hpp\n'}
[1.750382] (px4_msgs) StdoutLine: {'line': b'-- Up-to-date: /home/mustardking/ws_sensor_combined/install/px4_msgs/include/px4_msgs/px4_msgs/msg/detail/actuator_controls_status__builder.hpp\n'}
[1.750407] (px4_msgs) StdoutLine: {'line': b'-- Up-to-date: /home/mustardking/ws_sensor_combined/install/px4_msgs/include/px4_msgs/px4_msgs/msg/detail/onboard_computer_status__type_support.hpp\n'}
[1.750429] (px4_msgs) StdoutLine: {'line': b'-- Up-to-date: /home/mustardking/ws_sensor_combined/install/px4_msgs/include/px4_msgs/px4_msgs/msg/detail/sensor_baro__struct.hpp\n'}
[1.750452] (px4_msgs) StdoutLine: {'line': b'-- Up-to-date: /home/mustardking/ws_sensor_combined/install/px4_msgs/include/px4_msgs/px4_msgs/msg/detail/sensor_accel__type_support.hpp\n'}
[1.750474] (px4_msgs) StdoutLine: {'line': b'-- Up-to-date: /home/mustardking/ws_sensor_combined/install/px4_msgs/include/px4_msgs/px4_msgs/msg/detail/airspeed__builder.hpp\n'}
[1.750503] (px4_msgs) StdoutLine: {'line': b'-- Up-to-date: /home/mustardking/ws_sensor_combined/install/px4_msgs/include/px4_msgs/px4_msgs/msg/detail/estimator_aid_source3d__type_support.hpp\n'}
[1.750529] (px4_msgs) StdoutLine: {'line': b'-- Up-to-date: /home/mustardking/ws_sensor_combined/install/px4_msgs/include/px4_msgs/px4_msgs/msg/detail/internal_combustion_engine_control__builder.hpp\n'}
[1.750552] (px4_msgs) StdoutLine: {'line': b'-- Up-to-date: /home/mustardking/ws_sensor_combined/install/px4_msgs/include/px4_msgs/px4_msgs/msg/detail/yaw_estimator_status__type_support.hpp\n'}
[1.750575] (px4_msgs) StdoutLine: {'line': b'-- Up-to-date: /home/mustardking/ws_sensor_combined/install/px4_msgs/include/px4_msgs/px4_msgs/msg/detail/dataman_request__traits.hpp\n'}
[1.750597] (px4_msgs) StdoutLine: {'line': b'-- Up-to-date: /home/mustardking/ws_sensor_combined/install/px4_msgs/include/px4_msgs/px4_msgs/msg/detail/battery_status__builder.hpp\n'}
[1.750620] (px4_msgs) StdoutLine: {'line': b'-- Up-to-date: /home/mustardking/ws_sensor_combined/install/px4_msgs/include/px4_msgs/px4_msgs/msg/detail/vehicle_local_position_setpoint__builder.hpp\n'}
[1.750651] (px4_msgs) StdoutLine: {'line': b'-- Up-to-date: /home/mustardking/ws_sensor_combined/install/px4_msgs/include/px4_msgs/px4_msgs/msg/detail/register_ext_component_reply__struct.hpp\n'}
[1.750687] (px4_msgs) StdoutLine: {'line': b'-- Up-to-date: /home/mustardking/ws_sensor_combined/install/px4_msgs/include/px4_msgs/px4_msgs/msg/detail/landing_gear_wheel__builder.hpp\n'}
[1.750714] (px4_msgs) StdoutLine: {'line': b'-- Up-to-date: /home/mustardking/ws_sensor_combined/install/px4_msgs/include/px4_msgs/px4_msgs/msg/detail/sensors_status_imu__traits.hpp\n'}
[1.750736] (px4_msgs) StdoutLine: {'line': b'-- Up-to-date: /home/mustardking/ws_sensor_combined/install/px4_msgs/include/px4_msgs/px4_msgs/msg/detail/power_button_state__traits.hpp\n'}
[1.750758] (px4_msgs) StdoutLine: {'line': b'-- Up-to-date: /home/mustardking/ws_sensor_combined/install/px4_msgs/include/px4_msgs/px4_msgs/msg/detail/trajectory_setpoint__traits.hpp\n'}
[1.750785] (px4_msgs) StdoutLine: {'line': b'-- Up-to-date: /home/mustardking/ws_sensor_combined/install/px4_msgs/include/px4_msgs/px4_msgs/msg/detail/wind__builder.hpp\n'}
[1.750817] (px4_msgs) StdoutLine: {'line': b'-- Up-to-date: /home/mustardking/ws_sensor_combined/install/px4_msgs/include/px4_msgs/px4_msgs/msg/detail/mission__type_support.hpp\n'}
[1.750850] (px4_msgs) StdoutLine: {'line': b'-- Up-to-date: /home/mustardking/ws_sensor_combined/install/px4_msgs/include/px4_msgs/px4_msgs/msg/detail/register_ext_component_request__traits.hpp\n'}
[1.750876] (px4_msgs) StdoutLine: {'line': b'-- Up-to-date: /home/mustardking/ws_sensor_combined/install/px4_msgs/include/px4_msgs/px4_msgs/msg/detail/mission__traits.hpp\n'}
[1.750898] (px4_msgs) StdoutLine: {'line': b'-- Up-to-date: /home/mustardking/ws_sensor_combined/install/px4_msgs/include/px4_msgs/px4_msgs/msg/detail/orb_test__struct.hpp\n'}
[1.750920] (px4_msgs) StdoutLine: {'line': b'-- Up-to-date: /home/mustardking/ws_sensor_combined/install/px4_msgs/include/px4_msgs/px4_msgs/msg/detail/debug_value__builder.hpp\n'}
[1.750942] (px4_msgs) StdoutLine: {'line': b'-- Up-to-date: /home/mustardking/ws_sensor_combined/install/px4_msgs/include/px4_msgs/px4_msgs/msg/detail/vehicle_imu__struct.hpp\n'}
[1.750964] (px4_msgs) StdoutLine: {'line': b'-- Up-to-date: /home/mustardking/ws_sensor_combined/install/px4_msgs/include/px4_msgs/px4_msgs/msg/detail/home_position__builder.hpp\n'}
[1.750987] (px4_msgs) StdoutLine: {'line': b'-- Up-to-date: /home/mustardking/ws_sensor_combined/install/px4_msgs/include/px4_msgs/px4_msgs/msg/detail/follow_target_status__builder.hpp\n'}
[1.751010] (px4_msgs) StdoutLine: {'line': b'-- Up-to-date: /home/mustardking/ws_sensor_combined/install/px4_msgs/include/px4_msgs/px4_msgs/msg/detail/ulog_stream_ack__traits.hpp\n'}
[1.751050] (px4_msgs) StdoutLine: {'line': b'-- Up-to-date: /home/mustardking/ws_sensor_combined/install/px4_msgs/include/px4_msgs/px4_msgs/msg/detail/led_control__builder.hpp\n'}
[1.751075] (px4_msgs) StdoutLine: {'line': b'-- Up-to-date: /home/mustardking/ws_sensor_combined/install/px4_msgs/include/px4_msgs/px4_msgs/msg/detail/estimator_innovations__struct.hpp\n'}
[1.751101] (px4_msgs) StdoutLine: {'line': b'-- Up-to-date: /home/mustardking/ws_sensor_combined/install/px4_msgs/include/px4_msgs/px4_msgs/msg/detail/gimbal_device_attitude_status__builder.hpp\n'}
[1.751124] (px4_msgs) StdoutLine: {'line': b'-- Up-to-date: /home/mustardking/ws_sensor_combined/install/px4_msgs/include/px4_msgs/px4_msgs/msg/detail/debug_key_value__type_support.hpp\n'}
[1.751146] (px4_msgs) StdoutLine: {'line': b'-- Up-to-date: /home/mustardking/ws_sensor_combined/install/px4_msgs/include/px4_msgs/px4_msgs/msg/detail/figure_eight_status__traits.hpp\n'}
[1.751168] (px4_msgs) StdoutLine: {'line': b'-- Up-to-date: /home/mustardking/ws_sensor_combined/install/px4_msgs/include/px4_msgs/px4_msgs/msg/detail/gpio_request__type_support.hpp\n'}
[1.751196] (px4_msgs) StdoutLine: {'line': b'-- Up-to-date: /home/mustardking/ws_sensor_combined/install/px4_msgs/include/px4_msgs/px4_msgs/msg/detail/offboard_control_mode__builder.hpp\n'}
[1.751226] (px4_msgs) StdoutLine: {'line': b'-- Up-to-date: /home/mustardking/ws_sensor_combined/install/px4_msgs/include/px4_msgs/px4_msgs/msg/detail/sensor_correction__type_support.hpp\n'}
[1.751254] (px4_msgs) StdoutLine: {'line': b'-- Up-to-date: /home/mustardking/ws_sensor_combined/install/px4_msgs/include/px4_msgs/px4_msgs/msg/detail/gimbal_manager_status__struct.hpp\n'}
[1.751281] (px4_msgs) StdoutLine: {'line': b'-- Up-to-date: /home/mustardking/ws_sensor_combined/install/px4_msgs/include/px4_msgs/px4_msgs/msg/detail/vehicle_odometry__traits.hpp\n'}
[1.751304] (px4_msgs) StdoutLine: {'line': b'-- Up-to-date: /home/mustardking/ws_sensor_combined/install/px4_msgs/include/px4_msgs/px4_msgs/msg/detail/differential_pressure__type_support.hpp\n'}
[1.751326] (px4_msgs) StdoutLine: {'line': b'-- Up-to-date: /home/mustardking/ws_sensor_combined/install/px4_msgs/include/px4_msgs/px4_msgs/msg/detail/tune_control__traits.hpp\n'}
[1.751360] (px4_msgs) StdoutLine: {'line': b'-- Up-to-date: /home/mustardking/ws_sensor_combined/install/px4_msgs/include/px4_msgs/px4_msgs/msg/detail/ping__type_support.hpp\n'}
[1.751390] (px4_msgs) StdoutLine: {'line': b'-- Up-to-date: /home/mustardking/ws_sensor_combined/install/px4_msgs/include/px4_msgs/px4_msgs/msg/detail/fixed_wing_longitudinal_setpoint__traits.hpp\n'}
[1.751415] (px4_msgs) StdoutLine: {'line': b'-- Up-to-date: /home/mustardking/ws_sensor_combined/install/px4_msgs/include/px4_msgs/px4_msgs/msg/detail/rover_attitude_status__struct.hpp\n'}
[1.751438] (px4_msgs) StdoutLine: {'line': b'-- Up-to-date: /home/mustardking/ws_sensor_combined/install/px4_msgs/include/px4_msgs/px4_msgs/msg/detail/goto_setpoint__traits.hpp\n'}
[1.751460] (px4_msgs) StdoutLine: {'line': b'-- Up-to-date: /home/mustardking/ws_sensor_combined/install/px4_msgs/include/px4_msgs/px4_msgs/msg/detail/pps_capture__traits.hpp\n'}
[1.751490] (px4_msgs) StdoutLine: {'line': b'-- Up-to-date: /home/mustardking/ws_sensor_combined/install/px4_msgs/include/px4_msgs/px4_msgs/msg/detail/gimbal_device_set_attitude__builder.hpp\n'}
[1.751523] (px4_msgs) StdoutLine: {'line': b'-- Up-to-date: /home/mustardking/ws_sensor_combined/install/px4_msgs/include/px4_msgs/px4_msgs/msg/detail/sensor_selection__type_support.hpp\n'}
[1.751546] (px4_msgs) StdoutLine: {'line': b'-- Up-to-date: /home/mustardking/ws_sensor_combined/install/px4_msgs/include/px4_msgs/px4_msgs/msg/detail/orbit_status__builder.hpp\n'}
[1.751569] (px4_msgs) StdoutLine: {'line': b'-- Up-to-date: /home/mustardking/ws_sensor_combined/install/px4_msgs/include/px4_msgs/px4_msgs/msg/detail/gripper__type_support.hpp\n'}
[1.751592] (px4_msgs) StdoutLine: {'line': b'-- Up-to-date: /home/mustardking/ws_sensor_combined/install/px4_msgs/include/px4_msgs/px4_msgs/msg/detail/parameter_reset_request__builder.hpp\n'}
[1.751623] (px4_msgs) StdoutLine: {'line': b'-- Up-to-date: /home/mustardking/ws_sensor_combined/install/px4_msgs/include/px4_msgs/px4_msgs/msg/detail/landing_target_innovations__builder.hpp\n'}
[1.751647] (px4_msgs) StdoutLine: {'line': b'-- Up-to-date: /home/mustardking/ws_sensor_combined/install/px4_msgs/include/px4_msgs/px4_msgs/msg/detail/tiltrotor_extra_controls__type_support.hpp\n'}
[1.751669] (px4_msgs) StdoutLine: {'line': b'-- Up-to-date: /home/mustardking/ws_sensor_combined/install/px4_msgs/include/px4_msgs/px4_msgs/msg/detail/arming_check_request__struct.hpp\n'}
[1.751700] (px4_msgs) StdoutLine: {'line': b'-- Up-to-date: /home/mustardking/ws_sensor_combined/install/px4_msgs/include/px4_msgs/px4_msgs/msg/detail/debug_value__traits.hpp\n'}
[1.751724] (px4_msgs) StdoutLine: {'line': b'-- Up-to-date: /home/mustardking/ws_sensor_combined/install/px4_msgs/include/px4_msgs/px4_msgs/msg/detail/ulog_stream__builder.hpp\n'}
[1.751746] (px4_msgs) StdoutLine: {'line': b'-- Up-to-date: /home/mustardking/ws_sensor_combined/install/px4_msgs/include/px4_msgs/px4_msgs/msg/detail/trajectory_setpoint6dof__struct.hpp\n'}
[1.751768] (px4_msgs) StdoutLine: {'line': b'-- Up-to-date: /home/mustardking/ws_sensor_combined/install/px4_msgs/include/px4_msgs/px4_msgs/msg/detail/actuator_servos__struct.hpp\n'}
[1.751792] (px4_msgs) StdoutLine: {'line': b'-- Up-to-date: /home/mustardking/ws_sensor_combined/install/px4_msgs/include/px4_msgs/px4_msgs/msg/detail/vehicle_roi__type_support.hpp\n'}
[1.751814] (px4_msgs) StdoutLine: {'line': b'-- Up-to-date: /home/mustardking/ws_sensor_combined/install/px4_msgs/include/px4_msgs/px4_msgs/msg/detail/position_setpoint__type_support.hpp\n'}
[1.751853] (px4_msgs) StdoutLine: {'line': b'-- Up-to-date: /home/mustardking/ws_sensor_combined/install/px4_msgs/include/px4_msgs/px4_msgs/msg/detail/vehicle_global_position__type_support.hpp\n'}
[1.751891] (px4_msgs) StdoutLine: {'line': b'-- Up-to-date: /home/mustardking/ws_sensor_combined/install/px4_msgs/include/px4_msgs/px4_msgs/msg/detail/mission_result__struct.hpp\n'}
[1.751915] (px4_msgs) StdoutLine: {'line': b'-- Up-to-date: /home/mustardking/ws_sensor_combined/install/px4_msgs/include/px4_msgs/px4_msgs/msg/detail/gimbal_manager_set_attitude__type_support.hpp\n'}
[1.751937] (px4_msgs) StdoutLine: {'line': b'-- Up-to-date: /home/mustardking/ws_sensor_combined/install/px4_msgs/include/px4_msgs/px4_msgs/msg/detail/manual_control_switches__traits.hpp\n'}
[1.751960] (px4_msgs) StdoutLine: {'line': b'-- Up-to-date: /home/mustardking/ws_sensor_combined/install/px4_msgs/include/px4_msgs/px4_msgs/msg/detail/rover_attitude_setpoint__builder.hpp\n'}
[1.751984] (px4_msgs) StdoutLine: {'line': b'-- Up-to-date: /home/mustardking/ws_sensor_combined/install/px4_msgs/include/px4_msgs/px4_msgs/msg/detail/trajectory_setpoint6dof__type_support.hpp\n'}
[1.752007] (px4_msgs) StdoutLine: {'line': b'-- Up-to-date: /home/mustardking/ws_sensor_combined/install/px4_msgs/include/px4_msgs/px4_msgs/msg/detail/arming_check_reply__builder.hpp\n'}
[1.752029] (px4_msgs) StdoutLine: {'line': b'-- Up-to-date: /home/mustardking/ws_sensor_combined/install/px4_msgs/include/px4_msgs/px4_msgs/msg/detail/camera_capture__type_support.hpp\n'}
[1.752051] (px4_msgs) StdoutLine: {'line': b'-- Up-to-date: /home/mustardking/ws_sensor_combined/install/px4_msgs/include/px4_msgs/px4_msgs/msg/detail/gripper__struct.hpp\n'}
[1.752074] (px4_msgs) StdoutLine: {'line': b'-- Up-to-date: /home/mustardking/ws_sensor_combined/install/px4_msgs/include/px4_msgs/px4_msgs/msg/detail/rover_position_setpoint__builder.hpp\n'}
[1.752098] (px4_msgs) StdoutLine: {'line': b'-- Up-to-date: /home/mustardking/ws_sensor_combined/install/px4_msgs/include/px4_msgs/px4_msgs/msg/detail/parameter_reset_request__type_support.hpp\n'}
[1.752122] (px4_msgs) StdoutLine: {'line': b'-- Up-to-date: /home/mustardking/ws_sensor_combined/install/px4_msgs/include/px4_msgs/px4_msgs/msg/detail/fixed_wing_lateral_status__traits.hpp\n'}
[1.752156] (px4_msgs) StdoutLine: {'line': b'-- Up-to-date: /home/mustardking/ws_sensor_combined/install/px4_msgs/include/px4_msgs/px4_msgs/msg/detail/neural_control__type_support.hpp\n'}
[1.752179] (px4_msgs) StdoutLine: {'line': b'-- Up-to-date: /home/mustardking/ws_sensor_combined/install/px4_msgs/include/px4_msgs/px4_msgs/msg/detail/takeoff_status__struct.hpp\n'}
[1.752200] (px4_msgs) StdoutLine: {'line': b'-- Up-to-date: /home/mustardking/ws_sensor_combined/install/px4_msgs/include/px4_msgs/px4_msgs/msg/detail/orb_test_large__builder.hpp\n'}
[1.752223] (px4_msgs) StdoutLine: {'line': b'-- Up-to-date: /home/mustardking/ws_sensor_combined/install/px4_msgs/include/px4_msgs/px4_msgs/msg/detail/estimator_gps_status__struct.hpp\n'}
[1.752261] (px4_msgs) StdoutLine: {'line': b'-- Up-to-date: /home/mustardking/ws_sensor_combined/install/px4_msgs/include/px4_msgs/px4_msgs/msg/detail/vehicle_local_position_setpoint__struct.hpp\n'}
[1.752327] (px4_msgs) StdoutLine: {'line': b'-- Up-to-date: /home/mustardking/ws_sensor_combined/install/px4_msgs/include/px4_msgs/px4_msgs/msg/detail/rc_channels__traits.hpp\n'}
[1.752350] (px4_msgs) StdoutLine: {'line': b'-- Up-to-date: /home/mustardking/ws_sensor_combined/install/px4_msgs/include/px4_msgs/px4_msgs/msg/detail/rover_position_setpoint__type_support.hpp\n'}
[1.752372] (px4_msgs) StdoutLine: {'line': b'-- Up-to-date: /home/mustardking/ws_sensor_combined/install/px4_msgs/include/px4_msgs/px4_msgs/msg/detail/fixed_wing_lateral_status__struct.hpp\n'}
[1.752400] (px4_msgs) StdoutLine: {'line': b'-- Up-to-date: /home/mustardking/ws_sensor_combined/install/px4_msgs/include/px4_msgs/px4_msgs/msg/detail/rc_parameter_map__struct.hpp\n'}
[1.752428] (px4_msgs) StdoutLine: {'line': b'-- Up-to-date: /home/mustardking/ws_sensor_combined/install/px4_msgs/include/px4_msgs/px4_msgs/msg/detail/estimator_event_flags__traits.hpp\n'}
[1.752451] (px4_msgs) StdoutLine: {'line': b'-- Up-to-date: /home/mustardking/ws_sensor_combined/install/px4_msgs/include/px4_msgs/px4_msgs/msg/detail/position_controller_status__traits.hpp\n'}
[1.752474] (px4_msgs) StdoutLine: {'line': b'-- Up-to-date: /home/mustardking/ws_sensor_combined/install/px4_msgs/include/px4_msgs/px4_msgs/msg/detail/differential_pressure__builder.hpp\n'}
[1.752518] (px4_msgs) StdoutLine: {'line': b'-- Up-to-date: /home/mustardking/ws_sensor_combined/install/px4_msgs/include/px4_msgs/px4_msgs/msg/detail/estimator_sensor_bias__traits.hpp\n'}
[1.752542] (px4_msgs) StdoutLine: {'line': b'-- Up-to-date: /home/mustardking/ws_sensor_combined/install/px4_msgs/include/px4_msgs/px4_msgs/msg/detail/open_drone_id_operator_id__traits.hpp\n'}
[1.752581] (px4_msgs) StdoutLine: {'line': b'-- Up-to-date: /home/mustardking/ws_sensor_combined/install/px4_msgs/include/px4_msgs/px4_msgs/msg/detail/vehicle_command__builder.hpp\n'}
[1.752606] (px4_msgs) StdoutLine: {'line': b'-- Up-to-date: /home/mustardking/ws_sensor_combined/install/px4_msgs/include/px4_msgs/px4_msgs/msg/detail/mode_completed__type_support.hpp\n'}
[1.752628] (px4_msgs) StdoutLine: {'line': b'-- Up-to-date: /home/mustardking/ws_sensor_combined/install/px4_msgs/include/px4_msgs/px4_msgs/msg/detail/rover_throttle_setpoint__builder.hpp\n'}
[1.752650] (px4_msgs) StdoutLine: {'line': b'-- Up-to-date: /home/mustardking/ws_sensor_combined/install/px4_msgs/include/px4_msgs/px4_msgs/msg/detail/position_setpoint__builder.hpp\n'}
[1.752676] (px4_msgs) StdoutLine: {'line': b'-- Up-to-date: /home/mustardking/ws_sensor_combined/install/px4_msgs/include/px4_msgs/px4_msgs/msg/detail/iridiumsbd_status__struct.hpp\n'}
[1.752698] (px4_msgs) StdoutLine: {'line': b'-- Up-to-date: /home/mustardking/ws_sensor_combined/install/px4_msgs/include/px4_msgs/px4_msgs/msg/detail/battery_info__traits.hpp\n'}
[1.752728] (px4_msgs) StdoutLine: {'line': b'-- Up-to-date: /home/mustardking/ws_sensor_combined/install/px4_msgs/include/px4_msgs/px4_msgs/msg/detail/home_position__struct.hpp\n'}
[1.752750] (px4_msgs) StdoutLine: {'line': b'-- Up-to-date: /home/mustardking/ws_sensor_combined/install/px4_msgs/include/px4_msgs/px4_msgs/msg/detail/sensor_gyro_fifo__struct.hpp\n'}
[1.752772] (px4_msgs) StdoutLine: {'line': b'-- Up-to-date: /home/mustardking/ws_sensor_combined/install/px4_msgs/include/px4_msgs/px4_msgs/msg/detail/velocity_limits__struct.hpp\n'}
[1.752794] (px4_msgs) StdoutLine: {'line': b'-- Up-to-date: /home/mustardking/ws_sensor_combined/install/px4_msgs/include/px4_msgs/px4_msgs/msg/detail/satellite_info__traits.hpp\n'}
[1.752816] (px4_msgs) StdoutLine: {'line': b'-- Up-to-date: /home/mustardking/ws_sensor_combined/install/px4_msgs/include/px4_msgs/px4_msgs/msg/detail/debug_array__traits.hpp\n'}
[1.752839] (px4_msgs) StdoutLine: {'line': b'-- Up-to-date: /home/mustardking/ws_sensor_combined/install/px4_msgs/include/px4_msgs/px4_msgs/msg/detail/vehicle_control_mode__traits.hpp\n'}
[1.752861] (px4_msgs) StdoutLine: {'line': b'-- Up-to-date: /home/mustardking/ws_sensor_combined/install/px4_msgs/include/px4_msgs/px4_msgs/msg/detail/health_report__type_support.hpp\n'}
[1.752883] (px4_msgs) StdoutLine: {'line': b'-- Up-to-date: /home/mustardking/ws_sensor_combined/install/px4_msgs/include/px4_msgs/px4_msgs/msg/detail/radio_status__builder.hpp\n'}
[1.752906] (px4_msgs) StdoutLine: {'line': b'-- Up-to-date: /home/mustardking/ws_sensor_combined/install/px4_msgs/include/px4_msgs/px4_msgs/msg/detail/flight_phase_estimation__struct.hpp\n'}
[1.752928] (px4_msgs) StdoutLine: {'line': b'-- Up-to-date: /home/mustardking/ws_sensor_combined/install/px4_msgs/include/px4_msgs/px4_msgs/msg/detail/vehicle_roi__struct.hpp\n'}
[1.752951] (px4_msgs) StdoutLine: {'line': b'-- Up-to-date: /home/mustardking/ws_sensor_combined/install/px4_msgs/include/px4_msgs/px4_msgs/msg/detail/follow_target_status__struct.hpp\n'}
[1.752973] (px4_msgs) StdoutLine: {'line': b'-- Up-to-date: /home/mustardking/ws_sensor_combined/install/px4_msgs/include/px4_msgs/px4_msgs/msg/detail/ekf2_timestamps__struct.hpp\n'}
[1.752996] (px4_msgs) StdoutLine: {'line': b'-- Up-to-date: /home/mustardking/ws_sensor_combined/install/px4_msgs/include/px4_msgs/px4_msgs/msg/detail/dronecan_node_status__type_support.hpp\n'}
[1.753018] (px4_msgs) StdoutLine: {'line': b'-- Up-to-date: /home/mustardking/ws_sensor_combined/install/px4_msgs/include/px4_msgs/px4_msgs/msg/detail/autotune_attitude_control_status__type_support.hpp\n'}
[1.753041] (px4_msgs) StdoutLine: {'line': b'-- Up-to-date: /home/mustardking/ws_sensor_combined/install/px4_msgs/include/px4_msgs/px4_msgs/msg/detail/actuator_servos_trim__traits.hpp\n'}
[1.753063] (px4_msgs) StdoutLine: {'line': b'-- Up-to-date: /home/mustardking/ws_sensor_combined/install/px4_msgs/include/px4_msgs/px4_msgs/msg/detail/sensor_combined__type_support.hpp\n'}
[1.753105] (px4_msgs) StdoutLine: {'line': b'-- Up-to-date: /home/mustardking/ws_sensor_combined/install/px4_msgs/include/px4_msgs/px4_msgs/msg/detail/input_rc__builder.hpp\n'}
[1.753127] (px4_msgs) StdoutLine: {'line': b'-- Up-to-date: /home/mustardking/ws_sensor_combined/install/px4_msgs/include/px4_msgs/px4_msgs/msg/detail/fixed_wing_lateral_setpoint__traits.hpp\n'}
[1.753149] (px4_msgs) StdoutLine: {'line': b'-- Up-to-date: /home/mustardking/ws_sensor_combined/install/px4_msgs/include/px4_msgs/px4_msgs/msg/detail/estimator_gps_status__traits.hpp\n'}
[1.753171] (px4_msgs) StdoutLine: {'line': b'-- Up-to-date: /home/mustardking/ws_sensor_combined/install/px4_msgs/include/px4_msgs/px4_msgs/msg/detail/actuator_controls_status__traits.hpp\n'}
[1.753193] (px4_msgs) StdoutLine: {'line': b'-- Up-to-date: /home/mustardking/ws_sensor_combined/install/px4_msgs/include/px4_msgs/px4_msgs/msg/detail/vehicle_angular_velocity__struct.hpp\n'}
[1.753217] (px4_msgs) StdoutLine: {'line': b'-- Up-to-date: /home/mustardking/ws_sensor_combined/install/px4_msgs/include/px4_msgs/px4_msgs/msg/detail/landing_target_innovations__struct.hpp\n'}
[1.753239] (px4_msgs) StdoutLine: {'line': b'-- Up-to-date: /home/mustardking/ws_sensor_combined/install/px4_msgs/include/px4_msgs/px4_msgs/msg/detail/mavlink_log__type_support.hpp\n'}
[1.753262] (px4_msgs) StdoutLine: {'line': b'-- Up-to-date: /home/mustardking/ws_sensor_combined/install/px4_msgs/include/px4_msgs/px4_msgs/msg/detail/goto_setpoint__struct.hpp\n'}
[1.753297] (px4_msgs) StdoutLine: {'line': b'-- Up-to-date: /home/mustardking/ws_sensor_combined/install/px4_msgs/include/px4_msgs/px4_msgs/msg/detail/actuator_armed__traits.hpp\n'}
[1.753320] (px4_msgs) StdoutLine: {'line': b'-- Up-to-date: /home/mustardking/ws_sensor_combined/install/px4_msgs/include/px4_msgs/px4_msgs/msg/detail/event__struct.hpp\n'}
[1.753348] (px4_msgs) StdoutLine: {'line': b'-- Up-to-date: /home/mustardking/ws_sensor_combined/install/px4_msgs/include/px4_msgs/px4_msgs/msg/detail/sensor_gyro_fifo__type_support.hpp\n'}
[1.753383] (px4_msgs) StdoutLine: {'line': b'-- Up-to-date: /home/mustardking/ws_sensor_combined/install/px4_msgs/include/px4_msgs/px4_msgs/msg/detail/sensor_hygrometer__type_support.hpp\n'}
[1.753412] (px4_msgs) StdoutLine: {'line': b'-- Up-to-date: /home/mustardking/ws_sensor_combined/install/px4_msgs/include/px4_msgs/px4_msgs/msg/detail/collision_constraints__type_support.hpp\n'}
[1.753434] (px4_msgs) StdoutLine: {'line': b'-- Up-to-date: /home/mustardking/ws_sensor_combined/install/px4_msgs/include/px4_msgs/px4_msgs/msg/detail/fixed_wing_lateral_guidance_status__struct.hpp\n'}
[1.753465] (px4_msgs) StdoutLine: {'line': b'-- Up-to-date: /home/mustardking/ws_sensor_combined/install/px4_msgs/include/px4_msgs/px4_msgs/msg/detail/sensor_gnss_relative__struct.hpp\n'}
[1.753490] (px4_msgs) StdoutLine: {'line': b'-- Up-to-date: /home/mustardking/ws_sensor_combined/install/px4_msgs/include/px4_msgs/px4_msgs/msg/detail/adc_report__builder.hpp\n'}
[1.753518] (px4_msgs) StdoutLine: {'line': b'-- Up-to-date: /home/mustardking/ws_sensor_combined/install/px4_msgs/include/px4_msgs/px4_msgs/msg/detail/lateral_control_configuration__builder.hpp\n'}
[1.753541] (px4_msgs) StdoutLine: {'line': b'-- Up-to-date: /home/mustardking/ws_sensor_combined/install/px4_msgs/include/px4_msgs/px4_msgs/msg/detail/estimator_bias3d__builder.hpp\n'}
[1.753563] (px4_msgs) StdoutLine: {'line': b'-- Up-to-date: /home/mustardking/ws_sensor_combined/install/px4_msgs/include/px4_msgs/px4_msgs/msg/detail/failsafe_flags__builder.hpp\n'}
[1.753586] (px4_msgs) StdoutLine: {'line': b'-- Up-to-date: /home/mustardking/ws_sensor_combined/install/px4_msgs/include/px4_msgs/px4_msgs/msg/detail/position_controller_landing_status__builder.hpp\n'}
[1.753608] (px4_msgs) StdoutLine: {'line': b'-- Up-to-date: /home/mustardking/ws_sensor_combined/install/px4_msgs/include/px4_msgs/px4_msgs/msg/detail/yaw_estimator_status__traits.hpp\n'}
[1.753630] (px4_msgs) StdoutLine: {'line': b'-- Up-to-date: /home/mustardking/ws_sensor_combined/install/px4_msgs/include/px4_msgs/px4_msgs/msg/detail/gimbal_manager_status__builder.hpp\n'}
[1.753666] (px4_msgs) StdoutLine: {'line': b'-- Up-to-date: /home/mustardking/ws_sensor_combined/install/px4_msgs/include/px4_msgs/px4_msgs/msg/detail/figure_eight_status__struct.hpp\n'}
[1.753689] (px4_msgs) StdoutLine: {'line': b'-- Up-to-date: /home/mustardking/ws_sensor_combined/install/px4_msgs/include/px4_msgs/px4_msgs/msg/detail/debug_vect__traits.hpp\n'}
[1.753712] (px4_msgs) StdoutLine: {'line': b'-- Up-to-date: /home/mustardking/ws_sensor_combined/install/px4_msgs/include/px4_msgs/px4_msgs/msg/detail/pure_pursuit_status__type_support.hpp\n'}
[1.753773] (px4_msgs) StdoutLine: {'line': b'-- Up-to-date: /home/mustardking/ws_sensor_combined/install/px4_msgs/include/px4_msgs/px4_msgs/msg/detail/ulog_stream_ack__struct.hpp\n'}
[1.753797] (px4_msgs) StdoutLine: {'line': b'-- Up-to-date: /home/mustardking/ws_sensor_combined/install/px4_msgs/include/px4_msgs/px4_msgs/msg/detail/sensor_mag__type_support.hpp\n'}
[1.753819] (px4_msgs) StdoutLine: {'line': b'-- Up-to-date: /home/mustardking/ws_sensor_combined/install/px4_msgs/include/px4_msgs/px4_msgs/msg/detail/timesync_status__struct.hpp\n'}
[1.753841] (px4_msgs) StdoutLine: {'line': b'-- Up-to-date: /home/mustardking/ws_sensor_combined/install/px4_msgs/include/px4_msgs/px4_msgs/msg/detail/sensor_airflow__struct.hpp\n'}
[1.753863] (px4_msgs) StdoutLine: {'line': b'-- Up-to-date: /home/mustardking/ws_sensor_combined/install/px4_msgs/include/px4_msgs/px4_msgs/msg/detail/lateral_control_configuration__type_support.hpp\n'}
[1.754159] (px4_msgs) StdoutLine: {'line': b'-- Up-to-date: /home/mustardking/ws_sensor_combined/install/px4_msgs/include/px4_msgs/px4_msgs/msg/detail/onboard_computer_status__struct.hpp\n'}
[1.754197] (px4_msgs) StdoutLine: {'line': b'-- Up-to-date: /home/mustardking/ws_sensor_combined/install/px4_msgs/include/px4_msgs/px4_msgs/msg/detail/trajectory_setpoint6dof__builder.hpp\n'}
[1.754225] (px4_msgs) StdoutLine: {'line': b'-- Up-to-date: /home/mustardking/ws_sensor_combined/install/px4_msgs/include/px4_msgs/px4_msgs/msg/detail/sensor_accel_fifo__struct.hpp\n'}
[1.754250] (px4_msgs) StdoutLine: {'line': b'-- Up-to-date: /home/mustardking/ws_sensor_combined/install/px4_msgs/include/px4_msgs/px4_msgs/msg/detail/led_control__traits.hpp\n'}
[1.754285] (px4_msgs) StdoutLine: {'line': b'-- Up-to-date: /home/mustardking/ws_sensor_combined/install/px4_msgs/include/px4_msgs/px4_msgs/msg/detail/vehicle_acceleration__traits.hpp\n'}
[1.754332] (px4_msgs) StdoutLine: {'line': b'-- Up-to-date: /home/mustardking/ws_sensor_combined/install/px4_msgs/include/px4_msgs/px4_msgs/msg/detail/estimator_selector_status__struct.hpp\n'}
[1.754388] (px4_msgs) StdoutLine: {'line': b'-- Up-to-date: /home/mustardking/ws_sensor_combined/install/px4_msgs/include/px4_msgs/px4_msgs/msg/detail/position_setpoint__traits.hpp\n'}
[1.754423] (px4_msgs) StdoutLine: {'line': b'-- Up-to-date: /home/mustardking/ws_sensor_combined/install/px4_msgs/include/px4_msgs/px4_msgs/msg/detail/differential_pressure__struct.hpp\n'}
[1.754461] (px4_msgs) StdoutLine: {'line': b'-- Up-to-date: /home/mustardking/ws_sensor_combined/install/px4_msgs/include/px4_msgs/px4_msgs/msg/detail/sensor_hygrometer__traits.hpp\n'}
[1.754486] (px4_msgs) StdoutLine: {'line': b'-- Up-to-date: /home/mustardking/ws_sensor_combined/install/px4_msgs/include/px4_msgs/px4_msgs/msg/detail/vehicle_attitude__builder.hpp\n'}
[1.754509] (px4_msgs) StdoutLine: {'line': b'-- Up-to-date: /home/mustardking/ws_sensor_combined/install/px4_msgs/include/px4_msgs/px4_msgs/msg/detail/sensor_selection__traits.hpp\n'}
[1.754535] (px4_msgs) StdoutLine: {'line': b'-- Up-to-date: /home/mustardking/ws_sensor_combined/install/px4_msgs/include/px4_msgs/px4_msgs/msg/detail/vehicle_optical_flow_vel__traits.hpp\n'}
[1.754557] (px4_msgs) StdoutLine: {'line': b'-- Up-to-date: /home/mustardking/ws_sensor_combined/install/px4_msgs/include/px4_msgs/px4_msgs/msg/detail/gpio_out__traits.hpp\n'}
[1.754579] (px4_msgs) StdoutLine: {'line': b'-- Up-to-date: /home/mustardking/ws_sensor_combined/install/px4_msgs/include/px4_msgs/px4_msgs/msg/detail/parameter_reset_request__struct.hpp\n'}
[1.754603] (px4_msgs) StdoutLine: {'line': b'-- Up-to-date: /home/mustardking/ws_sensor_combined/install/px4_msgs/include/px4_msgs/px4_msgs/msg/detail/failsafe_flags__type_support.hpp\n'}
[1.754625] (px4_msgs) StdoutLine: {'line': b'-- Up-to-date: /home/mustardking/ws_sensor_combined/install/px4_msgs/include/px4_msgs/px4_msgs/msg/detail/vehicle_control_mode__struct.hpp\n'}
[1.754647] (px4_msgs) StdoutLine: {'line': b'-- Up-to-date: /home/mustardking/ws_sensor_combined/install/px4_msgs/include/px4_msgs/px4_msgs/msg/detail/register_ext_component_reply__type_support.hpp\n'}
[1.754669] (px4_msgs) StdoutLine: {'line': b'-- Up-to-date: /home/mustardking/ws_sensor_combined/install/px4_msgs/include/px4_msgs/px4_msgs/msg/detail/gpio_out__struct.hpp\n'}
[1.754691] (px4_msgs) StdoutLine: {'line': b'-- Up-to-date: /home/mustardking/ws_sensor_combined/install/px4_msgs/include/px4_msgs/px4_msgs/msg/detail/rover_attitude_setpoint__traits.hpp\n'}
[1.754722] (px4_msgs) StdoutLine: {'line': b'-- Up-to-date: /home/mustardking/ws_sensor_combined/install/px4_msgs/include/px4_msgs/px4_msgs/msg/detail/gimbal_manager_status__type_support.hpp\n'}
[1.754756] (px4_msgs) StdoutLine: {'line': b'-- Up-to-date: /home/mustardking/ws_sensor_combined/install/px4_msgs/include/px4_msgs/px4_msgs/msg/detail/parameter_set_value_request__struct.hpp\n'}
[1.754780] (px4_msgs) StdoutLine: {'line': b'-- Up-to-date: /home/mustardking/ws_sensor_combined/install/px4_msgs/include/px4_msgs/px4_msgs/msg/detail/mavlink_tunnel__struct.hpp\n'}
[1.754803] (px4_msgs) StdoutLine: {'line': b'-- Up-to-date: /home/mustardking/ws_sensor_combined/install/px4_msgs/include/px4_msgs/px4_msgs/msg/detail/rover_steering_setpoint__type_support.hpp\n'}
[1.754825] (px4_msgs) StdoutLine: {'line': b'-- Up-to-date: /home/mustardking/ws_sensor_combined/install/px4_msgs/include/px4_msgs/px4_msgs/msg/detail/vehicle_global_position__traits.hpp\n'}
[1.754851] (px4_msgs) StdoutLine: {'line': b'-- Up-to-date: /home/mustardking/ws_sensor_combined/install/px4_msgs/include/px4_msgs/px4_msgs/msg/detail/gps_inject_data__struct.hpp\n'}
[1.754883] (px4_msgs) StdoutLine: {'line': b'-- Up-to-date: /home/mustardking/ws_sensor_combined/install/px4_msgs/include/px4_msgs/px4_msgs/msg/detail/takeoff_status__traits.hpp\n'}
[1.754906] (px4_msgs) StdoutLine: {'line': b'-- Up-to-date: /home/mustardking/ws_sensor_combined/install/px4_msgs/include/px4_msgs/px4_msgs/msg/detail/gpio_config__struct.hpp\n'}
[1.754928] (px4_msgs) StdoutLine: {'line': b'-- Up-to-date: /home/mustardking/ws_sensor_combined/install/px4_msgs/include/px4_msgs/px4_msgs/msg/detail/landing_gear__struct.hpp\n'}
[1.754951] (px4_msgs) StdoutLine: {'line': b'-- Up-to-date: /home/mustardking/ws_sensor_combined/install/px4_msgs/include/px4_msgs/px4_msgs/msg/detail/log_message__type_support.hpp\n'}
[1.754973] (px4_msgs) StdoutLine: {'line': b'-- Up-to-date: /home/mustardking/ws_sensor_combined/install/px4_msgs/include/px4_msgs/px4_msgs/msg/detail/system_power__struct.hpp\n'}
[1.754997] (px4_msgs) StdoutLine: {'line': b'-- Up-to-date: /home/mustardking/ws_sensor_combined/install/px4_msgs/include/px4_msgs/px4_msgs/msg/detail/launch_detection_status__type_support.hpp\n'}
[1.755030] (px4_msgs) StdoutLine: {'line': b'-- Up-to-date: /home/mustardking/ws_sensor_combined/install/px4_msgs/include/px4_msgs/px4_msgs/msg/detail/vehicle_attitude__type_support.hpp\n'}
[1.755053] (px4_msgs) StdoutLine: {'line': b'-- Up-to-date: /home/mustardking/ws_sensor_combined/install/px4_msgs/include/px4_msgs/px4_msgs/msg/detail/logger_status__struct.hpp\n'}
[1.755076] (px4_msgs) StdoutLine: {'line': b'-- Up-to-date: /home/mustardking/ws_sensor_combined/install/px4_msgs/include/px4_msgs/px4_msgs/msg/detail/fixed_wing_runway_control__type_support.hpp\n'}
[1.755098] (px4_msgs) StdoutLine: {'line': b'-- Up-to-date: /home/mustardking/ws_sensor_combined/install/px4_msgs/include/px4_msgs/px4_msgs/msg/detail/camera_status__struct.hpp\n'}
[1.755130] (px4_msgs) StdoutLine: {'line': b'-- Up-to-date: /home/mustardking/ws_sensor_combined/install/px4_msgs/include/px4_msgs/px4_msgs/msg/detail/actuator_outputs__struct.hpp\n'}
[1.755156] (px4_msgs) StdoutLine: {'line': b'-- Up-to-date: /home/mustardking/ws_sensor_combined/install/px4_msgs/include/px4_msgs/px4_msgs/msg/detail/rover_rate_setpoint__struct.hpp\n'}
[1.755178] (px4_msgs) StdoutLine: {'line': b'-- Up-to-date: /home/mustardking/ws_sensor_combined/install/px4_msgs/include/px4_msgs/px4_msgs/msg/detail/tecs_status__type_support.hpp\n'}
[1.755205] (px4_msgs) StdoutLine: {'line': b'-- Up-to-date: /home/mustardking/ws_sensor_combined/install/px4_msgs/include/px4_msgs/px4_msgs/msg/detail/vehicle_thrust_setpoint__builder.hpp\n'}
[1.755239] (px4_msgs) StdoutLine: {'line': b'-- Up-to-date: /home/mustardking/ws_sensor_combined/install/px4_msgs/include/px4_msgs/px4_msgs/msg/detail/mission__struct.hpp\n'}
[1.755261] (px4_msgs) StdoutLine: {'line': b'-- Up-to-date: /home/mustardking/ws_sensor_combined/install/px4_msgs/include/px4_msgs/px4_msgs/msg/detail/actuator_test__traits.hpp\n'}
[1.755302] (px4_msgs) StdoutLine: {'line': b'-- Up-to-date: /home/mustardking/ws_sensor_combined/install/px4_msgs/include/px4_msgs/px4_msgs/msg/detail/open_drone_id_operator_id__type_support.hpp\n'}
[1.755327] (px4_msgs) StdoutLine: {'line': b'-- Up-to-date: /home/mustardking/ws_sensor_combined/install/px4_msgs/include/px4_msgs/px4_msgs/msg/detail/vtol_vehicle_status__traits.hpp\n'}
[1.755366] (px4_msgs) StdoutLine: {'line': b'-- Up-to-date: /home/mustardking/ws_sensor_combined/install/px4_msgs/include/px4_msgs/px4_msgs/msg/detail/telemetry_status__struct.hpp\n'}
[1.755393] (px4_msgs) StdoutLine: {'line': b'-- Up-to-date: /home/mustardking/ws_sensor_combined/install/px4_msgs/include/px4_msgs/px4_msgs/msg/detail/tune_control__struct.hpp\n'}
[1.755424] (px4_msgs) StdoutLine: {'line': b'-- Up-to-date: /home/mustardking/ws_sensor_combined/install/px4_msgs/include/px4_msgs/px4_msgs/msg/detail/sensors_status__traits.hpp\n'}
[1.755447] (px4_msgs) StdoutLine: {'line': b'-- Up-to-date: /home/mustardking/ws_sensor_combined/install/px4_msgs/include/px4_msgs/px4_msgs/msg/detail/gimbal_device_attitude_status__type_support.hpp\n'}
[1.755471] (px4_msgs) StdoutLine: {'line': b'-- Up-to-date: /home/mustardking/ws_sensor_combined/install/px4_msgs/include/px4_msgs/px4_msgs/msg/detail/pure_pursuit_status__builder.hpp\n'}
[1.755494] (px4_msgs) StdoutLine: {'line': b'-- Up-to-date: /home/mustardking/ws_sensor_combined/install/px4_msgs/include/px4_msgs/px4_msgs/msg/detail/gpio_out__type_support.hpp\n'}
[1.755517] (px4_msgs) StdoutLine: {'line': b'-- Up-to-date: /home/mustardking/ws_sensor_combined/install/px4_msgs/include/px4_msgs/px4_msgs/msg/detail/estimator_bias3d__traits.hpp\n'}
[1.755546] (px4_msgs) StdoutLine: {'line': b'-- Up-to-date: /home/mustardking/ws_sensor_combined/install/px4_msgs/include/px4_msgs/px4_msgs/msg/detail/vehicle_command_ack__builder.hpp\n'}
[1.755568] (px4_msgs) StdoutLine: {'line': b'-- Up-to-date: /home/mustardking/ws_sensor_combined/install/px4_msgs/include/px4_msgs/px4_msgs/msg/detail/vehicle_imu__traits.hpp\n'}
[1.755599] (px4_msgs) StdoutLine: {'line': b'-- Up-to-date: /home/mustardking/ws_sensor_combined/install/px4_msgs/include/px4_msgs/px4_msgs/msg/detail/battery_info__type_support.hpp\n'}
[1.755622] (px4_msgs) StdoutLine: {'line': b'-- Up-to-date: /home/mustardking/ws_sensor_combined/install/px4_msgs/include/px4_msgs/px4_msgs/msg/detail/irlock_report__type_support.hpp\n'}
[1.755644] (px4_msgs) StdoutLine: {'line': b'-- Up-to-date: /home/mustardking/ws_sensor_combined/install/px4_msgs/include/px4_msgs/px4_msgs/msg/detail/tecs_status__traits.hpp\n'}
[1.755666] (px4_msgs) StdoutLine: {'line': b'-- Up-to-date: /home/mustardking/ws_sensor_combined/install/px4_msgs/include/px4_msgs/px4_msgs/msg/detail/orbit_status__struct.hpp\n'}
[1.755688] (px4_msgs) StdoutLine: {'line': b'-- Up-to-date: /home/mustardking/ws_sensor_combined/install/px4_msgs/include/px4_msgs/px4_msgs/msg/detail/velocity_limits__type_support.hpp\n'}
[1.755709] (px4_msgs) StdoutLine: {'line': b'-- Up-to-date: /home/mustardking/ws_sensor_combined/install/px4_msgs/include/px4_msgs/px4_msgs/msg/detail/gpio_in__struct.hpp\n'}
[1.755735] (px4_msgs) StdoutLine: {'line': b'-- Up-to-date: /home/mustardking/ws_sensor_combined/install/px4_msgs/include/px4_msgs/px4_msgs/msg/detail/camera_trigger__struct.hpp\n'}
[1.755759] (px4_msgs) StdoutLine: {'line': b'-- Up-to-date: /home/mustardking/ws_sensor_combined/install/px4_msgs/include/px4_msgs/px4_msgs/msg/detail/estimator_event_flags__type_support.hpp\n'}
[1.755783] (px4_msgs) StdoutLine: {'line': b'-- Up-to-date: /home/mustardking/ws_sensor_combined/install/px4_msgs/include/px4_msgs/px4_msgs/msg/detail/parameter_update__struct.hpp\n'}
[1.755805] (px4_msgs) StdoutLine: {'line': b'-- Up-to-date: /home/mustardking/ws_sensor_combined/install/px4_msgs/include/px4_msgs/px4_msgs/msg/detail/camera_status__traits.hpp\n'}
[1.755836] (px4_msgs) StdoutLine: {'line': b'-- Up-to-date: /home/mustardking/ws_sensor_combined/install/px4_msgs/include/px4_msgs/px4_msgs/msg/detail/parameter_set_used_request__builder.hpp\n'}
[1.755867] (px4_msgs) StdoutLine: {'line': b'-- Up-to-date: /home/mustardking/ws_sensor_combined/install/px4_msgs/include/px4_msgs/px4_msgs/msg/detail/open_drone_id_arm_status__builder.hpp\n'}
[1.755892] (px4_msgs) StdoutLine: {'line': b'-- Up-to-date: /home/mustardking/ws_sensor_combined/install/px4_msgs/include/px4_msgs/px4_msgs/msg/detail/sensor_selection__builder.hpp\n'}
[1.755914] (px4_msgs) StdoutLine: {'line': b'-- Up-to-date: /home/mustardking/ws_sensor_combined/install/px4_msgs/include/px4_msgs/px4_msgs/msg/detail/gimbal_manager_information__traits.hpp\n'}
[1.755937] (px4_msgs) StdoutLine: {'line': b'-- Up-to-date: /home/mustardking/ws_sensor_combined/install/px4_msgs/include/px4_msgs/px4_msgs/msg/detail/sensor_gnss_status__builder.hpp\n'}
[1.755959] (px4_msgs) StdoutLine: {'line': b'-- Up-to-date: /home/mustardking/ws_sensor_combined/install/px4_msgs/include/px4_msgs/px4_msgs/msg/detail/rover_rate_status__type_support.hpp\n'}
[1.755981] (px4_msgs) StdoutLine: {'line': b'-- Up-to-date: /home/mustardking/ws_sensor_combined/install/px4_msgs/include/px4_msgs/px4_msgs/msg/detail/camera_capture__struct.hpp\n'}
[1.756004] (px4_msgs) StdoutLine: {'line': b'-- Up-to-date: /home/mustardking/ws_sensor_combined/install/px4_msgs/include/px4_msgs/px4_msgs/msg/detail/open_drone_id_self_id__type_support.hpp\n'}
[1.756030] (px4_msgs) StdoutLine: {'line': b'-- Up-to-date: /home/mustardking/ws_sensor_combined/install/px4_msgs/include/px4_msgs/px4_msgs/msg/detail/gimbal_device_information__type_support.hpp\n'}
[1.756064] (px4_msgs) StdoutLine: {'line': b'-- Up-to-date: /home/mustardking/ws_sensor_combined/install/px4_msgs/include/px4_msgs/px4_msgs/msg/detail/takeoff_status__builder.hpp\n'}
[1.756086] (px4_msgs) StdoutLine: {'line': b'-- Up-to-date: /home/mustardking/ws_sensor_combined/install/px4_msgs/include/px4_msgs/px4_msgs/msg/detail/arming_check_request__type_support.hpp\n'}
[1.756108] (px4_msgs) StdoutLine: {'line': b'-- Up-to-date: /home/mustardking/ws_sensor_combined/install/px4_msgs/include/px4_msgs/px4_msgs/msg/detail/sensor_accel_fifo__builder.hpp\n'}
[1.757040] (px4_msgs) StdoutLine: {'line': b'-- Up-to-date: /home/mustardking/ws_sensor_combined/install/px4_msgs/include/px4_msgs/px4_msgs/msg/detail/control_allocator_status__traits.hpp\n'}
[1.757075] (px4_msgs) StdoutLine: {'line': b'-- Up-to-date: /home/mustardking/ws_sensor_combined/install/px4_msgs/include/px4_msgs/px4_msgs/msg/detail/control_allocator_status__struct.hpp\n'}
[1.757105] (px4_msgs) StdoutLine: {'line': b'-- Up-to-date: /home/mustardking/ws_sensor_combined/install/px4_msgs/include/px4_msgs/px4_msgs/msg/detail/manual_control_switches__type_support.hpp\n'}
[1.757127] (px4_msgs) StdoutLine: {'line': b'-- Up-to-date: /home/mustardking/ws_sensor_combined/install/px4_msgs/include/px4_msgs/px4_msgs/msg/detail/vehicle_land_detected__traits.hpp\n'}
[1.757149] (px4_msgs) StdoutLine: {'line': b'-- Up-to-date: /home/mustardking/ws_sensor_combined/install/px4_msgs/include/px4_msgs/px4_msgs/msg/detail/sensor_preflight_mag__builder.hpp\n'}
[1.757171] (px4_msgs) StdoutLine: {'line': b'-- Up-to-date: /home/mustardking/ws_sensor_combined/install/px4_msgs/include/px4_msgs/px4_msgs/msg/detail/gpio_config__builder.hpp\n'}
[1.757196] (px4_msgs) StdoutLine: {'line': b'-- Up-to-date: /home/mustardking/ws_sensor_combined/install/px4_msgs/include/px4_msgs/px4_msgs/msg/detail/sensor_hygrometer__builder.hpp\n'}
[1.757217] (px4_msgs) StdoutLine: {'line': b'-- Up-to-date: /home/mustardking/ws_sensor_combined/install/px4_msgs/include/px4_msgs/px4_msgs/msg/detail/flight_phase_estimation__traits.hpp\n'}
[1.757240] (px4_msgs) StdoutLine: {'line': b'-- Up-to-date: /home/mustardking/ws_sensor_combined/install/px4_msgs/include/px4_msgs/px4_msgs/msg/detail/can_interface_status__traits.hpp\n'}
[1.757262] (px4_msgs) StdoutLine: {'line': b'-- Up-to-date: /home/mustardking/ws_sensor_combined/install/px4_msgs/include/px4_msgs/px4_msgs/msg/detail/rover_position_setpoint__traits.hpp\n'}
[1.757292] (px4_msgs) StdoutLine: {'line': b'-- Up-to-date: /home/mustardking/ws_sensor_combined/install/px4_msgs/include/px4_msgs/px4_msgs/msg/detail/airspeed__struct.hpp\n'}
[1.757316] (px4_msgs) StdoutLine: {'line': b'-- Up-to-date: /home/mustardking/ws_sensor_combined/install/px4_msgs/include/px4_msgs/px4_msgs/msg/detail/mavlink_log__builder.hpp\n'}
[1.757346] (px4_msgs) StdoutLine: {'line': b'-- Up-to-date: /home/mustardking/ws_sensor_combined/install/px4_msgs/include/px4_msgs/px4_msgs/msg/detail/fixed_wing_runway_control__builder.hpp\n'}
[1.757374] (px4_msgs) StdoutLine: {'line': b'-- Up-to-date: /home/mustardking/ws_sensor_combined/install/px4_msgs/include/px4_msgs/px4_msgs/msg/detail/vehicle_angular_acceleration_setpoint__struct.hpp\n'}
[1.757398] (px4_msgs) StdoutLine: {'line': b'-- Up-to-date: /home/mustardking/ws_sensor_combined/install/px4_msgs/include/px4_msgs/px4_msgs/msg/detail/vehicle_imu__type_support.hpp\n'}
[1.757421] (px4_msgs) StdoutLine: {'line': b'-- Up-to-date: /home/mustardking/ws_sensor_combined/install/px4_msgs/include/px4_msgs/px4_msgs/msg/detail/gpio_request__traits.hpp\n'}
[1.757444] (px4_msgs) StdoutLine: {'line': b'-- Up-to-date: /home/mustardking/ws_sensor_combined/install/px4_msgs/include/px4_msgs/px4_msgs/msg/detail/open_drone_id_arm_status__struct.hpp\n'}
[1.757466] (px4_msgs) StdoutLine: {'line': b'-- Up-to-date: /home/mustardking/ws_sensor_combined/install/px4_msgs/include/px4_msgs/px4_msgs/msg/detail/gimbal_device_information__builder.hpp\n'}
[1.757490] (px4_msgs) StdoutLine: {'line': b'-- Up-to-date: /home/mustardking/ws_sensor_combined/install/px4_msgs/include/px4_msgs/px4_msgs/msg/detail/landing_target_pose__struct.hpp\n'}
[1.757514] (px4_msgs) StdoutLine: {'line': b'-- Up-to-date: /home/mustardking/ws_sensor_combined/install/px4_msgs/include/px4_msgs/px4_msgs/msg/detail/can_interface_status__struct.hpp\n'}
[1.757541] (px4_msgs) StdoutLine: {'line': b'-- Up-to-date: /home/mustardking/ws_sensor_combined/install/px4_msgs/include/px4_msgs/px4_msgs/msg/detail/gimbal_manager_set_attitude__struct.hpp\n'}
[1.757570] (px4_msgs) StdoutLine: {'line': b'-- Up-to-date: /home/mustardking/ws_sensor_combined/install/px4_msgs/include/px4_msgs/px4_msgs/msg/detail/landing_gear__traits.hpp\n'}
[1.757603] (px4_msgs) StdoutLine: {'line': b'-- Up-to-date: /home/mustardking/ws_sensor_combined/install/px4_msgs/include/px4_msgs/px4_msgs/msg/detail/vehicle_local_position_setpoint__type_support.hpp\n'}
[1.757627] (px4_msgs) StdoutLine: {'line': b'-- Up-to-date: /home/mustardking/ws_sensor_combined/install/px4_msgs/include/px4_msgs/px4_msgs/msg/detail/vehicle_torque_setpoint__builder.hpp\n'}
[1.757650] (px4_msgs) StdoutLine: {'line': b'-- Up-to-date: /home/mustardking/ws_sensor_combined/install/px4_msgs/include/px4_msgs/px4_msgs/msg/detail/manual_control_switches__struct.hpp\n'}
[1.757861] (px4_msgs) StdoutLine: {'line': b'-- Up-to-date: /home/mustardking/ws_sensor_combined/install/px4_msgs/include/px4_msgs/px4_msgs/msg/detail/radio_status__type_support.hpp\n'}
[1.757898] (px4_msgs) StdoutLine: {'line': b'-- Up-to-date: /home/mustardking/ws_sensor_combined/install/px4_msgs/include/px4_msgs/px4_msgs/msg/detail/vehicle_magnetometer__type_support.hpp\n'}
[1.757925] (px4_msgs) StdoutLine: {'line': b'-- Up-to-date: /home/mustardking/ws_sensor_combined/install/px4_msgs/include/px4_msgs/px4_msgs/msg/detail/estimator_bias__struct.hpp\n'}
[1.757955] (px4_msgs) StdoutLine: {'line': b'-- Up-to-date: /home/mustardking/ws_sensor_combined/install/px4_msgs/include/px4_msgs/px4_msgs/msg/detail/actuator_motors__traits.hpp\n'}
[1.757979] (px4_msgs) StdoutLine: {'line': b'-- Up-to-date: /home/mustardking/ws_sensor_combined/install/px4_msgs/include/px4_msgs/px4_msgs/msg/detail/sensor_gyro_fft__traits.hpp\n'}
[1.758002] (px4_msgs) StdoutLine: {'line': b'-- Up-to-date: /home/mustardking/ws_sensor_combined/install/px4_msgs/include/px4_msgs/px4_msgs/msg/detail/airspeed_wind__struct.hpp\n'}
[1.758024] (px4_msgs) StdoutLine: {'line': b'-- Up-to-date: /home/mustardking/ws_sensor_combined/install/px4_msgs/include/px4_msgs/px4_msgs/msg/detail/estimator_bias__type_support.hpp\n'}
[1.758047] (px4_msgs) StdoutLine: {'line': b'-- Up-to-date: /home/mustardking/ws_sensor_combined/install/px4_msgs/include/px4_msgs/px4_msgs/msg/detail/actuator_motors__type_support.hpp\n'}
[1.758080] (px4_msgs) StdoutLine: {'line': b'-- Up-to-date: /home/mustardking/ws_sensor_combined/install/px4_msgs/include/px4_msgs/px4_msgs/msg/detail/autotune_attitude_control_status__traits.hpp\n'}
[1.758111] (px4_msgs) StdoutLine: {'line': b'-- Up-to-date: /home/mustardking/ws_sensor_combined/install/px4_msgs/include/px4_msgs/px4_msgs/msg/detail/sensor_gnss_relative__type_support.hpp\n'}
[1.758153] (px4_msgs) StdoutLine: {'line': b'-- Up-to-date: /home/mustardking/ws_sensor_combined/install/px4_msgs/include/px4_msgs/px4_msgs/msg/detail/vehicle_magnetometer__struct.hpp\n'}
[1.758177] (px4_msgs) StdoutLine: {'line': b'-- Up-to-date: /home/mustardking/ws_sensor_combined/install/px4_msgs/include/px4_msgs/px4_msgs/msg/detail/rover_speed_setpoint__traits.hpp\n'}
[1.758199] (px4_msgs) StdoutLine: {'line': b'-- Up-to-date: /home/mustardking/ws_sensor_combined/install/px4_msgs/include/px4_msgs/px4_msgs/msg/detail/gimbal_controls__builder.hpp\n'}
[1.758230] (px4_msgs) StdoutLine: {'line': b'-- Up-to-date: /home/mustardking/ws_sensor_combined/install/px4_msgs/include/px4_msgs/px4_msgs/msg/detail/vehicle_local_position__builder.hpp\n'}
[1.758254] (px4_msgs) StdoutLine: {'line': b'-- Up-to-date: /home/mustardking/ws_sensor_combined/install/px4_msgs/include/px4_msgs/px4_msgs/msg/detail/fixed_wing_lateral_guidance_status__builder.hpp\n'}
[1.758291] (px4_msgs) StdoutLine: {'line': b'-- Up-to-date: /home/mustardking/ws_sensor_combined/install/px4_msgs/include/px4_msgs/px4_msgs/msg/detail/internal_combustion_engine_status__traits.hpp\n'}
[1.758315] (px4_msgs) StdoutLine: {'line': b'-- Up-to-date: /home/mustardking/ws_sensor_combined/install/px4_msgs/include/px4_msgs/px4_msgs/msg/detail/config_overrides__traits.hpp\n'}
[1.758345] (px4_msgs) StdoutLine: {'line': b'-- Up-to-date: /home/mustardking/ws_sensor_combined/install/px4_msgs/include/px4_msgs/px4_msgs/msg/detail/rc_parameter_map__type_support.hpp\n'}
[1.758457] (px4_msgs) StdoutLine: {'line': b'-- Up-to-date: /home/mustardking/ws_sensor_combined/install/px4_msgs/include/px4_msgs/px4_msgs/msg/detail/can_interface_status__builder.hpp\n'}
[1.758570] (px4_msgs) StdoutLine: {'line': b'-- Up-to-date: /home/mustardking/ws_sensor_combined/install/px4_msgs/include/px4_msgs/px4_msgs/msg/detail/power_monitor__traits.hpp\n'}
[1.758630] (px4_msgs) StdoutLine: {'line': b'-- Up-to-date: /home/mustardking/ws_sensor_combined/install/px4_msgs/include/px4_msgs/px4_msgs/msg/detail/estimator_aid_source2d__builder.hpp\n'}
[1.758666] (px4_msgs) StdoutLine: {'line': b'-- Up-to-date: /home/mustardking/ws_sensor_combined/install/px4_msgs/include/px4_msgs/px4_msgs/msg/detail/estimator_states__traits.hpp\n'}
[1.758690] (px4_msgs) StdoutLine: {'line': b'-- Up-to-date: /home/mustardking/ws_sensor_combined/install/px4_msgs/include/px4_msgs/px4_msgs/msg/detail/gimbal_manager_set_manual_control__struct.hpp\n'}
[1.758716] (px4_msgs) StdoutLine: {'line': b'-- Up-to-date: /home/mustardking/ws_sensor_combined/install/px4_msgs/include/px4_msgs/px4_msgs/msg/detail/irlock_report__traits.hpp\n'}
[1.758742] (px4_msgs) StdoutLine: {'line': b'-- Up-to-date: /home/mustardking/ws_sensor_combined/install/px4_msgs/include/px4_msgs/px4_msgs/msg/detail/iridiumsbd_status__builder.hpp\n'}
[1.758765] (px4_msgs) StdoutLine: {'line': b'-- Up-to-date: /home/mustardking/ws_sensor_combined/install/px4_msgs/include/px4_msgs/px4_msgs/msg/detail/irlock_report__struct.hpp\n'}
[1.758788] (px4_msgs) StdoutLine: {'line': b'-- Up-to-date: /home/mustardking/ws_sensor_combined/install/px4_msgs/include/px4_msgs/px4_msgs/msg/detail/vehicle_constraints__type_support.hpp\n'}
[1.758811] (px4_msgs) StdoutLine: {'line': b'-- Up-to-date: /home/mustardking/ws_sensor_combined/install/px4_msgs/include/px4_msgs/px4_msgs/msg/detail/vehicle_optical_flow__type_support.hpp\n'}
[1.758833] (px4_msgs) StdoutLine: {'line': b'-- Up-to-date: /home/mustardking/ws_sensor_combined/install/px4_msgs/include/px4_msgs/px4_msgs/msg/detail/vehicle_roi__builder.hpp\n'}
[1.758871] (px4_msgs) StdoutLine: {'line': b'-- Up-to-date: /home/mustardking/ws_sensor_combined/install/px4_msgs/include/px4_msgs/px4_msgs/msg/detail/arming_check_reply__struct.hpp\n'}
[1.758933] (px4_msgs) StdoutLine: {'line': b'-- Up-to-date: /home/mustardking/ws_sensor_combined/install/px4_msgs/include/px4_msgs/px4_msgs/msg/detail/mode_completed__struct.hpp\n'}
[1.758982] (px4_msgs) StdoutLine: {'line': b'-- Up-to-date: /home/mustardking/ws_sensor_combined/install/px4_msgs/include/px4_msgs/px4_msgs/msg/detail/sensor_hygrometer__struct.hpp\n'}
[1.759012] (px4_msgs) StdoutLine: {'line': b'-- Up-to-date: /home/mustardking/ws_sensor_combined/install/px4_msgs/include/px4_msgs/px4_msgs/msg/detail/open_drone_id_self_id__traits.hpp\n'}
[1.759035] (px4_msgs) StdoutLine: {'line': b'-- Up-to-date: /home/mustardking/ws_sensor_combined/install/px4_msgs/include/px4_msgs/px4_msgs/msg/detail/ping__builder.hpp\n'}
[1.759058] (px4_msgs) StdoutLine: {'line': b'-- Up-to-date: /home/mustardking/ws_sensor_combined/install/px4_msgs/include/px4_msgs/px4_msgs/msg/detail/offboard_control_mode__type_support.hpp\n'}
[1.759081] (px4_msgs) StdoutLine: {'line': b'-- Up-to-date: /home/mustardking/ws_sensor_combined/install/px4_msgs/include/px4_msgs/px4_msgs/msg/detail/estimator_bias__builder.hpp\n'}
[1.759103] (px4_msgs) StdoutLine: {'line': b'-- Up-to-date: /home/mustardking/ws_sensor_combined/install/px4_msgs/include/px4_msgs/px4_msgs/msg/detail/figure_eight_status__builder.hpp\n'}
[1.759125] (px4_msgs) StdoutLine: {'line': b'-- Up-to-date: /home/mustardking/ws_sensor_combined/install/px4_msgs/include/px4_msgs/px4_msgs/msg/detail/mount_orientation__struct.hpp\n'}
[1.759148] (px4_msgs) StdoutLine: {'line': b'-- Up-to-date: /home/mustardking/ws_sensor_combined/install/px4_msgs/include/px4_msgs/px4_msgs/msg/detail/gimbal_manager_set_attitude__builder.hpp\n'}
[1.759171] (px4_msgs) StdoutLine: {'line': b'-- Up-to-date: /home/mustardking/ws_sensor_combined/install/px4_msgs/include/px4_msgs/px4_msgs/msg/detail/gimbal_manager_information__struct.hpp\n'}
[1.759194] (px4_msgs) StdoutLine: {'line': b'-- Up-to-date: /home/mustardking/ws_sensor_combined/install/px4_msgs/include/px4_msgs/px4_msgs/msg/detail/gimbal_controls__struct.hpp\n'}
[1.759216] (px4_msgs) StdoutLine: {'line': b'-- Up-to-date: /home/mustardking/ws_sensor_combined/install/px4_msgs/include/px4_msgs/px4_msgs/msg/detail/fixed_wing_lateral_guidance_status__type_support.hpp\n'}
[1.759239] (px4_msgs) StdoutLine: {'line': b'-- Up-to-date: /home/mustardking/ws_sensor_combined/install/px4_msgs/include/px4_msgs/px4_msgs/msg/detail/generator_status__type_support.hpp\n'}
[1.759263] (px4_msgs) StdoutLine: {'line': b'-- Up-to-date: /home/mustardking/ws_sensor_combined/install/px4_msgs/include/px4_msgs/px4_msgs/msg/detail/navigator_status__builder.hpp\n'}
[1.759298] (px4_msgs) StdoutLine: {'line': b'-- Up-to-date: /home/mustardking/ws_sensor_combined/install/px4_msgs/include/px4_msgs/px4_msgs/msg/detail/battery_status__struct.hpp\n'}
[1.759321] (px4_msgs) StdoutLine: {'line': b'-- Up-to-date: /home/mustardking/ws_sensor_combined/install/px4_msgs/include/px4_msgs/px4_msgs/msg/detail/power_button_state__type_support.hpp\n'}
[1.759346] (px4_msgs) StdoutLine: {'line': b'-- Up-to-date: /home/mustardking/ws_sensor_combined/install/px4_msgs/include/px4_msgs/px4_msgs/msg/detail/register_ext_component_reply__builder.hpp\n'}
[1.759404] (px4_msgs) StdoutLine: {'line': b'-- Up-to-date: /home/mustardking/ws_sensor_combined/install/px4_msgs/include/px4_msgs/px4_msgs/msg/detail/px4io_status__traits.hpp\n'}
[1.759432] (px4_msgs) StdoutLine: {'line': b'-- Up-to-date: /home/mustardking/ws_sensor_combined/install/px4_msgs/include/px4_msgs/px4_msgs/msg/detail/sensor_optical_flow__traits.hpp\n'}
[1.759458] (px4_msgs) StdoutLine: {'line': b'-- Up-to-date: /home/mustardking/ws_sensor_combined/install/px4_msgs/include/px4_msgs/px4_msgs/msg/detail/neural_control__builder.hpp\n'}
[1.759481] (px4_msgs) StdoutLine: {'line': b'-- Up-to-date: /home/mustardking/ws_sensor_combined/install/px4_msgs/include/px4_msgs/px4_msgs/msg/detail/actuator_test__type_support.hpp\n'}
[1.759607] (px4_msgs) StdoutLine: {'line': b'-- Up-to-date: /home/mustardking/ws_sensor_combined/install/px4_msgs/include/px4_msgs/px4_msgs/msg/detail/action_request__struct.hpp\n'}
[1.759654] (px4_msgs) StdoutLine: {'line': b'-- Up-to-date: /home/mustardking/ws_sensor_combined/install/px4_msgs/include/px4_msgs/px4_msgs/msg/detail/trajectory_setpoint6dof__traits.hpp\n'}
[1.759682] (px4_msgs) StdoutLine: {'line': b'-- Up-to-date: /home/mustardking/ws_sensor_combined/install/px4_msgs/include/px4_msgs/px4_msgs/msg/detail/rtl_status__struct.hpp\n'}
[1.759708] (px4_msgs) StdoutLine: {'line': b'-- Up-to-date: /home/mustardking/ws_sensor_combined/install/px4_msgs/include/px4_msgs/px4_msgs/msg/detail/rc_channels__struct.hpp\n'}
[1.759733] (px4_msgs) StdoutLine: {'line': b'-- Up-to-date: /home/mustardking/ws_sensor_combined/install/px4_msgs/include/px4_msgs/px4_msgs/msg/detail/failsafe_flags__traits.hpp\n'}
[1.759756] (px4_msgs) StdoutLine: {'line': b'-- Up-to-date: /home/mustardking/ws_sensor_combined/install/px4_msgs/include/px4_msgs/px4_msgs/msg/detail/follow_target_status__type_support.hpp\n'}
[1.759780] (px4_msgs) StdoutLine: {'line': b'-- Up-to-date: /home/mustardking/ws_sensor_combined/install/px4_msgs/include/px4_msgs/px4_msgs/msg/detail/fixed_wing_runway_control__struct.hpp\n'}
[1.759804] (px4_msgs) StdoutLine: {'line': b'-- Up-to-date: /home/mustardking/ws_sensor_combined/install/px4_msgs/include/px4_msgs/px4_msgs/msg/detail/vehicle_acceleration__builder.hpp\n'}
[1.759828] (px4_msgs) StdoutLine: {'line': b'-- Up-to-date: /home/mustardking/ws_sensor_combined/install/px4_msgs/include/px4_msgs/px4_msgs/msg/detail/distance_sensor__type_support.hpp\n'}
[1.759857] (px4_msgs) StdoutLine: {'line': b'-- Up-to-date: /home/mustardking/ws_sensor_combined/install/px4_msgs/include/px4_msgs/px4_msgs/msg/detail/pwm_input__struct.hpp\n'}
[1.759879] (px4_msgs) StdoutLine: {'line': b'-- Up-to-date: /home/mustardking/ws_sensor_combined/install/px4_msgs/include/px4_msgs/px4_msgs/msg/detail/fuel_tank_status__struct.hpp\n'}
[1.759906] (px4_msgs) StdoutLine: {'line': b'-- Up-to-date: /home/mustardking/ws_sensor_combined/install/px4_msgs/include/px4_msgs/px4_msgs/msg/detail/esc_report__traits.hpp\n'}
[1.759949] (px4_msgs) StdoutLine: {'line': b'-- Up-to-date: /home/mustardking/ws_sensor_combined/install/px4_msgs/include/px4_msgs/px4_msgs/msg/detail/vehicle_rates_setpoint__struct.hpp\n'}
[1.759977] (px4_msgs) StdoutLine: {'line': b'-- Up-to-date: /home/mustardking/ws_sensor_combined/install/px4_msgs/include/px4_msgs/px4_msgs/msg/detail/rc_parameter_map__builder.hpp\n'}
[1.760010] (px4_msgs) StdoutLine: {'line': b'-- Up-to-date: /home/mustardking/ws_sensor_combined/install/px4_msgs/include/px4_msgs/px4_msgs/msg/detail/gpio_config__type_support.hpp\n'}
[1.760032] (px4_msgs) StdoutLine: {'line': b'-- Up-to-date: /home/mustardking/ws_sensor_combined/install/px4_msgs/include/px4_msgs/px4_msgs/msg/detail/telemetry_status__type_support.hpp\n'}
[1.760055] (px4_msgs) StdoutLine: {'line': b'-- Up-to-date: /home/mustardking/ws_sensor_combined/install/px4_msgs/include/px4_msgs/px4_msgs/msg/detail/airspeed_validated__struct.hpp\n'}
[1.760080] (px4_msgs) StdoutLine: {'line': b'-- Up-to-date: /home/mustardking/ws_sensor_combined/install/px4_msgs/include/px4_msgs/px4_msgs/msg/detail/vehicle_torque_setpoint__traits.hpp\n'}
[1.760107] (px4_msgs) StdoutLine: {'line': b'-- Up-to-date: /home/mustardking/ws_sensor_combined/install/px4_msgs/include/px4_msgs/px4_msgs/msg/detail/vehicle_land_detected__struct.hpp\n'}
[1.760139] (px4_msgs) StdoutLine: {'line': b'-- Up-to-date: /home/mustardking/ws_sensor_combined/install/px4_msgs/include/px4_msgs/px4_msgs/msg/detail/message_format_request__struct.hpp\n'}
[1.760174] (px4_msgs) StdoutLine: {'line': b'-- Up-to-date: /home/mustardking/ws_sensor_combined/install/px4_msgs/include/px4_msgs/px4_msgs/msg/detail/vehicle_torque_setpoint__type_support.hpp\n'}
[1.760207] (px4_msgs) StdoutLine: {'line': b'-- Up-to-date: /home/mustardking/ws_sensor_combined/install/px4_msgs/include/px4_msgs/px4_msgs/msg/detail/geofence_result__builder.hpp\n'}
[1.760231] (px4_msgs) StdoutLine: {'line': b'-- Up-to-date: /home/mustardking/ws_sensor_combined/install/px4_msgs/include/px4_msgs/px4_msgs/msg/detail/control_allocator_status__type_support.hpp\n'}
[1.760254] (px4_msgs) StdoutLine: {'line': b'-- Up-to-date: /home/mustardking/ws_sensor_combined/install/px4_msgs/include/px4_msgs/px4_msgs/msg/detail/open_drone_id_operator_id__struct.hpp\n'}
[1.760343] (px4_msgs) StdoutLine: {'line': b'-- Up-to-date: /home/mustardking/ws_sensor_combined/install/px4_msgs/include/px4_msgs/px4_msgs/msg/detail/actuator_armed__builder.hpp\n'}
[1.760377] (px4_msgs) StdoutLine: {'line': b'-- Up-to-date: /home/mustardking/ws_sensor_combined/install/px4_msgs/include/px4_msgs/px4_msgs/msg/detail/satellite_info__type_support.hpp\n'}
[1.760401] (px4_msgs) StdoutLine: {'line': b'-- Up-to-date: /home/mustardking/ws_sensor_combined/install/px4_msgs/include/px4_msgs/px4_msgs/msg/detail/cellular_status__type_support.hpp\n'}
[1.760432] (px4_msgs) StdoutLine: {'line': b'-- Up-to-date: /home/mustardking/ws_sensor_combined/install/px4_msgs/include/px4_msgs/px4_msgs/msg/detail/px4io_status__type_support.hpp\n'}
[1.760462] (px4_msgs) StdoutLine: {'line': b'-- Up-to-date: /home/mustardking/ws_sensor_combined/install/px4_msgs/include/px4_msgs/px4_msgs/msg/detail/normalized_unsigned_setpoint__type_support.hpp\n'}
[1.760485] (px4_msgs) StdoutLine: {'line': b'-- Up-to-date: /home/mustardking/ws_sensor_combined/install/px4_msgs/include/px4_msgs/px4_msgs/msg/detail/geofence_result__type_support.hpp\n'}
[1.760507] (px4_msgs) StdoutLine: {'line': b'-- Up-to-date: /home/mustardking/ws_sensor_combined/install/px4_msgs/include/px4_msgs/px4_msgs/msg/detail/debug_key_value__traits.hpp\n'}
[1.760529] (px4_msgs) StdoutLine: {'line': b'-- Up-to-date: /home/mustardking/ws_sensor_combined/install/px4_msgs/include/px4_msgs/px4_msgs/msg/detail/sensors_status_imu__struct.hpp\n'}
[1.760552] (px4_msgs) StdoutLine: {'line': b'-- Up-to-date: /home/mustardking/ws_sensor_combined/install/px4_msgs/include/px4_msgs/px4_msgs/msg/detail/landing_target_pose__traits.hpp\n'}
[1.760573] (px4_msgs) StdoutLine: {'line': b'-- Up-to-date: /home/mustardking/ws_sensor_combined/install/px4_msgs/include/px4_msgs/px4_msgs/msg/detail/estimator_innovations__traits.hpp\n'}
[1.760606] (px4_msgs) StdoutLine: {'line': b'-- Up-to-date: /home/mustardking/ws_sensor_combined/install/px4_msgs/include/px4_msgs/px4_msgs/msg/detail/vehicle_attitude__struct.hpp\n'}
[1.760639] (px4_msgs) StdoutLine: {'line': b'-- Up-to-date: /home/mustardking/ws_sensor_combined/install/px4_msgs/include/px4_msgs/px4_msgs/msg/detail/gimbal_device_set_attitude__struct.hpp\n'}
[1.760669] (px4_msgs) StdoutLine: {'line': b'-- Up-to-date: /home/mustardking/ws_sensor_combined/install/px4_msgs/include/px4_msgs/px4_msgs/msg/detail/sensor_accel__traits.hpp\n'}
[1.760696] (px4_msgs) StdoutLine: {'line': b'-- Up-to-date: /home/mustardking/ws_sensor_combined/install/px4_msgs/include/px4_msgs/px4_msgs/msg/detail/sensor_uwb__builder.hpp\n'}
[1.760735] (px4_msgs) StdoutLine: {'line': b'-- Up-to-date: /home/mustardking/ws_sensor_combined/install/px4_msgs/include/px4_msgs/px4_msgs/msg/detail/position_controller_status__struct.hpp\n'}
[1.760768] (px4_msgs) StdoutLine: {'line': b'-- Up-to-date: /home/mustardking/ws_sensor_combined/install/px4_msgs/include/px4_msgs/px4_msgs/msg/detail/distance_sensor__struct.hpp\n'}
[1.760814] (px4_msgs) StdoutLine: {'line': b'-- Up-to-date: /home/mustardking/ws_sensor_combined/install/px4_msgs/include/px4_msgs/px4_msgs/msg/detail/velocity_limits__builder.hpp\n'}
[1.760844] (px4_msgs) StdoutLine: {'line': b'-- Up-to-date: /home/mustardking/ws_sensor_combined/install/px4_msgs/include/px4_msgs/px4_msgs/msg/detail/vehicle_thrust_setpoint__traits.hpp\n'}
[1.760877] (px4_msgs) StdoutLine: {'line': b'-- Up-to-date: /home/mustardking/ws_sensor_combined/install/px4_msgs/include/px4_msgs/px4_msgs/msg/detail/hover_thrust_estimate__traits.hpp\n'}
[1.760903] (px4_msgs) StdoutLine: {'line': b'-- Up-to-date: /home/mustardking/ws_sensor_combined/install/px4_msgs/include/px4_msgs/px4_msgs/msg/detail/distance_sensor_mode_change_request__builder.hpp\n'}
[1.760926] (px4_msgs) StdoutLine: {'line': b'-- Up-to-date: /home/mustardking/ws_sensor_combined/install/px4_msgs/include/px4_msgs/px4_msgs/msg/detail/estimator_selector_status__type_support.hpp\n'}
[1.760948] (px4_msgs) StdoutLine: {'line': b'-- Up-to-date: /home/mustardking/ws_sensor_combined/install/px4_msgs/include/px4_msgs/px4_msgs/msg/detail/orb_test_medium__traits.hpp\n'}
[1.760971] (px4_msgs) StdoutLine: {'line': b'-- Up-to-date: /home/mustardking/ws_sensor_combined/install/px4_msgs/include/px4_msgs/px4_msgs/msg/detail/gpio_in__type_support.hpp\n'}
[1.761009] (px4_msgs) StdoutLine: {'line': b'-- Up-to-date: /home/mustardking/ws_sensor_combined/install/px4_msgs/include/px4_msgs/px4_msgs/msg/detail/message_format_response__builder.hpp\n'}
[1.761043] (px4_msgs) StdoutLine: {'line': b'-- Up-to-date: /home/mustardking/ws_sensor_combined/install/px4_msgs/include/px4_msgs/px4_msgs/msg/detail/rpm__builder.hpp\n'}
[1.761065] (px4_msgs) StdoutLine: {'line': b'-- Up-to-date: /home/mustardking/ws_sensor_combined/install/px4_msgs/include/px4_msgs/px4_msgs/msg/detail/airspeed_wind__type_support.hpp\n'}
[1.761111] (px4_msgs) StdoutLine: {'line': b'-- Up-to-date: /home/mustardking/ws_sensor_combined/install/px4_msgs/include/px4_msgs/px4_msgs/msg/detail/fixed_wing_lateral_status__builder.hpp\n'}
[1.761151] (px4_msgs) StdoutLine: {'line': b'-- Up-to-date: /home/mustardking/ws_sensor_combined/install/px4_msgs/include/px4_msgs/px4_msgs/msg/detail/parameter_set_value_response__type_support.hpp\n'}
[1.761177] (px4_msgs) StdoutLine: {'line': b'-- Up-to-date: /home/mustardking/ws_sensor_combined/install/px4_msgs/include/px4_msgs/px4_msgs/msg/detail/rtl_status__traits.hpp\n'}
[1.761209] (px4_msgs) StdoutLine: {'line': b'-- Up-to-date: /home/mustardking/ws_sensor_combined/install/px4_msgs/include/px4_msgs/px4_msgs/msg/detail/sensor_uwb__struct.hpp\n'}
[1.761231] (px4_msgs) StdoutLine: {'line': b'-- Up-to-date: /home/mustardking/ws_sensor_combined/install/px4_msgs/include/px4_msgs/px4_msgs/msg/detail/rover_throttle_setpoint__type_support.hpp\n'}
[1.761254] (px4_msgs) StdoutLine: {'line': b'-- Up-to-date: /home/mustardking/ws_sensor_combined/install/px4_msgs/include/px4_msgs/px4_msgs/msg/detail/rtl_time_estimate__type_support.hpp\n'}
[1.761276] (px4_msgs) StdoutLine: {'line': b'-- Up-to-date: /home/mustardking/ws_sensor_combined/install/px4_msgs/include/px4_msgs/px4_msgs/msg/detail/open_drone_id_self_id__struct.hpp\n'}
[1.761297] (px4_msgs) StdoutLine: {'line': b'-- Up-to-date: /home/mustardking/ws_sensor_combined/install/px4_msgs/include/px4_msgs/px4_msgs/msg/detail/fuel_tank_status__builder.hpp\n'}
[1.761320] (px4_msgs) StdoutLine: {'line': b'-- Up-to-date: /home/mustardking/ws_sensor_combined/install/px4_msgs/include/px4_msgs/px4_msgs/msg/detail/yaw_estimator_status__builder.hpp\n'}
[1.761342] (px4_msgs) StdoutLine: {'line': b'-- Up-to-date: /home/mustardking/ws_sensor_combined/install/px4_msgs/include/px4_msgs/px4_msgs/msg/detail/heater_status__struct.hpp\n'}
[1.761386] (px4_msgs) StdoutLine: {'line': b'-- Up-to-date: /home/mustardking/ws_sensor_combined/install/px4_msgs/include/px4_msgs/px4_msgs/msg/detail/message_format_response__struct.hpp\n'}
[1.761408] (px4_msgs) StdoutLine: {'line': b'-- Up-to-date: /home/mustardking/ws_sensor_combined/install/px4_msgs/include/px4_msgs/px4_msgs/msg/detail/dataman_response__traits.hpp\n'}
[1.761430] (px4_msgs) StdoutLine: {'line': b'-- Up-to-date: /home/mustardking/ws_sensor_combined/install/px4_msgs/include/px4_msgs/px4_msgs/msg/detail/vehicle_command_ack__type_support.hpp\n'}
[1.761452] (px4_msgs) StdoutLine: {'line': b'-- Up-to-date: /home/mustardking/ws_sensor_combined/install/px4_msgs/include/px4_msgs/px4_msgs/msg/detail/rover_throttle_setpoint__struct.hpp\n'}
[1.761488] (px4_msgs) StdoutLine: {'line': b'-- Up-to-date: /home/mustardking/ws_sensor_combined/install/px4_msgs/include/px4_msgs/px4_msgs/msg/detail/sensor_accel_fifo__type_support.hpp\n'}
[1.761523] (px4_msgs) StdoutLine: {'line': b'-- Up-to-date: /home/mustardking/ws_sensor_combined/install/px4_msgs/include/px4_msgs/px4_msgs/msg/detail/transponder_report__builder.hpp\n'}
[1.761557] (px4_msgs) StdoutLine: {'line': b'-- Up-to-date: /home/mustardking/ws_sensor_combined/install/px4_msgs/include/px4_msgs/px4_msgs/msg/detail/internal_combustion_engine_status__builder.hpp\n'}
[1.761586] (px4_msgs) StdoutLine: {'line': b'-- Up-to-date: /home/mustardking/ws_sensor_combined/install/px4_msgs/include/px4_msgs/px4_msgs/msg/detail/parameter_set_value_request__traits.hpp\n'}
[1.761635] (px4_msgs) StdoutLine: {'line': b'-- Up-to-date: /home/mustardking/ws_sensor_combined/install/px4_msgs/include/px4_msgs/px4_msgs/msg/detail/button_event__builder.hpp\n'}
[1.761657] (px4_msgs) StdoutLine: {'line': b'-- Up-to-date: /home/mustardking/ws_sensor_combined/install/px4_msgs/include/px4_msgs/px4_msgs/msg/detail/navigator_status__type_support.hpp\n'}
[1.761679] (px4_msgs) StdoutLine: {'line': b'-- Up-to-date: /home/mustardking/ws_sensor_combined/install/px4_msgs/include/px4_msgs/px4_msgs/msg/detail/debug_vect__type_support.hpp\n'}
[1.761702] (px4_msgs) StdoutLine: {'line': b'-- Up-to-date: /home/mustardking/ws_sensor_combined/install/px4_msgs/include/px4_msgs/px4_msgs/msg/detail/mag_worker_data__struct.hpp\n'}
[1.763022] (px4_msgs) StdoutLine: {'line': b'-- Up-to-date: /home/mustardking/ws_sensor_combined/install/px4_msgs/include/px4_msgs/px4_msgs/msg/detail/log_message__builder.hpp\n'}
[1.763056] (px4_msgs) StdoutLine: {'line': b'-- Up-to-date: /home/mustardking/ws_sensor_combined/install/px4_msgs/include/px4_msgs/px4_msgs/msg/detail/power_button_state__struct.hpp\n'}
[1.763079] (px4_msgs) StdoutLine: {'line': b'-- Up-to-date: /home/mustardking/ws_sensor_combined/install/px4_msgs/include/px4_msgs/px4_msgs/msg/detail/cpuload__traits.hpp\n'}
[1.763103] (px4_msgs) StdoutLine: {'line': b'-- Up-to-date: /home/mustardking/ws_sensor_combined/install/px4_msgs/include/px4_msgs/px4_msgs/msg/detail/dronecan_node_status__struct.hpp\n'}
[1.763126] (px4_msgs) StdoutLine: {'line': b'-- Up-to-date: /home/mustardking/ws_sensor_combined/install/px4_msgs/include/px4_msgs/px4_msgs/msg/detail/register_ext_component_reply__traits.hpp\n'}
[1.763148] (px4_msgs) StdoutLine: {'line': b'-- Up-to-date: /home/mustardking/ws_sensor_combined/install/px4_msgs/include/px4_msgs/px4_msgs/msg/detail/vehicle_optical_flow__traits.hpp\n'}
[1.763170] (px4_msgs) StdoutLine: {'line': b'-- Up-to-date: /home/mustardking/ws_sensor_combined/install/px4_msgs/include/px4_msgs/px4_msgs/msg/detail/timesync_status__builder.hpp\n'}
[1.763192] (px4_msgs) StdoutLine: {'line': b'-- Up-to-date: /home/mustardking/ws_sensor_combined/install/px4_msgs/include/px4_msgs/px4_msgs/msg/detail/rtl_time_estimate__struct.hpp\n'}
[1.763221] (px4_msgs) StdoutLine: {'line': b'-- Up-to-date: /home/mustardking/ws_sensor_combined/install/px4_msgs/include/px4_msgs/px4_msgs/msg/detail/fixed_wing_lateral_setpoint__builder.hpp\n'}
[1.763251] (px4_msgs) StdoutLine: {'line': b'-- Up-to-date: /home/mustardking/ws_sensor_combined/install/px4_msgs/include/px4_msgs/px4_msgs/msg/detail/vehicle_magnetometer__builder.hpp\n'}
[1.763288] (px4_msgs) StdoutLine: {'line': b'-- Up-to-date: /home/mustardking/ws_sensor_combined/install/px4_msgs/include/px4_msgs/px4_msgs/msg/detail/task_stack_info__type_support.hpp\n'}
[1.763310] (px4_msgs) StdoutLine: {'line': b'-- Up-to-date: /home/mustardking/ws_sensor_combined/install/px4_msgs/include/px4_msgs/px4_msgs/msg/detail/open_drone_id_self_id__builder.hpp\n'}
[1.763333] (px4_msgs) StdoutLine: {'line': b'-- Up-to-date: /home/mustardking/ws_sensor_combined/install/px4_msgs/include/px4_msgs/px4_msgs/msg/detail/vehicle_angular_velocity__builder.hpp\n'}
[1.763355] (px4_msgs) StdoutLine: {'line': b'-- Up-to-date: /home/mustardking/ws_sensor_combined/install/px4_msgs/include/px4_msgs/px4_msgs/msg/detail/orb_test_large__traits.hpp\n'}
[1.763377] (px4_msgs) StdoutLine: {'line': b'-- Up-to-date: /home/mustardking/ws_sensor_combined/install/px4_msgs/include/px4_msgs/px4_msgs/msg/detail/rc_channels__type_support.hpp\n'}
[1.763398] (px4_msgs) StdoutLine: {'line': b'-- Up-to-date: /home/mustardking/ws_sensor_combined/install/px4_msgs/include/px4_msgs/px4_msgs/msg/detail/estimator_status__traits.hpp\n'}
[1.763420] (px4_msgs) StdoutLine: {'line': b'-- Up-to-date: /home/mustardking/ws_sensor_combined/install/px4_msgs/include/px4_msgs/px4_msgs/msg/detail/action_request__type_support.hpp\n'}
[1.763442] (px4_msgs) StdoutLine: {'line': b'-- Up-to-date: /home/mustardking/ws_sensor_combined/install/px4_msgs/include/px4_msgs/px4_msgs/msg/detail/sensor_gyro_fft__struct.hpp\n'}
[1.763464] (px4_msgs) StdoutLine: {'line': b'-- Up-to-date: /home/mustardking/ws_sensor_combined/install/px4_msgs/include/px4_msgs/px4_msgs/msg/detail/control_allocator_status__builder.hpp\n'}
[1.763486] (px4_msgs) StdoutLine: {'line': b'-- Up-to-date: /home/mustardking/ws_sensor_combined/install/px4_msgs/include/px4_msgs/px4_msgs/msg/detail/sensor_gyro_fft__type_support.hpp\n'}
[1.763513] (px4_msgs) StdoutLine: {'line': b'-- Up-to-date: /home/mustardking/ws_sensor_combined/install/px4_msgs/include/px4_msgs/px4_msgs/msg/detail/dronecan_node_status__builder.hpp\n'}
[1.763535] (px4_msgs) StdoutLine: {'line': b'-- Up-to-date: /home/mustardking/ws_sensor_combined/install/px4_msgs/include/px4_msgs/px4_msgs/msg/detail/heater_status__builder.hpp\n'}
[1.763557] (px4_msgs) StdoutLine: {'line': b'-- Up-to-date: /home/mustardking/ws_sensor_combined/install/px4_msgs/include/px4_msgs/px4_msgs/msg/detail/sensor_gps__builder.hpp\n'}
[1.763579] (px4_msgs) StdoutLine: {'line': b'-- Up-to-date: /home/mustardking/ws_sensor_combined/install/px4_msgs/include/px4_msgs/px4_msgs/msg/detail/mavlink_log__traits.hpp\n'}
[1.763600] (px4_msgs) StdoutLine: {'line': b'-- Up-to-date: /home/mustardking/ws_sensor_combined/install/px4_msgs/include/px4_msgs/px4_msgs/msg/detail/unregister_ext_component__struct.hpp\n'}
[1.763625] (px4_msgs) StdoutLine: {'line': b'-- Up-to-date: /home/mustardking/ws_sensor_combined/install/px4_msgs/include/px4_msgs/px4_msgs/msg/detail/neural_control__traits.hpp\n'}
[1.763647] (px4_msgs) StdoutLine: {'line': b'-- Up-to-date: /home/mustardking/ws_sensor_combined/install/px4_msgs/include/px4_msgs/px4_msgs/msg/detail/tecs_status__struct.hpp\n'}
[1.763670] (px4_msgs) StdoutLine: {'line': b'-- Up-to-date: /home/mustardking/ws_sensor_combined/install/px4_msgs/include/px4_msgs/px4_msgs/msg/detail/esc_status__traits.hpp\n'}
[1.763703] (px4_msgs) StdoutLine: {'line': b'-- Up-to-date: /home/mustardking/ws_sensor_combined/install/px4_msgs/include/px4_msgs/px4_msgs/msg/detail/rtl_time_estimate__traits.hpp\n'}
[1.763725] (px4_msgs) StdoutLine: {'line': b'-- Up-to-date: /home/mustardking/ws_sensor_combined/install/px4_msgs/include/px4_msgs/px4_msgs/msg/detail/internal_combustion_engine_status__struct.hpp\n'}
[1.763747] (px4_msgs) StdoutLine: {'line': b'-- Up-to-date: /home/mustardking/ws_sensor_combined/install/px4_msgs/include/px4_msgs/px4_msgs/msg/detail/vehicle_air_data__struct.hpp\n'}
[1.763771] (px4_msgs) StdoutLine: {'line': b'-- Up-to-date: /home/mustardking/ws_sensor_combined/install/px4_msgs/include/px4_msgs/px4_msgs/msg/detail/rover_rate_status__traits.hpp\n'}
[1.763809] (px4_msgs) StdoutLine: {'line': b'-- Up-to-date: /home/mustardking/ws_sensor_combined/install/px4_msgs/include/px4_msgs/px4_msgs/msg/detail/orbit_status__type_support.hpp\n'}
[1.763832] (px4_msgs) StdoutLine: {'line': b'-- Up-to-date: /home/mustardking/ws_sensor_combined/install/px4_msgs/include/px4_msgs/px4_msgs/msg/detail/px4io_status__struct.hpp\n'}
[1.763854] (px4_msgs) StdoutLine: {'line': b'-- Up-to-date: /home/mustardking/ws_sensor_combined/install/px4_msgs/include/px4_msgs/px4_msgs/msg/detail/estimator_status__builder.hpp\n'}
[1.763876] (px4_msgs) StdoutLine: {'line': b'-- Up-to-date: /home/mustardking/ws_sensor_combined/install/px4_msgs/include/px4_msgs/px4_msgs/msg/detail/vehicle_land_detected__builder.hpp\n'}
[1.763899] (px4_msgs) StdoutLine: {'line': b'-- Up-to-date: /home/mustardking/ws_sensor_combined/install/px4_msgs/include/px4_msgs/px4_msgs/msg/detail/input_rc__struct.hpp\n'}
[1.763921] (px4_msgs) StdoutLine: {'line': b'-- Up-to-date: /home/mustardking/ws_sensor_combined/install/px4_msgs/include/px4_msgs/px4_msgs/msg/detail/sensor_accel_fifo__traits.hpp\n'}
[1.763943] (px4_msgs) StdoutLine: {'line': b'-- Up-to-date: /home/mustardking/ws_sensor_combined/install/px4_msgs/include/px4_msgs/px4_msgs/msg/detail/hover_thrust_estimate__struct.hpp\n'}
[1.763965] (px4_msgs) StdoutLine: {'line': b'-- Up-to-date: /home/mustardking/ws_sensor_combined/install/px4_msgs/include/px4_msgs/px4_msgs/msg/detail/vtol_vehicle_status__builder.hpp\n'}
[1.763987] (px4_msgs) StdoutLine: {'line': b'-- Up-to-date: /home/mustardking/ws_sensor_combined/install/px4_msgs/include/px4_msgs/px4_msgs/msg/detail/navigator_mission_item__struct.hpp\n'}
[1.764009] (px4_msgs) StdoutLine: {'line': b'-- Up-to-date: /home/mustardking/ws_sensor_combined/install/px4_msgs/include/px4_msgs/px4_msgs/msg/detail/estimator_selector_status__builder.hpp\n'}
[1.764031] (px4_msgs) StdoutLine: {'line': b'-- Up-to-date: /home/mustardking/ws_sensor_combined/install/px4_msgs/include/px4_msgs/px4_msgs/msg/detail/vehicle_optical_flow__struct.hpp\n'}
[1.764052] (px4_msgs) StdoutLine: {'line': b'-- Up-to-date: /home/mustardking/ws_sensor_combined/install/px4_msgs/include/px4_msgs/px4_msgs/msg/detail/vehicle_imu_status__struct.hpp\n'}
[1.764075] (px4_msgs) StdoutLine: {'line': b'-- Up-to-date: /home/mustardking/ws_sensor_combined/install/px4_msgs/include/px4_msgs/px4_msgs/msg/detail/airspeed_wind__builder.hpp\n'}
[1.764097] (px4_msgs) StdoutLine: {'line': b'-- Up-to-date: /home/mustardking/ws_sensor_combined/install/px4_msgs/include/px4_msgs/px4_msgs/msg/detail/timesync_status__type_support.hpp\n'}
[1.764119] (px4_msgs) StdoutLine: {'line': b'-- Up-to-date: /home/mustardking/ws_sensor_combined/install/px4_msgs/include/px4_msgs/px4_msgs/msg/detail/rover_throttle_setpoint__traits.hpp\n'}
[1.764141] (px4_msgs) StdoutLine: {'line': b'-- Up-to-date: /home/mustardking/ws_sensor_combined/install/px4_msgs/include/px4_msgs/px4_msgs/msg/detail/vehicle_imu_status__type_support.hpp\n'}
[1.764163] (px4_msgs) StdoutLine: {'line': b'-- Up-to-date: /home/mustardking/ws_sensor_combined/install/px4_msgs/include/px4_msgs/px4_msgs/msg/detail/rover_speed_status__traits.hpp\n'}
[1.764184] (px4_msgs) StdoutLine: {'line': b'-- Up-to-date: /home/mustardking/ws_sensor_combined/install/px4_msgs/include/px4_msgs/px4_msgs/msg/detail/estimator_gps_status__type_support.hpp\n'}
[1.764206] (px4_msgs) StdoutLine: {'line': b'-- Up-to-date: /home/mustardking/ws_sensor_combined/install/px4_msgs/include/px4_msgs/px4_msgs/msg/detail/fuel_tank_status__traits.hpp\n'}
[1.764228] (px4_msgs) StdoutLine: {'line': b'-- Up-to-date: /home/mustardking/ws_sensor_combined/install/px4_msgs/include/px4_msgs/px4_msgs/msg/detail/landing_target_innovations__type_support.hpp\n'}
[1.764258] (px4_msgs) StdoutLine: {'line': b'-- Up-to-date: /home/mustardking/ws_sensor_combined/install/px4_msgs/include/px4_msgs/px4_msgs/msg/detail/vehicle_status__type_support.hpp\n'}
[1.764355] (px4_msgs) StdoutLine: {'line': b'-- Up-to-date: /home/mustardking/ws_sensor_combined/install/px4_msgs/include/px4_msgs/px4_msgs/msg/detail/parameter_update__traits.hpp\n'}
[1.764384] (px4_msgs) StdoutLine: {'line': b'-- Up-to-date: /home/mustardking/ws_sensor_combined/install/px4_msgs/include/px4_msgs/px4_msgs/msg/detail/sensor_airflow__builder.hpp\n'}
[1.764410] (px4_msgs) StdoutLine: {'line': b'-- Up-to-date: /home/mustardking/ws_sensor_combined/install/px4_msgs/include/px4_msgs/px4_msgs/msg/detail/ulog_stream_ack__builder.hpp\n'}
[1.764433] (px4_msgs) StdoutLine: {'line': b'-- Up-to-date: /home/mustardking/ws_sensor_combined/install/px4_msgs/include/px4_msgs/px4_msgs/msg/detail/iridiumsbd_status__type_support.hpp\n'}
[1.764456] (px4_msgs) StdoutLine: {'line': b'-- Up-to-date: /home/mustardking/ws_sensor_combined/install/px4_msgs/include/px4_msgs/px4_msgs/msg/detail/estimator_states__struct.hpp\n'}
[1.764478] (px4_msgs) StdoutLine: {'line': b'-- Up-to-date: /home/mustardking/ws_sensor_combined/install/px4_msgs/include/px4_msgs/px4_msgs/msg/detail/autotune_attitude_control_status__struct.hpp\n'}
[1.764502] (px4_msgs) StdoutLine: {'line': b'-- Up-to-date: /home/mustardking/ws_sensor_combined/install/px4_msgs/include/px4_msgs/px4_msgs/msg/detail/esc_report__type_support.hpp\n'}
[1.764525] (px4_msgs) StdoutLine: {'line': b'-- Up-to-date: /home/mustardking/ws_sensor_combined/install/px4_msgs/include/px4_msgs/px4_msgs/msg/detail/log_message__struct.hpp\n'}
[1.764548] (px4_msgs) StdoutLine: {'line': b'-- Up-to-date: /home/mustardking/ws_sensor_combined/install/px4_msgs/include/px4_msgs/px4_msgs/msg/detail/pure_pursuit_status__struct.hpp\n'}
[1.764570] (px4_msgs) StdoutLine: {'line': b'-- Up-to-date: /home/mustardking/ws_sensor_combined/install/px4_msgs/include/px4_msgs/px4_msgs/msg/detail/navigator_status__traits.hpp\n'}
[1.764593] (px4_msgs) StdoutLine: {'line': b'-- Up-to-date: /home/mustardking/ws_sensor_combined/install/px4_msgs/include/px4_msgs/px4_msgs/msg/detail/gimbal_controls__type_support.hpp\n'}
[1.764615] (px4_msgs) StdoutLine: {'line': b'-- Up-to-date: /home/mustardking/ws_sensor_combined/install/px4_msgs/include/px4_msgs/px4_msgs/msg/detail/vehicle_odometry__type_support.hpp\n'}
[1.764637] (px4_msgs) StdoutLine: {'line': b'-- Up-to-date: /home/mustardking/ws_sensor_combined/install/px4_msgs/include/px4_msgs/px4_msgs/msg/detail/geofence_result__struct.hpp\n'}
[1.764659] (px4_msgs) StdoutLine: {'line': b'-- Up-to-date: /home/mustardking/ws_sensor_combined/install/px4_msgs/include/px4_msgs/px4_msgs/msg/detail/actuator_servos__builder.hpp\n'}
[1.764681] (px4_msgs) StdoutLine: {'line': b'-- Up-to-date: /home/mustardking/ws_sensor_combined/install/px4_msgs/include/px4_msgs/px4_msgs/msg/detail/gimbal_device_information__struct.hpp\n'}
[1.764704] (px4_msgs) StdoutLine: {'line': b'-- Up-to-date: /home/mustardking/ws_sensor_combined/install/px4_msgs/include/px4_msgs/px4_msgs/msg/detail/rover_rate_setpoint__traits.hpp\n'}
[1.764727] (px4_msgs) StdoutLine: {'line': b'-- Up-to-date: /home/mustardking/ws_sensor_combined/install/px4_msgs/include/px4_msgs/px4_msgs/msg/detail/logger_status__traits.hpp\n'}
[1.764749] (px4_msgs) StdoutLine: {'line': b'-- Up-to-date: /home/mustardking/ws_sensor_combined/install/px4_msgs/include/px4_msgs/px4_msgs/msg/detail/vehicle_optical_flow_vel__type_support.hpp\n'}
[1.764771] (px4_msgs) StdoutLine: {'line': b'-- Up-to-date: /home/mustardking/ws_sensor_combined/install/px4_msgs/include/px4_msgs/px4_msgs/msg/detail/vehicle_optical_flow_vel__struct.hpp\n'}
[1.764794] (px4_msgs) StdoutLine: {'line': b'-- Up-to-date: /home/mustardking/ws_sensor_combined/install/px4_msgs/include/px4_msgs/px4_msgs/msg/detail/camera_status__type_support.hpp\n'}
[1.764816] (px4_msgs) StdoutLine: {'line': b'-- Up-to-date: /home/mustardking/ws_sensor_combined/install/px4_msgs/include/px4_msgs/px4_msgs/msg/detail/vehicle_rates_setpoint__type_support.hpp\n'}
[1.764838] (px4_msgs) StdoutLine: {'line': b'-- Up-to-date: /home/mustardking/ws_sensor_combined/install/px4_msgs/include/px4_msgs/px4_msgs/msg/detail/satellite_info__builder.hpp\n'}
[1.764860] (px4_msgs) StdoutLine: {'line': b'-- Up-to-date: /home/mustardking/ws_sensor_combined/install/px4_msgs/include/px4_msgs/px4_msgs/msg/detail/mag_worker_data__type_support.hpp\n'}
[1.764885] (px4_msgs) StdoutLine: {'line': b'-- Up-to-date: /home/mustardking/ws_sensor_combined/install/px4_msgs/include/px4_msgs/px4_msgs/msg/detail/vehicle_constraints__builder.hpp\n'}
[1.764916] (px4_msgs) StdoutLine: {'line': b'-- Up-to-date: /home/mustardking/ws_sensor_combined/install/px4_msgs/include/px4_msgs/px4_msgs/msg/detail/message_format_request__builder.hpp\n'}
[1.764940] (px4_msgs) StdoutLine: {'line': b'-- Up-to-date: /home/mustardking/ws_sensor_combined/install/px4_msgs/include/px4_msgs/px4_msgs/msg/detail/differential_pressure__traits.hpp\n'}
[1.764963] (px4_msgs) StdoutLine: {'line': b'-- Up-to-date: /home/mustardking/ws_sensor_combined/install/px4_msgs/include/px4_msgs/px4_msgs/msg/detail/sensor_gps__struct.hpp\n'}
[1.764986] (px4_msgs) StdoutLine: {'line': b'-- Up-to-date: /home/mustardking/ws_sensor_combined/install/px4_msgs/include/px4_msgs/px4_msgs/msg/detail/landing_gear__builder.hpp\n'}
[1.765012] (px4_msgs) StdoutLine: {'line': b'-- Up-to-date: /home/mustardking/ws_sensor_combined/install/px4_msgs/include/px4_msgs/px4_msgs/msg/detail/cellular_status__struct.hpp\n'}
[1.765041] (px4_msgs) StdoutLine: {'line': b'-- Up-to-date: /home/mustardking/ws_sensor_combined/install/px4_msgs/include/px4_msgs/px4_msgs/msg/detail/lateral_control_configuration__struct.hpp\n'}
[1.765064] (px4_msgs) StdoutLine: {'line': b'-- Up-to-date: /home/mustardking/ws_sensor_combined/install/px4_msgs/include/px4_msgs/px4_msgs/msg/detail/vehicle_acceleration__type_support.hpp\n'}
[1.765087] (px4_msgs) StdoutLine: {'line': b'-- Up-to-date: /home/mustardking/ws_sensor_combined/install/px4_msgs/include/px4_msgs/px4_msgs/msg/detail/ekf2_timestamps__traits.hpp\n'}
[1.765113] (px4_msgs) StdoutLine: {'line': b'-- Up-to-date: /home/mustardking/ws_sensor_combined/install/px4_msgs/include/px4_msgs/px4_msgs/msg/detail/obstacle_distance__traits.hpp\n'}
[1.765137] (px4_msgs) StdoutLine: {'line': b'-- Up-to-date: /home/mustardking/ws_sensor_combined/install/px4_msgs/include/px4_msgs/px4_msgs/msg/detail/led_control__struct.hpp\n'}
[1.765159] (px4_msgs) StdoutLine: {'line': b'-- Up-to-date: /home/mustardking/ws_sensor_combined/install/px4_msgs/include/px4_msgs/px4_msgs/msg/detail/cellular_status__traits.hpp\n'}
[1.765181] (px4_msgs) StdoutLine: {'line': b'-- Up-to-date: /home/mustardking/ws_sensor_combined/install/px4_msgs/include/px4_msgs/px4_msgs/msg/detail/gimbal_manager_set_manual_control__builder.hpp\n'}
[1.765204] (px4_msgs) StdoutLine: {'line': b'-- Up-to-date: /home/mustardking/ws_sensor_combined/install/px4_msgs/include/px4_msgs/px4_msgs/msg/detail/follow_target_estimator__type_support.hpp\n'}
[1.765226] (px4_msgs) StdoutLine: {'line': b'-- Up-to-date: /home/mustardking/ws_sensor_combined/install/px4_msgs/include/px4_msgs/px4_msgs/msg/detail/rover_rate_status__builder.hpp\n'}
[1.765254] (px4_msgs) StdoutLine: {'line': b'-- Up-to-date: /home/mustardking/ws_sensor_combined/install/px4_msgs/include/px4_msgs/px4_msgs/msg/detail/sensors_status_imu__type_support.hpp\n'}
[1.765283] (px4_msgs) StdoutLine: {'line': b'-- Up-to-date: /home/mustardking/ws_sensor_combined/install/px4_msgs/include/px4_msgs/px4_msgs/msg/detail/estimator_innovations__builder.hpp\n'}
[1.765306] (px4_msgs) StdoutLine: {'line': b'-- Up-to-date: /home/mustardking/ws_sensor_combined/install/px4_msgs/include/px4_msgs/px4_msgs/msg/detail/tiltrotor_extra_controls__builder.hpp\n'}
[1.765329] (px4_msgs) StdoutLine: {'line': b'-- Up-to-date: /home/mustardking/ws_sensor_combined/install/px4_msgs/include/px4_msgs/px4_msgs/msg/detail/vehicle_roi__traits.hpp\n'}
[1.765352] (px4_msgs) StdoutLine: {'line': b'-- Up-to-date: /home/mustardking/ws_sensor_combined/install/px4_msgs/include/px4_msgs/px4_msgs/msg/detail/vehicle_local_position__struct.hpp\n'}
[1.765375] (px4_msgs) StdoutLine: {'line': b'-- Up-to-date: /home/mustardking/ws_sensor_combined/install/px4_msgs/include/px4_msgs/px4_msgs/msg/detail/estimator_aid_source3d__traits.hpp\n'}
[1.765400] (px4_msgs) StdoutLine: {'line': b'-- Up-to-date: /home/mustardking/ws_sensor_combined/install/px4_msgs/include/px4_msgs/px4_msgs/msg/detail/magnetometer_bias_estimate__struct.hpp\n'}
[1.765423] (px4_msgs) StdoutLine: {'line': b'-- Up-to-date: /home/mustardking/ws_sensor_combined/install/px4_msgs/include/px4_msgs/px4_msgs/msg/detail/led_control__type_support.hpp\n'}
[1.765448] (px4_msgs) StdoutLine: {'line': b'-- Up-to-date: /home/mustardking/ws_sensor_combined/install/px4_msgs/include/px4_msgs/px4_msgs/msg/detail/vehicle_imu__builder.hpp\n'}
[1.765471] (px4_msgs) StdoutLine: {'line': b'-- Up-to-date: /home/mustardking/ws_sensor_combined/install/px4_msgs/include/px4_msgs/px4_msgs/msg/detail/orb_test__builder.hpp\n'}
[1.765493] (px4_msgs) StdoutLine: {'line': b'-- Up-to-date: /home/mustardking/ws_sensor_combined/install/px4_msgs/include/px4_msgs/px4_msgs/msg/detail/rover_speed_status__struct.hpp\n'}
[1.765607] (px4_msgs) StdoutLine: {'line': b'-- Up-to-date: /home/mustardking/ws_sensor_combined/install/px4_msgs/include/px4_msgs/px4_msgs/msg/detail/landing_gear_wheel__struct.hpp\n'}
[1.765641] (px4_msgs) StdoutLine: {'line': b'-- Up-to-date: /home/mustardking/ws_sensor_combined/install/px4_msgs/include/px4_msgs/px4_msgs/msg/detail/gps_dump__traits.hpp\n'}
[1.765674] (px4_msgs) StdoutLine: {'line': b'-- Up-to-date: /home/mustardking/ws_sensor_combined/install/px4_msgs/include/px4_msgs/px4_msgs/msg/detail/gpio_request__struct.hpp\n'}
[1.765698] (px4_msgs) StdoutLine: {'line': b'-- Up-to-date: /home/mustardking/ws_sensor_combined/install/px4_msgs/include/px4_msgs/px4_msgs/msg/detail/orb_test_medium__builder.hpp\n'}
[1.765733] (px4_msgs) StdoutLine: {'line': b'-- Up-to-date: /home/mustardking/ws_sensor_combined/install/px4_msgs/include/px4_msgs/px4_msgs/msg/detail/gimbal_manager_set_manual_control__traits.hpp\n'}
[1.766691] (px4_msgs) StdoutLine: {'line': b'-- Up-to-date: /home/mustardking/ws_sensor_combined/install/px4_msgs/include/px4_msgs/px4_msgs/msg/detail/estimator_gps_status__builder.hpp\n'}
[1.766716] (px4_msgs) StdoutLine: {'line': b'-- Up-to-date: /home/mustardking/ws_sensor_combined/install/px4_msgs/include/px4_msgs/px4_msgs/msg/detail/vehicle_rates_setpoint__builder.hpp\n'}
[1.766739] (px4_msgs) StdoutLine: {'line': b'-- Up-to-date: /home/mustardking/ws_sensor_combined/install/px4_msgs/include/px4_msgs/px4_msgs/msg/detail/rover_speed_setpoint__type_support.hpp\n'}
[1.766761] (px4_msgs) StdoutLine: {'line': b'-- Up-to-date: /home/mustardking/ws_sensor_combined/install/px4_msgs/include/px4_msgs/px4_msgs/msg/detail/trajectory_setpoint__type_support.hpp\n'}
[1.766783] (px4_msgs) StdoutLine: {'line': b'-- Up-to-date: /home/mustardking/ws_sensor_combined/install/px4_msgs/include/px4_msgs/px4_msgs/msg/detail/dataman_request__struct.hpp\n'}
[1.766806] (px4_msgs) StdoutLine: {'line': b'-- Up-to-date: /home/mustardking/ws_sensor_combined/install/px4_msgs/include/px4_msgs/px4_msgs/msg/detail/rover_attitude_setpoint__struct.hpp\n'}
[1.766828] (px4_msgs) StdoutLine: {'line': b'-- Up-to-date: /home/mustardking/ws_sensor_combined/install/px4_msgs/include/px4_msgs/px4_msgs/msg/detail/tune_control__type_support.hpp\n'}
[1.766895] (px4_msgs) StdoutLine: {'line': b'-- Up-to-date: /home/mustardking/ws_sensor_combined/install/px4_msgs/include/px4_msgs/px4_msgs/msg/detail/gimbal_manager_information__builder.hpp\n'}
[1.766918] (px4_msgs) StdoutLine: {'line': b'-- Up-to-date: /home/mustardking/ws_sensor_combined/install/px4_msgs/include/px4_msgs/px4_msgs/msg/detail/position_controller_status__builder.hpp\n'}
[1.766941] (px4_msgs) StdoutLine: {'line': b'-- Up-to-date: /home/mustardking/ws_sensor_combined/install/px4_msgs/include/px4_msgs/px4_msgs/msg/detail/dronecan_node_status__traits.hpp\n'}
[1.766964] (px4_msgs) StdoutLine: {'line': b'-- Up-to-date: /home/mustardking/ws_sensor_combined/install/px4_msgs/include/px4_msgs/px4_msgs/msg/detail/vehicle_angular_acceleration_setpoint__traits.hpp\n'}
[1.766987] (px4_msgs) StdoutLine: {'line': b'-- Up-to-date: /home/mustardking/ws_sensor_combined/install/px4_msgs/include/px4_msgs/px4_msgs/msg/detail/rover_attitude_setpoint__type_support.hpp\n'}
[1.767025] (px4_msgs) StdoutLine: {'line': b'-- Up-to-date: /home/mustardking/ws_sensor_combined/install/px4_msgs/include/px4_msgs/px4_msgs/msg/detail/estimator_bias3d__type_support.hpp\n'}
[1.767053] (px4_msgs) StdoutLine: {'line': b'-- Up-to-date: /home/mustardking/ws_sensor_combined/install/px4_msgs/include/px4_msgs/px4_msgs/msg/detail/ulog_stream_ack__type_support.hpp\n'}
[1.767076] (px4_msgs) StdoutLine: {'line': b'-- Up-to-date: /home/mustardking/ws_sensor_combined/install/px4_msgs/include/px4_msgs/px4_msgs/msg/detail/message_format_request__traits.hpp\n'}
[1.767098] (px4_msgs) StdoutLine: {'line': b'-- Up-to-date: /home/mustardking/ws_sensor_combined/install/px4_msgs/include/px4_msgs/px4_msgs/msg/detail/goto_setpoint__type_support.hpp\n'}
[1.767121] (px4_msgs) StdoutLine: {'line': b'-- Up-to-date: /home/mustardking/ws_sensor_combined/install/px4_msgs/include/px4_msgs/px4_msgs/msg/detail/open_drone_id_system__type_support.hpp\n'}
[1.767148] (px4_msgs) StdoutLine: {'line': b'-- Up-to-date: /home/mustardking/ws_sensor_combined/install/px4_msgs/include/px4_msgs/px4_msgs/msg/detail/generator_status__traits.hpp\n'}
[1.767177] (px4_msgs) StdoutLine: {'line': b'-- Up-to-date: /home/mustardking/ws_sensor_combined/install/px4_msgs/include/px4_msgs/px4_msgs/msg/detail/vehicle_local_position__traits.hpp\n'}
[1.767199] (px4_msgs) StdoutLine: {'line': b'-- Up-to-date: /home/mustardking/ws_sensor_combined/install/px4_msgs/include/px4_msgs/px4_msgs/msg/detail/mission_result__builder.hpp\n'}
[1.767222] (px4_msgs) StdoutLine: {'line': b'-- Up-to-date: /home/mustardking/ws_sensor_combined/install/px4_msgs/include/px4_msgs/px4_msgs/msg/detail/sensor_gps__type_support.hpp\n'}
[1.767244] (px4_msgs) StdoutLine: {'line': b'-- Up-to-date: /home/mustardking/ws_sensor_combined/install/px4_msgs/include/px4_msgs/px4_msgs/msg/detail/ekf2_timestamps__builder.hpp\n'}
[1.767267] (px4_msgs) StdoutLine: {'line': b'-- Up-to-date: /home/mustardking/ws_sensor_combined/install/px4_msgs/include/px4_msgs/px4_msgs/msg/detail/heater_status__type_support.hpp\n'}
[1.767298] (px4_msgs) StdoutLine: {'line': b'-- Up-to-date: /home/mustardking/ws_sensor_combined/install/px4_msgs/include/px4_msgs/px4_msgs/msg/detail/arming_check_request__builder.hpp\n'}
[1.767322] (px4_msgs) StdoutLine: {'line': b'-- Up-to-date: /home/mustardking/ws_sensor_combined/install/px4_msgs/include/px4_msgs/px4_msgs/msg/detail/estimator_states__builder.hpp\n'}
[1.767354] (px4_msgs) StdoutLine: {'line': b'-- Up-to-date: /home/mustardking/ws_sensor_combined/install/px4_msgs/include/px4_msgs/px4_msgs/msg/detail/fixed_wing_longitudinal_setpoint__type_support.hpp\n'}
[1.767384] (px4_msgs) StdoutLine: {'line': b'-- Up-to-date: /home/mustardking/ws_sensor_combined/install/px4_msgs/include/px4_msgs/px4_msgs/msg/detail/longitudinal_control_configuration__type_support.hpp\n'}
[1.767411] (px4_msgs) StdoutLine: {'line': b'-- Up-to-date: /home/mustardking/ws_sensor_combined/install/px4_msgs/include/px4_msgs/px4_msgs/msg/detail/vtol_vehicle_status__struct.hpp\n'}
[1.767434] (px4_msgs) StdoutLine: {'line': b'-- Up-to-date: /home/mustardking/ws_sensor_combined/install/px4_msgs/include/px4_msgs/px4_msgs/msg/detail/esc_report__struct.hpp\n'}
[1.767456] (px4_msgs) StdoutLine: {'line': b'-- Up-to-date: /home/mustardking/ws_sensor_combined/install/px4_msgs/include/px4_msgs/px4_msgs/msg/detail/geofence_status__builder.hpp\n'}
[1.767487] (px4_msgs) StdoutLine: {'line': b'-- Up-to-date: /home/mustardking/ws_sensor_combined/install/px4_msgs/include/px4_msgs/px4_msgs/msg/detail/landing_target_innovations__traits.hpp\n'}
[1.767512] (px4_msgs) StdoutLine: {'line': b'-- Up-to-date: /home/mustardking/ws_sensor_combined/install/px4_msgs/include/px4_msgs/px4_msgs/msg/detail/vehicle_status__builder.hpp\n'}
[1.767545] (px4_msgs) StdoutLine: {'line': b'-- Up-to-date: /home/mustardking/ws_sensor_combined/install/px4_msgs/include/px4_msgs/px4_msgs/msg/detail/sensor_correction__builder.hpp\n'}
[1.767568] (px4_msgs) StdoutLine: {'line': b'-- Up-to-date: /home/mustardking/ws_sensor_combined/install/px4_msgs/include/px4_msgs/px4_msgs/msg/detail/vehicle_odometry__builder.hpp\n'}
[1.767594] (px4_msgs) StdoutLine: {'line': b'-- Up-to-date: /home/mustardking/ws_sensor_combined/install/px4_msgs/include/px4_msgs/px4_msgs/msg/detail/button_event__traits.hpp\n'}
[1.767616] (px4_msgs) StdoutLine: {'line': b'-- Up-to-date: /home/mustardking/ws_sensor_combined/install/px4_msgs/include/px4_msgs/px4_msgs/msg/detail/navigator_mission_item__traits.hpp\n'}
[1.767643] (px4_msgs) StdoutLine: {'line': b'-- Up-to-date: /home/mustardking/ws_sensor_combined/install/px4_msgs/include/px4_msgs/px4_msgs/msg/detail/rc_channels__builder.hpp\n'}
[1.767666] (px4_msgs) StdoutLine: {'line': b'-- Up-to-date: /home/mustardking/ws_sensor_combined/install/px4_msgs/include/px4_msgs/px4_msgs/msg/detail/can_interface_status__type_support.hpp\n'}
[1.767689] (px4_msgs) StdoutLine: {'line': b'-- Up-to-date: /home/mustardking/ws_sensor_combined/install/px4_msgs/include/px4_msgs/px4_msgs/msg/detail/vtol_vehicle_status__type_support.hpp\n'}
[1.767711] (px4_msgs) StdoutLine: {'line': b'-- Up-to-date: /home/mustardking/ws_sensor_combined/install/px4_msgs/include/px4_msgs/px4_msgs/msg/detail/tecs_status__builder.hpp\n'}
[1.767734] (px4_msgs) StdoutLine: {'line': b'-- Up-to-date: /home/mustardking/ws_sensor_combined/install/px4_msgs/include/px4_msgs/px4_msgs/msg/detail/launch_detection_status__builder.hpp\n'}
[1.767764] (px4_msgs) StdoutLine: {'line': b'-- Up-to-date: /home/mustardking/ws_sensor_combined/install/px4_msgs/include/px4_msgs/px4_msgs/msg/detail/pure_pursuit_status__traits.hpp\n'}
[1.767786] (px4_msgs) StdoutLine: {'line': b'-- Up-to-date: /home/mustardking/ws_sensor_combined/install/px4_msgs/include/px4_msgs/px4_msgs/msg/detail/follow_target__struct.hpp\n'}
[1.767808] (px4_msgs) StdoutLine: {'line': b'-- Up-to-date: /home/mustardking/ws_sensor_combined/install/px4_msgs/include/px4_msgs/px4_msgs/msg/detail/vehicle_command_ack__traits.hpp\n'}
[1.767830] (px4_msgs) StdoutLine: {'line': b'-- Up-to-date: /home/mustardking/ws_sensor_combined/install/px4_msgs/include/px4_msgs/px4_msgs/msg/detail/uavcan_parameter_request__struct.hpp\n'}
[1.767865] (px4_msgs) StdoutLine: {'line': b'-- Up-to-date: /home/mustardking/ws_sensor_combined/install/px4_msgs/include/px4_msgs/px4_msgs/msg/detail/uavcan_parameter_request__traits.hpp\n'}
[1.767889] (px4_msgs) StdoutLine: {'line': b'-- Up-to-date: /home/mustardking/ws_sensor_combined/install/px4_msgs/include/px4_msgs/px4_msgs/msg/detail/figure_eight_status__type_support.hpp\n'}
[1.767912] (px4_msgs) StdoutLine: {'line': b'-- Up-to-date: /home/mustardking/ws_sensor_combined/install/px4_msgs/include/px4_msgs/px4_msgs/msg/detail/vehicle_attitude_setpoint__type_support.hpp\n'}
[1.767934] (px4_msgs) StdoutLine: {'line': b'-- Up-to-date: /home/mustardking/ws_sensor_combined/install/px4_msgs/include/px4_msgs/px4_msgs/msg/detail/battery_status__type_support.hpp\n'}
[1.767957] (px4_msgs) StdoutLine: {'line': b'-- Up-to-date: /home/mustardking/ws_sensor_combined/install/px4_msgs/include/px4_msgs/px4_msgs/msg/detail/sensor_gps__traits.hpp\n'}
[1.767979] (px4_msgs) StdoutLine: {'line': b'-- Up-to-date: /home/mustardking/ws_sensor_combined/install/px4_msgs/include/px4_msgs/px4_msgs/msg/detail/qshell_req__struct.hpp\n'}
[1.768001] (px4_msgs) StdoutLine: {'line': b'-- Up-to-date: /home/mustardking/ws_sensor_combined/install/px4_msgs/include/px4_msgs/px4_msgs/msg/detail/position_controller_landing_status__struct.hpp\n'}
[1.768025] (px4_msgs) StdoutLine: {'line': b'-- Up-to-date: /home/mustardking/ws_sensor_combined/install/px4_msgs/include/px4_msgs/px4_msgs/msg/detail/rpm__type_support.hpp\n'}
[1.768057] (px4_msgs) StdoutLine: {'line': b'-- Up-to-date: /home/mustardking/ws_sensor_combined/install/px4_msgs/include/px4_msgs/px4_msgs/msg/detail/offboard_control_mode__traits.hpp\n'}
[1.768079] (px4_msgs) StdoutLine: {'line': b'-- Up-to-date: /home/mustardking/ws_sensor_combined/install/px4_msgs/include/px4_msgs/px4_msgs/msg/detail/sensor_accel__struct.hpp\n'}
[1.768101] (px4_msgs) StdoutLine: {'line': b'-- Up-to-date: /home/mustardking/ws_sensor_combined/install/px4_msgs/include/px4_msgs/px4_msgs/msg/detail/dataman_request__builder.hpp\n'}
[1.768134] (px4_msgs) StdoutLine: {'line': b'-- Up-to-date: /home/mustardking/ws_sensor_combined/install/px4_msgs/include/px4_msgs/px4_msgs/msg/detail/register_ext_component_request__type_support.hpp\n'}
[1.768160] (px4_msgs) StdoutLine: {'line': b'-- Up-to-date: /home/mustardking/ws_sensor_combined/install/px4_msgs/include/px4_msgs/px4_msgs/msg/detail/trajectory_setpoint__struct.hpp\n'}
[1.768182] (px4_msgs) StdoutLine: {'line': b'-- Up-to-date: /home/mustardking/ws_sensor_combined/install/px4_msgs/include/px4_msgs/px4_msgs/msg/detail/actuator_servos__traits.hpp\n'}
[1.768204] (px4_msgs) StdoutLine: {'line': b'-- Up-to-date: /home/mustardking/ws_sensor_combined/install/px4_msgs/include/px4_msgs/px4_msgs/msg/detail/debug_vect__struct.hpp\n'}
[1.768226] (px4_msgs) StdoutLine: {'line': b'-- Up-to-date: /home/mustardking/ws_sensor_combined/install/px4_msgs/include/px4_msgs/px4_msgs/msg/detail/qshell_req__builder.hpp\n'}
[1.768257] (px4_msgs) StdoutLine: {'line': b'-- Up-to-date: /home/mustardking/ws_sensor_combined/install/px4_msgs/include/px4_msgs/px4_msgs/msg/detail/generator_status__struct.hpp\n'}
[1.768388] (px4_msgs) StdoutLine: {'line': b'-- Up-to-date: /home/mustardking/ws_sensor_combined/install/px4_msgs/include/px4_msgs/px4_msgs/msg/detail/velocity_limits__traits.hpp\n'}
[1.768427] (px4_msgs) StdoutLine: {'line': b'-- Up-to-date: /home/mustardking/ws_sensor_combined/install/px4_msgs/include/px4_msgs/px4_msgs/msg/detail/longitudinal_control_configuration__traits.hpp\n'}
[1.768452] (px4_msgs) StdoutLine: {'line': b'-- Up-to-date: /home/mustardking/ws_sensor_combined/install/px4_msgs/include/px4_msgs/px4_msgs/msg/detail/ping__traits.hpp\n'}
[1.768475] (px4_msgs) StdoutLine: {'line': b'-- Up-to-date: /home/mustardking/ws_sensor_combined/install/px4_msgs/include/px4_msgs/px4_msgs/msg/detail/mode_completed__traits.hpp\n'}
[1.768501] (px4_msgs) StdoutLine: {'line': b'-- Up-to-date: /home/mustardking/ws_sensor_combined/install/px4_msgs/include/px4_msgs/px4_msgs/msg/detail/camera_trigger__type_support.hpp\n'}
[1.768523] (px4_msgs) StdoutLine: {'line': b'-- Up-to-date: /home/mustardking/ws_sensor_combined/install/px4_msgs/include/px4_msgs/px4_msgs/msg/detail/sensor_accel__builder.hpp\n'}
[1.768545] (px4_msgs) StdoutLine: {'line': b'-- Up-to-date: /home/mustardking/ws_sensor_combined/install/px4_msgs/include/px4_msgs/px4_msgs/msg/detail/open_drone_id_arm_status__type_support.hpp\n'}
[1.768568] (px4_msgs) StdoutLine: {'line': b'-- Up-to-date: /home/mustardking/ws_sensor_combined/install/px4_msgs/include/px4_msgs/px4_msgs/msg/detail/health_report__struct.hpp\n'}
[1.768590] (px4_msgs) StdoutLine: {'line': b'-- Up-to-date: /home/mustardking/ws_sensor_combined/install/px4_msgs/include/px4_msgs/px4_msgs/msg/detail/health_report__builder.hpp\n'}
[1.768612] (px4_msgs) StdoutLine: {'line': b'-- Up-to-date: /home/mustardking/ws_sensor_combined/install/px4_msgs/include/px4_msgs/px4_msgs/msg/detail/sensor_gnss_status__type_support.hpp\n'}
[1.768634] (px4_msgs) StdoutLine: {'line': b'-- Up-to-date: /home/mustardking/ws_sensor_combined/install/px4_msgs/include/px4_msgs/px4_msgs/msg/detail/fixed_wing_longitudinal_setpoint__struct.hpp\n'}
[1.768670] (px4_msgs) StdoutLine: {'line': b'-- Up-to-date: /home/mustardking/ws_sensor_combined/install/px4_msgs/include/px4_msgs/px4_msgs/msg/detail/arming_check_request__traits.hpp\n'}
[1.768692] (px4_msgs) StdoutLine: {'line': b'-- Up-to-date: /home/mustardking/ws_sensor_combined/install/px4_msgs/include/px4_msgs/px4_msgs/msg/detail/fixed_wing_lateral_setpoint__type_support.hpp\n'}
[1.768715] (px4_msgs) StdoutLine: {'line': b'-- Up-to-date: /home/mustardking/ws_sensor_combined/install/px4_msgs/include/px4_msgs/px4_msgs/msg/detail/gps_inject_data__traits.hpp\n'}
[1.768737] (px4_msgs) StdoutLine: {'line': b'-- Up-to-date: /home/mustardking/ws_sensor_combined/install/px4_msgs/include/px4_msgs/px4_msgs/msg/detail/offboard_control_mode__struct.hpp\n'}
[1.768760] (px4_msgs) StdoutLine: {'line': b'-- Up-to-date: /home/mustardking/ws_sensor_combined/install/px4_msgs/include/px4_msgs/px4_msgs/msg/detail/sensor_baro__traits.hpp\n'}
[1.768792] (px4_msgs) StdoutLine: {'line': b'-- Up-to-date: /home/mustardking/ws_sensor_combined/install/px4_msgs/include/px4_msgs/px4_msgs/msg/detail/camera_capture__traits.hpp\n'}
[1.768816] (px4_msgs) StdoutLine: {'line': b'-- Up-to-date: /home/mustardking/ws_sensor_combined/install/px4_msgs/include/px4_msgs/px4_msgs/msg/detail/parameter_set_value_request__builder.hpp\n'}
[1.768838] (px4_msgs) StdoutLine: {'line': b'-- Up-to-date: /home/mustardking/ws_sensor_combined/install/px4_msgs/include/px4_msgs/px4_msgs/msg/detail/sensor_uwb__type_support.hpp\n'}
[1.768869] (px4_msgs) StdoutLine: {'line': b'-- Up-to-date: /home/mustardking/ws_sensor_combined/install/px4_msgs/include/px4_msgs/px4_msgs/msg/detail/navigator_status__struct.hpp\n'}
[1.768893] (px4_msgs) StdoutLine: {'line': b'-- Up-to-date: /home/mustardking/ws_sensor_combined/install/px4_msgs/include/px4_msgs/px4_msgs/msg/detail/gimbal_device_set_attitude__type_support.hpp\n'}
[1.768922] (px4_msgs) StdoutLine: {'line': b'-- Up-to-date: /home/mustardking/ws_sensor_combined/install/px4_msgs/include/px4_msgs/px4_msgs/msg/detail/orbit_status__traits.hpp\n'}
[1.768948] (px4_msgs) StdoutLine: {'line': b'-- Up-to-date: /home/mustardking/ws_sensor_combined/install/px4_msgs/include/px4_msgs/px4_msgs/msg/detail/estimator_bias__traits.hpp\n'}
[1.768980] (px4_msgs) StdoutLine: {'line': b'-- Up-to-date: /home/mustardking/ws_sensor_combined/install/px4_msgs/include/px4_msgs/px4_msgs/msg/detail/logger_status__type_support.hpp\n'}
[1.769006] (px4_msgs) StdoutLine: {'line': b'-- Up-to-date: /home/mustardking/ws_sensor_combined/install/px4_msgs/include/px4_msgs/px4_msgs/msg/detail/parameter_update__type_support.hpp\n'}
[1.769028] (px4_msgs) StdoutLine: {'line': b'-- Up-to-date: /home/mustardking/ws_sensor_combined/install/px4_msgs/include/px4_msgs/px4_msgs/msg/detail/landing_target_pose__builder.hpp\n'}
[1.769050] (px4_msgs) StdoutLine: {'line': b'-- Up-to-date: /home/mustardking/ws_sensor_combined/install/px4_msgs/include/px4_msgs/px4_msgs/msg/detail/parameter_set_value_response__struct.hpp\n'}
[1.769073] (px4_msgs) StdoutLine: {'line': b'-- Up-to-date: /home/mustardking/ws_sensor_combined/install/px4_msgs/include/px4_msgs/px4_msgs/msg/detail/qshell_retval__traits.hpp\n'}
[1.769097] (px4_msgs) StdoutLine: {'line': b'-- Up-to-date: /home/mustardking/ws_sensor_combined/install/px4_msgs/include/px4_msgs/px4_msgs/msg/detail/failure_detector_status__type_support.hpp\n'}
[1.769119] (px4_msgs) StdoutLine: {'line': b'-- Up-to-date: /home/mustardking/ws_sensor_combined/install/px4_msgs/include/px4_msgs/px4_msgs/msg/detail/sensor_gyro__builder.hpp\n'}
[1.769142] (px4_msgs) StdoutLine: {'line': b'-- Up-to-date: /home/mustardking/ws_sensor_combined/install/px4_msgs/include/px4_msgs/px4_msgs/msg/detail/esc_status__builder.hpp\n'}
[1.769163] (px4_msgs) StdoutLine: {'line': b'-- Up-to-date: /home/mustardking/ws_sensor_combined/install/px4_msgs/include/px4_msgs/px4_msgs/msg/detail/sensor_optical_flow__type_support.hpp\n'}
[1.769186] (px4_msgs) StdoutLine: {'line': b'-- Up-to-date: /home/mustardking/ws_sensor_combined/install/px4_msgs/include/px4_msgs/px4_msgs/msg/detail/rtl_status__type_support.hpp\n'}
[1.769207] (px4_msgs) StdoutLine: {'line': b'-- Up-to-date: /home/mustardking/ws_sensor_combined/install/px4_msgs/include/px4_msgs/px4_msgs/msg/detail/position_controller_status__type_support.hpp\n'}
[1.769241] (px4_msgs) StdoutLine: {'line': b'-- Up-to-date: /home/mustardking/ws_sensor_combined/install/px4_msgs/include/px4_msgs/px4_msgs/msg/detail/obstacle_distance__builder.hpp\n'}
[1.769266] (px4_msgs) StdoutLine: {'line': b'-- Up-to-date: /home/mustardking/ws_sensor_combined/install/px4_msgs/include/px4_msgs/px4_msgs/msg/detail/dataman_response__builder.hpp\n'}
[1.769289] (px4_msgs) StdoutLine: {'line': b'-- Up-to-date: /home/mustardking/ws_sensor_combined/install/px4_msgs/include/px4_msgs/px4_msgs/msg/detail/estimator_aid_source2d__struct.hpp\n'}
[1.769316] (px4_msgs) StdoutLine: {'line': b'-- Up-to-date: /home/mustardking/ws_sensor_combined/install/px4_msgs/include/px4_msgs/px4_msgs/msg/detail/vehicle_status__traits.hpp\n'}
[1.769338] (px4_msgs) StdoutLine: {'line': b'-- Up-to-date: /home/mustardking/ws_sensor_combined/install/px4_msgs/include/px4_msgs/px4_msgs/msg/detail/vehicle_acceleration__struct.hpp\n'}
[1.769360] (px4_msgs) StdoutLine: {'line': b'-- Up-to-date: /home/mustardking/ws_sensor_combined/install/px4_msgs/include/px4_msgs/px4_msgs/msg/detail/system_power__builder.hpp\n'}
[1.769391] (px4_msgs) StdoutLine: {'line': b'-- Up-to-date: /home/mustardking/ws_sensor_combined/install/px4_msgs/include/px4_msgs/px4_msgs/msg/detail/task_stack_info__builder.hpp\n'}
[1.769414] (px4_msgs) StdoutLine: {'line': b'-- Up-to-date: /home/mustardking/ws_sensor_combined/install/px4_msgs/include/px4_msgs/px4_msgs/msg/detail/debug_array__builder.hpp\n'}
[1.769437] (px4_msgs) StdoutLine: {'line': b'-- Up-to-date: /home/mustardking/ws_sensor_combined/install/px4_msgs/include/px4_msgs/px4_msgs/msg/detail/gpio_request__builder.hpp\n'}
[1.769466] (px4_msgs) StdoutLine: {'line': b'-- Up-to-date: /home/mustardking/ws_sensor_combined/install/px4_msgs/include/px4_msgs/px4_msgs/msg/detail/yaw_estimator_status__struct.hpp\n'}
[1.769489] (px4_msgs) StdoutLine: {'line': b'-- Up-to-date: /home/mustardking/ws_sensor_combined/install/px4_msgs/include/px4_msgs/px4_msgs/msg/detail/config_overrides__struct.hpp\n'}
[1.769511] (px4_msgs) StdoutLine: {'line': b'-- Up-to-date: /home/mustardking/ws_sensor_combined/install/px4_msgs/include/px4_msgs/px4_msgs/msg/detail/telemetry_status__traits.hpp\n'}
[1.769532] (px4_msgs) StdoutLine: {'line': b'-- Up-to-date: /home/mustardking/ws_sensor_combined/install/px4_msgs/include/px4_msgs/px4_msgs/msg/detail/sensor_preflight_mag__traits.hpp\n'}
[1.769555] (px4_msgs) StdoutLine: {'line': b'-- Up-to-date: /home/mustardking/ws_sensor_combined/install/px4_msgs/include/px4_msgs/px4_msgs/msg/detail/estimator_event_flags__builder.hpp\n'}
[1.769578] (px4_msgs) StdoutLine: {'line': b'-- Up-to-date: /home/mustardking/ws_sensor_combined/install/px4_msgs/include/px4_msgs/px4_msgs/msg/detail/fixed_wing_longitudinal_setpoint__builder.hpp\n'}
[1.769601] (px4_msgs) StdoutLine: {'line': b'-- Up-to-date: /home/mustardking/ws_sensor_combined/install/px4_msgs/include/px4_msgs/px4_msgs/msg/detail/config_overrides__type_support.hpp\n'}
[1.769624] (px4_msgs) StdoutLine: {'line': b'-- Up-to-date: /home/mustardking/ws_sensor_combined/install/px4_msgs/include/px4_msgs/px4_msgs/msg/detail/rover_rate_setpoint__type_support.hpp\n'}
[1.769647] (px4_msgs) StdoutLine: {'line': b'-- Up-to-date: /home/mustardking/ws_sensor_combined/install/px4_msgs/include/px4_msgs/px4_msgs/msg/detail/gps_dump__type_support.hpp\n'}
[1.769669] (px4_msgs) StdoutLine: {'line': b'-- Up-to-date: /home/mustardking/ws_sensor_combined/install/px4_msgs/include/px4_msgs/px4_msgs/msg/detail/navigator_mission_item__type_support.hpp\n'}
[1.769691] (px4_msgs) StdoutLine: {'line': b'-- Up-to-date: /home/mustardking/ws_sensor_combined/install/px4_msgs/include/px4_msgs/px4_msgs/msg/detail/rc_parameter_map__traits.hpp\n'}
[1.769713] (px4_msgs) StdoutLine: {'line': b'-- Up-to-date: /home/mustardking/ws_sensor_combined/install/px4_msgs/include/px4_msgs/px4_msgs/msg/detail/sensor_correction__struct.hpp\n'}
[1.769741] (px4_msgs) StdoutLine: {'line': b'-- Up-to-date: /home/mustardking/ws_sensor_combined/install/px4_msgs/include/px4_msgs/px4_msgs/msg/detail/sensor_gyro__type_support.hpp\n'}
[1.769769] (px4_msgs) StdoutLine: {'line': b'-- Up-to-date: /home/mustardking/ws_sensor_combined/install/px4_msgs/include/px4_msgs/px4_msgs/msg/detail/parameter_set_value_response__builder.hpp\n'}
[1.769792] (px4_msgs) StdoutLine: {'line': b'-- Up-to-date: /home/mustardking/ws_sensor_combined/install/px4_msgs/include/px4_msgs/px4_msgs/msg/detail/magnetometer_bias_estimate__type_support.hpp\n'}
[1.769814] (px4_msgs) StdoutLine: {'line': b'-- Up-to-date: /home/mustardking/ws_sensor_combined/install/px4_msgs/include/px4_msgs/px4_msgs/msg/detail/airspeed_validated__type_support.hpp\n'}
[1.769838] (px4_msgs) StdoutLine: {'line': b'-- Up-to-date: /home/mustardking/ws_sensor_combined/install/px4_msgs/include/px4_msgs/px4_msgs/msg/detail/sensor_gyro__struct.hpp\n'}
[1.769864] (px4_msgs) StdoutLine: {'line': b'-- Up-to-date: /home/mustardking/ws_sensor_combined/install/px4_msgs/include/px4_msgs/px4_msgs/msg/detail/landing_gear_wheel__traits.hpp\n'}
[1.769893] (px4_msgs) StdoutLine: {'line': b'-- Up-to-date: /home/mustardking/ws_sensor_combined/install/px4_msgs/include/px4_msgs/px4_msgs/msg/detail/orb_test__traits.hpp\n'}
[1.769915] (px4_msgs) StdoutLine: {'line': b'-- Up-to-date: /home/mustardking/ws_sensor_combined/install/px4_msgs/include/px4_msgs/px4_msgs/msg/detail/distance_sensor__builder.hpp\n'}
[1.769940] (px4_msgs) StdoutLine: {'line': b'-- Up-to-date: /home/mustardking/ws_sensor_combined/install/px4_msgs/include/px4_msgs/px4_msgs/msg/detail/heater_status__traits.hpp\n'}
[1.769962] (px4_msgs) StdoutLine: {'line': b'-- Up-to-date: /home/mustardking/ws_sensor_combined/install/px4_msgs/include/px4_msgs/px4_msgs/msg/detail/manual_control_switches__builder.hpp\n'}
[1.769985] (px4_msgs) StdoutLine: {'line': b'-- Up-to-date: /home/mustardking/ws_sensor_combined/install/px4_msgs/include/px4_msgs/px4_msgs/msg/detail/estimator_aid_source3d__builder.hpp\n'}
[1.770007] (px4_msgs) StdoutLine: {'line': b'-- Up-to-date: /home/mustardking/ws_sensor_combined/install/px4_msgs/include/px4_msgs/px4_msgs/msg/detail/vehicle_angular_acceleration_setpoint__builder.hpp\n'}
[1.770036] (px4_msgs) StdoutLine: {'line': b'-- Up-to-date: /home/mustardking/ws_sensor_combined/install/px4_msgs/include/px4_msgs/px4_msgs/msg/detail/sensor_gyro_fifo__builder.hpp\n'}
[1.770063] (px4_msgs) StdoutLine: {'line': b'-- Up-to-date: /home/mustardking/ws_sensor_combined/install/px4_msgs/include/px4_msgs/px4_msgs/msg/detail/mag_worker_data__traits.hpp\n'}
[1.770084] (px4_msgs) StdoutLine: {'line': b'-- Up-to-date: /home/mustardking/ws_sensor_combined/install/px4_msgs/include/px4_msgs/px4_msgs/msg/detail/unregister_ext_component__builder.hpp\n'}
[1.770106] (px4_msgs) StdoutLine: {'line': b'-- Up-to-date: /home/mustardking/ws_sensor_combined/install/px4_msgs/include/px4_msgs/px4_msgs/msg/detail/manual_control_setpoint__builder.hpp\n'}
[1.770137] (px4_msgs) StdoutLine: {'line': b'-- Up-to-date: /home/mustardking/ws_sensor_combined/install/px4_msgs/include/px4_msgs/px4_msgs/msg/detail/config_overrides__builder.hpp\n'}
[1.770161] (px4_msgs) StdoutLine: {'line': b'-- Up-to-date: /home/mustardking/ws_sensor_combined/install/px4_msgs/include/px4_msgs/px4_msgs/msg/detail/mode_completed__builder.hpp\n'}
[1.770183] (px4_msgs) StdoutLine: {'line': b'-- Up-to-date: /home/mustardking/ws_sensor_combined/install/px4_msgs/include/px4_msgs/px4_msgs/msg/detail/iridiumsbd_status__traits.hpp\n'}
[1.770206] (px4_msgs) StdoutLine: {'line': b'-- Up-to-date: /home/mustardking/ws_sensor_combined/install/px4_msgs/include/px4_msgs/px4_msgs/msg/detail/sensor_mag__builder.hpp\n'}
[1.770251] (px4_msgs) StdoutLine: {'line': b'-- Up-to-date: /home/mustardking/ws_sensor_combined/install/px4_msgs/include/px4_msgs/px4_msgs/msg/detail/vehicle_command__type_support.hpp\n'}
[1.770274] (px4_msgs) StdoutLine: {'line': b'-- Up-to-date: /home/mustardking/ws_sensor_combined/install/px4_msgs/include/px4_msgs/px4_msgs/msg/detail/actuator_armed__type_support.hpp\n'}
[1.770296] (px4_msgs) StdoutLine: {'line': b'-- Up-to-date: /home/mustardking/ws_sensor_combined/install/px4_msgs/include/px4_msgs/px4_msgs/msg/detail/power_monitor__builder.hpp\n'}
[1.770318] (px4_msgs) StdoutLine: {'line': b'-- Up-to-date: /home/mustardking/ws_sensor_combined/install/px4_msgs/include/px4_msgs/px4_msgs/msg/detail/onboard_computer_status__traits.hpp\n'}
[1.770340] (px4_msgs) StdoutLine: {'line': b'-- Up-to-date: /home/mustardking/ws_sensor_combined/install/px4_msgs/include/px4_msgs/px4_msgs/msg/detail/camera_capture__builder.hpp\n'}
[1.770362] (px4_msgs) StdoutLine: {'line': b'-- Up-to-date: /home/mustardking/ws_sensor_combined/install/px4_msgs/include/px4_msgs/px4_msgs/msg/detail/mavlink_tunnel__builder.hpp\n'}
[1.770386] (px4_msgs) StdoutLine: {'line': b'-- Up-to-date: /home/mustardking/ws_sensor_combined/install/px4_msgs/include/px4_msgs/px4_msgs/msg/detail/gimbal_device_attitude_status__traits.hpp\n'}
[1.770408] (px4_msgs) StdoutLine: {'line': b'-- Up-to-date: /home/mustardking/ws_sensor_combined/install/px4_msgs/include/px4_msgs/px4_msgs/msg/detail/landing_target_pose__type_support.hpp\n'}
[1.770431] (px4_msgs) StdoutLine: {'line': b'-- Up-to-date: /home/mustardking/ws_sensor_combined/install/px4_msgs/include/px4_msgs/px4_msgs/msg/detail/estimator_states__type_support.hpp\n'}
[1.770454] (px4_msgs) StdoutLine: {'line': b'-- Up-to-date: /home/mustardking/ws_sensor_combined/install/px4_msgs/include/px4_msgs/px4_msgs/msg/detail/actuator_test__builder.hpp\n'}
[1.770476] (px4_msgs) StdoutLine: {'line': b'-- Up-to-date: /home/mustardking/ws_sensor_combined/install/px4_msgs/include/px4_msgs/px4_msgs/msg/detail/dataman_response__type_support.hpp\n'}
[1.770498] (px4_msgs) StdoutLine: {'line': b'-- Up-to-date: /home/mustardking/ws_sensor_combined/install/px4_msgs/include/px4_msgs/px4_msgs/msg/detail/neural_control__struct.hpp\n'}
[1.770520] (px4_msgs) StdoutLine: {'line': b'-- Up-to-date: /home/mustardking/ws_sensor_combined/install/px4_msgs/include/px4_msgs/px4_msgs/msg/detail/telemetry_status__builder.hpp\n'}
[1.770542] (px4_msgs) StdoutLine: {'line': b'-- Up-to-date: /home/mustardking/ws_sensor_combined/install/px4_msgs/include/px4_msgs/px4_msgs/msg/detail/estimator_selector_status__traits.hpp\n'}
[1.770571] (px4_msgs) StdoutLine: {'line': b'-- Up-to-date: /home/mustardking/ws_sensor_combined/install/px4_msgs/include/px4_msgs/px4_msgs/msg/detail/collision_constraints__traits.hpp\n'}
[1.770596] (px4_msgs) StdoutLine: {'line': b'-- Up-to-date: /home/mustardking/ws_sensor_combined/install/px4_msgs/include/px4_msgs/px4_msgs/msg/detail/actuator_controls_status__struct.hpp\n'}
[1.770623] (px4_msgs) StdoutLine: {'line': b'-- Up-to-date: /home/mustardking/ws_sensor_combined/install/px4_msgs/include/px4_msgs/px4_msgs/msg/detail/sensor_gyro_fft__builder.hpp\n'}
[1.770645] (px4_msgs) StdoutLine: {'line': b'-- Up-to-date: /home/mustardking/ws_sensor_combined/install/px4_msgs/include/px4_msgs/px4_msgs/msg/detail/vehicle_attitude__traits.hpp\n'}
[1.770679] (px4_msgs) StdoutLine: {'line': b'-- Up-to-date: /home/mustardking/ws_sensor_combined/install/px4_msgs/include/px4_msgs/px4_msgs/msg/detail/gpio_in__traits.hpp\n'}
[1.770708] (px4_msgs) StdoutLine: {'line': b'-- Up-to-date: /home/mustardking/ws_sensor_combined/install/px4_msgs/include/px4_msgs/px4_msgs/msg/detail/follow_target_estimator__traits.hpp\n'}
[1.770735] (px4_msgs) StdoutLine: {'line': b'-- Up-to-date: /home/mustardking/ws_sensor_combined/install/px4_msgs/include/px4_msgs/px4_msgs/msg/detail/unregister_ext_component__type_support.hpp\n'}
[1.770757] (px4_msgs) StdoutLine: {'line': b'-- Up-to-date: /home/mustardking/ws_sensor_combined/install/px4_msgs/include/px4_msgs/px4_msgs/msg/detail/battery_status__traits.hpp\n'}
[1.770779] (px4_msgs) StdoutLine: {'line': b'-- Up-to-date: /home/mustardking/ws_sensor_combined/install/px4_msgs/include/px4_msgs/px4_msgs/msg/detail/vehicle_command_ack__struct.hpp\n'}
[1.770801] (px4_msgs) StdoutLine: {'line': b'-- Up-to-date: /home/mustardking/ws_sensor_combined/install/px4_msgs/include/px4_msgs/px4_msgs/msg/detail/fuel_tank_status__type_support.hpp\n'}
[1.770824] (px4_msgs) StdoutLine: {'line': b'-- Up-to-date: /home/mustardking/ws_sensor_combined/install/px4_msgs/include/px4_msgs/px4_msgs/msg/detail/gripper__traits.hpp\n'}
[1.770850] (px4_msgs) StdoutLine: {'line': b'-- Up-to-date: /home/mustardking/ws_sensor_combined/install/px4_msgs/include/px4_msgs/px4_msgs/msg/detail/sensor_gnss_relative__traits.hpp\n'}
[1.770878] (px4_msgs) StdoutLine: {'line': b'-- Up-to-date: /home/mustardking/ws_sensor_combined/install/px4_msgs/include/px4_msgs/px4_msgs/msg/detail/vehicle_command__struct.hpp\n'}
[1.770900] (px4_msgs) StdoutLine: {'line': b'-- Up-to-date: /home/mustardking/ws_sensor_combined/install/px4_msgs/include/px4_msgs/px4_msgs/msg/detail/home_position__traits.hpp\n'}
[1.770924] (px4_msgs) StdoutLine: {'line': b'-- Up-to-date: /home/mustardking/ws_sensor_combined/install/px4_msgs/include/px4_msgs/px4_msgs/msg/detail/orb_test_large__type_support.hpp\n'}
[1.770949] (px4_msgs) StdoutLine: {'line': b'-- Up-to-date: /home/mustardking/ws_sensor_combined/install/px4_msgs/include/px4_msgs/px4_msgs/msg/detail/orb_test_medium__struct.hpp\n'}
[1.770978] (px4_msgs) StdoutLine: {'line': b'-- Up-to-date: /home/mustardking/ws_sensor_combined/install/px4_msgs/include/px4_msgs/px4_msgs/msg/detail/sensor_selection__struct.hpp\n'}
[1.771000] (px4_msgs) StdoutLine: {'line': b'-- Up-to-date: /home/mustardking/ws_sensor_combined/install/px4_msgs/include/px4_msgs/px4_msgs/msg/detail/home_position__type_support.hpp\n'}
[1.771022] (px4_msgs) StdoutLine: {'line': b'-- Up-to-date: /home/mustardking/ws_sensor_combined/install/px4_msgs/include/px4_msgs/px4_msgs/msg/detail/rover_rate_setpoint__builder.hpp\n'}
[1.771044] (px4_msgs) StdoutLine: {'line': b'-- Up-to-date: /home/mustardking/ws_sensor_combined/install/px4_msgs/include/px4_msgs/px4_msgs/msg/detail/battery_info__builder.hpp\n'}
[1.771066] (px4_msgs) StdoutLine: {'line': b'-- Up-to-date: /home/mustardking/ws_sensor_combined/install/px4_msgs/include/px4_msgs/px4_msgs/msg/detail/dataman_response__struct.hpp\n'}
[1.771088] (px4_msgs) StdoutLine: {'line': b'-- Up-to-date: /home/mustardking/ws_sensor_combined/install/px4_msgs/include/px4_msgs/px4_msgs/msg/detail/qshell_req__type_support.hpp\n'}
[1.771110] (px4_msgs) StdoutLine: {'line': b'-- Up-to-date: /home/mustardking/ws_sensor_combined/install/px4_msgs/include/px4_msgs/px4_msgs/msg/detail/gimbal_device_set_attitude__traits.hpp\n'}
[1.771133] (px4_msgs) StdoutLine: {'line': b'-- Up-to-date: /home/mustardking/ws_sensor_combined/install/px4_msgs/include/px4_msgs/px4_msgs/msg/detail/vehicle_magnetometer__traits.hpp\n'}
[1.771180] (px4_msgs) StdoutLine: {'line': b'-- Up-to-date: /home/mustardking/ws_sensor_combined/install/px4_msgs/include/px4_msgs/px4_msgs/msg/detail/cpuload__struct.hpp\n'}
[1.771202] (px4_msgs) StdoutLine: {'line': b'-- Up-to-date: /home/mustardking/ws_sensor_combined/install/px4_msgs/include/px4_msgs/px4_msgs/msg/detail/autotune_attitude_control_status__builder.hpp\n'}
[1.771225] (px4_msgs) StdoutLine: {'line': b'-- Up-to-date: /home/mustardking/ws_sensor_combined/install/px4_msgs/include/px4_msgs/px4_msgs/msg/detail/mavlink_tunnel__traits.hpp\n'}
[1.771247] (px4_msgs) StdoutLine: {'line': b'-- Up-to-date: /home/mustardking/ws_sensor_combined/install/px4_msgs/include/px4_msgs/px4_msgs/msg/detail/camera_trigger__builder.hpp\n'}
[1.771269] (px4_msgs) StdoutLine: {'line': b'-- Up-to-date: /home/mustardking/ws_sensor_combined/install/px4_msgs/include/px4_msgs/px4_msgs/msg/detail/sensors_status__type_support.hpp\n'}
[1.771291] (px4_msgs) StdoutLine: {'line': b'-- Up-to-date: /home/mustardking/ws_sensor_combined/install/px4_msgs/include/px4_msgs/px4_msgs/msg/detail/magnetometer_bias_estimate__traits.hpp\n'}
[1.771323] (px4_msgs) StdoutLine: {'line': b'-- Up-to-date: /home/mustardking/ws_sensor_combined/install/px4_msgs/include/px4_msgs/px4_msgs/msg/detail/collision_constraints__builder.hpp\n'}
[1.771345] (px4_msgs) StdoutLine: {'line': b'-- Up-to-date: /home/mustardking/ws_sensor_combined/install/px4_msgs/include/px4_msgs/px4_msgs/msg/detail/airspeed__type_support.hpp\n'}
[1.771367] (px4_msgs) StdoutLine: {'line': b'-- Up-to-date: /home/mustardking/ws_sensor_combined/install/px4_msgs/include/px4_msgs/px4_msgs/msg/detail/qshell_retval__builder.hpp\n'}
[1.771389] (px4_msgs) StdoutLine: {'line': b'-- Up-to-date: /home/mustardking/ws_sensor_combined/install/px4_msgs/include/px4_msgs/px4_msgs/msg/detail/pwm_input__builder.hpp\n'}
[1.771415] (px4_msgs) StdoutLine: {'line': b'-- Up-to-date: /home/mustardking/ws_sensor_combined/install/px4_msgs/include/px4_msgs/px4_msgs/msg/detail/onboard_computer_status__builder.hpp\n'}
[1.771437] (px4_msgs) StdoutLine: {'line': b'-- Up-to-date: /home/mustardking/ws_sensor_combined/install/px4_msgs/include/px4_msgs/px4_msgs/msg/detail/hover_thrust_estimate__type_support.hpp\n'}
[1.771461] (px4_msgs) StdoutLine: {'line': b'-- Up-to-date: /home/mustardking/ws_sensor_combined/install/px4_msgs/include/px4_msgs/px4_msgs/msg/detail/vehicle_status__struct.hpp\n'}
[1.771483] (px4_msgs) StdoutLine: {'line': b'-- Up-to-date: /home/mustardking/ws_sensor_combined/install/px4_msgs/include/px4_msgs/px4_msgs/msg/detail/sensor_preflight_mag__type_support.hpp\n'}
[1.771505] (px4_msgs) StdoutLine: {'line': b'-- Up-to-date: /home/mustardking/ws_sensor_combined/install/px4_msgs/include/px4_msgs/px4_msgs/msg/detail/internal_combustion_engine_control__struct.hpp\n'}
[1.771527] (px4_msgs) StdoutLine: {'line': b'-- Up-to-date: /home/mustardking/ws_sensor_combined/install/px4_msgs/include/px4_msgs/px4_msgs/msg/detail/action_request__builder.hpp\n'}
[1.771549] (px4_msgs) StdoutLine: {'line': b'-- Up-to-date: /home/mustardking/ws_sensor_combined/install/px4_msgs/include/px4_msgs/px4_msgs/msg/detail/debug_vect__builder.hpp\n'}
[1.771571] (px4_msgs) StdoutLine: {'line': b'-- Up-to-date: /home/mustardking/ws_sensor_combined/install/px4_msgs/include/px4_msgs/px4_msgs/msg/detail/gimbal_manager_set_manual_control__type_support.hpp\n'}
[1.771602] (px4_msgs) StdoutLine: {'line': b'-- Up-to-date: /home/mustardking/ws_sensor_combined/install/px4_msgs/include/px4_msgs/px4_msgs/msg/detail/cpuload__type_support.hpp\n'}
[1.771624] (px4_msgs) StdoutLine: {'line': b'-- Up-to-date: /home/mustardking/ws_sensor_combined/install/px4_msgs/include/px4_msgs/px4_msgs/msg/detail/power_button_state__builder.hpp\n'}
[1.771646] (px4_msgs) StdoutLine: {'line': b'-- Up-to-date: /home/mustardking/ws_sensor_combined/install/px4_msgs/include/px4_msgs/px4_msgs/msg/detail/parameter_reset_request__traits.hpp\n'}
[1.771668] (px4_msgs) StdoutLine: {'line': b'-- Up-to-date: /home/mustardking/ws_sensor_combined/install/px4_msgs/include/px4_msgs/px4_msgs/msg/detail/lateral_control_configuration__traits.hpp\n'}
[1.771690] (px4_msgs) StdoutLine: {'line': b'-- Up-to-date: /home/mustardking/ws_sensor_combined/install/px4_msgs/include/px4_msgs/px4_msgs/msg/detail/vehicle_thrust_setpoint__type_support.hpp\n'}
[1.771712] (px4_msgs) StdoutLine: {'line': b'-- Up-to-date: /home/mustardking/ws_sensor_combined/install/px4_msgs/include/px4_msgs/px4_msgs/msg/detail/debug_array__type_support.hpp\n'}
[1.771734] (px4_msgs) StdoutLine: {'line': b'-- Up-to-date: /home/mustardking/ws_sensor_combined/install/px4_msgs/include/px4_msgs/px4_msgs/msg/detail/power_monitor__type_support.hpp\n'}
[1.771756] (px4_msgs) StdoutLine: {'line': b'-- Up-to-date: /home/mustardking/ws_sensor_combined/install/px4_msgs/include/px4_msgs/px4_msgs/msg/detail/navigator_mission_item__builder.hpp\n'}
[1.771780] (px4_msgs) StdoutLine: {'line': b'-- Up-to-date: /home/mustardking/ws_sensor_combined/install/px4_msgs/include/px4_msgs/px4_msgs/msg/detail/estimator_sensor_bias__type_support.hpp\n'}
[1.771802] (px4_msgs) StdoutLine: {'line': b'-- Up-to-date: /home/mustardking/ws_sensor_combined/install/px4_msgs/include/px4_msgs/px4_msgs/msg/detail/open_drone_id_system__builder.hpp\n'}
[1.771824] (px4_msgs) StdoutLine: {'line': b'-- Up-to-date: /home/mustardking/ws_sensor_combined/install/px4_msgs/include/px4_msgs/px4_msgs/msg/detail/distance_sensor_mode_change_request__struct.hpp\n'}
[1.771846] (px4_msgs) StdoutLine: {'line': b'-- Up-to-date: /home/mustardking/ws_sensor_combined/install/px4_msgs/include/px4_msgs/px4_msgs/msg/detail/actuator_outputs__builder.hpp\n'}
[1.771868] (px4_msgs) StdoutLine: {'line': b'-- Up-to-date: /home/mustardking/ws_sensor_combined/install/px4_msgs/include/px4_msgs/px4_msgs/msg/detail/gripper__builder.hpp\n'}
[1.771890] (px4_msgs) StdoutLine: {'line': b'-- Up-to-date: /home/mustardking/ws_sensor_combined/install/px4_msgs/include/px4_msgs/px4_msgs/msg/detail/actuator_servos_trim__builder.hpp\n'}
[1.771912] (px4_msgs) StdoutLine: {'line': b'-- Up-to-date: /home/mustardking/ws_sensor_combined/install/px4_msgs/include/px4_msgs/px4_msgs/msg/detail/qshell_req__traits.hpp\n'}
[1.771934] (px4_msgs) StdoutLine: {'line': b'-- Up-to-date: /home/mustardking/ws_sensor_combined/install/px4_msgs/include/px4_msgs/px4_msgs/msg/detail/sensor_combined__struct.hpp\n'}
[1.771957] (px4_msgs) StdoutLine: {'line': b'-- Up-to-date: /home/mustardking/ws_sensor_combined/install/px4_msgs/include/px4_msgs/px4_msgs/msg/detail/gimbal_device_information__traits.hpp\n'}
[1.771979] (px4_msgs) StdoutLine: {'line': b'-- Up-to-date: /home/mustardking/ws_sensor_combined/install/px4_msgs/include/px4_msgs/px4_msgs/msg/detail/tiltrotor_extra_controls__traits.hpp\n'}
[1.772001] (px4_msgs) StdoutLine: {'line': b'-- Up-to-date: /home/mustardking/ws_sensor_combined/install/px4_msgs/include/px4_msgs/px4_msgs/msg/detail/estimator_aid_source1d__struct.hpp\n'}
[1.772023] (px4_msgs) StdoutLine: {'line': b'-- Up-to-date: /home/mustardking/ws_sensor_combined/install/px4_msgs/include/px4_msgs/px4_msgs/msg/detail/ulog_stream__struct.hpp\n'}
[1.772045] (px4_msgs) StdoutLine: {'line': b'-- Up-to-date: /home/mustardking/ws_sensor_combined/install/px4_msgs/include/px4_msgs/px4_msgs/msg/detail/rover_position_setpoint__struct.hpp\n'}
[1.772070] (px4_msgs) StdoutLine: {'line': b'-- Up-to-date: /home/mustardking/ws_sensor_combined/install/px4_msgs/include/px4_msgs/px4_msgs/msg/detail/wind__struct.hpp\n'}
[1.772091] (px4_msgs) StdoutLine: {'line': b'-- Up-to-date: /home/mustardking/ws_sensor_combined/install/px4_msgs/include/px4_msgs/px4_msgs/msg/detail/sensor_gnss_relative__builder.hpp\n'}
[1.772114] (px4_msgs) StdoutLine: {'line': b'-- Up-to-date: /home/mustardking/ws_sensor_combined/install/px4_msgs/include/px4_msgs/px4_msgs/msg/detail/vehicle_control_mode__builder.hpp\n'}
[1.772135] (px4_msgs) StdoutLine: {'line': b'-- Up-to-date: /home/mustardking/ws_sensor_combined/install/px4_msgs/include/px4_msgs/px4_msgs/msg/detail/irlock_report__builder.hpp\n'}
[1.772157] (px4_msgs) StdoutLine: {'line': b'-- Up-to-date: /home/mustardking/ws_sensor_combined/install/px4_msgs/include/px4_msgs/px4_msgs/msg/detail/mount_orientation__traits.hpp\n'}
[1.772178] (px4_msgs) StdoutLine: {'line': b'-- Up-to-date: /home/mustardking/ws_sensor_combined/install/px4_msgs/include/px4_msgs/px4_msgs/msg/detail/open_drone_id_arm_status__traits.hpp\n'}
[1.772201] (px4_msgs) StdoutLine: {'line': b'-- Up-to-date: /home/mustardking/ws_sensor_combined/install/px4_msgs/include/px4_msgs/px4_msgs/msg/detail/follow_target__traits.hpp\n'}
[1.772222] (px4_msgs) StdoutLine: {'line': b'-- Up-to-date: /home/mustardking/ws_sensor_combined/install/px4_msgs/include/px4_msgs/px4_msgs/msg/detail/pps_capture__struct.hpp\n'}
[1.772244] (px4_msgs) StdoutLine: {'line': b'-- Up-to-date: /home/mustardking/ws_sensor_combined/install/px4_msgs/include/px4_msgs/px4_msgs/msg/detail/vehicle_constraints__struct.hpp\n'}
[1.781256] (px4_msgs) StdoutLine: {'line': b'-- Up-to-date: /home/mustardking/ws_sensor_combined/install/px4_msgs/include/px4_msgs/px4_msgs/msg/detail/rover_speed_status__type_support.hpp\n'}
[1.781316] (px4_msgs) StdoutLine: {'line': b'-- Up-to-date: /home/mustardking/ws_sensor_combined/install/px4_msgs/include/px4_msgs/px4_msgs/msg/detail/distance_sensor_mode_change_request__type_support.hpp\n'}
[1.781342] (px4_msgs) StdoutLine: {'line': b'-- Up-to-date: /home/mustardking/ws_sensor_combined/install/px4_msgs/include/px4_msgs/px4_msgs/msg/detail/rate_ctrl_status__type_support.hpp\n'}
[1.781365] (px4_msgs) StdoutLine: {'line': b'-- Up-to-date: /home/mustardking/ws_sensor_combined/install/px4_msgs/include/px4_msgs/px4_msgs/msg/detail/vehicle_thrust_setpoint__struct.hpp\n'}
[1.781388] (px4_msgs) StdoutLine: {'line': b'-- Up-to-date: /home/mustardking/ws_sensor_combined/install/px4_msgs/include/px4_msgs/px4_msgs/msg/detail/position_setpoint_triplet__traits.hpp\n'}
[1.781410] (px4_msgs) StdoutLine: {'line': b'-- Up-to-date: /home/mustardking/ws_sensor_combined/install/px4_msgs/include/px4_msgs/px4_msgs/msg/detail/debug_key_value__builder.hpp\n'}
[1.781435] (px4_msgs) StdoutLine: {'line': b'-- Up-to-date: /home/mustardking/ws_sensor_combined/install/px4_msgs/include/px4_msgs/px4_msgs/msg/detail/sensor_gyro_fifo__traits.hpp\n'}
[1.781458] (px4_msgs) StdoutLine: {'line': b'-- Up-to-date: /home/mustardking/ws_sensor_combined/install/px4_msgs/include/px4_msgs/px4_msgs/msg/detail/sensor_gnss_status__traits.hpp\n'}
[1.781482] (px4_msgs) StdoutLine: {'line': b'-- Up-to-date: /home/mustardking/ws_sensor_combined/install/px4_msgs/include/px4_msgs/px4_msgs/msg/detail/adc_report__struct.hpp\n'}
[1.781505] (px4_msgs) StdoutLine: {'line': b'-- Up-to-date: /home/mustardking/ws_sensor_combined/install/px4_msgs/include/px4_msgs/px4_msgs/msg/detail/wheel_encoders__type_support.hpp\n'}
[1.781536] (px4_msgs) StdoutLine: {'line': b'-- Up-to-date: /home/mustardking/ws_sensor_combined/install/px4_msgs/include/px4_msgs/px4_msgs/msg/detail/sensors_status_imu__builder.hpp\n'}
[1.781560] (px4_msgs) StdoutLine: {'line': b'-- Up-to-date: /home/mustardking/ws_sensor_combined/install/px4_msgs/include/px4_msgs/px4_msgs/msg/detail/mag_worker_data__builder.hpp\n'}
[1.781582] (px4_msgs) StdoutLine: {'line': b'-- Up-to-date: /home/mustardking/ws_sensor_combined/install/px4_msgs/include/px4_msgs/px4_msgs/msg/detail/estimator_status__struct.hpp\n'}
[1.781604] (px4_msgs) StdoutLine: {'line': b'-- Up-to-date: /home/mustardking/ws_sensor_combined/install/px4_msgs/include/px4_msgs/px4_msgs/msg/detail/rtl_status__builder.hpp\n'}
[1.781626] (px4_msgs) StdoutLine: {'line': b'-- Up-to-date: /home/mustardking/ws_sensor_combined/install/px4_msgs/include/px4_msgs/px4_msgs/msg/detail/battery_info__struct.hpp\n'}
[1.781649] (px4_msgs) StdoutLine: {'line': b'-- Up-to-date: /home/mustardking/ws_sensor_combined/install/px4_msgs/include/px4_msgs/px4_msgs/msg/detail/vehicle_optical_flow__builder.hpp\n'}
[1.781671] (px4_msgs) StdoutLine: {'line': b'-- Up-to-date: /home/mustardking/ws_sensor_combined/install/px4_msgs/include/px4_msgs/px4_msgs/msg/detail/estimator_sensor_bias__builder.hpp\n'}
[1.781694] (px4_msgs) StdoutLine: {'line': b'-- Up-to-date: /home/mustardking/ws_sensor_combined/install/px4_msgs/include/px4_msgs/px4_msgs/msg/detail/parameter_update__builder.hpp\n'}
[1.781716] (px4_msgs) StdoutLine: {'line': b'-- Up-to-date: /home/mustardking/ws_sensor_combined/install/px4_msgs/include/px4_msgs/px4_msgs/msg/detail/actuator_test__struct.hpp\n'}
[1.781738] (px4_msgs) StdoutLine: {'line': b'-- Up-to-date: /home/mustardking/ws_sensor_combined/install/px4_msgs/include/px4_msgs/px4_msgs/msg/detail/wheel_encoders__traits.hpp\n'}
[1.781760] (px4_msgs) StdoutLine: {'line': b'-- Up-to-date: /home/mustardking/ws_sensor_combined/install/px4_msgs/include/px4_msgs/px4_msgs/msg/detail/sensors_status__builder.hpp\n'}
[1.781786] (px4_msgs) StdoutLine: {'line': b'-- Up-to-date: /home/mustardking/ws_sensor_combined/install/px4_msgs/include/px4_msgs/px4_msgs/msg/detail/cellular_status__builder.hpp\n'}
[1.781809] (px4_msgs) StdoutLine: {'line': b'-- Up-to-date: /home/mustardking/ws_sensor_combined/install/px4_msgs/include/px4_msgs/px4_msgs/msg/detail/orb_test__type_support.hpp\n'}
[1.781831] (px4_msgs) StdoutLine: {'line': b'-- Up-to-date: /home/mustardking/ws_sensor_combined/install/px4_msgs/include/px4_msgs/px4_msgs/msg/detail/gpio_config__traits.hpp\n'}
[1.781853] (px4_msgs) StdoutLine: {'line': b'-- Up-to-date: /home/mustardking/ws_sensor_combined/install/px4_msgs/include/px4_msgs/px4_msgs/msg/detail/vehicle_imu_status__traits.hpp\n'}
[1.781875] (px4_msgs) StdoutLine: {'line': b'-- Up-to-date: /home/mustardking/ws_sensor_combined/install/px4_msgs/include/px4_msgs/px4_msgs/msg/detail/airspeed_wind__traits.hpp\n'}
[1.781897] (px4_msgs) StdoutLine: {'line': b'-- Up-to-date: /home/mustardking/ws_sensor_combined/install/px4_msgs/include/px4_msgs/px4_msgs/msg/detail/normalized_unsigned_setpoint__struct.hpp\n'}
[1.781920] (px4_msgs) StdoutLine: {'line': b'-- Up-to-date: /home/mustardking/ws_sensor_combined/install/px4_msgs/include/px4_msgs/px4_msgs/msg/detail/message_format_response__type_support.hpp\n'}
[1.781943] (px4_msgs) StdoutLine: {'line': b'-- Up-to-date: /home/mustardking/ws_sensor_combined/install/px4_msgs/include/px4_msgs/px4_msgs/msg/detail/rate_ctrl_status__struct.hpp\n'}
[1.781973] (px4_msgs) StdoutLine: {'line': b'-- Up-to-date: /home/mustardking/ws_sensor_combined/install/px4_msgs/include/px4_msgs/px4_msgs/msg/detail/geofence_status__struct.hpp\n'}
[1.781999] (px4_msgs) StdoutLine: {'line': b'-- Up-to-date: /home/mustardking/ws_sensor_combined/install/px4_msgs/include/px4_msgs/px4_msgs/msg/detail/qshell_retval__struct.hpp\n'}
[1.782021] (px4_msgs) StdoutLine: {'line': b'-- Up-to-date: /home/mustardking/ws_sensor_combined/install/px4_msgs/include/px4_msgs/px4_msgs/msg/detail/register_ext_component_request__struct.hpp\n'}
[1.782043] (px4_msgs) StdoutLine: {'line': b'-- Up-to-date: /home/mustardking/ws_sensor_combined/install/px4_msgs/include/px4_msgs/px4_msgs/msg/detail/log_message__traits.hpp\n'}
[1.782065] (px4_msgs) StdoutLine: {'line': b'-- Up-to-date: /home/mustardking/ws_sensor_combined/install/px4_msgs/include/px4_msgs/px4_msgs/msg/detail/fixed_wing_runway_control__traits.hpp\n'}
[1.782089] (px4_msgs) StdoutLine: {'line': b'-- Up-to-date: /home/mustardking/ws_sensor_combined/install/px4_msgs/include/px4_msgs/px4_msgs/msg/detail/message_format_request__type_support.hpp\n'}
[1.782111] (px4_msgs) StdoutLine: {'line': b'-- Up-to-date: /home/mustardking/ws_sensor_combined/install/px4_msgs/include/px4_msgs/px4_msgs/msg/detail/uavcan_parameter_value__struct.hpp\n'}
[1.782134] (px4_msgs) StdoutLine: {'line': b'-- Up-to-date: /home/mustardking/ws_sensor_combined/install/px4_msgs/include/px4_msgs/px4_msgs/msg/detail/position_controller_landing_status__type_support.hpp\n'}
[1.782156] (px4_msgs) StdoutLine: {'line': b'-- Up-to-date: /home/mustardking/ws_sensor_combined/install/px4_msgs/include/px4_msgs/px4_msgs/msg/detail/vehicle_constraints__traits.hpp\n'}
[1.782187] (px4_msgs) StdoutLine: {'line': b'-- Up-to-date: /home/mustardking/ws_sensor_combined/install/px4_msgs/include/px4_msgs/px4_msgs/msg/detail/adc_report__type_support.hpp\n'}
[1.782211] (px4_msgs) StdoutLine: {'line': b'-- Up-to-date: /home/mustardking/ws_sensor_combined/install/px4_msgs/include/px4_msgs/px4_msgs/msg/detail/rover_speed_status__builder.hpp\n'}
[1.782233] (px4_msgs) StdoutLine: {'line': b'-- Up-to-date: /home/mustardking/ws_sensor_combined/install/px4_msgs/include/px4_msgs/px4_msgs/msg/detail/follow_target_status__traits.hpp\n'}
[1.782255] (px4_msgs) StdoutLine: {'line': b'-- Up-to-date: /home/mustardking/ws_sensor_combined/install/px4_msgs/include/px4_msgs/px4_msgs/msg/detail/pwm_input__traits.hpp\n'}
[1.782277] (px4_msgs) StdoutLine: {'line': b'-- Up-to-date: /home/mustardking/ws_sensor_combined/install/px4_msgs/include/px4_msgs/px4_msgs/msg/detail/vehicle_torque_setpoint__struct.hpp\n'}
[1.782299] (px4_msgs) StdoutLine: {'line': b'-- Up-to-date: /home/mustardking/ws_sensor_combined/install/px4_msgs/include/px4_msgs/px4_msgs/msg/detail/estimator_status_flags__type_support.hpp\n'}
[1.782323] (px4_msgs) StdoutLine: {'line': b'-- Up-to-date: /home/mustardking/ws_sensor_combined/install/px4_msgs/include/px4_msgs/px4_msgs/msg/detail/rtl_time_estimate__builder.hpp\n'}
[1.782345] (px4_msgs) StdoutLine: {'line': b'-- Up-to-date: /home/mustardking/ws_sensor_combined/install/px4_msgs/include/px4_msgs/px4_msgs/msg/detail/message_format_response__traits.hpp\n'}
[1.782367] (px4_msgs) StdoutLine: {'line': b'-- Up-to-date: /home/mustardking/ws_sensor_combined/install/px4_msgs/include/px4_msgs/px4_msgs/msg/detail/mission__builder.hpp\n'}
[1.782389] (px4_msgs) StdoutLine: {'line': b'-- Up-to-date: /home/mustardking/ws_sensor_combined/install/px4_msgs/include/px4_msgs/px4_msgs/msg/detail/radio_status__struct.hpp\n'}
[1.782411] (px4_msgs) StdoutLine: {'line': b'-- Up-to-date: /home/mustardking/ws_sensor_combined/install/px4_msgs/include/px4_msgs/px4_msgs/msg/detail/actuator_controls_status__type_support.hpp\n'}
[1.782433] (px4_msgs) StdoutLine: {'line': b'-- Up-to-date: /home/mustardking/ws_sensor_combined/install/px4_msgs/include/px4_msgs/px4_msgs/msg/detail/vehicle_rates_setpoint__traits.hpp\n'}
[1.782459] (px4_msgs) StdoutLine: {'line': b'-- Up-to-date: /home/mustardking/ws_sensor_combined/install/px4_msgs/include/px4_msgs/px4_msgs/msg/detail/debug_key_value__struct.hpp\n'}
[1.782482] (px4_msgs) StdoutLine: {'line': b'-- Up-to-date: /home/mustardking/ws_sensor_combined/install/px4_msgs/include/px4_msgs/px4_msgs/msg/detail/unregister_ext_component__traits.hpp\n'}
[1.782506] (px4_msgs) StdoutLine: {'line': b'-- Up-to-date: /home/mustardking/ws_sensor_combined/install/px4_msgs/include/px4_msgs/px4_msgs/msg/detail/estimator_status__type_support.hpp\n'}
[1.782528] (px4_msgs) StdoutLine: {'line': b'-- Up-to-date: /home/mustardking/ws_sensor_combined/install/px4_msgs/include/px4_msgs/px4_msgs/msg/detail/actuator_outputs__traits.hpp\n'}
[1.782550] (px4_msgs) StdoutLine: {'line': b'-- Up-to-date: /home/mustardking/ws_sensor_combined/install/px4_msgs/include/px4_msgs/px4_msgs/msg/detail/goto_setpoint__builder.hpp\n'}
[1.782572] (px4_msgs) StdoutLine: {'line': b'-- Up-to-date: /home/mustardking/ws_sensor_combined/install/px4_msgs/include/px4_msgs/px4_msgs/msg/detail/rover_attitude_status__traits.hpp\n'}
[1.782594] (px4_msgs) StdoutLine: {'line': b'-- Up-to-date: /home/mustardking/ws_sensor_combined/install/px4_msgs/include/px4_msgs/px4_msgs/msg/detail/action_request__traits.hpp\n'}
[1.782616] (px4_msgs) StdoutLine: {'line': b'-- Up-to-date: /home/mustardking/ws_sensor_combined/install/px4_msgs/include/px4_msgs/px4_msgs/msg/detail/rpm__struct.hpp\n'}
[1.782638] (px4_msgs) StdoutLine: {'line': b'-- Up-to-date: /home/mustardking/ws_sensor_combined/install/px4_msgs/include/px4_msgs/px4_msgs/msg/detail/vehicle_local_position_setpoint__traits.hpp\n'}
[1.782660] (px4_msgs) StdoutLine: {'line': b'-- Up-to-date: /home/mustardking/ws_sensor_combined/install/px4_msgs/include/px4_msgs/px4_msgs/msg/detail/vehicle_land_detected__type_support.hpp\n'}
[1.782704] (px4_msgs) StdoutLine: {'line': b'-- Up-to-date: /home/mustardking/ws_sensor_combined/install/px4_msgs/include/px4_msgs/px4_msgs/msg/detail/geofence_status__traits.hpp\n'}
[1.782727] (px4_msgs) StdoutLine: {'line': b'-- Up-to-date: /home/mustardking/ws_sensor_combined/install/px4_msgs/include/px4_msgs/px4_msgs/msg/detail/sensor_airflow__type_support.hpp\n'}
[1.782751] (px4_msgs) StdoutLine: {'line': b'-- Up-to-date: /home/mustardking/ws_sensor_combined/install/px4_msgs/include/px4_msgs/px4_msgs/msg/detail/pps_capture__type_support.hpp\n'}
[1.782773] (px4_msgs) StdoutLine: {'line': b'-- Up-to-date: /home/mustardking/ws_sensor_combined/install/px4_msgs/include/px4_msgs/px4_msgs/msg/detail/sensor_gyro__traits.hpp\n'}
[1.782795] (px4_msgs) StdoutLine: {'line': b'-- Up-to-date: /home/mustardking/ws_sensor_combined/install/px4_msgs/include/px4_msgs/px4_msgs/msg/detail/position_setpoint__struct.hpp\n'}
[1.782817] (px4_msgs) StdoutLine: {'line': b'-- Up-to-date: /home/mustardking/ws_sensor_combined/install/px4_msgs/include/px4_msgs/px4_msgs/msg/detail/uavcan_parameter_request__type_support.hpp\n'}
[1.782839] (px4_msgs) StdoutLine: {'line': b'-- Up-to-date: /home/mustardking/ws_sensor_combined/install/px4_msgs/include/px4_msgs/px4_msgs/msg/detail/generator_status__builder.hpp\n'}
[1.782862] (px4_msgs) StdoutLine: {'line': b'-- Up-to-date: /home/mustardking/ws_sensor_combined/install/px4_msgs/include/px4_msgs/px4_msgs/msg/detail/gps_inject_data__builder.hpp\n'}
[1.782885] (px4_msgs) StdoutLine: {'line': b'-- Up-to-date: /home/mustardking/ws_sensor_combined/install/px4_msgs/include/px4_msgs/px4_msgs/msg/detail/health_report__traits.hpp\n'}
[1.782907] (px4_msgs) StdoutLine: {'line': b'-- Up-to-date: /home/mustardking/ws_sensor_combined/install/px4_msgs/include/px4_msgs/px4_msgs/msg/detail/estimator_event_flags__struct.hpp\n'}
[1.782929] (px4_msgs) StdoutLine: {'line': b'-- Up-to-date: /home/mustardking/ws_sensor_combined/install/px4_msgs/include/px4_msgs/px4_msgs/msg/detail/rpm__traits.hpp\n'}
[1.782950] (px4_msgs) StdoutLine: {'line': b'-- Up-to-date: /home/mustardking/ws_sensor_combined/install/px4_msgs/include/px4_msgs/px4_msgs/msg/detail/logger_status__builder.hpp\n'}
[1.782972] (px4_msgs) StdoutLine: {'line': b'-- Up-to-date: /home/mustardking/ws_sensor_combined/install/px4_msgs/include/px4_msgs/px4_msgs/msg/detail/internal_combustion_engine_control__traits.hpp\n'}
[1.782995] (px4_msgs) StdoutLine: {'line': b'-- Up-to-date: /home/mustardking/ws_sensor_combined/install/px4_msgs/include/px4_msgs/px4_msgs/msg/detail/collision_constraints__struct.hpp\n'}
[1.783018] (px4_msgs) StdoutLine: {'line': b'-- Up-to-date: /home/mustardking/ws_sensor_combined/install/px4_msgs/include/px4_msgs/px4_msgs/msg/detail/parameter_set_used_request__type_support.hpp\n'}
[1.783040] (px4_msgs) StdoutLine: {'line': b'-- Up-to-date: /home/mustardking/ws_sensor_combined/install/px4_msgs/include/px4_msgs/px4_msgs/msg/detail/orb_test_large__struct.hpp\n'}
[1.783063] (px4_msgs) StdoutLine: {'line': b'-- Up-to-date: /home/mustardking/ws_sensor_combined/install/px4_msgs/include/px4_msgs/px4_msgs/msg/detail/orb_test_medium__type_support.hpp\n'}
[1.783084] (px4_msgs) StdoutLine: {'line': b'-- Up-to-date: /home/mustardking/ws_sensor_combined/install/px4_msgs/include/px4_msgs/px4_msgs/msg/detail/actuator_motors__builder.hpp\n'}
[1.783106] (px4_msgs) StdoutLine: {'line': b'-- Up-to-date: /home/mustardking/ws_sensor_combined/install/px4_msgs/include/px4_msgs/px4_msgs/msg/detail/satellite_info__struct.hpp\n'}
[1.783128] (px4_msgs) StdoutLine: {'line': b'-- Up-to-date: /home/mustardking/ws_sensor_combined/install/px4_msgs/include/px4_msgs/px4_msgs/msg/detail/longitudinal_control_configuration__builder.hpp\n'}
[1.783154] (px4_msgs) StdoutLine: {'line': b'-- Up-to-date: /home/mustardking/ws_sensor_combined/install/px4_msgs/include/px4_msgs/px4_msgs/msg/detail/obstacle_distance__struct.hpp\n'}
[1.783176] (px4_msgs) StdoutLine: {'line': b'-- Up-to-date: /home/mustardking/ws_sensor_combined/install/px4_msgs/include/px4_msgs/px4_msgs/msg/detail/input_rc__traits.hpp\n'}
[1.783198] (px4_msgs) StdoutLine: {'line': b'-- Up-to-date: /home/mustardking/ws_sensor_combined/install/px4_msgs/include/px4_msgs/px4_msgs/msg/detail/vehicle_angular_velocity__type_support.hpp\n'}
[1.783220] (px4_msgs) StdoutLine: {'line': b'-- Up-to-date: /home/mustardking/ws_sensor_combined/install/px4_msgs/include/px4_msgs/px4_msgs/msg/detail/follow_target__builder.hpp\n'}
[1.783242] (px4_msgs) StdoutLine: {'line': b'-- Up-to-date: /home/mustardking/ws_sensor_combined/install/px4_msgs/include/px4_msgs/px4_msgs/msg/detail/rate_ctrl_status__traits.hpp\n'}
[1.783277] (px4_msgs) StdoutLine: {'line': b'-- Up-to-date: /home/mustardking/ws_sensor_combined/install/px4_msgs/include/px4_msgs/px4_msgs/msg/detail/estimator_status_flags__struct.hpp\n'}
[1.783301] (px4_msgs) StdoutLine: {'line': b'-- Up-to-date: /home/mustardking/ws_sensor_combined/install/px4_msgs/include/px4_msgs/px4_msgs/msg/detail/actuator_outputs__type_support.hpp\n'}
[1.783323] (px4_msgs) StdoutLine: {'line': b'-- Up-to-date: /home/mustardking/ws_sensor_combined/install/px4_msgs/include/px4_msgs/px4_msgs/msg/detail/open_drone_id_system__struct.hpp\n'}
[1.783345] (px4_msgs) StdoutLine: {'line': b'-- Up-to-date: /home/mustardking/ws_sensor_combined/install/px4_msgs/include/px4_msgs/px4_msgs/msg/detail/gpio_out__builder.hpp\n'}
[1.783368] (px4_msgs) StdoutLine: {'line': b'-- Up-to-date: /home/mustardking/ws_sensor_combined/install/px4_msgs/include/px4_msgs/px4_msgs/msg/detail/flight_phase_estimation__type_support.hpp\n'}
[1.783392] (px4_msgs) StdoutLine: {'line': b'-- Up-to-date: /home/mustardking/ws_sensor_combined/install/px4_msgs/include/px4_msgs/px4_msgs/msg/detail/failure_detector_status__builder.hpp\n'}
[1.783414] (px4_msgs) StdoutLine: {'line': b'-- Up-to-date: /home/mustardking/ws_sensor_combined/install/px4_msgs/include/px4_msgs/px4_msgs/msg/detail/actuator_servos_trim__type_support.hpp\n'}
[1.783437] (px4_msgs) StdoutLine: {'line': b'-- Up-to-date: /home/mustardking/ws_sensor_combined/install/px4_msgs/include/px4_msgs/px4_msgs/msg/detail/vehicle_attitude_setpoint__struct.hpp\n'}
[1.783458] (px4_msgs) StdoutLine: {'line': b'-- Up-to-date: /home/mustardking/ws_sensor_combined/install/px4_msgs/include/px4_msgs/px4_msgs/msg/detail/gimbal_manager_information__type_support.hpp\n'}
[1.783481] (px4_msgs) StdoutLine: {'line': b'-- Up-to-date: /home/mustardking/ws_sensor_combined/install/px4_msgs/include/px4_msgs/px4_msgs/msg/detail/follow_target__type_support.hpp\n'}
[1.783505] (px4_msgs) StdoutLine: {'line': b'-- Up-to-date: /home/mustardking/ws_sensor_combined/install/px4_msgs/include/px4_msgs/px4_msgs/msg/detail/event__traits.hpp\n'}
[1.783527] (px4_msgs) StdoutLine: {'line': b'-- Up-to-date: /home/mustardking/ws_sensor_combined/install/px4_msgs/include/px4_msgs/px4_msgs/msg/detail/vehicle_optical_flow_vel__builder.hpp\n'}
[1.783549] (px4_msgs) StdoutLine: {'line': b'-- Up-to-date: /home/mustardking/ws_sensor_combined/install/px4_msgs/include/px4_msgs/px4_msgs/msg/detail/airspeed_validated__traits.hpp\n'}
[1.783571] (px4_msgs) StdoutLine: {'line': b'-- Up-to-date: /home/mustardking/ws_sensor_combined/install/px4_msgs/include/px4_msgs/px4_msgs/msg/detail/vehicle_angular_acceleration_setpoint__type_support.hpp\n'}
[1.783594] (px4_msgs) StdoutLine: {'line': b'-- Up-to-date: /home/mustardking/ws_sensor_combined/install/px4_msgs/include/px4_msgs/px4_msgs/msg/detail/internal_combustion_engine_control__type_support.hpp\n'}
[1.783616] (px4_msgs) StdoutLine: {'line': b'-- Up-to-date: /home/mustardking/ws_sensor_combined/install/px4_msgs/include/px4_msgs/px4_msgs/msg/detail/sensor_airflow__traits.hpp\n'}
[1.783638] (px4_msgs) StdoutLine: {'line': b'-- Up-to-date: /home/mustardking/ws_sensor_combined/install/px4_msgs/include/px4_msgs/px4_msgs/msg/detail/mission_result__type_support.hpp\n'}
[1.783661] (px4_msgs) StdoutLine: {'line': b'-- Up-to-date: /home/mustardking/ws_sensor_combined/install/px4_msgs/include/px4_msgs/px4_msgs/msg/detail/fixed_wing_lateral_status__type_support.hpp\n'}
[1.783687] (px4_msgs) StdoutLine: {'line': b'-- Up-to-date: /home/mustardking/ws_sensor_combined/install/px4_msgs/include/px4_msgs/px4_msgs/msg/detail/sensor_optical_flow__builder.hpp\n'}
[1.783715] (px4_msgs) StdoutLine: {'line': b'-- Up-to-date: /home/mustardking/ws_sensor_combined/install/px4_msgs/include/px4_msgs/px4_msgs/msg/detail/mount_orientation__builder.hpp\n'}
[1.783737] (px4_msgs) StdoutLine: {'line': b'-- Up-to-date: /home/mustardking/ws_sensor_combined/install/px4_msgs/include/px4_msgs/px4_msgs/msg/detail/tiltrotor_extra_controls__struct.hpp\n'}
[1.783759] (px4_msgs) StdoutLine: {'line': b'-- Up-to-date: /home/mustardking/ws_sensor_combined/install/px4_msgs/include/px4_msgs/px4_msgs/msg/detail/gimbal_manager_status__traits.hpp\n'}
[1.783794] (px4_msgs) StdoutLine: {'line': b'-- Up-to-date: /home/mustardking/ws_sensor_combined/install/px4_msgs/include/px4_msgs/px4_msgs/msg/detail/obstacle_distance__type_support.hpp\n'}
[1.783817] (px4_msgs) StdoutLine: {'line': b'-- Up-to-date: /home/mustardking/ws_sensor_combined/install/px4_msgs/include/px4_msgs/px4_msgs/msg/detail/uavcan_parameter_value__builder.hpp\n'}
[1.783842] (px4_msgs) StdoutLine: {'line': b'-- Up-to-date: /home/mustardking/ws_sensor_combined/install/px4_msgs/include/px4_msgs/px4_msgs/msg/detail/vehicle_air_data__type_support.hpp\n'}
[1.783865] (px4_msgs) StdoutLine: {'line': b'-- Up-to-date: /home/mustardking/ws_sensor_combined/install/px4_msgs/include/px4_msgs/px4_msgs/msg/detail/event__type_support.hpp\n'}
[1.783887] (px4_msgs) StdoutLine: {'line': b'-- Up-to-date: /home/mustardking/ws_sensor_combined/install/px4_msgs/include/px4_msgs/px4_msgs/msg/detail/camera_status__builder.hpp\n'}
[1.783910] (px4_msgs) StdoutLine: {'line': b'-- Up-to-date: /home/mustardking/ws_sensor_combined/install/px4_msgs/include/px4_msgs/px4_msgs/msg/detail/normalized_unsigned_setpoint__builder.hpp\n'}
[1.783932] (px4_msgs) StdoutLine: {'line': b'-- Up-to-date: /home/mustardking/ws_sensor_combined/install/px4_msgs/include/px4_msgs/px4_msgs/msg/detail/vehicle_attitude_setpoint__traits.hpp\n'}
[1.783954] (px4_msgs) StdoutLine: {'line': b'-- Up-to-date: /home/mustardking/ws_sensor_combined/install/px4_msgs/include/px4_msgs/px4_msgs/msg/detail/hover_thrust_estimate__builder.hpp\n'}
[1.783976] (px4_msgs) StdoutLine: {'line': b'-- Up-to-date: /home/mustardking/ws_sensor_combined/install/px4_msgs/include/px4_msgs/px4_msgs/msg/detail/estimator_innovations__type_support.hpp\n'}
[1.783998] (px4_msgs) StdoutLine: {'line': b'-- Up-to-date: /home/mustardking/ws_sensor_combined/install/px4_msgs/include/px4_msgs/px4_msgs/msg/detail/ulog_stream__traits.hpp\n'}
[1.784024] (px4_msgs) StdoutLine: {'line': b'-- Up-to-date: /home/mustardking/ws_sensor_combined/install/px4_msgs/include/px4_msgs/px4_msgs/msg/detail/mission_result__traits.hpp\n'}
[1.787881] (px4_msgs) StdoutLine: {'line': b'-- Up-to-date: /home/mustardking/ws_sensor_combined/install/px4_msgs/include/px4_msgs/px4_msgs/msg/detail/sensor_mag__traits.hpp\n'}
[1.787908] (px4_msgs) StdoutLine: {'line': b'-- Up-to-date: /home/mustardking/ws_sensor_combined/install/px4_msgs/include/px4_msgs/px4_msgs/msg/detail/parameter_set_value_response__traits.hpp\n'}
[1.787953] (px4_msgs) StdoutLine: {'line': b'-- Up-to-date: /home/mustardking/ws_sensor_combined/install/px4_msgs/include/px4_msgs/px4_msgs/msg/detail/arming_check_reply__traits.hpp\n'}
[1.788259] (px4_msgs) StdoutLine: {'line': b'-- Up-to-date: /home/mustardking/ws_sensor_combined/install/px4_msgs/include/px4_msgs/px4_msgs/msg/detail/failure_detector_status__struct.hpp\n'}
[1.788365] (px4_msgs) StdoutLine: {'line': b'-- Up-to-date: /home/mustardking/ws_sensor_combined/install/px4_msgs/include/px4_msgs/px4_msgs/msg/detail/estimator_aid_source1d__builder.hpp\n'}
[1.788388] (px4_msgs) StdoutLine: {'line': b'-- Up-to-date: /home/mustardking/ws_sensor_combined/install/px4_msgs/include/px4_msgs/px4_msgs/msg/detail/esc_status__type_support.hpp\n'}
[1.788411] (px4_msgs) StdoutLine: {'line': b'-- Up-to-date: /home/mustardking/ws_sensor_combined/install/px4_msgs/include/px4_msgs/px4_msgs/msg/detail/vehicle_air_data__builder.hpp\n'}
[1.788442] (px4_msgs) StdoutLine: {'line': b'-- Up-to-date: /home/mustardking/ws_sensor_combined/install/px4_msgs/include/px4_msgs/px4_msgs/msg/detail/gps_dump__builder.hpp\n'}
[1.788466] (px4_msgs) StdoutLine: {'line': b'-- Up-to-date: /home/mustardking/ws_sensor_combined/install/px4_msgs/include/px4_msgs/px4_msgs/msg/detail/radio_status__traits.hpp\n'}
[1.788488] (px4_msgs) StdoutLine: {'line': b'-- Up-to-date: /home/mustardking/ws_sensor_combined/install/px4_msgs/include/px4_msgs/px4_msgs/msg/detail/mavlink_log__struct.hpp\n'}
[1.788510] (px4_msgs) StdoutLine: {'line': b'-- Up-to-date: /home/mustardking/ws_sensor_combined/install/px4_msgs/include/px4_msgs/px4_msgs/msg/detail/rover_steering_setpoint__builder.hpp\n'}
[1.788532] (px4_msgs) StdoutLine: {'line': b'-- Up-to-date: /home/mustardking/ws_sensor_combined/install/px4_msgs/include/px4_msgs/px4_msgs/msg/detail/wheel_encoders__builder.hpp\n'}
[1.788554] (px4_msgs) StdoutLine: {'line': b'-- Up-to-date: /home/mustardking/ws_sensor_combined/install/px4_msgs/include/px4_msgs/px4_msgs/msg/detail/sensor_correction__traits.hpp\n'}
[1.788576] (px4_msgs) StdoutLine: {'line': b'-- Up-to-date: /home/mustardking/ws_sensor_combined/install/px4_msgs/include/px4_msgs/px4_msgs/msg/detail/geofence_result__traits.hpp\n'}
[1.788613] (px4_msgs) StdoutLine: {'line': b'-- Up-to-date: /home/mustardking/ws_sensor_combined/install/px4_msgs/include/px4_msgs/px4_msgs/msg/detail/debug_array__struct.hpp\n'}
[1.788639] (px4_msgs) StdoutLine: {'line': b'-- Up-to-date: /home/mustardking/ws_sensor_combined/install/px4_msgs/include/px4_msgs/px4_msgs/msg/detail/sensor_uwb__traits.hpp\n'}
[1.788671] (px4_msgs) StdoutLine: {'line': b'-- Up-to-date: /home/mustardking/ws_sensor_combined/install/px4_msgs/include/px4_msgs/px4_msgs/msg/detail/follow_target_estimator__builder.hpp\n'}
[1.788694] (px4_msgs) StdoutLine: {'line': b'-- Up-to-date: /home/mustardking/ws_sensor_combined/install/px4_msgs/include/px4_msgs/px4_msgs/msg/detail/ulog_stream__type_support.hpp\n'}
[1.788716] (px4_msgs) StdoutLine: {'line': b'-- Up-to-date: /home/mustardking/ws_sensor_combined/install/px4_msgs/include/px4_msgs/px4_msgs/msg/detail/vehicle_control_mode__type_support.hpp\n'}
[1.789660] (px4_msgs) StdoutLine: {'line': b'-- Up-to-date: /home/mustardking/ws_sensor_combined/install/px4_msgs/include/px4_msgs/px4_msgs/msg/detail/actuator_armed__struct.hpp\n'}
[1.789722] (px4_msgs) StdoutLine: {'line': b'-- Up-to-date: /home/mustardking/ws_sensor_combined/install/px4_msgs/include/px4_msgs/px4_msgs/msg/detail/sensor_optical_flow__struct.hpp\n'}
[1.789787] (px4_msgs) StdoutLine: {'line': b'-- Up-to-date: /home/mustardking/ws_sensor_combined/install/px4_msgs/include/px4_msgs/px4_msgs/msg/detail/rate_ctrl_status__builder.hpp\n'}
[1.789812] (px4_msgs) StdoutLine: {'line': b'-- Up-to-date: /home/mustardking/ws_sensor_combined/install/px4_msgs/include/px4_msgs/px4_msgs/msg/detail/estimator_aid_source3d__struct.hpp\n'}
[1.789835] (px4_msgs) StdoutLine: {'line': b'-- Up-to-date: /home/mustardking/ws_sensor_combined/install/px4_msgs/include/px4_msgs/px4_msgs/msg/detail/failure_detector_status__traits.hpp\n'}
[1.789856] (px4_msgs) StdoutLine: {'line': b'-- Up-to-date: /home/mustardking/ws_sensor_combined/install/px4_msgs/include/px4_msgs/px4_msgs/msg/detail/landing_gear_wheel__type_support.hpp\n'}
[1.789878] (px4_msgs) StdoutLine: {'line': b'-- Up-to-date: /home/mustardking/ws_sensor_combined/install/px4_msgs/include/px4_msgs/px4_msgs/msg/detail/launch_detection_status__struct.hpp\n'}
[1.789900] (px4_msgs) StdoutLine: {'line': b'-- Up-to-date: /home/mustardking/ws_sensor_combined/install/px4_msgs/include/px4_msgs/px4_msgs/msg/detail/estimator_status_flags__builder.hpp\n'}
[1.789932] (px4_msgs) StdoutLine: {'line': b'-- Up-to-date: /home/mustardking/ws_sensor_combined/install/px4_msgs/include/px4_msgs/px4_msgs/msg/detail/position_controller_landing_status__traits.hpp\n'}
[1.789959] (px4_msgs) StdoutLine: {'line': b'-- Up-to-date: /home/mustardking/ws_sensor_combined/install/px4_msgs/include/px4_msgs/px4_msgs/msg/detail/estimator_aid_source2d__type_support.hpp\n'}
[1.789981] (px4_msgs) StdoutLine: {'line': b'-- Up-to-date: /home/mustardking/ws_sensor_combined/install/px4_msgs/include/px4_msgs/px4_msgs/msg/detail/wind__traits.hpp\n'}
[1.790004] (px4_msgs) StdoutLine: {'line': b'-- Up-to-date: /home/mustardking/ws_sensor_combined/install/px4_msgs/include/px4_msgs/px4_msgs/msg/detail/sensor_baro__type_support.hpp\n'}
[1.790026] (px4_msgs) StdoutLine: {'line': b'-- Up-to-date: /home/mustardking/ws_sensor_combined/install/px4_msgs/include/px4_msgs/px4_msgs/msg/detail/parameter_set_used_request__struct.hpp\n'}
[1.790048] (px4_msgs) StdoutLine: {'line': b'-- Up-to-date: /home/mustardking/ws_sensor_combined/install/px4_msgs/include/px4_msgs/px4_msgs/msg/detail/gpio_in__builder.hpp\n'}
[1.790070] (px4_msgs) StdoutLine: {'line': b'-- Up-to-date: /home/mustardking/ws_sensor_combined/install/px4_msgs/include/px4_msgs/px4_msgs/msg/detail/mavlink_tunnel__type_support.hpp\n'}
[1.790092] (px4_msgs) StdoutLine: {'line': b'-- Up-to-date: /home/mustardking/ws_sensor_combined/install/px4_msgs/include/px4_msgs/px4_msgs/msg/detail/follow_target_estimator__struct.hpp\n'}
[1.790113] (px4_msgs) StdoutLine: {'line': b'-- Up-to-date: /home/mustardking/ws_sensor_combined/install/px4_msgs/include/px4_msgs/px4_msgs/msg/detail/pps_capture__builder.hpp\n'}
[1.790135] (px4_msgs) StdoutLine: {'line': b'-- Up-to-date: /home/mustardking/ws_sensor_combined/install/px4_msgs/include/px4_msgs/px4_msgs/msg/detail/wheel_encoders__struct.hpp\n'}
[1.790157] (px4_msgs) StdoutLine: {'line': b'-- Up-to-date: /home/mustardking/ws_sensor_combined/install/px4_msgs/include/px4_msgs/px4_msgs/msg/detail/register_ext_component_request__builder.hpp\n'}
[1.790180] (px4_msgs) StdoutLine: {'line': b'-- Up-to-date: /home/mustardking/ws_sensor_combined/install/px4_msgs/include/px4_msgs/px4_msgs/msg/detail/distance_sensor__traits.hpp\n'}
[1.790202] (px4_msgs) StdoutLine: {'line': b'-- Up-to-date: /home/mustardking/ws_sensor_combined/install/px4_msgs/include/px4_msgs/px4_msgs/msg/detail/manual_control_setpoint__type_support.hpp\n'}
[1.790224] (px4_msgs) StdoutLine: {'line': b'-- Up-to-date: /home/mustardking/ws_sensor_combined/install/px4_msgs/include/px4_msgs/px4_msgs/msg/detail/fixed_wing_lateral_guidance_status__traits.hpp\n'}
[1.790246] (px4_msgs) StdoutLine: {'line': b'-- Up-to-date: /home/mustardking/ws_sensor_combined/install/px4_msgs/include/px4_msgs/px4_msgs/msg/detail/debug_value__type_support.hpp\n'}
[1.790268] (px4_msgs) StdoutLine: {'line': b'-- Up-to-date: /home/mustardking/ws_sensor_combined/install/px4_msgs/include/px4_msgs/px4_msgs/msg/detail/debug_value__struct.hpp\n'}
[1.790327] (px4_msgs) StdoutLine: {'line': b'-- Up-to-date: /home/mustardking/ws_sensor_combined/install/px4_msgs/include/px4_msgs/px4_msgs/msg/detail/actuator_servos_trim__struct.hpp\n'}
[1.790350] (px4_msgs) StdoutLine: {'line': b'-- Up-to-date: /home/mustardking/ws_sensor_combined/install/px4_msgs/include/px4_msgs/px4_msgs/msg/detail/estimator_status_flags__traits.hpp\n'}
[1.790372] (px4_msgs) StdoutLine: {'line': b'-- Up-to-date: /home/mustardking/ws_sensor_combined/install/px4_msgs/include/px4_msgs/px4_msgs/msg/detail/estimator_sensor_bias__struct.hpp\n'}
[1.790641] (px4_msgs) StdoutLine: {'line': b'-- Up-to-date: /home/mustardking/ws_sensor_combined/install/px4_msgs/include/px4_msgs/px4_msgs/msg/detail/gps_dump__struct.hpp\n'}
[1.790667] (px4_msgs) StdoutLine: {'line': b'-- Up-to-date: /home/mustardking/ws_sensor_combined/install/px4_msgs/include/px4_msgs/px4_msgs/msg/detail/pwm_input__type_support.hpp\n'}
[1.790691] (px4_msgs) StdoutLine: {'line': b'-- Up-to-date: /home/mustardking/ws_sensor_combined/install/px4_msgs/include/px4_msgs/px4_msgs/msg/detail/trajectory_setpoint__builder.hpp\n'}
[1.790713] (px4_msgs) StdoutLine: {'line': b'-- Up-to-date: /home/mustardking/ws_sensor_combined/install/px4_msgs/include/px4_msgs/px4_msgs/msg/detail/transponder_report__traits.hpp\n'}
[1.790740] (px4_msgs) StdoutLine: {'line': b'-- Up-to-date: /home/mustardking/ws_sensor_combined/install/px4_msgs/include/px4_msgs/px4_msgs/msg/detail/geofence_status__type_support.hpp\n'}
[1.790762] (px4_msgs) StdoutLine: {'line': b'-- Up-to-date: /home/mustardking/ws_sensor_combined/install/px4_msgs/include/px4_msgs/px4_msgs/msg/detail/system_power__type_support.hpp\n'}
[1.790784] (px4_msgs) StdoutLine: {'line': b'-- Up-to-date: /home/mustardking/ws_sensor_combined/install/px4_msgs/include/px4_msgs/px4_msgs/msg/detail/vehicle_command__traits.hpp\n'}
[1.790806] (px4_msgs) StdoutLine: {'line': b'-- Up-to-date: /home/mustardking/ws_sensor_combined/install/px4_msgs/include/px4_msgs/px4_msgs/msg/detail/vehicle_local_position__type_support.hpp\n'}
[1.790829] (px4_msgs) StdoutLine: {'line': b'-- Up-to-date: /home/mustardking/ws_sensor_combined/install/px4_msgs/include/px4_msgs/px4_msgs/msg/detail/power_monitor__struct.hpp\n'}
[1.790862] (px4_msgs) StdoutLine: {'line': b'-- Up-to-date: /home/mustardking/ws_sensor_combined/install/px4_msgs/include/px4_msgs/px4_msgs/msg/detail/fixed_wing_lateral_setpoint__struct.hpp\n'}
[1.790887] (px4_msgs) StdoutLine: {'line': b'-- Up-to-date: /home/mustardking/ws_sensor_combined/install/px4_msgs/include/px4_msgs/px4_msgs/msg/detail/sensor_preflight_mag__struct.hpp\n'}
[1.790917] (px4_msgs) StdoutLine: {'line': b'-- Up-to-date: /home/mustardking/ws_sensor_combined/install/px4_msgs/include/px4_msgs/px4_msgs/msg/detail/system_power__traits.hpp\n'}
[1.790941] (px4_msgs) StdoutLine: {'line': b'-- Up-to-date: /home/mustardking/ws_sensor_combined/install/px4_msgs/include/px4_msgs/px4_msgs/msg/detail/flight_phase_estimation__builder.hpp\n'}
[1.790963] (px4_msgs) StdoutLine: {'line': b'-- Up-to-date: /home/mustardking/ws_sensor_combined/install/px4_msgs/include/px4_msgs/px4_msgs/msg/detail/rover_speed_setpoint__struct.hpp\n'}
[1.790989] (px4_msgs) StdoutLine: {'line': b'-- Up-to-date: /home/mustardking/ws_sensor_combined/install/px4_msgs/include/px4_msgs/px4_msgs/msg/detail/button_event__struct.hpp\n'}
[1.791017] (px4_msgs) StdoutLine: {'line': b'-- Up-to-date: /home/mustardking/ws_sensor_combined/install/px4_msgs/include/px4_msgs/px4_msgs/msg/detail/estimator_bias3d__struct.hpp\n'}
[1.791041] (px4_msgs) StdoutLine: {'line': b'-- Up-to-date: /home/mustardking/ws_sensor_combined/install/px4_msgs/include/px4_msgs/px4_msgs/msg/detail/timesync_status__traits.hpp\n'}
[1.791075] (px4_msgs) StdoutLine: {'line': b'-- Up-to-date: /home/mustardking/ws_sensor_combined/install/px4_msgs/include/px4_msgs/px4_msgs/msg/detail/button_event__type_support.hpp\n'}
[1.791099] (px4_msgs) StdoutLine: {'line': b'-- Up-to-date: /home/mustardking/ws_sensor_combined/install/px4_msgs/include/px4_msgs/px4_msgs/msg/detail/adc_report__traits.hpp\n'}
[1.791139] (px4_msgs) StdoutLine: {'line': b'-- Up-to-date: /home/mustardking/ws_sensor_combined/install/px4_msgs/include/px4_msgs/px4_msgs/msg/detail/estimator_aid_source1d__traits.hpp\n'}
[1.791168] (px4_msgs) StdoutLine: {'line': b'-- Up-to-date: /home/mustardking/ws_sensor_combined/install/px4_msgs/include/px4_msgs/px4_msgs/msg/detail/vehicle_imu_status__builder.hpp\n'}
[1.791200] (px4_msgs) StdoutLine: {'line': b'-- Up-to-date: /home/mustardking/ws_sensor_combined/install/px4_msgs/include/px4_msgs/px4_msgs/msg/detail/position_setpoint_triplet__type_support.hpp\n'}
[1.791225] (px4_msgs) StdoutLine: {'line': b'-- Up-to-date: /home/mustardking/ws_sensor_combined/install/px4_msgs/include/px4_msgs/px4_msgs/msg/detail/gps_inject_data__type_support.hpp\n'}
[1.791248] (px4_msgs) StdoutLine: {'line': b'-- Up-to-date: /home/mustardking/ws_sensor_combined/install/px4_msgs/include/px4_msgs/px4_msgs/msg/detail/task_stack_info__traits.hpp\n'}
[1.791272] (px4_msgs) StdoutLine: {'line': b'-- Up-to-date: /home/mustardking/ws_sensor_combined/install/px4_msgs/include/px4_msgs/px4_msgs/msg/detail/open_drone_id_system__traits.hpp\n'}
[1.791328] (px4_msgs) StdoutLine: {'line': b'-- Up-to-date: /home/mustardking/ws_sensor_combined/install/px4_msgs/include/px4_msgs/px4_msgs/msg/detail/uavcan_parameter_request__builder.hpp\n'}
[1.791363] (px4_msgs) StdoutLine: {'line': b'-- Up-to-date: /home/mustardking/ws_sensor_combined/install/px4_msgs/include/px4_msgs/px4_msgs/msg/detail/dataman_request__type_support.hpp\n'}
[1.791386] (px4_msgs) StdoutLine: {'line': b'-- Up-to-date: /home/mustardking/ws_sensor_combined/install/px4_msgs/include/px4_msgs/px4_msgs/msg/detail/rover_speed_setpoint__builder.hpp\n'}
[1.791407] (px4_msgs) StdoutLine: {'line': b'-- Up-to-date: /home/mustardking/ws_sensor_combined/install/px4_msgs/include/px4_msgs/px4_msgs/msg/detail/cpuload__builder.hpp\n'}
[1.791429] (px4_msgs) StdoutLine: {'line': b'-- Up-to-date: /home/mustardking/ws_sensor_combined/install/px4_msgs/include/px4_msgs/px4_msgs/msg/detail/vehicle_air_data__traits.hpp\n'}
[1.791456] (px4_msgs) StdoutLine: {'line': b'-- Up-to-date: /home/mustardking/ws_sensor_combined/install/px4_msgs/include/px4_msgs/px4_msgs/msg/detail/airspeed__traits.hpp\n'}
[1.791491] (px4_msgs) StdoutLine: {'line': b'-- Up-to-date: /home/mustardking/ws_sensor_combined/install/px4_msgs/include/px4_msgs/px4_msgs/msg/detail/distance_sensor_mode_change_request__traits.hpp\n'}
[1.791516] (px4_msgs) StdoutLine: {'line': b'-- Up-to-date: /home/mustardking/ws_sensor_combined/install/px4_msgs/include/px4_msgs/px4_msgs/msg/detail/sensor_combined__traits.hpp\n'}
[1.791538] (px4_msgs) StdoutLine: {'line': b'-- Up-to-date: /home/mustardking/ws_sensor_combined/install/px4_msgs/include/px4_msgs/px4_msgs/msg/detail/longitudinal_control_configuration__struct.hpp\n'}
[1.791563] (px4_msgs) StdoutLine: {'line': b'-- Up-to-date: /home/mustardking/ws_sensor_combined/install/px4_msgs/include/px4_msgs/px4_msgs/msg/detail/normalized_unsigned_setpoint__traits.hpp\n'}
[1.791632] (px4_msgs) StdoutLine: {'line': b'-- Up-to-date: /home/mustardking/ws_sensor_combined/install/px4_msgs/include/px4_msgs/px4_msgs/msg/detail/sensors_status__struct.hpp\n'}
[1.791657] (px4_msgs) StdoutLine: {'line': b'-- Up-to-date: /home/mustardking/ws_sensor_combined/install/px4_msgs/include/px4_msgs/px4_msgs/msg/detail/rover_steering_setpoint__traits.hpp\n'}
[1.791679] (px4_msgs) StdoutLine: {'line': b'-- Up-to-date: /home/mustardking/ws_sensor_combined/install/px4_msgs/include/px4_msgs/px4_msgs/msg/detail/open_drone_id_operator_id__builder.hpp\n'}
[1.792159] (px4_msgs) StdoutLine: {'line': b'-- Up-to-date: /home/mustardking/ws_sensor_combined/install/px4_msgs/include/px4_msgs/px4_msgs/msg/detail/rover_steering_setpoint__struct.hpp\n'}
[1.792195] (px4_msgs) StdoutLine: {'line': b'-- Up-to-date: /home/mustardking/ws_sensor_combined/install/px4_msgs/include/px4_msgs/px4_msgs/msg/detail/px4io_status__builder.hpp\n'}
[1.792246] (px4_msgs) StdoutLine: {'line': b'-- Up-to-date: /home/mustardking/ws_sensor_combined/install/px4_msgs/include/px4_msgs/px4_msgs/msg/detail/landing_gear__type_support.hpp\n'}
[1.792365] (px4_msgs) StdoutLine: {'line': b'-- Up-to-date: /home/mustardking/ws_sensor_combined/install/px4_msgs/include/px4_msgs/px4_msgs/msg/detail/sensor_baro__builder.hpp\n'}
[1.792406] (px4_msgs) StdoutLine: {'line': b'-- Up-to-date: /home/mustardking/ws_sensor_combined/install/px4_msgs/include/px4_msgs/px4_msgs/msg/detail/gimbal_manager_set_attitude__traits.hpp\n'}
[1.792443] (px4_msgs) StdoutLine: {'line': b'-- Up-to-date: /home/mustardking/ws_sensor_combined/install/px4_msgs/include/px4_msgs/px4_msgs/msg/detail/tune_control__builder.hpp\n'}
[1.792474] (px4_msgs) StdoutLine: {'line': b'-- Up-to-date: /home/mustardking/ws_sensor_combined/install/px4_msgs/include/px4_msgs/px4_msgs/msg/detail/airspeed_validated__builder.hpp\n'}
[1.792505] (px4_msgs) StdoutLine: {'line': b'-- Up-to-date: /home/mustardking/ws_sensor_combined/install/px4_msgs/include/px4_msgs/px4_msgs/msg/detail/camera_trigger__traits.hpp\n'}
[1.792528] (px4_msgs) StdoutLine: {'line': b'-- Up-to-date: /home/mustardking/ws_sensor_combined/install/px4_msgs/include/px4_msgs/px4_msgs/msg/detail/manual_control_setpoint__traits.hpp\n'}
[1.792552] (px4_msgs) StdoutLine: {'line': b'-- Up-to-date: /home/mustardking/ws_sensor_combined/install/px4_msgs/include/px4_msgs/px4_msgs/msg/detail/rover_attitude_status__type_support.hpp\n'}
[1.792575] (px4_msgs) StdoutLine: {'line': b'-- Up-to-date: /home/mustardking/ws_sensor_combined/install/px4_msgs/include/px4_msgs/px4_msgs/msg/detail/transponder_report__type_support.hpp\n'}
[1.792609] (px4_msgs) StdoutLine: {'line': b'-- Up-to-date: /home/mustardking/ws_sensor_combined/install/px4_msgs/include/px4_msgs/px4_msgs/msg/detail/esc_status__struct.hpp\n'}
[1.792634] (px4_msgs) StdoutLine: {'line': b'-- Up-to-date: /home/mustardking/ws_sensor_combined/install/px4_msgs/include/px4_msgs/px4_msgs/msg/detail/ping__struct.hpp\n'}
[1.792666] (px4_msgs) StdoutLine: {'line': b'-- Up-to-date: /home/mustardking/ws_sensor_combined/install/px4_msgs/include/px4_msgs/px4_msgs/msg/detail/ekf2_timestamps__type_support.hpp\n'}
[1.792692] (px4_msgs) StdoutLine: {'line': b'-- Up-to-date: /home/mustardking/ws_sensor_combined/install/px4_msgs/include/px4_msgs/px4_msgs/msg/detail/vehicle_global_position__builder.hpp\n'}
[1.792725] (px4_msgs) StdoutLine: {'line': b'-- Up-to-date: /home/mustardking/ws_sensor_combined/install/px4_msgs/include/px4_msgs/px4_msgs\n'}
[1.792760] (px4_msgs) StdoutLine: {'line': b'-- Up-to-date: /home/mustardking/ws_sensor_combined/install/px4_msgs/include/px4_msgs/px4_msgs/srv\n'}
[1.792915] (px4_msgs) StdoutLine: {'line': b'-- Up-to-date: /home/mustardking/ws_sensor_combined/install/px4_msgs/include/px4_msgs/px4_msgs/srv/detail\n'}
[1.792956] (px4_msgs) StdoutLine: {'line': b'-- Up-to-date: /home/mustardking/ws_sensor_combined/install/px4_msgs/include/px4_msgs/px4_msgs/srv/detail/vehicle_command__rosidl_typesupport_fastrtps_cpp.hpp\n'}
[1.792981] (px4_msgs) StdoutLine: {'line': b'-- Up-to-date: /home/mustardking/ws_sensor_combined/install/px4_msgs/include/px4_msgs/px4_msgs/srv/detail/dds_fastrtps\n'}
[1.793004] (px4_msgs) StdoutLine: {'line': b'-- Up-to-date: /home/mustardking/ws_sensor_combined/install/px4_msgs/include/px4_msgs/px4_msgs/msg\n'}
[1.793065] (px4_msgs) StdoutLine: {'line': b'-- Up-to-date: /home/mustardking/ws_sensor_combined/install/px4_msgs/include/px4_msgs/px4_msgs/msg/rosidl_typesupport_fastrtps_cpp__visibility_control.h\n'}
[1.793089] (px4_msgs) StdoutLine: {'line': b'-- Up-to-date: /home/mustardking/ws_sensor_combined/install/px4_msgs/include/px4_msgs/px4_msgs/msg/detail\n'}
[1.793125] (px4_msgs) StdoutLine: {'line': b'-- Up-to-date: /home/mustardking/ws_sensor_combined/install/px4_msgs/include/px4_msgs/px4_msgs/msg/detail/parameter_set_value_response__rosidl_typesupport_fastrtps_cpp.hpp\n'}
[1.793150] (px4_msgs) StdoutLine: {'line': b'-- Up-to-date: /home/mustardking/ws_sensor_combined/install/px4_msgs/include/px4_msgs/px4_msgs/msg/detail/sensor_gps__rosidl_typesupport_fastrtps_cpp.hpp\n'}
[1.793177] (px4_msgs) StdoutLine: {'line': b'-- Up-to-date: /home/mustardking/ws_sensor_combined/install/px4_msgs/include/px4_msgs/px4_msgs/msg/detail/adc_report__rosidl_typesupport_fastrtps_cpp.hpp\n'}
[1.793203] (px4_msgs) StdoutLine: {'line': b'-- Up-to-date: /home/mustardking/ws_sensor_combined/install/px4_msgs/include/px4_msgs/px4_msgs/msg/detail/rtl_status__rosidl_typesupport_fastrtps_cpp.hpp\n'}
[1.793227] (px4_msgs) StdoutLine: {'line': b'-- Up-to-date: /home/mustardking/ws_sensor_combined/install/px4_msgs/include/px4_msgs/px4_msgs/msg/detail/power_button_state__rosidl_typesupport_fastrtps_cpp.hpp\n'}
[1.793250] (px4_msgs) StdoutLine: {'line': b'-- Up-to-date: /home/mustardking/ws_sensor_combined/install/px4_msgs/include/px4_msgs/px4_msgs/msg/detail/normalized_unsigned_setpoint__rosidl_typesupport_fastrtps_cpp.hpp\n'}
[1.793273] (px4_msgs) StdoutLine: {'line': b'-- Up-to-date: /home/mustardking/ws_sensor_combined/install/px4_msgs/include/px4_msgs/px4_msgs/msg/detail/rover_speed_setpoint__rosidl_typesupport_fastrtps_cpp.hpp\n'}
[1.793296] (px4_msgs) StdoutLine: {'line': b'-- Up-to-date: /home/mustardking/ws_sensor_combined/install/px4_msgs/include/px4_msgs/px4_msgs/msg/detail/rc_channels__rosidl_typesupport_fastrtps_cpp.hpp\n'}
[1.793319] (px4_msgs) StdoutLine: {'line': b'-- Up-to-date: /home/mustardking/ws_sensor_combined/install/px4_msgs/include/px4_msgs/px4_msgs/msg/detail/gimbal_manager_status__rosidl_typesupport_fastrtps_cpp.hpp\n'}
[1.793341] (px4_msgs) StdoutLine: {'line': b'-- Up-to-date: /home/mustardking/ws_sensor_combined/install/px4_msgs/include/px4_msgs/px4_msgs/msg/detail/sensor_gnss_status__rosidl_typesupport_fastrtps_cpp.hpp\n'}
[1.793364] (px4_msgs) StdoutLine: {'line': b'-- Up-to-date: /home/mustardking/ws_sensor_combined/install/px4_msgs/include/px4_msgs/px4_msgs/msg/detail/fixed_wing_lateral_setpoint__rosidl_typesupport_fastrtps_cpp.hpp\n'}
[1.793388] (px4_msgs) StdoutLine: {'line': b'-- Up-to-date: /home/mustardking/ws_sensor_combined/install/px4_msgs/include/px4_msgs/px4_msgs/msg/detail/landing_gear__rosidl_typesupport_fastrtps_cpp.hpp\n'}
[1.793411] (px4_msgs) StdoutLine: {'line': b'-- Up-to-date: /home/mustardking/ws_sensor_combined/install/px4_msgs/include/px4_msgs/px4_msgs/msg/detail/sensor_selection__rosidl_typesupport_fastrtps_cpp.hpp\n'}
[1.793433] (px4_msgs) StdoutLine: {'line': b'-- Up-to-date: /home/mustardking/ws_sensor_combined/install/px4_msgs/include/px4_msgs/px4_msgs/msg/detail/gimbal_controls__rosidl_typesupport_fastrtps_cpp.hpp\n'}
[1.793456] (px4_msgs) StdoutLine: {'line': b'-- Up-to-date: /home/mustardking/ws_sensor_combined/install/px4_msgs/include/px4_msgs/px4_msgs/msg/detail/follow_target_estimator__rosidl_typesupport_fastrtps_cpp.hpp\n'}
[1.793478] (px4_msgs) StdoutLine: {'line': b'-- Up-to-date: /home/mustardking/ws_sensor_combined/install/px4_msgs/include/px4_msgs/px4_msgs/msg/detail/wind__rosidl_typesupport_fastrtps_cpp.hpp\n'}
[1.793501] (px4_msgs) StdoutLine: {'line': b'-- Up-to-date: /home/mustardking/ws_sensor_combined/install/px4_msgs/include/px4_msgs/px4_msgs/msg/detail/message_format_response__rosidl_typesupport_fastrtps_cpp.hpp\n'}
[1.793523] (px4_msgs) StdoutLine: {'line': b'-- Up-to-date: /home/mustardking/ws_sensor_combined/install/px4_msgs/include/px4_msgs/px4_msgs/msg/detail/camera_status__rosidl_typesupport_fastrtps_cpp.hpp\n'}
[1.793546] (px4_msgs) StdoutLine: {'line': b'-- Up-to-date: /home/mustardking/ws_sensor_combined/install/px4_msgs/include/px4_msgs/px4_msgs/msg/detail/vehicle_constraints__rosidl_typesupport_fastrtps_cpp.hpp\n'}
[1.793570] (px4_msgs) StdoutLine: {'line': b'-- Up-to-date: /home/mustardking/ws_sensor_combined/install/px4_msgs/include/px4_msgs/px4_msgs/msg/detail/log_message__rosidl_typesupport_fastrtps_cpp.hpp\n'}
[1.793592] (px4_msgs) StdoutLine: {'line': b'-- Up-to-date: /home/mustardking/ws_sensor_combined/install/px4_msgs/include/px4_msgs/px4_msgs/msg/detail/distance_sensor_mode_change_request__rosidl_typesupport_fastrtps_cpp.hpp\n'}
[1.793616] (px4_msgs) StdoutLine: {'line': b'-- Up-to-date: /home/mustardking/ws_sensor_combined/install/px4_msgs/include/px4_msgs/px4_msgs/msg/detail/open_drone_id_operator_id__rosidl_typesupport_fastrtps_cpp.hpp\n'}
[1.793639] (px4_msgs) StdoutLine: {'line': b'-- Up-to-date: /home/mustardking/ws_sensor_combined/install/px4_msgs/include/px4_msgs/px4_msgs/msg/detail/gimbal_manager_set_manual_control__rosidl_typesupport_fastrtps_cpp.hpp\n'}
[1.793661] (px4_msgs) StdoutLine: {'line': b'-- Up-to-date: /home/mustardking/ws_sensor_combined/install/px4_msgs/include/px4_msgs/px4_msgs/msg/detail/config_overrides__rosidl_typesupport_fastrtps_cpp.hpp\n'}
[1.793693] (px4_msgs) StdoutLine: {'line': b'-- Up-to-date: /home/mustardking/ws_sensor_combined/install/px4_msgs/include/px4_msgs/px4_msgs/msg/detail/iridiumsbd_status__rosidl_typesupport_fastrtps_cpp.hpp\n'}
[1.793717] (px4_msgs) StdoutLine: {'line': b'-- Up-to-date: /home/mustardking/ws_sensor_combined/install/px4_msgs/include/px4_msgs/px4_msgs/msg/detail/parameter_update__rosidl_typesupport_fastrtps_cpp.hpp\n'}
[1.793740] (px4_msgs) StdoutLine: {'line': b'-- Up-to-date: /home/mustardking/ws_sensor_combined/install/px4_msgs/include/px4_msgs/px4_msgs/msg/detail/geofence_status__rosidl_typesupport_fastrtps_cpp.hpp\n'}
[1.793779] (px4_msgs) StdoutLine: {'line': b'-- Up-to-date: /home/mustardking/ws_sensor_combined/install/px4_msgs/include/px4_msgs/px4_msgs/msg/detail/estimator_aid_source3d__rosidl_typesupport_fastrtps_cpp.hpp\n'}
[1.793811] (px4_msgs) StdoutLine: {'line': b'-- Up-to-date: /home/mustardking/ws_sensor_combined/install/px4_msgs/include/px4_msgs/px4_msgs/msg/detail/pwm_input__rosidl_typesupport_fastrtps_cpp.hpp\n'}
[1.793836] (px4_msgs) StdoutLine: {'line': b'-- Up-to-date: /home/mustardking/ws_sensor_combined/install/px4_msgs/include/px4_msgs/px4_msgs/msg/detail/rpm__rosidl_typesupport_fastrtps_cpp.hpp\n'}
[1.793859] (px4_msgs) StdoutLine: {'line': b'-- Up-to-date: /home/mustardking/ws_sensor_combined/install/px4_msgs/include/px4_msgs/px4_msgs/msg/detail/pps_capture__rosidl_typesupport_fastrtps_cpp.hpp\n'}
[1.793881] (px4_msgs) StdoutLine: {'line': b'-- Up-to-date: /home/mustardking/ws_sensor_combined/install/px4_msgs/include/px4_msgs/px4_msgs/msg/detail/vehicle_land_detected__rosidl_typesupport_fastrtps_cpp.hpp\n'}
[1.793912] (px4_msgs) StdoutLine: {'line': b'-- Up-to-date: /home/mustardking/ws_sensor_combined/install/px4_msgs/include/px4_msgs/px4_msgs/msg/detail/vehicle_rates_setpoint__rosidl_typesupport_fastrtps_cpp.hpp\n'}
[1.793941] (px4_msgs) StdoutLine: {'line': b'-- Up-to-date: /home/mustardking/ws_sensor_combined/install/px4_msgs/include/px4_msgs/px4_msgs/msg/detail/lateral_control_configuration__rosidl_typesupport_fastrtps_cpp.hpp\n'}
[1.793970] (px4_msgs) StdoutLine: {'line': b'-- Up-to-date: /home/mustardking/ws_sensor_combined/install/px4_msgs/include/px4_msgs/px4_msgs/msg/detail/estimator_bias__rosidl_typesupport_fastrtps_cpp.hpp\n'}
[1.794013] (px4_msgs) StdoutLine: {'line': b'-- Up-to-date: /home/mustardking/ws_sensor_combined/install/px4_msgs/include/px4_msgs/px4_msgs/msg/detail/sensor_gyro_fifo__rosidl_typesupport_fastrtps_cpp.hpp\n'}
[1.794035] (px4_msgs) StdoutLine: {'line': b'-- Up-to-date: /home/mustardking/ws_sensor_combined/install/px4_msgs/include/px4_msgs/px4_msgs/msg/detail/can_interface_status__rosidl_typesupport_fastrtps_cpp.hpp\n'}
[1.794067] (px4_msgs) StdoutLine: {'line': b'-- Up-to-date: /home/mustardking/ws_sensor_combined/install/px4_msgs/include/px4_msgs/px4_msgs/msg/detail/actuator_armed__rosidl_typesupport_fastrtps_cpp.hpp\n'}
[1.794091] (px4_msgs) StdoutLine: {'line': b'-- Up-to-date: /home/mustardking/ws_sensor_combined/install/px4_msgs/include/px4_msgs/px4_msgs/msg/detail/sensor_combined__rosidl_typesupport_fastrtps_cpp.hpp\n'}
[1.794113] (px4_msgs) StdoutLine: {'line': b'-- Up-to-date: /home/mustardking/ws_sensor_combined/install/px4_msgs/include/px4_msgs/px4_msgs/msg/detail/vehicle_command__rosidl_typesupport_fastrtps_cpp.hpp\n'}
[1.794136] (px4_msgs) StdoutLine: {'line': b'-- Up-to-date: /home/mustardking/ws_sensor_combined/install/px4_msgs/include/px4_msgs/px4_msgs/msg/detail/launch_detection_status__rosidl_typesupport_fastrtps_cpp.hpp\n'}
[1.794163] (px4_msgs) StdoutLine: {'line': b'-- Up-to-date: /home/mustardking/ws_sensor_combined/install/px4_msgs/include/px4_msgs/px4_msgs/msg/detail/mission__rosidl_typesupport_fastrtps_cpp.hpp\n'}
[1.794187] (px4_msgs) StdoutLine: {'line': b'-- Up-to-date: /home/mustardking/ws_sensor_combined/install/px4_msgs/include/px4_msgs/px4_msgs/msg/detail/mode_completed__rosidl_typesupport_fastrtps_cpp.hpp\n'}
[1.794211] (px4_msgs) StdoutLine: {'line': b'-- Up-to-date: /home/mustardking/ws_sensor_combined/install/px4_msgs/include/px4_msgs/px4_msgs/msg/detail/sensor_airflow__rosidl_typesupport_fastrtps_cpp.hpp\n'}
[1.794233] (px4_msgs) StdoutLine: {'line': b'-- Up-to-date: /home/mustardking/ws_sensor_combined/install/px4_msgs/include/px4_msgs/px4_msgs/msg/detail/internal_combustion_engine_status__rosidl_typesupport_fastrtps_cpp.hpp\n'}
[1.794255] (px4_msgs) StdoutLine: {'line': b'-- Up-to-date: /home/mustardking/ws_sensor_combined/install/px4_msgs/include/px4_msgs/px4_msgs/msg/detail/actuator_servos__rosidl_typesupport_fastrtps_cpp.hpp\n'}
[1.794286] (px4_msgs) StdoutLine: {'line': b'-- Up-to-date: /home/mustardking/ws_sensor_combined/install/px4_msgs/include/px4_msgs/px4_msgs/msg/detail/internal_combustion_engine_control__rosidl_typesupport_fastrtps_cpp.hpp\n'}
[1.794321] (px4_msgs) StdoutLine: {'line': b'-- Up-to-date: /home/mustardking/ws_sensor_combined/install/px4_msgs/include/px4_msgs/px4_msgs/msg/detail/power_monitor__rosidl_typesupport_fastrtps_cpp.hpp\n'}
[1.794353] (px4_msgs) StdoutLine: {'line': b'-- Up-to-date: /home/mustardking/ws_sensor_combined/install/px4_msgs/include/px4_msgs/px4_msgs/msg/detail/follow_target__rosidl_typesupport_fastrtps_cpp.hpp\n'}
[1.794386] (px4_msgs) StdoutLine: {'line': b'-- Up-to-date: /home/mustardking/ws_sensor_combined/install/px4_msgs/include/px4_msgs/px4_msgs/msg/detail/mission_result__rosidl_typesupport_fastrtps_cpp.hpp\n'}
[1.794421] (px4_msgs) StdoutLine: {'line': b'-- Up-to-date: /home/mustardking/ws_sensor_combined/install/px4_msgs/include/px4_msgs/px4_msgs/msg/detail/tiltrotor_extra_controls__rosidl_typesupport_fastrtps_cpp.hpp\n'}
[1.794446] (px4_msgs) StdoutLine: {'line': b'-- Up-to-date: /home/mustardking/ws_sensor_combined/install/px4_msgs/include/px4_msgs/px4_msgs/msg/detail/transponder_report__rosidl_typesupport_fastrtps_cpp.hpp\n'}
[1.794479] (px4_msgs) StdoutLine: {'line': b'-- Up-to-date: /home/mustardking/ws_sensor_combined/install/px4_msgs/include/px4_msgs/px4_msgs/msg/detail/vehicle_imu_status__rosidl_typesupport_fastrtps_cpp.hpp\n'}
[1.794513] (px4_msgs) StdoutLine: {'line': b'-- Up-to-date: /home/mustardking/ws_sensor_combined/install/px4_msgs/include/px4_msgs/px4_msgs/msg/detail/home_position__rosidl_typesupport_fastrtps_cpp.hpp\n'}
[1.794547] (px4_msgs) StdoutLine: {'line': b'-- Up-to-date: /home/mustardking/ws_sensor_combined/install/px4_msgs/include/px4_msgs/px4_msgs/msg/detail/vehicle_roi__rosidl_typesupport_fastrtps_cpp.hpp\n'}
[1.794582] (px4_msgs) StdoutLine: {'line': b'-- Up-to-date: /home/mustardking/ws_sensor_combined/install/px4_msgs/include/px4_msgs/px4_msgs/msg/detail/camera_trigger__rosidl_typesupport_fastrtps_cpp.hpp\n'}
[1.794616] (px4_msgs) StdoutLine: {'line': b'-- Up-to-date: /home/mustardking/ws_sensor_combined/install/px4_msgs/include/px4_msgs/px4_msgs/msg/detail/gpio_in__rosidl_typesupport_fastrtps_cpp.hpp\n'}
[1.794642] (px4_msgs) StdoutLine: {'line': b'-- Up-to-date: /home/mustardking/ws_sensor_combined/install/px4_msgs/include/px4_msgs/px4_msgs/msg/detail/camera_capture__rosidl_typesupport_fastrtps_cpp.hpp\n'}
[1.794664] (px4_msgs) StdoutLine: {'line': b'-- Up-to-date: /home/mustardking/ws_sensor_combined/install/px4_msgs/include/px4_msgs/px4_msgs/msg/detail/open_drone_id_self_id__rosidl_typesupport_fastrtps_cpp.hpp\n'}
[1.794693] (px4_msgs) StdoutLine: {'line': b'-- Up-to-date: /home/mustardking/ws_sensor_combined/install/px4_msgs/include/px4_msgs/px4_msgs/msg/detail/flight_phase_estimation__rosidl_typesupport_fastrtps_cpp.hpp\n'}
[1.794718] (px4_msgs) StdoutLine: {'line': b'-- Up-to-date: /home/mustardking/ws_sensor_combined/install/px4_msgs/include/px4_msgs/px4_msgs/msg/detail/control_allocator_status__rosidl_typesupport_fastrtps_cpp.hpp\n'}
[1.794749] (px4_msgs) StdoutLine: {'line': b'-- Up-to-date: /home/mustardking/ws_sensor_combined/install/px4_msgs/include/px4_msgs/px4_msgs/msg/detail/button_event__rosidl_typesupport_fastrtps_cpp.hpp\n'}
[1.794774] (px4_msgs) StdoutLine: {'line': b'-- Up-to-date: /home/mustardking/ws_sensor_combined/install/px4_msgs/include/px4_msgs/px4_msgs/msg/detail/dronecan_node_status__rosidl_typesupport_fastrtps_cpp.hpp\n'}
[1.794799] (px4_msgs) StdoutLine: {'line': b'-- Up-to-date: /home/mustardking/ws_sensor_combined/install/px4_msgs/include/px4_msgs/px4_msgs/msg/detail/gimbal_manager_information__rosidl_typesupport_fastrtps_cpp.hpp\n'}
[1.794835] (px4_msgs) StdoutLine: {'line': b'-- Up-to-date: /home/mustardking/ws_sensor_combined/install/px4_msgs/include/px4_msgs/px4_msgs/msg/detail/rover_attitude_setpoint__rosidl_typesupport_fastrtps_cpp.hpp\n'}
[1.794860] (px4_msgs) StdoutLine: {'line': b'-- Up-to-date: /home/mustardking/ws_sensor_combined/install/px4_msgs/include/px4_msgs/px4_msgs/msg/detail/sensor_accel__rosidl_typesupport_fastrtps_cpp.hpp\n'}
[1.794895] (px4_msgs) StdoutLine: {'line': b'-- Up-to-date: /home/mustardking/ws_sensor_combined/install/px4_msgs/include/px4_msgs/px4_msgs/msg/detail/distance_sensor__rosidl_typesupport_fastrtps_cpp.hpp\n'}
[1.794929] (px4_msgs) StdoutLine: {'line': b'-- Up-to-date: /home/mustardking/ws_sensor_combined/install/px4_msgs/include/px4_msgs/px4_msgs/msg/detail/logger_status__rosidl_typesupport_fastrtps_cpp.hpp\n'}
[1.794962] (px4_msgs) StdoutLine: {'line': b'-- Up-to-date: /home/mustardking/ws_sensor_combined/install/px4_msgs/include/px4_msgs/px4_msgs/msg/detail/position_controller_status__rosidl_typesupport_fastrtps_cpp.hpp\n'}
[1.794993] (px4_msgs) StdoutLine: {'line': b'-- Up-to-date: /home/mustardking/ws_sensor_combined/install/px4_msgs/include/px4_msgs/px4_msgs/msg/detail/arming_check_reply__rosidl_typesupport_fastrtps_cpp.hpp\n'}
[1.795026] (px4_msgs) StdoutLine: {'line': b'-- Up-to-date: /home/mustardking/ws_sensor_combined/install/px4_msgs/include/px4_msgs/px4_msgs/msg/detail/mavlink_tunnel__rosidl_typesupport_fastrtps_cpp.hpp\n'}
[1.795057] (px4_msgs) StdoutLine: {'line': b'-- Up-to-date: /home/mustardking/ws_sensor_combined/install/px4_msgs/include/px4_msgs/px4_msgs/msg/detail/orb_test_large__rosidl_typesupport_fastrtps_cpp.hpp\n'}
[1.795090] (px4_msgs) StdoutLine: {'line': b'-- Up-to-date: /home/mustardking/ws_sensor_combined/install/px4_msgs/include/px4_msgs/px4_msgs/msg/detail/vehicle_command_ack__rosidl_typesupport_fastrtps_cpp.hpp\n'}
[1.795123] (px4_msgs) StdoutLine: {'line': b'-- Up-to-date: /home/mustardking/ws_sensor_combined/install/px4_msgs/include/px4_msgs/px4_msgs/msg/detail/estimator_states__rosidl_typesupport_fastrtps_cpp.hpp\n'}
[1.795155] (px4_msgs) StdoutLine: {'line': b'-- Up-to-date: /home/mustardking/ws_sensor_combined/install/px4_msgs/include/px4_msgs/px4_msgs/msg/detail/orb_test__rosidl_typesupport_fastrtps_cpp.hpp\n'}
[1.795197] (px4_msgs) StdoutLine: {'line': b'-- Up-to-date: /home/mustardking/ws_sensor_combined/install/px4_msgs/include/px4_msgs/px4_msgs/msg/detail/hover_thrust_estimate__rosidl_typesupport_fastrtps_cpp.hpp\n'}
[1.795230] (px4_msgs) StdoutLine: {'line': b'-- Up-to-date: /home/mustardking/ws_sensor_combined/install/px4_msgs/include/px4_msgs/px4_msgs/msg/detail/sensor_optical_flow__rosidl_typesupport_fastrtps_cpp.hpp\n'}
[1.795261] (px4_msgs) StdoutLine: {'line': b'-- Up-to-date: /home/mustardking/ws_sensor_combined/install/px4_msgs/include/px4_msgs/px4_msgs/msg/detail/pure_pursuit_status__rosidl_typesupport_fastrtps_cpp.hpp\n'}
[1.795292] (px4_msgs) StdoutLine: {'line': b'-- Up-to-date: /home/mustardking/ws_sensor_combined/install/px4_msgs/include/px4_msgs/px4_msgs/msg/detail/sensor_baro__rosidl_typesupport_fastrtps_cpp.hpp\n'}
[1.795319] (px4_msgs) StdoutLine: {'line': b'-- Up-to-date: /home/mustardking/ws_sensor_combined/install/px4_msgs/include/px4_msgs/px4_msgs/msg/detail/actuator_controls_status__rosidl_typesupport_fastrtps_cpp.hpp\n'}
[1.795346] (px4_msgs) StdoutLine: {'line': b'-- Up-to-date: /home/mustardking/ws_sensor_combined/install/px4_msgs/include/px4_msgs/px4_msgs/msg/detail/tecs_status__rosidl_typesupport_fastrtps_cpp.hpp\n'}
[1.795420] (px4_msgs) StdoutLine: {'line': b'-- Up-to-date: /home/mustardking/ws_sensor_combined/install/px4_msgs/include/px4_msgs/px4_msgs/msg/detail/sensor_correction__rosidl_typesupport_fastrtps_cpp.hpp\n'}
[1.795442] (px4_msgs) StdoutLine: {'line': b'-- Up-to-date: /home/mustardking/ws_sensor_combined/install/px4_msgs/include/px4_msgs/px4_msgs/msg/detail/sensor_gyro__rosidl_typesupport_fastrtps_cpp.hpp\n'}
[1.795483] (px4_msgs) StdoutLine: {'line': b'-- Up-to-date: /home/mustardking/ws_sensor_combined/install/px4_msgs/include/px4_msgs/px4_msgs/msg/detail/vehicle_global_position__rosidl_typesupport_fastrtps_cpp.hpp\n'}
[1.795506] (px4_msgs) StdoutLine: {'line': b'-- Up-to-date: /home/mustardking/ws_sensor_combined/install/px4_msgs/include/px4_msgs/px4_msgs/msg/detail/unregister_ext_component__rosidl_typesupport_fastrtps_cpp.hpp\n'}
[1.795843] (px4_msgs) StdoutLine: {'line': b'-- Up-to-date: /home/mustardking/ws_sensor_combined/install/px4_msgs/include/px4_msgs/px4_msgs/msg/detail/navigator_status__rosidl_typesupport_fastrtps_cpp.hpp\n'}
[1.795868] (px4_msgs) StdoutLine: {'line': b'-- Up-to-date: /home/mustardking/ws_sensor_combined/install/px4_msgs/include/px4_msgs/px4_msgs/msg/detail/neural_control__rosidl_typesupport_fastrtps_cpp.hpp\n'}
[1.795891] (px4_msgs) StdoutLine: {'line': b'-- Up-to-date: /home/mustardking/ws_sensor_combined/install/px4_msgs/include/px4_msgs/px4_msgs/msg/detail/landing_gear_wheel__rosidl_typesupport_fastrtps_cpp.hpp\n'}
[1.795913] (px4_msgs) StdoutLine: {'line': b'-- Up-to-date: /home/mustardking/ws_sensor_combined/install/px4_msgs/include/px4_msgs/px4_msgs/msg/detail/position_controller_landing_status__rosidl_typesupport_fastrtps_cpp.hpp\n'}
[1.795936] (px4_msgs) StdoutLine: {'line': b'-- Up-to-date: /home/mustardking/ws_sensor_combined/install/px4_msgs/include/px4_msgs/px4_msgs/msg/detail/estimator_selector_status__rosidl_typesupport_fastrtps_cpp.hpp\n'}
[1.795958] (px4_msgs) StdoutLine: {'line': b'-- Up-to-date: /home/mustardking/ws_sensor_combined/install/px4_msgs/include/px4_msgs/px4_msgs/msg/detail/orbit_status__rosidl_typesupport_fastrtps_cpp.hpp\n'}
[1.796001] (px4_msgs) StdoutLine: {'line': b'-- Up-to-date: /home/mustardking/ws_sensor_combined/install/px4_msgs/include/px4_msgs/px4_msgs/msg/detail/navigator_mission_item__rosidl_typesupport_fastrtps_cpp.hpp\n'}
[1.796035] (px4_msgs) StdoutLine: {'line': b'-- Up-to-date: /home/mustardking/ws_sensor_combined/install/px4_msgs/include/px4_msgs/px4_msgs/msg/detail/estimator_sensor_bias__rosidl_typesupport_fastrtps_cpp.hpp\n'}
[1.796062] (px4_msgs) StdoutLine: {'line': b'-- Up-to-date: /home/mustardking/ws_sensor_combined/install/px4_msgs/include/px4_msgs/px4_msgs/msg/detail/rover_steering_setpoint__rosidl_typesupport_fastrtps_cpp.hpp\n'}
[1.796091] (px4_msgs) StdoutLine: {'line': b'-- Up-to-date: /home/mustardking/ws_sensor_combined/install/px4_msgs/include/px4_msgs/px4_msgs/msg/detail/parameter_reset_request__rosidl_typesupport_fastrtps_cpp.hpp\n'}
[1.796114] (px4_msgs) StdoutLine: {'line': b'-- Up-to-date: /home/mustardking/ws_sensor_combined/install/px4_msgs/include/px4_msgs/px4_msgs/msg/detail/follow_target_status__rosidl_typesupport_fastrtps_cpp.hpp\n'}
[1.796147] (px4_msgs) StdoutLine: {'line': b'-- Up-to-date: /home/mustardking/ws_sensor_combined/install/px4_msgs/include/px4_msgs/px4_msgs/msg/detail/fixed_wing_longitudinal_setpoint__rosidl_typesupport_fastrtps_cpp.hpp\n'}
[1.796170] (px4_msgs) StdoutLine: {'line': b'-- Up-to-date: /home/mustardking/ws_sensor_combined/install/px4_msgs/include/px4_msgs/px4_msgs/msg/detail/figure_eight_status__rosidl_typesupport_fastrtps_cpp.hpp\n'}
[1.796192] (px4_msgs) StdoutLine: {'line': b'-- Up-to-date: /home/mustardking/ws_sensor_combined/install/px4_msgs/include/px4_msgs/px4_msgs/msg/detail/telemetry_status__rosidl_typesupport_fastrtps_cpp.hpp\n'}
[1.796218] (px4_msgs) StdoutLine: {'line': b'-- Up-to-date: /home/mustardking/ws_sensor_combined/install/px4_msgs/include/px4_msgs/px4_msgs/msg/detail/sensor_hygrometer__rosidl_typesupport_fastrtps_cpp.hpp\n'}
[1.796242] (px4_msgs) StdoutLine: {'line': b'-- Up-to-date: /home/mustardking/ws_sensor_combined/install/px4_msgs/include/px4_msgs/px4_msgs/msg/detail/rtl_time_estimate__rosidl_typesupport_fastrtps_cpp.hpp\n'}
[1.796320] (px4_msgs) StdoutLine: {'line': b'-- Up-to-date: /home/mustardking/ws_sensor_combined/install/px4_msgs/include/px4_msgs/px4_msgs/msg/detail/vehicle_thrust_setpoint__rosidl_typesupport_fastrtps_cpp.hpp\n'}
[1.796372] (px4_msgs) StdoutLine: {'line': b'-- Up-to-date: /home/mustardking/ws_sensor_combined/install/px4_msgs/include/px4_msgs/px4_msgs/msg/detail/irlock_report__rosidl_typesupport_fastrtps_cpp.hpp\n'}
[1.796401] (px4_msgs) StdoutLine: {'line': b'-- Up-to-date: /home/mustardking/ws_sensor_combined/install/px4_msgs/include/px4_msgs/px4_msgs/msg/detail/dataman_response__rosidl_typesupport_fastrtps_cpp.hpp\n'}
[1.796427] (px4_msgs) StdoutLine: {'line': b'-- Up-to-date: /home/mustardking/ws_sensor_combined/install/px4_msgs/include/px4_msgs/px4_msgs/msg/detail/vehicle_optical_flow__rosidl_typesupport_fastrtps_cpp.hpp\n'}
[1.796465] (px4_msgs) StdoutLine: {'line': b'-- Up-to-date: /home/mustardking/ws_sensor_combined/install/px4_msgs/include/px4_msgs/px4_msgs/msg/detail/generator_status__rosidl_typesupport_fastrtps_cpp.hpp\n'}
[1.796491] (px4_msgs) StdoutLine: {'line': b'-- Up-to-date: /home/mustardking/ws_sensor_combined/install/px4_msgs/include/px4_msgs/px4_msgs/msg/detail/sensor_accel_fifo__rosidl_typesupport_fastrtps_cpp.hpp\n'}
[1.796522] (px4_msgs) StdoutLine: {'line': b'-- Up-to-date: /home/mustardking/ws_sensor_combined/install/px4_msgs/include/px4_msgs/px4_msgs/msg/detail/onboard_computer_status__rosidl_typesupport_fastrtps_cpp.hpp\n'}
[1.796545] (px4_msgs) StdoutLine: {'line': b'-- Up-to-date: /home/mustardking/ws_sensor_combined/install/px4_msgs/include/px4_msgs/px4_msgs/msg/detail/mag_worker_data__rosidl_typesupport_fastrtps_cpp.hpp\n'}
[1.796568] (px4_msgs) StdoutLine: {'line': b'-- Up-to-date: /home/mustardking/ws_sensor_combined/install/px4_msgs/include/px4_msgs/px4_msgs/msg/detail/vehicle_angular_velocity__rosidl_typesupport_fastrtps_cpp.hpp\n'}
[1.796591] (px4_msgs) StdoutLine: {'line': b'-- Up-to-date: /home/mustardking/ws_sensor_combined/install/px4_msgs/include/px4_msgs/px4_msgs/msg/detail/manual_control_setpoint__rosidl_typesupport_fastrtps_cpp.hpp\n'}
[1.796630] (px4_msgs) StdoutLine: {'line': b'-- Up-to-date: /home/mustardking/ws_sensor_combined/install/px4_msgs/include/px4_msgs/px4_msgs/msg/detail/wheel_encoders__rosidl_typesupport_fastrtps_cpp.hpp\n'}
[1.796655] (px4_msgs) StdoutLine: {'line': b'-- Up-to-date: /home/mustardking/ws_sensor_combined/install/px4_msgs/include/px4_msgs/px4_msgs/msg/detail/cellular_status__rosidl_typesupport_fastrtps_cpp.hpp\n'}
[1.796678] (px4_msgs) StdoutLine: {'line': b'-- Up-to-date: /home/mustardking/ws_sensor_combined/install/px4_msgs/include/px4_msgs/px4_msgs/msg/detail/input_rc__rosidl_typesupport_fastrtps_cpp.hpp\n'}
[1.796700] (px4_msgs) StdoutLine: {'line': b'-- Up-to-date: /home/mustardking/ws_sensor_combined/install/px4_msgs/include/px4_msgs/px4_msgs/msg/detail/takeoff_status__rosidl_typesupport_fastrtps_cpp.hpp\n'}
[1.796733] (px4_msgs) StdoutLine: {'line': b'-- Up-to-date: /home/mustardking/ws_sensor_combined/install/px4_msgs/include/px4_msgs/px4_msgs/msg/detail/arming_check_request__rosidl_typesupport_fastrtps_cpp.hpp\n'}
[1.796758] (px4_msgs) StdoutLine: {'line': b'-- Up-to-date: /home/mustardking/ws_sensor_combined/install/px4_msgs/include/px4_msgs/px4_msgs/msg/detail/task_stack_info__rosidl_typesupport_fastrtps_cpp.hpp\n'}
[1.796781] (px4_msgs) StdoutLine: {'line': b'-- Up-to-date: /home/mustardking/ws_sensor_combined/install/px4_msgs/include/px4_msgs/px4_msgs/msg/detail/rover_attitude_status__rosidl_typesupport_fastrtps_cpp.hpp\n'}
[1.796807] (px4_msgs) StdoutLine: {'line': b'-- Up-to-date: /home/mustardking/ws_sensor_combined/install/px4_msgs/include/px4_msgs/px4_msgs/msg/detail/position_setpoint__rosidl_typesupport_fastrtps_cpp.hpp\n'}
[1.796837] (px4_msgs) StdoutLine: {'line': b'-- Up-to-date: /home/mustardking/ws_sensor_combined/install/px4_msgs/include/px4_msgs/px4_msgs/msg/detail/obstacle_distance__rosidl_typesupport_fastrtps_cpp.hpp\n'}
[1.796863] (px4_msgs) StdoutLine: {'line': b'-- Up-to-date: /home/mustardking/ws_sensor_combined/install/px4_msgs/include/px4_msgs/px4_msgs/msg/detail/estimator_bias3d__rosidl_typesupport_fastrtps_cpp.hpp\n'}
[1.796886] (px4_msgs) StdoutLine: {'line': b'-- Up-to-date: /home/mustardking/ws_sensor_combined/install/px4_msgs/include/px4_msgs/px4_msgs/msg/detail/airspeed__rosidl_typesupport_fastrtps_cpp.hpp\n'}
[1.796908] (px4_msgs) StdoutLine: {'line': b'-- Up-to-date: /home/mustardking/ws_sensor_combined/install/px4_msgs/include/px4_msgs/px4_msgs/msg/detail/airspeed_wind__rosidl_typesupport_fastrtps_cpp.hpp\n'}
[1.796939] (px4_msgs) StdoutLine: {'line': b'-- Up-to-date: /home/mustardking/ws_sensor_combined/install/px4_msgs/include/px4_msgs/px4_msgs/msg/detail/rover_rate_status__rosidl_typesupport_fastrtps_cpp.hpp\n'}
[1.796968] (px4_msgs) StdoutLine: {'line': b'-- Up-to-date: /home/mustardking/ws_sensor_combined/install/px4_msgs/include/px4_msgs/px4_msgs/msg/detail/dataman_request__rosidl_typesupport_fastrtps_cpp.hpp\n'}
[1.797005] (px4_msgs) StdoutLine: {'line': b'-- Up-to-date: /home/mustardking/ws_sensor_combined/install/px4_msgs/include/px4_msgs/px4_msgs/msg/detail/ekf2_timestamps__rosidl_typesupport_fastrtps_cpp.hpp\n'}
[1.797031] (px4_msgs) StdoutLine: {'line': b'-- Up-to-date: /home/mustardking/ws_sensor_combined/install/px4_msgs/include/px4_msgs/px4_msgs/msg/detail/register_ext_component_request__rosidl_typesupport_fastrtps_cpp.hpp\n'}
[1.797053] (px4_msgs) StdoutLine: {'line': b'-- Up-to-date: /home/mustardking/ws_sensor_combined/install/px4_msgs/include/px4_msgs/px4_msgs/msg/detail/event__rosidl_typesupport_fastrtps_cpp.hpp\n'}
[1.797076] (px4_msgs) StdoutLine: {'line': b'-- Up-to-date: /home/mustardking/ws_sensor_combined/install/px4_msgs/include/px4_msgs/px4_msgs/msg/detail/vehicle_imu__rosidl_typesupport_fastrtps_cpp.hpp\n'}
[1.797098] (px4_msgs) StdoutLine: {'line': b'-- Up-to-date: /home/mustardking/ws_sensor_combined/install/px4_msgs/include/px4_msgs/px4_msgs/msg/detail/health_report__rosidl_typesupport_fastrtps_cpp.hpp\n'}
[1.797134] (px4_msgs) StdoutLine: {'line': b'-- Up-to-date: /home/mustardking/ws_sensor_combined/install/px4_msgs/include/px4_msgs/px4_msgs/msg/detail/gimbal_device_attitude_status__rosidl_typesupport_fastrtps_cpp.hpp\n'}
[1.797160] (px4_msgs) StdoutLine: {'line': b'-- Up-to-date: /home/mustardking/ws_sensor_combined/install/px4_msgs/include/px4_msgs/px4_msgs/msg/detail/sensor_gyro_fft__rosidl_typesupport_fastrtps_cpp.hpp\n'}
[1.797193] (px4_msgs) StdoutLine: {'line': b'-- Up-to-date: /home/mustardking/ws_sensor_combined/install/px4_msgs/include/px4_msgs/px4_msgs/msg/detail/goto_setpoint__rosidl_typesupport_fastrtps_cpp.hpp\n'}
[1.797229] (px4_msgs) StdoutLine: {'line': b'-- Up-to-date: /home/mustardking/ws_sensor_combined/install/px4_msgs/include/px4_msgs/px4_msgs/msg/detail/uavcan_parameter_value__rosidl_typesupport_fastrtps_cpp.hpp\n'}
[1.797259] (px4_msgs) StdoutLine: {'line': b'-- Up-to-date: /home/mustardking/ws_sensor_combined/install/px4_msgs/include/px4_msgs/px4_msgs/msg/detail/vehicle_angular_acceleration_setpoint__rosidl_typesupport_fastrtps_cpp.hpp\n'}
[1.797282] (px4_msgs) StdoutLine: {'line': b'-- Up-to-date: /home/mustardking/ws_sensor_combined/install/px4_msgs/include/px4_msgs/px4_msgs/msg/detail/system_power__rosidl_typesupport_fastrtps_cpp.hpp\n'}
[1.797305] (px4_msgs) StdoutLine: {'line': b'-- Up-to-date: /home/mustardking/ws_sensor_combined/install/px4_msgs/include/px4_msgs/px4_msgs/msg/detail/battery_info__rosidl_typesupport_fastrtps_cpp.hpp\n'}
[1.797327] (px4_msgs) StdoutLine: {'line': b'-- Up-to-date: /home/mustardking/ws_sensor_combined/install/px4_msgs/include/px4_msgs/px4_msgs/msg/detail/fixed_wing_lateral_guidance_status__rosidl_typesupport_fastrtps_cpp.hpp\n'}
[1.797352] (px4_msgs) StdoutLine: {'line': b'-- Up-to-date: /home/mustardking/ws_sensor_combined/install/px4_msgs/include/px4_msgs/px4_msgs/msg/detail/tune_control__rosidl_typesupport_fastrtps_cpp.hpp\n'}
[1.797397] (px4_msgs) StdoutLine: {'line': b'-- Up-to-date: /home/mustardking/ws_sensor_combined/install/px4_msgs/include/px4_msgs/px4_msgs/msg/detail/rover_throttle_setpoint__rosidl_typesupport_fastrtps_cpp.hpp\n'}
[1.797427] (px4_msgs) StdoutLine: {'line': b'-- Up-to-date: /home/mustardking/ws_sensor_combined/install/px4_msgs/include/px4_msgs/px4_msgs/msg/detail/register_ext_component_reply__rosidl_typesupport_fastrtps_cpp.hpp\n'}
[1.797450] (px4_msgs) StdoutLine: {'line': b'-- Up-to-date: /home/mustardking/ws_sensor_combined/install/px4_msgs/include/px4_msgs/px4_msgs/msg/detail/sensor_preflight_mag__rosidl_typesupport_fastrtps_cpp.hpp\n'}
[1.797473] (px4_msgs) StdoutLine: {'line': b'-- Up-to-date: /home/mustardking/ws_sensor_combined/install/px4_msgs/include/px4_msgs/px4_msgs/msg/detail/sensors_status_imu__rosidl_typesupport_fastrtps_cpp.hpp\n'}
[1.797495] (px4_msgs) StdoutLine: {'line': b'-- Up-to-date: /home/mustardking/ws_sensor_combined/install/px4_msgs/include/px4_msgs/px4_msgs/msg/detail/vehicle_control_mode__rosidl_typesupport_fastrtps_cpp.hpp\n'}
[1.797517] (px4_msgs) StdoutLine: {'line': b'-- Up-to-date: /home/mustardking/ws_sensor_combined/install/px4_msgs/include/px4_msgs/px4_msgs/msg/detail/rate_ctrl_status__rosidl_typesupport_fastrtps_cpp.hpp\n'}
[1.797543] (px4_msgs) StdoutLine: {'line': b'-- Up-to-date: /home/mustardking/ws_sensor_combined/install/px4_msgs/include/px4_msgs/px4_msgs/msg/detail/esc_report__rosidl_typesupport_fastrtps_cpp.hpp\n'}
[1.797573] (px4_msgs) StdoutLine: {'line': b'-- Up-to-date: /home/mustardking/ws_sensor_combined/install/px4_msgs/include/px4_msgs/px4_msgs/msg/detail/actuator_test__rosidl_typesupport_fastrtps_cpp.hpp\n'}
[1.797610] (px4_msgs) StdoutLine: {'line': b'-- Up-to-date: /home/mustardking/ws_sensor_combined/install/px4_msgs/include/px4_msgs/px4_msgs/msg/detail/vehicle_attitude__rosidl_typesupport_fastrtps_cpp.hpp\n'}
[1.797637] (px4_msgs) StdoutLine: {'line': b'-- Up-to-date: /home/mustardking/ws_sensor_combined/install/px4_msgs/include/px4_msgs/px4_msgs/msg/detail/actuator_servos_trim__rosidl_typesupport_fastrtps_cpp.hpp\n'}
[1.797659] (px4_msgs) StdoutLine: {'line': b'-- Up-to-date: /home/mustardking/ws_sensor_combined/install/px4_msgs/include/px4_msgs/px4_msgs/msg/detail/vehicle_optical_flow_vel__rosidl_typesupport_fastrtps_cpp.hpp\n'}
[1.797681] (px4_msgs) StdoutLine: {'line': b'-- Up-to-date: /home/mustardking/ws_sensor_combined/install/px4_msgs/include/px4_msgs/px4_msgs/msg/detail/dds_fastrtps\n'}
[1.797704] (px4_msgs) StdoutLine: {'line': b'-- Up-to-date: /home/mustardking/ws_sensor_combined/install/px4_msgs/include/px4_msgs/px4_msgs/msg/detail/message_format_request__rosidl_typesupport_fastrtps_cpp.hpp\n'}
[1.797726] (px4_msgs) StdoutLine: {'line': b'-- Up-to-date: /home/mustardking/ws_sensor_combined/install/px4_msgs/include/px4_msgs/px4_msgs/msg/detail/offboard_control_mode__rosidl_typesupport_fastrtps_cpp.hpp\n'}
[1.797757] (px4_msgs) StdoutLine: {'line': b'-- Up-to-date: /home/mustardking/ws_sensor_combined/install/px4_msgs/include/px4_msgs/px4_msgs/msg/detail/qshell_req__rosidl_typesupport_fastrtps_cpp.hpp\n'}
[1.797791] (px4_msgs) StdoutLine: {'line': b'-- Up-to-date: /home/mustardking/ws_sensor_combined/install/px4_msgs/include/px4_msgs/px4_msgs/msg/detail/open_drone_id_system__rosidl_typesupport_fastrtps_cpp.hpp\n'}
[1.797841] (px4_msgs) StdoutLine: {'line': b'-- Up-to-date: /home/mustardking/ws_sensor_combined/install/px4_msgs/include/px4_msgs/px4_msgs/msg/detail/trajectory_setpoint6dof__rosidl_typesupport_fastrtps_cpp.hpp\n'}
[1.797867] (px4_msgs) StdoutLine: {'line': b'-- Up-to-date: /home/mustardking/ws_sensor_combined/install/px4_msgs/include/px4_msgs/px4_msgs/msg/detail/manual_control_switches__rosidl_typesupport_fastrtps_cpp.hpp\n'}
[1.797890] (px4_msgs) StdoutLine: {'line': b'-- Up-to-date: /home/mustardking/ws_sensor_combined/install/px4_msgs/include/px4_msgs/px4_msgs/msg/detail/debug_vect__rosidl_typesupport_fastrtps_cpp.hpp\n'}
[1.797913] (px4_msgs) StdoutLine: {'line': b'-- Up-to-date: /home/mustardking/ws_sensor_combined/install/px4_msgs/include/px4_msgs/px4_msgs/msg/detail/rover_rate_setpoint__rosidl_typesupport_fastrtps_cpp.hpp\n'}
[1.797935] (px4_msgs) StdoutLine: {'line': b'-- Up-to-date: /home/mustardking/ws_sensor_combined/install/px4_msgs/include/px4_msgs/px4_msgs/msg/detail/position_setpoint_triplet__rosidl_typesupport_fastrtps_cpp.hpp\n'}
[1.797957] (px4_msgs) StdoutLine: {'line': b'-- Up-to-date: /home/mustardking/ws_sensor_combined/install/px4_msgs/include/px4_msgs/px4_msgs/msg/detail/estimator_aid_source1d__rosidl_typesupport_fastrtps_cpp.hpp\n'}
[1.797990] (px4_msgs) StdoutLine: {'line': b'-- Up-to-date: /home/mustardking/ws_sensor_combined/install/px4_msgs/include/px4_msgs/px4_msgs/msg/detail/vehicle_acceleration__rosidl_typesupport_fastrtps_cpp.hpp\n'}
[1.798022] (px4_msgs) StdoutLine: {'line': b'-- Up-to-date: /home/mustardking/ws_sensor_combined/install/px4_msgs/include/px4_msgs/px4_msgs/msg/detail/uavcan_parameter_request__rosidl_typesupport_fastrtps_cpp.hpp\n'}
[1.798058] (px4_msgs) StdoutLine: {'line': b'-- Up-to-date: /home/mustardking/ws_sensor_combined/install/px4_msgs/include/px4_msgs/px4_msgs/msg/detail/geofence_result__rosidl_typesupport_fastrtps_cpp.hpp\n'}
[1.798086] (px4_msgs) StdoutLine: {'line': b'-- Up-to-date: /home/mustardking/ws_sensor_combined/install/px4_msgs/include/px4_msgs/px4_msgs/msg/detail/ulog_stream__rosidl_typesupport_fastrtps_cpp.hpp\n'}
[1.798121] (px4_msgs) StdoutLine: {'line': b'-- Up-to-date: /home/mustardking/ws_sensor_combined/install/px4_msgs/include/px4_msgs/px4_msgs/msg/detail/collision_constraints__rosidl_typesupport_fastrtps_cpp.hpp\n'}
[1.798148] (px4_msgs) StdoutLine: {'line': b'-- Up-to-date: /home/mustardking/ws_sensor_combined/install/px4_msgs/include/px4_msgs/px4_msgs/msg/detail/mavlink_log__rosidl_typesupport_fastrtps_cpp.hpp\n'}
[1.798170] (px4_msgs) StdoutLine: {'line': b'-- Up-to-date: /home/mustardking/ws_sensor_combined/install/px4_msgs/include/px4_msgs/px4_msgs/msg/detail/vehicle_local_position__rosidl_typesupport_fastrtps_cpp.hpp\n'}
[1.798192] (px4_msgs) StdoutLine: {'line': b'-- Up-to-date: /home/mustardking/ws_sensor_combined/install/px4_msgs/include/px4_msgs/px4_msgs/msg/detail/yaw_estimator_status__rosidl_typesupport_fastrtps_cpp.hpp\n'}
[1.798214] (px4_msgs) StdoutLine: {'line': b'-- Up-to-date: /home/mustardking/ws_sensor_combined/install/px4_msgs/include/px4_msgs/px4_msgs/msg/detail/estimator_aid_source2d__rosidl_typesupport_fastrtps_cpp.hpp\n'}
[1.798243] (px4_msgs) StdoutLine: {'line': b'-- Up-to-date: /home/mustardking/ws_sensor_combined/install/px4_msgs/include/px4_msgs/px4_msgs/msg/detail/estimator_gps_status__rosidl_typesupport_fastrtps_cpp.hpp\n'}
[1.798267] (px4_msgs) StdoutLine: {'line': b'-- Up-to-date: /home/mustardking/ws_sensor_combined/install/px4_msgs/include/px4_msgs/px4_msgs/msg/detail/estimator_status__rosidl_typesupport_fastrtps_cpp.hpp\n'}
[1.798291] (px4_msgs) StdoutLine: {'line': b'-- Up-to-date: /home/mustardking/ws_sensor_combined/install/px4_msgs/include/px4_msgs/px4_msgs/msg/detail/parameter_set_used_request__rosidl_typesupport_fastrtps_cpp.hpp\n'}
[1.798323] (px4_msgs) StdoutLine: {'line': b'-- Up-to-date: /home/mustardking/ws_sensor_combined/install/px4_msgs/include/px4_msgs/px4_msgs/msg/detail/debug_key_value__rosidl_typesupport_fastrtps_cpp.hpp\n'}
[1.798348] (px4_msgs) StdoutLine: {'line': b'-- Up-to-date: /home/mustardking/ws_sensor_combined/install/px4_msgs/include/px4_msgs/px4_msgs/msg/detail/fixed_wing_lateral_status__rosidl_typesupport_fastrtps_cpp.hpp\n'}
[1.798370] (px4_msgs) StdoutLine: {'line': b'-- Up-to-date: /home/mustardking/ws_sensor_combined/install/px4_msgs/include/px4_msgs/px4_msgs/msg/detail/gimbal_manager_set_attitude__rosidl_typesupport_fastrtps_cpp.hpp\n'}
[1.798399] (px4_msgs) StdoutLine: {'line': b'-- Up-to-date: /home/mustardking/ws_sensor_combined/install/px4_msgs/include/px4_msgs/px4_msgs/msg/detail/fixed_wing_runway_control__rosidl_typesupport_fastrtps_cpp.hpp\n'}
[1.798432] (px4_msgs) StdoutLine: {'line': b'-- Up-to-date: /home/mustardking/ws_sensor_combined/install/px4_msgs/include/px4_msgs/px4_msgs/msg/detail/gimbal_device_set_attitude__rosidl_typesupport_fastrtps_cpp.hpp\n'}
[1.798454] (px4_msgs) StdoutLine: {'line': b'-- Up-to-date: /home/mustardking/ws_sensor_combined/install/px4_msgs/include/px4_msgs/px4_msgs/msg/detail/cpuload__rosidl_typesupport_fastrtps_cpp.hpp\n'}
[1.798487] (px4_msgs) StdoutLine: {'line': b'-- Up-to-date: /home/mustardking/ws_sensor_combined/install/px4_msgs/include/px4_msgs/px4_msgs/msg/detail/gps_inject_data__rosidl_typesupport_fastrtps_cpp.hpp\n'}
[1.798520] (px4_msgs) StdoutLine: {'line': b'-- Up-to-date: /home/mustardking/ws_sensor_combined/install/px4_msgs/include/px4_msgs/px4_msgs/msg/detail/differential_pressure__rosidl_typesupport_fastrtps_cpp.hpp\n'}
[1.798556] (px4_msgs) StdoutLine: {'line': b'-- Up-to-date: /home/mustardking/ws_sensor_combined/install/px4_msgs/include/px4_msgs/px4_msgs/msg/detail/estimator_event_flags__rosidl_typesupport_fastrtps_cpp.hpp\n'}
[1.798579] (px4_msgs) StdoutLine: {'line': b'-- Up-to-date: /home/mustardking/ws_sensor_combined/install/px4_msgs/include/px4_msgs/px4_msgs/msg/detail/satellite_info__rosidl_typesupport_fastrtps_cpp.hpp\n'}
[1.798609] (px4_msgs) StdoutLine: {'line': b'-- Up-to-date: /home/mustardking/ws_sensor_combined/install/px4_msgs/include/px4_msgs/px4_msgs/msg/detail/gripper__rosidl_typesupport_fastrtps_cpp.hpp\n'}
[1.798635] (px4_msgs) StdoutLine: {'line': b'-- Up-to-date: /home/mustardking/ws_sensor_combined/install/px4_msgs/include/px4_msgs/px4_msgs/msg/detail/heater_status__rosidl_typesupport_fastrtps_cpp.hpp\n'}
[1.798671] (px4_msgs) StdoutLine: {'line': b'-- Up-to-date: /home/mustardking/ws_sensor_combined/install/px4_msgs/include/px4_msgs/px4_msgs/msg/detail/landing_target_innovations__rosidl_typesupport_fastrtps_cpp.hpp\n'}
[1.798697] (px4_msgs) StdoutLine: {'line': b'-- Up-to-date: /home/mustardking/ws_sensor_combined/install/px4_msgs/include/px4_msgs/px4_msgs/msg/detail/orb_test_medium__rosidl_typesupport_fastrtps_cpp.hpp\n'}
[1.798736] (px4_msgs) StdoutLine: {'line': b'-- Up-to-date: /home/mustardking/ws_sensor_combined/install/px4_msgs/include/px4_msgs/px4_msgs/msg/detail/gpio_out__rosidl_typesupport_fastrtps_cpp.hpp\n'}
[1.798760] (px4_msgs) StdoutLine: {'line': b'-- Up-to-date: /home/mustardking/ws_sensor_combined/install/px4_msgs/include/px4_msgs/px4_msgs/msg/detail/open_drone_id_arm_status__rosidl_typesupport_fastrtps_cpp.hpp\n'}
[1.798783] (px4_msgs) StdoutLine: {'line': b'-- Up-to-date: /home/mustardking/ws_sensor_combined/install/px4_msgs/include/px4_msgs/px4_msgs/msg/detail/parameter_set_value_request__rosidl_typesupport_fastrtps_cpp.hpp\n'}
[1.798805] (px4_msgs) StdoutLine: {'line': b'-- Up-to-date: /home/mustardking/ws_sensor_combined/install/px4_msgs/include/px4_msgs/px4_msgs/msg/detail/estimator_innovations__rosidl_typesupport_fastrtps_cpp.hpp\n'}
[1.798826] (px4_msgs) StdoutLine: {'line': b'-- Up-to-date: /home/mustardking/ws_sensor_combined/install/px4_msgs/include/px4_msgs/px4_msgs/msg/detail/ulog_stream_ack__rosidl_typesupport_fastrtps_cpp.hpp\n'}
[1.798849] (px4_msgs) StdoutLine: {'line': b'-- Up-to-date: /home/mustardking/ws_sensor_combined/install/px4_msgs/include/px4_msgs/px4_msgs/msg/detail/timesync_status__rosidl_typesupport_fastrtps_cpp.hpp\n'}
[1.798871] (px4_msgs) StdoutLine: {'line': b'-- Up-to-date: /home/mustardking/ws_sensor_combined/install/px4_msgs/include/px4_msgs/px4_msgs/msg/detail/gpio_request__rosidl_typesupport_fastrtps_cpp.hpp\n'}
[1.798893] (px4_msgs) StdoutLine: {'line': b'-- Up-to-date: /home/mustardking/ws_sensor_combined/install/px4_msgs/include/px4_msgs/px4_msgs/msg/detail/vtol_vehicle_status__rosidl_typesupport_fastrtps_cpp.hpp\n'}
[1.798916] (px4_msgs) StdoutLine: {'line': b'-- Up-to-date: /home/mustardking/ws_sensor_combined/install/px4_msgs/include/px4_msgs/px4_msgs/msg/detail/magnetometer_bias_estimate__rosidl_typesupport_fastrtps_cpp.hpp\n'}
[1.798942] (px4_msgs) StdoutLine: {'line': b'-- Up-to-date: /home/mustardking/ws_sensor_combined/install/px4_msgs/include/px4_msgs/px4_msgs/msg/detail/gps_dump__rosidl_typesupport_fastrtps_cpp.hpp\n'}
[1.798988] (px4_msgs) StdoutLine: {'line': b'-- Up-to-date: /home/mustardking/ws_sensor_combined/install/px4_msgs/include/px4_msgs/px4_msgs/msg/detail/rover_position_setpoint__rosidl_typesupport_fastrtps_cpp.hpp\n'}
[1.799011] (px4_msgs) StdoutLine: {'line': b'-- Up-to-date: /home/mustardking/ws_sensor_combined/install/px4_msgs/include/px4_msgs/px4_msgs/msg/detail/ping__rosidl_typesupport_fastrtps_cpp.hpp\n'}
[1.799034] (px4_msgs) StdoutLine: {'line': b'-- Up-to-date: /home/mustardking/ws_sensor_combined/install/px4_msgs/include/px4_msgs/px4_msgs/msg/detail/rover_speed_status__rosidl_typesupport_fastrtps_cpp.hpp\n'}
[1.799056] (px4_msgs) StdoutLine: {'line': b'-- Up-to-date: /home/mustardking/ws_sensor_combined/install/px4_msgs/include/px4_msgs/px4_msgs/msg/detail/trajectory_setpoint__rosidl_typesupport_fastrtps_cpp.hpp\n'}
[1.799106] (px4_msgs) StdoutLine: {'line': b'-- Up-to-date: /home/mustardking/ws_sensor_combined/install/px4_msgs/include/px4_msgs/px4_msgs/msg/detail/action_request__rosidl_typesupport_fastrtps_cpp.hpp\n'}
[1.799129] (px4_msgs) StdoutLine: {'line': b'-- Up-to-date: /home/mustardking/ws_sensor_combined/install/px4_msgs/include/px4_msgs/px4_msgs/msg/detail/longitudinal_control_configuration__rosidl_typesupport_fastrtps_cpp.hpp\n'}
[1.799236] (px4_msgs) StdoutLine: {'line': b'-- Up-to-date: /home/mustardking/ws_sensor_combined/install/px4_msgs/include/px4_msgs/px4_msgs/msg/detail/mount_orientation__rosidl_typesupport_fastrtps_cpp.hpp\n'}
[1.799586] (px4_msgs) StdoutLine: {'line': b'-- Up-to-date: /home/mustardking/ws_sensor_combined/install/px4_msgs/include/px4_msgs/px4_msgs/msg/detail/vehicle_status__rosidl_typesupport_fastrtps_cpp.hpp\n'}
[1.799618] (px4_msgs) StdoutLine: {'line': b'-- Up-to-date: /home/mustardking/ws_sensor_combined/install/px4_msgs/include/px4_msgs/px4_msgs/msg/detail/gimbal_device_information__rosidl_typesupport_fastrtps_cpp.hpp\n'}
[1.799644] (px4_msgs) StdoutLine: {'line': b'-- Up-to-date: /home/mustardking/ws_sensor_combined/install/px4_msgs/include/px4_msgs/px4_msgs/msg/detail/debug_value__rosidl_typesupport_fastrtps_cpp.hpp\n'}
[1.799667] (px4_msgs) StdoutLine: {'line': b'-- Up-to-date: /home/mustardking/ws_sensor_combined/install/px4_msgs/include/px4_msgs/px4_msgs/msg/detail/qshell_retval__rosidl_typesupport_fastrtps_cpp.hpp\n'}
[1.799688] (px4_msgs) StdoutLine: {'line': b'-- Up-to-date: /home/mustardking/ws_sensor_combined/install/px4_msgs/include/px4_msgs/px4_msgs/msg/detail/sensors_status__rosidl_typesupport_fastrtps_cpp.hpp\n'}
[1.799711] (px4_msgs) StdoutLine: {'line': b'-- Up-to-date: /home/mustardking/ws_sensor_combined/install/px4_msgs/include/px4_msgs/px4_msgs/msg/detail/led_control__rosidl_typesupport_fastrtps_cpp.hpp\n'}
[1.799733] (px4_msgs) StdoutLine: {'line': b'-- Up-to-date: /home/mustardking/ws_sensor_combined/install/px4_msgs/include/px4_msgs/px4_msgs/msg/detail/vehicle_attitude_setpoint__rosidl_typesupport_fastrtps_cpp.hpp\n'}
[1.799756] (px4_msgs) StdoutLine: {'line': b'-- Up-to-date: /home/mustardking/ws_sensor_combined/install/px4_msgs/include/px4_msgs/px4_msgs/msg/detail/px4io_status__rosidl_typesupport_fastrtps_cpp.hpp\n'}
[1.799778] (px4_msgs) StdoutLine: {'line': b'-- Up-to-date: /home/mustardking/ws_sensor_combined/install/px4_msgs/include/px4_msgs/px4_msgs/msg/detail/fuel_tank_status__rosidl_typesupport_fastrtps_cpp.hpp\n'}
[1.799800] (px4_msgs) StdoutLine: {'line': b'-- Up-to-date: /home/mustardking/ws_sensor_combined/install/px4_msgs/include/px4_msgs/px4_msgs/msg/detail/rc_parameter_map__rosidl_typesupport_fastrtps_cpp.hpp\n'}
[1.799823] (px4_msgs) StdoutLine: {'line': b'-- Up-to-date: /home/mustardking/ws_sensor_combined/install/px4_msgs/include/px4_msgs/px4_msgs/msg/detail/sensor_uwb__rosidl_typesupport_fastrtps_cpp.hpp\n'}
[1.799845] (px4_msgs) StdoutLine: {'line': b'-- Up-to-date: /home/mustardking/ws_sensor_combined/install/px4_msgs/include/px4_msgs/px4_msgs/msg/detail/failure_detector_status__rosidl_typesupport_fastrtps_cpp.hpp\n'}
[1.799870] (px4_msgs) StdoutLine: {'line': b'-- Up-to-date: /home/mustardking/ws_sensor_combined/install/px4_msgs/include/px4_msgs/px4_msgs/msg/detail/landing_target_pose__rosidl_typesupport_fastrtps_cpp.hpp\n'}
[1.799891] (px4_msgs) StdoutLine: {'line': b'-- Up-to-date: /home/mustardking/ws_sensor_combined/install/px4_msgs/include/px4_msgs/px4_msgs/msg/detail/debug_array__rosidl_typesupport_fastrtps_cpp.hpp\n'}
[1.799913] (px4_msgs) StdoutLine: {'line': b'-- Up-to-date: /home/mustardking/ws_sensor_combined/install/px4_msgs/include/px4_msgs/px4_msgs/msg/detail/velocity_limits__rosidl_typesupport_fastrtps_cpp.hpp\n'}
[1.799936] (px4_msgs) StdoutLine: {'line': b'-- Up-to-date: /home/mustardking/ws_sensor_combined/install/px4_msgs/include/px4_msgs/px4_msgs/msg/detail/vehicle_magnetometer__rosidl_typesupport_fastrtps_cpp.hpp\n'}
[1.799960] (px4_msgs) StdoutLine: {'line': b'-- Up-to-date: /home/mustardking/ws_sensor_combined/install/px4_msgs/include/px4_msgs/px4_msgs/msg/detail/airspeed_validated__rosidl_typesupport_fastrtps_cpp.hpp\n'}
[1.799981] (px4_msgs) StdoutLine: {'line': b'-- Up-to-date: /home/mustardking/ws_sensor_combined/install/px4_msgs/include/px4_msgs/px4_msgs/msg/detail/vehicle_local_position_setpoint__rosidl_typesupport_fastrtps_cpp.hpp\n'}
[1.800007] (px4_msgs) StdoutLine: {'line': b'-- Up-to-date: /home/mustardking/ws_sensor_combined/install/px4_msgs/include/px4_msgs/px4_msgs/msg/detail/vehicle_air_data__rosidl_typesupport_fastrtps_cpp.hpp\n'}
[1.800029] (px4_msgs) StdoutLine: {'line': b'-- Up-to-date: /home/mustardking/ws_sensor_combined/install/px4_msgs/include/px4_msgs/px4_msgs/msg/detail/autotune_attitude_control_status__rosidl_typesupport_fastrtps_cpp.hpp\n'}
[1.800051] (px4_msgs) StdoutLine: {'line': b'-- Up-to-date: /home/mustardking/ws_sensor_combined/install/px4_msgs/include/px4_msgs/px4_msgs/msg/detail/estimator_status_flags__rosidl_typesupport_fastrtps_cpp.hpp\n'}
[1.800073] (px4_msgs) StdoutLine: {'line': b'-- Up-to-date: /home/mustardking/ws_sensor_combined/install/px4_msgs/include/px4_msgs/px4_msgs/msg/detail/battery_status__rosidl_typesupport_fastrtps_cpp.hpp\n'}
[1.800095] (px4_msgs) StdoutLine: {'line': b'-- Up-to-date: /home/mustardking/ws_sensor_combined/install/px4_msgs/include/px4_msgs/px4_msgs/msg/detail/vehicle_torque_setpoint__rosidl_typesupport_fastrtps_cpp.hpp\n'}
[1.800118] (px4_msgs) StdoutLine: {'line': b'-- Up-to-date: /home/mustardking/ws_sensor_combined/install/px4_msgs/include/px4_msgs/px4_msgs/msg/detail/failsafe_flags__rosidl_typesupport_fastrtps_cpp.hpp\n'}
[1.800141] (px4_msgs) StdoutLine: {'line': b'-- Up-to-date: /home/mustardking/ws_sensor_combined/install/px4_msgs/include/px4_msgs/px4_msgs/msg/detail/gpio_config__rosidl_typesupport_fastrtps_cpp.hpp\n'}
[1.800162] (px4_msgs) StdoutLine: {'line': b'-- Up-to-date: /home/mustardking/ws_sensor_combined/install/px4_msgs/include/px4_msgs/px4_msgs/msg/detail/actuator_outputs__rosidl_typesupport_fastrtps_cpp.hpp\n'}
[1.800184] (px4_msgs) StdoutLine: {'line': b'-- Up-to-date: /home/mustardking/ws_sensor_combined/install/px4_msgs/include/px4_msgs/px4_msgs/msg/detail/esc_status__rosidl_typesupport_fastrtps_cpp.hpp\n'}
[1.800209] (px4_msgs) StdoutLine: {'line': b'-- Up-to-date: /home/mustardking/ws_sensor_combined/install/px4_msgs/include/px4_msgs/px4_msgs/msg/detail/radio_status__rosidl_typesupport_fastrtps_cpp.hpp\n'}
[1.800231] (px4_msgs) StdoutLine: {'line': b'-- Up-to-date: /home/mustardking/ws_sensor_combined/install/px4_msgs/include/px4_msgs/px4_msgs/msg/detail/vehicle_odometry__rosidl_typesupport_fastrtps_cpp.hpp\n'}
[1.800253] (px4_msgs) StdoutLine: {'line': b'-- Up-to-date: /home/mustardking/ws_sensor_combined/install/px4_msgs/include/px4_msgs/px4_msgs/msg/detail/sensor_gnss_relative__rosidl_typesupport_fastrtps_cpp.hpp\n'}
[1.800331] (px4_msgs) StdoutLine: {'line': b'-- Up-to-date: /home/mustardking/ws_sensor_combined/install/px4_msgs/include/px4_msgs/px4_msgs/msg/detail/actuator_motors__rosidl_typesupport_fastrtps_cpp.hpp\n'}
[1.800369] (px4_msgs) StdoutLine: {'line': b'-- Up-to-date: /home/mustardking/ws_sensor_combined/install/px4_msgs/include/px4_msgs/px4_msgs/msg/detail/sensor_mag__rosidl_typesupport_fastrtps_cpp.hpp\n'}
[1.800392] (px4_msgs) StdoutLine: {'line': b'-- Up-to-date: /home/mustardking/ws_sensor_combined/install/px4_msgs/lib/libpx4_msgs__rosidl_typesupport_fastrtps_cpp.so\n'}
[1.800416] (px4_msgs) StdoutLine: {'line': b'-- Up-to-date: /home/mustardking/ws_sensor_combined/install/px4_msgs/include/px4_msgs/px4_msgs\n'}
[1.800438] (px4_msgs) StdoutLine: {'line': b'-- Up-to-date: /home/mustardking/ws_sensor_combined/install/px4_msgs/include/px4_msgs/px4_msgs/srv\n'}
[1.800461] (px4_msgs) StdoutLine: {'line': b'-- Up-to-date: /home/mustardking/ws_sensor_combined/install/px4_msgs/include/px4_msgs/px4_msgs/srv/detail\n'}
[1.800483] (px4_msgs) StdoutLine: {'line': b'-- Up-to-date: /home/mustardking/ws_sensor_combined/install/px4_msgs/include/px4_msgs/px4_msgs/srv/detail/vehicle_command__rosidl_typesupport_introspection_c.h\n'}
[1.800514] (px4_msgs) StdoutLine: {'line': b'-- Up-to-date: /home/mustardking/ws_sensor_combined/install/px4_msgs/include/px4_msgs/px4_msgs/srv/detail/vehicle_command__type_support.c\n'}
[1.800538] (px4_msgs) StdoutLine: {'line': b'-- Up-to-date: /home/mustardking/ws_sensor_combined/install/px4_msgs/include/px4_msgs/px4_msgs/msg\n'}
[1.800561] (px4_msgs) StdoutLine: {'line': b'-- Up-to-date: /home/mustardking/ws_sensor_combined/install/px4_msgs/include/px4_msgs/px4_msgs/msg/rosidl_typesupport_introspection_c__visibility_control.h\n'}
[1.800583] (px4_msgs) StdoutLine: {'line': b'-- Up-to-date: /home/mustardking/ws_sensor_combined/install/px4_msgs/include/px4_msgs/px4_msgs/msg/detail\n'}
[1.800605] (px4_msgs) StdoutLine: {'line': b'-- Up-to-date: /home/mustardking/ws_sensor_combined/install/px4_msgs/include/px4_msgs/px4_msgs/msg/detail/mavlink_log__type_support.c\n'}
[1.800630] (px4_msgs) StdoutLine: {'line': b'-- Up-to-date: /home/mustardking/ws_sensor_combined/install/px4_msgs/include/px4_msgs/px4_msgs/msg/detail/position_setpoint_triplet__rosidl_typesupport_introspection_c.h\n'}
[1.800655] (px4_msgs) StdoutLine: {'line': b'-- Up-to-date: /home/mustardking/ws_sensor_combined/install/px4_msgs/include/px4_msgs/px4_msgs/msg/detail/normalized_unsigned_setpoint__type_support.c\n'}
[1.800678] (px4_msgs) StdoutLine: {'line': b'-- Up-to-date: /home/mustardking/ws_sensor_combined/install/px4_msgs/include/px4_msgs/px4_msgs/msg/detail/transponder_report__type_support.c\n'}
[1.800700] (px4_msgs) StdoutLine: {'line': b'-- Up-to-date: /home/mustardking/ws_sensor_combined/install/px4_msgs/include/px4_msgs/px4_msgs/msg/detail/register_ext_component_request__type_support.c\n'}
[1.800722] (px4_msgs) StdoutLine: {'line': b'-- Up-to-date: /home/mustardking/ws_sensor_combined/install/px4_msgs/include/px4_msgs/px4_msgs/msg/detail/irlock_report__type_support.c\n'}
[1.800745] (px4_msgs) StdoutLine: {'line': b'-- Up-to-date: /home/mustardking/ws_sensor_combined/install/px4_msgs/include/px4_msgs/px4_msgs/msg/detail/orb_test_large__rosidl_typesupport_introspection_c.h\n'}
[1.800768] (px4_msgs) StdoutLine: {'line': b'-- Up-to-date: /home/mustardking/ws_sensor_combined/install/px4_msgs/include/px4_msgs/px4_msgs/msg/detail/gimbal_controls__type_support.c\n'}
[1.800798] (px4_msgs) StdoutLine: {'line': b'-- Up-to-date: /home/mustardking/ws_sensor_combined/install/px4_msgs/include/px4_msgs/px4_msgs/msg/detail/airspeed__rosidl_typesupport_introspection_c.h\n'}
[1.800822] (px4_msgs) StdoutLine: {'line': b'-- Up-to-date: /home/mustardking/ws_sensor_combined/install/px4_msgs/include/px4_msgs/px4_msgs/msg/detail/internal_combustion_engine_status__rosidl_typesupport_introspection_c.h\n'}
[1.800845] (px4_msgs) StdoutLine: {'line': b'-- Up-to-date: /home/mustardking/ws_sensor_combined/install/px4_msgs/include/px4_msgs/px4_msgs/msg/detail/landing_target_pose__type_support.c\n'}
[1.800867] (px4_msgs) StdoutLine: {'line': b'-- Up-to-date: /home/mustardking/ws_sensor_combined/install/px4_msgs/include/px4_msgs/px4_msgs/msg/detail/fixed_wing_lateral_status__type_support.c\n'}
[1.800901] (px4_msgs) StdoutLine: {'line': b'-- Up-to-date: /home/mustardking/ws_sensor_combined/install/px4_msgs/include/px4_msgs/px4_msgs/msg/detail/config_overrides__type_support.c\n'}
[1.800924] (px4_msgs) StdoutLine: {'line': b'-- Up-to-date: /home/mustardking/ws_sensor_combined/install/px4_msgs/include/px4_msgs/px4_msgs/msg/detail/camera_trigger__type_support.c\n'}
[1.800947] (px4_msgs) StdoutLine: {'line': b'-- Up-to-date: /home/mustardking/ws_sensor_combined/install/px4_msgs/include/px4_msgs/px4_msgs/msg/detail/camera_capture__type_support.c\n'}
[1.800983] (px4_msgs) StdoutLine: {'line': b'-- Up-to-date: /home/mustardking/ws_sensor_combined/install/px4_msgs/include/px4_msgs/px4_msgs/msg/detail/magnetometer_bias_estimate__type_support.c\n'}
[1.801006] (px4_msgs) StdoutLine: {'line': b'-- Up-to-date: /home/mustardking/ws_sensor_combined/install/px4_msgs/include/px4_msgs/px4_msgs/msg/detail/vehicle_command__rosidl_typesupport_introspection_c.h\n'}
[1.801030] (px4_msgs) StdoutLine: {'line': b'-- Up-to-date: /home/mustardking/ws_sensor_combined/install/px4_msgs/include/px4_msgs/px4_msgs/msg/detail/sensors_status__rosidl_typesupport_introspection_c.h\n'}
[1.801052] (px4_msgs) StdoutLine: {'line': b'-- Up-to-date: /home/mustardking/ws_sensor_combined/install/px4_msgs/include/px4_msgs/px4_msgs/msg/detail/battery_info__type_support.c\n'}
[1.801074] (px4_msgs) StdoutLine: {'line': b'-- Up-to-date: /home/mustardking/ws_sensor_combined/install/px4_msgs/include/px4_msgs/px4_msgs/msg/detail/vehicle_imu_status__rosidl_typesupport_introspection_c.h\n'}
[1.801097] (px4_msgs) StdoutLine: {'line': b'-- Up-to-date: /home/mustardking/ws_sensor_combined/install/px4_msgs/include/px4_msgs/px4_msgs/msg/detail/estimator_gps_status__rosidl_typesupport_introspection_c.h\n'}
[1.801119] (px4_msgs) StdoutLine: {'line': b'-- Up-to-date: /home/mustardking/ws_sensor_combined/install/px4_msgs/include/px4_msgs/px4_msgs/msg/detail/uavcan_parameter_request__type_support.c\n'}
[1.801142] (px4_msgs) StdoutLine: {'line': b'-- Up-to-date: /home/mustardking/ws_sensor_combined/install/px4_msgs/include/px4_msgs/px4_msgs/msg/detail/landing_target_innovations__rosidl_typesupport_introspection_c.h\n'}
[1.801165] (px4_msgs) StdoutLine: {'line': b'-- Up-to-date: /home/mustardking/ws_sensor_combined/install/px4_msgs/include/px4_msgs/px4_msgs/msg/detail/estimator_aid_source1d__rosidl_typesupport_introspection_c.h\n'}
[1.801187] (px4_msgs) StdoutLine: {'line': b'-- Up-to-date: /home/mustardking/ws_sensor_combined/install/px4_msgs/include/px4_msgs/px4_msgs/msg/detail/estimator_innovations__rosidl_typesupport_introspection_c.h\n'}
[1.801210] (px4_msgs) StdoutLine: {'line': b'-- Up-to-date: /home/mustardking/ws_sensor_combined/install/px4_msgs/include/px4_msgs/px4_msgs/msg/detail/dataman_request__type_support.c\n'}
[1.801232] (px4_msgs) StdoutLine: {'line': b'-- Up-to-date: /home/mustardking/ws_sensor_combined/install/px4_msgs/include/px4_msgs/px4_msgs/msg/detail/parameter_set_value_request__type_support.c\n'}
[1.801256] (px4_msgs) StdoutLine: {'line': b'-- Up-to-date: /home/mustardking/ws_sensor_combined/install/px4_msgs/include/px4_msgs/px4_msgs/msg/detail/unregister_ext_component__rosidl_typesupport_introspection_c.h\n'}
[1.801279] (px4_msgs) StdoutLine: {'line': b'-- Up-to-date: /home/mustardking/ws_sensor_combined/install/px4_msgs/include/px4_msgs/px4_msgs/msg/detail/position_controller_status__type_support.c\n'}
[1.801301] (px4_msgs) StdoutLine: {'line': b'-- Up-to-date: /home/mustardking/ws_sensor_combined/install/px4_msgs/include/px4_msgs/px4_msgs/msg/detail/gimbal_manager_status__type_support.c\n'}
[1.801324] (px4_msgs) StdoutLine: {'line': b'-- Up-to-date: /home/mustardking/ws_sensor_combined/install/px4_msgs/include/px4_msgs/px4_msgs/msg/detail/fuel_tank_status__rosidl_typesupport_introspection_c.h\n'}
[1.801373] (px4_msgs) StdoutLine: {'line': b'-- Up-to-date: /home/mustardking/ws_sensor_combined/install/px4_msgs/include/px4_msgs/px4_msgs/msg/detail/vehicle_imu__type_support.c\n'}
[1.801397] (px4_msgs) StdoutLine: {'line': b'-- Up-to-date: /home/mustardking/ws_sensor_combined/install/px4_msgs/include/px4_msgs/px4_msgs/msg/detail/sensor_gps__type_support.c\n'}
[1.801419] (px4_msgs) StdoutLine: {'line': b'-- Up-to-date: /home/mustardking/ws_sensor_combined/install/px4_msgs/include/px4_msgs/px4_msgs/msg/detail/mavlink_tunnel__type_support.c\n'}
[1.801441] (px4_msgs) StdoutLine: {'line': b'-- Up-to-date: /home/mustardking/ws_sensor_combined/install/px4_msgs/include/px4_msgs/px4_msgs/msg/detail/gimbal_manager_set_attitude__rosidl_typesupport_introspection_c.h\n'}
[1.801464] (px4_msgs) StdoutLine: {'line': b'-- Up-to-date: /home/mustardking/ws_sensor_combined/install/px4_msgs/include/px4_msgs/px4_msgs/msg/detail/failsafe_flags__type_support.c\n'}
[1.801486] (px4_msgs) StdoutLine: {'line': b'-- Up-to-date: /home/mustardking/ws_sensor_combined/install/px4_msgs/include/px4_msgs/px4_msgs/msg/detail/manual_control_switches__rosidl_typesupport_introspection_c.h\n'}
[1.801508] (px4_msgs) StdoutLine: {'line': b'-- Up-to-date: /home/mustardking/ws_sensor_combined/install/px4_msgs/include/px4_msgs/px4_msgs/msg/detail/estimator_bias3d__type_support.c\n'}
[1.801531] (px4_msgs) StdoutLine: {'line': b'-- Up-to-date: /home/mustardking/ws_sensor_combined/install/px4_msgs/include/px4_msgs/px4_msgs/msg/detail/vehicle_command_ack__type_support.c\n'}
[1.801555] (px4_msgs) StdoutLine: {'line': b'-- Up-to-date: /home/mustardking/ws_sensor_combined/install/px4_msgs/include/px4_msgs/px4_msgs/msg/detail/rover_speed_status__type_support.c\n'}
[1.801578] (px4_msgs) StdoutLine: {'line': b'-- Up-to-date: /home/mustardking/ws_sensor_combined/install/px4_msgs/include/px4_msgs/px4_msgs/msg/detail/iridiumsbd_status__rosidl_typesupport_introspection_c.h\n'}
[1.801600] (px4_msgs) StdoutLine: {'line': b'-- Up-to-date: /home/mustardking/ws_sensor_combined/install/px4_msgs/include/px4_msgs/px4_msgs/msg/detail/estimator_aid_source2d__type_support.c\n'}
[1.801627] (px4_msgs) StdoutLine: {'line': b'-- Up-to-date: /home/mustardking/ws_sensor_combined/install/px4_msgs/include/px4_msgs/px4_msgs/msg/detail/sensor_airflow__type_support.c\n'}
[1.801649] (px4_msgs) StdoutLine: {'line': b'-- Up-to-date: /home/mustardking/ws_sensor_combined/install/px4_msgs/include/px4_msgs/px4_msgs/msg/detail/input_rc__type_support.c\n'}
[1.801671] (px4_msgs) StdoutLine: {'line': b'-- Up-to-date: /home/mustardking/ws_sensor_combined/install/px4_msgs/include/px4_msgs/px4_msgs/msg/detail/position_setpoint__rosidl_typesupport_introspection_c.h\n'}
[1.801697] (px4_msgs) StdoutLine: {'line': b'-- Up-to-date: /home/mustardking/ws_sensor_combined/install/px4_msgs/include/px4_msgs/px4_msgs/msg/detail/actuator_controls_status__type_support.c\n'}
[1.801730] (px4_msgs) StdoutLine: {'line': b'-- Up-to-date: /home/mustardking/ws_sensor_combined/install/px4_msgs/include/px4_msgs/px4_msgs/msg/detail/gimbal_manager_set_attitude__type_support.c\n'}
[1.801752] (px4_msgs) StdoutLine: {'line': b'-- Up-to-date: /home/mustardking/ws_sensor_combined/install/px4_msgs/include/px4_msgs/px4_msgs/msg/detail/satellite_info__rosidl_typesupport_introspection_c.h\n'}
[1.801774] (px4_msgs) StdoutLine: {'line': b'-- Up-to-date: /home/mustardking/ws_sensor_combined/install/px4_msgs/include/px4_msgs/px4_msgs/msg/detail/navigator_mission_item__type_support.c\n'}
[1.801796] (px4_msgs) StdoutLine: {'line': b'-- Up-to-date: /home/mustardking/ws_sensor_combined/install/px4_msgs/include/px4_msgs/px4_msgs/msg/detail/log_message__type_support.c\n'}
[1.801818] (px4_msgs) StdoutLine: {'line': b'-- Up-to-date: /home/mustardking/ws_sensor_combined/install/px4_msgs/include/px4_msgs/px4_msgs/msg/detail/gimbal_manager_status__rosidl_typesupport_introspection_c.h\n'}
[1.801840] (px4_msgs) StdoutLine: {'line': b'-- Up-to-date: /home/mustardking/ws_sensor_combined/install/px4_msgs/include/px4_msgs/px4_msgs/msg/detail/follow_target_status__rosidl_typesupport_introspection_c.h\n'}
[1.801862] (px4_msgs) StdoutLine: {'line': b'-- Up-to-date: /home/mustardking/ws_sensor_combined/install/px4_msgs/include/px4_msgs/px4_msgs/msg/detail/sensor_preflight_mag__rosidl_typesupport_introspection_c.h\n'}
[1.801888] (px4_msgs) StdoutLine: {'line': b'-- Up-to-date: /home/mustardking/ws_sensor_combined/install/px4_msgs/include/px4_msgs/px4_msgs/msg/detail/estimator_bias3d__rosidl_typesupport_introspection_c.h\n'}
[1.801914] (px4_msgs) StdoutLine: {'line': b'-- Up-to-date: /home/mustardking/ws_sensor_combined/install/px4_msgs/include/px4_msgs/px4_msgs/msg/detail/action_request__type_support.c\n'}
[1.801936] (px4_msgs) StdoutLine: {'line': b'-- Up-to-date: /home/mustardking/ws_sensor_combined/install/px4_msgs/include/px4_msgs/px4_msgs/msg/detail/qshell_req__rosidl_typesupport_introspection_c.h\n'}
[1.801958] (px4_msgs) StdoutLine: {'line': b'-- Up-to-date: /home/mustardking/ws_sensor_combined/install/px4_msgs/include/px4_msgs/px4_msgs/msg/detail/autotune_attitude_control_status__type_support.c\n'}
[1.801980] (px4_msgs) StdoutLine: {'line': b'-- Up-to-date: /home/mustardking/ws_sensor_combined/install/px4_msgs/include/px4_msgs/px4_msgs/msg/detail/vehicle_land_detected__rosidl_typesupport_introspection_c.h\n'}
[1.802003] (px4_msgs) StdoutLine: {'line': b'-- Up-to-date: /home/mustardking/ws_sensor_combined/install/px4_msgs/include/px4_msgs/px4_msgs/msg/detail/timesync_status__type_support.c\n'}
[1.802025] (px4_msgs) StdoutLine: {'line': b'-- Up-to-date: /home/mustardking/ws_sensor_combined/install/px4_msgs/include/px4_msgs/px4_msgs/msg/detail/landing_target_innovations__type_support.c\n'}
[1.802047] (px4_msgs) StdoutLine: {'line': b'-- Up-to-date: /home/mustardking/ws_sensor_combined/install/px4_msgs/include/px4_msgs/px4_msgs/msg/detail/rover_position_setpoint__type_support.c\n'}
[1.802069] (px4_msgs) StdoutLine: {'line': b'-- Up-to-date: /home/mustardking/ws_sensor_combined/install/px4_msgs/include/px4_msgs/px4_msgs/msg/detail/open_drone_id_self_id__type_support.c\n'}
[1.802091] (px4_msgs) StdoutLine: {'line': b'-- Up-to-date: /home/mustardking/ws_sensor_combined/install/px4_msgs/include/px4_msgs/px4_msgs/msg/detail/sensor_accel__rosidl_typesupport_introspection_c.h\n'}
[1.802113] (px4_msgs) StdoutLine: {'line': b'-- Up-to-date: /home/mustardking/ws_sensor_combined/install/px4_msgs/include/px4_msgs/px4_msgs/msg/detail/task_stack_info__type_support.c\n'}
[1.802135] (px4_msgs) StdoutLine: {'line': b'-- Up-to-date: /home/mustardking/ws_sensor_combined/install/px4_msgs/include/px4_msgs/px4_msgs/msg/detail/debug_vect__rosidl_typesupport_introspection_c.h\n'}
[1.802157] (px4_msgs) StdoutLine: {'line': b'-- Up-to-date: /home/mustardking/ws_sensor_combined/install/px4_msgs/include/px4_msgs/px4_msgs/msg/detail/vehicle_global_position__type_support.c\n'}
[1.802178] (px4_msgs) StdoutLine: {'line': b'-- Up-to-date: /home/mustardking/ws_sensor_combined/install/px4_msgs/include/px4_msgs/px4_msgs/msg/detail/ulog_stream_ack__type_support.c\n'}
[1.802201] (px4_msgs) StdoutLine: {'line': b'-- Up-to-date: /home/mustardking/ws_sensor_combined/install/px4_msgs/include/px4_msgs/px4_msgs/msg/detail/arming_check_reply__type_support.c\n'}
[1.802223] (px4_msgs) StdoutLine: {'line': b'-- Up-to-date: /home/mustardking/ws_sensor_combined/install/px4_msgs/include/px4_msgs/px4_msgs/msg/detail/magnetometer_bias_estimate__rosidl_typesupport_introspection_c.h\n'}
[1.802245] (px4_msgs) StdoutLine: {'line': b'-- Up-to-date: /home/mustardking/ws_sensor_combined/install/px4_msgs/include/px4_msgs/px4_msgs/msg/detail/actuator_servos_trim__rosidl_typesupport_introspection_c.h\n'}
[1.802277] (px4_msgs) StdoutLine: {'line': b'-- Up-to-date: /home/mustardking/ws_sensor_combined/install/px4_msgs/include/px4_msgs/px4_msgs/msg/detail/sensor_correction__rosidl_typesupport_introspection_c.h\n'}
[1.802299] (px4_msgs) StdoutLine: {'line': b'-- Up-to-date: /home/mustardking/ws_sensor_combined/install/px4_msgs/include/px4_msgs/px4_msgs/msg/detail/rtl_status__rosidl_typesupport_introspection_c.h\n'}
[1.802321] (px4_msgs) StdoutLine: {'line': b'-- Up-to-date: /home/mustardking/ws_sensor_combined/install/px4_msgs/include/px4_msgs/px4_msgs/msg/detail/gimbal_manager_information__rosidl_typesupport_introspection_c.h\n'}
[1.802354] (px4_msgs) StdoutLine: {'line': b'-- Up-to-date: /home/mustardking/ws_sensor_combined/install/px4_msgs/include/px4_msgs/px4_msgs/msg/detail/power_button_state__type_support.c\n'}
[1.802379] (px4_msgs) StdoutLine: {'line': b'-- Up-to-date: /home/mustardking/ws_sensor_combined/install/px4_msgs/include/px4_msgs/px4_msgs/msg/detail/rover_position_setpoint__rosidl_typesupport_introspection_c.h\n'}
[1.802401] (px4_msgs) StdoutLine: {'line': b'-- Up-to-date: /home/mustardking/ws_sensor_combined/install/px4_msgs/include/px4_msgs/px4_msgs/msg/detail/actuator_armed__rosidl_typesupport_introspection_c.h\n'}
[1.802423] (px4_msgs) StdoutLine: {'line': b'-- Up-to-date: /home/mustardking/ws_sensor_combined/install/px4_msgs/include/px4_msgs/px4_msgs/msg/detail/navigator_status__type_support.c\n'}
[1.802454] (px4_msgs) StdoutLine: {'line': b'-- Up-to-date: /home/mustardking/ws_sensor_combined/install/px4_msgs/include/px4_msgs/px4_msgs/msg/detail/wind__type_support.c\n'}
[1.802482] (px4_msgs) StdoutLine: {'line': b'-- Up-to-date: /home/mustardking/ws_sensor_combined/install/px4_msgs/include/px4_msgs/px4_msgs/msg/detail/neural_control__type_support.c\n'}
[1.802504] (px4_msgs) StdoutLine: {'line': b'-- Up-to-date: /home/mustardking/ws_sensor_combined/install/px4_msgs/include/px4_msgs/px4_msgs/msg/detail/radio_status__rosidl_typesupport_introspection_c.h\n'}
[1.802526] (px4_msgs) StdoutLine: {'line': b'-- Up-to-date: /home/mustardking/ws_sensor_combined/install/px4_msgs/include/px4_msgs/px4_msgs/msg/detail/sensor_gnss_status__rosidl_typesupport_introspection_c.h\n'}
[1.802548] (px4_msgs) StdoutLine: {'line': b'-- Up-to-date: /home/mustardking/ws_sensor_combined/install/px4_msgs/include/px4_msgs/px4_msgs/msg/detail/rover_throttle_setpoint__rosidl_typesupport_introspection_c.h\n'}
[1.802570] (px4_msgs) StdoutLine: {'line': b'-- Up-to-date: /home/mustardking/ws_sensor_combined/install/px4_msgs/include/px4_msgs/px4_msgs/msg/detail/orb_test__rosidl_typesupport_introspection_c.h\n'}
[1.802592] (px4_msgs) StdoutLine: {'line': b'-- Up-to-date: /home/mustardking/ws_sensor_combined/install/px4_msgs/include/px4_msgs/px4_msgs/msg/detail/estimator_event_flags__rosidl_typesupport_introspection_c.h\n'}
[1.802614] (px4_msgs) StdoutLine: {'line': b'-- Up-to-date: /home/mustardking/ws_sensor_combined/install/px4_msgs/include/px4_msgs/px4_msgs/msg/detail/parameter_reset_request__rosidl_typesupport_introspection_c.h\n'}
[1.802637] (px4_msgs) StdoutLine: {'line': b'-- Up-to-date: /home/mustardking/ws_sensor_combined/install/px4_msgs/include/px4_msgs/px4_msgs/msg/detail/fixed_wing_lateral_status__rosidl_typesupport_introspection_c.h\n'}
[1.802660] (px4_msgs) StdoutLine: {'line': b'-- Up-to-date: /home/mustardking/ws_sensor_combined/install/px4_msgs/include/px4_msgs/px4_msgs/msg/detail/follow_target_status__type_support.c\n'}
[1.802683] (px4_msgs) StdoutLine: {'line': b'-- Up-to-date: /home/mustardking/ws_sensor_combined/install/px4_msgs/include/px4_msgs/px4_msgs/msg/detail/logger_status__type_support.c\n'}
[1.802705] (px4_msgs) StdoutLine: {'line': b'-- Up-to-date: /home/mustardking/ws_sensor_combined/install/px4_msgs/include/px4_msgs/px4_msgs/msg/detail/position_setpoint__type_support.c\n'}
[1.802727] (px4_msgs) StdoutLine: {'line': b'-- Up-to-date: /home/mustardking/ws_sensor_combined/install/px4_msgs/include/px4_msgs/px4_msgs/msg/detail/logger_status__rosidl_typesupport_introspection_c.h\n'}
[1.802749] (px4_msgs) StdoutLine: {'line': b'-- Up-to-date: /home/mustardking/ws_sensor_combined/install/px4_msgs/include/px4_msgs/px4_msgs/msg/detail/follow_target__type_support.c\n'}
[1.802771] (px4_msgs) StdoutLine: {'line': b'-- Up-to-date: /home/mustardking/ws_sensor_combined/install/px4_msgs/include/px4_msgs/px4_msgs/msg/detail/manual_control_setpoint__rosidl_typesupport_introspection_c.h\n'}
[1.802794] (px4_msgs) StdoutLine: {'line': b'-- Up-to-date: /home/mustardking/ws_sensor_combined/install/px4_msgs/include/px4_msgs/px4_msgs/msg/detail/gimbal_device_information__type_support.c\n'}
[1.802816] (px4_msgs) StdoutLine: {'line': b'-- Up-to-date: /home/mustardking/ws_sensor_combined/install/px4_msgs/include/px4_msgs/px4_msgs/msg/detail/parameter_update__type_support.c\n'}
[1.802840] (px4_msgs) StdoutLine: {'line': b'-- Up-to-date: /home/mustardking/ws_sensor_combined/install/px4_msgs/include/px4_msgs/px4_msgs/msg/detail/open_drone_id_system__rosidl_typesupport_introspection_c.h\n'}
[1.802862] (px4_msgs) StdoutLine: {'line': b'-- Up-to-date: /home/mustardking/ws_sensor_combined/install/px4_msgs/include/px4_msgs/px4_msgs/msg/detail/vehicle_attitude_setpoint__type_support.c\n'}
[1.802887] (px4_msgs) StdoutLine: {'line': b'-- Up-to-date: /home/mustardking/ws_sensor_combined/install/px4_msgs/include/px4_msgs/px4_msgs/msg/detail/unregister_ext_component__type_support.c\n'}
[1.802909] (px4_msgs) StdoutLine: {'line': b'-- Up-to-date: /home/mustardking/ws_sensor_combined/install/px4_msgs/include/px4_msgs/px4_msgs/msg/detail/airspeed_validated__type_support.c\n'}
[1.802931] (px4_msgs) StdoutLine: {'line': b'-- Up-to-date: /home/mustardking/ws_sensor_combined/install/px4_msgs/include/px4_msgs/px4_msgs/msg/detail/fixed_wing_longitudinal_setpoint__type_support.c\n'}
[1.802954] (px4_msgs) StdoutLine: {'line': b'-- Up-to-date: /home/mustardking/ws_sensor_combined/install/px4_msgs/include/px4_msgs/px4_msgs/msg/detail/rpm__rosidl_typesupport_introspection_c.h\n'}
[1.803041] (px4_msgs) StdoutLine: {'line': b'-- Up-to-date: /home/mustardking/ws_sensor_combined/install/px4_msgs/include/px4_msgs/px4_msgs/msg/detail/normalized_unsigned_setpoint__rosidl_typesupport_introspection_c.h\n'}
[1.803366] (px4_msgs) StdoutLine: {'line': b'-- Up-to-date: /home/mustardking/ws_sensor_combined/install/px4_msgs/include/px4_msgs/px4_msgs/msg/detail/autotune_attitude_control_status__rosidl_typesupport_introspection_c.h\n'}
[1.803407] (px4_msgs) StdoutLine: {'line': b'-- Up-to-date: /home/mustardking/ws_sensor_combined/install/px4_msgs/include/px4_msgs/px4_msgs/msg/detail/gripper__type_support.c\n'}
[1.803435] (px4_msgs) StdoutLine: {'line': b'-- Up-to-date: /home/mustardking/ws_sensor_combined/install/px4_msgs/include/px4_msgs/px4_msgs/msg/detail/vehicle_constraints__rosidl_typesupport_introspection_c.h\n'}
[1.803457] (px4_msgs) StdoutLine: {'line': b'-- Up-to-date: /home/mustardking/ws_sensor_combined/install/px4_msgs/include/px4_msgs/px4_msgs/msg/detail/battery_info__rosidl_typesupport_introspection_c.h\n'}
[1.803488] (px4_msgs) StdoutLine: {'line': b'-- Up-to-date: /home/mustardking/ws_sensor_combined/install/px4_msgs/include/px4_msgs/px4_msgs/msg/detail/vehicle_roi__rosidl_typesupport_introspection_c.h\n'}
[1.803512] (px4_msgs) StdoutLine: {'line': b'-- Up-to-date: /home/mustardking/ws_sensor_combined/install/px4_msgs/include/px4_msgs/px4_msgs/msg/detail/mount_orientation__type_support.c\n'}
[1.803543] (px4_msgs) StdoutLine: {'line': b'-- Up-to-date: /home/mustardking/ws_sensor_combined/install/px4_msgs/include/px4_msgs/px4_msgs/msg/detail/open_drone_id_operator_id__type_support.c\n'}
[1.803568] (px4_msgs) StdoutLine: {'line': b'-- Up-to-date: /home/mustardking/ws_sensor_combined/install/px4_msgs/include/px4_msgs/px4_msgs/msg/detail/ping__rosidl_typesupport_introspection_c.h\n'}
[1.803591] (px4_msgs) StdoutLine: {'line': b'-- Up-to-date: /home/mustardking/ws_sensor_combined/install/px4_msgs/include/px4_msgs/px4_msgs/msg/detail/figure_eight_status__type_support.c\n'}
[1.803615] (px4_msgs) StdoutLine: {'line': b'-- Up-to-date: /home/mustardking/ws_sensor_combined/install/px4_msgs/include/px4_msgs/px4_msgs/msg/detail/adc_report__rosidl_typesupport_introspection_c.h\n'}
[1.803638] (px4_msgs) StdoutLine: {'line': b'-- Up-to-date: /home/mustardking/ws_sensor_combined/install/px4_msgs/include/px4_msgs/px4_msgs/msg/detail/mode_completed__rosidl_typesupport_introspection_c.h\n'}
[1.803660] (px4_msgs) StdoutLine: {'line': b'-- Up-to-date: /home/mustardking/ws_sensor_combined/install/px4_msgs/include/px4_msgs/px4_msgs/msg/detail/button_event__type_support.c\n'}
[1.803682] (px4_msgs) StdoutLine: {'line': b'-- Up-to-date: /home/mustardking/ws_sensor_combined/install/px4_msgs/include/px4_msgs/px4_msgs/msg/detail/led_control__rosidl_typesupport_introspection_c.h\n'}
[1.803706] (px4_msgs) StdoutLine: {'line': b'-- Up-to-date: /home/mustardking/ws_sensor_combined/install/px4_msgs/include/px4_msgs/px4_msgs/msg/detail/lateral_control_configuration__type_support.c\n'}
[1.803728] (px4_msgs) StdoutLine: {'line': b'-- Up-to-date: /home/mustardking/ws_sensor_combined/install/px4_msgs/include/px4_msgs/px4_msgs/msg/detail/vehicle_optical_flow__type_support.c\n'}
[1.803750] (px4_msgs) StdoutLine: {'line': b'-- Up-to-date: /home/mustardking/ws_sensor_combined/install/px4_msgs/include/px4_msgs/px4_msgs/msg/detail/vehicle_angular_acceleration_setpoint__type_support.c\n'}
[1.803772] (px4_msgs) StdoutLine: {'line': b'-- Up-to-date: /home/mustardking/ws_sensor_combined/install/px4_msgs/include/px4_msgs/px4_msgs/msg/detail/airspeed_validated__rosidl_typesupport_introspection_c.h\n'}
[1.803794] (px4_msgs) StdoutLine: {'line': b'-- Up-to-date: /home/mustardking/ws_sensor_combined/install/px4_msgs/include/px4_msgs/px4_msgs/msg/detail/button_event__rosidl_typesupport_introspection_c.h\n'}
[1.803816] (px4_msgs) StdoutLine: {'line': b'-- Up-to-date: /home/mustardking/ws_sensor_combined/install/px4_msgs/include/px4_msgs/px4_msgs/msg/detail/timesync_status__rosidl_typesupport_introspection_c.h\n'}
[1.803838] (px4_msgs) StdoutLine: {'line': b'-- Up-to-date: /home/mustardking/ws_sensor_combined/install/px4_msgs/include/px4_msgs/px4_msgs/msg/detail/vehicle_land_detected__type_support.c\n'}
[1.803861] (px4_msgs) StdoutLine: {'line': b'-- Up-to-date: /home/mustardking/ws_sensor_combined/install/px4_msgs/include/px4_msgs/px4_msgs/msg/detail/mission__type_support.c\n'}
[1.803882] (px4_msgs) StdoutLine: {'line': b'-- Up-to-date: /home/mustardking/ws_sensor_combined/install/px4_msgs/include/px4_msgs/px4_msgs/msg/detail/power_button_state__rosidl_typesupport_introspection_c.h\n'}
[1.803908] (px4_msgs) StdoutLine: {'line': b'-- Up-to-date: /home/mustardking/ws_sensor_combined/install/px4_msgs/include/px4_msgs/px4_msgs/msg/detail/yaw_estimator_status__rosidl_typesupport_introspection_c.h\n'}
[1.803930] (px4_msgs) StdoutLine: {'line': b'-- Up-to-date: /home/mustardking/ws_sensor_combined/install/px4_msgs/include/px4_msgs/px4_msgs/msg/detail/actuator_test__type_support.c\n'}
[1.803953] (px4_msgs) StdoutLine: {'line': b'-- Up-to-date: /home/mustardking/ws_sensor_combined/install/px4_msgs/include/px4_msgs/px4_msgs/msg/detail/sensor_accel__type_support.c\n'}
[1.803975] (px4_msgs) StdoutLine: {'line': b'-- Up-to-date: /home/mustardking/ws_sensor_combined/install/px4_msgs/include/px4_msgs/px4_msgs/msg/detail/gpio_in__rosidl_typesupport_introspection_c.h\n'}
[1.803997] (px4_msgs) StdoutLine: {'line': b'-- Up-to-date: /home/mustardking/ws_sensor_combined/install/px4_msgs/include/px4_msgs/px4_msgs/msg/detail/vehicle_magnetometer__type_support.c\n'}
[1.804019] (px4_msgs) StdoutLine: {'line': b'-- Up-to-date: /home/mustardking/ws_sensor_combined/install/px4_msgs/include/px4_msgs/px4_msgs/msg/detail/rover_throttle_setpoint__type_support.c\n'}
[1.804084] (px4_msgs) StdoutLine: {'line': b'-- Up-to-date: /home/mustardking/ws_sensor_combined/install/px4_msgs/include/px4_msgs/px4_msgs/msg/detail/cpuload__type_support.c\n'}
[1.804146] (px4_msgs) StdoutLine: {'line': b'-- Up-to-date: /home/mustardking/ws_sensor_combined/install/px4_msgs/include/px4_msgs/px4_msgs/msg/detail/satellite_info__type_support.c\n'}
[1.804168] (px4_msgs) StdoutLine: {'line': b'-- Up-to-date: /home/mustardking/ws_sensor_combined/install/px4_msgs/include/px4_msgs/px4_msgs/msg/detail/vehicle_acceleration__rosidl_typesupport_introspection_c.h\n'}
[1.804199] (px4_msgs) StdoutLine: {'line': b'-- Up-to-date: /home/mustardking/ws_sensor_combined/install/px4_msgs/include/px4_msgs/px4_msgs/msg/detail/action_request__rosidl_typesupport_introspection_c.h\n'}
[1.804223] (px4_msgs) StdoutLine: {'line': b'-- Up-to-date: /home/mustardking/ws_sensor_combined/install/px4_msgs/include/px4_msgs/px4_msgs/msg/detail/input_rc__rosidl_typesupport_introspection_c.h\n'}
[1.804315] (px4_msgs) StdoutLine: {'line': b'-- Up-to-date: /home/mustardking/ws_sensor_combined/install/px4_msgs/include/px4_msgs/px4_msgs/msg/detail/register_ext_component_reply__rosidl_typesupport_introspection_c.h\n'}
[1.804358] (px4_msgs) StdoutLine: {'line': b'-- Up-to-date: /home/mustardking/ws_sensor_combined/install/px4_msgs/include/px4_msgs/px4_msgs/msg/detail/rate_ctrl_status__rosidl_typesupport_introspection_c.h\n'}
[1.804383] (px4_msgs) StdoutLine: {'line': b'-- Up-to-date: /home/mustardking/ws_sensor_combined/install/px4_msgs/include/px4_msgs/px4_msgs/msg/detail/parameter_set_value_response__type_support.c\n'}
[1.804406] (px4_msgs) StdoutLine: {'line': b'-- Up-to-date: /home/mustardking/ws_sensor_combined/install/px4_msgs/include/px4_msgs/px4_msgs/msg/detail/can_interface_status__type_support.c\n'}
[1.804429] (px4_msgs) StdoutLine: {'line': b'-- Up-to-date: /home/mustardking/ws_sensor_combined/install/px4_msgs/include/px4_msgs/px4_msgs/msg/detail/system_power__rosidl_typesupport_introspection_c.h\n'}
[1.804451] (px4_msgs) StdoutLine: {'line': b'-- Up-to-date: /home/mustardking/ws_sensor_combined/install/px4_msgs/include/px4_msgs/px4_msgs/msg/detail/message_format_response__rosidl_typesupport_introspection_c.h\n'}
[1.804473] (px4_msgs) StdoutLine: {'line': b'-- Up-to-date: /home/mustardking/ws_sensor_combined/install/px4_msgs/include/px4_msgs/px4_msgs/msg/detail/internal_combustion_engine_status__type_support.c\n'}
[1.804495] (px4_msgs) StdoutLine: {'line': b'-- Up-to-date: /home/mustardking/ws_sensor_combined/install/px4_msgs/include/px4_msgs/px4_msgs/msg/detail/rover_attitude_setpoint__type_support.c\n'}
[1.804518] (px4_msgs) StdoutLine: {'line': b'-- Up-to-date: /home/mustardking/ws_sensor_combined/install/px4_msgs/include/px4_msgs/px4_msgs/msg/detail/estimator_event_flags__type_support.c\n'}
[1.804540] (px4_msgs) StdoutLine: {'line': b'-- Up-to-date: /home/mustardking/ws_sensor_combined/install/px4_msgs/include/px4_msgs/px4_msgs/msg/detail/register_ext_component_reply__type_support.c\n'}
[1.804562] (px4_msgs) StdoutLine: {'line': b'-- Up-to-date: /home/mustardking/ws_sensor_combined/install/px4_msgs/include/px4_msgs/px4_msgs/msg/detail/fixed_wing_lateral_setpoint__type_support.c\n'}
[1.804584] (px4_msgs) StdoutLine: {'line': b'-- Up-to-date: /home/mustardking/ws_sensor_combined/install/px4_msgs/include/px4_msgs/px4_msgs/msg/detail/gps_dump__rosidl_typesupport_introspection_c.h\n'}
[1.804605] (px4_msgs) StdoutLine: {'line': b'-- Up-to-date: /home/mustardking/ws_sensor_combined/install/px4_msgs/include/px4_msgs/px4_msgs/msg/detail/mission_result__type_support.c\n'}
[1.804627] (px4_msgs) StdoutLine: {'line': b'-- Up-to-date: /home/mustardking/ws_sensor_combined/install/px4_msgs/include/px4_msgs/px4_msgs/msg/detail/vehicle_torque_setpoint__rosidl_typesupport_introspection_c.h\n'}
[1.804649] (px4_msgs) StdoutLine: {'line': b'-- Up-to-date: /home/mustardking/ws_sensor_combined/install/px4_msgs/include/px4_msgs/px4_msgs/msg/detail/trajectory_setpoint6dof__rosidl_typesupport_introspection_c.h\n'}
[1.804671] (px4_msgs) StdoutLine: {'line': b'-- Up-to-date: /home/mustardking/ws_sensor_combined/install/px4_msgs/include/px4_msgs/px4_msgs/msg/detail/parameter_reset_request__type_support.c\n'}
[1.804697] (px4_msgs) StdoutLine: {'line': b'-- Up-to-date: /home/mustardking/ws_sensor_combined/install/px4_msgs/include/px4_msgs/px4_msgs/msg/detail/velocity_limits__rosidl_typesupport_introspection_c.h\n'}
[1.804719] (px4_msgs) StdoutLine: {'line': b'-- Up-to-date: /home/mustardking/ws_sensor_combined/install/px4_msgs/include/px4_msgs/px4_msgs/msg/detail/gpio_request__rosidl_typesupport_introspection_c.h\n'}
[1.804741] (px4_msgs) StdoutLine: {'line': b'-- Up-to-date: /home/mustardking/ws_sensor_combined/install/px4_msgs/include/px4_msgs/px4_msgs/msg/detail/rc_channels__type_support.c\n'}
[1.804763] (px4_msgs) StdoutLine: {'line': b'-- Up-to-date: /home/mustardking/ws_sensor_combined/install/px4_msgs/include/px4_msgs/px4_msgs/msg/detail/qshell_retval__type_support.c\n'}
[1.804802] (px4_msgs) StdoutLine: {'line': b'-- Up-to-date: /home/mustardking/ws_sensor_combined/install/px4_msgs/include/px4_msgs/px4_msgs/msg/detail/vehicle_local_position_setpoint__type_support.c\n'}
[1.804829] (px4_msgs) StdoutLine: {'line': b'-- Up-to-date: /home/mustardking/ws_sensor_combined/install/px4_msgs/include/px4_msgs/px4_msgs/msg/detail/vehicle_rates_setpoint__rosidl_typesupport_introspection_c.h\n'}
[1.804851] (px4_msgs) StdoutLine: {'line': b'-- Up-to-date: /home/mustardking/ws_sensor_combined/install/px4_msgs/include/px4_msgs/px4_msgs/msg/detail/estimator_sensor_bias__rosidl_typesupport_introspection_c.h\n'}
[1.804873] (px4_msgs) StdoutLine: {'line': b'-- Up-to-date: /home/mustardking/ws_sensor_combined/install/px4_msgs/include/px4_msgs/px4_msgs/msg/detail/mount_orientation__rosidl_typesupport_introspection_c.h\n'}
[1.804896] (px4_msgs) StdoutLine: {'line': b'-- Up-to-date: /home/mustardking/ws_sensor_combined/install/px4_msgs/include/px4_msgs/px4_msgs/msg/detail/uavcan_parameter_value__type_support.c\n'}
[1.804918] (px4_msgs) StdoutLine: {'line': b'-- Up-to-date: /home/mustardking/ws_sensor_combined/install/px4_msgs/include/px4_msgs/px4_msgs/msg/detail/debug_key_value__rosidl_typesupport_introspection_c.h\n'}
[1.804940] (px4_msgs) StdoutLine: {'line': b'-- Up-to-date: /home/mustardking/ws_sensor_combined/install/px4_msgs/include/px4_msgs/px4_msgs/msg/detail/longitudinal_control_configuration__rosidl_typesupport_introspection_c.h\n'}
[1.804962] (px4_msgs) StdoutLine: {'line': b'-- Up-to-date: /home/mustardking/ws_sensor_combined/install/px4_msgs/include/px4_msgs/px4_msgs/msg/detail/esc_status__rosidl_typesupport_introspection_c.h\n'}
[1.804984] (px4_msgs) StdoutLine: {'line': b'-- Up-to-date: /home/mustardking/ws_sensor_combined/install/px4_msgs/include/px4_msgs/px4_msgs/msg/detail/estimator_sensor_bias__type_support.c\n'}
[1.805006] (px4_msgs) StdoutLine: {'line': b'-- Up-to-date: /home/mustardking/ws_sensor_combined/install/px4_msgs/include/px4_msgs/px4_msgs/msg/detail/landing_gear__rosidl_typesupport_introspection_c.h\n'}
[1.805028] (px4_msgs) StdoutLine: {'line': b'-- Up-to-date: /home/mustardking/ws_sensor_combined/install/px4_msgs/include/px4_msgs/px4_msgs/msg/detail/rover_speed_setpoint__type_support.c\n'}
[1.805049] (px4_msgs) StdoutLine: {'line': b'-- Up-to-date: /home/mustardking/ws_sensor_combined/install/px4_msgs/include/px4_msgs/px4_msgs/msg/detail/sensor_gnss_status__type_support.c\n'}
[1.805085] (px4_msgs) StdoutLine: {'line': b'-- Up-to-date: /home/mustardking/ws_sensor_combined/install/px4_msgs/include/px4_msgs/px4_msgs/msg/detail/sensor_baro__rosidl_typesupport_introspection_c.h\n'}
[1.805110] (px4_msgs) StdoutLine: {'line': b'-- Up-to-date: /home/mustardking/ws_sensor_combined/install/px4_msgs/include/px4_msgs/px4_msgs/msg/detail/flight_phase_estimation__rosidl_typesupport_introspection_c.h\n'}
[1.805132] (px4_msgs) StdoutLine: {'line': b'-- Up-to-date: /home/mustardking/ws_sensor_combined/install/px4_msgs/include/px4_msgs/px4_msgs/msg/detail/follow_target__rosidl_typesupport_introspection_c.h\n'}
[1.805153] (px4_msgs) StdoutLine: {'line': b'-- Up-to-date: /home/mustardking/ws_sensor_combined/install/px4_msgs/include/px4_msgs/px4_msgs/msg/detail/estimator_aid_source2d__rosidl_typesupport_introspection_c.h\n'}
[1.805176] (px4_msgs) StdoutLine: {'line': b'-- Up-to-date: /home/mustardking/ws_sensor_combined/install/px4_msgs/include/px4_msgs/px4_msgs/msg/detail/sensor_gyro__type_support.c\n'}
[1.805197] (px4_msgs) StdoutLine: {'line': b'-- Up-to-date: /home/mustardking/ws_sensor_combined/install/px4_msgs/include/px4_msgs/px4_msgs/msg/detail/position_controller_status__rosidl_typesupport_introspection_c.h\n'}
[1.805219] (px4_msgs) StdoutLine: {'line': b'-- Up-to-date: /home/mustardking/ws_sensor_combined/install/px4_msgs/include/px4_msgs/px4_msgs/msg/detail/manual_control_switches__type_support.c\n'}
[1.805241] (px4_msgs) StdoutLine: {'line': b'-- Up-to-date: /home/mustardking/ws_sensor_combined/install/px4_msgs/include/px4_msgs/px4_msgs/msg/detail/landing_gear_wheel__rosidl_typesupport_introspection_c.h\n'}
[1.805263] (px4_msgs) StdoutLine: {'line': b'-- Up-to-date: /home/mustardking/ws_sensor_combined/install/px4_msgs/include/px4_msgs/px4_msgs/msg/detail/pps_capture__rosidl_typesupport_introspection_c.h\n'}
[1.805287] (px4_msgs) StdoutLine: {'line': b'-- Up-to-date: /home/mustardking/ws_sensor_combined/install/px4_msgs/include/px4_msgs/px4_msgs/msg/detail/tune_control__type_support.c\n'}
[1.805309] (px4_msgs) StdoutLine: {'line': b'-- Up-to-date: /home/mustardking/ws_sensor_combined/install/px4_msgs/include/px4_msgs/px4_msgs/msg/detail/tecs_status__type_support.c\n'}
[1.805347] (px4_msgs) StdoutLine: {'line': b'-- Up-to-date: /home/mustardking/ws_sensor_combined/install/px4_msgs/include/px4_msgs/px4_msgs/msg/detail/parameter_update__rosidl_typesupport_introspection_c.h\n'}
[1.805371] (px4_msgs) StdoutLine: {'line': b'-- Up-to-date: /home/mustardking/ws_sensor_combined/install/px4_msgs/include/px4_msgs/px4_msgs/msg/detail/gps_inject_data__type_support.c\n'}
[1.805395] (px4_msgs) StdoutLine: {'line': b'-- Up-to-date: /home/mustardking/ws_sensor_combined/install/px4_msgs/include/px4_msgs/px4_msgs/msg/detail/qshell_req__type_support.c\n'}
[1.805417] (px4_msgs) StdoutLine: {'line': b'-- Up-to-date: /home/mustardking/ws_sensor_combined/install/px4_msgs/include/px4_msgs/px4_msgs/msg/detail/esc_status__type_support.c\n'}
[1.805439] (px4_msgs) StdoutLine: {'line': b'-- Up-to-date: /home/mustardking/ws_sensor_combined/install/px4_msgs/include/px4_msgs/px4_msgs/msg/detail/mavlink_tunnel__rosidl_typesupport_introspection_c.h\n'}
[1.805461] (px4_msgs) StdoutLine: {'line': b'-- Up-to-date: /home/mustardking/ws_sensor_combined/install/px4_msgs/include/px4_msgs/px4_msgs/msg/detail/estimator_bias__rosidl_typesupport_introspection_c.h\n'}
[1.805483] (px4_msgs) StdoutLine: {'line': b'-- Up-to-date: /home/mustardking/ws_sensor_combined/install/px4_msgs/include/px4_msgs/px4_msgs/msg/detail/geofence_status__rosidl_typesupport_introspection_c.h\n'}
[1.805506] (px4_msgs) StdoutLine: {'line': b'-- Up-to-date: /home/mustardking/ws_sensor_combined/install/px4_msgs/include/px4_msgs/px4_msgs/msg/detail/rc_parameter_map__rosidl_typesupport_introspection_c.h\n'}
[1.805527] (px4_msgs) StdoutLine: {'line': b'-- Up-to-date: /home/mustardking/ws_sensor_combined/install/px4_msgs/include/px4_msgs/px4_msgs/msg/detail/landing_gear_wheel__type_support.c\n'}
[1.805549] (px4_msgs) StdoutLine: {'line': b'-- Up-to-date: /home/mustardking/ws_sensor_combined/install/px4_msgs/include/px4_msgs/px4_msgs/msg/detail/cellular_status__rosidl_typesupport_introspection_c.h\n'}
[1.805571] (px4_msgs) StdoutLine: {'line': b'-- Up-to-date: /home/mustardking/ws_sensor_combined/install/px4_msgs/include/px4_msgs/px4_msgs/msg/detail/gimbal_device_set_attitude__type_support.c\n'}
[1.805593] (px4_msgs) StdoutLine: {'line': b'-- Up-to-date: /home/mustardking/ws_sensor_combined/install/px4_msgs/include/px4_msgs/px4_msgs/msg/detail/estimator_status__rosidl_typesupport_introspection_c.h\n'}
[1.805615] (px4_msgs) StdoutLine: {'line': b'-- Up-to-date: /home/mustardking/ws_sensor_combined/install/px4_msgs/include/px4_msgs/px4_msgs/msg/detail/dronecan_node_status__rosidl_typesupport_introspection_c.h\n'}
[1.805637] (px4_msgs) StdoutLine: {'line': b'-- Up-to-date: /home/mustardking/ws_sensor_combined/install/px4_msgs/include/px4_msgs/px4_msgs/msg/detail/estimator_bias__type_support.c\n'}
[1.805659] (px4_msgs) StdoutLine: {'line': b'-- Up-to-date: /home/mustardking/ws_sensor_combined/install/px4_msgs/include/px4_msgs/px4_msgs/msg/detail/position_controller_landing_status__rosidl_typesupport_introspection_c.h\n'}
[1.805681] (px4_msgs) StdoutLine: {'line': b'-- Up-to-date: /home/mustardking/ws_sensor_combined/install/px4_msgs/include/px4_msgs/px4_msgs/msg/detail/estimator_innovations__type_support.c\n'}
[1.805703] (px4_msgs) StdoutLine: {'line': b'-- Up-to-date: /home/mustardking/ws_sensor_combined/install/px4_msgs/include/px4_msgs/px4_msgs/msg/detail/estimator_aid_source1d__type_support.c\n'}
[1.805734] (px4_msgs) StdoutLine: {'line': b'-- Up-to-date: /home/mustardking/ws_sensor_combined/install/px4_msgs/include/px4_msgs/px4_msgs/msg/detail/dataman_response__rosidl_typesupport_introspection_c.h\n'}
[1.805758] (px4_msgs) StdoutLine: {'line': b'-- Up-to-date: /home/mustardking/ws_sensor_combined/install/px4_msgs/include/px4_msgs/px4_msgs/msg/detail/actuator_servos_trim__type_support.c\n'}
[1.805782] (px4_msgs) StdoutLine: {'line': b'-- Up-to-date: /home/mustardking/ws_sensor_combined/install/px4_msgs/include/px4_msgs/px4_msgs/msg/detail/uavcan_parameter_request__rosidl_typesupport_introspection_c.h\n'}
[1.805803] (px4_msgs) StdoutLine: {'line': b'-- Up-to-date: /home/mustardking/ws_sensor_combined/install/px4_msgs/include/px4_msgs/px4_msgs/msg/detail/vehicle_roi__type_support.c\n'}
[1.805871] (px4_msgs) StdoutLine: {'line': b'-- Up-to-date: /home/mustardking/ws_sensor_combined/install/px4_msgs/include/px4_msgs/px4_msgs/msg/detail/hover_thrust_estimate__rosidl_typesupport_introspection_c.h\n'}
[1.805904] (px4_msgs) StdoutLine: {'line': b'-- Up-to-date: /home/mustardking/ws_sensor_combined/install/px4_msgs/include/px4_msgs/px4_msgs/msg/detail/vehicle_air_data__type_support.c\n'}
[1.805928] (px4_msgs) StdoutLine: {'line': b'-- Up-to-date: /home/mustardking/ws_sensor_combined/install/px4_msgs/include/px4_msgs/px4_msgs/msg/detail/health_report__rosidl_typesupport_introspection_c.h\n'}
[1.805950] (px4_msgs) StdoutLine: {'line': b'-- Up-to-date: /home/mustardking/ws_sensor_combined/install/px4_msgs/include/px4_msgs/px4_msgs/msg/detail/log_message__rosidl_typesupport_introspection_c.h\n'}
[1.805972] (px4_msgs) StdoutLine: {'line': b'-- Up-to-date: /home/mustardking/ws_sensor_combined/install/px4_msgs/include/px4_msgs/px4_msgs/msg/detail/rover_attitude_setpoint__rosidl_typesupport_introspection_c.h\n'}
[1.805994] (px4_msgs) StdoutLine: {'line': b'-- Up-to-date: /home/mustardking/ws_sensor_combined/install/px4_msgs/include/px4_msgs/px4_msgs/msg/detail/camera_capture__rosidl_typesupport_introspection_c.h\n'}
[1.806027] (px4_msgs) StdoutLine: {'line': b'-- Up-to-date: /home/mustardking/ws_sensor_combined/install/px4_msgs/include/px4_msgs/px4_msgs/msg/detail/orbit_status__rosidl_typesupport_introspection_c.h\n'}
[1.806051] (px4_msgs) StdoutLine: {'line': b'-- Up-to-date: /home/mustardking/ws_sensor_combined/install/px4_msgs/include/px4_msgs/px4_msgs/msg/detail/camera_trigger__rosidl_typesupport_introspection_c.h\n'}
[1.806074] (px4_msgs) StdoutLine: {'line': b'-- Up-to-date: /home/mustardking/ws_sensor_combined/install/px4_msgs/include/px4_msgs/px4_msgs/msg/detail/vehicle_angular_velocity__rosidl_typesupport_introspection_c.h\n'}
[1.806096] (px4_msgs) StdoutLine: {'line': b'-- Up-to-date: /home/mustardking/ws_sensor_combined/install/px4_msgs/include/px4_msgs/px4_msgs/msg/detail/launch_detection_status__type_support.c\n'}
[1.806118] (px4_msgs) StdoutLine: {'line': b'-- Up-to-date: /home/mustardking/ws_sensor_combined/install/px4_msgs/include/px4_msgs/px4_msgs/msg/detail/onboard_computer_status__type_support.c\n'}
[1.806140] (px4_msgs) StdoutLine: {'line': b'-- Up-to-date: /home/mustardking/ws_sensor_combined/install/px4_msgs/include/px4_msgs/px4_msgs/msg/detail/geofence_result__rosidl_typesupport_introspection_c.h\n'}
[1.806162] (px4_msgs) StdoutLine: {'line': b'-- Up-to-date: /home/mustardking/ws_sensor_combined/install/px4_msgs/include/px4_msgs/px4_msgs/msg/detail/position_setpoint_triplet__type_support.c\n'}
[1.806188] (px4_msgs) StdoutLine: {'line': b'-- Up-to-date: /home/mustardking/ws_sensor_combined/install/px4_msgs/include/px4_msgs/px4_msgs/msg/detail/onboard_computer_status__rosidl_typesupport_introspection_c.h\n'}
[1.806218] (px4_msgs) StdoutLine: {'line': b'-- Up-to-date: /home/mustardking/ws_sensor_combined/install/px4_msgs/include/px4_msgs/px4_msgs/msg/detail/vehicle_thrust_setpoint__type_support.c\n'}
[1.806240] (px4_msgs) StdoutLine: {'line': b'-- Up-to-date: /home/mustardking/ws_sensor_combined/install/px4_msgs/include/px4_msgs/px4_msgs/msg/detail/vehicle_status__type_support.c\n'}
[1.806262] (px4_msgs) StdoutLine: {'line': b'-- Up-to-date: /home/mustardking/ws_sensor_combined/install/px4_msgs/include/px4_msgs/px4_msgs/msg/detail/figure_eight_status__rosidl_typesupport_introspection_c.h\n'}
[1.806284] (px4_msgs) StdoutLine: {'line': b'-- Up-to-date: /home/mustardking/ws_sensor_combined/install/px4_msgs/include/px4_msgs/px4_msgs/msg/detail/rover_steering_setpoint__rosidl_typesupport_introspection_c.h\n'}
[1.806308] (px4_msgs) StdoutLine: {'line': b'-- Up-to-date: /home/mustardking/ws_sensor_combined/install/px4_msgs/include/px4_msgs/px4_msgs/msg/detail/vehicle_optical_flow_vel__type_support.c\n'}
[1.806330] (px4_msgs) StdoutLine: {'line': b'-- Up-to-date: /home/mustardking/ws_sensor_combined/install/px4_msgs/include/px4_msgs/px4_msgs/msg/detail/distance_sensor_mode_change_request__type_support.c\n'}
[1.806352] (px4_msgs) StdoutLine: {'line': b'-- Up-to-date: /home/mustardking/ws_sensor_combined/install/px4_msgs/include/px4_msgs/px4_msgs/msg/detail/yaw_estimator_status__type_support.c\n'}
[1.806374] (px4_msgs) StdoutLine: {'line': b'-- Up-to-date: /home/mustardking/ws_sensor_combined/install/px4_msgs/include/px4_msgs/px4_msgs/msg/detail/ekf2_timestamps__type_support.c\n'}
[1.806396] (px4_msgs) StdoutLine: {'line': b'-- Up-to-date: /home/mustardking/ws_sensor_combined/install/px4_msgs/include/px4_msgs/px4_msgs/msg/detail/camera_status__type_support.c\n'}
[1.806419] (px4_msgs) StdoutLine: {'line': b'-- Up-to-date: /home/mustardking/ws_sensor_combined/install/px4_msgs/include/px4_msgs/px4_msgs/msg/detail/estimator_selector_status__rosidl_typesupport_introspection_c.h\n'}
[1.806441] (px4_msgs) StdoutLine: {'line': b'-- Up-to-date: /home/mustardking/ws_sensor_combined/install/px4_msgs/include/px4_msgs/px4_msgs/msg/detail/vehicle_odometry__rosidl_typesupport_introspection_c.h\n'}
[1.806464] (px4_msgs) StdoutLine: {'line': b'-- Up-to-date: /home/mustardking/ws_sensor_combined/install/px4_msgs/include/px4_msgs/px4_msgs/msg/detail/vehicle_optical_flow__rosidl_typesupport_introspection_c.h\n'}
[1.806486] (px4_msgs) StdoutLine: {'line': b'-- Up-to-date: /home/mustardking/ws_sensor_combined/install/px4_msgs/include/px4_msgs/px4_msgs/msg/detail/navigator_mission_item__rosidl_typesupport_introspection_c.h\n'}
[1.806509] (px4_msgs) StdoutLine: {'line': b'-- Up-to-date: /home/mustardking/ws_sensor_combined/install/px4_msgs/include/px4_msgs/px4_msgs/msg/detail/gripper__rosidl_typesupport_introspection_c.h\n'}
[1.806531] (px4_msgs) StdoutLine: {'line': b'-- Up-to-date: /home/mustardking/ws_sensor_combined/install/px4_msgs/include/px4_msgs/px4_msgs/msg/detail/longitudinal_control_configuration__type_support.c\n'}
[1.806553] (px4_msgs) StdoutLine: {'line': b'-- Up-to-date: /home/mustardking/ws_sensor_combined/install/px4_msgs/include/px4_msgs/px4_msgs/msg/detail/power_monitor__rosidl_typesupport_introspection_c.h\n'}
[1.806575] (px4_msgs) StdoutLine: {'line': b'-- Up-to-date: /home/mustardking/ws_sensor_combined/install/px4_msgs/include/px4_msgs/px4_msgs/msg/detail/gpio_out__rosidl_typesupport_introspection_c.h\n'}
[1.806597] (px4_msgs) StdoutLine: {'line': b'-- Up-to-date: /home/mustardking/ws_sensor_combined/install/px4_msgs/include/px4_msgs/px4_msgs/msg/detail/rover_rate_status__type_support.c\n'}
[1.806637] (px4_msgs) StdoutLine: {'line': b'-- Up-to-date: /home/mustardking/ws_sensor_combined/install/px4_msgs/include/px4_msgs/px4_msgs/msg/detail/vehicle_status__rosidl_typesupport_introspection_c.h\n'}
[1.806666] (px4_msgs) StdoutLine: {'line': b'-- Up-to-date: /home/mustardking/ws_sensor_combined/install/px4_msgs/include/px4_msgs/px4_msgs/msg/detail/sensor_uwb__rosidl_typesupport_introspection_c.h\n'}
[1.806697] (px4_msgs) StdoutLine: {'line': b'-- Up-to-date: /home/mustardking/ws_sensor_combined/install/px4_msgs/include/px4_msgs/px4_msgs/msg/detail/lateral_control_configuration__rosidl_typesupport_introspection_c.h\n'}
[1.806784] (px4_msgs) StdoutLine: {'line': b'-- Up-to-date: /home/mustardking/ws_sensor_combined/install/px4_msgs/include/px4_msgs/px4_msgs/msg/detail/parameter_set_used_request__type_support.c\n'}
[1.806808] (px4_msgs) StdoutLine: {'line': b'-- Up-to-date: /home/mustardking/ws_sensor_combined/install/px4_msgs/include/px4_msgs/px4_msgs/msg/detail/open_drone_id_arm_status__rosidl_typesupport_introspection_c.h\n'}
[1.806853] (px4_msgs) StdoutLine: {'line': b'-- Up-to-date: /home/mustardking/ws_sensor_combined/install/px4_msgs/include/px4_msgs/px4_msgs/msg/detail/vehicle_local_position_setpoint__rosidl_typesupport_introspection_c.h\n'}
[1.807294] (px4_msgs) StdoutLine: {'line': b'-- Up-to-date: /home/mustardking/ws_sensor_combined/install/px4_msgs/include/px4_msgs/px4_msgs/msg/detail/rover_speed_setpoint__rosidl_typesupport_introspection_c.h\n'}
[1.807339] (px4_msgs) StdoutLine: {'line': b'-- Up-to-date: /home/mustardking/ws_sensor_combined/install/px4_msgs/include/px4_msgs/px4_msgs/msg/detail/launch_detection_status__rosidl_typesupport_introspection_c.h\n'}
[1.807366] (px4_msgs) StdoutLine: {'line': b'-- Up-to-date: /home/mustardking/ws_sensor_combined/install/px4_msgs/include/px4_msgs/px4_msgs/msg/detail/home_position__rosidl_typesupport_introspection_c.h\n'}
[1.807412] (px4_msgs) StdoutLine: {'line': b'-- Up-to-date: /home/mustardking/ws_sensor_combined/install/px4_msgs/include/px4_msgs/px4_msgs/msg/detail/esc_report__type_support.c\n'}
[1.807452] (px4_msgs) StdoutLine: {'line': b'-- Up-to-date: /home/mustardking/ws_sensor_combined/install/px4_msgs/include/px4_msgs/px4_msgs/msg/detail/differential_pressure__rosidl_typesupport_introspection_c.h\n'}
[1.807477] (px4_msgs) StdoutLine: {'line': b'-- Up-to-date: /home/mustardking/ws_sensor_combined/install/px4_msgs/include/px4_msgs/px4_msgs/msg/detail/fixed_wing_lateral_setpoint__rosidl_typesupport_introspection_c.h\n'}
[1.807516] (px4_msgs) StdoutLine: {'line': b'-- Up-to-date: /home/mustardking/ws_sensor_combined/install/px4_msgs/include/px4_msgs/px4_msgs/msg/detail/tune_control__rosidl_typesupport_introspection_c.h\n'}
[1.807544] (px4_msgs) StdoutLine: {'line': b'-- Up-to-date: /home/mustardking/ws_sensor_combined/install/px4_msgs/include/px4_msgs/px4_msgs/msg/detail/estimator_aid_source3d__rosidl_typesupport_introspection_c.h\n'}
[1.807570] (px4_msgs) StdoutLine: {'line': b'-- Up-to-date: /home/mustardking/ws_sensor_combined/install/px4_msgs/include/px4_msgs/px4_msgs/msg/detail/gimbal_manager_set_manual_control__type_support.c\n'}
[1.807594] (px4_msgs) StdoutLine: {'line': b'-- Up-to-date: /home/mustardking/ws_sensor_combined/install/px4_msgs/include/px4_msgs/px4_msgs/msg/detail/airspeed_wind__rosidl_typesupport_introspection_c.h\n'}
[1.807618] (px4_msgs) StdoutLine: {'line': b'-- Up-to-date: /home/mustardking/ws_sensor_combined/install/px4_msgs/include/px4_msgs/px4_msgs/msg/detail/trajectory_setpoint6dof__type_support.c\n'}
[1.807672] (px4_msgs) StdoutLine: {'line': b'-- Up-to-date: /home/mustardking/ws_sensor_combined/install/px4_msgs/include/px4_msgs/px4_msgs/msg/detail/fixed_wing_runway_control__rosidl_typesupport_introspection_c.h\n'}
[1.807721] (px4_msgs) StdoutLine: {'line': b'-- Up-to-date: /home/mustardking/ws_sensor_combined/install/px4_msgs/include/px4_msgs/px4_msgs/msg/detail/px4io_status__type_support.c\n'}
[1.807750] (px4_msgs) StdoutLine: {'line': b'-- Up-to-date: /home/mustardking/ws_sensor_combined/install/px4_msgs/include/px4_msgs/px4_msgs/msg/detail/collision_constraints__rosidl_typesupport_introspection_c.h\n'}
[1.807773] (px4_msgs) StdoutLine: {'line': b'-- Up-to-date: /home/mustardking/ws_sensor_combined/install/px4_msgs/include/px4_msgs/px4_msgs/msg/detail/gpio_config__rosidl_typesupport_introspection_c.h\n'}
[1.807796] (px4_msgs) StdoutLine: {'line': b'-- Up-to-date: /home/mustardking/ws_sensor_combined/install/px4_msgs/include/px4_msgs/px4_msgs/msg/detail/event__rosidl_typesupport_introspection_c.h\n'}
[1.807829] (px4_msgs) StdoutLine: {'line': b'-- Up-to-date: /home/mustardking/ws_sensor_combined/install/px4_msgs/include/px4_msgs/px4_msgs/msg/detail/vehicle_control_mode__rosidl_typesupport_introspection_c.h\n'}
[1.807853] (px4_msgs) StdoutLine: {'line': b'-- Up-to-date: /home/mustardking/ws_sensor_combined/install/px4_msgs/include/px4_msgs/px4_msgs/msg/detail/gimbal_manager_information__type_support.c\n'}
[1.807878] (px4_msgs) StdoutLine: {'line': b'-- Up-to-date: /home/mustardking/ws_sensor_combined/install/px4_msgs/include/px4_msgs/px4_msgs/msg/detail/power_monitor__type_support.c\n'}
[1.807922] (px4_msgs) StdoutLine: {'line': b'-- Up-to-date: /home/mustardking/ws_sensor_combined/install/px4_msgs/include/px4_msgs/px4_msgs/msg/detail/health_report__type_support.c\n'}
[1.807961] (px4_msgs) StdoutLine: {'line': b'-- Up-to-date: /home/mustardking/ws_sensor_combined/install/px4_msgs/include/px4_msgs/px4_msgs/msg/detail/mag_worker_data__type_support.c\n'}
[1.807992] (px4_msgs) StdoutLine: {'line': b'-- Up-to-date: /home/mustardking/ws_sensor_combined/install/px4_msgs/include/px4_msgs/px4_msgs/msg/detail/cpuload__rosidl_typesupport_introspection_c.h\n'}
[1.808014] (px4_msgs) StdoutLine: {'line': b'-- Up-to-date: /home/mustardking/ws_sensor_combined/install/px4_msgs/include/px4_msgs/px4_msgs/msg/detail/collision_constraints__type_support.c\n'}
[1.808042] (px4_msgs) StdoutLine: {'line': b'-- Up-to-date: /home/mustardking/ws_sensor_combined/install/px4_msgs/include/px4_msgs/px4_msgs/msg/detail/pps_capture__type_support.c\n'}
[1.808095] (px4_msgs) StdoutLine: {'line': b'-- Up-to-date: /home/mustardking/ws_sensor_combined/install/px4_msgs/include/px4_msgs/px4_msgs/msg/detail/sensors_status__type_support.c\n'}
[1.808128] (px4_msgs) StdoutLine: {'line': b'-- Up-to-date: /home/mustardking/ws_sensor_combined/install/px4_msgs/include/px4_msgs/px4_msgs/msg/detail/sensor_selection__type_support.c\n'}
[1.808150] (px4_msgs) StdoutLine: {'line': b'-- Up-to-date: /home/mustardking/ws_sensor_combined/install/px4_msgs/include/px4_msgs/px4_msgs/msg/detail/debug_key_value__type_support.c\n'}
[1.808172] (px4_msgs) StdoutLine: {'line': b'-- Up-to-date: /home/mustardking/ws_sensor_combined/install/px4_msgs/include/px4_msgs/px4_msgs/msg/detail/tecs_status__rosidl_typesupport_introspection_c.h\n'}
[1.808210] (px4_msgs) StdoutLine: {'line': b'-- Up-to-date: /home/mustardking/ws_sensor_combined/install/px4_msgs/include/px4_msgs/px4_msgs/msg/detail/event__type_support.c\n'}
[1.808234] (px4_msgs) StdoutLine: {'line': b'-- Up-to-date: /home/mustardking/ws_sensor_combined/install/px4_msgs/include/px4_msgs/px4_msgs/msg/detail/vehicle_command__type_support.c\n'}
[1.808256] (px4_msgs) StdoutLine: {'line': b'-- Up-to-date: /home/mustardking/ws_sensor_combined/install/px4_msgs/include/px4_msgs/px4_msgs/msg/detail/estimator_status_flags__type_support.c\n'}
[1.808378] (px4_msgs) StdoutLine: {'line': b'-- Up-to-date: /home/mustardking/ws_sensor_combined/install/px4_msgs/include/px4_msgs/px4_msgs/msg/detail/debug_vect__type_support.c\n'}
[1.808450] (px4_msgs) StdoutLine: {'line': b'-- Up-to-date: /home/mustardking/ws_sensor_combined/install/px4_msgs/include/px4_msgs/px4_msgs/msg/detail/rc_parameter_map__type_support.c\n'}
[1.808479] (px4_msgs) StdoutLine: {'line': b'-- Up-to-date: /home/mustardking/ws_sensor_combined/install/px4_msgs/include/px4_msgs/px4_msgs/msg/detail/uavcan_parameter_value__rosidl_typesupport_introspection_c.h\n'}
[1.808511] (px4_msgs) StdoutLine: {'line': b'-- Up-to-date: /home/mustardking/ws_sensor_combined/install/px4_msgs/include/px4_msgs/px4_msgs/msg/detail/rc_channels__rosidl_typesupport_introspection_c.h\n'}
[1.808540] (px4_msgs) StdoutLine: {'line': b'-- Up-to-date: /home/mustardking/ws_sensor_combined/install/px4_msgs/include/px4_msgs/px4_msgs/msg/detail/can_interface_status__rosidl_typesupport_introspection_c.h\n'}
[1.808584] (px4_msgs) StdoutLine: {'line': b'-- Up-to-date: /home/mustardking/ws_sensor_combined/install/px4_msgs/include/px4_msgs/px4_msgs/msg/detail/generator_status__rosidl_typesupport_introspection_c.h\n'}
[1.808627] (px4_msgs) StdoutLine: {'line': b'-- Up-to-date: /home/mustardking/ws_sensor_combined/install/px4_msgs/include/px4_msgs/px4_msgs/msg/detail/heater_status__rosidl_typesupport_introspection_c.h\n'}
[1.808663] (px4_msgs) StdoutLine: {'line': b'-- Up-to-date: /home/mustardking/ws_sensor_combined/install/px4_msgs/include/px4_msgs/px4_msgs/msg/detail/failsafe_flags__rosidl_typesupport_introspection_c.h\n'}
[1.808688] (px4_msgs) StdoutLine: {'line': b'-- Up-to-date: /home/mustardking/ws_sensor_combined/install/px4_msgs/include/px4_msgs/px4_msgs/msg/detail/obstacle_distance__type_support.c\n'}
[1.808723] (px4_msgs) StdoutLine: {'line': b'-- Up-to-date: /home/mustardking/ws_sensor_combined/install/px4_msgs/include/px4_msgs/px4_msgs/msg/detail/geofence_result__type_support.c\n'}
[1.808781] (px4_msgs) StdoutLine: {'line': b'-- Up-to-date: /home/mustardking/ws_sensor_combined/install/px4_msgs/include/px4_msgs/px4_msgs/msg/detail/sensor_airflow__rosidl_typesupport_introspection_c.h\n'}
[1.808805] (px4_msgs) StdoutLine: {'line': b'-- Up-to-date: /home/mustardking/ws_sensor_combined/install/px4_msgs/include/px4_msgs/px4_msgs/msg/detail/vehicle_thrust_setpoint__rosidl_typesupport_introspection_c.h\n'}
[1.808828] (px4_msgs) StdoutLine: {'line': b'-- Up-to-date: /home/mustardking/ws_sensor_combined/install/px4_msgs/include/px4_msgs/px4_msgs/msg/detail/goto_setpoint__rosidl_typesupport_introspection_c.h\n'}
[1.808858] (px4_msgs) StdoutLine: {'line': b'-- Up-to-date: /home/mustardking/ws_sensor_combined/install/px4_msgs/include/px4_msgs/px4_msgs/msg/detail/vehicle_control_mode__type_support.c\n'}
[1.808881] (px4_msgs) StdoutLine: {'line': b'-- Up-to-date: /home/mustardking/ws_sensor_combined/install/px4_msgs/include/px4_msgs/px4_msgs/msg/detail/open_drone_id_arm_status__type_support.c\n'}
[1.808908] (px4_msgs) StdoutLine: {'line': b'-- Up-to-date: /home/mustardking/ws_sensor_combined/install/px4_msgs/include/px4_msgs/px4_msgs/msg/detail/ulog_stream_ack__rosidl_typesupport_introspection_c.h\n'}
[1.808973] (px4_msgs) StdoutLine: {'line': b'-- Up-to-date: /home/mustardking/ws_sensor_combined/install/px4_msgs/include/px4_msgs/px4_msgs/msg/detail/flight_phase_estimation__type_support.c\n'}
[1.809003] (px4_msgs) StdoutLine: {'line': b'-- Up-to-date: /home/mustardking/ws_sensor_combined/install/px4_msgs/include/px4_msgs/px4_msgs/msg/detail/orbit_status__type_support.c\n'}
[1.809027] (px4_msgs) StdoutLine: {'line': b'-- Up-to-date: /home/mustardking/ws_sensor_combined/install/px4_msgs/include/px4_msgs/px4_msgs/msg/detail/sensor_optical_flow__type_support.c\n'}
[1.809049] (px4_msgs) StdoutLine: {'line': b'-- Up-to-date: /home/mustardking/ws_sensor_combined/install/px4_msgs/include/px4_msgs/px4_msgs/msg/detail/sensor_mag__type_support.c\n'}
[1.809072] (px4_msgs) StdoutLine: {'line': b'-- Up-to-date: /home/mustardking/ws_sensor_combined/install/px4_msgs/include/px4_msgs/px4_msgs/msg/detail/estimator_aid_source3d__type_support.c\n'}
[1.809134] (px4_msgs) StdoutLine: {'line': b'-- Up-to-date: /home/mustardking/ws_sensor_combined/install/px4_msgs/include/px4_msgs/px4_msgs/msg/detail/pwm_input__rosidl_typesupport_introspection_c.h\n'}
[1.809158] (px4_msgs) StdoutLine: {'line': b'-- Up-to-date: /home/mustardking/ws_sensor_combined/install/px4_msgs/include/px4_msgs/px4_msgs/msg/detail/arming_check_request__type_support.c\n'}
[1.809194] (px4_msgs) StdoutLine: {'line': b'-- Up-to-date: /home/mustardking/ws_sensor_combined/install/px4_msgs/include/px4_msgs/px4_msgs/msg/detail/sensor_preflight_mag__type_support.c\n'}
[1.809237] (px4_msgs) StdoutLine: {'line': b'-- Up-to-date: /home/mustardking/ws_sensor_combined/install/px4_msgs/include/px4_msgs/px4_msgs/msg/detail/velocity_limits__type_support.c\n'}
[1.809263] (px4_msgs) StdoutLine: {'line': b'-- Up-to-date: /home/mustardking/ws_sensor_combined/install/px4_msgs/include/px4_msgs/px4_msgs/msg/detail/estimator_states__rosidl_typesupport_introspection_c.h\n'}
[1.809321] (px4_msgs) StdoutLine: {'line': b'-- Up-to-date: /home/mustardking/ws_sensor_combined/install/px4_msgs/include/px4_msgs/px4_msgs/msg/detail/rover_rate_setpoint__rosidl_typesupport_introspection_c.h\n'}
[1.809346] (px4_msgs) StdoutLine: {'line': b'-- Up-to-date: /home/mustardking/ws_sensor_combined/install/px4_msgs/include/px4_msgs/px4_msgs/msg/detail/navigator_status__rosidl_typesupport_introspection_c.h\n'}
[1.809382] (px4_msgs) StdoutLine: {'line': b'-- Up-to-date: /home/mustardking/ws_sensor_combined/install/px4_msgs/include/px4_msgs/px4_msgs/msg/detail/sensor_gnss_relative__rosidl_typesupport_introspection_c.h\n'}
[1.809409] (px4_msgs) StdoutLine: {'line': b'-- Up-to-date: /home/mustardking/ws_sensor_combined/install/px4_msgs/include/px4_msgs/px4_msgs/msg/detail/px4io_status__rosidl_typesupport_introspection_c.h\n'}
[1.809485] (px4_msgs) StdoutLine: {'line': b'-- Up-to-date: /home/mustardking/ws_sensor_combined/install/px4_msgs/include/px4_msgs/px4_msgs/msg/detail/sensor_mag__rosidl_typesupport_introspection_c.h\n'}
[1.809517] (px4_msgs) StdoutLine: {'line': b'-- Up-to-date: /home/mustardking/ws_sensor_combined/install/px4_msgs/include/px4_msgs/px4_msgs/msg/detail/sensor_gps__rosidl_typesupport_introspection_c.h\n'}
[1.809540] (px4_msgs) StdoutLine: {'line': b'-- Up-to-date: /home/mustardking/ws_sensor_combined/install/px4_msgs/include/px4_msgs/px4_msgs/msg/detail/message_format_request__type_support.c\n'}
[1.809563] (px4_msgs) StdoutLine: {'line': b'-- Up-to-date: /home/mustardking/ws_sensor_combined/install/px4_msgs/include/px4_msgs/px4_msgs/msg/detail/offboard_control_mode__type_support.c\n'}
[1.809585] (px4_msgs) StdoutLine: {'line': b'-- Up-to-date: /home/mustardking/ws_sensor_combined/install/px4_msgs/include/px4_msgs/px4_msgs/msg/detail/vehicle_command_ack__rosidl_typesupport_introspection_c.h\n'}
[1.809608] (px4_msgs) StdoutLine: {'line': b'-- Up-to-date: /home/mustardking/ws_sensor_combined/install/px4_msgs/include/px4_msgs/px4_msgs/msg/detail/orb_test_medium__rosidl_typesupport_introspection_c.h\n'}
[1.809639] (px4_msgs) StdoutLine: {'line': b'-- Up-to-date: /home/mustardking/ws_sensor_combined/install/px4_msgs/include/px4_msgs/px4_msgs/msg/detail/vehicle_angular_acceleration_setpoint__rosidl_typesupport_introspection_c.h\n'}
[1.809664] (px4_msgs) StdoutLine: {'line': b'-- Up-to-date: /home/mustardking/ws_sensor_combined/install/px4_msgs/include/px4_msgs/px4_msgs/msg/detail/orb_test__type_support.c\n'}
[1.809723] (px4_msgs) StdoutLine: {'line': b'-- Up-to-date: /home/mustardking/ws_sensor_combined/install/px4_msgs/include/px4_msgs/px4_msgs/msg/detail/manual_control_setpoint__type_support.c\n'}
[1.809759] (px4_msgs) StdoutLine: {'line': b'-- Up-to-date: /home/mustardking/ws_sensor_combined/install/px4_msgs/include/px4_msgs/px4_msgs/msg/detail/rover_attitude_status__type_support.c\n'}
[1.809788] (px4_msgs) StdoutLine: {'line': b'-- Up-to-date: /home/mustardking/ws_sensor_combined/install/px4_msgs/include/px4_msgs/px4_msgs/msg/detail/sensor_gnss_relative__type_support.c\n'}
[1.809822] (px4_msgs) StdoutLine: {'line': b'-- Up-to-date: /home/mustardking/ws_sensor_combined/install/px4_msgs/include/px4_msgs/px4_msgs/msg/detail/takeoff_status__rosidl_typesupport_introspection_c.h\n'}
[1.809880] (px4_msgs) StdoutLine: {'line': b'-- Up-to-date: /home/mustardking/ws_sensor_combined/install/px4_msgs/include/px4_msgs/px4_msgs/msg/detail/vehicle_local_position__type_support.c\n'}
[1.809903] (px4_msgs) StdoutLine: {'line': b'-- Up-to-date: /home/mustardking/ws_sensor_combined/install/px4_msgs/include/px4_msgs/px4_msgs/msg/detail/vehicle_imu_status__type_support.c\n'}
[1.809941] (px4_msgs) StdoutLine: {'line': b'-- Up-to-date: /home/mustardking/ws_sensor_combined/install/px4_msgs/include/px4_msgs/px4_msgs/msg/detail/open_drone_id_self_id__rosidl_typesupport_introspection_c.h\n'}
[1.809965] (px4_msgs) StdoutLine: {'line': b'-- Up-to-date: /home/mustardking/ws_sensor_combined/install/px4_msgs/include/px4_msgs/px4_msgs/msg/detail/rover_rate_status__rosidl_typesupport_introspection_c.h\n'}
[1.809988] (px4_msgs) StdoutLine: {'line': b'-- Up-to-date: /home/mustardking/ws_sensor_combined/install/px4_msgs/include/px4_msgs/px4_msgs/msg/detail/debug_array__type_support.c\n'}
[1.810014] (px4_msgs) StdoutLine: {'line': b'-- Up-to-date: /home/mustardking/ws_sensor_combined/install/px4_msgs/include/px4_msgs/px4_msgs/msg/detail/estimator_states__type_support.c\n'}
[1.810045] (px4_msgs) StdoutLine: {'line': b'-- Up-to-date: /home/mustardking/ws_sensor_combined/install/px4_msgs/include/px4_msgs/px4_msgs/msg/detail/actuator_test__rosidl_typesupport_introspection_c.h\n'}
[1.810104] (px4_msgs) StdoutLine: {'line': b'-- Up-to-date: /home/mustardking/ws_sensor_combined/install/px4_msgs/include/px4_msgs/px4_msgs/msg/detail/sensor_accel_fifo__type_support.c\n'}
[1.810129] (px4_msgs) StdoutLine: {'line': b'-- Up-to-date: /home/mustardking/ws_sensor_combined/install/px4_msgs/include/px4_msgs/px4_msgs/msg/detail/task_stack_info__rosidl_typesupport_introspection_c.h\n'}
[1.810162] (px4_msgs) StdoutLine: {'line': b'-- Up-to-date: /home/mustardking/ws_sensor_combined/install/px4_msgs/include/px4_msgs/px4_msgs/msg/detail/system_power__type_support.c\n'}
[1.810189] (px4_msgs) StdoutLine: {'line': b'-- Up-to-date: /home/mustardking/ws_sensor_combined/install/px4_msgs/include/px4_msgs/px4_msgs/msg/detail/vehicle_attitude__rosidl_typesupport_introspection_c.h\n'}
[1.810248] (px4_msgs) StdoutLine: {'line': b'-- Up-to-date: /home/mustardking/ws_sensor_combined/install/px4_msgs/include/px4_msgs/px4_msgs/msg/detail/transponder_report__rosidl_typesupport_introspection_c.h\n'}
[1.810273] (px4_msgs) StdoutLine: {'line': b'-- Up-to-date: /home/mustardking/ws_sensor_combined/install/px4_msgs/include/px4_msgs/px4_msgs/msg/detail/internal_combustion_engine_control__type_support.c\n'}
[1.810305] (px4_msgs) StdoutLine: {'line': b'-- Up-to-date: /home/mustardking/ws_sensor_combined/install/px4_msgs/include/px4_msgs/px4_msgs/msg/detail/actuator_motors__rosidl_typesupport_introspection_c.h\n'}
[1.810331] (px4_msgs) StdoutLine: {'line': b'-- Up-to-date: /home/mustardking/ws_sensor_combined/install/px4_msgs/include/px4_msgs/px4_msgs/msg/detail/sensor_gyro__rosidl_typesupport_introspection_c.h\n'}
[1.810354] (px4_msgs) StdoutLine: {'line': b'-- Up-to-date: /home/mustardking/ws_sensor_combined/install/px4_msgs/include/px4_msgs/px4_msgs/msg/detail/mode_completed__type_support.c\n'}
[1.810381] (px4_msgs) StdoutLine: {'line': b'-- Up-to-date: /home/mustardking/ws_sensor_combined/install/px4_msgs/include/px4_msgs/px4_msgs/msg/detail/vehicle_optical_flow_vel__rosidl_typesupport_introspection_c.h\n'}
[1.810412] (px4_msgs) StdoutLine: {'line': b'-- Up-to-date: /home/mustardking/ws_sensor_combined/install/px4_msgs/include/px4_msgs/px4_msgs/msg/detail/parameter_set_value_request__rosidl_typesupport_introspection_c.h\n'}
[1.810475] (px4_msgs) StdoutLine: {'line': b'-- Up-to-date: /home/mustardking/ws_sensor_combined/install/px4_msgs/include/px4_msgs/px4_msgs/msg/detail/parameter_set_value_response__rosidl_typesupport_introspection_c.h\n'}
[1.810522] (px4_msgs) StdoutLine: {'line': b'-- Up-to-date: /home/mustardking/ws_sensor_combined/install/px4_msgs/include/px4_msgs/px4_msgs/msg/detail/position_controller_landing_status__type_support.c\n'}
[1.810547] (px4_msgs) StdoutLine: {'line': b'-- Up-to-date: /home/mustardking/ws_sensor_combined/install/px4_msgs/include/px4_msgs/px4_msgs/msg/detail/hover_thrust_estimate__type_support.c\n'}
[1.810570] (px4_msgs) StdoutLine: {'line': b'-- Up-to-date: /home/mustardking/ws_sensor_combined/install/px4_msgs/include/px4_msgs/px4_msgs/msg/detail/vehicle_magnetometer__rosidl_typesupport_introspection_c.h\n'}
[1.810641] (px4_msgs) StdoutLine: {'line': b'-- Up-to-date: /home/mustardking/ws_sensor_combined/install/px4_msgs/include/px4_msgs/px4_msgs/msg/detail/estimator_status_flags__rosidl_typesupport_introspection_c.h\n'}
[1.810674] (px4_msgs) StdoutLine: {'line': b'-- Up-to-date: /home/mustardking/ws_sensor_combined/install/px4_msgs/include/px4_msgs/px4_msgs/msg/detail/actuator_motors__type_support.c\n'}
[1.811130] (px4_msgs) StdoutLine: {'line': b'-- Up-to-date: /home/mustardking/ws_sensor_combined/install/px4_msgs/include/px4_msgs/px4_msgs/msg/detail/gimbal_device_attitude_status__type_support.c\n'}
[1.811157] (px4_msgs) StdoutLine: {'line': b'-- Up-to-date: /home/mustardking/ws_sensor_combined/install/px4_msgs/include/px4_msgs/px4_msgs/msg/detail/arming_check_request__rosidl_typesupport_introspection_c.h\n'}
[1.811197] (px4_msgs) StdoutLine: {'line': b'-- Up-to-date: /home/mustardking/ws_sensor_combined/install/px4_msgs/include/px4_msgs/px4_msgs/msg/detail/actuator_servos__rosidl_typesupport_introspection_c.h\n'}
[1.811221] (px4_msgs) StdoutLine: {'line': b'-- Up-to-date: /home/mustardking/ws_sensor_combined/install/px4_msgs/include/px4_msgs/px4_msgs/msg/detail/vehicle_attitude__type_support.c\n'}
[1.811255] (px4_msgs) StdoutLine: {'line': b'-- Up-to-date: /home/mustardking/ws_sensor_combined/install/px4_msgs/include/px4_msgs/px4_msgs/msg/detail/mission_result__rosidl_typesupport_introspection_c.h\n'}
[1.811320] (px4_msgs) StdoutLine: {'line': b'-- Up-to-date: /home/mustardking/ws_sensor_combined/install/px4_msgs/include/px4_msgs/px4_msgs/msg/detail/follow_target_estimator__type_support.c\n'}
[1.811344] (px4_msgs) StdoutLine: {'line': b'-- Up-to-date: /home/mustardking/ws_sensor_combined/install/px4_msgs/include/px4_msgs/px4_msgs/msg/detail/distance_sensor__type_support.c\n'}
[1.811381] (px4_msgs) StdoutLine: {'line': b'-- Up-to-date: /home/mustardking/ws_sensor_combined/install/px4_msgs/include/px4_msgs/px4_msgs/msg/detail/control_allocator_status__type_support.c\n'}
[1.811451] (px4_msgs) StdoutLine: {'line': b'-- Up-to-date: /home/mustardking/ws_sensor_combined/install/px4_msgs/include/px4_msgs/px4_msgs/msg/detail/wheel_encoders__type_support.c\n'}
[1.811503] (px4_msgs) StdoutLine: {'line': b'-- Up-to-date: /home/mustardking/ws_sensor_combined/install/px4_msgs/include/px4_msgs/px4_msgs/msg/detail/differential_pressure__type_support.c\n'}
[1.811527] (px4_msgs) StdoutLine: {'line': b'-- Up-to-date: /home/mustardking/ws_sensor_combined/install/px4_msgs/include/px4_msgs/px4_msgs/msg/detail/wind__rosidl_typesupport_introspection_c.h\n'}
[1.811556] (px4_msgs) StdoutLine: {'line': b'-- Up-to-date: /home/mustardking/ws_sensor_combined/install/px4_msgs/include/px4_msgs/px4_msgs/msg/detail/rpm__type_support.c\n'}
[1.811598] (px4_msgs) StdoutLine: {'line': b'-- Up-to-date: /home/mustardking/ws_sensor_combined/install/px4_msgs/include/px4_msgs/px4_msgs/msg/detail/pure_pursuit_status__type_support.c\n'}
[1.811666] (px4_msgs) StdoutLine: {'line': b'-- Up-to-date: /home/mustardking/ws_sensor_combined/install/px4_msgs/include/px4_msgs/px4_msgs/msg/detail/home_position__type_support.c\n'}
[1.811690] (px4_msgs) StdoutLine: {'line': b'-- Up-to-date: /home/mustardking/ws_sensor_combined/install/px4_msgs/include/px4_msgs/px4_msgs/msg/detail/radio_status__type_support.c\n'}
[1.811722] (px4_msgs) StdoutLine: {'line': b'-- Up-to-date: /home/mustardking/ws_sensor_combined/install/px4_msgs/include/px4_msgs/px4_msgs/msg/detail/sensor_accel_fifo__rosidl_typesupport_introspection_c.h\n'}
[1.811754] (px4_msgs) StdoutLine: {'line': b'-- Up-to-date: /home/mustardking/ws_sensor_combined/install/px4_msgs/include/px4_msgs/px4_msgs/msg/detail/vtol_vehicle_status__type_support.c\n'}
[1.811805] (px4_msgs) StdoutLine: {'line': b'-- Up-to-date: /home/mustardking/ws_sensor_combined/install/px4_msgs/include/px4_msgs/px4_msgs/msg/detail/follow_target_estimator__rosidl_typesupport_introspection_c.h\n'}
[1.811830] (px4_msgs) StdoutLine: {'line': b'-- Up-to-date: /home/mustardking/ws_sensor_combined/install/px4_msgs/include/px4_msgs/px4_msgs/msg/detail/gpio_request__type_support.c\n'}
[1.811873] (px4_msgs) StdoutLine: {'line': b'-- Up-to-date: /home/mustardking/ws_sensor_combined/install/px4_msgs/include/px4_msgs/px4_msgs/msg/detail/sensor_hygrometer__rosidl_typesupport_introspection_c.h\n'}
[1.811898] (px4_msgs) StdoutLine: {'line': b'-- Up-to-date: /home/mustardking/ws_sensor_combined/install/px4_msgs/include/px4_msgs/px4_msgs/msg/detail/rover_steering_setpoint__type_support.c\n'}
[1.811920] (px4_msgs) StdoutLine: {'line': b'-- Up-to-date: /home/mustardking/ws_sensor_combined/install/px4_msgs/include/px4_msgs/px4_msgs/msg/detail/qshell_retval__rosidl_typesupport_introspection_c.h\n'}
[1.811943] (px4_msgs) StdoutLine: {'line': b'-- Up-to-date: /home/mustardking/ws_sensor_combined/install/px4_msgs/include/px4_msgs/px4_msgs/msg/detail/fixed_wing_lateral_guidance_status__rosidl_typesupport_introspection_c.h\n'}
[1.812000] (px4_msgs) StdoutLine: {'line': b'-- Up-to-date: /home/mustardking/ws_sensor_combined/install/px4_msgs/include/px4_msgs/px4_msgs/msg/detail/gpio_out__type_support.c\n'}
[1.812045] (px4_msgs) StdoutLine: {'line': b'-- Up-to-date: /home/mustardking/ws_sensor_combined/install/px4_msgs/include/px4_msgs/px4_msgs/msg/detail/generator_status__type_support.c\n'}
[1.812082] (px4_msgs) StdoutLine: {'line': b'-- Up-to-date: /home/mustardking/ws_sensor_combined/install/px4_msgs/include/px4_msgs/px4_msgs/msg/detail/battery_status__rosidl_typesupport_introspection_c.h\n'}
[1.812144] (px4_msgs) StdoutLine: {'line': b'-- Up-to-date: /home/mustardking/ws_sensor_combined/install/px4_msgs/include/px4_msgs/px4_msgs/msg/detail/rtl_status__type_support.c\n'}
[1.812169] (px4_msgs) StdoutLine: {'line': b'-- Up-to-date: /home/mustardking/ws_sensor_combined/install/px4_msgs/include/px4_msgs/px4_msgs/msg/detail/tiltrotor_extra_controls__rosidl_typesupport_introspection_c.h\n'}
[1.812209] (px4_msgs) StdoutLine: {'line': b'-- Up-to-date: /home/mustardking/ws_sensor_combined/install/px4_msgs/include/px4_msgs/px4_msgs/msg/detail/wheel_encoders__rosidl_typesupport_introspection_c.h\n'}
[1.812235] (px4_msgs) StdoutLine: {'line': b'-- Up-to-date: /home/mustardking/ws_sensor_combined/install/px4_msgs/include/px4_msgs/px4_msgs/msg/detail/register_ext_component_request__rosidl_typesupport_introspection_c.h\n'}
[1.812347] (px4_msgs) StdoutLine: {'line': b'-- Up-to-date: /home/mustardking/ws_sensor_combined/install/px4_msgs/include/px4_msgs/px4_msgs/msg/detail/airspeed__type_support.c\n'}
[1.812393] (px4_msgs) StdoutLine: {'line': b'-- Up-to-date: /home/mustardking/ws_sensor_combined/install/px4_msgs/include/px4_msgs/px4_msgs/msg/detail/gimbal_controls__rosidl_typesupport_introspection_c.h\n'}
[1.812421] (px4_msgs) StdoutLine: {'line': b'-- Up-to-date: /home/mustardking/ws_sensor_combined/install/px4_msgs/include/px4_msgs/px4_msgs/msg/detail/vehicle_rates_setpoint__type_support.c\n'}
[1.812467] (px4_msgs) StdoutLine: {'line': b'-- Up-to-date: /home/mustardking/ws_sensor_combined/install/px4_msgs/include/px4_msgs/px4_msgs/msg/detail/orb_test_medium__type_support.c\n'}
[1.812495] (px4_msgs) StdoutLine: {'line': b'-- Up-to-date: /home/mustardking/ws_sensor_combined/install/px4_msgs/include/px4_msgs/px4_msgs/msg/detail/sensor_gyro_fifo__type_support.c\n'}
[1.812522] (px4_msgs) StdoutLine: {'line': b'-- Up-to-date: /home/mustardking/ws_sensor_combined/install/px4_msgs/include/px4_msgs/px4_msgs/msg/detail/sensors_status_imu__type_support.c\n'}
[1.812545] (px4_msgs) StdoutLine: {'line': b'-- Up-to-date: /home/mustardking/ws_sensor_combined/install/px4_msgs/include/px4_msgs/px4_msgs/msg/detail/telemetry_status__rosidl_typesupport_introspection_c.h\n'}
[1.812593] (px4_msgs) StdoutLine: {'line': b'-- Up-to-date: /home/mustardking/ws_sensor_combined/install/px4_msgs/include/px4_msgs/px4_msgs/msg/detail/rover_rate_setpoint__type_support.c\n'}
[1.812625] (px4_msgs) StdoutLine: {'line': b'-- Up-to-date: /home/mustardking/ws_sensor_combined/install/px4_msgs/include/px4_msgs/px4_msgs/msg/detail/obstacle_distance__rosidl_typesupport_introspection_c.h\n'}
[1.812650] (px4_msgs) StdoutLine: {'line': b'-- Up-to-date: /home/mustardking/ws_sensor_combined/install/px4_msgs/include/px4_msgs/px4_msgs/msg/detail/vehicle_torque_setpoint__type_support.c\n'}
[1.812672] (px4_msgs) StdoutLine: {'line': b'-- Up-to-date: /home/mustardking/ws_sensor_combined/install/px4_msgs/include/px4_msgs/px4_msgs/msg/detail/adc_report__type_support.c\n'}
[1.812707] (px4_msgs) StdoutLine: {'line': b'-- Up-to-date: /home/mustardking/ws_sensor_combined/install/px4_msgs/include/px4_msgs/px4_msgs/msg/detail/gpio_in__type_support.c\n'}
[1.812737] (px4_msgs) StdoutLine: {'line': b'-- Up-to-date: /home/mustardking/ws_sensor_combined/install/px4_msgs/include/px4_msgs/px4_msgs/msg/detail/gps_dump__type_support.c\n'}
[1.812760] (px4_msgs) StdoutLine: {'line': b'-- Up-to-date: /home/mustardking/ws_sensor_combined/install/px4_msgs/include/px4_msgs/px4_msgs/msg/detail/distance_sensor_mode_change_request__rosidl_typesupport_introspection_c.h\n'}
[1.812783] (px4_msgs) StdoutLine: {'line': b'-- Up-to-date: /home/mustardking/ws_sensor_combined/install/px4_msgs/include/px4_msgs/px4_msgs/msg/detail/vehicle_acceleration__type_support.c\n'}
[1.812805] (px4_msgs) StdoutLine: {'line': b'-- Up-to-date: /home/mustardking/ws_sensor_combined/install/px4_msgs/include/px4_msgs/px4_msgs/msg/detail/actuator_servos__type_support.c\n'}
[1.812834] (px4_msgs) StdoutLine: {'line': b'-- Up-to-date: /home/mustardking/ws_sensor_combined/install/px4_msgs/include/px4_msgs/px4_msgs/msg/detail/neural_control__rosidl_typesupport_introspection_c.h\n'}
[1.812857] (px4_msgs) StdoutLine: {'line': b'-- Up-to-date: /home/mustardking/ws_sensor_combined/install/px4_msgs/include/px4_msgs/px4_msgs/msg/detail/failure_detector_status__rosidl_typesupport_introspection_c.h\n'}
[1.812904] (px4_msgs) StdoutLine: {'line': b'-- Up-to-date: /home/mustardking/ws_sensor_combined/install/px4_msgs/include/px4_msgs/px4_msgs/msg/detail/arming_check_reply__rosidl_typesupport_introspection_c.h\n'}
[1.812927] (px4_msgs) StdoutLine: {'line': b'-- Up-to-date: /home/mustardking/ws_sensor_combined/install/px4_msgs/include/px4_msgs/px4_msgs/msg/detail/debug_value__type_support.c\n'}
[1.812960] (px4_msgs) StdoutLine: {'line': b'-- Up-to-date: /home/mustardking/ws_sensor_combined/install/px4_msgs/include/px4_msgs/px4_msgs/msg/detail/landing_gear__type_support.c\n'}
[1.813004] (px4_msgs) StdoutLine: {'line': b'-- Up-to-date: /home/mustardking/ws_sensor_combined/install/px4_msgs/include/px4_msgs/px4_msgs/msg/detail/sensor_gyro_fft__rosidl_typesupport_introspection_c.h\n'}
[1.813058] (px4_msgs) StdoutLine: {'line': b'-- Up-to-date: /home/mustardking/ws_sensor_combined/install/px4_msgs/include/px4_msgs/px4_msgs/msg/detail/sensor_correction__type_support.c\n'}
[1.813087] (px4_msgs) StdoutLine: {'line': b'-- Up-to-date: /home/mustardking/ws_sensor_combined/install/px4_msgs/include/px4_msgs/px4_msgs/msg/detail/estimator_selector_status__type_support.c\n'}
[1.813120] (px4_msgs) StdoutLine: {'line': b'-- Up-to-date: /home/mustardking/ws_sensor_combined/install/px4_msgs/include/px4_msgs/px4_msgs/msg/detail/vehicle_local_position__rosidl_typesupport_introspection_c.h\n'}
[1.813150] (px4_msgs) StdoutLine: {'line': b'-- Up-to-date: /home/mustardking/ws_sensor_combined/install/px4_msgs/include/px4_msgs/px4_msgs/msg/detail/estimator_gps_status__type_support.c\n'}
[1.813172] (px4_msgs) StdoutLine: {'line': b'-- Up-to-date: /home/mustardking/ws_sensor_combined/install/px4_msgs/include/px4_msgs/px4_msgs/msg/detail/debug_array__rosidl_typesupport_introspection_c.h\n'}
[1.813218] (px4_msgs) StdoutLine: {'line': b'-- Up-to-date: /home/mustardking/ws_sensor_combined/install/px4_msgs/include/px4_msgs/px4_msgs/msg/detail/takeoff_status__type_support.c\n'}
[1.813242] (px4_msgs) StdoutLine: {'line': b'-- Up-to-date: /home/mustardking/ws_sensor_combined/install/px4_msgs/include/px4_msgs/px4_msgs/msg/detail/failure_detector_status__type_support.c\n'}
[1.813264] (px4_msgs) StdoutLine: {'line': b'-- Up-to-date: /home/mustardking/ws_sensor_combined/install/px4_msgs/include/px4_msgs/px4_msgs/msg/detail/estimator_status__type_support.c\n'}
[1.813290] (px4_msgs) StdoutLine: {'line': b'-- Up-to-date: /home/mustardking/ws_sensor_combined/install/px4_msgs/include/px4_msgs/px4_msgs/msg/detail/fixed_wing_lateral_guidance_status__type_support.c\n'}
[1.813313] (px4_msgs) StdoutLine: {'line': b'-- Up-to-date: /home/mustardking/ws_sensor_combined/install/px4_msgs/include/px4_msgs/px4_msgs/msg/detail/vehicle_attitude_setpoint__rosidl_typesupport_introspection_c.h\n'}
[1.813363] (px4_msgs) StdoutLine: {'line': b'-- Up-to-date: /home/mustardking/ws_sensor_combined/install/px4_msgs/include/px4_msgs/px4_msgs/msg/detail/dataman_request__rosidl_typesupport_introspection_c.h\n'}
[1.813389] (px4_msgs) StdoutLine: {'line': b'-- Up-to-date: /home/mustardking/ws_sensor_combined/install/px4_msgs/include/px4_msgs/px4_msgs/msg/detail/ekf2_timestamps__rosidl_typesupport_introspection_c.h\n'}
[1.813411] (px4_msgs) StdoutLine: {'line': b'-- Up-to-date: /home/mustardking/ws_sensor_combined/install/px4_msgs/include/px4_msgs/px4_msgs/msg/detail/landing_target_pose__rosidl_typesupport_introspection_c.h\n'}
[1.813434] (px4_msgs) StdoutLine: {'line': b'-- Up-to-date: /home/mustardking/ws_sensor_combined/install/px4_msgs/include/px4_msgs/px4_msgs/msg/detail/rtl_time_estimate__rosidl_typesupport_introspection_c.h\n'}
[1.813463] (px4_msgs) StdoutLine: {'line': b'-- Up-to-date: /home/mustardking/ws_sensor_combined/install/px4_msgs/include/px4_msgs/px4_msgs/msg/detail/config_overrides__rosidl_typesupport_introspection_c.h\n'}
[1.813485] (px4_msgs) StdoutLine: {'line': b'-- Up-to-date: /home/mustardking/ws_sensor_combined/install/px4_msgs/include/px4_msgs/px4_msgs/msg/detail/led_control__type_support.c\n'}
[1.813541] (px4_msgs) StdoutLine: {'line': b'-- Up-to-date: /home/mustardking/ws_sensor_combined/install/px4_msgs/include/px4_msgs/px4_msgs/msg/detail/cellular_status__type_support.c\n'}
[1.813566] (px4_msgs) StdoutLine: {'line': b'-- Up-to-date: /home/mustardking/ws_sensor_combined/install/px4_msgs/include/px4_msgs/px4_msgs/msg/detail/sensors_status_imu__rosidl_typesupport_introspection_c.h\n'}
[1.813588] (px4_msgs) StdoutLine: {'line': b'-- Up-to-date: /home/mustardking/ws_sensor_combined/install/px4_msgs/include/px4_msgs/px4_msgs/msg/detail/tiltrotor_extra_controls__type_support.c\n'}
[1.813611] (px4_msgs) StdoutLine: {'line': b'-- Up-to-date: /home/mustardking/ws_sensor_combined/install/px4_msgs/include/px4_msgs/px4_msgs/msg/detail/pwm_input__type_support.c\n'}
[1.813634] (px4_msgs) StdoutLine: {'line': b'-- Up-to-date: /home/mustardking/ws_sensor_combined/install/px4_msgs/include/px4_msgs/px4_msgs/msg/detail/ping__type_support.c\n'}
[1.813675] (px4_msgs) StdoutLine: {'line': b'-- Up-to-date: /home/mustardking/ws_sensor_combined/install/px4_msgs/include/px4_msgs/px4_msgs/msg/detail/airspeed_wind__type_support.c\n'}
[1.813698] (px4_msgs) StdoutLine: {'line': b'-- Up-to-date: /home/mustardking/ws_sensor_combined/install/px4_msgs/include/px4_msgs/px4_msgs/msg/detail/sensor_combined__type_support.c\n'}
[1.813732] (px4_msgs) StdoutLine: {'line': b'-- Up-to-date: /home/mustardking/ws_sensor_combined/install/px4_msgs/include/px4_msgs/px4_msgs/msg/detail/ulog_stream__type_support.c\n'}
[1.813758] (px4_msgs) StdoutLine: {'line': b'-- Up-to-date: /home/mustardking/ws_sensor_combined/install/px4_msgs/include/px4_msgs/px4_msgs/msg/detail/gpio_config__type_support.c\n'}
[1.813780] (px4_msgs) StdoutLine: {'line': b'-- Up-to-date: /home/mustardking/ws_sensor_combined/install/px4_msgs/include/px4_msgs/px4_msgs/msg/detail/mission__rosidl_typesupport_introspection_c.h\n'}
[1.813803] (px4_msgs) StdoutLine: {'line': b'-- Up-to-date: /home/mustardking/ws_sensor_combined/install/px4_msgs/include/px4_msgs/px4_msgs/msg/detail/vehicle_angular_velocity__type_support.c\n'}
[1.813872] (px4_msgs) StdoutLine: {'line': b'-- Up-to-date: /home/mustardking/ws_sensor_combined/install/px4_msgs/include/px4_msgs/px4_msgs/msg/detail/dronecan_node_status__type_support.c\n'}
[1.813899] (px4_msgs) StdoutLine: {'line': b'-- Up-to-date: /home/mustardking/ws_sensor_combined/install/px4_msgs/include/px4_msgs/px4_msgs/msg/detail/gimbal_device_attitude_status__rosidl_typesupport_introspection_c.h\n'}
[1.813921] (px4_msgs) StdoutLine: {'line': b'-- Up-to-date: /home/mustardking/ws_sensor_combined/install/px4_msgs/include/px4_msgs/px4_msgs/msg/detail/offboard_control_mode__rosidl_typesupport_introspection_c.h\n'}
[1.813944] (px4_msgs) StdoutLine: {'line': b'-- Up-to-date: /home/mustardking/ws_sensor_combined/install/px4_msgs/include/px4_msgs/px4_msgs/msg/detail/parameter_set_used_request__rosidl_typesupport_introspection_c.h\n'}
[1.814001] (px4_msgs) StdoutLine: {'line': b'-- Up-to-date: /home/mustardking/ws_sensor_combined/install/px4_msgs/include/px4_msgs/px4_msgs/msg/detail/fixed_wing_longitudinal_setpoint__rosidl_typesupport_introspection_c.h\n'}
[1.814025] (px4_msgs) StdoutLine: {'line': b'-- Up-to-date: /home/mustardking/ws_sensor_combined/install/px4_msgs/include/px4_msgs/px4_msgs/msg/detail/gimbal_device_set_attitude__rosidl_typesupport_introspection_c.h\n'}
[1.814048] (px4_msgs) StdoutLine: {'line': b'-- Up-to-date: /home/mustardking/ws_sensor_combined/install/px4_msgs/include/px4_msgs/px4_msgs/msg/detail/internal_combustion_engine_control__rosidl_typesupport_introspection_c.h\n'}
[1.814074] (px4_msgs) StdoutLine: {'line': b'-- Up-to-date: /home/mustardking/ws_sensor_combined/install/px4_msgs/include/px4_msgs/px4_msgs/msg/detail/trajectory_setpoint__rosidl_typesupport_introspection_c.h\n'}
[1.814106] (px4_msgs) StdoutLine: {'line': b'-- Up-to-date: /home/mustardking/ws_sensor_combined/install/px4_msgs/include/px4_msgs/px4_msgs/msg/detail/rate_ctrl_status__type_support.c\n'}
[1.814128] (px4_msgs) StdoutLine: {'line': b'-- Up-to-date: /home/mustardking/ws_sensor_combined/install/px4_msgs/include/px4_msgs/px4_msgs/msg/detail/vehicle_air_data__rosidl_typesupport_introspection_c.h\n'}
[1.814173] (px4_msgs) StdoutLine: {'line': b'-- Up-to-date: /home/mustardking/ws_sensor_combined/install/px4_msgs/include/px4_msgs/px4_msgs/msg/detail/sensor_selection__rosidl_typesupport_introspection_c.h\n'}
[1.814198] (px4_msgs) StdoutLine: {'line': b'-- Up-to-date: /home/mustardking/ws_sensor_combined/install/px4_msgs/include/px4_msgs/px4_msgs/msg/detail/rover_attitude_status__rosidl_typesupport_introspection_c.h\n'}
[1.814233] (px4_msgs) StdoutLine: {'line': b'-- Up-to-date: /home/mustardking/ws_sensor_combined/install/px4_msgs/include/px4_msgs/px4_msgs/msg/detail/actuator_armed__type_support.c\n'}
[1.814255] (px4_msgs) StdoutLine: {'line': b'-- Up-to-date: /home/mustardking/ws_sensor_combined/install/px4_msgs/include/px4_msgs/px4_msgs/msg/detail/dataman_response__type_support.c\n'}
[1.814277] (px4_msgs) StdoutLine: {'line': b'-- Up-to-date: /home/mustardking/ws_sensor_combined/install/px4_msgs/include/px4_msgs/px4_msgs/msg/detail/ulog_stream__rosidl_typesupport_introspection_c.h\n'}
[1.814313] (px4_msgs) StdoutLine: {'line': b'-- Up-to-date: /home/mustardking/ws_sensor_combined/install/px4_msgs/include/px4_msgs/px4_msgs/msg/detail/actuator_outputs__type_support.c\n'}
[1.815633] (px4_msgs) StdoutLine: {'line': b'-- Up-to-date: /home/mustardking/ws_sensor_combined/install/px4_msgs/include/px4_msgs/px4_msgs/msg/detail/sensor_gyro_fifo__rosidl_typesupport_introspection_c.h\n'}
[1.816123] (px4_msgs) StdoutLine: {'line': b'-- Up-to-date: /home/mustardking/ws_sensor_combined/install/px4_msgs/include/px4_msgs/px4_msgs/msg/detail/geofence_status__type_support.c\n'}
[1.816383] (px4_msgs) StdoutLine: {'line': b'-- Up-to-date: /home/mustardking/ws_sensor_combined/install/px4_msgs/include/px4_msgs/px4_msgs/msg/detail/vehicle_imu__rosidl_typesupport_introspection_c.h\n'}
[1.816453] (px4_msgs) StdoutLine: {'line': b'-- Up-to-date: /home/mustardking/ws_sensor_combined/install/px4_msgs/include/px4_msgs/px4_msgs/msg/detail/sensor_uwb__type_support.c\n'}
[1.816772] (px4_msgs) StdoutLine: {'line': b'-- Up-to-date: /home/mustardking/ws_sensor_combined/install/px4_msgs/include/px4_msgs/px4_msgs/msg/detail/message_format_request__rosidl_typesupport_introspection_c.h\n'}
[1.816959] (px4_msgs) StdoutLine: {'line': b'-- Up-to-date: /home/mustardking/ws_sensor_combined/install/px4_msgs/include/px4_msgs/px4_msgs/msg/detail/mag_worker_data__rosidl_typesupport_introspection_c.h\n'}
[1.817284] (px4_msgs) StdoutLine: {'line': b'-- Up-to-date: /home/mustardking/ws_sensor_combined/install/px4_msgs/include/px4_msgs/px4_msgs/msg/detail/gimbal_manager_set_manual_control__rosidl_typesupport_introspection_c.h\n'}
[1.817394] (px4_msgs) StdoutLine: {'line': b'-- Up-to-date: /home/mustardking/ws_sensor_combined/install/px4_msgs/include/px4_msgs/px4_msgs/msg/detail/goto_setpoint__type_support.c\n'}
[1.817766] (px4_msgs) StdoutLine: {'line': b'-- Up-to-date: /home/mustardking/ws_sensor_combined/install/px4_msgs/include/px4_msgs/px4_msgs/msg/detail/rover_speed_status__rosidl_typesupport_introspection_c.h\n'}
[1.817915] (px4_msgs) StdoutLine: {'line': b'-- Up-to-date: /home/mustardking/ws_sensor_combined/install/px4_msgs/include/px4_msgs/px4_msgs/msg/detail/vtol_vehicle_status__rosidl_typesupport_introspection_c.h\n'}
[1.817995] (px4_msgs) StdoutLine: {'line': b'-- Up-to-date: /home/mustardking/ws_sensor_combined/install/px4_msgs/include/px4_msgs/px4_msgs/msg/detail/actuator_controls_status__rosidl_typesupport_introspection_c.h\n'}
[1.819584] (px4_msgs) StdoutLine: {'line': b'-- Up-to-date: /home/mustardking/ws_sensor_combined/install/px4_msgs/include/px4_msgs/px4_msgs/msg/detail/distance_sensor__rosidl_typesupport_introspection_c.h\n'}
[1.819669] (px4_msgs) StdoutLine: {'line': b'-- Up-to-date: /home/mustardking/ws_sensor_combined/install/px4_msgs/include/px4_msgs/px4_msgs/msg/detail/sensor_hygrometer__type_support.c\n'}
[1.819694] (px4_msgs) StdoutLine: {'line': b'-- Up-to-date: /home/mustardking/ws_sensor_combined/install/px4_msgs/include/px4_msgs/px4_msgs/msg/detail/control_allocator_status__rosidl_typesupport_introspection_c.h\n'}
[1.819718] (px4_msgs) StdoutLine: {'line': b'-- Up-to-date: /home/mustardking/ws_sensor_combined/install/px4_msgs/include/px4_msgs/px4_msgs/msg/detail/pure_pursuit_status__rosidl_typesupport_introspection_c.h\n'}
[1.819822] (px4_msgs) StdoutLine: {'line': b'-- Up-to-date: /home/mustardking/ws_sensor_combined/install/px4_msgs/include/px4_msgs/px4_msgs/msg/detail/fuel_tank_status__type_support.c\n'}
[1.819866] (px4_msgs) StdoutLine: {'line': b'-- Up-to-date: /home/mustardking/ws_sensor_combined/install/px4_msgs/include/px4_msgs/px4_msgs/msg/detail/message_format_response__type_support.c\n'}
[1.819890] (px4_msgs) StdoutLine: {'line': b'-- Up-to-date: /home/mustardking/ws_sensor_combined/install/px4_msgs/include/px4_msgs/px4_msgs/msg/detail/vehicle_global_position__rosidl_typesupport_introspection_c.h\n'}
[1.819944] (px4_msgs) StdoutLine: {'line': b'-- Up-to-date: /home/mustardking/ws_sensor_combined/install/px4_msgs/include/px4_msgs/px4_msgs/msg/detail/actuator_outputs__rosidl_typesupport_introspection_c.h\n'}
[1.819974] (px4_msgs) StdoutLine: {'line': b'-- Up-to-date: /home/mustardking/ws_sensor_combined/install/px4_msgs/include/px4_msgs/px4_msgs/msg/detail/sensor_combined__rosidl_typesupport_introspection_c.h\n'}
[1.819997] (px4_msgs) StdoutLine: {'line': b'-- Up-to-date: /home/mustardking/ws_sensor_combined/install/px4_msgs/include/px4_msgs/px4_msgs/msg/detail/irlock_report__rosidl_typesupport_introspection_c.h\n'}
[1.820019] (px4_msgs) StdoutLine: {'line': b'-- Up-to-date: /home/mustardking/ws_sensor_combined/install/px4_msgs/include/px4_msgs/px4_msgs/msg/detail/debug_value__rosidl_typesupport_introspection_c.h\n'}
[1.820042] (px4_msgs) StdoutLine: {'line': b'-- Up-to-date: /home/mustardking/ws_sensor_combined/install/px4_msgs/include/px4_msgs/px4_msgs/msg/detail/rtl_time_estimate__type_support.c\n'}
[1.820076] (px4_msgs) StdoutLine: {'line': b'-- Up-to-date: /home/mustardking/ws_sensor_combined/install/px4_msgs/include/px4_msgs/px4_msgs/msg/detail/orb_test_large__type_support.c\n'}
[1.820107] (px4_msgs) StdoutLine: {'line': b'-- Up-to-date: /home/mustardking/ws_sensor_combined/install/px4_msgs/include/px4_msgs/px4_msgs/msg/detail/vehicle_constraints__type_support.c\n'}
[1.820145] (px4_msgs) StdoutLine: {'line': b'-- Up-to-date: /home/mustardking/ws_sensor_combined/install/px4_msgs/include/px4_msgs/px4_msgs/msg/detail/sensor_optical_flow__rosidl_typesupport_introspection_c.h\n'}
[1.820179] (px4_msgs) StdoutLine: {'line': b'-- Up-to-date: /home/mustardking/ws_sensor_combined/install/px4_msgs/include/px4_msgs/px4_msgs/msg/detail/fixed_wing_runway_control__type_support.c\n'}
[1.820209] (px4_msgs) StdoutLine: {'line': b'-- Up-to-date: /home/mustardking/ws_sensor_combined/install/px4_msgs/include/px4_msgs/px4_msgs/msg/detail/vehicle_odometry__type_support.c\n'}
[1.820241] (px4_msgs) StdoutLine: {'line': b'-- Up-to-date: /home/mustardking/ws_sensor_combined/install/px4_msgs/include/px4_msgs/px4_msgs/msg/detail/sensor_baro__type_support.c\n'}
[1.820879] (px4_msgs) StdoutLine: {'line': b'-- Up-to-date: /home/mustardking/ws_sensor_combined/install/px4_msgs/include/px4_msgs/px4_msgs/msg/detail/gimbal_device_information__rosidl_typesupport_introspection_c.h\n'}
[1.821465] (px4_msgs) StdoutLine: {'line': b'-- Up-to-date: /home/mustardking/ws_sensor_combined/install/px4_msgs/include/px4_msgs/px4_msgs/msg/detail/open_drone_id_operator_id__rosidl_typesupport_introspection_c.h\n'}
[1.821720] (px4_msgs) StdoutLine: {'line': b'-- Up-to-date: /home/mustardking/ws_sensor_combined/install/px4_msgs/include/px4_msgs/px4_msgs/msg/detail/trajectory_setpoint__type_support.c\n'}
[1.823221] (px4_msgs) StdoutLine: {'line': b'-- Up-to-date: /home/mustardking/ws_sensor_combined/install/px4_msgs/include/px4_msgs/px4_msgs/msg/detail/gps_inject_data__rosidl_typesupport_introspection_c.h\n'}
[1.823382] (px4_msgs) StdoutLine: {'line': b'-- Up-to-date: /home/mustardking/ws_sensor_combined/install/px4_msgs/include/px4_msgs/px4_msgs/msg/detail/heater_status__type_support.c\n'}
[1.823499] (px4_msgs) StdoutLine: {'line': b'-- Up-to-date: /home/mustardking/ws_sensor_combined/install/px4_msgs/include/px4_msgs/px4_msgs/msg/detail/iridiumsbd_status__type_support.c\n'}
[1.823621] (px4_msgs) StdoutLine: {'line': b'-- Up-to-date: /home/mustardking/ws_sensor_combined/install/px4_msgs/include/px4_msgs/px4_msgs/msg/detail/open_drone_id_system__type_support.c\n'}
[1.823718] (px4_msgs) StdoutLine: {'line': b'-- Up-to-date: /home/mustardking/ws_sensor_combined/install/px4_msgs/include/px4_msgs/px4_msgs/msg/detail/sensor_gyro_fft__type_support.c\n'}
[1.823839] (px4_msgs) StdoutLine: {'line': b'-- Up-to-date: /home/mustardking/ws_sensor_combined/install/px4_msgs/include/px4_msgs/px4_msgs/msg/detail/battery_status__type_support.c\n'}
[1.823969] (px4_msgs) StdoutLine: {'line': b'-- Up-to-date: /home/mustardking/ws_sensor_combined/install/px4_msgs/include/px4_msgs/px4_msgs/msg/detail/esc_report__rosidl_typesupport_introspection_c.h\n'}
[1.824003] (px4_msgs) StdoutLine: {'line': b'-- Up-to-date: /home/mustardking/ws_sensor_combined/install/px4_msgs/include/px4_msgs/px4_msgs/msg/detail/telemetry_status__type_support.c\n'}
[1.824038] (px4_msgs) StdoutLine: {'line': b'-- Up-to-date: /home/mustardking/ws_sensor_combined/install/px4_msgs/include/px4_msgs/px4_msgs/msg/detail/mavlink_log__rosidl_typesupport_introspection_c.h\n'}
[1.824085] (px4_msgs) StdoutLine: {'line': b'-- Up-to-date: /home/mustardking/ws_sensor_combined/install/px4_msgs/include/px4_msgs/px4_msgs/msg/detail/camera_status__rosidl_typesupport_introspection_c.h\n'}
[1.824108] (px4_msgs) StdoutLine: {'line': b'-- Up-to-date: /home/mustardking/ws_sensor_combined/install/px4_msgs/lib/libpx4_msgs__rosidl_typesupport_introspection_c.so\n'}
[1.824131] (px4_msgs) StdoutLine: {'line': b'-- Up-to-date: /home/mustardking/ws_sensor_combined/install/px4_msgs/lib/libpx4_msgs__rosidl_typesupport_c.so\n'}
[1.824154] (px4_msgs) StdoutLine: {'line': b'-- Up-to-date: /home/mustardking/ws_sensor_combined/install/px4_msgs/include/px4_msgs/px4_msgs\n'}
[1.824177] (px4_msgs) StdoutLine: {'line': b'-- Up-to-date: /home/mustardking/ws_sensor_combined/install/px4_msgs/include/px4_msgs/px4_msgs/srv\n'}
[1.824199] (px4_msgs) StdoutLine: {'line': b'-- Up-to-date: /home/mustardking/ws_sensor_combined/install/px4_msgs/include/px4_msgs/px4_msgs/srv/detail\n'}
[1.824260] (px4_msgs) StdoutLine: {'line': b'-- Up-to-date: /home/mustardking/ws_sensor_combined/install/px4_msgs/include/px4_msgs/px4_msgs/srv/detail/vehicle_command__rosidl_typesupport_introspection_cpp.hpp\n'}
[1.824384] (px4_msgs) StdoutLine: {'line': b'-- Up-to-date: /home/mustardking/ws_sensor_combined/install/px4_msgs/include/px4_msgs/px4_msgs/srv/detail/vehicle_command__type_support.cpp\n'}
[1.824424] (px4_msgs) StdoutLine: {'line': b'-- Up-to-date: /home/mustardking/ws_sensor_combined/install/px4_msgs/include/px4_msgs/px4_msgs/msg\n'}
[1.824449] (px4_msgs) StdoutLine: {'line': b'-- Up-to-date: /home/mustardking/ws_sensor_combined/install/px4_msgs/include/px4_msgs/px4_msgs/msg/detail\n'}
[1.824473] (px4_msgs) StdoutLine: {'line': b'-- Up-to-date: /home/mustardking/ws_sensor_combined/install/px4_msgs/include/px4_msgs/px4_msgs/msg/detail/lateral_control_configuration__rosidl_typesupport_introspection_cpp.hpp\n'}
[1.824501] (px4_msgs) StdoutLine: {'line': b'-- Up-to-date: /home/mustardking/ws_sensor_combined/install/px4_msgs/include/px4_msgs/px4_msgs/msg/detail/cpuload__type_support.cpp\n'}
[1.824566] (px4_msgs) StdoutLine: {'line': b'-- Up-to-date: /home/mustardking/ws_sensor_combined/install/px4_msgs/include/px4_msgs/px4_msgs/msg/detail/rtl_time_estimate__rosidl_typesupport_introspection_cpp.hpp\n'}
[1.824594] (px4_msgs) StdoutLine: {'line': b'-- Up-to-date: /home/mustardking/ws_sensor_combined/install/px4_msgs/include/px4_msgs/px4_msgs/msg/detail/health_report__type_support.cpp\n'}
[1.824617] (px4_msgs) StdoutLine: {'line': b'-- Up-to-date: /home/mustardking/ws_sensor_combined/install/px4_msgs/include/px4_msgs/px4_msgs/msg/detail/camera_trigger__rosidl_typesupport_introspection_cpp.hpp\n'}
[1.824641] (px4_msgs) StdoutLine: {'line': b'-- Up-to-date: /home/mustardking/ws_sensor_combined/install/px4_msgs/include/px4_msgs/px4_msgs/msg/detail/landing_target_innovations__rosidl_typesupport_introspection_cpp.hpp\n'}
[1.824664] (px4_msgs) StdoutLine: {'line': b'-- Up-to-date: /home/mustardking/ws_sensor_combined/install/px4_msgs/include/px4_msgs/px4_msgs/msg/detail/sensor_baro__rosidl_typesupport_introspection_cpp.hpp\n'}
[1.824686] (px4_msgs) StdoutLine: {'line': b'-- Up-to-date: /home/mustardking/ws_sensor_combined/install/px4_msgs/include/px4_msgs/px4_msgs/msg/detail/actuator_servos__rosidl_typesupport_introspection_cpp.hpp\n'}
[1.825373] (px4_msgs) StdoutLine: {'line': b'-- Up-to-date: /home/mustardking/ws_sensor_combined/install/px4_msgs/include/px4_msgs/px4_msgs/msg/detail/estimator_aid_source1d__rosidl_typesupport_introspection_cpp.hpp\n'}
[1.825550] (px4_msgs) StdoutLine: {'line': b'-- Up-to-date: /home/mustardking/ws_sensor_combined/install/px4_msgs/include/px4_msgs/px4_msgs/msg/detail/fixed_wing_runway_control__type_support.cpp\n'}
[1.825640] (px4_msgs) StdoutLine: {'line': b'-- Up-to-date: /home/mustardking/ws_sensor_combined/install/px4_msgs/include/px4_msgs/px4_msgs/msg/detail/pps_capture__rosidl_typesupport_introspection_cpp.hpp\n'}
[1.825764] (px4_msgs) StdoutLine: {'line': b'-- Up-to-date: /home/mustardking/ws_sensor_combined/install/px4_msgs/include/px4_msgs/px4_msgs/msg/detail/rover_attitude_setpoint__type_support.cpp\n'}
[1.827308] (px4_msgs) StdoutLine: {'line': b'-- Up-to-date: /home/mustardking/ws_sensor_combined/install/px4_msgs/include/px4_msgs/px4_msgs/msg/detail/position_controller_landing_status__rosidl_typesupport_introspection_cpp.hpp\n'}
[1.827494] (px4_msgs) StdoutLine: {'line': b'-- Up-to-date: /home/mustardking/ws_sensor_combined/install/px4_msgs/include/px4_msgs/px4_msgs/msg/detail/arming_check_reply__rosidl_typesupport_introspection_cpp.hpp\n'}
[1.827578] (px4_msgs) StdoutLine: {'line': b'-- Up-to-date: /home/mustardking/ws_sensor_combined/install/px4_msgs/include/px4_msgs/px4_msgs/msg/detail/event__rosidl_typesupport_introspection_cpp.hpp\n'}
[1.827644] (px4_msgs) StdoutLine: {'line': b'-- Up-to-date: /home/mustardking/ws_sensor_combined/install/px4_msgs/include/px4_msgs/px4_msgs/msg/detail/sensors_status_imu__rosidl_typesupport_introspection_cpp.hpp\n'}
[1.827761] (px4_msgs) StdoutLine: {'line': b'-- Up-to-date: /home/mustardking/ws_sensor_combined/install/px4_msgs/include/px4_msgs/px4_msgs/msg/detail/camera_status__type_support.cpp\n'}
[1.827890] (px4_msgs) StdoutLine: {'line': b'-- Up-to-date: /home/mustardking/ws_sensor_combined/install/px4_msgs/include/px4_msgs/px4_msgs/msg/detail/debug_value__rosidl_typesupport_introspection_cpp.hpp\n'}
[1.828042] (px4_msgs) StdoutLine: {'line': b'-- Up-to-date: /home/mustardking/ws_sensor_combined/install/px4_msgs/include/px4_msgs/px4_msgs/msg/detail/control_allocator_status__type_support.cpp\n'}
[1.828150] (px4_msgs) StdoutLine: {'line': b'-- Up-to-date: /home/mustardking/ws_sensor_combined/install/px4_msgs/include/px4_msgs/px4_msgs/msg/detail/sensors_status_imu__type_support.cpp\n'}
[1.828213] (px4_msgs) StdoutLine: {'line': b'-- Up-to-date: /home/mustardking/ws_sensor_combined/install/px4_msgs/include/px4_msgs/px4_msgs/msg/detail/rpm__rosidl_typesupport_introspection_cpp.hpp\n'}
[1.828415] (px4_msgs) StdoutLine: {'line': b'-- Up-to-date: /home/mustardking/ws_sensor_combined/install/px4_msgs/include/px4_msgs/px4_msgs/msg/detail/tiltrotor_extra_controls__rosidl_typesupport_introspection_cpp.hpp\n'}
[1.828571] (px4_msgs) StdoutLine: {'line': b'-- Up-to-date: /home/mustardking/ws_sensor_combined/install/px4_msgs/include/px4_msgs/px4_msgs/msg/detail/vehicle_attitude__rosidl_typesupport_introspection_cpp.hpp\n'}
[1.828678] (px4_msgs) StdoutLine: {'line': b'-- Up-to-date: /home/mustardking/ws_sensor_combined/install/px4_msgs/include/px4_msgs/px4_msgs/msg/detail/rover_steering_setpoint__type_support.cpp\n'}
[1.828785] (px4_msgs) StdoutLine: {'line': b'-- Up-to-date: /home/mustardking/ws_sensor_combined/install/px4_msgs/include/px4_msgs/px4_msgs/msg/detail/pwm_input__type_support.cpp\n'}
[1.828941] (px4_msgs) StdoutLine: {'line': b'-- Up-to-date: /home/mustardking/ws_sensor_combined/install/px4_msgs/include/px4_msgs/px4_msgs/msg/detail/actuator_servos_trim__rosidl_typesupport_introspection_cpp.hpp\n'}
[1.828983] (px4_msgs) StdoutLine: {'line': b'-- Up-to-date: /home/mustardking/ws_sensor_combined/install/px4_msgs/include/px4_msgs/px4_msgs/msg/detail/power_button_state__rosidl_typesupport_introspection_cpp.hpp\n'}
[1.829019] (px4_msgs) StdoutLine: {'line': b'-- Up-to-date: /home/mustardking/ws_sensor_combined/install/px4_msgs/include/px4_msgs/px4_msgs/msg/detail/onboard_computer_status__rosidl_typesupport_introspection_cpp.hpp\n'}
[1.829060] (px4_msgs) StdoutLine: {'line': b'-- Up-to-date: /home/mustardking/ws_sensor_combined/install/px4_msgs/include/px4_msgs/px4_msgs/msg/detail/vehicle_status__type_support.cpp\n'}
[1.829108] (px4_msgs) StdoutLine: {'line': b'-- Up-to-date: /home/mustardking/ws_sensor_combined/install/px4_msgs/include/px4_msgs/px4_msgs/msg/detail/hover_thrust_estimate__type_support.cpp\n'}
[1.829154] (px4_msgs) StdoutLine: {'line': b'-- Up-to-date: /home/mustardking/ws_sensor_combined/install/px4_msgs/include/px4_msgs/px4_msgs/msg/detail/autotune_attitude_control_status__type_support.cpp\n'}
[1.829184] (px4_msgs) StdoutLine: {'line': b'-- Up-to-date: /home/mustardking/ws_sensor_combined/install/px4_msgs/include/px4_msgs/px4_msgs/msg/detail/vehicle_attitude_setpoint__type_support.cpp\n'}
[1.829232] (px4_msgs) StdoutLine: {'line': b'-- Up-to-date: /home/mustardking/ws_sensor_combined/install/px4_msgs/include/px4_msgs/px4_msgs/msg/detail/orb_test_medium__rosidl_typesupport_introspection_cpp.hpp\n'}
[1.829269] (px4_msgs) StdoutLine: {'line': b'-- Up-to-date: /home/mustardking/ws_sensor_combined/install/px4_msgs/include/px4_msgs/px4_msgs/msg/detail/fixed_wing_lateral_guidance_status__type_support.cpp\n'}
[1.829294] (px4_msgs) StdoutLine: {'line': b'-- Up-to-date: /home/mustardking/ws_sensor_combined/install/px4_msgs/include/px4_msgs/px4_msgs/msg/detail/position_controller_status__type_support.cpp\n'}
[1.829317] (px4_msgs) StdoutLine: {'line': b'-- Up-to-date: /home/mustardking/ws_sensor_combined/install/px4_msgs/include/px4_msgs/px4_msgs/msg/detail/rover_rate_setpoint__rosidl_typesupport_introspection_cpp.hpp\n'}
[1.829339] (px4_msgs) StdoutLine: {'line': b'-- Up-to-date: /home/mustardking/ws_sensor_combined/install/px4_msgs/include/px4_msgs/px4_msgs/msg/detail/button_event__rosidl_typesupport_introspection_cpp.hpp\n'}
[1.829363] (px4_msgs) StdoutLine: {'line': b'-- Up-to-date: /home/mustardking/ws_sensor_combined/install/px4_msgs/include/px4_msgs/px4_msgs/msg/detail/ping__rosidl_typesupport_introspection_cpp.hpp\n'}
[1.829410] (px4_msgs) StdoutLine: {'line': b'-- Up-to-date: /home/mustardking/ws_sensor_combined/install/px4_msgs/include/px4_msgs/px4_msgs/msg/detail/trajectory_setpoint6dof__type_support.cpp\n'}
[1.829434] (px4_msgs) StdoutLine: {'line': b'-- Up-to-date: /home/mustardking/ws_sensor_combined/install/px4_msgs/include/px4_msgs/px4_msgs/msg/detail/radio_status__type_support.cpp\n'}
[1.829456] (px4_msgs) StdoutLine: {'line': b'-- Up-to-date: /home/mustardking/ws_sensor_combined/install/px4_msgs/include/px4_msgs/px4_msgs/msg/detail/estimator_aid_source3d__type_support.cpp\n'}
[1.829496] (px4_msgs) StdoutLine: {'line': b'-- Up-to-date: /home/mustardking/ws_sensor_combined/install/px4_msgs/include/px4_msgs/px4_msgs/msg/detail/vehicle_status__rosidl_typesupport_introspection_cpp.hpp\n'}
[1.829520] (px4_msgs) StdoutLine: {'line': b'-- Up-to-date: /home/mustardking/ws_sensor_combined/install/px4_msgs/include/px4_msgs/px4_msgs/msg/detail/estimator_selector_status__type_support.cpp\n'}
[1.829545] (px4_msgs) StdoutLine: {'line': b'-- Up-to-date: /home/mustardking/ws_sensor_combined/install/px4_msgs/include/px4_msgs/px4_msgs/msg/detail/sensor_gps__rosidl_typesupport_introspection_cpp.hpp\n'}
[1.829568] (px4_msgs) StdoutLine: {'line': b'-- Up-to-date: /home/mustardking/ws_sensor_combined/install/px4_msgs/include/px4_msgs/px4_msgs/msg/detail/parameter_set_used_request__type_support.cpp\n'}
[1.829597] (px4_msgs) StdoutLine: {'line': b'-- Up-to-date: /home/mustardking/ws_sensor_combined/install/px4_msgs/include/px4_msgs/px4_msgs/msg/detail/magnetometer_bias_estimate__rosidl_typesupport_introspection_cpp.hpp\n'}
[1.829620] (px4_msgs) StdoutLine: {'line': b'-- Up-to-date: /home/mustardking/ws_sensor_combined/install/px4_msgs/include/px4_msgs/px4_msgs/msg/detail/tune_control__rosidl_typesupport_introspection_cpp.hpp\n'}
[1.829643] (px4_msgs) StdoutLine: {'line': b'-- Up-to-date: /home/mustardking/ws_sensor_combined/install/px4_msgs/include/px4_msgs/px4_msgs/msg/detail/orbit_status__rosidl_typesupport_introspection_cpp.hpp\n'}
[1.829666] (px4_msgs) StdoutLine: {'line': b'-- Up-to-date: /home/mustardking/ws_sensor_combined/install/px4_msgs/include/px4_msgs/px4_msgs/msg/detail/estimator_event_flags__type_support.cpp\n'}
[1.829726] (px4_msgs) StdoutLine: {'line': b'-- Up-to-date: /home/mustardking/ws_sensor_combined/install/px4_msgs/include/px4_msgs/px4_msgs/msg/detail/vehicle_odometry__type_support.cpp\n'}
[1.830289] (px4_msgs) StdoutLine: {'line': b'-- Up-to-date: /home/mustardking/ws_sensor_combined/install/px4_msgs/include/px4_msgs/px4_msgs/msg/detail/sensor_gnss_relative__type_support.cpp\n'}
[1.830316] (px4_msgs) StdoutLine: {'line': b'-- Up-to-date: /home/mustardking/ws_sensor_combined/install/px4_msgs/include/px4_msgs/px4_msgs/msg/detail/parameter_set_used_request__rosidl_typesupport_introspection_cpp.hpp\n'}
[1.830341] (px4_msgs) StdoutLine: {'line': b'-- Up-to-date: /home/mustardking/ws_sensor_combined/install/px4_msgs/include/px4_msgs/px4_msgs/msg/detail/qshell_req__type_support.cpp\n'}
[1.830443] (px4_msgs) StdoutLine: {'line': b'-- Up-to-date: /home/mustardking/ws_sensor_combined/install/px4_msgs/include/px4_msgs/px4_msgs/msg/detail/wheel_encoders__type_support.cpp\n'}
[1.830482] (px4_msgs) StdoutLine: {'line': b'-- Up-to-date: /home/mustardking/ws_sensor_combined/install/px4_msgs/include/px4_msgs/px4_msgs/msg/detail/gpio_in__rosidl_typesupport_introspection_cpp.hpp\n'}
[1.830507] (px4_msgs) StdoutLine: {'line': b'-- Up-to-date: /home/mustardking/ws_sensor_combined/install/px4_msgs/include/px4_msgs/px4_msgs/msg/detail/sensor_preflight_mag__rosidl_typesupport_introspection_cpp.hpp\n'}
[1.830531] (px4_msgs) StdoutLine: {'line': b'-- Up-to-date: /home/mustardking/ws_sensor_combined/install/px4_msgs/include/px4_msgs/px4_msgs/msg/detail/orb_test_medium__type_support.cpp\n'}
[1.830560] (px4_msgs) StdoutLine: {'line': b'-- Up-to-date: /home/mustardking/ws_sensor_combined/install/px4_msgs/include/px4_msgs/px4_msgs/msg/detail/vehicle_command_ack__rosidl_typesupport_introspection_cpp.hpp\n'}
[1.830585] (px4_msgs) StdoutLine: {'line': b'-- Up-to-date: /home/mustardking/ws_sensor_combined/install/px4_msgs/include/px4_msgs/px4_msgs/msg/detail/sensor_baro__type_support.cpp\n'}
[1.830608] (px4_msgs) StdoutLine: {'line': b'-- Up-to-date: /home/mustardking/ws_sensor_combined/install/px4_msgs/include/px4_msgs/px4_msgs/msg/detail/vehicle_control_mode__rosidl_typesupport_introspection_cpp.hpp\n'}
[1.830631] (px4_msgs) StdoutLine: {'line': b'-- Up-to-date: /home/mustardking/ws_sensor_combined/install/px4_msgs/include/px4_msgs/px4_msgs/msg/detail/telemetry_status__type_support.cpp\n'}
[1.830660] (px4_msgs) StdoutLine: {'line': b'-- Up-to-date: /home/mustardking/ws_sensor_combined/install/px4_msgs/include/px4_msgs/px4_msgs/msg/detail/parameter_update__rosidl_typesupport_introspection_cpp.hpp\n'}
[1.830691] (px4_msgs) StdoutLine: {'line': b'-- Up-to-date: /home/mustardking/ws_sensor_combined/install/px4_msgs/include/px4_msgs/px4_msgs/msg/detail/vehicle_acceleration__rosidl_typesupport_introspection_cpp.hpp\n'}
[1.830717] (px4_msgs) StdoutLine: {'line': b'-- Up-to-date: /home/mustardking/ws_sensor_combined/install/px4_msgs/include/px4_msgs/px4_msgs/msg/detail/home_position__rosidl_typesupport_introspection_cpp.hpp\n'}
[1.830740] (px4_msgs) StdoutLine: {'line': b'-- Up-to-date: /home/mustardking/ws_sensor_combined/install/px4_msgs/include/px4_msgs/px4_msgs/msg/detail/sensors_status__type_support.cpp\n'}
[1.830771] (px4_msgs) StdoutLine: {'line': b'-- Up-to-date: /home/mustardking/ws_sensor_combined/install/px4_msgs/include/px4_msgs/px4_msgs/msg/detail/fixed_wing_lateral_guidance_status__rosidl_typesupport_introspection_cpp.hpp\n'}
[1.830804] (px4_msgs) StdoutLine: {'line': b'-- Up-to-date: /home/mustardking/ws_sensor_combined/install/px4_msgs/include/px4_msgs/px4_msgs/msg/detail/vehicle_magnetometer__rosidl_typesupport_introspection_cpp.hpp\n'}
[1.830827] (px4_msgs) StdoutLine: {'line': b'-- Up-to-date: /home/mustardking/ws_sensor_combined/install/px4_msgs/include/px4_msgs/px4_msgs/msg/detail/vehicle_imu_status__type_support.cpp\n'}
[1.830850] (px4_msgs) StdoutLine: {'line': b'-- Up-to-date: /home/mustardking/ws_sensor_combined/install/px4_msgs/include/px4_msgs/px4_msgs/msg/detail/vehicle_optical_flow_vel__type_support.cpp\n'}
[1.830874] (px4_msgs) StdoutLine: {'line': b'-- Up-to-date: /home/mustardking/ws_sensor_combined/install/px4_msgs/include/px4_msgs/px4_msgs/msg/detail/sensor_gps__type_support.cpp\n'}
[1.830897] (px4_msgs) StdoutLine: {'line': b'-- Up-to-date: /home/mustardking/ws_sensor_combined/install/px4_msgs/include/px4_msgs/px4_msgs/msg/detail/rover_throttle_setpoint__rosidl_typesupport_introspection_cpp.hpp\n'}
[1.830920] (px4_msgs) StdoutLine: {'line': b'-- Up-to-date: /home/mustardking/ws_sensor_combined/install/px4_msgs/include/px4_msgs/px4_msgs/msg/detail/led_control__type_support.cpp\n'}
[1.831014] (px4_msgs) StdoutLine: {'line': b'-- Up-to-date: /home/mustardking/ws_sensor_combined/install/px4_msgs/include/px4_msgs/px4_msgs/msg/detail/px4io_status__type_support.cpp\n'}
[1.831040] (px4_msgs) StdoutLine: {'line': b'-- Up-to-date: /home/mustardking/ws_sensor_combined/install/px4_msgs/include/px4_msgs/px4_msgs/msg/detail/actuator_test__type_support.cpp\n'}
[1.831063] (px4_msgs) StdoutLine: {'line': b'-- Up-to-date: /home/mustardking/ws_sensor_combined/install/px4_msgs/include/px4_msgs/px4_msgs/msg/detail/open_drone_id_self_id__rosidl_typesupport_introspection_cpp.hpp\n'}
[1.831086] (px4_msgs) StdoutLine: {'line': b'-- Up-to-date: /home/mustardking/ws_sensor_combined/install/px4_msgs/include/px4_msgs/px4_msgs/msg/detail/mission__rosidl_typesupport_introspection_cpp.hpp\n'}
[1.831124] (px4_msgs) StdoutLine: {'line': b'-- Up-to-date: /home/mustardking/ws_sensor_combined/install/px4_msgs/include/px4_msgs/px4_msgs/msg/detail/orb_test_large__type_support.cpp\n'}
[1.831155] (px4_msgs) StdoutLine: {'line': b'-- Up-to-date: /home/mustardking/ws_sensor_combined/install/px4_msgs/include/px4_msgs/px4_msgs/msg/detail/sensors_status__rosidl_typesupport_introspection_cpp.hpp\n'}
[1.831178] (px4_msgs) StdoutLine: {'line': b'-- Up-to-date: /home/mustardking/ws_sensor_combined/install/px4_msgs/include/px4_msgs/px4_msgs/msg/detail/register_ext_component_reply__rosidl_typesupport_introspection_cpp.hpp\n'}
[1.831200] (px4_msgs) StdoutLine: {'line': b'-- Up-to-date: /home/mustardking/ws_sensor_combined/install/px4_msgs/include/px4_msgs/px4_msgs/msg/detail/estimator_innovations__rosidl_typesupport_introspection_cpp.hpp\n'}
[1.831223] (px4_msgs) StdoutLine: {'line': b'-- Up-to-date: /home/mustardking/ws_sensor_combined/install/px4_msgs/include/px4_msgs/px4_msgs/msg/detail/geofence_result__type_support.cpp\n'}
[1.831247] (px4_msgs) StdoutLine: {'line': b'-- Up-to-date: /home/mustardking/ws_sensor_combined/install/px4_msgs/include/px4_msgs/px4_msgs/msg/detail/actuator_controls_status__rosidl_typesupport_introspection_cpp.hpp\n'}
[1.831272] (px4_msgs) StdoutLine: {'line': b'-- Up-to-date: /home/mustardking/ws_sensor_combined/install/px4_msgs/include/px4_msgs/px4_msgs/msg/detail/estimator_bias__rosidl_typesupport_introspection_cpp.hpp\n'}
[1.831369] (px4_msgs) StdoutLine: {'line': b'-- Up-to-date: /home/mustardking/ws_sensor_combined/install/px4_msgs/include/px4_msgs/px4_msgs/msg/detail/sensor_accel__type_support.cpp\n'}
[1.831402] (px4_msgs) StdoutLine: {'line': b'-- Up-to-date: /home/mustardking/ws_sensor_combined/install/px4_msgs/include/px4_msgs/px4_msgs/msg/detail/gimbal_controls__type_support.cpp\n'}
[1.831452] (px4_msgs) StdoutLine: {'line': b'-- Up-to-date: /home/mustardking/ws_sensor_combined/install/px4_msgs/include/px4_msgs/px4_msgs/msg/detail/pwm_input__rosidl_typesupport_introspection_cpp.hpp\n'}
[1.831481] (px4_msgs) StdoutLine: {'line': b'-- Up-to-date: /home/mustardking/ws_sensor_combined/install/px4_msgs/include/px4_msgs/px4_msgs/msg/detail/ulog_stream__type_support.cpp\n'}
[1.831505] (px4_msgs) StdoutLine: {'line': b'-- Up-to-date: /home/mustardking/ws_sensor_combined/install/px4_msgs/include/px4_msgs/px4_msgs/msg/detail/collision_constraints__type_support.cpp\n'}
[1.831533] (px4_msgs) StdoutLine: {'line': b'-- Up-to-date: /home/mustardking/ws_sensor_combined/install/px4_msgs/include/px4_msgs/px4_msgs/msg/detail/vehicle_torque_setpoint__type_support.cpp\n'}
[1.831583] (px4_msgs) StdoutLine: {'line': b'-- Up-to-date: /home/mustardking/ws_sensor_combined/install/px4_msgs/include/px4_msgs/px4_msgs/msg/detail/gpio_in__type_support.cpp\n'}
[1.831608] (px4_msgs) StdoutLine: {'line': b'-- Up-to-date: /home/mustardking/ws_sensor_combined/install/px4_msgs/include/px4_msgs/px4_msgs/msg/detail/sensor_accel_fifo__rosidl_typesupport_introspection_cpp.hpp\n'}
[1.831696] (px4_msgs) StdoutLine: {'line': b'-- Up-to-date: /home/mustardking/ws_sensor_combined/install/px4_msgs/include/px4_msgs/px4_msgs/msg/detail/actuator_test__rosidl_typesupport_introspection_cpp.hpp\n'}
[1.831723] (px4_msgs) StdoutLine: {'line': b'-- Up-to-date: /home/mustardking/ws_sensor_combined/install/px4_msgs/include/px4_msgs/px4_msgs/msg/detail/rover_steering_setpoint__rosidl_typesupport_introspection_cpp.hpp\n'}
[1.831747] (px4_msgs) StdoutLine: {'line': b'-- Up-to-date: /home/mustardking/ws_sensor_combined/install/px4_msgs/include/px4_msgs/px4_msgs/msg/detail/power_monitor__type_support.cpp\n'}
[1.831770] (px4_msgs) StdoutLine: {'line': b'-- Up-to-date: /home/mustardking/ws_sensor_combined/install/px4_msgs/include/px4_msgs/px4_msgs/msg/detail/vehicle_thrust_setpoint__rosidl_typesupport_introspection_cpp.hpp\n'}
[1.831793] (px4_msgs) StdoutLine: {'line': b'-- Up-to-date: /home/mustardking/ws_sensor_combined/install/px4_msgs/include/px4_msgs/px4_msgs/msg/detail/neural_control__rosidl_typesupport_introspection_cpp.hpp\n'}
[1.831880] (px4_msgs) StdoutLine: {'line': b'-- Up-to-date: /home/mustardking/ws_sensor_combined/install/px4_msgs/include/px4_msgs/px4_msgs/msg/detail/obstacle_distance__type_support.cpp\n'}
[1.831906] (px4_msgs) StdoutLine: {'line': b'-- Up-to-date: /home/mustardking/ws_sensor_combined/install/px4_msgs/include/px4_msgs/px4_msgs/msg/detail/dronecan_node_status__rosidl_typesupport_introspection_cpp.hpp\n'}
[1.831930] (px4_msgs) StdoutLine: {'line': b'-- Up-to-date: /home/mustardking/ws_sensor_combined/install/px4_msgs/include/px4_msgs/px4_msgs/msg/detail/sensor_correction__rosidl_typesupport_introspection_cpp.hpp\n'}
[1.831954] (px4_msgs) StdoutLine: {'line': b'-- Up-to-date: /home/mustardking/ws_sensor_combined/install/px4_msgs/include/px4_msgs/px4_msgs/msg/detail/gps_dump__rosidl_typesupport_introspection_cpp.hpp\n'}
[1.831977] (px4_msgs) StdoutLine: {'line': b'-- Up-to-date: /home/mustardking/ws_sensor_combined/install/px4_msgs/include/px4_msgs/px4_msgs/msg/detail/unregister_ext_component__rosidl_typesupport_introspection_cpp.hpp\n'}
[1.832004] (px4_msgs) StdoutLine: {'line': b'-- Up-to-date: /home/mustardking/ws_sensor_combined/install/px4_msgs/include/px4_msgs/px4_msgs/msg/detail/esc_report__rosidl_typesupport_introspection_cpp.hpp\n'}
[1.832043] (px4_msgs) StdoutLine: {'line': b'-- Up-to-date: /home/mustardking/ws_sensor_combined/install/px4_msgs/include/px4_msgs/px4_msgs/msg/detail/rover_speed_status__rosidl_typesupport_introspection_cpp.hpp\n'}
[1.832070] (px4_msgs) StdoutLine: {'line': b'-- Up-to-date: /home/mustardking/ws_sensor_combined/install/px4_msgs/include/px4_msgs/px4_msgs/msg/detail/trajectory_setpoint__rosidl_typesupport_introspection_cpp.hpp\n'}
[1.832094] (px4_msgs) StdoutLine: {'line': b'-- Up-to-date: /home/mustardking/ws_sensor_combined/install/px4_msgs/include/px4_msgs/px4_msgs/msg/detail/ekf2_timestamps__type_support.cpp\n'}
[1.832117] (px4_msgs) StdoutLine: {'line': b'-- Up-to-date: /home/mustardking/ws_sensor_combined/install/px4_msgs/include/px4_msgs/px4_msgs/msg/detail/gripper__rosidl_typesupport_introspection_cpp.hpp\n'}
[1.832140] (px4_msgs) StdoutLine: {'line': b'-- Up-to-date: /home/mustardking/ws_sensor_combined/install/px4_msgs/include/px4_msgs/px4_msgs/msg/detail/rc_parameter_map__rosidl_typesupport_introspection_cpp.hpp\n'}
[1.832175] (px4_msgs) StdoutLine: {'line': b'-- Up-to-date: /home/mustardking/ws_sensor_combined/install/px4_msgs/include/px4_msgs/px4_msgs/msg/detail/config_overrides__rosidl_typesupport_introspection_cpp.hpp\n'}
[1.832200] (px4_msgs) StdoutLine: {'line': b'-- Up-to-date: /home/mustardking/ws_sensor_combined/install/px4_msgs/include/px4_msgs/px4_msgs/msg/detail/debug_vect__type_support.cpp\n'}
[1.832223] (px4_msgs) StdoutLine: {'line': b'-- Up-to-date: /home/mustardking/ws_sensor_combined/install/px4_msgs/include/px4_msgs/px4_msgs/msg/detail/wind__rosidl_typesupport_introspection_cpp.hpp\n'}
[1.832247] (px4_msgs) StdoutLine: {'line': b'-- Up-to-date: /home/mustardking/ws_sensor_combined/install/px4_msgs/include/px4_msgs/px4_msgs/msg/detail/power_monitor__rosidl_typesupport_introspection_cpp.hpp\n'}
[1.832534] (px4_msgs) StdoutLine: {'line': b'-- Up-to-date: /home/mustardking/ws_sensor_combined/install/px4_msgs/include/px4_msgs/px4_msgs/msg/detail/gimbal_device_attitude_status__type_support.cpp\n'}
[1.832565] (px4_msgs) StdoutLine: {'line': b'-- Up-to-date: /home/mustardking/ws_sensor_combined/install/px4_msgs/include/px4_msgs/px4_msgs/msg/detail/vehicle_imu__rosidl_typesupport_introspection_cpp.hpp\n'}
[1.832651] (px4_msgs) StdoutLine: {'line': b'-- Up-to-date: /home/mustardking/ws_sensor_combined/install/px4_msgs/include/px4_msgs/px4_msgs/msg/detail/rover_speed_status__type_support.cpp\n'}
[1.832704] (px4_msgs) StdoutLine: {'line': b'-- Up-to-date: /home/mustardking/ws_sensor_combined/install/px4_msgs/include/px4_msgs/px4_msgs/msg/detail/rover_rate_setpoint__type_support.cpp\n'}
[1.832755] (px4_msgs) StdoutLine: {'line': b'-- Up-to-date: /home/mustardking/ws_sensor_combined/install/px4_msgs/include/px4_msgs/px4_msgs/msg/detail/actuator_motors__type_support.cpp\n'}
[1.832783] (px4_msgs) StdoutLine: {'line': b'-- Up-to-date: /home/mustardking/ws_sensor_combined/install/px4_msgs/include/px4_msgs/px4_msgs/msg/detail/follow_target_status__rosidl_typesupport_introspection_cpp.hpp\n'}
[1.832827] (px4_msgs) StdoutLine: {'line': b'-- Up-to-date: /home/mustardking/ws_sensor_combined/install/px4_msgs/include/px4_msgs/px4_msgs/msg/detail/magnetometer_bias_estimate__type_support.cpp\n'}
[1.832854] (px4_msgs) StdoutLine: {'line': b'-- Up-to-date: /home/mustardking/ws_sensor_combined/install/px4_msgs/include/px4_msgs/px4_msgs/msg/detail/cpuload__rosidl_typesupport_introspection_cpp.hpp\n'}
[1.832878] (px4_msgs) StdoutLine: {'line': b'-- Up-to-date: /home/mustardking/ws_sensor_combined/install/px4_msgs/include/px4_msgs/px4_msgs/msg/detail/camera_capture__type_support.cpp\n'}
[1.832902] (px4_msgs) StdoutLine: {'line': b'-- Up-to-date: /home/mustardking/ws_sensor_combined/install/px4_msgs/include/px4_msgs/px4_msgs/msg/detail/can_interface_status__rosidl_typesupport_introspection_cpp.hpp\n'}
[1.832926] (px4_msgs) StdoutLine: {'line': b'-- Up-to-date: /home/mustardking/ws_sensor_combined/install/px4_msgs/include/px4_msgs/px4_msgs/msg/detail/camera_status__rosidl_typesupport_introspection_cpp.hpp\n'}
[1.832950] (px4_msgs) StdoutLine: {'line': b'-- Up-to-date: /home/mustardking/ws_sensor_combined/install/px4_msgs/include/px4_msgs/px4_msgs/msg/detail/position_setpoint__rosidl_typesupport_introspection_cpp.hpp\n'}
[1.832975] (px4_msgs) StdoutLine: {'line': b'-- Up-to-date: /home/mustardking/ws_sensor_combined/install/px4_msgs/include/px4_msgs/px4_msgs/msg/detail/parameter_set_value_response__rosidl_typesupport_introspection_cpp.hpp\n'}
[1.833102] (px4_msgs) StdoutLine: {'line': b'-- Up-to-date: /home/mustardking/ws_sensor_combined/install/px4_msgs/include/px4_msgs/px4_msgs/msg/detail/arming_check_reply__type_support.cpp\n'}
[1.833135] (px4_msgs) StdoutLine: {'line': b'-- Up-to-date: /home/mustardking/ws_sensor_combined/install/px4_msgs/include/px4_msgs/px4_msgs/msg/detail/takeoff_status__type_support.cpp\n'}
[1.833159] (px4_msgs) StdoutLine: {'line': b'-- Up-to-date: /home/mustardking/ws_sensor_combined/install/px4_msgs/include/px4_msgs/px4_msgs/msg/detail/cellular_status__type_support.cpp\n'}
[1.833182] (px4_msgs) StdoutLine: {'line': b'-- Up-to-date: /home/mustardking/ws_sensor_combined/install/px4_msgs/include/px4_msgs/px4_msgs/msg/detail/fixed_wing_lateral_setpoint__rosidl_typesupport_introspection_cpp.hpp\n'}
[1.833210] (px4_msgs) StdoutLine: {'line': b'-- Up-to-date: /home/mustardking/ws_sensor_combined/install/px4_msgs/include/px4_msgs/px4_msgs/msg/detail/gimbal_manager_set_manual_control__type_support.cpp\n'}
[1.833233] (px4_msgs) StdoutLine: {'line': b'-- Up-to-date: /home/mustardking/ws_sensor_combined/install/px4_msgs/include/px4_msgs/px4_msgs/msg/detail/sensor_accel_fifo__type_support.cpp\n'}
[1.833256] (px4_msgs) StdoutLine: {'line': b'-- Up-to-date: /home/mustardking/ws_sensor_combined/install/px4_msgs/include/px4_msgs/px4_msgs/msg/detail/ulog_stream_ack__rosidl_typesupport_introspection_cpp.hpp\n'}
[1.833279] (px4_msgs) StdoutLine: {'line': b'-- Up-to-date: /home/mustardking/ws_sensor_combined/install/px4_msgs/include/px4_msgs/px4_msgs/msg/detail/sensor_hygrometer__rosidl_typesupport_introspection_cpp.hpp\n'}
[1.833306] (px4_msgs) StdoutLine: {'line': b'-- Up-to-date: /home/mustardking/ws_sensor_combined/install/px4_msgs/include/px4_msgs/px4_msgs/msg/detail/pure_pursuit_status__rosidl_typesupport_introspection_cpp.hpp\n'}
[1.833330] (px4_msgs) StdoutLine: {'line': b'-- Up-to-date: /home/mustardking/ws_sensor_combined/install/px4_msgs/include/px4_msgs/px4_msgs/msg/detail/internal_combustion_engine_status__type_support.cpp\n'}
[1.833353] (px4_msgs) StdoutLine: {'line': b'-- Up-to-date: /home/mustardking/ws_sensor_combined/install/px4_msgs/include/px4_msgs/px4_msgs/msg/detail/vehicle_local_position__type_support.cpp\n'}
[1.833376] (px4_msgs) StdoutLine: {'line': b'-- Up-to-date: /home/mustardking/ws_sensor_combined/install/px4_msgs/include/px4_msgs/px4_msgs/msg/detail/manual_control_switches__type_support.cpp\n'}
[1.833548] (px4_msgs) StdoutLine: {'line': b'-- Up-to-date: /home/mustardking/ws_sensor_combined/install/px4_msgs/include/px4_msgs/px4_msgs/msg/detail/estimator_gps_status__type_support.cpp\n'}
[1.834192] (px4_msgs) StdoutLine: {'line': b'-- Up-to-date: /home/mustardking/ws_sensor_combined/install/px4_msgs/include/px4_msgs/px4_msgs/msg/detail/home_position__type_support.cpp\n'}
[1.834238] (px4_msgs) StdoutLine: {'line': b'-- Up-to-date: /home/mustardking/ws_sensor_combined/install/px4_msgs/include/px4_msgs/px4_msgs/msg/detail/vehicle_rates_setpoint__type_support.cpp\n'}
[1.834263] (px4_msgs) StdoutLine: {'line': b'-- Up-to-date: /home/mustardking/ws_sensor_combined/install/px4_msgs/include/px4_msgs/px4_msgs/msg/detail/velocity_limits__rosidl_typesupport_introspection_cpp.hpp\n'}
[1.834287] (px4_msgs) StdoutLine: {'line': b'-- Up-to-date: /home/mustardking/ws_sensor_combined/install/px4_msgs/include/px4_msgs/px4_msgs/msg/detail/register_ext_component_request__rosidl_typesupport_introspection_cpp.hpp\n'}
[1.834311] (px4_msgs) StdoutLine: {'line': b'-- Up-to-date: /home/mustardking/ws_sensor_combined/install/px4_msgs/include/px4_msgs/px4_msgs/msg/detail/parameter_reset_request__rosidl_typesupport_introspection_cpp.hpp\n'}
[1.834335] (px4_msgs) StdoutLine: {'line': b'-- Up-to-date: /home/mustardking/ws_sensor_combined/install/px4_msgs/include/px4_msgs/px4_msgs/msg/detail/wheel_encoders__rosidl_typesupport_introspection_cpp.hpp\n'}
[1.834374] (px4_msgs) StdoutLine: {'line': b'-- Up-to-date: /home/mustardking/ws_sensor_combined/install/px4_msgs/include/px4_msgs/px4_msgs/msg/detail/rover_rate_status__rosidl_typesupport_introspection_cpp.hpp\n'}
[1.834397] (px4_msgs) StdoutLine: {'line': b'-- Up-to-date: /home/mustardking/ws_sensor_combined/install/px4_msgs/include/px4_msgs/px4_msgs/msg/detail/parameter_set_value_request__type_support.cpp\n'}
[1.834420] (px4_msgs) StdoutLine: {'line': b'-- Up-to-date: /home/mustardking/ws_sensor_combined/install/px4_msgs/include/px4_msgs/px4_msgs/msg/detail/dataman_request__type_support.cpp\n'}
[1.834443] (px4_msgs) StdoutLine: {'line': b'-- Up-to-date: /home/mustardking/ws_sensor_combined/install/px4_msgs/include/px4_msgs/px4_msgs/msg/detail/longitudinal_control_configuration__type_support.cpp\n'}
[1.834524] (px4_msgs) StdoutLine: {'line': b'-- Up-to-date: /home/mustardking/ws_sensor_combined/install/px4_msgs/include/px4_msgs/px4_msgs/msg/detail/flight_phase_estimation__rosidl_typesupport_introspection_cpp.hpp\n'}
[1.834563] (px4_msgs) StdoutLine: {'line': b'-- Up-to-date: /home/mustardking/ws_sensor_combined/install/px4_msgs/include/px4_msgs/px4_msgs/msg/detail/ekf2_timestamps__rosidl_typesupport_introspection_cpp.hpp\n'}
[1.834588] (px4_msgs) StdoutLine: {'line': b'-- Up-to-date: /home/mustardking/ws_sensor_combined/install/px4_msgs/include/px4_msgs/px4_msgs/msg/detail/input_rc__rosidl_typesupport_introspection_cpp.hpp\n'}
[1.834611] (px4_msgs) StdoutLine: {'line': b'-- Up-to-date: /home/mustardking/ws_sensor_combined/install/px4_msgs/include/px4_msgs/px4_msgs/msg/detail/rover_attitude_status__type_support.cpp\n'}
[1.834634] (px4_msgs) StdoutLine: {'line': b'-- Up-to-date: /home/mustardking/ws_sensor_combined/install/px4_msgs/include/px4_msgs/px4_msgs/msg/detail/sensor_selection__type_support.cpp\n'}
[1.834657] (px4_msgs) StdoutLine: {'line': b'-- Up-to-date: /home/mustardking/ws_sensor_combined/install/px4_msgs/include/px4_msgs/px4_msgs/msg/detail/mavlink_log__type_support.cpp\n'}
[1.834679] (px4_msgs) StdoutLine: {'line': b'-- Up-to-date: /home/mustardking/ws_sensor_combined/install/px4_msgs/include/px4_msgs/px4_msgs/msg/detail/longitudinal_control_configuration__rosidl_typesupport_introspection_cpp.hpp\n'}
[1.834706] (px4_msgs) StdoutLine: {'line': b'-- Up-to-date: /home/mustardking/ws_sensor_combined/install/px4_msgs/include/px4_msgs/px4_msgs/msg/detail/internal_combustion_engine_status__rosidl_typesupport_introspection_cpp.hpp\n'}
[1.834729] (px4_msgs) StdoutLine: {'line': b'-- Up-to-date: /home/mustardking/ws_sensor_combined/install/px4_msgs/include/px4_msgs/px4_msgs/msg/detail/gimbal_device_information__rosidl_typesupport_introspection_cpp.hpp\n'}
[1.834754] (px4_msgs) StdoutLine: {'line': b'-- Up-to-date: /home/mustardking/ws_sensor_combined/install/px4_msgs/include/px4_msgs/px4_msgs/msg/detail/rtl_status__rosidl_typesupport_introspection_cpp.hpp\n'}
[1.834777] (px4_msgs) StdoutLine: {'line': b'-- Up-to-date: /home/mustardking/ws_sensor_combined/install/px4_msgs/include/px4_msgs/px4_msgs/msg/detail/figure_eight_status__type_support.cpp\n'}
[1.834862] (px4_msgs) StdoutLine: {'line': b'-- Up-to-date: /home/mustardking/ws_sensor_combined/install/px4_msgs/include/px4_msgs/px4_msgs/msg/detail/fuel_tank_status__rosidl_typesupport_introspection_cpp.hpp\n'}
[1.834888] (px4_msgs) StdoutLine: {'line': b'-- Up-to-date: /home/mustardking/ws_sensor_combined/install/px4_msgs/include/px4_msgs/px4_msgs/msg/detail/estimator_sensor_bias__rosidl_typesupport_introspection_cpp.hpp\n'}
[1.834911] (px4_msgs) StdoutLine: {'line': b'-- Up-to-date: /home/mustardking/ws_sensor_combined/install/px4_msgs/include/px4_msgs/px4_msgs/msg/detail/transponder_report__rosidl_typesupport_introspection_cpp.hpp\n'}
[1.834934] (px4_msgs) StdoutLine: {'line': b'-- Up-to-date: /home/mustardking/ws_sensor_combined/install/px4_msgs/include/px4_msgs/px4_msgs/msg/detail/control_allocator_status__rosidl_typesupport_introspection_cpp.hpp\n'}
[1.834956] (px4_msgs) StdoutLine: {'line': b'-- Up-to-date: /home/mustardking/ws_sensor_combined/install/px4_msgs/include/px4_msgs/px4_msgs/msg/detail/qshell_retval__type_support.cpp\n'}
[1.834984] (px4_msgs) StdoutLine: {'line': b'-- Up-to-date: /home/mustardking/ws_sensor_combined/install/px4_msgs/include/px4_msgs/px4_msgs/msg/detail/camera_capture__rosidl_typesupport_introspection_cpp.hpp\n'}
[1.835007] (px4_msgs) StdoutLine: {'line': b'-- Up-to-date: /home/mustardking/ws_sensor_combined/install/px4_msgs/include/px4_msgs/px4_msgs/msg/detail/irlock_report__type_support.cpp\n'}
[1.835035] (px4_msgs) StdoutLine: {'line': b'-- Up-to-date: /home/mustardking/ws_sensor_combined/install/px4_msgs/include/px4_msgs/px4_msgs/msg/detail/differential_pressure__type_support.cpp\n'}
[1.835058] (px4_msgs) StdoutLine: {'line': b'-- Up-to-date: /home/mustardking/ws_sensor_combined/install/px4_msgs/include/px4_msgs/px4_msgs/msg/detail/esc_report__type_support.cpp\n'}
[1.835081] (px4_msgs) StdoutLine: {'line': b'-- Up-to-date: /home/mustardking/ws_sensor_combined/install/px4_msgs/include/px4_msgs/px4_msgs/msg/detail/estimator_status_flags__rosidl_typesupport_introspection_cpp.hpp\n'}
[1.835104] (px4_msgs) StdoutLine: {'line': b'-- Up-to-date: /home/mustardking/ws_sensor_combined/install/px4_msgs/include/px4_msgs/px4_msgs/msg/detail/vehicle_rates_setpoint__rosidl_typesupport_introspection_cpp.hpp\n'}
[1.835126] (-) TimerEvent: {}
[1.835282] (px4_msgs) StdoutLine: {'line': b'-- Up-to-date: /home/mustardking/ws_sensor_combined/install/px4_msgs/include/px4_msgs/px4_msgs/msg/detail/gps_inject_data__type_support.cpp\n'}
[1.835392] (px4_msgs) StdoutLine: {'line': b'-- Up-to-date: /home/mustardking/ws_sensor_combined/install/px4_msgs/include/px4_msgs/px4_msgs/msg/detail/failsafe_flags__type_support.cpp\n'}
[1.835422] (px4_msgs) StdoutLine: {'line': b'-- Up-to-date: /home/mustardking/ws_sensor_combined/install/px4_msgs/include/px4_msgs/px4_msgs/msg/detail/mavlink_log__rosidl_typesupport_introspection_cpp.hpp\n'}
[1.835446] (px4_msgs) StdoutLine: {'line': b'-- Up-to-date: /home/mustardking/ws_sensor_combined/install/px4_msgs/include/px4_msgs/px4_msgs/msg/detail/open_drone_id_system__type_support.cpp\n'}
[1.835482] (px4_msgs) StdoutLine: {'line': b'-- Up-to-date: /home/mustardking/ws_sensor_combined/install/px4_msgs/include/px4_msgs/px4_msgs/msg/detail/px4io_status__rosidl_typesupport_introspection_cpp.hpp\n'}
[1.835508] (px4_msgs) StdoutLine: {'line': b'-- Up-to-date: /home/mustardking/ws_sensor_combined/install/px4_msgs/include/px4_msgs/px4_msgs/msg/detail/vtol_vehicle_status__rosidl_typesupport_introspection_cpp.hpp\n'}
[1.835530] (px4_msgs) StdoutLine: {'line': b'-- Up-to-date: /home/mustardking/ws_sensor_combined/install/px4_msgs/include/px4_msgs/px4_msgs/msg/detail/gimbal_device_set_attitude__rosidl_typesupport_introspection_cpp.hpp\n'}
[1.835553] (px4_msgs) StdoutLine: {'line': b'-- Up-to-date: /home/mustardking/ws_sensor_combined/install/px4_msgs/include/px4_msgs/px4_msgs/msg/detail/vehicle_optical_flow_vel__rosidl_typesupport_introspection_cpp.hpp\n'}
[1.835575] (px4_msgs) StdoutLine: {'line': b'-- Up-to-date: /home/mustardking/ws_sensor_combined/install/px4_msgs/include/px4_msgs/px4_msgs/msg/detail/qshell_retval__rosidl_typesupport_introspection_cpp.hpp\n'}
[1.835598] (px4_msgs) StdoutLine: {'line': b'-- Up-to-date: /home/mustardking/ws_sensor_combined/install/px4_msgs/include/px4_msgs/px4_msgs/msg/detail/sensor_correction__type_support.cpp\n'}
[1.835620] (px4_msgs) StdoutLine: {'line': b'-- Up-to-date: /home/mustardking/ws_sensor_combined/install/px4_msgs/include/px4_msgs/px4_msgs/msg/detail/normalized_unsigned_setpoint__type_support.cpp\n'}
[1.835647] (px4_msgs) StdoutLine: {'line': b'-- Up-to-date: /home/mustardking/ws_sensor_combined/install/px4_msgs/include/px4_msgs/px4_msgs/msg/detail/ulog_stream__rosidl_typesupport_introspection_cpp.hpp\n'}
[1.835673] (px4_msgs) StdoutLine: {'line': b'-- Up-to-date: /home/mustardking/ws_sensor_combined/install/px4_msgs/include/px4_msgs/px4_msgs/msg/detail/orbit_status__type_support.cpp\n'}
[1.835697] (px4_msgs) StdoutLine: {'line': b'-- Up-to-date: /home/mustardking/ws_sensor_combined/install/px4_msgs/include/px4_msgs/px4_msgs/msg/detail/iridiumsbd_status__type_support.cpp\n'}
[1.835734] (px4_msgs) StdoutLine: {'line': b'-- Up-to-date: /home/mustardking/ws_sensor_combined/install/px4_msgs/include/px4_msgs/px4_msgs/msg/detail/rover_speed_setpoint__rosidl_typesupport_introspection_cpp.hpp\n'}
[1.835757] (px4_msgs) StdoutLine: {'line': b'-- Up-to-date: /home/mustardking/ws_sensor_combined/install/px4_msgs/include/px4_msgs/px4_msgs/msg/detail/task_stack_info__rosidl_typesupport_introspection_cpp.hpp\n'}
[1.835781] (px4_msgs) StdoutLine: {'line': b'-- Up-to-date: /home/mustardking/ws_sensor_combined/install/px4_msgs/include/px4_msgs/px4_msgs/msg/detail/landing_target_pose__rosidl_typesupport_introspection_cpp.hpp\n'}
[1.835804] (px4_msgs) StdoutLine: {'line': b'-- Up-to-date: /home/mustardking/ws_sensor_combined/install/px4_msgs/include/px4_msgs/px4_msgs/msg/detail/landing_target_pose__type_support.cpp\n'}
[1.835896] (px4_msgs) StdoutLine: {'line': b'-- Up-to-date: /home/mustardking/ws_sensor_combined/install/px4_msgs/include/px4_msgs/px4_msgs/msg/detail/sensor_uwb__rosidl_typesupport_introspection_cpp.hpp\n'}
[1.835922] (px4_msgs) StdoutLine: {'line': b'-- Up-to-date: /home/mustardking/ws_sensor_combined/install/px4_msgs/include/px4_msgs/px4_msgs/msg/detail/neural_control__type_support.cpp\n'}
[1.835945] (px4_msgs) StdoutLine: {'line': b'-- Up-to-date: /home/mustardking/ws_sensor_combined/install/px4_msgs/include/px4_msgs/px4_msgs/msg/detail/log_message__rosidl_typesupport_introspection_cpp.hpp\n'}
[1.835968] (px4_msgs) StdoutLine: {'line': b'-- Up-to-date: /home/mustardking/ws_sensor_combined/install/px4_msgs/include/px4_msgs/px4_msgs/msg/detail/mode_completed__rosidl_typesupport_introspection_cpp.hpp\n'}
[1.835990] (px4_msgs) StdoutLine: {'line': b'-- Up-to-date: /home/mustardking/ws_sensor_combined/install/px4_msgs/include/px4_msgs/px4_msgs/msg/detail/heater_status__type_support.cpp\n'}
[1.836015] (px4_msgs) StdoutLine: {'line': b'-- Up-to-date: /home/mustardking/ws_sensor_combined/install/px4_msgs/include/px4_msgs/px4_msgs/msg/detail/distance_sensor__type_support.cpp\n'}
[1.836038] (px4_msgs) StdoutLine: {'line': b'-- Up-to-date: /home/mustardking/ws_sensor_combined/install/px4_msgs/include/px4_msgs/px4_msgs/msg/detail/register_ext_component_reply__type_support.cpp\n'}
[1.836061] (px4_msgs) StdoutLine: {'line': b'-- Up-to-date: /home/mustardking/ws_sensor_combined/install/px4_msgs/include/px4_msgs/px4_msgs/msg/detail/fixed_wing_lateral_status__rosidl_typesupport_introspection_cpp.hpp\n'}
[1.836083] (px4_msgs) StdoutLine: {'line': b'-- Up-to-date: /home/mustardking/ws_sensor_combined/install/px4_msgs/include/px4_msgs/px4_msgs/msg/detail/adc_report__type_support.cpp\n'}
[1.836106] (px4_msgs) StdoutLine: {'line': b'-- Up-to-date: /home/mustardking/ws_sensor_combined/install/px4_msgs/include/px4_msgs/px4_msgs/msg/detail/fuel_tank_status__type_support.cpp\n'}
[1.836133] (px4_msgs) StdoutLine: {'line': b'-- Up-to-date: /home/mustardking/ws_sensor_combined/install/px4_msgs/include/px4_msgs/px4_msgs/msg/detail/estimator_states__type_support.cpp\n'}
[1.836156] (px4_msgs) StdoutLine: {'line': b'-- Up-to-date: /home/mustardking/ws_sensor_combined/install/px4_msgs/include/px4_msgs/px4_msgs/msg/detail/estimator_bias__type_support.cpp\n'}
[1.836178] (px4_msgs) StdoutLine: {'line': b'-- Up-to-date: /home/mustardking/ws_sensor_combined/install/px4_msgs/include/px4_msgs/px4_msgs/msg/detail/parameter_reset_request__type_support.cpp\n'}
[1.836201] (px4_msgs) StdoutLine: {'line': b'-- Up-to-date: /home/mustardking/ws_sensor_combined/install/px4_msgs/include/px4_msgs/px4_msgs/msg/detail/ulog_stream_ack__type_support.cpp\n'}
[1.836224] (px4_msgs) StdoutLine: {'line': b'-- Up-to-date: /home/mustardking/ws_sensor_combined/install/px4_msgs/include/px4_msgs/px4_msgs/msg/detail/sensor_hygrometer__type_support.cpp\n'}
[1.836247] (px4_msgs) StdoutLine: {'line': b'-- Up-to-date: /home/mustardking/ws_sensor_combined/install/px4_msgs/include/px4_msgs/px4_msgs/msg/detail/vehicle_constraints__rosidl_typesupport_introspection_cpp.hpp\n'}
[1.836327] (px4_msgs) StdoutLine: {'line': b'-- Up-to-date: /home/mustardking/ws_sensor_combined/install/px4_msgs/include/px4_msgs/px4_msgs/msg/detail/heater_status__rosidl_typesupport_introspection_cpp.hpp\n'}
[1.836362] (px4_msgs) StdoutLine: {'line': b'-- Up-to-date: /home/mustardking/ws_sensor_combined/install/px4_msgs/include/px4_msgs/px4_msgs/msg/detail/gpio_config__rosidl_typesupport_introspection_cpp.hpp\n'}
[1.836390] (px4_msgs) StdoutLine: {'line': b'-- Up-to-date: /home/mustardking/ws_sensor_combined/install/px4_msgs/include/px4_msgs/px4_msgs/msg/detail/fixed_wing_longitudinal_setpoint__rosidl_typesupport_introspection_cpp.hpp\n'}
[1.836413] (px4_msgs) StdoutLine: {'line': b'-- Up-to-date: /home/mustardking/ws_sensor_combined/install/px4_msgs/include/px4_msgs/px4_msgs/msg/detail/estimator_sensor_bias__type_support.cpp\n'}
[1.836450] (px4_msgs) StdoutLine: {'line': b'-- Up-to-date: /home/mustardking/ws_sensor_combined/install/px4_msgs/include/px4_msgs/px4_msgs/msg/detail/vehicle_local_position_setpoint__type_support.cpp\n'}
[1.836478] (px4_msgs) StdoutLine: {'line': b'-- Up-to-date: /home/mustardking/ws_sensor_combined/install/px4_msgs/include/px4_msgs/px4_msgs/msg/detail/flight_phase_estimation__type_support.cpp\n'}
[1.836501] (px4_msgs) StdoutLine: {'line': b'-- Up-to-date: /home/mustardking/ws_sensor_combined/install/px4_msgs/include/px4_msgs/px4_msgs/msg/detail/rtl_time_estimate__type_support.cpp\n'}
[1.836523] (px4_msgs) StdoutLine: {'line': b'-- Up-to-date: /home/mustardking/ws_sensor_combined/install/px4_msgs/include/px4_msgs/px4_msgs/msg/detail/vehicle_land_detected__rosidl_typesupport_introspection_cpp.hpp\n'}
[1.836546] (px4_msgs) StdoutLine: {'line': b'-- Up-to-date: /home/mustardking/ws_sensor_combined/install/px4_msgs/include/px4_msgs/px4_msgs/msg/detail/cellular_status__rosidl_typesupport_introspection_cpp.hpp\n'}
[1.836568] (px4_msgs) StdoutLine: {'line': b'-- Up-to-date: /home/mustardking/ws_sensor_combined/install/px4_msgs/include/px4_msgs/px4_msgs/msg/detail/wind__type_support.cpp\n'}
[1.836592] (px4_msgs) StdoutLine: {'line': b'-- Up-to-date: /home/mustardking/ws_sensor_combined/install/px4_msgs/include/px4_msgs/px4_msgs/msg/detail/position_controller_status__rosidl_typesupport_introspection_cpp.hpp\n'}
[1.836614] (px4_msgs) StdoutLine: {'line': b'-- Up-to-date: /home/mustardking/ws_sensor_combined/install/px4_msgs/include/px4_msgs/px4_msgs/msg/detail/open_drone_id_self_id__type_support.cpp\n'}
[1.836636] (px4_msgs) StdoutLine: {'line': b'-- Up-to-date: /home/mustardking/ws_sensor_combined/install/px4_msgs/include/px4_msgs/px4_msgs/msg/detail/generator_status__type_support.cpp\n'}
[1.836659] (px4_msgs) StdoutLine: {'line': b'-- Up-to-date: /home/mustardking/ws_sensor_combined/install/px4_msgs/include/px4_msgs/px4_msgs/msg/detail/system_power__rosidl_typesupport_introspection_cpp.hpp\n'}
[1.836694] (px4_msgs) StdoutLine: {'line': b'-- Up-to-date: /home/mustardking/ws_sensor_combined/install/px4_msgs/include/px4_msgs/px4_msgs/msg/detail/normalized_unsigned_setpoint__rosidl_typesupport_introspection_cpp.hpp\n'}
[1.836795] (px4_msgs) StdoutLine: {'line': b'-- Up-to-date: /home/mustardking/ws_sensor_combined/install/px4_msgs/include/px4_msgs/px4_msgs/msg/detail/estimator_aid_source1d__type_support.cpp\n'}
[1.836842] (px4_msgs) StdoutLine: {'line': b'-- Up-to-date: /home/mustardking/ws_sensor_combined/install/px4_msgs/include/px4_msgs/px4_msgs/msg/detail/gimbal_manager_set_manual_control__rosidl_typesupport_introspection_cpp.hpp\n'}
[1.836866] (px4_msgs) StdoutLine: {'line': b'-- Up-to-date: /home/mustardking/ws_sensor_combined/install/px4_msgs/include/px4_msgs/px4_msgs/msg/detail/vehicle_magnetometer__type_support.cpp\n'}
[1.836890] (px4_msgs) StdoutLine: {'line': b'-- Up-to-date: /home/mustardking/ws_sensor_combined/install/px4_msgs/include/px4_msgs/px4_msgs/msg/detail/open_drone_id_arm_status__rosidl_typesupport_introspection_cpp.hpp\n'}
[1.836913] (px4_msgs) StdoutLine: {'line': b'-- Up-to-date: /home/mustardking/ws_sensor_combined/install/px4_msgs/include/px4_msgs/px4_msgs/msg/detail/task_stack_info__type_support.cpp\n'}
[1.836939] (px4_msgs) StdoutLine: {'line': b'-- Up-to-date: /home/mustardking/ws_sensor_combined/install/px4_msgs/include/px4_msgs/px4_msgs/msg/detail/sensor_mag__type_support.cpp\n'}
[1.836962] (px4_msgs) StdoutLine: {'line': b'-- Up-to-date: /home/mustardking/ws_sensor_combined/install/px4_msgs/include/px4_msgs/px4_msgs/msg/detail/gpio_request__rosidl_typesupport_introspection_cpp.hpp\n'}
[1.836985] (px4_msgs) StdoutLine: {'line': b'-- Up-to-date: /home/mustardking/ws_sensor_combined/install/px4_msgs/include/px4_msgs/px4_msgs/msg/detail/parameter_update__type_support.cpp\n'}
[1.837008] (px4_msgs) StdoutLine: {'line': b'-- Up-to-date: /home/mustardking/ws_sensor_combined/install/px4_msgs/include/px4_msgs/px4_msgs/msg/detail/fixed_wing_runway_control__rosidl_typesupport_introspection_cpp.hpp\n'}
[1.837030] (px4_msgs) StdoutLine: {'line': b'-- Up-to-date: /home/mustardking/ws_sensor_combined/install/px4_msgs/include/px4_msgs/px4_msgs/msg/detail/tecs_status__type_support.cpp\n'}
[1.837052] (px4_msgs) StdoutLine: {'line': b'-- Up-to-date: /home/mustardking/ws_sensor_combined/install/px4_msgs/include/px4_msgs/px4_msgs/msg/detail/airspeed_validated__type_support.cpp\n'}
[1.837079] (px4_msgs) StdoutLine: {'line': b'-- Up-to-date: /home/mustardking/ws_sensor_combined/install/px4_msgs/include/px4_msgs/px4_msgs/msg/detail/logger_status__rosidl_typesupport_introspection_cpp.hpp\n'}
[1.837165] (px4_msgs) StdoutLine: {'line': b'-- Up-to-date: /home/mustardking/ws_sensor_combined/install/px4_msgs/include/px4_msgs/px4_msgs/msg/detail/vehicle_command_ack__type_support.cpp\n'}
[1.837191] (px4_msgs) StdoutLine: {'line': b'-- Up-to-date: /home/mustardking/ws_sensor_combined/install/px4_msgs/include/px4_msgs/px4_msgs/msg/detail/rover_speed_setpoint__type_support.cpp\n'}
[1.837217] (px4_msgs) StdoutLine: {'line': b'-- Up-to-date: /home/mustardking/ws_sensor_combined/install/px4_msgs/include/px4_msgs/px4_msgs/msg/detail/dataman_request__rosidl_typesupport_introspection_cpp.hpp\n'}
[1.837241] (px4_msgs) StdoutLine: {'line': b'-- Up-to-date: /home/mustardking/ws_sensor_combined/install/px4_msgs/include/px4_msgs/px4_msgs/msg/detail/button_event__type_support.cpp\n'}
[1.837270] (px4_msgs) StdoutLine: {'line': b'-- Up-to-date: /home/mustardking/ws_sensor_combined/install/px4_msgs/include/px4_msgs/px4_msgs/msg/detail/position_setpoint__type_support.cpp\n'}
[1.837293] (px4_msgs) StdoutLine: {'line': b'-- Up-to-date: /home/mustardking/ws_sensor_combined/install/px4_msgs/include/px4_msgs/px4_msgs/msg/detail/sensor_airflow__rosidl_typesupport_introspection_cpp.hpp\n'}
[1.837316] (px4_msgs) StdoutLine: {'line': b'-- Up-to-date: /home/mustardking/ws_sensor_combined/install/px4_msgs/include/px4_msgs/px4_msgs/msg/detail/estimator_status__rosidl_typesupport_introspection_cpp.hpp\n'}
[1.837339] (px4_msgs) StdoutLine: {'line': b'-- Up-to-date: /home/mustardking/ws_sensor_combined/install/px4_msgs/include/px4_msgs/px4_msgs/msg/detail/sensor_gyro_fft__type_support.cpp\n'}
[1.837362] (px4_msgs) StdoutLine: {'line': b'-- Up-to-date: /home/mustardking/ws_sensor_combined/install/px4_msgs/include/px4_msgs/px4_msgs/msg/detail/estimator_aid_source3d__rosidl_typesupport_introspection_cpp.hpp\n'}
[1.837385] (px4_msgs) StdoutLine: {'line': b'-- Up-to-date: /home/mustardking/ws_sensor_combined/install/px4_msgs/include/px4_msgs/px4_msgs/msg/detail/uavcan_parameter_request__type_support.cpp\n'}
[1.837407] (px4_msgs) StdoutLine: {'line': b'-- Up-to-date: /home/mustardking/ws_sensor_combined/install/px4_msgs/include/px4_msgs/px4_msgs/msg/detail/sensor_gyro__rosidl_typesupport_introspection_cpp.hpp\n'}
[1.837430] (px4_msgs) StdoutLine: {'line': b'-- Up-to-date: /home/mustardking/ws_sensor_combined/install/px4_msgs/include/px4_msgs/px4_msgs/msg/detail/airspeed_validated__rosidl_typesupport_introspection_cpp.hpp\n'}
[1.837476] (px4_msgs) StdoutLine: {'line': b'-- Up-to-date: /home/mustardking/ws_sensor_combined/install/px4_msgs/include/px4_msgs/px4_msgs/msg/detail/can_interface_status__type_support.cpp\n'}
[1.837498] (px4_msgs) StdoutLine: {'line': b'-- Up-to-date: /home/mustardking/ws_sensor_combined/install/px4_msgs/include/px4_msgs/px4_msgs/msg/detail/vehicle_command__rosidl_typesupport_introspection_cpp.hpp\n'}
[1.837857] (px4_msgs) StdoutLine: {'line': b'-- Up-to-date: /home/mustardking/ws_sensor_combined/install/px4_msgs/include/px4_msgs/px4_msgs/msg/detail/rover_throttle_setpoint__type_support.cpp\n'}
[1.837937] (px4_msgs) StdoutLine: {'line': b'-- Up-to-date: /home/mustardking/ws_sensor_combined/install/px4_msgs/include/px4_msgs/px4_msgs/msg/detail/dronecan_node_status__type_support.cpp\n'}
[1.837964] (px4_msgs) StdoutLine: {'line': b'-- Up-to-date: /home/mustardking/ws_sensor_combined/install/px4_msgs/include/px4_msgs/px4_msgs/msg/detail/vehicle_odometry__rosidl_typesupport_introspection_cpp.hpp\n'}
[1.837987] (px4_msgs) StdoutLine: {'line': b'-- Up-to-date: /home/mustardking/ws_sensor_combined/install/px4_msgs/include/px4_msgs/px4_msgs/msg/detail/gimbal_device_attitude_status__rosidl_typesupport_introspection_cpp.hpp\n'}
[1.838010] (px4_msgs) StdoutLine: {'line': b'-- Up-to-date: /home/mustardking/ws_sensor_combined/install/px4_msgs/include/px4_msgs/px4_msgs/msg/detail/rover_attitude_status__rosidl_typesupport_introspection_cpp.hpp\n'}
[1.838032] (px4_msgs) StdoutLine: {'line': b'-- Up-to-date: /home/mustardking/ws_sensor_combined/install/px4_msgs/include/px4_msgs/px4_msgs/msg/detail/vehicle_imu_status__rosidl_typesupport_introspection_cpp.hpp\n'}
[1.838054] (px4_msgs) StdoutLine: {'line': b'-- Up-to-date: /home/mustardking/ws_sensor_combined/install/px4_msgs/include/px4_msgs/px4_msgs/msg/detail/camera_trigger__type_support.cpp\n'}
[1.838104] (px4_msgs) StdoutLine: {'line': b'-- Up-to-date: /home/mustardking/ws_sensor_combined/install/px4_msgs/include/px4_msgs/px4_msgs/msg/detail/mission_result__type_support.cpp\n'}
[1.838127] (px4_msgs) StdoutLine: {'line': b'-- Up-to-date: /home/mustardking/ws_sensor_combined/install/px4_msgs/include/px4_msgs/px4_msgs/msg/detail/estimator_status__type_support.cpp\n'}
[1.838151] (px4_msgs) StdoutLine: {'line': b'-- Up-to-date: /home/mustardking/ws_sensor_combined/install/px4_msgs/include/px4_msgs/px4_msgs/msg/detail/vehicle_thrust_setpoint__type_support.cpp\n'}
[1.838173] (px4_msgs) StdoutLine: {'line': b'-- Up-to-date: /home/mustardking/ws_sensor_combined/install/px4_msgs/include/px4_msgs/px4_msgs/msg/detail/follow_target_estimator__rosidl_typesupport_introspection_cpp.hpp\n'}
[1.838195] (px4_msgs) StdoutLine: {'line': b'-- Up-to-date: /home/mustardking/ws_sensor_combined/install/px4_msgs/include/px4_msgs/px4_msgs/msg/detail/sensor_gyro_fft__rosidl_typesupport_introspection_cpp.hpp\n'}
[1.838240] (px4_msgs) StdoutLine: {'line': b'-- Up-to-date: /home/mustardking/ws_sensor_combined/install/px4_msgs/include/px4_msgs/px4_msgs/msg/detail/gps_inject_data__rosidl_typesupport_introspection_cpp.hpp\n'}
[1.838265] (px4_msgs) StdoutLine: {'line': b'-- Up-to-date: /home/mustardking/ws_sensor_combined/install/px4_msgs/include/px4_msgs/px4_msgs/msg/detail/input_rc__type_support.cpp\n'}
[1.838287] (px4_msgs) StdoutLine: {'line': b'-- Up-to-date: /home/mustardking/ws_sensor_combined/install/px4_msgs/include/px4_msgs/px4_msgs/msg/detail/actuator_armed__rosidl_typesupport_introspection_cpp.hpp\n'}
[1.838311] (px4_msgs) StdoutLine: {'line': b'-- Up-to-date: /home/mustardking/ws_sensor_combined/install/px4_msgs/include/px4_msgs/px4_msgs/msg/detail/rover_position_setpoint__type_support.cpp\n'}
[1.838348] (px4_msgs) StdoutLine: {'line': b'-- Up-to-date: /home/mustardking/ws_sensor_combined/install/px4_msgs/include/px4_msgs/px4_msgs/msg/detail/health_report__rosidl_typesupport_introspection_cpp.hpp\n'}
[1.838385] (px4_msgs) StdoutLine: {'line': b'-- Up-to-date: /home/mustardking/ws_sensor_combined/install/px4_msgs/include/px4_msgs/px4_msgs/msg/detail/adc_report__rosidl_typesupport_introspection_cpp.hpp\n'}
[1.838435] (px4_msgs) StdoutLine: {'line': b'-- Up-to-date: /home/mustardking/ws_sensor_combined/install/px4_msgs/include/px4_msgs/px4_msgs/msg/detail/rc_channels__rosidl_typesupport_introspection_cpp.hpp\n'}
[1.838471] (px4_msgs) StdoutLine: {'line': b'-- Up-to-date: /home/mustardking/ws_sensor_combined/install/px4_msgs/include/px4_msgs/px4_msgs/msg/detail/esc_status__type_support.cpp\n'}
[1.838496] (px4_msgs) StdoutLine: {'line': b'-- Up-to-date: /home/mustardking/ws_sensor_combined/install/px4_msgs/include/px4_msgs/px4_msgs/msg/detail/tecs_status__rosidl_typesupport_introspection_cpp.hpp\n'}
[1.838519] (px4_msgs) StdoutLine: {'line': b'-- Up-to-date: /home/mustardking/ws_sensor_combined/install/px4_msgs/include/px4_msgs/px4_msgs/msg/detail/actuator_servos__type_support.cpp\n'}
[1.838576] (px4_msgs) StdoutLine: {'line': b'-- Up-to-date: /home/mustardking/ws_sensor_combined/install/px4_msgs/include/px4_msgs/px4_msgs/msg/detail/gpio_config__type_support.cpp\n'}
[1.838607] (px4_msgs) StdoutLine: {'line': b'-- Up-to-date: /home/mustardking/ws_sensor_combined/install/px4_msgs/include/px4_msgs/px4_msgs/msg/detail/mag_worker_data__type_support.cpp\n'}
[1.838630] (px4_msgs) StdoutLine: {'line': b'-- Up-to-date: /home/mustardking/ws_sensor_combined/install/px4_msgs/include/px4_msgs/px4_msgs/msg/detail/landing_gear__type_support.cpp\n'}
[1.838653] (px4_msgs) StdoutLine: {'line': b'-- Up-to-date: /home/mustardking/ws_sensor_combined/install/px4_msgs/include/px4_msgs/px4_msgs/msg/detail/config_overrides__type_support.cpp\n'}
[1.838675] (px4_msgs) StdoutLine: {'line': b'-- Up-to-date: /home/mustardking/ws_sensor_combined/install/px4_msgs/include/px4_msgs/px4_msgs/msg/detail/velocity_limits__type_support.cpp\n'}
[1.838766] (px4_msgs) StdoutLine: {'line': b'-- Up-to-date: /home/mustardking/ws_sensor_combined/install/px4_msgs/include/px4_msgs/px4_msgs/msg/detail/satellite_info__type_support.cpp\n'}
[1.838830] (px4_msgs) StdoutLine: {'line': b'-- Up-to-date: /home/mustardking/ws_sensor_combined/install/px4_msgs/include/px4_msgs/px4_msgs/msg/detail/follow_target__rosidl_typesupport_introspection_cpp.hpp\n'}
[1.838856] (px4_msgs) StdoutLine: {'line': b'-- Up-to-date: /home/mustardking/ws_sensor_combined/install/px4_msgs/include/px4_msgs/px4_msgs/msg/detail/manual_control_setpoint__rosidl_typesupport_introspection_cpp.hpp\n'}
[1.838892] (px4_msgs) StdoutLine: {'line': b'-- Up-to-date: /home/mustardking/ws_sensor_combined/install/px4_msgs/include/px4_msgs/px4_msgs/msg/detail/fixed_wing_lateral_setpoint__type_support.cpp\n'}
[1.838929] (px4_msgs) StdoutLine: {'line': b'-- Up-to-date: /home/mustardking/ws_sensor_combined/install/px4_msgs/include/px4_msgs/px4_msgs/msg/detail/trajectory_setpoint6dof__rosidl_typesupport_introspection_cpp.hpp\n'}
[1.838953] (px4_msgs) StdoutLine: {'line': b'-- Up-to-date: /home/mustardking/ws_sensor_combined/install/px4_msgs/include/px4_msgs/px4_msgs/msg/detail/navigator_status__type_support.cpp\n'}
[1.838978] (px4_msgs) StdoutLine: {'line': b'-- Up-to-date: /home/mustardking/ws_sensor_combined/install/px4_msgs/include/px4_msgs/px4_msgs/msg/detail/orb_test_large__rosidl_typesupport_introspection_cpp.hpp\n'}
[1.839026] (px4_msgs) StdoutLine: {'line': b'-- Up-to-date: /home/mustardking/ws_sensor_combined/install/px4_msgs/include/px4_msgs/px4_msgs/msg/detail/iridiumsbd_status__rosidl_typesupport_introspection_cpp.hpp\n'}
[1.839051] (px4_msgs) StdoutLine: {'line': b'-- Up-to-date: /home/mustardking/ws_sensor_combined/install/px4_msgs/include/px4_msgs/px4_msgs/msg/detail/sensor_accel__rosidl_typesupport_introspection_cpp.hpp\n'}
[1.839074] (px4_msgs) StdoutLine: {'line': b'-- Up-to-date: /home/mustardking/ws_sensor_combined/install/px4_msgs/include/px4_msgs/px4_msgs/msg/detail/uavcan_parameter_value__type_support.cpp\n'}
[1.839097] (px4_msgs) StdoutLine: {'line': b'-- Up-to-date: /home/mustardking/ws_sensor_combined/install/px4_msgs/include/px4_msgs/px4_msgs/msg/detail/airspeed_wind__type_support.cpp\n'}
[1.839121] (px4_msgs) StdoutLine: {'line': b'-- Up-to-date: /home/mustardking/ws_sensor_combined/install/px4_msgs/include/px4_msgs/px4_msgs/msg/detail/manual_control_setpoint__type_support.cpp\n'}
[1.839144] (px4_msgs) StdoutLine: {'line': b'-- Up-to-date: /home/mustardking/ws_sensor_combined/install/px4_msgs/include/px4_msgs/px4_msgs/msg/detail/sensor_mag__rosidl_typesupport_introspection_cpp.hpp\n'}
[1.839168] (px4_msgs) StdoutLine: {'line': b'-- Up-to-date: /home/mustardking/ws_sensor_combined/install/px4_msgs/include/px4_msgs/px4_msgs/msg/detail/manual_control_switches__rosidl_typesupport_introspection_cpp.hpp\n'}
[1.839209] (px4_msgs) StdoutLine: {'line': b'-- Up-to-date: /home/mustardking/ws_sensor_combined/install/px4_msgs/include/px4_msgs/px4_msgs/msg/detail/gimbal_manager_status__type_support.cpp\n'}
[1.839232] (px4_msgs) StdoutLine: {'line': b'-- Up-to-date: /home/mustardking/ws_sensor_combined/install/px4_msgs/include/px4_msgs/px4_msgs/msg/detail/gimbal_device_set_attitude__type_support.cpp\n'}
[1.839270] (px4_msgs) StdoutLine: {'line': b'-- Up-to-date: /home/mustardking/ws_sensor_combined/install/px4_msgs/include/px4_msgs/px4_msgs/msg/detail/timesync_status__type_support.cpp\n'}
[1.839295] (px4_msgs) StdoutLine: {'line': b'-- Up-to-date: /home/mustardking/ws_sensor_combined/install/px4_msgs/include/px4_msgs/px4_msgs/msg/detail/airspeed_wind__rosidl_typesupport_introspection_cpp.hpp\n'}
[1.839317] (px4_msgs) StdoutLine: {'line': b'-- Up-to-date: /home/mustardking/ws_sensor_combined/install/px4_msgs/include/px4_msgs/px4_msgs/msg/detail/vehicle_local_position__rosidl_typesupport_introspection_cpp.hpp\n'}
[1.839340] (px4_msgs) StdoutLine: {'line': b'-- Up-to-date: /home/mustardking/ws_sensor_combined/install/px4_msgs/include/px4_msgs/px4_msgs/msg/detail/landing_gear__rosidl_typesupport_introspection_cpp.hpp\n'}
[1.839452] (px4_msgs) StdoutLine: {'line': b'-- Up-to-date: /home/mustardking/ws_sensor_combined/install/px4_msgs/include/px4_msgs/px4_msgs/msg/detail/battery_info__type_support.cpp\n'}
[1.839476] (px4_msgs) StdoutLine: {'line': b'-- Up-to-date: /home/mustardking/ws_sensor_combined/install/px4_msgs/include/px4_msgs/px4_msgs/msg/detail/differential_pressure__rosidl_typesupport_introspection_cpp.hpp\n'}
[1.839500] (px4_msgs) StdoutLine: {'line': b'-- Up-to-date: /home/mustardking/ws_sensor_combined/install/px4_msgs/include/px4_msgs/px4_msgs/msg/detail/gpio_request__type_support.cpp\n'}
[1.839522] (px4_msgs) StdoutLine: {'line': b'-- Up-to-date: /home/mustardking/ws_sensor_combined/install/px4_msgs/include/px4_msgs/px4_msgs/msg/detail/message_format_response__rosidl_typesupport_introspection_cpp.hpp\n'}
[1.839581] (px4_msgs) StdoutLine: {'line': b'-- Up-to-date: /home/mustardking/ws_sensor_combined/install/px4_msgs/include/px4_msgs/px4_msgs/msg/detail/sensor_optical_flow__rosidl_typesupport_introspection_cpp.hpp\n'}
[1.839610] (px4_msgs) StdoutLine: {'line': b'-- Up-to-date: /home/mustardking/ws_sensor_combined/install/px4_msgs/include/px4_msgs/px4_msgs/msg/detail/sensor_gyro_fifo__rosidl_typesupport_introspection_cpp.hpp\n'}
[1.839633] (px4_msgs) StdoutLine: {'line': b'-- Up-to-date: /home/mustardking/ws_sensor_combined/install/px4_msgs/include/px4_msgs/px4_msgs/msg/detail/mission__type_support.cpp\n'}
[1.839655] (px4_msgs) StdoutLine: {'line': b'-- Up-to-date: /home/mustardking/ws_sensor_combined/install/px4_msgs/include/px4_msgs/px4_msgs/msg/detail/landing_gear_wheel__rosidl_typesupport_introspection_cpp.hpp\n'}
[1.839678] (px4_msgs) StdoutLine: {'line': b'-- Up-to-date: /home/mustardking/ws_sensor_combined/install/px4_msgs/include/px4_msgs/px4_msgs/msg/detail/estimator_bias3d__rosidl_typesupport_introspection_cpp.hpp\n'}
[1.839700] (px4_msgs) StdoutLine: {'line': b'-- Up-to-date: /home/mustardking/ws_sensor_combined/install/px4_msgs/include/px4_msgs/px4_msgs/msg/detail/autotune_attitude_control_status__rosidl_typesupport_introspection_cpp.hpp\n'}
[1.839726] (px4_msgs) StdoutLine: {'line': b'-- Up-to-date: /home/mustardking/ws_sensor_combined/install/px4_msgs/include/px4_msgs/px4_msgs/msg/detail/vehicle_attitude_setpoint__rosidl_typesupport_introspection_cpp.hpp\n'}
[1.839749] (px4_msgs) StdoutLine: {'line': b'-- Up-to-date: /home/mustardking/ws_sensor_combined/install/px4_msgs/include/px4_msgs/px4_msgs/msg/detail/logger_status__type_support.cpp\n'}
[1.839796] (px4_msgs) StdoutLine: {'line': b'-- Up-to-date: /home/mustardking/ws_sensor_combined/install/px4_msgs/include/px4_msgs/px4_msgs/msg/detail/actuator_servos_trim__type_support.cpp\n'}
[1.839834] (px4_msgs) StdoutLine: {'line': b'-- Up-to-date: /home/mustardking/ws_sensor_combined/install/px4_msgs/include/px4_msgs/px4_msgs/msg/detail/estimator_bias3d__type_support.cpp\n'}
[1.839857] (px4_msgs) StdoutLine: {'line': b'-- Up-to-date: /home/mustardking/ws_sensor_combined/install/px4_msgs/include/px4_msgs/px4_msgs/msg/detail/follow_target_estimator__type_support.cpp\n'}
[1.839880] (px4_msgs) StdoutLine: {'line': b'-- Up-to-date: /home/mustardking/ws_sensor_combined/install/px4_msgs/include/px4_msgs/px4_msgs/msg/detail/airspeed__rosidl_typesupport_introspection_cpp.hpp\n'}
[1.839962] (px4_msgs) StdoutLine: {'line': b'-- Up-to-date: /home/mustardking/ws_sensor_combined/install/px4_msgs/include/px4_msgs/px4_msgs/msg/detail/estimator_selector_status__rosidl_typesupport_introspection_cpp.hpp\n'}
[1.840015] (px4_msgs) StdoutLine: {'line': b'-- Up-to-date: /home/mustardking/ws_sensor_combined/install/px4_msgs/include/px4_msgs/px4_msgs/msg/detail/rpm__type_support.cpp\n'}
[1.840113] (px4_msgs) StdoutLine: {'line': b'-- Up-to-date: /home/mustardking/ws_sensor_combined/install/px4_msgs/include/px4_msgs/px4_msgs/msg/detail/open_drone_id_operator_id__type_support.cpp\n'}
[1.840157] (px4_msgs) StdoutLine: {'line': b'-- Up-to-date: /home/mustardking/ws_sensor_combined/install/px4_msgs/include/px4_msgs/px4_msgs/msg/detail/register_ext_component_request__type_support.cpp\n'}
[1.840247] (px4_msgs) StdoutLine: {'line': b'-- Up-to-date: /home/mustardking/ws_sensor_combined/install/px4_msgs/include/px4_msgs/px4_msgs/msg/detail/vehicle_command__type_support.cpp\n'}
[1.840350] (px4_msgs) StdoutLine: {'line': b'-- Up-to-date: /home/mustardking/ws_sensor_combined/install/px4_msgs/include/px4_msgs/px4_msgs/msg/detail/sensor_gyro__type_support.cpp\n'}
[1.840374] (px4_msgs) StdoutLine: {'line': b'-- Up-to-date: /home/mustardking/ws_sensor_combined/install/px4_msgs/include/px4_msgs/px4_msgs/msg/detail/uavcan_parameter_value__rosidl_typesupport_introspection_cpp.hpp\n'}
[1.840412] (px4_msgs) StdoutLine: {'line': b'-- Up-to-date: /home/mustardking/ws_sensor_combined/install/px4_msgs/include/px4_msgs/px4_msgs/msg/detail/parameter_set_value_response__type_support.cpp\n'}
[1.840437] (px4_msgs) StdoutLine: {'line': b'-- Up-to-date: /home/mustardking/ws_sensor_combined/install/px4_msgs/include/px4_msgs/px4_msgs/msg/detail/debug_vect__rosidl_typesupport_introspection_cpp.hpp\n'}
[1.840459] (px4_msgs) StdoutLine: {'line': b'-- Up-to-date: /home/mustardking/ws_sensor_combined/install/px4_msgs/include/px4_msgs/px4_msgs/msg/detail/radio_status__rosidl_typesupport_introspection_cpp.hpp\n'}
[1.840514] (px4_msgs) StdoutLine: {'line': b'-- Up-to-date: /home/mustardking/ws_sensor_combined/install/px4_msgs/include/px4_msgs/px4_msgs/msg/detail/battery_info__rosidl_typesupport_introspection_cpp.hpp\n'}
[1.840539] (px4_msgs) StdoutLine: {'line': b'-- Up-to-date: /home/mustardking/ws_sensor_combined/install/px4_msgs/include/px4_msgs/px4_msgs/msg/detail/navigator_mission_item__type_support.cpp\n'}
[1.840562] (px4_msgs) StdoutLine: {'line': b'-- Up-to-date: /home/mustardking/ws_sensor_combined/install/px4_msgs/include/px4_msgs/px4_msgs/msg/detail/open_drone_id_system__rosidl_typesupport_introspection_cpp.hpp\n'}
[1.840585] (px4_msgs) StdoutLine: {'line': b'-- Up-to-date: /home/mustardking/ws_sensor_combined/install/px4_msgs/include/px4_msgs/px4_msgs/msg/detail/offboard_control_mode__type_support.cpp\n'}
[1.840607] (px4_msgs) StdoutLine: {'line': b'-- Up-to-date: /home/mustardking/ws_sensor_combined/install/px4_msgs/include/px4_msgs/px4_msgs/msg/detail/rover_attitude_setpoint__rosidl_typesupport_introspection_cpp.hpp\n'}
[1.840654] (px4_msgs) StdoutLine: {'line': b'-- Up-to-date: /home/mustardking/ws_sensor_combined/install/px4_msgs/include/px4_msgs/px4_msgs/msg/detail/gripper__type_support.cpp\n'}
[1.840677] (px4_msgs) StdoutLine: {'line': b'-- Up-to-date: /home/mustardking/ws_sensor_combined/install/px4_msgs/include/px4_msgs/px4_msgs/msg/detail/rover_position_setpoint__rosidl_typesupport_introspection_cpp.hpp\n'}
[1.840702] (px4_msgs) StdoutLine: {'line': b'-- Up-to-date: /home/mustardking/ws_sensor_combined/install/px4_msgs/include/px4_msgs/px4_msgs/msg/detail/gps_dump__type_support.cpp\n'}
[1.840724] (px4_msgs) StdoutLine: {'line': b'-- Up-to-date: /home/mustardking/ws_sensor_combined/install/px4_msgs/include/px4_msgs/px4_msgs/msg/detail/vehicle_angular_velocity__type_support.cpp\n'}
[1.840747] (px4_msgs) StdoutLine: {'line': b'-- Up-to-date: /home/mustardking/ws_sensor_combined/install/px4_msgs/include/px4_msgs/px4_msgs/msg/detail/rc_parameter_map__type_support.cpp\n'}
[1.840785] (px4_msgs) StdoutLine: {'line': b'-- Up-to-date: /home/mustardking/ws_sensor_combined/install/px4_msgs/include/px4_msgs/px4_msgs/msg/detail/yaw_estimator_status__rosidl_typesupport_introspection_cpp.hpp\n'}
[1.840939] (px4_msgs) StdoutLine: {'line': b'-- Up-to-date: /home/mustardking/ws_sensor_combined/install/px4_msgs/include/px4_msgs/px4_msgs/msg/detail/sensor_gyro_fifo__type_support.cpp\n'}
[1.840980] (px4_msgs) StdoutLine: {'line': b'-- Up-to-date: /home/mustardking/ws_sensor_combined/install/px4_msgs/include/px4_msgs/px4_msgs/msg/detail/sensor_gnss_relative__rosidl_typesupport_introspection_cpp.hpp\n'}
[1.841005] (px4_msgs) StdoutLine: {'line': b'-- Up-to-date: /home/mustardking/ws_sensor_combined/install/px4_msgs/include/px4_msgs/px4_msgs/msg/detail/mode_completed__type_support.cpp\n'}
[1.841029] (px4_msgs) StdoutLine: {'line': b'-- Up-to-date: /home/mustardking/ws_sensor_combined/install/px4_msgs/include/px4_msgs/px4_msgs/msg/detail/pps_capture__type_support.cpp\n'}
[1.841054] (px4_msgs) StdoutLine: {'line': b'-- Up-to-date: /home/mustardking/ws_sensor_combined/install/px4_msgs/include/px4_msgs/px4_msgs/msg/detail/airspeed__type_support.cpp\n'}
[1.841077] (px4_msgs) StdoutLine: {'line': b'-- Up-to-date: /home/mustardking/ws_sensor_combined/install/px4_msgs/include/px4_msgs/px4_msgs/msg/detail/rate_ctrl_status__rosidl_typesupport_introspection_cpp.hpp\n'}
[1.841099] (px4_msgs) StdoutLine: {'line': b'-- Up-to-date: /home/mustardking/ws_sensor_combined/install/px4_msgs/include/px4_msgs/px4_msgs/msg/detail/vehicle_attitude__type_support.cpp\n'}
[1.841121] (px4_msgs) StdoutLine: {'line': b'-- Up-to-date: /home/mustardking/ws_sensor_combined/install/px4_msgs/include/px4_msgs/px4_msgs/msg/detail/failsafe_flags__rosidl_typesupport_introspection_cpp.hpp\n'}
[1.841143] (px4_msgs) StdoutLine: {'line': b'-- Up-to-date: /home/mustardking/ws_sensor_combined/install/px4_msgs/include/px4_msgs/px4_msgs/msg/detail/battery_status__type_support.cpp\n'}
[1.841165] (px4_msgs) StdoutLine: {'line': b'-- Up-to-date: /home/mustardking/ws_sensor_combined/install/px4_msgs/include/px4_msgs/px4_msgs/msg/detail/system_power__type_support.cpp\n'}
[1.841187] (px4_msgs) StdoutLine: {'line': b'-- Up-to-date: /home/mustardking/ws_sensor_combined/install/px4_msgs/include/px4_msgs/px4_msgs/msg/detail/open_drone_id_operator_id__rosidl_typesupport_introspection_cpp.hpp\n'}
[1.841210] (px4_msgs) StdoutLine: {'line': b'-- Up-to-date: /home/mustardking/ws_sensor_combined/install/px4_msgs/include/px4_msgs/px4_msgs/msg/detail/mission_result__rosidl_typesupport_introspection_cpp.hpp\n'}
[1.841828] (px4_msgs) StdoutLine: {'line': b'-- Up-to-date: /home/mustardking/ws_sensor_combined/install/px4_msgs/include/px4_msgs/px4_msgs/msg/detail/transponder_report__type_support.cpp\n'}
[1.841855] (px4_msgs) StdoutLine: {'line': b'-- Up-to-date: /home/mustardking/ws_sensor_combined/install/px4_msgs/include/px4_msgs/px4_msgs/msg/detail/ping__type_support.cpp\n'}
[1.841878] (px4_msgs) StdoutLine: {'line': b'-- Up-to-date: /home/mustardking/ws_sensor_combined/install/px4_msgs/include/px4_msgs/px4_msgs/msg/detail/rtl_status__type_support.cpp\n'}
[1.841900] (px4_msgs) StdoutLine: {'line': b'-- Up-to-date: /home/mustardking/ws_sensor_combined/install/px4_msgs/include/px4_msgs/px4_msgs/msg/detail/gpio_out__rosidl_typesupport_introspection_cpp.hpp\n'}
[1.841923] (px4_msgs) StdoutLine: {'line': b'-- Up-to-date: /home/mustardking/ws_sensor_combined/install/px4_msgs/include/px4_msgs/px4_msgs/msg/detail/action_request__type_support.cpp\n'}
[1.841947] (px4_msgs) StdoutLine: {'line': b'-- Up-to-date: /home/mustardking/ws_sensor_combined/install/px4_msgs/include/px4_msgs/px4_msgs/msg/detail/navigator_mission_item__rosidl_typesupport_introspection_cpp.hpp\n'}
[1.841969] (px4_msgs) StdoutLine: {'line': b'-- Up-to-date: /home/mustardking/ws_sensor_combined/install/px4_msgs/include/px4_msgs/px4_msgs/msg/detail/sensor_combined__type_support.cpp\n'}
[1.841992] (px4_msgs) StdoutLine: {'line': b'-- Up-to-date: /home/mustardking/ws_sensor_combined/install/px4_msgs/include/px4_msgs/px4_msgs/msg/detail/offboard_control_mode__rosidl_typesupport_introspection_cpp.hpp\n'}
[1.842015] (px4_msgs) StdoutLine: {'line': b'-- Up-to-date: /home/mustardking/ws_sensor_combined/install/px4_msgs/include/px4_msgs/px4_msgs/msg/detail/geofence_result__rosidl_typesupport_introspection_cpp.hpp\n'}
[1.842038] (px4_msgs) StdoutLine: {'line': b'-- Up-to-date: /home/mustardking/ws_sensor_combined/install/px4_msgs/include/px4_msgs/px4_msgs/msg/detail/gimbal_manager_set_attitude__rosidl_typesupport_introspection_cpp.hpp\n'}
[1.842060] (px4_msgs) StdoutLine: {'line': b'-- Up-to-date: /home/mustardking/ws_sensor_combined/install/px4_msgs/include/px4_msgs/px4_msgs/msg/detail/pure_pursuit_status__type_support.cpp\n'}
[1.842082] (px4_msgs) StdoutLine: {'line': b'-- Up-to-date: /home/mustardking/ws_sensor_combined/install/px4_msgs/include/px4_msgs/px4_msgs/msg/detail/mavlink_tunnel__type_support.cpp\n'}
[1.842105] (px4_msgs) StdoutLine: {'line': b'-- Up-to-date: /home/mustardking/ws_sensor_combined/install/px4_msgs/include/px4_msgs/px4_msgs/msg/detail/vehicle_roi__type_support.cpp\n'}
[1.842127] (px4_msgs) StdoutLine: {'line': b'-- Up-to-date: /home/mustardking/ws_sensor_combined/install/px4_msgs/include/px4_msgs/px4_msgs/msg/detail/orb_test__rosidl_typesupport_introspection_cpp.hpp\n'}
[1.842149] (px4_msgs) StdoutLine: {'line': b'-- Up-to-date: /home/mustardking/ws_sensor_combined/install/px4_msgs/include/px4_msgs/px4_msgs/msg/detail/follow_target_status__type_support.cpp\n'}
[1.842172] (px4_msgs) StdoutLine: {'line': b'-- Up-to-date: /home/mustardking/ws_sensor_combined/install/px4_msgs/include/px4_msgs/px4_msgs/msg/detail/estimator_status_flags__type_support.cpp\n'}
[1.842194] (px4_msgs) StdoutLine: {'line': b'-- Up-to-date: /home/mustardking/ws_sensor_combined/install/px4_msgs/include/px4_msgs/px4_msgs/msg/detail/gimbal_manager_set_attitude__type_support.cpp\n'}
[1.842217] (px4_msgs) StdoutLine: {'line': b'-- Up-to-date: /home/mustardking/ws_sensor_combined/install/px4_msgs/include/px4_msgs/px4_msgs/msg/detail/dataman_response__type_support.cpp\n'}
[1.842240] (px4_msgs) StdoutLine: {'line': b'-- Up-to-date: /home/mustardking/ws_sensor_combined/install/px4_msgs/include/px4_msgs/px4_msgs/msg/detail/navigator_status__rosidl_typesupport_introspection_cpp.hpp\n'}
[1.842265] (px4_msgs) StdoutLine: {'line': b'-- Up-to-date: /home/mustardking/ws_sensor_combined/install/px4_msgs/include/px4_msgs/px4_msgs/msg/detail/estimator_event_flags__rosidl_typesupport_introspection_cpp.hpp\n'}
[1.842288] (px4_msgs) StdoutLine: {'line': b'-- Up-to-date: /home/mustardking/ws_sensor_combined/install/px4_msgs/include/px4_msgs/px4_msgs/msg/detail/position_setpoint_triplet__rosidl_typesupport_introspection_cpp.hpp\n'}
[1.842310] (px4_msgs) StdoutLine: {'line': b'-- Up-to-date: /home/mustardking/ws_sensor_combined/install/px4_msgs/include/px4_msgs/px4_msgs/msg/detail/mount_orientation__rosidl_typesupport_introspection_cpp.hpp\n'}
[1.842333] (px4_msgs) StdoutLine: {'line': b'-- Up-to-date: /home/mustardking/ws_sensor_combined/install/px4_msgs/include/px4_msgs/px4_msgs/msg/detail/actuator_controls_status__type_support.cpp\n'}
[1.842355] (px4_msgs) StdoutLine: {'line': b'-- Up-to-date: /home/mustardking/ws_sensor_combined/install/px4_msgs/include/px4_msgs/px4_msgs/msg/detail/fixed_wing_lateral_status__type_support.cpp\n'}
[1.842377] (px4_msgs) StdoutLine: {'line': b'-- Up-to-date: /home/mustardking/ws_sensor_combined/install/px4_msgs/include/px4_msgs/px4_msgs/msg/detail/landing_gear_wheel__type_support.cpp\n'}
[1.842414] (px4_msgs) StdoutLine: {'line': b'-- Up-to-date: /home/mustardking/ws_sensor_combined/install/px4_msgs/include/px4_msgs/px4_msgs/msg/detail/rate_ctrl_status__type_support.cpp\n'}
[1.842437] (px4_msgs) StdoutLine: {'line': b'-- Up-to-date: /home/mustardking/ws_sensor_combined/install/px4_msgs/include/px4_msgs/px4_msgs/msg/detail/debug_array__rosidl_typesupport_introspection_cpp.hpp\n'}
[1.842463] (px4_msgs) StdoutLine: {'line': b'-- Up-to-date: /home/mustardking/ws_sensor_combined/install/px4_msgs/include/px4_msgs/px4_msgs/msg/detail/orb_test__type_support.cpp\n'}
[1.842491] (px4_msgs) StdoutLine: {'line': b'-- Up-to-date: /home/mustardking/ws_sensor_combined/install/px4_msgs/include/px4_msgs/px4_msgs/msg/detail/vehicle_optical_flow__rosidl_typesupport_introspection_cpp.hpp\n'}
[1.842572] (px4_msgs) StdoutLine: {'line': b'-- Up-to-date: /home/mustardking/ws_sensor_combined/install/px4_msgs/include/px4_msgs/px4_msgs/msg/detail/vehicle_global_position__rosidl_typesupport_introspection_cpp.hpp\n'}
[1.842606] (px4_msgs) StdoutLine: {'line': b'-- Up-to-date: /home/mustardking/ws_sensor_combined/install/px4_msgs/include/px4_msgs/px4_msgs/msg/detail/follow_target__type_support.cpp\n'}
[1.842631] (px4_msgs) StdoutLine: {'line': b'-- Up-to-date: /home/mustardking/ws_sensor_combined/install/px4_msgs/include/px4_msgs/px4_msgs/msg/detail/sensor_airflow__type_support.cpp\n'}
[1.842655] (px4_msgs) StdoutLine: {'line': b'-- Up-to-date: /home/mustardking/ws_sensor_combined/install/px4_msgs/include/px4_msgs/px4_msgs/msg/detail/takeoff_status__rosidl_typesupport_introspection_cpp.hpp\n'}
[1.842679] (px4_msgs) StdoutLine: {'line': b'-- Up-to-date: /home/mustardking/ws_sensor_combined/install/px4_msgs/include/px4_msgs/px4_msgs/msg/detail/failure_detector_status__rosidl_typesupport_introspection_cpp.hpp\n'}
[1.842702] (px4_msgs) StdoutLine: {'line': b'-- Up-to-date: /home/mustardking/ws_sensor_combined/install/px4_msgs/include/px4_msgs/px4_msgs/msg/detail/vehicle_torque_setpoint__rosidl_typesupport_introspection_cpp.hpp\n'}
[1.842726] (px4_msgs) StdoutLine: {'line': b'-- Up-to-date: /home/mustardking/ws_sensor_combined/install/px4_msgs/include/px4_msgs/px4_msgs/msg/detail/sensor_gnss_status__rosidl_typesupport_introspection_cpp.hpp\n'}
[1.842749] (px4_msgs) StdoutLine: {'line': b'-- Up-to-date: /home/mustardking/ws_sensor_combined/install/px4_msgs/include/px4_msgs/px4_msgs/msg/detail/vehicle_angular_velocity__rosidl_typesupport_introspection_cpp.hpp\n'}
[1.842773] (px4_msgs) StdoutLine: {'line': b'-- Up-to-date: /home/mustardking/ws_sensor_combined/install/px4_msgs/include/px4_msgs/px4_msgs/msg/detail/geofence_status__type_support.cpp\n'}
[1.842923] (px4_msgs) StdoutLine: {'line': b'-- Up-to-date: /home/mustardking/ws_sensor_combined/install/px4_msgs/include/px4_msgs/px4_msgs/msg/detail/goto_setpoint__type_support.cpp\n'}
[1.843003] (px4_msgs) StdoutLine: {'line': b'-- Up-to-date: /home/mustardking/ws_sensor_combined/install/px4_msgs/include/px4_msgs/px4_msgs/msg/detail/rc_channels__type_support.cpp\n'}
[1.843047] (px4_msgs) StdoutLine: {'line': b'-- Up-to-date: /home/mustardking/ws_sensor_combined/install/px4_msgs/include/px4_msgs/px4_msgs/msg/detail/rover_rate_status__type_support.cpp\n'}
[1.843073] (px4_msgs) StdoutLine: {'line': b'-- Up-to-date: /home/mustardking/ws_sensor_combined/install/px4_msgs/include/px4_msgs/px4_msgs/msg/detail/vehicle_air_data__type_support.cpp\n'}
[1.843097] (px4_msgs) StdoutLine: {'line': b'-- Up-to-date: /home/mustardking/ws_sensor_combined/install/px4_msgs/include/px4_msgs/px4_msgs/msg/detail/vtol_vehicle_status__type_support.cpp\n'}
[1.843185] (px4_msgs) StdoutLine: {'line': b'-- Up-to-date: /home/mustardking/ws_sensor_combined/install/px4_msgs/include/px4_msgs/px4_msgs/msg/detail/goto_setpoint__rosidl_typesupport_introspection_cpp.hpp\n'}
[1.843218] (px4_msgs) StdoutLine: {'line': b'-- Up-to-date: /home/mustardking/ws_sensor_combined/install/px4_msgs/include/px4_msgs/px4_msgs/msg/detail/actuator_armed__type_support.cpp\n'}
[1.843241] (px4_msgs) StdoutLine: {'line': b'-- Up-to-date: /home/mustardking/ws_sensor_combined/install/px4_msgs/include/px4_msgs/px4_msgs/msg/detail/vehicle_roi__rosidl_typesupport_introspection_cpp.hpp\n'}
[1.843280] (px4_msgs) StdoutLine: {'line': b'-- Up-to-date: /home/mustardking/ws_sensor_combined/install/px4_msgs/include/px4_msgs/px4_msgs/msg/detail/yaw_estimator_status__type_support.cpp\n'}
[1.843303] (px4_msgs) StdoutLine: {'line': b'-- Up-to-date: /home/mustardking/ws_sensor_combined/install/px4_msgs/include/px4_msgs/px4_msgs/msg/detail/arming_check_request__type_support.cpp\n'}
[1.843326] (px4_msgs) StdoutLine: {'line': b'-- Up-to-date: /home/mustardking/ws_sensor_combined/install/px4_msgs/include/px4_msgs/px4_msgs/msg/detail/gimbal_manager_information__rosidl_typesupport_introspection_cpp.hpp\n'}
[1.843355] (px4_msgs) StdoutLine: {'line': b'-- Up-to-date: /home/mustardking/ws_sensor_combined/install/px4_msgs/include/px4_msgs/px4_msgs/msg/detail/message_format_response__type_support.cpp\n'}
[1.843378] (px4_msgs) StdoutLine: {'line': b'-- Up-to-date: /home/mustardking/ws_sensor_combined/install/px4_msgs/include/px4_msgs/px4_msgs/msg/detail/onboard_computer_status__type_support.cpp\n'}
[1.843400] (px4_msgs) StdoutLine: {'line': b'-- Up-to-date: /home/mustardking/ws_sensor_combined/install/px4_msgs/include/px4_msgs/px4_msgs/msg/detail/message_format_request__type_support.cpp\n'}
[1.843424] (px4_msgs) StdoutLine: {'line': b'-- Up-to-date: /home/mustardking/ws_sensor_combined/install/px4_msgs/include/px4_msgs/px4_msgs/msg/detail/gpio_out__type_support.cpp\n'}
[1.843517] (px4_msgs) StdoutLine: {'line': b'-- Up-to-date: /home/mustardking/ws_sensor_combined/install/px4_msgs/include/px4_msgs/px4_msgs/msg/detail/internal_combustion_engine_control__rosidl_typesupport_introspection_cpp.hpp\n'}
[1.843549] (px4_msgs) StdoutLine: {'line': b'-- Up-to-date: /home/mustardking/ws_sensor_combined/install/px4_msgs/include/px4_msgs/px4_msgs/msg/detail/irlock_report__rosidl_typesupport_introspection_cpp.hpp\n'}
[1.843572] (px4_msgs) StdoutLine: {'line': b'-- Up-to-date: /home/mustardking/ws_sensor_combined/install/px4_msgs/include/px4_msgs/px4_msgs/msg/detail/fixed_wing_longitudinal_setpoint__type_support.cpp\n'}
[1.843598] (px4_msgs) StdoutLine: {'line': b'-- Up-to-date: /home/mustardking/ws_sensor_combined/install/px4_msgs/include/px4_msgs/px4_msgs/msg/detail/debug_value__type_support.cpp\n'}
[1.843642] (px4_msgs) StdoutLine: {'line': b'-- Up-to-date: /home/mustardking/ws_sensor_combined/install/px4_msgs/include/px4_msgs/px4_msgs/msg/detail/estimator_innovations__type_support.cpp\n'}
[1.843668] (px4_msgs) StdoutLine: {'line': b'-- Up-to-date: /home/mustardking/ws_sensor_combined/install/px4_msgs/include/px4_msgs/px4_msgs/msg/detail/generator_status__rosidl_typesupport_introspection_cpp.hpp\n'}
[1.843692] (px4_msgs) StdoutLine: {'line': b'-- Up-to-date: /home/mustardking/ws_sensor_combined/install/px4_msgs/include/px4_msgs/px4_msgs/msg/detail/unregister_ext_component__type_support.cpp\n'}
[1.843715] (px4_msgs) StdoutLine: {'line': b'-- Up-to-date: /home/mustardking/ws_sensor_combined/install/px4_msgs/include/px4_msgs/px4_msgs/msg/detail/gimbal_device_information__type_support.cpp\n'}
[1.843738] (px4_msgs) StdoutLine: {'line': b'-- Up-to-date: /home/mustardking/ws_sensor_combined/install/px4_msgs/include/px4_msgs/px4_msgs/msg/detail/vehicle_optical_flow__type_support.cpp\n'}
[1.843762] (px4_msgs) StdoutLine: {'line': b'-- Up-to-date: /home/mustardking/ws_sensor_combined/install/px4_msgs/include/px4_msgs/px4_msgs/msg/detail/obstacle_distance__rosidl_typesupport_introspection_cpp.hpp\n'}
[1.843785] (px4_msgs) StdoutLine: {'line': b'-- Up-to-date: /home/mustardking/ws_sensor_combined/install/px4_msgs/include/px4_msgs/px4_msgs/msg/detail/mag_worker_data__rosidl_typesupport_introspection_cpp.hpp\n'}
[1.843863] (px4_msgs) StdoutLine: {'line': b'-- Up-to-date: /home/mustardking/ws_sensor_combined/install/px4_msgs/include/px4_msgs/px4_msgs/msg/detail/debug_key_value__rosidl_typesupport_introspection_cpp.hpp\n'}
[1.843897] (px4_msgs) StdoutLine: {'line': b'-- Up-to-date: /home/mustardking/ws_sensor_combined/install/px4_msgs/include/px4_msgs/px4_msgs/msg/detail/sensor_gnss_status__type_support.cpp\n'}
[1.843923] (px4_msgs) StdoutLine: {'line': b'-- Up-to-date: /home/mustardking/ws_sensor_combined/install/px4_msgs/include/px4_msgs/px4_msgs/msg/detail/launch_detection_status__type_support.cpp\n'}
[1.843946] (px4_msgs) StdoutLine: {'line': b'-- Up-to-date: /home/mustardking/ws_sensor_combined/install/px4_msgs/include/px4_msgs/px4_msgs/msg/detail/gimbal_manager_status__rosidl_typesupport_introspection_cpp.hpp\n'}
[1.843979] (px4_msgs) StdoutLine: {'line': b'-- Up-to-date: /home/mustardking/ws_sensor_combined/install/px4_msgs/include/px4_msgs/px4_msgs/msg/detail/distance_sensor_mode_change_request__rosidl_typesupport_introspection_cpp.hpp\n'}
[1.844007] (px4_msgs) StdoutLine: {'line': b'-- Up-to-date: /home/mustardking/ws_sensor_combined/install/px4_msgs/include/px4_msgs/px4_msgs/msg/detail/power_button_state__type_support.cpp\n'}
[1.844030] (px4_msgs) StdoutLine: {'line': b'-- Up-to-date: /home/mustardking/ws_sensor_combined/install/px4_msgs/include/px4_msgs/px4_msgs/msg/detail/esc_status__rosidl_typesupport_introspection_cpp.hpp\n'}
[1.844115] (px4_msgs) StdoutLine: {'line': b'-- Up-to-date: /home/mustardking/ws_sensor_combined/install/px4_msgs/include/px4_msgs/px4_msgs/msg/detail/event__type_support.cpp\n'}
[1.844260] (px4_msgs) StdoutLine: {'line': b'-- Up-to-date: /home/mustardking/ws_sensor_combined/install/px4_msgs/include/px4_msgs/px4_msgs/msg/detail/distance_sensor__rosidl_typesupport_introspection_cpp.hpp\n'}
[1.844348] (px4_msgs) StdoutLine: {'line': b'-- Up-to-date: /home/mustardking/ws_sensor_combined/install/px4_msgs/include/px4_msgs/px4_msgs/msg/detail/led_control__rosidl_typesupport_introspection_cpp.hpp\n'}
[1.844375] (px4_msgs) StdoutLine: {'line': b'-- Up-to-date: /home/mustardking/ws_sensor_combined/install/px4_msgs/include/px4_msgs/px4_msgs/msg/detail/actuator_motors__rosidl_typesupport_introspection_cpp.hpp\n'}
[1.844398] (px4_msgs) StdoutLine: {'line': b'-- Up-to-date: /home/mustardking/ws_sensor_combined/install/px4_msgs/include/px4_msgs/px4_msgs/msg/detail/gimbal_controls__rosidl_typesupport_introspection_cpp.hpp\n'}
[1.844421] (px4_msgs) StdoutLine: {'line': b'-- Up-to-date: /home/mustardking/ws_sensor_combined/install/px4_msgs/include/px4_msgs/px4_msgs/msg/detail/gimbal_manager_information__type_support.cpp\n'}
[1.844444] (px4_msgs) StdoutLine: {'line': b'-- Up-to-date: /home/mustardking/ws_sensor_combined/install/px4_msgs/include/px4_msgs/px4_msgs/msg/detail/collision_constraints__rosidl_typesupport_introspection_cpp.hpp\n'}
[1.844467] (px4_msgs) StdoutLine: {'line': b'-- Up-to-date: /home/mustardking/ws_sensor_combined/install/px4_msgs/include/px4_msgs/px4_msgs/msg/detail/position_setpoint_triplet__type_support.cpp\n'}
[1.844489] (px4_msgs) StdoutLine: {'line': b'-- Up-to-date: /home/mustardking/ws_sensor_combined/install/px4_msgs/include/px4_msgs/px4_msgs/msg/detail/vehicle_acceleration__type_support.cpp\n'}
[1.844516] (px4_msgs) StdoutLine: {'line': b'-- Up-to-date: /home/mustardking/ws_sensor_combined/install/px4_msgs/include/px4_msgs/px4_msgs/msg/detail/estimator_aid_source2d__type_support.cpp\n'}
[1.844543] (px4_msgs) StdoutLine: {'line': b'-- Up-to-date: /home/mustardking/ws_sensor_combined/install/px4_msgs/include/px4_msgs/px4_msgs/msg/detail/mavlink_tunnel__rosidl_typesupport_introspection_cpp.hpp\n'}
[1.844567] (px4_msgs) StdoutLine: {'line': b'-- Up-to-date: /home/mustardking/ws_sensor_combined/install/px4_msgs/include/px4_msgs/px4_msgs/msg/detail/debug_key_value__type_support.cpp\n'}
[1.844589] (px4_msgs) StdoutLine: {'line': b'-- Up-to-date: /home/mustardking/ws_sensor_combined/install/px4_msgs/include/px4_msgs/px4_msgs/msg/detail/action_request__rosidl_typesupport_introspection_cpp.hpp\n'}
[1.844612] (px4_msgs) StdoutLine: {'line': b'-- Up-to-date: /home/mustardking/ws_sensor_combined/install/px4_msgs/include/px4_msgs/px4_msgs/msg/detail/uavcan_parameter_request__rosidl_typesupport_introspection_cpp.hpp\n'}
[1.844635] (px4_msgs) StdoutLine: {'line': b'-- Up-to-date: /home/mustardking/ws_sensor_combined/install/px4_msgs/include/px4_msgs/px4_msgs/msg/detail/tune_control__type_support.cpp\n'}
[1.844659] (px4_msgs) StdoutLine: {'line': b'-- Up-to-date: /home/mustardking/ws_sensor_combined/install/px4_msgs/include/px4_msgs/px4_msgs/msg/detail/telemetry_status__rosidl_typesupport_introspection_cpp.hpp\n'}
[1.844682] (px4_msgs) StdoutLine: {'line': b'-- Up-to-date: /home/mustardking/ws_sensor_combined/install/px4_msgs/include/px4_msgs/px4_msgs/msg/detail/vehicle_control_mode__type_support.cpp\n'}
[1.844704] (px4_msgs) StdoutLine: {'line': b'-- Up-to-date: /home/mustardking/ws_sensor_combined/install/px4_msgs/include/px4_msgs/px4_msgs/msg/detail/vehicle_air_data__rosidl_typesupport_introspection_cpp.hpp\n'}
[1.844727] (px4_msgs) StdoutLine: {'line': b'-- Up-to-date: /home/mustardking/ws_sensor_combined/install/px4_msgs/include/px4_msgs/px4_msgs/msg/detail/tiltrotor_extra_controls__type_support.cpp\n'}
[1.844749] (px4_msgs) StdoutLine: {'line': b'-- Up-to-date: /home/mustardking/ws_sensor_combined/install/px4_msgs/include/px4_msgs/px4_msgs/msg/detail/dataman_response__rosidl_typesupport_introspection_cpp.hpp\n'}
[1.844771] (px4_msgs) StdoutLine: {'line': b'-- Up-to-date: /home/mustardking/ws_sensor_combined/install/px4_msgs/include/px4_msgs/px4_msgs/msg/detail/vehicle_angular_acceleration_setpoint__type_support.cpp\n'}
[1.844793] (px4_msgs) StdoutLine: {'line': b'-- Up-to-date: /home/mustardking/ws_sensor_combined/install/px4_msgs/include/px4_msgs/px4_msgs/msg/detail/vehicle_imu__type_support.cpp\n'}
[1.844854] (px4_msgs) StdoutLine: {'line': b'-- Up-to-date: /home/mustardking/ws_sensor_combined/install/px4_msgs/include/px4_msgs/px4_msgs/msg/detail/sensor_preflight_mag__type_support.cpp\n'}
[1.844881] (px4_msgs) StdoutLine: {'line': b'-- Up-to-date: /home/mustardking/ws_sensor_combined/install/px4_msgs/include/px4_msgs/px4_msgs/msg/detail/actuator_outputs__rosidl_typesupport_introspection_cpp.hpp\n'}
[1.844904] (px4_msgs) StdoutLine: {'line': b'-- Up-to-date: /home/mustardking/ws_sensor_combined/install/px4_msgs/include/px4_msgs/px4_msgs/msg/detail/sensor_optical_flow__type_support.cpp\n'}
[1.844926] (px4_msgs) StdoutLine: {'line': b'-- Up-to-date: /home/mustardking/ws_sensor_combined/install/px4_msgs/include/px4_msgs/px4_msgs/msg/detail/vehicle_angular_acceleration_setpoint__rosidl_typesupport_introspection_cpp.hpp\n'}
[1.844949] (px4_msgs) StdoutLine: {'line': b'-- Up-to-date: /home/mustardking/ws_sensor_combined/install/px4_msgs/include/px4_msgs/px4_msgs/msg/detail/vehicle_land_detected__type_support.cpp\n'}
[1.844971] (px4_msgs) StdoutLine: {'line': b'-- Up-to-date: /home/mustardking/ws_sensor_combined/install/px4_msgs/include/px4_msgs/px4_msgs/msg/detail/lateral_control_configuration__type_support.cpp\n'}
[1.844994] (px4_msgs) StdoutLine: {'line': b'-- Up-to-date: /home/mustardking/ws_sensor_combined/install/px4_msgs/include/px4_msgs/px4_msgs/msg/detail/failure_detector_status__type_support.cpp\n'}
[1.845017] (px4_msgs) StdoutLine: {'line': b'-- Up-to-date: /home/mustardking/ws_sensor_combined/install/px4_msgs/include/px4_msgs/px4_msgs/msg/detail/internal_combustion_engine_control__type_support.cpp\n'}
[1.845040] (px4_msgs) StdoutLine: {'line': b'-- Up-to-date: /home/mustardking/ws_sensor_combined/install/px4_msgs/include/px4_msgs/px4_msgs/msg/detail/message_format_request__rosidl_typesupport_introspection_cpp.hpp\n'}
[1.845063] (px4_msgs) StdoutLine: {'line': b'-- Up-to-date: /home/mustardking/ws_sensor_combined/install/px4_msgs/include/px4_msgs/px4_msgs/msg/detail/open_drone_id_arm_status__type_support.cpp\n'}
[1.845085] (px4_msgs) StdoutLine: {'line': b'-- Up-to-date: /home/mustardking/ws_sensor_combined/install/px4_msgs/include/px4_msgs/px4_msgs/msg/detail/vehicle_constraints__type_support.cpp\n'}
[1.845107] (px4_msgs) StdoutLine: {'line': b'-- Up-to-date: /home/mustardking/ws_sensor_combined/install/px4_msgs/include/px4_msgs/px4_msgs/msg/detail/estimator_gps_status__rosidl_typesupport_introspection_cpp.hpp\n'}
[1.845130] (px4_msgs) StdoutLine: {'line': b'-- Up-to-date: /home/mustardking/ws_sensor_combined/install/px4_msgs/include/px4_msgs/px4_msgs/msg/detail/distance_sensor_mode_change_request__type_support.cpp\n'}
[1.845154] (px4_msgs) StdoutLine: {'line': b'-- Up-to-date: /home/mustardking/ws_sensor_combined/install/px4_msgs/include/px4_msgs/px4_msgs/msg/detail/sensor_uwb__type_support.cpp\n'}
[1.845200] (px4_msgs) StdoutLine: {'line': b'-- Up-to-date: /home/mustardking/ws_sensor_combined/install/px4_msgs/include/px4_msgs/px4_msgs/msg/detail/estimator_states__rosidl_typesupport_introspection_cpp.hpp\n'}
[1.845223] (px4_msgs) StdoutLine: {'line': b'-- Up-to-date: /home/mustardking/ws_sensor_combined/install/px4_msgs/include/px4_msgs/px4_msgs/msg/detail/vehicle_local_position_setpoint__rosidl_typesupport_introspection_cpp.hpp\n'}
[1.845915] (px4_msgs) StdoutLine: {'line': b'-- Up-to-date: /home/mustardking/ws_sensor_combined/install/px4_msgs/include/px4_msgs/px4_msgs/msg/detail/sensor_selection__rosidl_typesupport_introspection_cpp.hpp\n'}
[1.845953] (px4_msgs) StdoutLine: {'line': b'-- Up-to-date: /home/mustardking/ws_sensor_combined/install/px4_msgs/include/px4_msgs/px4_msgs/msg/detail/mount_orientation__type_support.cpp\n'}
[1.845978] (px4_msgs) StdoutLine: {'line': b'-- Up-to-date: /home/mustardking/ws_sensor_combined/install/px4_msgs/include/px4_msgs/px4_msgs/msg/detail/timesync_status__rosidl_typesupport_introspection_cpp.hpp\n'}
[1.846026] (px4_msgs) StdoutLine: {'line': b'-- Up-to-date: /home/mustardking/ws_sensor_combined/install/px4_msgs/include/px4_msgs/px4_msgs/msg/detail/launch_detection_status__rosidl_typesupport_introspection_cpp.hpp\n'}
[1.846096] (px4_msgs) StdoutLine: {'line': b'-- Up-to-date: /home/mustardking/ws_sensor_combined/install/px4_msgs/include/px4_msgs/px4_msgs/msg/detail/landing_target_innovations__type_support.cpp\n'}
[1.846120] (px4_msgs) StdoutLine: {'line': b'-- Up-to-date: /home/mustardking/ws_sensor_combined/install/px4_msgs/include/px4_msgs/px4_msgs/msg/detail/arming_check_request__rosidl_typesupport_introspection_cpp.hpp\n'}
[1.846167] (px4_msgs) StdoutLine: {'line': b'-- Up-to-date: /home/mustardking/ws_sensor_combined/install/px4_msgs/include/px4_msgs/px4_msgs/msg/detail/parameter_set_value_request__rosidl_typesupport_introspection_cpp.hpp\n'}
[1.846190] (px4_msgs) StdoutLine: {'line': b'-- Up-to-date: /home/mustardking/ws_sensor_combined/install/px4_msgs/include/px4_msgs/px4_msgs/msg/detail/estimator_aid_source2d__rosidl_typesupport_introspection_cpp.hpp\n'}
[1.846213] (px4_msgs) StdoutLine: {'line': b'-- Up-to-date: /home/mustardking/ws_sensor_combined/install/px4_msgs/include/px4_msgs/px4_msgs/msg/detail/debug_array__type_support.cpp\n'}
[1.846245] (px4_msgs) StdoutLine: {'line': b'-- Up-to-date: /home/mustardking/ws_sensor_combined/install/px4_msgs/include/px4_msgs/px4_msgs/msg/detail/vehicle_global_position__type_support.cpp\n'}
[1.846312] (px4_msgs) StdoutLine: {'line': b'-- Up-to-date: /home/mustardking/ws_sensor_combined/install/px4_msgs/include/px4_msgs/px4_msgs/msg/detail/figure_eight_status__rosidl_typesupport_introspection_cpp.hpp\n'}
[1.846335] (px4_msgs) StdoutLine: {'line': b'-- Up-to-date: /home/mustardking/ws_sensor_combined/install/px4_msgs/include/px4_msgs/px4_msgs/msg/detail/hover_thrust_estimate__rosidl_typesupport_introspection_cpp.hpp\n'}
[1.846358] (px4_msgs) StdoutLine: {'line': b'-- Up-to-date: /home/mustardking/ws_sensor_combined/install/px4_msgs/include/px4_msgs/px4_msgs/msg/detail/log_message__type_support.cpp\n'}
[1.846381] (px4_msgs) StdoutLine: {'line': b'-- Up-to-date: /home/mustardking/ws_sensor_combined/install/px4_msgs/include/px4_msgs/px4_msgs/msg/detail/qshell_req__rosidl_typesupport_introspection_cpp.hpp\n'}
[1.846446] (px4_msgs) StdoutLine: {'line': b'-- Up-to-date: /home/mustardking/ws_sensor_combined/install/px4_msgs/include/px4_msgs/px4_msgs/msg/detail/position_controller_landing_status__type_support.cpp\n'}
[1.846470] (px4_msgs) StdoutLine: {'line': b'-- Up-to-date: /home/mustardking/ws_sensor_combined/install/px4_msgs/include/px4_msgs/px4_msgs/msg/detail/geofence_status__rosidl_typesupport_introspection_cpp.hpp\n'}
[1.846495] (px4_msgs) StdoutLine: {'line': b'-- Up-to-date: /home/mustardking/ws_sensor_combined/install/px4_msgs/include/px4_msgs/px4_msgs/msg/detail/sensor_combined__rosidl_typesupport_introspection_cpp.hpp\n'}
[1.846518] (px4_msgs) StdoutLine: {'line': b'-- Up-to-date: /home/mustardking/ws_sensor_combined/install/px4_msgs/include/px4_msgs/px4_msgs/msg/detail/actuator_outputs__type_support.cpp\n'}
[1.846540] (px4_msgs) StdoutLine: {'line': b'-- Up-to-date: /home/mustardking/ws_sensor_combined/install/px4_msgs/include/px4_msgs/px4_msgs/msg/detail/satellite_info__rosidl_typesupport_introspection_cpp.hpp\n'}
[1.846562] (px4_msgs) StdoutLine: {'line': b'-- Up-to-date: /home/mustardking/ws_sensor_combined/install/px4_msgs/include/px4_msgs/px4_msgs/msg/detail/trajectory_setpoint__type_support.cpp\n'}
[1.846585] (px4_msgs) StdoutLine: {'line': b'-- Up-to-date: /home/mustardking/ws_sensor_combined/install/px4_msgs/include/px4_msgs/px4_msgs/msg/detail/battery_status__rosidl_typesupport_introspection_cpp.hpp\n'}
[1.846627] (px4_msgs) StdoutLine: {'line': b'-- Up-to-date: /home/mustardking/ws_sensor_combined/install/px4_msgs/lib/libpx4_msgs__rosidl_typesupport_introspection_cpp.so\n'}
[1.846650] (px4_msgs) StdoutLine: {'line': b'-- Up-to-date: /home/mustardking/ws_sensor_combined/install/px4_msgs/lib/libpx4_msgs__rosidl_typesupport_cpp.so\n'}
[1.846673] (px4_msgs) StdoutLine: {'line': b'-- Up-to-date: /home/mustardking/ws_sensor_combined/install/px4_msgs/share/px4_msgs/environment/pythonpath.sh\n'}
[1.846699] (px4_msgs) StdoutLine: {'line': b'-- Up-to-date: /home/mustardking/ws_sensor_combined/install/px4_msgs/share/px4_msgs/environment/pythonpath.dsv\n'}
[1.846722] (px4_msgs) StdoutLine: {'line': b'-- Up-to-date: /home/mustardking/ws_sensor_combined/install/px4_msgs/local/lib/python3.10/dist-packages/px4_msgs-2.0.1-py3.10.egg-info\n'}
[1.846767] (px4_msgs) StdoutLine: {'line': b'-- Installing: /home/mustardking/ws_sensor_combined/install/px4_msgs/local/lib/python3.10/dist-packages/px4_msgs-2.0.1-py3.10.egg-info/SOURCES.txt\n'}
[1.846791] (px4_msgs) StdoutLine: {'line': b'-- Installing: /home/mustardking/ws_sensor_combined/install/px4_msgs/local/lib/python3.10/dist-packages/px4_msgs-2.0.1-py3.10.egg-info/PKG-INFO\n'}
[1.846827] (px4_msgs) StdoutLine: {'line': b'-- Installing: /home/mustardking/ws_sensor_combined/install/px4_msgs/local/lib/python3.10/dist-packages/px4_msgs-2.0.1-py3.10.egg-info/dependency_links.txt\n'}
[1.846852] (px4_msgs) StdoutLine: {'line': b'-- Installing: /home/mustardking/ws_sensor_combined/install/px4_msgs/local/lib/python3.10/dist-packages/px4_msgs-2.0.1-py3.10.egg-info/top_level.txt\n'}
[1.846874] (px4_msgs) StdoutLine: {'line': b'-- Up-to-date: /home/mustardking/ws_sensor_combined/install/px4_msgs/local/lib/python3.10/dist-packages/px4_msgs\n'}
[1.846897] (px4_msgs) StdoutLine: {'line': b'-- Up-to-date: /home/mustardking/ws_sensor_combined/install/px4_msgs/local/lib/python3.10/dist-packages/px4_msgs/px4_msgs_s__rosidl_typesupport_introspection_c.cpython-310-aarch64-linux-gnu.so\n'}
[1.846942] (px4_msgs) StdoutLine: {'line': b'-- Up-to-date: /home/mustardking/ws_sensor_combined/install/px4_msgs/local/lib/python3.10/dist-packages/px4_msgs/_px4_msgs_s.ep.rosidl_typesupport_fastrtps_c.c\n'}
[1.846967] (px4_msgs) StdoutLine: {'line': b'-- Up-to-date: /home/mustardking/ws_sensor_combined/install/px4_msgs/local/lib/python3.10/dist-packages/px4_msgs/_px4_msgs_s.ep.rosidl_typesupport_introspection_c.c\n'}
[1.846990] (px4_msgs) StdoutLine: {'line': b'-- Up-to-date: /home/mustardking/ws_sensor_combined/install/px4_msgs/local/lib/python3.10/dist-packages/px4_msgs/srv\n'}
[1.847022] (px4_msgs) StdoutLine: {'line': b'-- Up-to-date: /home/mustardking/ws_sensor_combined/install/px4_msgs/local/lib/python3.10/dist-packages/px4_msgs/srv/__init__.py\n'}
[1.847071] (px4_msgs) StdoutLine: {'line': b'-- Up-to-date: /home/mustardking/ws_sensor_combined/install/px4_msgs/local/lib/python3.10/dist-packages/px4_msgs/srv/_vehicle_command.py\n'}
[1.847094] (px4_msgs) StdoutLine: {'line': b'-- Up-to-date: /home/mustardking/ws_sensor_combined/install/px4_msgs/local/lib/python3.10/dist-packages/px4_msgs/srv/_vehicle_command_s.c\n'}
[1.847118] (px4_msgs) StdoutLine: {'line': b'-- Up-to-date: /home/mustardking/ws_sensor_combined/install/px4_msgs/local/lib/python3.10/dist-packages/px4_msgs/msg\n'}
[1.847141] (px4_msgs) StdoutLine: {'line': b'-- Up-to-date: /home/mustardking/ws_sensor_combined/install/px4_msgs/local/lib/python3.10/dist-packages/px4_msgs/msg/_mission_s.c\n'}
[1.847163] (px4_msgs) StdoutLine: {'line': b'-- Up-to-date: /home/mustardking/ws_sensor_combined/install/px4_msgs/local/lib/python3.10/dist-packages/px4_msgs/msg/_mission_result.py\n'}
[1.847186] (px4_msgs) StdoutLine: {'line': b'-- Up-to-date: /home/mustardking/ws_sensor_combined/install/px4_msgs/local/lib/python3.10/dist-packages/px4_msgs/msg/_rover_attitude_status_s.c\n'}
[1.847209] (px4_msgs) StdoutLine: {'line': b'-- Up-to-date: /home/mustardking/ws_sensor_combined/install/px4_msgs/local/lib/python3.10/dist-packages/px4_msgs/msg/_gimbal_device_set_attitude.py\n'}
[1.847254] (px4_msgs) StdoutLine: {'line': b'-- Up-to-date: /home/mustardking/ws_sensor_combined/install/px4_msgs/local/lib/python3.10/dist-packages/px4_msgs/msg/_dronecan_node_status_s.c\n'}
[1.847278] (px4_msgs) StdoutLine: {'line': b'-- Up-to-date: /home/mustardking/ws_sensor_combined/install/px4_msgs/local/lib/python3.10/dist-packages/px4_msgs/msg/_sensor_accel_fifo.py\n'}
[1.847300] (px4_msgs) StdoutLine: {'line': b'-- Up-to-date: /home/mustardking/ws_sensor_combined/install/px4_msgs/local/lib/python3.10/dist-packages/px4_msgs/msg/_follow_target.py\n'}
[1.847322] (px4_msgs) StdoutLine: {'line': b'-- Up-to-date: /home/mustardking/ws_sensor_combined/install/px4_msgs/local/lib/python3.10/dist-packages/px4_msgs/msg/_tiltrotor_extra_controls_s.c\n'}
[1.847371] (px4_msgs) StdoutLine: {'line': b'-- Up-to-date: /home/mustardking/ws_sensor_combined/install/px4_msgs/local/lib/python3.10/dist-packages/px4_msgs/msg/_iridiumsbd_status.py\n'}
[1.847396] (px4_msgs) StdoutLine: {'line': b'-- Up-to-date: /home/mustardking/ws_sensor_combined/install/px4_msgs/local/lib/python3.10/dist-packages/px4_msgs/msg/_estimator_innovations.py\n'}
[1.847419] (px4_msgs) StdoutLine: {'line': b'-- Up-to-date: /home/mustardking/ws_sensor_combined/install/px4_msgs/local/lib/python3.10/dist-packages/px4_msgs/msg/_gimbal_manager_information.py\n'}
[1.847441] (px4_msgs) StdoutLine: {'line': b'-- Up-to-date: /home/mustardking/ws_sensor_combined/install/px4_msgs/local/lib/python3.10/dist-packages/px4_msgs/msg/_open_drone_id_operator_id.py\n'}
[1.847463] (px4_msgs) StdoutLine: {'line': b'-- Up-to-date: /home/mustardking/ws_sensor_combined/install/px4_msgs/local/lib/python3.10/dist-packages/px4_msgs/msg/_vehicle_rates_setpoint_s.c\n'}
[1.847486] (px4_msgs) StdoutLine: {'line': b'-- Up-to-date: /home/mustardking/ws_sensor_combined/install/px4_msgs/local/lib/python3.10/dist-packages/px4_msgs/msg/_register_ext_component_request.py\n'}
[1.847512] (px4_msgs) StdoutLine: {'line': b'-- Up-to-date: /home/mustardking/ws_sensor_combined/install/px4_msgs/local/lib/python3.10/dist-packages/px4_msgs/msg/_actuator_armed.py\n'}
[1.847557] (px4_msgs) StdoutLine: {'line': b'-- Up-to-date: /home/mustardking/ws_sensor_combined/install/px4_msgs/local/lib/python3.10/dist-packages/px4_msgs/msg/_sensor_hygrometer_s.c\n'}
[1.847580] (px4_msgs) StdoutLine: {'line': b'-- Up-to-date: /home/mustardking/ws_sensor_combined/install/px4_msgs/local/lib/python3.10/dist-packages/px4_msgs/msg/_power_button_state_s.c\n'}
[1.847602] (px4_msgs) StdoutLine: {'line': b'-- Up-to-date: /home/mustardking/ws_sensor_combined/install/px4_msgs/local/lib/python3.10/dist-packages/px4_msgs/msg/_vehicle_optical_flow_s.c\n'}
[1.847625] (px4_msgs) StdoutLine: {'line': b'-- Up-to-date: /home/mustardking/ws_sensor_combined/install/px4_msgs/local/lib/python3.10/dist-packages/px4_msgs/msg/_sensors_status.py\n'}
[1.847667] (px4_msgs) StdoutLine: {'line': b'-- Up-to-date: /home/mustardking/ws_sensor_combined/install/px4_msgs/local/lib/python3.10/dist-packages/px4_msgs/msg/_fuel_tank_status.py\n'}
[1.847690] (px4_msgs) StdoutLine: {'line': b'-- Up-to-date: /home/mustardking/ws_sensor_combined/install/px4_msgs/local/lib/python3.10/dist-packages/px4_msgs/msg/_parameter_set_value_request.py\n'}
[1.847733] (px4_msgs) StdoutLine: {'line': b'-- Up-to-date: /home/mustardking/ws_sensor_combined/install/px4_msgs/local/lib/python3.10/dist-packages/px4_msgs/msg/_system_power_s.c\n'}
[1.847757] (px4_msgs) StdoutLine: {'line': b'-- Up-to-date: /home/mustardking/ws_sensor_combined/install/px4_msgs/local/lib/python3.10/dist-packages/px4_msgs/msg/_battery_info.py\n'}
[1.847782] (px4_msgs) StdoutLine: {'line': b'-- Up-to-date: /home/mustardking/ws_sensor_combined/install/px4_msgs/local/lib/python3.10/dist-packages/px4_msgs/msg/_cellular_status.py\n'}
[1.847805] (px4_msgs) StdoutLine: {'line': b'-- Up-to-date: /home/mustardking/ws_sensor_combined/install/px4_msgs/local/lib/python3.10/dist-packages/px4_msgs/msg/_rover_rate_status_s.c\n'}
[1.847847] (px4_msgs) StdoutLine: {'line': b'-- Up-to-date: /home/mustardking/ws_sensor_combined/install/px4_msgs/local/lib/python3.10/dist-packages/px4_msgs/msg/_follow_target_s.c\n'}
[1.847871] (px4_msgs) StdoutLine: {'line': b'-- Up-to-date: /home/mustardking/ws_sensor_combined/install/px4_msgs/local/lib/python3.10/dist-packages/px4_msgs/msg/_dronecan_node_status.py\n'}
[1.847894] (px4_msgs) StdoutLine: {'line': b'-- Up-to-date: /home/mustardking/ws_sensor_combined/install/px4_msgs/local/lib/python3.10/dist-packages/px4_msgs/msg/_rate_ctrl_status.py\n'}
[1.847916] (px4_msgs) StdoutLine: {'line': b'-- Up-to-date: /home/mustardking/ws_sensor_combined/install/px4_msgs/local/lib/python3.10/dist-packages/px4_msgs/msg/_radio_status.py\n'}
[1.847942] (px4_msgs) StdoutLine: {'line': b'-- Up-to-date: /home/mustardking/ws_sensor_combined/install/px4_msgs/local/lib/python3.10/dist-packages/px4_msgs/msg/_px4io_status.py\n'}
[1.847995] (px4_msgs) StdoutLine: {'line': b'-- Up-to-date: /home/mustardking/ws_sensor_combined/install/px4_msgs/local/lib/python3.10/dist-packages/px4_msgs/msg/_rc_parameter_map.py\n'}
[1.848028] (px4_msgs) StdoutLine: {'line': b'-- Up-to-date: /home/mustardking/ws_sensor_combined/install/px4_msgs/local/lib/python3.10/dist-packages/px4_msgs/msg/_dataman_response_s.c\n'}
[1.848051] (px4_msgs) StdoutLine: {'line': b'-- Up-to-date: /home/mustardking/ws_sensor_combined/install/px4_msgs/local/lib/python3.10/dist-packages/px4_msgs/msg/_unregister_ext_component.py\n'}
[1.848074] (px4_msgs) StdoutLine: {'line': b'-- Up-to-date: /home/mustardking/ws_sensor_combined/install/px4_msgs/local/lib/python3.10/dist-packages/px4_msgs/msg/_estimator_status_flags.py\n'}
[1.848096] (px4_msgs) StdoutLine: {'line': b'-- Up-to-date: /home/mustardking/ws_sensor_combined/install/px4_msgs/local/lib/python3.10/dist-packages/px4_msgs/msg/_telemetry_status_s.c\n'}
[1.848118] (px4_msgs) StdoutLine: {'line': b'-- Up-to-date: /home/mustardking/ws_sensor_combined/install/px4_msgs/local/lib/python3.10/dist-packages/px4_msgs/msg/_parameter_set_value_request_s.c\n'}
[1.848140] (px4_msgs) StdoutLine: {'line': b'-- Up-to-date: /home/mustardking/ws_sensor_combined/install/px4_msgs/local/lib/python3.10/dist-packages/px4_msgs/msg/_vehicle_rates_setpoint.py\n'}
[1.848163] (px4_msgs) StdoutLine: {'line': b'-- Up-to-date: /home/mustardking/ws_sensor_combined/install/px4_msgs/local/lib/python3.10/dist-packages/px4_msgs/msg/_manual_control_setpoint.py\n'}
[1.848185] (px4_msgs) StdoutLine: {'line': b'-- Up-to-date: /home/mustardking/ws_sensor_combined/install/px4_msgs/local/lib/python3.10/dist-packages/px4_msgs/msg/_obstacle_distance.py\n'}
[1.848210] (px4_msgs) StdoutLine: {'line': b'-- Up-to-date: /home/mustardking/ws_sensor_combined/install/px4_msgs/local/lib/python3.10/dist-packages/px4_msgs/msg/_power_button_state.py\n'}
[1.848233] (px4_msgs) StdoutLine: {'line': b'-- Up-to-date: /home/mustardking/ws_sensor_combined/install/px4_msgs/local/lib/python3.10/dist-packages/px4_msgs/msg/_gpio_in.py\n'}
[1.848255] (px4_msgs) StdoutLine: {'line': b'-- Up-to-date: /home/mustardking/ws_sensor_combined/install/px4_msgs/local/lib/python3.10/dist-packages/px4_msgs/msg/_fixed_wing_runway_control.py\n'}
[1.848299] (px4_msgs) StdoutLine: {'line': b'-- Up-to-date: /home/mustardking/ws_sensor_combined/install/px4_msgs/local/lib/python3.10/dist-packages/px4_msgs/msg/_esc_status.py\n'}
[1.848322] (px4_msgs) StdoutLine: {'line': b'-- Up-to-date: /home/mustardking/ws_sensor_combined/install/px4_msgs/local/lib/python3.10/dist-packages/px4_msgs/msg/_yaw_estimator_status.py\n'}
[1.848358] (px4_msgs) StdoutLine: {'line': b'-- Up-to-date: /home/mustardking/ws_sensor_combined/install/px4_msgs/local/lib/python3.10/dist-packages/px4_msgs/msg/_vehicle_attitude.py\n'}
[1.848383] (px4_msgs) StdoutLine: {'line': b'-- Up-to-date: /home/mustardking/ws_sensor_combined/install/px4_msgs/local/lib/python3.10/dist-packages/px4_msgs/msg/_vehicle_air_data_s.c\n'}
[1.848426] (px4_msgs) StdoutLine: {'line': b'-- Up-to-date: /home/mustardking/ws_sensor_combined/install/px4_msgs/local/lib/python3.10/dist-packages/px4_msgs/msg/_rover_rate_status.py\n'}
[1.848448] (px4_msgs) StdoutLine: {'line': b'-- Up-to-date: /home/mustardking/ws_sensor_combined/install/px4_msgs/local/lib/python3.10/dist-packages/px4_msgs/msg/_gpio_out.py\n'}
[1.848470] (px4_msgs) StdoutLine: {'line': b'-- Up-to-date: /home/mustardking/ws_sensor_combined/install/px4_msgs/local/lib/python3.10/dist-packages/px4_msgs/msg/_rc_parameter_map_s.c\n'}
[1.848492] (px4_msgs) StdoutLine: {'line': b'-- Up-to-date: /home/mustardking/ws_sensor_combined/install/px4_msgs/local/lib/python3.10/dist-packages/px4_msgs/msg/_sensor_combined.py\n'}
[1.848514] (px4_msgs) StdoutLine: {'line': b'-- Up-to-date: /home/mustardking/ws_sensor_combined/install/px4_msgs/local/lib/python3.10/dist-packages/px4_msgs/msg/_position_controller_status_s.c\n'}
[1.848556] (px4_msgs) StdoutLine: {'line': b'-- Up-to-date: /home/mustardking/ws_sensor_combined/install/px4_msgs/local/lib/python3.10/dist-packages/px4_msgs/msg/_estimator_innovations_s.c\n'}
[1.848579] (px4_msgs) StdoutLine: {'line': b'-- Up-to-date: /home/mustardking/ws_sensor_combined/install/px4_msgs/local/lib/python3.10/dist-packages/px4_msgs/msg/_vehicle_imu_s.c\n'}
[1.848602] (px4_msgs) StdoutLine: {'line': b'-- Up-to-date: /home/mustardking/ws_sensor_combined/install/px4_msgs/local/lib/python3.10/dist-packages/px4_msgs/msg/_estimator_bias3d_s.c\n'}
[1.848624] (px4_msgs) StdoutLine: {'line': b'-- Up-to-date: /home/mustardking/ws_sensor_combined/install/px4_msgs/local/lib/python3.10/dist-packages/px4_msgs/msg/_input_rc.py\n'}
[1.848649] (px4_msgs) StdoutLine: {'line': b'-- Up-to-date: /home/mustardking/ws_sensor_combined/install/px4_msgs/local/lib/python3.10/dist-packages/px4_msgs/msg/_vehicle_angular_acceleration_setpoint.py\n'}
[1.848671] (px4_msgs) StdoutLine: {'line': b'-- Up-to-date: /home/mustardking/ws_sensor_combined/install/px4_msgs/local/lib/python3.10/dist-packages/px4_msgs/msg/_gpio_config_s.c\n'}
[1.848693] (px4_msgs) StdoutLine: {'line': b'-- Up-to-date: /home/mustardking/ws_sensor_combined/install/px4_msgs/local/lib/python3.10/dist-packages/px4_msgs/msg/_rtl_status_s.c\n'}
[1.848733] (px4_msgs) StdoutLine: {'line': b'-- Up-to-date: /home/mustardking/ws_sensor_combined/install/px4_msgs/local/lib/python3.10/dist-packages/px4_msgs/msg/_sensors_status_s.c\n'}
[1.848755] (px4_msgs) StdoutLine: {'line': b'-- Up-to-date: /home/mustardking/ws_sensor_combined/install/px4_msgs/local/lib/python3.10/dist-packages/px4_msgs/msg/_px4io_status_s.c\n'}
[1.848777] (px4_msgs) StdoutLine: {'line': b'-- Up-to-date: /home/mustardking/ws_sensor_combined/install/px4_msgs/local/lib/python3.10/dist-packages/px4_msgs/msg/_parameter_reset_request_s.c\n'}
[1.848804] (px4_msgs) StdoutLine: {'line': b'-- Up-to-date: /home/mustardking/ws_sensor_combined/install/px4_msgs/local/lib/python3.10/dist-packages/px4_msgs/msg/_estimator_status_s.c\n'}
[1.848845] (px4_msgs) StdoutLine: {'line': b'-- Up-to-date: /home/mustardking/ws_sensor_combined/install/px4_msgs/local/lib/python3.10/dist-packages/px4_msgs/msg/_internal_combustion_engine_status.py\n'}
[1.848867] (px4_msgs) StdoutLine: {'line': b'-- Up-to-date: /home/mustardking/ws_sensor_combined/install/px4_msgs/local/lib/python3.10/dist-packages/px4_msgs/msg/_battery_info_s.c\n'}
[1.848891] (px4_msgs) StdoutLine: {'line': b'-- Up-to-date: /home/mustardking/ws_sensor_combined/install/px4_msgs/local/lib/python3.10/dist-packages/px4_msgs/msg/_estimator_bias.py\n'}
[1.848913] (px4_msgs) StdoutLine: {'line': b'-- Up-to-date: /home/mustardking/ws_sensor_combined/install/px4_msgs/local/lib/python3.10/dist-packages/px4_msgs/msg/_sensor_mag_s.c\n'}
[1.848935] (px4_msgs) StdoutLine: {'line': b'-- Up-to-date: /home/mustardking/ws_sensor_combined/install/px4_msgs/local/lib/python3.10/dist-packages/px4_msgs/msg/_manual_control_switches_s.c\n'}
[1.848957] (px4_msgs) StdoutLine: {'line': b'-- Up-to-date: /home/mustardking/ws_sensor_combined/install/px4_msgs/local/lib/python3.10/dist-packages/px4_msgs/msg/_camera_status_s.c\n'}
[1.848980] (px4_msgs) StdoutLine: {'line': b'-- Up-to-date: /home/mustardking/ws_sensor_combined/install/px4_msgs/local/lib/python3.10/dist-packages/px4_msgs/msg/_wind_s.c\n'}
[1.849063] (px4_msgs) StdoutLine: {'line': b'-- Up-to-date: /home/mustardking/ws_sensor_combined/install/px4_msgs/local/lib/python3.10/dist-packages/px4_msgs/msg/_fixed_wing_lateral_status.py\n'}
[1.849087] (px4_msgs) StdoutLine: {'line': b'-- Up-to-date: /home/mustardking/ws_sensor_combined/install/px4_msgs/local/lib/python3.10/dist-packages/px4_msgs/msg/_autotune_attitude_control_status.py\n'}
[1.849110] (px4_msgs) StdoutLine: {'line': b'-- Up-to-date: /home/mustardking/ws_sensor_combined/install/px4_msgs/local/lib/python3.10/dist-packages/px4_msgs/msg/_goto_setpoint_s.c\n'}
[1.849148] (px4_msgs) StdoutLine: {'line': b'-- Up-to-date: /home/mustardking/ws_sensor_combined/install/px4_msgs/local/lib/python3.10/dist-packages/px4_msgs/msg/_position_setpoint_triplet.py\n'}
[1.849193] (px4_msgs) StdoutLine: {'line': b'-- Up-to-date: /home/mustardking/ws_sensor_combined/install/px4_msgs/local/lib/python3.10/dist-packages/px4_msgs/msg/_uavcan_parameter_request_s.c\n'}
[1.849233] (px4_msgs) StdoutLine: {'line': b'-- Up-to-date: /home/mustardking/ws_sensor_combined/install/px4_msgs/local/lib/python3.10/dist-packages/px4_msgs/msg/_actuator_armed_s.c\n'}
[1.849605] (px4_msgs) StdoutLine: {'line': b'-- Up-to-date: /home/mustardking/ws_sensor_combined/install/px4_msgs/local/lib/python3.10/dist-packages/px4_msgs/msg/_sensor_gnss_relative_s.c\n'}
[1.849631] (px4_msgs) StdoutLine: {'line': b'-- Up-to-date: /home/mustardking/ws_sensor_combined/install/px4_msgs/local/lib/python3.10/dist-packages/px4_msgs/msg/_offboard_control_mode.py\n'}
[1.849653] (px4_msgs) StdoutLine: {'line': b'-- Up-to-date: /home/mustardking/ws_sensor_combined/install/px4_msgs/local/lib/python3.10/dist-packages/px4_msgs/msg/_register_ext_component_reply.py\n'}
[1.849690] (px4_msgs) StdoutLine: {'line': b'-- Up-to-date: /home/mustardking/ws_sensor_combined/install/px4_msgs/local/lib/python3.10/dist-packages/px4_msgs/msg/_sensor_gyro_fifo_s.c\n'}
[1.849731] (px4_msgs) StdoutLine: {'line': b'-- Up-to-date: /home/mustardking/ws_sensor_combined/install/px4_msgs/local/lib/python3.10/dist-packages/px4_msgs/msg/_action_request_s.c\n'}
[1.849766] (px4_msgs) StdoutLine: {'line': b'-- Up-to-date: /home/mustardking/ws_sensor_combined/install/px4_msgs/local/lib/python3.10/dist-packages/px4_msgs/msg/_sensor_accel.py\n'}
[1.849804] (px4_msgs) StdoutLine: {'line': b'-- Up-to-date: /home/mustardking/ws_sensor_combined/install/px4_msgs/local/lib/python3.10/dist-packages/px4_msgs/msg/_esc_status_s.c\n'}
[1.849858] (px4_msgs) StdoutLine: {'line': b'-- Up-to-date: /home/mustardking/ws_sensor_combined/install/px4_msgs/local/lib/python3.10/dist-packages/px4_msgs/msg/_qshell_retval.py\n'}
[1.849888] (px4_msgs) StdoutLine: {'line': b'-- Up-to-date: /home/mustardking/ws_sensor_combined/install/px4_msgs/local/lib/python3.10/dist-packages/px4_msgs/msg/_tecs_status.py\n'}
[1.849919] (px4_msgs) StdoutLine: {'line': b'-- Up-to-date: /home/mustardking/ws_sensor_combined/install/px4_msgs/local/lib/python3.10/dist-packages/px4_msgs/msg/_flight_phase_estimation.py\n'}
[1.849944] (px4_msgs) StdoutLine: {'line': b'-- Up-to-date: /home/mustardking/ws_sensor_combined/install/px4_msgs/local/lib/python3.10/dist-packages/px4_msgs/msg/_neural_control_s.c\n'}
[1.849976] (px4_msgs) StdoutLine: {'line': b'-- Up-to-date: /home/mustardking/ws_sensor_combined/install/px4_msgs/local/lib/python3.10/dist-packages/px4_msgs/msg/_transponder_report_s.c\n'}
[1.850013] (px4_msgs) StdoutLine: {'line': b'-- Up-to-date: /home/mustardking/ws_sensor_combined/install/px4_msgs/local/lib/python3.10/dist-packages/px4_msgs/msg/_gps_inject_data.py\n'}
[1.850049] (px4_msgs) StdoutLine: {'line': b'-- Up-to-date: /home/mustardking/ws_sensor_combined/install/px4_msgs/local/lib/python3.10/dist-packages/px4_msgs/msg/_sensor_preflight_mag.py\n'}
[1.850080] (px4_msgs) StdoutLine: {'line': b'-- Up-to-date: /home/mustardking/ws_sensor_combined/install/px4_msgs/local/lib/python3.10/dist-packages/px4_msgs/msg/_log_message_s.c\n'}
[1.850105] (px4_msgs) StdoutLine: {'line': b'-- Up-to-date: /home/mustardking/ws_sensor_combined/install/px4_msgs/local/lib/python3.10/dist-packages/px4_msgs/msg/_gps_inject_data_s.c\n'}
[1.850127] (px4_msgs) StdoutLine: {'line': b'-- Up-to-date: /home/mustardking/ws_sensor_combined/install/px4_msgs/local/lib/python3.10/dist-packages/px4_msgs/msg/_rate_ctrl_status_s.c\n'}
[1.850150] (px4_msgs) StdoutLine: {'line': b'-- Up-to-date: /home/mustardking/ws_sensor_combined/install/px4_msgs/local/lib/python3.10/dist-packages/px4_msgs/msg/_gimbal_device_set_attitude_s.c\n'}
[1.850172] (px4_msgs) StdoutLine: {'line': b'-- Up-to-date: /home/mustardking/ws_sensor_combined/install/px4_msgs/local/lib/python3.10/dist-packages/px4_msgs/msg/_mode_completed_s.c\n'}
[1.850195] (px4_msgs) StdoutLine: {'line': b'-- Up-to-date: /home/mustardking/ws_sensor_combined/install/px4_msgs/local/lib/python3.10/dist-packages/px4_msgs/msg/_longitudinal_control_configuration.py\n'}
[1.850217] (px4_msgs) StdoutLine: {'line': b'-- Up-to-date: /home/mustardking/ws_sensor_combined/install/px4_msgs/local/lib/python3.10/dist-packages/px4_msgs/msg/_mag_worker_data.py\n'}
[1.850240] (px4_msgs) StdoutLine: {'line': b'-- Up-to-date: /home/mustardking/ws_sensor_combined/install/px4_msgs/local/lib/python3.10/dist-packages/px4_msgs/msg/_uavcan_parameter_value.py\n'}
[1.850262] (px4_msgs) StdoutLine: {'line': b'-- Up-to-date: /home/mustardking/ws_sensor_combined/install/px4_msgs/local/lib/python3.10/dist-packages/px4_msgs/msg/_gpio_in_s.c\n'}
[1.850284] (px4_msgs) StdoutLine: {'line': b'-- Up-to-date: /home/mustardking/ws_sensor_combined/install/px4_msgs/local/lib/python3.10/dist-packages/px4_msgs/msg/_landing_gear.py\n'}
[1.850306] (px4_msgs) StdoutLine: {'line': b'-- Up-to-date: /home/mustardking/ws_sensor_combined/install/px4_msgs/local/lib/python3.10/dist-packages/px4_msgs/msg/_esc_report.py\n'}
[1.850328] (px4_msgs) StdoutLine: {'line': b'-- Up-to-date: /home/mustardking/ws_sensor_combined/install/px4_msgs/local/lib/python3.10/dist-packages/px4_msgs/msg/_vehicle_torque_setpoint.py\n'}
[1.850350] (px4_msgs) StdoutLine: {'line': b'-- Up-to-date: /home/mustardking/ws_sensor_combined/install/px4_msgs/local/lib/python3.10/dist-packages/px4_msgs/msg/_mount_orientation.py\n'}
[1.850387] (px4_msgs) StdoutLine: {'line': b'-- Up-to-date: /home/mustardking/ws_sensor_combined/install/px4_msgs/local/lib/python3.10/dist-packages/px4_msgs/msg/_config_overrides_s.c\n'}
[1.850411] (px4_msgs) StdoutLine: {'line': b'-- Up-to-date: /home/mustardking/ws_sensor_combined/install/px4_msgs/local/lib/python3.10/dist-packages/px4_msgs/msg/_yaw_estimator_status_s.c\n'}
[1.850434] (px4_msgs) StdoutLine: {'line': b'-- Up-to-date: /home/mustardking/ws_sensor_combined/install/px4_msgs/local/lib/python3.10/dist-packages/px4_msgs/msg/_rover_speed_status_s.c\n'}
[1.850456] (px4_msgs) StdoutLine: {'line': b'-- Up-to-date: /home/mustardking/ws_sensor_combined/install/px4_msgs/local/lib/python3.10/dist-packages/px4_msgs/msg/_position_setpoint_s.c\n'}
[1.850480] (px4_msgs) StdoutLine: {'line': b'-- Up-to-date: /home/mustardking/ws_sensor_combined/install/px4_msgs/local/lib/python3.10/dist-packages/px4_msgs/msg/_actuator_test.py\n'}
[1.850504] (px4_msgs) StdoutLine: {'line': b'-- Up-to-date: /home/mustardking/ws_sensor_combined/install/px4_msgs/local/lib/python3.10/dist-packages/px4_msgs/msg/_position_setpoint_triplet_s.c\n'}
[1.850526] (px4_msgs) StdoutLine: {'line': b'-- Up-to-date: /home/mustardking/ws_sensor_combined/install/px4_msgs/local/lib/python3.10/dist-packages/px4_msgs/msg/_pps_capture.py\n'}
[1.850558] (px4_msgs) StdoutLine: {'line': b'-- Up-to-date: /home/mustardking/ws_sensor_combined/install/px4_msgs/local/lib/python3.10/dist-packages/px4_msgs/msg/_ping.py\n'}
[1.850587] (px4_msgs) StdoutLine: {'line': b'-- Up-to-date: /home/mustardking/ws_sensor_combined/install/px4_msgs/local/lib/python3.10/dist-packages/px4_msgs/msg/_navigator_status.py\n'}
[1.850622] (px4_msgs) StdoutLine: {'line': b'-- Up-to-date: /home/mustardking/ws_sensor_combined/install/px4_msgs/local/lib/python3.10/dist-packages/px4_msgs/msg/_vehicle_acceleration_s.c\n'}
[1.850646] (px4_msgs) StdoutLine: {'line': b'-- Up-to-date: /home/mustardking/ws_sensor_combined/install/px4_msgs/local/lib/python3.10/dist-packages/px4_msgs/msg/_control_allocator_status_s.c\n'}
[1.850668] (px4_msgs) StdoutLine: {'line': b'-- Up-to-date: /home/mustardking/ws_sensor_combined/install/px4_msgs/local/lib/python3.10/dist-packages/px4_msgs/msg/_failure_detector_status_s.c\n'}
[1.850694] (px4_msgs) StdoutLine: {'line': b'-- Up-to-date: /home/mustardking/ws_sensor_combined/install/px4_msgs/local/lib/python3.10/dist-packages/px4_msgs/msg/_sensor_optical_flow.py\n'}
[1.850716] (px4_msgs) StdoutLine: {'line': b'-- Up-to-date: /home/mustardking/ws_sensor_combined/install/px4_msgs/local/lib/python3.10/dist-packages/px4_msgs/msg/_health_report_s.c\n'}
[1.850739] (px4_msgs) StdoutLine: {'line': b'-- Up-to-date: /home/mustardking/ws_sensor_combined/install/px4_msgs/local/lib/python3.10/dist-packages/px4_msgs/msg/_trajectory_setpoint6dof.py\n'}
[1.850762] (px4_msgs) StdoutLine: {'line': b'-- Up-to-date: /home/mustardking/ws_sensor_combined/install/px4_msgs/local/lib/python3.10/dist-packages/px4_msgs/msg/_open_drone_id_arm_status_s.c\n'}
[1.850784] (px4_msgs) StdoutLine: {'line': b'-- Up-to-date: /home/mustardking/ws_sensor_combined/install/px4_msgs/local/lib/python3.10/dist-packages/px4_msgs/msg/_debug_vect.py\n'}
[1.850806] (px4_msgs) StdoutLine: {'line': b'-- Up-to-date: /home/mustardking/ws_sensor_combined/install/px4_msgs/local/lib/python3.10/dist-packages/px4_msgs/msg/_rtl_status.py\n'}
[1.850829] (px4_msgs) StdoutLine: {'line': b'-- Up-to-date: /home/mustardking/ws_sensor_combined/install/px4_msgs/local/lib/python3.10/dist-packages/px4_msgs/msg/_camera_status.py\n'}
[1.850851] (px4_msgs) StdoutLine: {'line': b'-- Up-to-date: /home/mustardking/ws_sensor_combined/install/px4_msgs/local/lib/python3.10/dist-packages/px4_msgs/msg/_sensors_status_imu.py\n'}
[1.850874] (px4_msgs) StdoutLine: {'line': b'-- Up-to-date: /home/mustardking/ws_sensor_combined/install/px4_msgs/local/lib/python3.10/dist-packages/px4_msgs/msg/_vehicle_angular_acceleration_setpoint_s.c\n'}
[1.850897] (px4_msgs) StdoutLine: {'line': b'-- Up-to-date: /home/mustardking/ws_sensor_combined/install/px4_msgs/local/lib/python3.10/dist-packages/px4_msgs/msg/_can_interface_status.py\n'}
[1.850920] (px4_msgs) StdoutLine: {'line': b'-- Up-to-date: /home/mustardking/ws_sensor_combined/install/px4_msgs/local/lib/python3.10/dist-packages/px4_msgs/msg/_cpuload.py\n'}
[1.850942] (px4_msgs) StdoutLine: {'line': b'-- Up-to-date: /home/mustardking/ws_sensor_combined/install/px4_msgs/local/lib/python3.10/dist-packages/px4_msgs/msg/_rtl_time_estimate_s.c\n'}
[1.850964] (px4_msgs) StdoutLine: {'line': b'-- Up-to-date: /home/mustardking/ws_sensor_combined/install/px4_msgs/local/lib/python3.10/dist-packages/px4_msgs/msg/_geofence_result_s.c\n'}
[1.850986] (px4_msgs) StdoutLine: {'line': b'-- Up-to-date: /home/mustardking/ws_sensor_combined/install/px4_msgs/local/lib/python3.10/dist-packages/px4_msgs/msg/_arming_check_reply.py\n'}
[1.851008] (px4_msgs) StdoutLine: {'line': b'-- Up-to-date: /home/mustardking/ws_sensor_combined/install/px4_msgs/local/lib/python3.10/dist-packages/px4_msgs/msg/_camera_trigger_s.c\n'}
[1.851032] (px4_msgs) StdoutLine: {'line': b'-- Up-to-date: /home/mustardking/ws_sensor_combined/install/px4_msgs/local/lib/python3.10/dist-packages/px4_msgs/msg/_estimator_selector_status.py\n'}
[1.851054] (px4_msgs) StdoutLine: {'line': b'-- Up-to-date: /home/mustardking/ws_sensor_combined/install/px4_msgs/local/lib/python3.10/dist-packages/px4_msgs/msg/_failsafe_flags_s.c\n'}
[1.851077] (px4_msgs) StdoutLine: {'line': b'-- Up-to-date: /home/mustardking/ws_sensor_combined/install/px4_msgs/local/lib/python3.10/dist-packages/px4_msgs/msg/_parameter_reset_request.py\n'}
[1.851335] (px4_msgs) StdoutLine: {'line': b'-- Up-to-date: /home/mustardking/ws_sensor_combined/install/px4_msgs/local/lib/python3.10/dist-packages/px4_msgs/msg/_arming_check_request_s.c\n'}
[1.851360] (px4_msgs) StdoutLine: {'line': b'-- Up-to-date: /home/mustardking/ws_sensor_combined/install/px4_msgs/local/lib/python3.10/dist-packages/px4_msgs/msg/_lateral_control_configuration.py\n'}
[1.851384] (px4_msgs) StdoutLine: {'line': b'-- Up-to-date: /home/mustardking/ws_sensor_combined/install/px4_msgs/local/lib/python3.10/dist-packages/px4_msgs/msg/_vehicle_air_data.py\n'}
[1.851407] (px4_msgs) StdoutLine: {'line': b'-- Up-to-date: /home/mustardking/ws_sensor_combined/install/px4_msgs/local/lib/python3.10/dist-packages/px4_msgs/msg/_estimator_aid_source3d.py\n'}
[1.851429] (px4_msgs) StdoutLine: {'line': b'-- Up-to-date: /home/mustardking/ws_sensor_combined/install/px4_msgs/local/lib/python3.10/dist-packages/px4_msgs/msg/_vehicle_attitude_setpoint_s.c\n'}
[1.851451] (px4_msgs) StdoutLine: {'line': b'-- Up-to-date: /home/mustardking/ws_sensor_combined/install/px4_msgs/local/lib/python3.10/dist-packages/px4_msgs/msg/_generator_status_s.c\n'}
[1.851474] (px4_msgs) StdoutLine: {'line': b'-- Up-to-date: /home/mustardking/ws_sensor_combined/install/px4_msgs/local/lib/python3.10/dist-packages/px4_msgs/msg/_open_drone_id_system_s.c\n'}
[1.851497] (px4_msgs) StdoutLine: {'line': b'-- Up-to-date: /home/mustardking/ws_sensor_combined/install/px4_msgs/local/lib/python3.10/dist-packages/px4_msgs/msg/_normalized_unsigned_setpoint.py\n'}
[1.851519] (px4_msgs) StdoutLine: {'line': b'-- Up-to-date: /home/mustardking/ws_sensor_combined/install/px4_msgs/local/lib/python3.10/dist-packages/px4_msgs/msg/_mount_orientation_s.c\n'}
[1.851541] (px4_msgs) StdoutLine: {'line': b'-- Up-to-date: /home/mustardking/ws_sensor_combined/install/px4_msgs/local/lib/python3.10/dist-packages/px4_msgs/msg/_mavlink_log_s.c\n'}
[1.851564] (px4_msgs) StdoutLine: {'line': b'-- Up-to-date: /home/mustardking/ws_sensor_combined/install/px4_msgs/local/lib/python3.10/dist-packages/px4_msgs/msg/_estimator_aid_source2d.py\n'}
[1.851586] (px4_msgs) StdoutLine: {'line': b'-- Up-to-date: /home/mustardking/ws_sensor_combined/install/px4_msgs/local/lib/python3.10/dist-packages/px4_msgs/msg/_mission_result_s.c\n'}
[1.851607] (px4_msgs) StdoutLine: {'line': b'-- Up-to-date: /home/mustardking/ws_sensor_combined/install/px4_msgs/local/lib/python3.10/dist-packages/px4_msgs/msg/_button_event_s.c\n'}
[1.851630] (px4_msgs) StdoutLine: {'line': b'-- Up-to-date: /home/mustardking/ws_sensor_combined/install/px4_msgs/local/lib/python3.10/dist-packages/px4_msgs/msg/_estimator_aid_source1d.py\n'}
[1.851653] (px4_msgs) StdoutLine: {'line': b'-- Up-to-date: /home/mustardking/ws_sensor_combined/install/px4_msgs/local/lib/python3.10/dist-packages/px4_msgs/msg/_register_ext_component_reply_s.c\n'}
[1.851679] (px4_msgs) StdoutLine: {'line': b'-- Up-to-date: /home/mustardking/ws_sensor_combined/install/px4_msgs/local/lib/python3.10/dist-packages/px4_msgs/msg/_rtl_time_estimate.py\n'}
[1.851701] (px4_msgs) StdoutLine: {'line': b'-- Up-to-date: /home/mustardking/ws_sensor_combined/install/px4_msgs/local/lib/python3.10/dist-packages/px4_msgs/msg/_sensor_baro.py\n'}
[1.851724] (px4_msgs) StdoutLine: {'line': b'-- Up-to-date: /home/mustardking/ws_sensor_combined/install/px4_msgs/local/lib/python3.10/dist-packages/px4_msgs/msg/_input_rc_s.c\n'}
[1.851763] (px4_msgs) StdoutLine: {'line': b'-- Up-to-date: /home/mustardking/ws_sensor_combined/install/px4_msgs/local/lib/python3.10/dist-packages/px4_msgs/msg/_rc_channels_s.c\n'}
[1.851787] (px4_msgs) StdoutLine: {'line': b'-- Up-to-date: /home/mustardking/ws_sensor_combined/install/px4_msgs/local/lib/python3.10/dist-packages/px4_msgs/msg/_mag_worker_data_s.c\n'}
[1.851821] (px4_msgs) StdoutLine: {'line': b'-- Up-to-date: /home/mustardking/ws_sensor_combined/install/px4_msgs/local/lib/python3.10/dist-packages/px4_msgs/msg/_gimbal_controls.py\n'}
[1.851845] (px4_msgs) StdoutLine: {'line': b'-- Up-to-date: /home/mustardking/ws_sensor_combined/install/px4_msgs/local/lib/python3.10/dist-packages/px4_msgs/msg/_trajectory_setpoint6dof_s.c\n'}
[1.851869] (px4_msgs) StdoutLine: {'line': b'-- Up-to-date: /home/mustardking/ws_sensor_combined/install/px4_msgs/local/lib/python3.10/dist-packages/px4_msgs/msg/_sensor_combined_s.c\n'}
[1.851892] (px4_msgs) StdoutLine: {'line': b'-- Up-to-date: /home/mustardking/ws_sensor_combined/install/px4_msgs/local/lib/python3.10/dist-packages/px4_msgs/msg/_vehicle_status.py\n'}
[1.851924] (px4_msgs) StdoutLine: {'line': b'-- Up-to-date: /home/mustardking/ws_sensor_combined/install/px4_msgs/local/lib/python3.10/dist-packages/px4_msgs/msg/_estimator_aid_source1d_s.c\n'}
[1.851958] (px4_msgs) StdoutLine: {'line': b'-- Up-to-date: /home/mustardking/ws_sensor_combined/install/px4_msgs/local/lib/python3.10/dist-packages/px4_msgs/msg/_vehicle_local_position.py\n'}
[1.851998] (px4_msgs) StdoutLine: {'line': b'-- Up-to-date: /home/mustardking/ws_sensor_combined/install/px4_msgs/local/lib/python3.10/dist-packages/px4_msgs/msg/_estimator_selector_status_s.c\n'}
[1.852037] (px4_msgs) StdoutLine: {'line': b'-- Up-to-date: /home/mustardking/ws_sensor_combined/install/px4_msgs/local/lib/python3.10/dist-packages/px4_msgs/msg/_adc_report_s.c\n'}
[1.852079] (px4_msgs) StdoutLine: {'line': b'-- Up-to-date: /home/mustardking/ws_sensor_combined/install/px4_msgs/local/lib/python3.10/dist-packages/px4_msgs/msg/_trajectory_setpoint_s.c\n'}
[1.852127] (px4_msgs) StdoutLine: {'line': b'-- Up-to-date: /home/mustardking/ws_sensor_combined/install/px4_msgs/local/lib/python3.10/dist-packages/px4_msgs/msg/_gimbal_device_attitude_status.py\n'}
[1.852156] (px4_msgs) StdoutLine: {'line': b'-- Up-to-date: /home/mustardking/ws_sensor_combined/install/px4_msgs/local/lib/python3.10/dist-packages/px4_msgs/msg/_vehicle_command_ack_s.c\n'}
[1.852219] (px4_msgs) StdoutLine: {'line': b'-- Up-to-date: /home/mustardking/ws_sensor_combined/install/px4_msgs/local/lib/python3.10/dist-packages/px4_msgs/msg/_magnetometer_bias_estimate.py\n'}
[1.852415] (px4_msgs) StdoutLine: {'line': b'-- Up-to-date: /home/mustardking/ws_sensor_combined/install/px4_msgs/local/lib/python3.10/dist-packages/px4_msgs/msg/_landing_target_pose.py\n'}
[1.852598] (px4_msgs) StdoutLine: {'line': b'-- Up-to-date: /home/mustardking/ws_sensor_combined/install/px4_msgs/local/lib/python3.10/dist-packages/px4_msgs/msg/_sensor_hygrometer.py\n'}
[1.852781] (px4_msgs) StdoutLine: {'line': b'-- Up-to-date: /home/mustardking/ws_sensor_combined/install/px4_msgs/local/lib/python3.10/dist-packages/px4_msgs/msg/_vehicle_local_position_s.c\n'}
[1.852847] (px4_msgs) StdoutLine: {'line': b'-- Up-to-date: /home/mustardking/ws_sensor_combined/install/px4_msgs/local/lib/python3.10/dist-packages/px4_msgs/msg/_rover_attitude_setpoint.py\n'}
[1.852905] (px4_msgs) StdoutLine: {'line': b'-- Up-to-date: /home/mustardking/ws_sensor_combined/install/px4_msgs/local/lib/python3.10/dist-packages/px4_msgs/msg/_qshell_retval_s.c\n'}
[1.852942] (px4_msgs) StdoutLine: {'line': b'-- Up-to-date: /home/mustardking/ws_sensor_combined/install/px4_msgs/local/lib/python3.10/dist-packages/px4_msgs/msg/_vtol_vehicle_status.py\n'}
[1.852979] (px4_msgs) StdoutLine: {'line': b'-- Up-to-date: /home/mustardking/ws_sensor_combined/install/px4_msgs/local/lib/python3.10/dist-packages/px4_msgs/msg/_mavlink_tunnel_s.c\n'}
[1.853121] (px4_msgs) StdoutLine: {'line': b'-- Up-to-date: /home/mustardking/ws_sensor_combined/install/px4_msgs/local/lib/python3.10/dist-packages/px4_msgs/msg/_follow_target_estimator.py\n'}
[1.853251] (px4_msgs) StdoutLine: {'line': b'-- Up-to-date: /home/mustardking/ws_sensor_combined/install/px4_msgs/local/lib/python3.10/dist-packages/px4_msgs/msg/_vehicle_local_position_setpoint.py\n'}
[1.853302] (px4_msgs) StdoutLine: {'line': b'-- Up-to-date: /home/mustardking/ws_sensor_combined/install/px4_msgs/local/lib/python3.10/dist-packages/px4_msgs/msg/_vehicle_roi.py\n'}
[1.853467] (px4_msgs) StdoutLine: {'line': b'-- Up-to-date: /home/mustardking/ws_sensor_combined/install/px4_msgs/local/lib/python3.10/dist-packages/px4_msgs/msg/__init__.py\n'}
[1.853523] (px4_msgs) StdoutLine: {'line': b'-- Up-to-date: /home/mustardking/ws_sensor_combined/install/px4_msgs/local/lib/python3.10/dist-packages/px4_msgs/msg/_rover_position_setpoint.py\n'}
[1.853570] (px4_msgs) StdoutLine: {'line': b'-- Up-to-date: /home/mustardking/ws_sensor_combined/install/px4_msgs/local/lib/python3.10/dist-packages/px4_msgs/msg/_orb_test_s.c\n'}
[1.854323] (px4_msgs) StdoutLine: {'line': b'-- Up-to-date: /home/mustardking/ws_sensor_combined/install/px4_msgs/local/lib/python3.10/dist-packages/px4_msgs/msg/_iridiumsbd_status_s.c\n'}
[1.854454] (px4_msgs) StdoutLine: {'line': b'-- Up-to-date: /home/mustardking/ws_sensor_combined/install/px4_msgs/local/lib/python3.10/dist-packages/px4_msgs/msg/_sensors_status_imu_s.c\n'}
[1.854554] (px4_msgs) StdoutLine: {'line': b'-- Up-to-date: /home/mustardking/ws_sensor_combined/install/px4_msgs/local/lib/python3.10/dist-packages/px4_msgs/msg/_estimator_event_flags.py\n'}
[1.854638] (px4_msgs) StdoutLine: {'line': b'-- Up-to-date: /home/mustardking/ws_sensor_combined/install/px4_msgs/local/lib/python3.10/dist-packages/px4_msgs/msg/_sensor_gyro.py\n'}
[1.854668] (px4_msgs) StdoutLine: {'line': b'-- Up-to-date: /home/mustardking/ws_sensor_combined/install/px4_msgs/local/lib/python3.10/dist-packages/px4_msgs/msg/_arming_check_reply_s.c\n'}
[1.854692] (px4_msgs) StdoutLine: {'line': b'-- Up-to-date: /home/mustardking/ws_sensor_combined/install/px4_msgs/local/lib/python3.10/dist-packages/px4_msgs/msg/_follow_target_estimator_s.c\n'}
[1.854716] (px4_msgs) StdoutLine: {'line': b'-- Up-to-date: /home/mustardking/ws_sensor_combined/install/px4_msgs/local/lib/python3.10/dist-packages/px4_msgs/msg/_uavcan_parameter_request.py\n'}
[1.855084] (px4_msgs) StdoutLine: {'line': b'-- Up-to-date: /home/mustardking/ws_sensor_combined/install/px4_msgs/local/lib/python3.10/dist-packages/px4_msgs/msg/_distance_sensor_s.c\n'}
[1.855139] (px4_msgs) StdoutLine: {'line': b'-- Up-to-date: /home/mustardking/ws_sensor_combined/install/px4_msgs/local/lib/python3.10/dist-packages/px4_msgs/msg/_led_control.py\n'}
[1.855214] (px4_msgs) StdoutLine: {'line': b'-- Up-to-date: /home/mustardking/ws_sensor_combined/install/px4_msgs/local/lib/python3.10/dist-packages/px4_msgs/msg/_debug_value_s.c\n'}
[1.855381] (px4_msgs) StdoutLine: {'line': b'-- Up-to-date: /home/mustardking/ws_sensor_combined/install/px4_msgs/local/lib/python3.10/dist-packages/px4_msgs/msg/_rover_steering_setpoint_s.c\n'}
[1.855427] (px4_msgs) StdoutLine: {'line': b'-- Up-to-date: /home/mustardking/ws_sensor_combined/install/px4_msgs/local/lib/python3.10/dist-packages/px4_msgs/msg/_mavlink_tunnel.py\n'}
[1.855456] (px4_msgs) StdoutLine: {'line': b'-- Up-to-date: /home/mustardking/ws_sensor_combined/install/px4_msgs/local/lib/python3.10/dist-packages/px4_msgs/msg/_home_position.py\n'}
[1.855483] (px4_msgs) StdoutLine: {'line': b'-- Up-to-date: /home/mustardking/ws_sensor_combined/install/px4_msgs/local/lib/python3.10/dist-packages/px4_msgs/msg/_radio_status_s.c\n'}
[1.855505] (px4_msgs) StdoutLine: {'line': b'-- Up-to-date: /home/mustardking/ws_sensor_combined/install/px4_msgs/local/lib/python3.10/dist-packages/px4_msgs/msg/_sensor_gyro_s.c\n'}
[1.855552] (px4_msgs) StdoutLine: {'line': b'-- Up-to-date: /home/mustardking/ws_sensor_combined/install/px4_msgs/local/lib/python3.10/dist-packages/px4_msgs/msg/_heater_status_s.c\n'}
[1.855576] (px4_msgs) StdoutLine: {'line': b'-- Up-to-date: /home/mustardking/ws_sensor_combined/install/px4_msgs/local/lib/python3.10/dist-packages/px4_msgs/msg/_vehicle_control_mode_s.c\n'}
[1.855600] (px4_msgs) StdoutLine: {'line': b'-- Up-to-date: /home/mustardking/ws_sensor_combined/install/px4_msgs/local/lib/python3.10/dist-packages/px4_msgs/msg/_actuator_outputs_s.c\n'}
[1.855625] (px4_msgs) StdoutLine: {'line': b'-- Up-to-date: /home/mustardking/ws_sensor_combined/install/px4_msgs/local/lib/python3.10/dist-packages/px4_msgs/msg/_actuator_outputs.py\n'}
[1.855662] (px4_msgs) StdoutLine: {'line': b'-- Up-to-date: /home/mustardking/ws_sensor_combined/install/px4_msgs/local/lib/python3.10/dist-packages/px4_msgs/msg/_gimbal_manager_status_s.c\n'}
[1.855713] (px4_msgs) StdoutLine: {'line': b'-- Up-to-date: /home/mustardking/ws_sensor_combined/install/px4_msgs/local/lib/python3.10/dist-packages/px4_msgs/msg/_vehicle_optical_flow.py\n'}
[1.855744] (px4_msgs) StdoutLine: {'line': b'-- Up-to-date: /home/mustardking/ws_sensor_combined/install/px4_msgs/local/lib/python3.10/dist-packages/px4_msgs/msg/_vehicle_constraints_s.c\n'}
[1.855835] (px4_msgs) StdoutLine: {'line': b'-- Up-to-date: /home/mustardking/ws_sensor_combined/install/px4_msgs/local/lib/python3.10/dist-packages/px4_msgs/msg/_wheel_encoders_s.c\n'}
[1.855911] (px4_msgs) StdoutLine: {'line': b'-- Up-to-date: /home/mustardking/ws_sensor_combined/install/px4_msgs/local/lib/python3.10/dist-packages/px4_msgs/msg/_gimbal_manager_status.py\n'}
[1.855988] (px4_msgs) StdoutLine: {'line': b'-- Up-to-date: /home/mustardking/ws_sensor_combined/install/px4_msgs/local/lib/python3.10/dist-packages/px4_msgs/msg/_rover_attitude_setpoint_s.c\n'}
[1.856032] (px4_msgs) StdoutLine: {'line': b'-- Up-to-date: /home/mustardking/ws_sensor_combined/install/px4_msgs/local/lib/python3.10/dist-packages/px4_msgs/msg/_rover_rate_setpoint.py\n'}
[1.856096] (px4_msgs) StdoutLine: {'line': b'-- Up-to-date: /home/mustardking/ws_sensor_combined/install/px4_msgs/local/lib/python3.10/dist-packages/px4_msgs/msg/_landing_target_innovations_s.c\n'}
[1.857094] (px4_msgs) StdoutLine: {'line': b'-- Up-to-date: /home/mustardking/ws_sensor_combined/install/px4_msgs/local/lib/python3.10/dist-packages/px4_msgs/msg/_uavcan_parameter_value_s.c\n'}
[1.857842] (px4_msgs) StdoutLine: {'line': b'-- Up-to-date: /home/mustardking/ws_sensor_combined/install/px4_msgs/local/lib/python3.10/dist-packages/px4_msgs/msg/_airspeed_validated.py\n'}
[1.857973] (px4_msgs) StdoutLine: {'line': b'-- Up-to-date: /home/mustardking/ws_sensor_combined/install/px4_msgs/local/lib/python3.10/dist-packages/px4_msgs/msg/_gripper.py\n'}
[1.858019] (px4_msgs) StdoutLine: {'line': b'-- Up-to-date: /home/mustardking/ws_sensor_combined/install/px4_msgs/local/lib/python3.10/dist-packages/px4_msgs/msg/_control_allocator_status.py\n'}
[1.858049] (px4_msgs) StdoutLine: {'line': b'-- Up-to-date: /home/mustardking/ws_sensor_combined/install/px4_msgs/local/lib/python3.10/dist-packages/px4_msgs/msg/_wind.py\n'}
[1.858100] (px4_msgs) StdoutLine: {'line': b'-- Up-to-date: /home/mustardking/ws_sensor_combined/install/px4_msgs/local/lib/python3.10/dist-packages/px4_msgs/msg/_arming_check_request.py\n'}
[1.858177] (px4_msgs) StdoutLine: {'line': b'-- Up-to-date: /home/mustardking/ws_sensor_combined/install/px4_msgs/local/lib/python3.10/dist-packages/px4_msgs/msg/_figure_eight_status.py\n'}
[1.858318] (px4_msgs) StdoutLine: {'line': b'-- Up-to-date: /home/mustardking/ws_sensor_combined/install/px4_msgs/local/lib/python3.10/dist-packages/px4_msgs/msg/_parameter_set_used_request.py\n'}
[1.858367] (px4_msgs) StdoutLine: {'line': b'-- Up-to-date: /home/mustardking/ws_sensor_combined/install/px4_msgs/local/lib/python3.10/dist-packages/px4_msgs/msg/_gimbal_manager_set_manual_control_s.c\n'}
[1.858403] (px4_msgs) StdoutLine: {'line': b'-- Up-to-date: /home/mustardking/ws_sensor_combined/install/px4_msgs/local/lib/python3.10/dist-packages/px4_msgs/msg/_rover_rate_setpoint_s.c\n'}
[1.858435] (px4_msgs) StdoutLine: {'line': b'-- Up-to-date: /home/mustardking/ws_sensor_combined/install/px4_msgs/local/lib/python3.10/dist-packages/px4_msgs/msg/_gps_dump_s.c\n'}
[1.858540] (px4_msgs) StdoutLine: {'line': b'-- Up-to-date: /home/mustardking/ws_sensor_combined/install/px4_msgs/local/lib/python3.10/dist-packages/px4_msgs/msg/_sensor_baro_s.c\n'}
[1.858585] (px4_msgs) StdoutLine: {'line': b'-- Up-to-date: /home/mustardking/ws_sensor_combined/install/px4_msgs/local/lib/python3.10/dist-packages/px4_msgs/msg/_longitudinal_control_configuration_s.c\n'}
[1.858619] (px4_msgs) StdoutLine: {'line': b'-- Up-to-date: /home/mustardking/ws_sensor_combined/install/px4_msgs/local/lib/python3.10/dist-packages/px4_msgs/msg/_offboard_control_mode_s.c\n'}
[1.858737] (px4_msgs) StdoutLine: {'line': b'-- Up-to-date: /home/mustardking/ws_sensor_combined/install/px4_msgs/local/lib/python3.10/dist-packages/px4_msgs/msg/_wheel_encoders.py\n'}
[1.858801] (px4_msgs) StdoutLine: {'line': b'-- Up-to-date: /home/mustardking/ws_sensor_combined/install/px4_msgs/local/lib/python3.10/dist-packages/px4_msgs/msg/_airspeed_s.c\n'}
[1.858845] (px4_msgs) StdoutLine: {'line': b'-- Up-to-date: /home/mustardking/ws_sensor_combined/install/px4_msgs/local/lib/python3.10/dist-packages/px4_msgs/msg/_register_ext_component_request_s.c\n'}
[1.858869] (px4_msgs) StdoutLine: {'line': b'-- Up-to-date: /home/mustardking/ws_sensor_combined/install/px4_msgs/local/lib/python3.10/dist-packages/px4_msgs/msg/_navigator_mission_item.py\n'}
[1.858892] (px4_msgs) StdoutLine: {'line': b'-- Up-to-date: /home/mustardking/ws_sensor_combined/install/px4_msgs/local/lib/python3.10/dist-packages/px4_msgs/msg/_failsafe_flags.py\n'}
[1.858960] (px4_msgs) StdoutLine: {'line': b'-- Up-to-date: /home/mustardking/ws_sensor_combined/install/px4_msgs/local/lib/python3.10/dist-packages/px4_msgs/msg/_logger_status_s.c\n'}
[1.859009] (px4_msgs) StdoutLine: {'line': b'-- Up-to-date: /home/mustardking/ws_sensor_combined/install/px4_msgs/local/lib/python3.10/dist-packages/px4_msgs/msg/_rover_steering_setpoint.py\n'}
[1.859047] (px4_msgs) StdoutLine: {'line': b'-- Up-to-date: /home/mustardking/ws_sensor_combined/install/px4_msgs/local/lib/python3.10/dist-packages/px4_msgs/msg/_power_monitor.py\n'}
[1.859116] (px4_msgs) StdoutLine: {'line': b'-- Up-to-date: /home/mustardking/ws_sensor_combined/install/px4_msgs/local/lib/python3.10/dist-packages/px4_msgs/msg/_open_drone_id_self_id.py\n'}
[1.859261] (px4_msgs) StdoutLine: {'line': b'-- Up-to-date: /home/mustardking/ws_sensor_combined/install/px4_msgs/local/lib/python3.10/dist-packages/px4_msgs/msg/_vehicle_status_s.c\n'}
[1.859313] (px4_msgs) StdoutLine: {'line': b'-- Up-to-date: /home/mustardking/ws_sensor_combined/install/px4_msgs/local/lib/python3.10/dist-packages/px4_msgs/msg/_vehicle_thrust_setpoint_s.c\n'}
[1.859374] (px4_msgs) StdoutLine: {'line': b'-- Up-to-date: /home/mustardking/ws_sensor_combined/install/px4_msgs/local/lib/python3.10/dist-packages/px4_msgs/msg/_sensor_mag.py\n'}
[1.859405] (px4_msgs) StdoutLine: {'line': b'-- Up-to-date: /home/mustardking/ws_sensor_combined/install/px4_msgs/local/lib/python3.10/dist-packages/px4_msgs/msg/_rpm.py\n'}
[1.859445] (px4_msgs) StdoutLine: {'line': b'-- Up-to-date: /home/mustardking/ws_sensor_combined/install/px4_msgs/local/lib/python3.10/dist-packages/px4_msgs/msg/_estimator_bias_s.c\n'}
[1.859762] (px4_msgs) StdoutLine: {'line': b'-- Up-to-date: /home/mustardking/ws_sensor_combined/install/px4_msgs/local/lib/python3.10/dist-packages/px4_msgs/msg/_led_control_s.c\n'}
[1.859799] (px4_msgs) StdoutLine: {'line': b'-- Up-to-date: /home/mustardking/ws_sensor_combined/install/px4_msgs/local/lib/python3.10/dist-packages/px4_msgs/msg/_sensor_gyro_fft.py\n'}
[1.859822] (px4_msgs) StdoutLine: {'line': b'-- Up-to-date: /home/mustardking/ws_sensor_combined/install/px4_msgs/local/lib/python3.10/dist-packages/px4_msgs/msg/_actuator_servos.py\n'}
[1.859869] (px4_msgs) StdoutLine: {'line': b'-- Up-to-date: /home/mustardking/ws_sensor_combined/install/px4_msgs/local/lib/python3.10/dist-packages/px4_msgs/msg/_orb_test_large_s.c\n'}
[1.859891] (px4_msgs) StdoutLine: {'line': b'-- Up-to-date: /home/mustardking/ws_sensor_combined/install/px4_msgs/local/lib/python3.10/dist-packages/px4_msgs/msg/_fixed_wing_lateral_guidance_status.py\n'}
[1.859930] (px4_msgs) StdoutLine: {'line': b'-- Up-to-date: /home/mustardking/ws_sensor_combined/install/px4_msgs/local/lib/python3.10/dist-packages/px4_msgs/msg/_generator_status.py\n'}
[1.859995] (px4_msgs) StdoutLine: {'line': b'-- Up-to-date: /home/mustardking/ws_sensor_combined/install/px4_msgs/local/lib/python3.10/dist-packages/px4_msgs/msg/_gimbal_device_attitude_status_s.c\n'}
[1.860022] (px4_msgs) StdoutLine: {'line': b'-- Up-to-date: /home/mustardking/ws_sensor_combined/install/px4_msgs/local/lib/python3.10/dist-packages/px4_msgs/msg/_sensor_gnss_status_s.c\n'}
[1.860046] (px4_msgs) StdoutLine: {'line': b'-- Up-to-date: /home/mustardking/ws_sensor_combined/install/px4_msgs/local/lib/python3.10/dist-packages/px4_msgs/msg/_camera_trigger.py\n'}
[1.860069] (px4_msgs) StdoutLine: {'line': b'-- Up-to-date: /home/mustardking/ws_sensor_combined/install/px4_msgs/local/lib/python3.10/dist-packages/px4_msgs/msg/_orbit_status_s.c\n'}
[1.860091] (px4_msgs) StdoutLine: {'line': b'-- Up-to-date: /home/mustardking/ws_sensor_combined/install/px4_msgs/local/lib/python3.10/dist-packages/px4_msgs/msg/_message_format_response_s.c\n'}
[1.860127] (px4_msgs) StdoutLine: {'line': b'-- Up-to-date: /home/mustardking/ws_sensor_combined/install/px4_msgs/local/lib/python3.10/dist-packages/px4_msgs/msg/_vehicle_constraints.py\n'}
[1.860150] (px4_msgs) StdoutLine: {'line': b'-- Up-to-date: /home/mustardking/ws_sensor_combined/install/px4_msgs/local/lib/python3.10/dist-packages/px4_msgs/msg/_timesync_status_s.c\n'}
[1.860172] (px4_msgs) StdoutLine: {'line': b'-- Up-to-date: /home/mustardking/ws_sensor_combined/install/px4_msgs/local/lib/python3.10/dist-packages/px4_msgs/msg/_navigator_status_s.c\n'}
[1.860225] (px4_msgs) StdoutLine: {'line': b'-- Up-to-date: /home/mustardking/ws_sensor_combined/install/px4_msgs/local/lib/python3.10/dist-packages/px4_msgs/msg/_obstacle_distance_s.c\n'}
[1.860250] (px4_msgs) StdoutLine: {'line': b'-- Up-to-date: /home/mustardking/ws_sensor_combined/install/px4_msgs/local/lib/python3.10/dist-packages/px4_msgs/msg/_parameter_set_value_response.py\n'}
[1.860331] (px4_msgs) StdoutLine: {'line': b'-- Up-to-date: /home/mustardking/ws_sensor_combined/install/px4_msgs/local/lib/python3.10/dist-packages/px4_msgs/msg/_vehicle_acceleration.py\n'}
[1.860356] (px4_msgs) StdoutLine: {'line': b'-- Up-to-date: /home/mustardking/ws_sensor_combined/install/px4_msgs/local/lib/python3.10/dist-packages/px4_msgs/msg/_rc_channels.py\n'}
[1.860379] (px4_msgs) StdoutLine: {'line': b'-- Up-to-date: /home/mustardking/ws_sensor_combined/install/px4_msgs/local/lib/python3.10/dist-packages/px4_msgs/msg/_velocity_limits_s.c\n'}
[1.860420] (px4_msgs) StdoutLine: {'line': b'-- Up-to-date: /home/mustardking/ws_sensor_combined/install/px4_msgs/local/lib/python3.10/dist-packages/px4_msgs/msg/_estimator_states.py\n'}
[1.860444] (px4_msgs) StdoutLine: {'line': b'-- Up-to-date: /home/mustardking/ws_sensor_combined/install/px4_msgs/local/lib/python3.10/dist-packages/px4_msgs/msg/_config_overrides.py\n'}
[1.860465] (px4_msgs) StdoutLine: {'line': b'-- Up-to-date: /home/mustardking/ws_sensor_combined/install/px4_msgs/local/lib/python3.10/dist-packages/px4_msgs/msg/_pps_capture_s.c\n'}
[1.860487] (px4_msgs) StdoutLine: {'line': b'-- Up-to-date: /home/mustardking/ws_sensor_combined/install/px4_msgs/local/lib/python3.10/dist-packages/px4_msgs/msg/_pwm_input.py\n'}
[1.860510] (px4_msgs) StdoutLine: {'line': b'-- Up-to-date: /home/mustardking/ws_sensor_combined/install/px4_msgs/local/lib/python3.10/dist-packages/px4_msgs/msg/_vehicle_land_detected_s.c\n'}
[1.860556] (px4_msgs) StdoutLine: {'line': b'-- Up-to-date: /home/mustardking/ws_sensor_combined/install/px4_msgs/local/lib/python3.10/dist-packages/px4_msgs/msg/_vehicle_magnetometer_s.c\n'}
[1.860589] (px4_msgs) StdoutLine: {'line': b'-- Up-to-date: /home/mustardking/ws_sensor_combined/install/px4_msgs/local/lib/python3.10/dist-packages/px4_msgs/msg/_vehicle_command_ack.py\n'}
[1.860611] (px4_msgs) StdoutLine: {'line': b'-- Up-to-date: /home/mustardking/ws_sensor_combined/install/px4_msgs/local/lib/python3.10/dist-packages/px4_msgs/msg/_vehicle_local_position_setpoint_s.c\n'}
[1.860649] (px4_msgs) StdoutLine: {'line': b'-- Up-to-date: /home/mustardking/ws_sensor_combined/install/px4_msgs/local/lib/python3.10/dist-packages/px4_msgs/msg/_pure_pursuit_status_s.c\n'}
[1.860671] (px4_msgs) StdoutLine: {'line': b'-- Up-to-date: /home/mustardking/ws_sensor_combined/install/px4_msgs/local/lib/python3.10/dist-packages/px4_msgs/msg/_event.py\n'}
[1.860693] (px4_msgs) StdoutLine: {'line': b'-- Up-to-date: /home/mustardking/ws_sensor_combined/install/px4_msgs/local/lib/python3.10/dist-packages/px4_msgs/msg/_camera_capture_s.c\n'}
[1.860779] (px4_msgs) StdoutLine: {'line': b'-- Up-to-date: /home/mustardking/ws_sensor_combined/install/px4_msgs/local/lib/python3.10/dist-packages/px4_msgs/msg/_launch_detection_status_s.c\n'}
[1.860804] (px4_msgs) StdoutLine: {'line': b'-- Up-to-date: /home/mustardking/ws_sensor_combined/install/px4_msgs/local/lib/python3.10/dist-packages/px4_msgs/msg/_dataman_request.py\n'}
[1.860827] (px4_msgs) StdoutLine: {'line': b'-- Up-to-date: /home/mustardking/ws_sensor_combined/install/px4_msgs/local/lib/python3.10/dist-packages/px4_msgs/msg/_sensor_gnss_status.py\n'}
[1.860866] (px4_msgs) StdoutLine: {'line': b'-- Up-to-date: /home/mustardking/ws_sensor_combined/install/px4_msgs/local/lib/python3.10/dist-packages/px4_msgs/msg/_rover_position_setpoint_s.c\n'}
[1.860895] (px4_msgs) StdoutLine: {'line': b'-- Up-to-date: /home/mustardking/ws_sensor_combined/install/px4_msgs/local/lib/python3.10/dist-packages/px4_msgs/msg/_collision_constraints_s.c\n'}
[1.863732] (px4_msgs) StdoutLine: {'line': b'-- Up-to-date: /home/mustardking/ws_sensor_combined/install/px4_msgs/local/lib/python3.10/dist-packages/px4_msgs/msg/_internal_combustion_engine_control_s.c\n'}
[1.863768] (px4_msgs) StdoutLine: {'line': b'-- Up-to-date: /home/mustardking/ws_sensor_combined/install/px4_msgs/local/lib/python3.10/dist-packages/px4_msgs/msg/_landing_target_innovations.py\n'}
[1.863792] (px4_msgs) StdoutLine: {'line': b'-- Up-to-date: /home/mustardking/ws_sensor_combined/install/px4_msgs/local/lib/python3.10/dist-packages/px4_msgs/msg/_follow_target_status.py\n'}
[1.863831] (px4_msgs) StdoutLine: {'line': b'-- Up-to-date: /home/mustardking/ws_sensor_combined/install/px4_msgs/local/lib/python3.10/dist-packages/px4_msgs/msg/_telemetry_status.py\n'}
[1.863871] (px4_msgs) StdoutLine: {'line': b'-- Up-to-date: /home/mustardking/ws_sensor_combined/install/px4_msgs/local/lib/python3.10/dist-packages/px4_msgs/msg/_orbit_status.py\n'}
[1.863947] (px4_msgs) StdoutLine: {'line': b'-- Up-to-date: /home/mustardking/ws_sensor_combined/install/px4_msgs/local/lib/python3.10/dist-packages/px4_msgs/msg/_sensor_optical_flow_s.c\n'}
[1.863976] (px4_msgs) StdoutLine: {'line': b'-- Up-to-date: /home/mustardking/ws_sensor_combined/install/px4_msgs/local/lib/python3.10/dist-packages/px4_msgs/msg/_message_format_request_s.c\n'}
[1.863998] (px4_msgs) StdoutLine: {'line': b'-- Up-to-date: /home/mustardking/ws_sensor_combined/install/px4_msgs/local/lib/python3.10/dist-packages/px4_msgs/msg/_vehicle_control_mode.py\n'}
[1.864033] (px4_msgs) StdoutLine: {'line': b'-- Up-to-date: /home/mustardking/ws_sensor_combined/install/px4_msgs/local/lib/python3.10/dist-packages/px4_msgs/msg/_autotune_attitude_control_status_s.c\n'}
[1.864091] (px4_msgs) StdoutLine: {'line': b'-- Up-to-date: /home/mustardking/ws_sensor_combined/install/px4_msgs/local/lib/python3.10/dist-packages/px4_msgs/msg/_camera_capture.py\n'}
[1.864134] (px4_msgs) StdoutLine: {'line': b'-- Up-to-date: /home/mustardking/ws_sensor_combined/install/px4_msgs/local/lib/python3.10/dist-packages/px4_msgs/msg/_position_setpoint.py\n'}
[1.864159] (px4_msgs) StdoutLine: {'line': b'-- Up-to-date: /home/mustardking/ws_sensor_combined/install/px4_msgs/local/lib/python3.10/dist-packages/px4_msgs/msg/_heater_status.py\n'}
[1.864191] (px4_msgs) StdoutLine: {'line': b'-- Up-to-date: /home/mustardking/ws_sensor_combined/install/px4_msgs/local/lib/python3.10/dist-packages/px4_msgs/msg/_open_drone_id_self_id_s.c\n'}
[1.864246] (px4_msgs) StdoutLine: {'line': b'-- Up-to-date: /home/mustardking/ws_sensor_combined/install/px4_msgs/local/lib/python3.10/dist-packages/px4_msgs/msg/_system_power.py\n'}
[1.864515] (px4_msgs) StdoutLine: {'line': b'-- Up-to-date: /home/mustardking/ws_sensor_combined/install/px4_msgs/local/lib/python3.10/dist-packages/px4_msgs/msg/_open_drone_id_arm_status.py\n'}
[1.864629] (px4_msgs) StdoutLine: {'line': b'-- Up-to-date: /home/mustardking/ws_sensor_combined/install/px4_msgs/local/lib/python3.10/dist-packages/px4_msgs/msg/_vehicle_imu.py\n'}
[1.864728] (px4_msgs) StdoutLine: {'line': b'-- Up-to-date: /home/mustardking/ws_sensor_combined/install/px4_msgs/local/lib/python3.10/dist-packages/px4_msgs/msg/_debug_array_s.c\n'}
[1.864815] (px4_msgs) StdoutLine: {'line': b'-- Up-to-date: /home/mustardking/ws_sensor_combined/install/px4_msgs/local/lib/python3.10/dist-packages/px4_msgs/msg/_tune_control.py\n'}
[1.864915] (px4_msgs) StdoutLine: {'line': b'-- Up-to-date: /home/mustardking/ws_sensor_combined/install/px4_msgs/local/lib/python3.10/dist-packages/px4_msgs/msg/_ulog_stream_ack.py\n'}
[1.864991] (px4_msgs) StdoutLine: {'line': b'-- Up-to-date: /home/mustardking/ws_sensor_combined/install/px4_msgs/local/lib/python3.10/dist-packages/px4_msgs/msg/_actuator_servos_s.c\n'}
[1.865052] (px4_msgs) StdoutLine: {'line': b'-- Up-to-date: /home/mustardking/ws_sensor_combined/install/px4_msgs/local/lib/python3.10/dist-packages/px4_msgs/msg/_pure_pursuit_status.py\n'}
[1.865114] (px4_msgs) StdoutLine: {'line': b'-- Up-to-date: /home/mustardking/ws_sensor_combined/install/px4_msgs/local/lib/python3.10/dist-packages/px4_msgs/msg/_debug_value.py\n'}
[1.865199] (px4_msgs) StdoutLine: {'line': b'-- Up-to-date: /home/mustardking/ws_sensor_combined/install/px4_msgs/local/lib/python3.10/dist-packages/px4_msgs/msg/_irlock_report_s.c\n'}
[1.865285] (px4_msgs) StdoutLine: {'line': b'-- Up-to-date: /home/mustardking/ws_sensor_combined/install/px4_msgs/local/lib/python3.10/dist-packages/px4_msgs/msg/_fuel_tank_status_s.c\n'}
[1.865350] (px4_msgs) StdoutLine: {'line': b'-- Up-to-date: /home/mustardking/ws_sensor_combined/install/px4_msgs/local/lib/python3.10/dist-packages/px4_msgs/msg/_gimbal_manager_set_attitude.py\n'}
[1.865412] (px4_msgs) StdoutLine: {'line': b'-- Up-to-date: /home/mustardking/ws_sensor_combined/install/px4_msgs/local/lib/python3.10/dist-packages/px4_msgs/msg/_flight_phase_estimation_s.c\n'}
[1.865488] (px4_msgs) StdoutLine: {'line': b'-- Up-to-date: /home/mustardking/ws_sensor_combined/install/px4_msgs/local/lib/python3.10/dist-packages/px4_msgs/msg/_neural_control.py\n'}
[1.865577] (px4_msgs) StdoutLine: {'line': b'-- Up-to-date: /home/mustardking/ws_sensor_combined/install/px4_msgs/local/lib/python3.10/dist-packages/px4_msgs/msg/_takeoff_status.py\n'}
[1.865645] (px4_msgs) StdoutLine: {'line': b'-- Up-to-date: /home/mustardking/ws_sensor_combined/install/px4_msgs/local/lib/python3.10/dist-packages/px4_msgs/msg/_adc_report.py\n'}
[1.865732] (px4_msgs) StdoutLine: {'line': b'-- Up-to-date: /home/mustardking/ws_sensor_combined/install/px4_msgs/local/lib/python3.10/dist-packages/px4_msgs/msg/_event_s.c\n'}
[1.866711] (px4_msgs) StdoutLine: {'line': b'-- Up-to-date: /home/mustardking/ws_sensor_combined/install/px4_msgs/local/lib/python3.10/dist-packages/px4_msgs/msg/_goto_setpoint.py\n'}
[1.866747] (px4_msgs) StdoutLine: {'line': b'-- Up-to-date: /home/mustardking/ws_sensor_combined/install/px4_msgs/local/lib/python3.10/dist-packages/px4_msgs/msg/_rover_throttle_setpoint_s.c\n'}
[1.866779] (px4_msgs) StdoutLine: {'line': b'-- Up-to-date: /home/mustardking/ws_sensor_combined/install/px4_msgs/local/lib/python3.10/dist-packages/px4_msgs/msg/_open_drone_id_system.py\n'}
[1.866803] (px4_msgs) StdoutLine: {'line': b'-- Up-to-date: /home/mustardking/ws_sensor_combined/install/px4_msgs/local/lib/python3.10/dist-packages/px4_msgs/msg/_manual_control_switches.py\n'}
[1.866826] (px4_msgs) StdoutLine: {'line': b'-- Up-to-date: /home/mustardking/ws_sensor_combined/install/px4_msgs/local/lib/python3.10/dist-packages/px4_msgs/msg/_geofence_result.py\n'}
[1.866872] (px4_msgs) StdoutLine: {'line': b'-- Up-to-date: /home/mustardking/ws_sensor_combined/install/px4_msgs/local/lib/python3.10/dist-packages/px4_msgs/msg/_mode_completed.py\n'}
[1.866896] (px4_msgs) StdoutLine: {'line': b'-- Up-to-date: /home/mustardking/ws_sensor_combined/install/px4_msgs/local/lib/python3.10/dist-packages/px4_msgs/msg/_vehicle_attitude_setpoint.py\n'}
[1.866920] (px4_msgs) StdoutLine: {'line': b'-- Up-to-date: /home/mustardking/ws_sensor_combined/install/px4_msgs/local/lib/python3.10/dist-packages/px4_msgs/msg/_debug_key_value_s.c\n'}
[1.866942] (px4_msgs) StdoutLine: {'line': b'-- Up-to-date: /home/mustardking/ws_sensor_combined/install/px4_msgs/local/lib/python3.10/dist-packages/px4_msgs/msg/_vehicle_imu_status_s.c\n'}
[1.866965] (px4_msgs) StdoutLine: {'line': b'-- Up-to-date: /home/mustardking/ws_sensor_combined/install/px4_msgs/local/lib/python3.10/dist-packages/px4_msgs/msg/_vehicle_odometry.py\n'}
[1.867047] (px4_msgs) StdoutLine: {'line': b'-- Up-to-date: /home/mustardking/ws_sensor_combined/install/px4_msgs/local/lib/python3.10/dist-packages/px4_msgs/msg/_geofence_status.py\n'}
[1.867072] (px4_msgs) StdoutLine: {'line': b'-- Up-to-date: /home/mustardking/ws_sensor_combined/install/px4_msgs/local/lib/python3.10/dist-packages/px4_msgs/msg/_actuator_servos_trim_s.c\n'}
[1.867095] (px4_msgs) StdoutLine: {'line': b'-- Up-to-date: /home/mustardking/ws_sensor_combined/install/px4_msgs/local/lib/python3.10/dist-packages/px4_msgs/msg/_airspeed_validated_s.c\n'}
[1.867118] (px4_msgs) StdoutLine: {'line': b'-- Up-to-date: /home/mustardking/ws_sensor_combined/install/px4_msgs/local/lib/python3.10/dist-packages/px4_msgs/msg/_navigator_mission_item_s.c\n'}
[1.867141] (px4_msgs) StdoutLine: {'line': b'-- Up-to-date: /home/mustardking/ws_sensor_combined/install/px4_msgs/local/lib/python3.10/dist-packages/px4_msgs/msg/_qshell_req_s.c\n'}
[1.867181] (px4_msgs) StdoutLine: {'line': b'-- Up-to-date: /home/mustardking/ws_sensor_combined/install/px4_msgs/local/lib/python3.10/dist-packages/px4_msgs/msg/_actuator_servos_trim.py\n'}
[1.867213] (px4_msgs) StdoutLine: {'line': b'-- Up-to-date: /home/mustardking/ws_sensor_combined/install/px4_msgs/local/lib/python3.10/dist-packages/px4_msgs/msg/_magnetometer_bias_estimate_s.c\n'}
[1.867236] (px4_msgs) StdoutLine: {'line': b'-- Up-to-date: /home/mustardking/ws_sensor_combined/install/px4_msgs/local/lib/python3.10/dist-packages/px4_msgs/msg/_fixed_wing_lateral_status_s.c\n'}
[1.867271] (px4_msgs) StdoutLine: {'line': b'-- Up-to-date: /home/mustardking/ws_sensor_combined/install/px4_msgs/local/lib/python3.10/dist-packages/px4_msgs/msg/_sensor_gyro_fft_s.c\n'}
[1.867296] (px4_msgs) StdoutLine: {'line': b'-- Up-to-date: /home/mustardking/ws_sensor_combined/install/px4_msgs/local/lib/python3.10/dist-packages/px4_msgs/msg/_sensor_accel_fifo_s.c\n'}
[1.867340] (px4_msgs) StdoutLine: {'line': b'-- Up-to-date: /home/mustardking/ws_sensor_combined/install/px4_msgs/local/lib/python3.10/dist-packages/px4_msgs/msg/_position_controller_landing_status.py\n'}
[1.867363] (px4_msgs) StdoutLine: {'line': b'-- Up-to-date: /home/mustardking/ws_sensor_combined/install/px4_msgs/local/lib/python3.10/dist-packages/px4_msgs/msg/_task_stack_info.py\n'}
[1.867386] (px4_msgs) StdoutLine: {'line': b'-- Up-to-date: /home/mustardking/ws_sensor_combined/install/px4_msgs/local/lib/python3.10/dist-packages/px4_msgs/msg/_sensor_selection_s.c\n'}
[1.867409] (px4_msgs) StdoutLine: {'line': b'-- Up-to-date: /home/mustardking/ws_sensor_combined/install/px4_msgs/local/lib/python3.10/dist-packages/px4_msgs/msg/_estimator_states_s.c\n'}
[1.867433] (px4_msgs) StdoutLine: {'line': b'-- Up-to-date: /home/mustardking/ws_sensor_combined/install/px4_msgs/local/lib/python3.10/dist-packages/px4_msgs/msg/_tecs_status_s.c\n'}
[1.867457] (px4_msgs) StdoutLine: {'line': b'-- Up-to-date: /home/mustardking/ws_sensor_combined/install/px4_msgs/local/lib/python3.10/dist-packages/px4_msgs/msg/_trajectory_setpoint.py\n'}
[1.867498] (px4_msgs) StdoutLine: {'line': b'-- Up-to-date: /home/mustardking/ws_sensor_combined/install/px4_msgs/local/lib/python3.10/dist-packages/px4_msgs/msg/_rover_attitude_status.py\n'}
[1.867546] (px4_msgs) StdoutLine: {'line': b'-- Up-to-date: /home/mustardking/ws_sensor_combined/install/px4_msgs/local/lib/python3.10/dist-packages/px4_msgs/msg/_parameter_update_s.c\n'}
[1.867569] (px4_msgs) StdoutLine: {'line': b'-- Up-to-date: /home/mustardking/ws_sensor_combined/install/px4_msgs/local/lib/python3.10/dist-packages/px4_msgs/msg/_gimbal_manager_set_attitude_s.c\n'}
[1.867594] (px4_msgs) StdoutLine: {'line': b'-- Up-to-date: /home/mustardking/ws_sensor_combined/install/px4_msgs/local/lib/python3.10/dist-packages/px4_msgs/msg/_vehicle_optical_flow_vel.py\n'}
[1.867642] (px4_msgs) StdoutLine: {'line': b'-- Up-to-date: /home/mustardking/ws_sensor_combined/install/px4_msgs/local/lib/python3.10/dist-packages/px4_msgs/msg/_estimator_gps_status_s.c\n'}
[1.867675] (px4_msgs) StdoutLine: {'line': b'-- Up-to-date: /home/mustardking/ws_sensor_combined/install/px4_msgs/local/lib/python3.10/dist-packages/px4_msgs/msg/_gimbal_manager_information_s.c\n'}
[1.867698] (px4_msgs) StdoutLine: {'line': b'-- Up-to-date: /home/mustardking/ws_sensor_combined/install/px4_msgs/local/lib/python3.10/dist-packages/px4_msgs/msg/_internal_combustion_engine_control.py\n'}
[1.867721] (px4_msgs) StdoutLine: {'line': b'-- Up-to-date: /home/mustardking/ws_sensor_combined/install/px4_msgs/local/lib/python3.10/dist-packages/px4_msgs/msg/_ekf2_timestamps_s.c\n'}
[1.867744] (px4_msgs) StdoutLine: {'line': b'-- Up-to-date: /home/mustardking/ws_sensor_combined/install/px4_msgs/local/lib/python3.10/dist-packages/px4_msgs/msg/_follow_target_status_s.c\n'}
[1.867766] (px4_msgs) StdoutLine: {'line': b'-- Up-to-date: /home/mustardking/ws_sensor_combined/install/px4_msgs/local/lib/python3.10/dist-packages/px4_msgs/msg/_landing_gear_wheel_s.c\n'}
[1.867789] (px4_msgs) StdoutLine: {'line': b'-- Up-to-date: /home/mustardking/ws_sensor_combined/install/px4_msgs/local/lib/python3.10/dist-packages/px4_msgs/msg/_pwm_input_s.c\n'}
[1.867814] (px4_msgs) StdoutLine: {'line': b'-- Up-to-date: /home/mustardking/ws_sensor_combined/install/px4_msgs/local/lib/python3.10/dist-packages/px4_msgs/msg/_landing_gear_wheel.py\n'}
[1.867875] (px4_msgs) StdoutLine: {'line': b'-- Up-to-date: /home/mustardking/ws_sensor_combined/install/px4_msgs/local/lib/python3.10/dist-packages/px4_msgs/msg/_gimbal_manager_set_manual_control.py\n'}
[1.867898] (px4_msgs) StdoutLine: {'line': b'-- Up-to-date: /home/mustardking/ws_sensor_combined/install/px4_msgs/local/lib/python3.10/dist-packages/px4_msgs/msg/_vehicle_global_position.py\n'}
[1.867922] (px4_msgs) StdoutLine: {'line': b'-- Up-to-date: /home/mustardking/ws_sensor_combined/install/px4_msgs/local/lib/python3.10/dist-packages/px4_msgs/msg/_message_format_request.py\n'}
[1.867944] (px4_msgs) StdoutLine: {'line': b'-- Up-to-date: /home/mustardking/ws_sensor_combined/install/px4_msgs/local/lib/python3.10/dist-packages/px4_msgs/msg/_satellite_info_s.c\n'}
[1.867987] (px4_msgs) StdoutLine: {'line': b'-- Up-to-date: /home/mustardking/ws_sensor_combined/install/px4_msgs/local/lib/python3.10/dist-packages/px4_msgs/msg/_mavlink_log.py\n'}
[1.868010] (px4_msgs) StdoutLine: {'line': b'-- Up-to-date: /home/mustardking/ws_sensor_combined/install/px4_msgs/local/lib/python3.10/dist-packages/px4_msgs/msg/_open_drone_id_operator_id_s.c\n'}
[1.868033] (px4_msgs) StdoutLine: {'line': b'-- Up-to-date: /home/mustardking/ws_sensor_combined/install/px4_msgs/local/lib/python3.10/dist-packages/px4_msgs/msg/_actuator_motors_s.c\n'}
[1.868057] (px4_msgs) StdoutLine: {'line': b'-- Up-to-date: /home/mustardking/ws_sensor_combined/install/px4_msgs/local/lib/python3.10/dist-packages/px4_msgs/msg/_can_interface_status_s.c\n'}
[1.868093] (px4_msgs) StdoutLine: {'line': b'-- Up-to-date: /home/mustardking/ws_sensor_combined/install/px4_msgs/local/lib/python3.10/dist-packages/px4_msgs/msg/_parameter_set_value_response_s.c\n'}
[1.868139] (px4_msgs) StdoutLine: {'line': b'-- Up-to-date: /home/mustardking/ws_sensor_combined/install/px4_msgs/local/lib/python3.10/dist-packages/px4_msgs/msg/_fixed_wing_longitudinal_setpoint_s.c\n'}
[1.868201] (px4_msgs) StdoutLine: {'line': b'-- Up-to-date: /home/mustardking/ws_sensor_combined/install/px4_msgs/local/lib/python3.10/dist-packages/px4_msgs/msg/_rover_speed_setpoint.py\n'}
[1.868225] (px4_msgs) StdoutLine: {'line': b'-- Up-to-date: /home/mustardking/ws_sensor_combined/install/px4_msgs/local/lib/python3.10/dist-packages/px4_msgs/msg/_gimbal_device_information_s.c\n'}
[1.868249] (px4_msgs) StdoutLine: {'line': b'-- Up-to-date: /home/mustardking/ws_sensor_combined/install/px4_msgs/local/lib/python3.10/dist-packages/px4_msgs/msg/_home_position_s.c\n'}
[1.868367] (px4_msgs) StdoutLine: {'line': b'-- Up-to-date: /home/mustardking/ws_sensor_combined/install/px4_msgs/local/lib/python3.10/dist-packages/px4_msgs/msg/_vehicle_global_position_s.c\n'}
[1.868405] (px4_msgs) StdoutLine: {'line': b'-- Up-to-date: /home/mustardking/ws_sensor_combined/install/px4_msgs/local/lib/python3.10/dist-packages/px4_msgs/msg/_gimbal_controls_s.c\n'}
[1.868429] (px4_msgs) StdoutLine: {'line': b'-- Up-to-date: /home/mustardking/ws_sensor_combined/install/px4_msgs/local/lib/python3.10/dist-packages/px4_msgs/msg/_actuator_controls_status_s.c\n'}
[1.868452] (px4_msgs) StdoutLine: {'line': b'-- Up-to-date: /home/mustardking/ws_sensor_combined/install/px4_msgs/local/lib/python3.10/dist-packages/px4_msgs/msg/_position_controller_landing_status_s.c\n'}
[1.868478] (px4_msgs) StdoutLine: {'line': b'-- Up-to-date: /home/mustardking/ws_sensor_combined/install/px4_msgs/local/lib/python3.10/dist-packages/px4_msgs/msg/_estimator_status.py\n'}
[1.868501] (px4_msgs) StdoutLine: {'line': b'-- Up-to-date: /home/mustardking/ws_sensor_combined/install/px4_msgs/local/lib/python3.10/dist-packages/px4_msgs/msg/_hover_thrust_estimate.py\n'}
[1.868947] (px4_msgs) StdoutLine: {'line': b'-- Up-to-date: /home/mustardking/ws_sensor_combined/install/px4_msgs/local/lib/python3.10/dist-packages/px4_msgs/msg/_lateral_control_configuration_s.c\n'}
[1.868974] (px4_msgs) StdoutLine: {'line': b'-- Up-to-date: /home/mustardking/ws_sensor_combined/install/px4_msgs/local/lib/python3.10/dist-packages/px4_msgs/msg/_estimator_status_flags_s.c\n'}
[1.868997] (px4_msgs) StdoutLine: {'line': b'-- Up-to-date: /home/mustardking/ws_sensor_combined/install/px4_msgs/local/lib/python3.10/dist-packages/px4_msgs/msg/_qshell_req.py\n'}
[1.869020] (px4_msgs) StdoutLine: {'line': b'-- Up-to-date: /home/mustardking/ws_sensor_combined/install/px4_msgs/local/lib/python3.10/dist-packages/px4_msgs/msg/_manual_control_setpoint_s.c\n'}
[1.869043] (px4_msgs) StdoutLine: {'line': b'-- Up-to-date: /home/mustardking/ws_sensor_combined/install/px4_msgs/local/lib/python3.10/dist-packages/px4_msgs/msg/_tiltrotor_extra_controls.py\n'}
[1.869066] (px4_msgs) StdoutLine: {'line': b'-- Up-to-date: /home/mustardking/ws_sensor_combined/install/px4_msgs/local/lib/python3.10/dist-packages/px4_msgs/msg/_vehicle_angular_velocity.py\n'}
[1.869093] (px4_msgs) StdoutLine: {'line': b'-- Up-to-date: /home/mustardking/ws_sensor_combined/install/px4_msgs/local/lib/python3.10/dist-packages/px4_msgs/msg/_ulog_stream_ack_s.c\n'}
[1.869124] (px4_msgs) StdoutLine: {'line': b'-- Up-to-date: /home/mustardking/ws_sensor_combined/install/px4_msgs/local/lib/python3.10/dist-packages/px4_msgs/msg/_vehicle_command.py\n'}
[1.869146] (px4_msgs) StdoutLine: {'line': b'-- Up-to-date: /home/mustardking/ws_sensor_combined/install/px4_msgs/local/lib/python3.10/dist-packages/px4_msgs/msg/_gripper_s.c\n'}
[1.869169] (px4_msgs) StdoutLine: {'line': b'-- Up-to-date: /home/mustardking/ws_sensor_combined/install/px4_msgs/local/lib/python3.10/dist-packages/px4_msgs/msg/_estimator_sensor_bias_s.c\n'}
[1.869195] (px4_msgs) StdoutLine: {'line': b'-- Up-to-date: /home/mustardking/ws_sensor_combined/install/px4_msgs/local/lib/python3.10/dist-packages/px4_msgs/msg/_sensor_correction_s.c\n'}
[1.869218] (px4_msgs) StdoutLine: {'line': b'-- Up-to-date: /home/mustardking/ws_sensor_combined/install/px4_msgs/local/lib/python3.10/dist-packages/px4_msgs/msg/_fixed_wing_lateral_setpoint.py\n'}
[1.869256] (px4_msgs) StdoutLine: {'line': b'-- Up-to-date: /home/mustardking/ws_sensor_combined/install/px4_msgs/local/lib/python3.10/dist-packages/px4_msgs/msg/_differential_pressure_s.c\n'}
[1.869279] (px4_msgs) StdoutLine: {'line': b'-- Up-to-date: /home/mustardking/ws_sensor_combined/install/px4_msgs/local/lib/python3.10/dist-packages/px4_msgs/msg/_logger_status.py\n'}
[1.869301] (px4_msgs) StdoutLine: {'line': b'-- Up-to-date: /home/mustardking/ws_sensor_combined/install/px4_msgs/local/lib/python3.10/dist-packages/px4_msgs/msg/_velocity_limits.py\n'}
[1.869323] (px4_msgs) StdoutLine: {'line': b'-- Up-to-date: /home/mustardking/ws_sensor_combined/install/px4_msgs/local/lib/python3.10/dist-packages/px4_msgs/msg/_battery_status.py\n'}
[1.869346] (px4_msgs) StdoutLine: {'line': b'-- Up-to-date: /home/mustardking/ws_sensor_combined/install/px4_msgs/local/lib/python3.10/dist-packages/px4_msgs/msg/_sensor_gnss_relative.py\n'}
[1.869369] (px4_msgs) StdoutLine: {'line': b'-- Up-to-date: /home/mustardking/ws_sensor_combined/install/px4_msgs/local/lib/python3.10/dist-packages/px4_msgs/msg/_gimbal_device_information.py\n'}
[1.869391] (px4_msgs) StdoutLine: {'line': b'-- Up-to-date: /home/mustardking/ws_sensor_combined/install/px4_msgs/local/lib/python3.10/dist-packages/px4_msgs/msg/_health_report.py\n'}
[1.869414] (px4_msgs) StdoutLine: {'line': b'-- Up-to-date: /home/mustardking/ws_sensor_combined/install/px4_msgs/local/lib/python3.10/dist-packages/px4_msgs/msg/_transponder_report.py\n'}
[1.869437] (px4_msgs) StdoutLine: {'line': b'-- Up-to-date: /home/mustardking/ws_sensor_combined/install/px4_msgs/local/lib/python3.10/dist-packages/px4_msgs/msg/_gpio_config.py\n'}
[1.869460] (px4_msgs) StdoutLine: {'line': b'-- Up-to-date: /home/mustardking/ws_sensor_combined/install/px4_msgs/local/lib/python3.10/dist-packages/px4_msgs/msg/_geofence_status_s.c\n'}
[1.869482] (px4_msgs) StdoutLine: {'line': b'-- Up-to-date: /home/mustardking/ws_sensor_combined/install/px4_msgs/local/lib/python3.10/dist-packages/px4_msgs/msg/_rover_speed_setpoint_s.c\n'}
[1.869505] (px4_msgs) StdoutLine: {'line': b'-- Up-to-date: /home/mustardking/ws_sensor_combined/install/px4_msgs/local/lib/python3.10/dist-packages/px4_msgs/msg/_vehicle_land_detected.py\n'}
[1.869538] (px4_msgs) StdoutLine: {'line': b'-- Up-to-date: /home/mustardking/ws_sensor_combined/install/px4_msgs/local/lib/python3.10/dist-packages/px4_msgs/msg/_orb_test_medium.py\n'}
[1.869645] (px4_msgs) StdoutLine: {'line': b'-- Up-to-date: /home/mustardking/ws_sensor_combined/install/px4_msgs/local/lib/python3.10/dist-packages/px4_msgs/msg/_power_monitor_s.c\n'}
[1.869769] (px4_msgs) StdoutLine: {'line': b'-- Up-to-date: /home/mustardking/ws_sensor_combined/install/px4_msgs/local/lib/python3.10/dist-packages/px4_msgs/msg/_estimator_sensor_bias.py\n'}
[1.869809] (px4_msgs) StdoutLine: {'line': b'-- Up-to-date: /home/mustardking/ws_sensor_combined/install/px4_msgs/local/lib/python3.10/dist-packages/px4_msgs/msg/_vehicle_attitude_s.c\n'}
[1.869834] (px4_msgs) StdoutLine: {'line': b'-- Up-to-date: /home/mustardking/ws_sensor_combined/install/px4_msgs/local/lib/python3.10/dist-packages/px4_msgs/msg/_sensor_accel_s.c\n'}
[1.869856] (px4_msgs) StdoutLine: {'line': b'-- Up-to-date: /home/mustardking/ws_sensor_combined/install/px4_msgs/local/lib/python3.10/dist-packages/px4_msgs/msg/_normalized_unsigned_setpoint_s.c\n'}
[1.869887] (px4_msgs) StdoutLine: {'line': b'-- Up-to-date: /home/mustardking/ws_sensor_combined/install/px4_msgs/local/lib/python3.10/dist-packages/px4_msgs/msg/_landing_target_pose_s.c\n'}
[1.869911] (px4_msgs) StdoutLine: {'line': b'-- Up-to-date: /home/mustardking/ws_sensor_combined/install/px4_msgs/local/lib/python3.10/dist-packages/px4_msgs/msg/_fixed_wing_longitudinal_setpoint.py\n'}
[1.869934] (px4_msgs) StdoutLine: {'line': b'-- Up-to-date: /home/mustardking/ws_sensor_combined/install/px4_msgs/local/lib/python3.10/dist-packages/px4_msgs/msg/_airspeed_wind_s.c\n'}
[1.869956] (px4_msgs) StdoutLine: {'line': b'-- Up-to-date: /home/mustardking/ws_sensor_combined/install/px4_msgs/local/lib/python3.10/dist-packages/px4_msgs/msg/_onboard_computer_status_s.c\n'}
[1.869981] (px4_msgs) StdoutLine: {'line': b'-- Up-to-date: /home/mustardking/ws_sensor_combined/install/px4_msgs/local/lib/python3.10/dist-packages/px4_msgs/msg/_sensor_airflow.py\n'}
[1.870002] (px4_msgs) StdoutLine: {'line': b'-- Up-to-date: /home/mustardking/ws_sensor_combined/install/px4_msgs/local/lib/python3.10/dist-packages/px4_msgs/msg/_ekf2_timestamps.py\n'}
[1.870024] (px4_msgs) StdoutLine: {'line': b'-- Up-to-date: /home/mustardking/ws_sensor_combined/install/px4_msgs/local/lib/python3.10/dist-packages/px4_msgs/msg/_message_format_response.py\n'}
[1.870046] (px4_msgs) StdoutLine: {'line': b'-- Up-to-date: /home/mustardking/ws_sensor_combined/install/px4_msgs/local/lib/python3.10/dist-packages/px4_msgs/msg/_battery_status_s.c\n'}
[1.870068] (px4_msgs) StdoutLine: {'line': b'-- Up-to-date: /home/mustardking/ws_sensor_combined/install/px4_msgs/local/lib/python3.10/dist-packages/px4_msgs/msg/_log_message.py\n'}
[1.870099] (px4_msgs) StdoutLine: {'line': b'-- Up-to-date: /home/mustardking/ws_sensor_combined/install/px4_msgs/local/lib/python3.10/dist-packages/px4_msgs/msg/_ulog_stream_s.c\n'}
[1.870121] (px4_msgs) StdoutLine: {'line': b'-- Up-to-date: /home/mustardking/ws_sensor_combined/install/px4_msgs/local/lib/python3.10/dist-packages/px4_msgs/msg/_position_controller_status.py\n'}
[1.870167] (px4_msgs) StdoutLine: {'line': b'-- Up-to-date: /home/mustardking/ws_sensor_combined/install/px4_msgs/local/lib/python3.10/dist-packages/px4_msgs/msg/_button_event.py\n'}
[1.870190] (px4_msgs) StdoutLine: {'line': b'-- Up-to-date: /home/mustardking/ws_sensor_combined/install/px4_msgs/local/lib/python3.10/dist-packages/px4_msgs/msg/_orb_test_medium_s.c\n'}
[1.870212] (px4_msgs) StdoutLine: {'line': b'-- Up-to-date: /home/mustardking/ws_sensor_combined/install/px4_msgs/local/lib/python3.10/dist-packages/px4_msgs/msg/_sensor_uwb_s.c\n'}
[1.870237] (px4_msgs) StdoutLine: {'line': b'-- Up-to-date: /home/mustardking/ws_sensor_combined/install/px4_msgs/local/lib/python3.10/dist-packages/px4_msgs/msg/_takeoff_status_s.c\n'}
[1.870276] (px4_msgs) StdoutLine: {'line': b'-- Up-to-date: /home/mustardking/ws_sensor_combined/install/px4_msgs/local/lib/python3.10/dist-packages/px4_msgs/msg/_fixed_wing_lateral_guidance_status_s.c\n'}
[1.870302] (px4_msgs) StdoutLine: {'line': b'-- Up-to-date: /home/mustardking/ws_sensor_combined/install/px4_msgs/local/lib/python3.10/dist-packages/px4_msgs/msg/_actuator_motors.py\n'}
[1.870324] (px4_msgs) StdoutLine: {'line': b'-- Up-to-date: /home/mustardking/ws_sensor_combined/install/px4_msgs/local/lib/python3.10/dist-packages/px4_msgs/msg/_vtol_vehicle_status_s.c\n'}
[1.870346] (px4_msgs) StdoutLine: {'line': b'-- Up-to-date: /home/mustardking/ws_sensor_combined/install/px4_msgs/local/lib/python3.10/dist-packages/px4_msgs/msg/_sensor_selection.py\n'}
[1.870380] (px4_msgs) StdoutLine: {'line': b'-- Up-to-date: /home/mustardking/ws_sensor_combined/install/px4_msgs/local/lib/python3.10/dist-packages/px4_msgs/msg/_sensor_uwb.py\n'}
[1.870405] (px4_msgs) StdoutLine: {'line': b'-- Up-to-date: /home/mustardking/ws_sensor_combined/install/px4_msgs/local/lib/python3.10/dist-packages/px4_msgs/msg/_timesync_status.py\n'}
[1.870427] (px4_msgs) StdoutLine: {'line': b'-- Up-to-date: /home/mustardking/ws_sensor_combined/install/px4_msgs/local/lib/python3.10/dist-packages/px4_msgs/msg/_parameter_set_used_request_s.c\n'}
[1.870449] (px4_msgs) StdoutLine: {'line': b'-- Up-to-date: /home/mustardking/ws_sensor_combined/install/px4_msgs/local/lib/python3.10/dist-packages/px4_msgs/msg/_esc_report_s.c\n'}
[1.870474] (px4_msgs) StdoutLine: {'line': b'-- Up-to-date: /home/mustardking/ws_sensor_combined/install/px4_msgs/local/lib/python3.10/dist-packages/px4_msgs/msg/_vehicle_angular_velocity_s.c\n'}
[1.870497] (px4_msgs) StdoutLine: {'line': b'-- Up-to-date: /home/mustardking/ws_sensor_combined/install/px4_msgs/local/lib/python3.10/dist-packages/px4_msgs/msg/_vehicle_optical_flow_vel_s.c\n'}
[1.870520] (px4_msgs) StdoutLine: {'line': b'-- Up-to-date: /home/mustardking/ws_sensor_combined/install/px4_msgs/local/lib/python3.10/dist-packages/px4_msgs/msg/_cpuload_s.c\n'}
[1.870558] (px4_msgs) StdoutLine: {'line': b'-- Up-to-date: /home/mustardking/ws_sensor_combined/install/px4_msgs/local/lib/python3.10/dist-packages/px4_msgs/msg/_debug_key_value.py\n'}
[1.870581] (px4_msgs) StdoutLine: {'line': b'-- Up-to-date: /home/mustardking/ws_sensor_combined/install/px4_msgs/local/lib/python3.10/dist-packages/px4_msgs/msg/_orb_test.py\n'}
[1.870603] (px4_msgs) StdoutLine: {'line': b'-- Up-to-date: /home/mustardking/ws_sensor_combined/install/px4_msgs/local/lib/python3.10/dist-packages/px4_msgs/msg/_task_stack_info_s.c\n'}
[1.870625] (px4_msgs) StdoutLine: {'line': b'-- Up-to-date: /home/mustardking/ws_sensor_combined/install/px4_msgs/local/lib/python3.10/dist-packages/px4_msgs/msg/_figure_eight_status_s.c\n'}
[1.870647] (px4_msgs) StdoutLine: {'line': b'-- Up-to-date: /home/mustardking/ws_sensor_combined/install/px4_msgs/local/lib/python3.10/dist-packages/px4_msgs/msg/_estimator_aid_source3d_s.c\n'}
[1.870670] (px4_msgs) StdoutLine: {'line': b'-- Up-to-date: /home/mustardking/ws_sensor_combined/install/px4_msgs/local/lib/python3.10/dist-packages/px4_msgs/msg/_vehicle_roi_s.c\n'}
[1.870692] (px4_msgs) StdoutLine: {'line': b'-- Up-to-date: /home/mustardking/ws_sensor_combined/install/px4_msgs/local/lib/python3.10/dist-packages/px4_msgs/msg/_rover_throttle_setpoint.py\n'}
[1.870715] (px4_msgs) StdoutLine: {'line': b'-- Up-to-date: /home/mustardking/ws_sensor_combined/install/px4_msgs/local/lib/python3.10/dist-packages/px4_msgs/msg/_landing_gear_s.c\n'}
[1.870738] (px4_msgs) StdoutLine: {'line': b'-- Up-to-date: /home/mustardking/ws_sensor_combined/install/px4_msgs/local/lib/python3.10/dist-packages/px4_msgs/msg/_actuator_controls_status.py\n'}
[1.870760] (px4_msgs) StdoutLine: {'line': b'-- Up-to-date: /home/mustardking/ws_sensor_combined/install/px4_msgs/local/lib/python3.10/dist-packages/px4_msgs/msg/_satellite_info.py\n'}
[1.870783] (px4_msgs) StdoutLine: {'line': b'-- Up-to-date: /home/mustardking/ws_sensor_combined/install/px4_msgs/local/lib/python3.10/dist-packages/px4_msgs/msg/_estimator_gps_status.py\n'}
[1.870805] (px4_msgs) StdoutLine: {'line': b'-- Up-to-date: /home/mustardking/ws_sensor_combined/install/px4_msgs/local/lib/python3.10/dist-packages/px4_msgs/msg/_mission.py\n'}
[1.870828] (px4_msgs) StdoutLine: {'line': b'-- Up-to-date: /home/mustardking/ws_sensor_combined/install/px4_msgs/local/lib/python3.10/dist-packages/px4_msgs/msg/_estimator_aid_source2d_s.c\n'}
[1.870864] (px4_msgs) StdoutLine: {'line': b'-- Up-to-date: /home/mustardking/ws_sensor_combined/install/px4_msgs/local/lib/python3.10/dist-packages/px4_msgs/msg/_sensor_gps_s.c\n'}
[1.870888] (px4_msgs) StdoutLine: {'line': b'-- Up-to-date: /home/mustardking/ws_sensor_combined/install/px4_msgs/local/lib/python3.10/dist-packages/px4_msgs/msg/_sensor_gyro_fifo.py\n'}
[1.870910] (px4_msgs) StdoutLine: {'line': b'-- Up-to-date: /home/mustardking/ws_sensor_combined/install/px4_msgs/local/lib/python3.10/dist-packages/px4_msgs/msg/_airspeed_wind.py\n'}
[1.870933] (px4_msgs) StdoutLine: {'line': b'-- Up-to-date: /home/mustardking/ws_sensor_combined/install/px4_msgs/local/lib/python3.10/dist-packages/px4_msgs/msg/_vehicle_imu_status.py\n'}
[1.870956] (px4_msgs) StdoutLine: {'line': b'-- Up-to-date: /home/mustardking/ws_sensor_combined/install/px4_msgs/local/lib/python3.10/dist-packages/px4_msgs/msg/_onboard_computer_status.py\n'}
[1.870978] (px4_msgs) StdoutLine: {'line': b'-- Up-to-date: /home/mustardking/ws_sensor_combined/install/px4_msgs/local/lib/python3.10/dist-packages/px4_msgs/msg/_vehicle_thrust_setpoint.py\n'}
[1.871001] (px4_msgs) StdoutLine: {'line': b'-- Up-to-date: /home/mustardking/ws_sensor_combined/install/px4_msgs/local/lib/python3.10/dist-packages/px4_msgs/msg/_tune_control_s.c\n'}
[1.871033] (px4_msgs) StdoutLine: {'line': b'-- Up-to-date: /home/mustardking/ws_sensor_combined/install/px4_msgs/local/lib/python3.10/dist-packages/px4_msgs/msg/_fixed_wing_runway_control_s.c\n'}
[1.871059] (px4_msgs) StdoutLine: {'line': b'-- Up-to-date: /home/mustardking/ws_sensor_combined/install/px4_msgs/local/lib/python3.10/dist-packages/px4_msgs/msg/_debug_array.py\n'}
[1.871081] (px4_msgs) StdoutLine: {'line': b'-- Up-to-date: /home/mustardking/ws_sensor_combined/install/px4_msgs/local/lib/python3.10/dist-packages/px4_msgs/msg/_fixed_wing_lateral_setpoint_s.c\n'}
[1.871104] (px4_msgs) StdoutLine: {'line': b'-- Up-to-date: /home/mustardking/ws_sensor_combined/install/px4_msgs/local/lib/python3.10/dist-packages/px4_msgs/msg/_gpio_request.py\n'}
[1.871126] (px4_msgs) StdoutLine: {'line': b'-- Up-to-date: /home/mustardking/ws_sensor_combined/install/px4_msgs/local/lib/python3.10/dist-packages/px4_msgs/msg/_internal_combustion_engine_status_s.c\n'}
[1.871158] (px4_msgs) StdoutLine: {'line': b'-- Up-to-date: /home/mustardking/ws_sensor_combined/install/px4_msgs/local/lib/python3.10/dist-packages/px4_msgs/msg/_differential_pressure.py\n'}
[1.871186] (px4_msgs) StdoutLine: {'line': b'-- Up-to-date: /home/mustardking/ws_sensor_combined/install/px4_msgs/local/lib/python3.10/dist-packages/px4_msgs/msg/_orb_test_large.py\n'}
[1.871208] (px4_msgs) StdoutLine: {'line': b'-- Up-to-date: /home/mustardking/ws_sensor_combined/install/px4_msgs/local/lib/python3.10/dist-packages/px4_msgs/msg/_rover_speed_status.py\n'}
[1.871230] (px4_msgs) StdoutLine: {'line': b'-- Up-to-date: /home/mustardking/ws_sensor_combined/install/px4_msgs/local/lib/python3.10/dist-packages/px4_msgs/msg/_actuator_test_s.c\n'}
[1.871265] (px4_msgs) StdoutLine: {'line': b'-- Up-to-date: /home/mustardking/ws_sensor_combined/install/px4_msgs/local/lib/python3.10/dist-packages/px4_msgs/msg/_cellular_status_s.c\n'}
[1.871301] (px4_msgs) StdoutLine: {'line': b'-- Up-to-date: /home/mustardking/ws_sensor_combined/install/px4_msgs/local/lib/python3.10/dist-packages/px4_msgs/msg/_distance_sensor.py\n'}
[1.871325] (px4_msgs) StdoutLine: {'line': b'-- Up-to-date: /home/mustardking/ws_sensor_combined/install/px4_msgs/local/lib/python3.10/dist-packages/px4_msgs/msg/_collision_constraints.py\n'}
[1.871348] (px4_msgs) StdoutLine: {'line': b'-- Up-to-date: /home/mustardking/ws_sensor_combined/install/px4_msgs/local/lib/python3.10/dist-packages/px4_msgs/msg/_sensor_preflight_mag_s.c\n'}
[1.871371] (px4_msgs) StdoutLine: {'line': b'-- Up-to-date: /home/mustardking/ws_sensor_combined/install/px4_msgs/local/lib/python3.10/dist-packages/px4_msgs/msg/_airspeed.py\n'}
[1.871401] (px4_msgs) StdoutLine: {'line': b'-- Up-to-date: /home/mustardking/ws_sensor_combined/install/px4_msgs/local/lib/python3.10/dist-packages/px4_msgs/msg/_gpio_request_s.c\n'}
[1.871427] (px4_msgs) StdoutLine: {'line': b'-- Up-to-date: /home/mustardking/ws_sensor_combined/install/px4_msgs/local/lib/python3.10/dist-packages/px4_msgs/msg/_irlock_report.py\n'}
[1.871449] (px4_msgs) StdoutLine: {'line': b'-- Up-to-date: /home/mustardking/ws_sensor_combined/install/px4_msgs/local/lib/python3.10/dist-packages/px4_msgs/msg/_debug_vect_s.c\n'}
[1.871472] (px4_msgs) StdoutLine: {'line': b'-- Up-to-date: /home/mustardking/ws_sensor_combined/install/px4_msgs/local/lib/python3.10/dist-packages/px4_msgs/msg/_failure_detector_status.py\n'}
[1.871495] (px4_msgs) StdoutLine: {'line': b'-- Up-to-date: /home/mustardking/ws_sensor_combined/install/px4_msgs/local/lib/python3.10/dist-packages/px4_msgs/msg/_rpm_s.c\n'}
[1.871517] (px4_msgs) StdoutLine: {'line': b'-- Up-to-date: /home/mustardking/ws_sensor_combined/install/px4_msgs/local/lib/python3.10/dist-packages/px4_msgs/msg/_estimator_event_flags_s.c\n'}
[1.871539] (px4_msgs) StdoutLine: {'line': b'-- Up-to-date: /home/mustardking/ws_sensor_combined/install/px4_msgs/local/lib/python3.10/dist-packages/px4_msgs/msg/_dataman_response.py\n'}
[1.871562] (px4_msgs) StdoutLine: {'line': b'-- Up-to-date: /home/mustardking/ws_sensor_combined/install/px4_msgs/local/lib/python3.10/dist-packages/px4_msgs/msg/_vehicle_torque_setpoint_s.c\n'}
[1.871595] (px4_msgs) StdoutLine: {'line': b'-- Up-to-date: /home/mustardking/ws_sensor_combined/install/px4_msgs/local/lib/python3.10/dist-packages/px4_msgs/msg/_action_request.py\n'}
[1.871634] (px4_msgs) StdoutLine: {'line': b'-- Up-to-date: /home/mustardking/ws_sensor_combined/install/px4_msgs/local/lib/python3.10/dist-packages/px4_msgs/msg/_launch_detection_status.py\n'}
[1.871657] (px4_msgs) StdoutLine: {'line': b'-- Up-to-date: /home/mustardking/ws_sensor_combined/install/px4_msgs/local/lib/python3.10/dist-packages/px4_msgs/msg/_hover_thrust_estimate_s.c\n'}
[1.871679] (px4_msgs) StdoutLine: {'line': b'-- Up-to-date: /home/mustardking/ws_sensor_combined/install/px4_msgs/local/lib/python3.10/dist-packages/px4_msgs/msg/_gps_dump.py\n'}
[1.871702] (px4_msgs) StdoutLine: {'line': b'-- Up-to-date: /home/mustardking/ws_sensor_combined/install/px4_msgs/local/lib/python3.10/dist-packages/px4_msgs/msg/_sensor_gps.py\n'}
[1.871724] (px4_msgs) StdoutLine: {'line': b'-- Up-to-date: /home/mustardking/ws_sensor_combined/install/px4_msgs/local/lib/python3.10/dist-packages/px4_msgs/msg/_unregister_ext_component_s.c\n'}
[1.871746] (px4_msgs) StdoutLine: {'line': b'-- Up-to-date: /home/mustardking/ws_sensor_combined/install/px4_msgs/local/lib/python3.10/dist-packages/px4_msgs/msg/_sensor_airflow_s.c\n'}
[1.871770] (px4_msgs) StdoutLine: {'line': b'-- Up-to-date: /home/mustardking/ws_sensor_combined/install/px4_msgs/local/lib/python3.10/dist-packages/px4_msgs/msg/_vehicle_command_s.c\n'}
[1.871792] (px4_msgs) StdoutLine: {'line': b'-- Up-to-date: /home/mustardking/ws_sensor_combined/install/px4_msgs/local/lib/python3.10/dist-packages/px4_msgs/msg/_distance_sensor_mode_change_request.py\n'}
[1.871814] (px4_msgs) StdoutLine: {'line': b'-- Up-to-date: /home/mustardking/ws_sensor_combined/install/px4_msgs/local/lib/python3.10/dist-packages/px4_msgs/msg/_gpio_out_s.c\n'}
[1.871847] (px4_msgs) StdoutLine: {'line': b'-- Up-to-date: /home/mustardking/ws_sensor_combined/install/px4_msgs/local/lib/python3.10/dist-packages/px4_msgs/msg/_dataman_request_s.c\n'}
[1.871875] (px4_msgs) StdoutLine: {'line': b'-- Up-to-date: /home/mustardking/ws_sensor_combined/install/px4_msgs/local/lib/python3.10/dist-packages/px4_msgs/msg/_parameter_update.py\n'}
[1.871897] (px4_msgs) StdoutLine: {'line': b'-- Up-to-date: /home/mustardking/ws_sensor_combined/install/px4_msgs/local/lib/python3.10/dist-packages/px4_msgs/msg/_distance_sensor_mode_change_request_s.c\n'}
[1.871920] (px4_msgs) StdoutLine: {'line': b'-- Up-to-date: /home/mustardking/ws_sensor_combined/install/px4_msgs/local/lib/python3.10/dist-packages/px4_msgs/msg/_estimator_bias3d.py\n'}
[1.871942] (px4_msgs) StdoutLine: {'line': b'-- Up-to-date: /home/mustardking/ws_sensor_combined/install/px4_msgs/local/lib/python3.10/dist-packages/px4_msgs/msg/_vehicle_odometry_s.c\n'}
[1.871965] (px4_msgs) StdoutLine: {'line': b'-- Up-to-date: /home/mustardking/ws_sensor_combined/install/px4_msgs/local/lib/python3.10/dist-packages/px4_msgs/msg/_sensor_correction.py\n'}
[1.871996] (px4_msgs) StdoutLine: {'line': b'-- Up-to-date: /home/mustardking/ws_sensor_combined/install/px4_msgs/local/lib/python3.10/dist-packages/px4_msgs/msg/_vehicle_magnetometer.py\n'}
[1.872020] (px4_msgs) StdoutLine: {'line': b'-- Up-to-date: /home/mustardking/ws_sensor_combined/install/px4_msgs/local/lib/python3.10/dist-packages/px4_msgs/msg/_ping_s.c\n'}
[1.872043] (px4_msgs) StdoutLine: {'line': b'-- Up-to-date: /home/mustardking/ws_sensor_combined/install/px4_msgs/local/lib/python3.10/dist-packages/px4_msgs/msg/_ulog_stream.py\n'}
[1.872091] (px4_msgs) StdoutLine: {'line': b'-- Up-to-date: /home/mustardking/ws_sensor_combined/install/px4_msgs/local/lib/python3.10/dist-packages/px4_msgs/__init__.py\n'}
[1.872115] (px4_msgs) StdoutLine: {'line': b'-- Up-to-date: /home/mustardking/ws_sensor_combined/install/px4_msgs/local/lib/python3.10/dist-packages/px4_msgs/_px4_msgs_s.ep.rosidl_typesupport_c.c\n'}
[1.872139] (px4_msgs) StdoutLine: {'line': b'-- Up-to-date: /home/mustardking/ws_sensor_combined/install/px4_msgs/local/lib/python3.10/dist-packages/px4_msgs/libpx4_msgs__rosidl_generator_py.so\n'}
[1.872177] (px4_msgs) StdoutLine: {'line': b'-- Up-to-date: /home/mustardking/ws_sensor_combined/install/px4_msgs/local/lib/python3.10/dist-packages/px4_msgs/px4_msgs_s__rosidl_typesupport_fastrtps_c.cpython-310-aarch64-linux-gnu.so\n'}
[1.872216] (px4_msgs) StdoutLine: {'line': b'-- Up-to-date: /home/mustardking/ws_sensor_combined/install/px4_msgs/local/lib/python3.10/dist-packages/px4_msgs/px4_msgs_s__rosidl_typesupport_c.cpython-310-aarch64-linux-gnu.so\n'}
[1.872241] (px4_msgs) StdoutLine: {'line': b"Listing '/home/mustardking/ws_sensor_combined/install/px4_msgs/local/lib/python3.10/dist-packages/px4_msgs'...\n"}
[1.872332] (px4_msgs) StdoutLine: {'line': b"Listing '/home/mustardking/ws_sensor_combined/install/px4_msgs/local/lib/python3.10/dist-packages/px4_msgs/msg'...\n"}
[1.872368] (px4_msgs) StdoutLine: {'line': b"Listing '/home/mustardking/ws_sensor_combined/install/px4_msgs/local/lib/python3.10/dist-packages/px4_msgs/srv'...\n"}
[1.872392] (px4_msgs) StdoutLine: {'line': b'-- Up-to-date: /home/mustardking/ws_sensor_combined/install/px4_msgs/local/lib/python3.10/dist-packages/px4_msgs/px4_msgs_s__rosidl_typesupport_fastrtps_c.cpython-310-aarch64-linux-gnu.so\n'}
[1.872446] (px4_msgs) StdoutLine: {'line': b'-- Up-to-date: /home/mustardking/ws_sensor_combined/install/px4_msgs/local/lib/python3.10/dist-packages/px4_msgs/px4_msgs_s__rosidl_typesupport_introspection_c.cpython-310-aarch64-linux-gnu.so\n'}
[1.873818] (px4_msgs) StdoutLine: {'line': b'-- Up-to-date: /home/mustardking/ws_sensor_combined/install/px4_msgs/local/lib/python3.10/dist-packages/px4_msgs/px4_msgs_s__rosidl_typesupport_c.cpython-310-aarch64-linux-gnu.so\n'}
[1.873885] (px4_msgs) StdoutLine: {'line': b'-- Up-to-date: /home/mustardking/ws_sensor_combined/install/px4_msgs/lib/libpx4_msgs__rosidl_generator_py.so\n'}
[1.873911] (px4_msgs) StdoutLine: {'line': b'-- Up-to-date: /home/mustardking/ws_sensor_combined/install/px4_msgs/share/px4_msgs/msg/ActionRequest.idl\n'}
[1.873935] (px4_msgs) StdoutLine: {'line': b'-- Up-to-date: /home/mustardking/ws_sensor_combined/install/px4_msgs/share/px4_msgs/msg/ActuatorArmed.idl\n'}
[1.873958] (px4_msgs) StdoutLine: {'line': b'-- Up-to-date: /home/mustardking/ws_sensor_combined/install/px4_msgs/share/px4_msgs/msg/ActuatorControlsStatus.idl\n'}
[1.874011] (px4_msgs) StdoutLine: {'line': b'-- Up-to-date: /home/mustardking/ws_sensor_combined/install/px4_msgs/share/px4_msgs/msg/ActuatorMotors.idl\n'}
[1.874036] (px4_msgs) StdoutLine: {'line': b'-- Up-to-date: /home/mustardking/ws_sensor_combined/install/px4_msgs/share/px4_msgs/msg/ActuatorOutputs.idl\n'}
[1.874058] (px4_msgs) StdoutLine: {'line': b'-- Up-to-date: /home/mustardking/ws_sensor_combined/install/px4_msgs/share/px4_msgs/msg/ActuatorServos.idl\n'}
[1.874080] (px4_msgs) StdoutLine: {'line': b'-- Up-to-date: /home/mustardking/ws_sensor_combined/install/px4_msgs/share/px4_msgs/msg/ActuatorServosTrim.idl\n'}
[1.874112] (px4_msgs) StdoutLine: {'line': b'-- Up-to-date: /home/mustardking/ws_sensor_combined/install/px4_msgs/share/px4_msgs/msg/ActuatorTest.idl\n'}
[1.874161] (px4_msgs) StdoutLine: {'line': b'-- Up-to-date: /home/mustardking/ws_sensor_combined/install/px4_msgs/share/px4_msgs/msg/AdcReport.idl\n'}
[1.874184] (px4_msgs) StdoutLine: {'line': b'-- Up-to-date: /home/mustardking/ws_sensor_combined/install/px4_msgs/share/px4_msgs/msg/Airspeed.idl\n'}
[1.874206] (px4_msgs) StdoutLine: {'line': b'-- Up-to-date: /home/mustardking/ws_sensor_combined/install/px4_msgs/share/px4_msgs/msg/AirspeedValidated.idl\n'}
[1.874229] (px4_msgs) StdoutLine: {'line': b'-- Up-to-date: /home/mustardking/ws_sensor_combined/install/px4_msgs/share/px4_msgs/msg/AirspeedWind.idl\n'}
[1.874266] (px4_msgs) StdoutLine: {'line': b'-- Up-to-date: /home/mustardking/ws_sensor_combined/install/px4_msgs/share/px4_msgs/msg/ArmingCheckReply.idl\n'}
[1.874289] (px4_msgs) StdoutLine: {'line': b'-- Up-to-date: /home/mustardking/ws_sensor_combined/install/px4_msgs/share/px4_msgs/msg/ArmingCheckRequest.idl\n'}
[1.874311] (px4_msgs) StdoutLine: {'line': b'-- Up-to-date: /home/mustardking/ws_sensor_combined/install/px4_msgs/share/px4_msgs/msg/AutotuneAttitudeControlStatus.idl\n'}
[1.874346] (px4_msgs) StdoutLine: {'line': b'-- Up-to-date: /home/mustardking/ws_sensor_combined/install/px4_msgs/share/px4_msgs/msg/BatteryInfo.idl\n'}
[1.874396] (px4_msgs) StdoutLine: {'line': b'-- Up-to-date: /home/mustardking/ws_sensor_combined/install/px4_msgs/share/px4_msgs/msg/BatteryStatus.idl\n'}
[1.874423] (px4_msgs) StdoutLine: {'line': b'-- Up-to-date: /home/mustardking/ws_sensor_combined/install/px4_msgs/share/px4_msgs/msg/ButtonEvent.idl\n'}
[1.874445] (px4_msgs) StdoutLine: {'line': b'-- Up-to-date: /home/mustardking/ws_sensor_combined/install/px4_msgs/share/px4_msgs/msg/CameraCapture.idl\n'}
[1.874467] (px4_msgs) StdoutLine: {'line': b'-- Up-to-date: /home/mustardking/ws_sensor_combined/install/px4_msgs/share/px4_msgs/msg/CameraStatus.idl\n'}
[1.874489] (px4_msgs) StdoutLine: {'line': b'-- Up-to-date: /home/mustardking/ws_sensor_combined/install/px4_msgs/share/px4_msgs/msg/CameraTrigger.idl\n'}
[1.874526] (px4_msgs) StdoutLine: {'line': b'-- Up-to-date: /home/mustardking/ws_sensor_combined/install/px4_msgs/share/px4_msgs/msg/CanInterfaceStatus.idl\n'}
[1.874549] (px4_msgs) StdoutLine: {'line': b'-- Up-to-date: /home/mustardking/ws_sensor_combined/install/px4_msgs/share/px4_msgs/msg/CellularStatus.idl\n'}
[1.874571] (px4_msgs) StdoutLine: {'line': b'-- Up-to-date: /home/mustardking/ws_sensor_combined/install/px4_msgs/share/px4_msgs/msg/CollisionConstraints.idl\n'}
[1.874599] (px4_msgs) StdoutLine: {'line': b'-- Up-to-date: /home/mustardking/ws_sensor_combined/install/px4_msgs/share/px4_msgs/msg/ConfigOverrides.idl\n'}
[1.874621] (px4_msgs) StdoutLine: {'line': b'-- Up-to-date: /home/mustardking/ws_sensor_combined/install/px4_msgs/share/px4_msgs/msg/ControlAllocatorStatus.idl\n'}
[1.874643] (px4_msgs) StdoutLine: {'line': b'-- Up-to-date: /home/mustardking/ws_sensor_combined/install/px4_msgs/share/px4_msgs/msg/Cpuload.idl\n'}
[1.874665] (px4_msgs) StdoutLine: {'line': b'-- Up-to-date: /home/mustardking/ws_sensor_combined/install/px4_msgs/share/px4_msgs/msg/DatamanRequest.idl\n'}
[1.874706] (px4_msgs) StdoutLine: {'line': b'-- Up-to-date: /home/mustardking/ws_sensor_combined/install/px4_msgs/share/px4_msgs/msg/DatamanResponse.idl\n'}
[1.874728] (px4_msgs) StdoutLine: {'line': b'-- Up-to-date: /home/mustardking/ws_sensor_combined/install/px4_msgs/share/px4_msgs/msg/DebugArray.idl\n'}
[1.874750] (px4_msgs) StdoutLine: {'line': b'-- Up-to-date: /home/mustardking/ws_sensor_combined/install/px4_msgs/share/px4_msgs/msg/DebugKeyValue.idl\n'}
[1.874775] (px4_msgs) StdoutLine: {'line': b'-- Up-to-date: /home/mustardking/ws_sensor_combined/install/px4_msgs/share/px4_msgs/msg/DebugValue.idl\n'}
[1.874800] (px4_msgs) StdoutLine: {'line': b'-- Up-to-date: /home/mustardking/ws_sensor_combined/install/px4_msgs/share/px4_msgs/msg/DebugVect.idl\n'}
[1.874822] (px4_msgs) StdoutLine: {'line': b'-- Up-to-date: /home/mustardking/ws_sensor_combined/install/px4_msgs/share/px4_msgs/msg/DifferentialPressure.idl\n'}
[1.875172] (px4_msgs) StdoutLine: {'line': b'-- Up-to-date: /home/mustardking/ws_sensor_combined/install/px4_msgs/share/px4_msgs/msg/DistanceSensor.idl\n'}
[1.875210] (px4_msgs) StdoutLine: {'line': b'-- Up-to-date: /home/mustardking/ws_sensor_combined/install/px4_msgs/share/px4_msgs/msg/DistanceSensorModeChangeRequest.idl\n'}
[1.875235] (px4_msgs) StdoutLine: {'line': b'-- Up-to-date: /home/mustardking/ws_sensor_combined/install/px4_msgs/share/px4_msgs/msg/DronecanNodeStatus.idl\n'}
[1.875290] (px4_msgs) StdoutLine: {'line': b'-- Up-to-date: /home/mustardking/ws_sensor_combined/install/px4_msgs/share/px4_msgs/msg/Ekf2Timestamps.idl\n'}
[1.875320] (px4_msgs) StdoutLine: {'line': b'-- Up-to-date: /home/mustardking/ws_sensor_combined/install/px4_msgs/share/px4_msgs/msg/EscReport.idl\n'}
[1.875343] (px4_msgs) StdoutLine: {'line': b'-- Up-to-date: /home/mustardking/ws_sensor_combined/install/px4_msgs/share/px4_msgs/msg/EscStatus.idl\n'}
[1.875447] (px4_msgs) StdoutLine: {'line': b'-- Up-to-date: /home/mustardking/ws_sensor_combined/install/px4_msgs/share/px4_msgs/msg/EstimatorAidSource1d.idl\n'}
[1.875472] (px4_msgs) StdoutLine: {'line': b'-- Up-to-date: /home/mustardking/ws_sensor_combined/install/px4_msgs/share/px4_msgs/msg/EstimatorAidSource2d.idl\n'}
[1.875508] (px4_msgs) StdoutLine: {'line': b'-- Up-to-date: /home/mustardking/ws_sensor_combined/install/px4_msgs/share/px4_msgs/msg/EstimatorAidSource3d.idl\n'}
[1.875533] (px4_msgs) StdoutLine: {'line': b'-- Up-to-date: /home/mustardking/ws_sensor_combined/install/px4_msgs/share/px4_msgs/msg/EstimatorBias.idl\n'}
[1.875575] (px4_msgs) StdoutLine: {'line': b'-- Up-to-date: /home/mustardking/ws_sensor_combined/install/px4_msgs/share/px4_msgs/msg/EstimatorBias3d.idl\n'}
[1.875597] (px4_msgs) StdoutLine: {'line': b'-- Up-to-date: /home/mustardking/ws_sensor_combined/install/px4_msgs/share/px4_msgs/msg/EstimatorEventFlags.idl\n'}
[1.875620] (px4_msgs) StdoutLine: {'line': b'-- Up-to-date: /home/mustardking/ws_sensor_combined/install/px4_msgs/share/px4_msgs/msg/EstimatorGpsStatus.idl\n'}
[1.875643] (px4_msgs) StdoutLine: {'line': b'-- Up-to-date: /home/mustardking/ws_sensor_combined/install/px4_msgs/share/px4_msgs/msg/EstimatorInnovations.idl\n'}
[1.875666] (px4_msgs) StdoutLine: {'line': b'-- Up-to-date: /home/mustardking/ws_sensor_combined/install/px4_msgs/share/px4_msgs/msg/EstimatorSelectorStatus.idl\n'}
[1.875688] (px4_msgs) StdoutLine: {'line': b'-- Up-to-date: /home/mustardking/ws_sensor_combined/install/px4_msgs/share/px4_msgs/msg/EstimatorSensorBias.idl\n'}
[1.875715] (px4_msgs) StdoutLine: {'line': b'-- Up-to-date: /home/mustardking/ws_sensor_combined/install/px4_msgs/share/px4_msgs/msg/EstimatorStates.idl\n'}
[1.875773] (px4_msgs) StdoutLine: {'line': b'-- Up-to-date: /home/mustardking/ws_sensor_combined/install/px4_msgs/share/px4_msgs/msg/EstimatorStatus.idl\n'}
[1.875796] (px4_msgs) StdoutLine: {'line': b'-- Up-to-date: /home/mustardking/ws_sensor_combined/install/px4_msgs/share/px4_msgs/msg/EstimatorStatusFlags.idl\n'}
[1.875819] (px4_msgs) StdoutLine: {'line': b'-- Up-to-date: /home/mustardking/ws_sensor_combined/install/px4_msgs/share/px4_msgs/msg/Event.idl\n'}
[1.875841] (px4_msgs) StdoutLine: {'line': b'-- Up-to-date: /home/mustardking/ws_sensor_combined/install/px4_msgs/share/px4_msgs/msg/FailsafeFlags.idl\n'}
[1.875893] (px4_msgs) StdoutLine: {'line': b'-- Up-to-date: /home/mustardking/ws_sensor_combined/install/px4_msgs/share/px4_msgs/msg/FailureDetectorStatus.idl\n'}
[1.875922] (px4_msgs) StdoutLine: {'line': b'-- Up-to-date: /home/mustardking/ws_sensor_combined/install/px4_msgs/share/px4_msgs/msg/FigureEightStatus.idl\n'}
[1.875944] (px4_msgs) StdoutLine: {'line': b'-- Up-to-date: /home/mustardking/ws_sensor_combined/install/px4_msgs/share/px4_msgs/msg/FixedWingLateralGuidanceStatus.idl\n'}
[1.875967] (px4_msgs) StdoutLine: {'line': b'-- Up-to-date: /home/mustardking/ws_sensor_combined/install/px4_msgs/share/px4_msgs/msg/FixedWingLateralSetpoint.idl\n'}
[1.875989] (px4_msgs) StdoutLine: {'line': b'-- Up-to-date: /home/mustardking/ws_sensor_combined/install/px4_msgs/share/px4_msgs/msg/FixedWingLateralStatus.idl\n'}
[1.876011] (px4_msgs) StdoutLine: {'line': b'-- Up-to-date: /home/mustardking/ws_sensor_combined/install/px4_msgs/share/px4_msgs/msg/FixedWingLongitudinalSetpoint.idl\n'}
[1.876034] (px4_msgs) StdoutLine: {'line': b'-- Up-to-date: /home/mustardking/ws_sensor_combined/install/px4_msgs/share/px4_msgs/msg/FixedWingRunwayControl.idl\n'}
[1.876079] (px4_msgs) StdoutLine: {'line': b'-- Up-to-date: /home/mustardking/ws_sensor_combined/install/px4_msgs/share/px4_msgs/msg/FlightPhaseEstimation.idl\n'}
[1.876102] (px4_msgs) StdoutLine: {'line': b'-- Up-to-date: /home/mustardking/ws_sensor_combined/install/px4_msgs/share/px4_msgs/msg/FollowTarget.idl\n'}
[1.876125] (px4_msgs) StdoutLine: {'line': b'-- Up-to-date: /home/mustardking/ws_sensor_combined/install/px4_msgs/share/px4_msgs/msg/FollowTargetEstimator.idl\n'}
[1.876147] (px4_msgs) StdoutLine: {'line': b'-- Up-to-date: /home/mustardking/ws_sensor_combined/install/px4_msgs/share/px4_msgs/msg/FollowTargetStatus.idl\n'}
[1.876169] (px4_msgs) StdoutLine: {'line': b'-- Up-to-date: /home/mustardking/ws_sensor_combined/install/px4_msgs/share/px4_msgs/msg/FuelTankStatus.idl\n'}
[1.876732] (px4_msgs) StdoutLine: {'line': b'-- Up-to-date: /home/mustardking/ws_sensor_combined/install/px4_msgs/share/px4_msgs/msg/GeneratorStatus.idl\n'}
[1.876792] (px4_msgs) StdoutLine: {'line': b'-- Up-to-date: /home/mustardking/ws_sensor_combined/install/px4_msgs/share/px4_msgs/msg/GeofenceResult.idl\n'}
[1.876825] (px4_msgs) StdoutLine: {'line': b'-- Up-to-date: /home/mustardking/ws_sensor_combined/install/px4_msgs/share/px4_msgs/msg/GeofenceStatus.idl\n'}
[1.876848] (px4_msgs) StdoutLine: {'line': b'-- Up-to-date: /home/mustardking/ws_sensor_combined/install/px4_msgs/share/px4_msgs/msg/GimbalControls.idl\n'}
[1.876872] (px4_msgs) StdoutLine: {'line': b'-- Up-to-date: /home/mustardking/ws_sensor_combined/install/px4_msgs/share/px4_msgs/msg/GimbalDeviceAttitudeStatus.idl\n'}
[1.876936] (px4_msgs) StdoutLine: {'line': b'-- Up-to-date: /home/mustardking/ws_sensor_combined/install/px4_msgs/share/px4_msgs/msg/GimbalDeviceInformation.idl\n'}
[1.876961] (px4_msgs) StdoutLine: {'line': b'-- Up-to-date: /home/mustardking/ws_sensor_combined/install/px4_msgs/share/px4_msgs/msg/GimbalDeviceSetAttitude.idl\n'}
[1.876984] (px4_msgs) StdoutLine: {'line': b'-- Up-to-date: /home/mustardking/ws_sensor_combined/install/px4_msgs/share/px4_msgs/msg/GimbalManagerInformation.idl\n'}
[1.877016] (px4_msgs) StdoutLine: {'line': b'-- Up-to-date: /home/mustardking/ws_sensor_combined/install/px4_msgs/share/px4_msgs/msg/GimbalManagerSetAttitude.idl\n'}
[1.877041] (px4_msgs) StdoutLine: {'line': b'-- Up-to-date: /home/mustardking/ws_sensor_combined/install/px4_msgs/share/px4_msgs/msg/GimbalManagerSetManualControl.idl\n'}
[1.877063] (px4_msgs) StdoutLine: {'line': b'-- Up-to-date: /home/mustardking/ws_sensor_combined/install/px4_msgs/share/px4_msgs/msg/GimbalManagerStatus.idl\n'}
[1.877101] (px4_msgs) StdoutLine: {'line': b'-- Up-to-date: /home/mustardking/ws_sensor_combined/install/px4_msgs/share/px4_msgs/msg/GotoSetpoint.idl\n'}
[1.877134] (px4_msgs) StdoutLine: {'line': b'-- Up-to-date: /home/mustardking/ws_sensor_combined/install/px4_msgs/share/px4_msgs/msg/GpioConfig.idl\n'}
[1.877157] (px4_msgs) StdoutLine: {'line': b'-- Up-to-date: /home/mustardking/ws_sensor_combined/install/px4_msgs/share/px4_msgs/msg/GpioIn.idl\n'}
[1.877179] (px4_msgs) StdoutLine: {'line': b'-- Up-to-date: /home/mustardking/ws_sensor_combined/install/px4_msgs/share/px4_msgs/msg/GpioOut.idl\n'}
[1.877202] (px4_msgs) StdoutLine: {'line': b'-- Up-to-date: /home/mustardking/ws_sensor_combined/install/px4_msgs/share/px4_msgs/msg/GpioRequest.idl\n'}
[1.877243] (px4_msgs) StdoutLine: {'line': b'-- Up-to-date: /home/mustardking/ws_sensor_combined/install/px4_msgs/share/px4_msgs/msg/GpsDump.idl\n'}
[1.877265] (px4_msgs) StdoutLine: {'line': b'-- Up-to-date: /home/mustardking/ws_sensor_combined/install/px4_msgs/share/px4_msgs/msg/GpsInjectData.idl\n'}
[1.877288] (px4_msgs) StdoutLine: {'line': b'-- Up-to-date: /home/mustardking/ws_sensor_combined/install/px4_msgs/share/px4_msgs/msg/Gripper.idl\n'}
[1.877310] (px4_msgs) StdoutLine: {'line': b'-- Up-to-date: /home/mustardking/ws_sensor_combined/install/px4_msgs/share/px4_msgs/msg/HealthReport.idl\n'}
[1.877332] (px4_msgs) StdoutLine: {'line': b'-- Up-to-date: /home/mustardking/ws_sensor_combined/install/px4_msgs/share/px4_msgs/msg/HeaterStatus.idl\n'}
[1.877360] (px4_msgs) StdoutLine: {'line': b'-- Up-to-date: /home/mustardking/ws_sensor_combined/install/px4_msgs/share/px4_msgs/msg/HomePosition.idl\n'}
[1.877382] (px4_msgs) StdoutLine: {'line': b'-- Up-to-date: /home/mustardking/ws_sensor_combined/install/px4_msgs/share/px4_msgs/msg/HoverThrustEstimate.idl\n'}
[1.877429] (px4_msgs) StdoutLine: {'line': b'-- Up-to-date: /home/mustardking/ws_sensor_combined/install/px4_msgs/share/px4_msgs/msg/InputRc.idl\n'}
[1.877451] (px4_msgs) StdoutLine: {'line': b'-- Up-to-date: /home/mustardking/ws_sensor_combined/install/px4_msgs/share/px4_msgs/msg/InternalCombustionEngineControl.idl\n'}
[1.877473] (px4_msgs) StdoutLine: {'line': b'-- Up-to-date: /home/mustardking/ws_sensor_combined/install/px4_msgs/share/px4_msgs/msg/InternalCombustionEngineStatus.idl\n'}
[1.877508] (px4_msgs) StdoutLine: {'line': b'-- Up-to-date: /home/mustardking/ws_sensor_combined/install/px4_msgs/share/px4_msgs/msg/IridiumsbdStatus.idl\n'}
[1.877572] (px4_msgs) StdoutLine: {'line': b'-- Up-to-date: /home/mustardking/ws_sensor_combined/install/px4_msgs/share/px4_msgs/msg/IrlockReport.idl\n'}
[1.877599] (px4_msgs) StdoutLine: {'line': b'-- Up-to-date: /home/mustardking/ws_sensor_combined/install/px4_msgs/share/px4_msgs/msg/LandingGear.idl\n'}
[1.877623] (px4_msgs) StdoutLine: {'line': b'-- Up-to-date: /home/mustardking/ws_sensor_combined/install/px4_msgs/share/px4_msgs/msg/LandingGearWheel.idl\n'}
[1.877646] (px4_msgs) StdoutLine: {'line': b'-- Up-to-date: /home/mustardking/ws_sensor_combined/install/px4_msgs/share/px4_msgs/msg/LandingTargetInnovations.idl\n'}
[1.877668] (px4_msgs) StdoutLine: {'line': b'-- Up-to-date: /home/mustardking/ws_sensor_combined/install/px4_msgs/share/px4_msgs/msg/LandingTargetPose.idl\n'}
[1.877709] (px4_msgs) StdoutLine: {'line': b'-- Up-to-date: /home/mustardking/ws_sensor_combined/install/px4_msgs/share/px4_msgs/msg/LateralControlConfiguration.idl\n'}
[1.877751] (px4_msgs) StdoutLine: {'line': b'-- Up-to-date: /home/mustardking/ws_sensor_combined/install/px4_msgs/share/px4_msgs/msg/LaunchDetectionStatus.idl\n'}
[1.877774] (px4_msgs) StdoutLine: {'line': b'-- Up-to-date: /home/mustardking/ws_sensor_combined/install/px4_msgs/share/px4_msgs/msg/LedControl.idl\n'}
[1.877797] (px4_msgs) StdoutLine: {'line': b'-- Up-to-date: /home/mustardking/ws_sensor_combined/install/px4_msgs/share/px4_msgs/msg/LogMessage.idl\n'}
[1.877818] (px4_msgs) StdoutLine: {'line': b'-- Up-to-date: /home/mustardking/ws_sensor_combined/install/px4_msgs/share/px4_msgs/msg/LoggerStatus.idl\n'}
[1.877856] (px4_msgs) StdoutLine: {'line': b'-- Up-to-date: /home/mustardking/ws_sensor_combined/install/px4_msgs/share/px4_msgs/msg/LongitudinalControlConfiguration.idl\n'}
[1.877879] (px4_msgs) StdoutLine: {'line': b'-- Up-to-date: /home/mustardking/ws_sensor_combined/install/px4_msgs/share/px4_msgs/msg/MagWorkerData.idl\n'}
[1.877901] (px4_msgs) StdoutLine: {'line': b'-- Up-to-date: /home/mustardking/ws_sensor_combined/install/px4_msgs/share/px4_msgs/msg/MagnetometerBiasEstimate.idl\n'}
[1.877923] (px4_msgs) StdoutLine: {'line': b'-- Up-to-date: /home/mustardking/ws_sensor_combined/install/px4_msgs/share/px4_msgs/msg/ManualControlSetpoint.idl\n'}
[1.877946] (px4_msgs) StdoutLine: {'line': b'-- Up-to-date: /home/mustardking/ws_sensor_combined/install/px4_msgs/share/px4_msgs/msg/ManualControlSwitches.idl\n'}
[1.878002] (px4_msgs) StdoutLine: {'line': b'-- Up-to-date: /home/mustardking/ws_sensor_combined/install/px4_msgs/share/px4_msgs/msg/MavlinkLog.idl\n'}
[1.878045] (px4_msgs) StdoutLine: {'line': b'-- Up-to-date: /home/mustardking/ws_sensor_combined/install/px4_msgs/share/px4_msgs/msg/MavlinkTunnel.idl\n'}
[1.878070] (px4_msgs) StdoutLine: {'line': b'-- Up-to-date: /home/mustardking/ws_sensor_combined/install/px4_msgs/share/px4_msgs/msg/MessageFormatRequest.idl\n'}
[1.878094] (px4_msgs) StdoutLine: {'line': b'-- Up-to-date: /home/mustardking/ws_sensor_combined/install/px4_msgs/share/px4_msgs/msg/MessageFormatResponse.idl\n'}
[1.878116] (px4_msgs) StdoutLine: {'line': b'-- Up-to-date: /home/mustardking/ws_sensor_combined/install/px4_msgs/share/px4_msgs/msg/Mission.idl\n'}
[1.878158] (px4_msgs) StdoutLine: {'line': b'-- Up-to-date: /home/mustardking/ws_sensor_combined/install/px4_msgs/share/px4_msgs/msg/MissionResult.idl\n'}
[1.878181] (px4_msgs) StdoutLine: {'line': b'-- Up-to-date: /home/mustardking/ws_sensor_combined/install/px4_msgs/share/px4_msgs/msg/ModeCompleted.idl\n'}
[1.878203] (px4_msgs) StdoutLine: {'line': b'-- Up-to-date: /home/mustardking/ws_sensor_combined/install/px4_msgs/share/px4_msgs/msg/MountOrientation.idl\n'}
[1.878225] (px4_msgs) StdoutLine: {'line': b'-- Up-to-date: /home/mustardking/ws_sensor_combined/install/px4_msgs/share/px4_msgs/msg/NavigatorMissionItem.idl\n'}
[1.878267] (px4_msgs) StdoutLine: {'line': b'-- Up-to-date: /home/mustardking/ws_sensor_combined/install/px4_msgs/share/px4_msgs/msg/NavigatorStatus.idl\n'}
[1.878312] (px4_msgs) StdoutLine: {'line': b'-- Up-to-date: /home/mustardking/ws_sensor_combined/install/px4_msgs/share/px4_msgs/msg/NeuralControl.idl\n'}
[1.878346] (px4_msgs) StdoutLine: {'line': b'-- Up-to-date: /home/mustardking/ws_sensor_combined/install/px4_msgs/share/px4_msgs/msg/NormalizedUnsignedSetpoint.idl\n'}
[1.878371] (px4_msgs) StdoutLine: {'line': b'-- Up-to-date: /home/mustardking/ws_sensor_combined/install/px4_msgs/share/px4_msgs/msg/ObstacleDistance.idl\n'}
[1.878413] (px4_msgs) StdoutLine: {'line': b'-- Up-to-date: /home/mustardking/ws_sensor_combined/install/px4_msgs/share/px4_msgs/msg/OffboardControlMode.idl\n'}
[1.878435] (px4_msgs) StdoutLine: {'line': b'-- Up-to-date: /home/mustardking/ws_sensor_combined/install/px4_msgs/share/px4_msgs/msg/OnboardComputerStatus.idl\n'}
[1.878457] (px4_msgs) StdoutLine: {'line': b'-- Up-to-date: /home/mustardking/ws_sensor_combined/install/px4_msgs/share/px4_msgs/msg/OpenDroneIdArmStatus.idl\n'}
[1.878480] (px4_msgs) StdoutLine: {'line': b'-- Up-to-date: /home/mustardking/ws_sensor_combined/install/px4_msgs/share/px4_msgs/msg/OpenDroneIdOperatorId.idl\n'}
[1.878520] (px4_msgs) StdoutLine: {'line': b'-- Up-to-date: /home/mustardking/ws_sensor_combined/install/px4_msgs/share/px4_msgs/msg/OpenDroneIdSelfId.idl\n'}
[1.878542] (px4_msgs) StdoutLine: {'line': b'-- Up-to-date: /home/mustardking/ws_sensor_combined/install/px4_msgs/share/px4_msgs/msg/OpenDroneIdSystem.idl\n'}
[1.878565] (px4_msgs) StdoutLine: {'line': b'-- Up-to-date: /home/mustardking/ws_sensor_combined/install/px4_msgs/share/px4_msgs/msg/OrbTest.idl\n'}
[1.878591] (px4_msgs) StdoutLine: {'line': b'-- Up-to-date: /home/mustardking/ws_sensor_combined/install/px4_msgs/share/px4_msgs/msg/OrbTestLarge.idl\n'}
[1.878632] (px4_msgs) StdoutLine: {'line': b'-- Up-to-date: /home/mustardking/ws_sensor_combined/install/px4_msgs/share/px4_msgs/msg/OrbTestMedium.idl\n'}
[1.878676] (px4_msgs) StdoutLine: {'line': b'-- Up-to-date: /home/mustardking/ws_sensor_combined/install/px4_msgs/share/px4_msgs/msg/OrbitStatus.idl\n'}
[1.878707] (px4_msgs) StdoutLine: {'line': b'-- Up-to-date: /home/mustardking/ws_sensor_combined/install/px4_msgs/share/px4_msgs/msg/ParameterResetRequest.idl\n'}
[1.878729] (px4_msgs) StdoutLine: {'line': b'-- Up-to-date: /home/mustardking/ws_sensor_combined/install/px4_msgs/share/px4_msgs/msg/ParameterSetUsedRequest.idl\n'}
[1.878751] (px4_msgs) StdoutLine: {'line': b'-- Up-to-date: /home/mustardking/ws_sensor_combined/install/px4_msgs/share/px4_msgs/msg/ParameterSetValueRequest.idl\n'}
[1.878774] (px4_msgs) StdoutLine: {'line': b'-- Up-to-date: /home/mustardking/ws_sensor_combined/install/px4_msgs/share/px4_msgs/msg/ParameterSetValueResponse.idl\n'}
[1.878797] (px4_msgs) StdoutLine: {'line': b'-- Up-to-date: /home/mustardking/ws_sensor_combined/install/px4_msgs/share/px4_msgs/msg/ParameterUpdate.idl\n'}
[1.878819] (px4_msgs) StdoutLine: {'line': b'-- Up-to-date: /home/mustardking/ws_sensor_combined/install/px4_msgs/share/px4_msgs/msg/Ping.idl\n'}
[1.878859] (px4_msgs) StdoutLine: {'line': b'-- Up-to-date: /home/mustardking/ws_sensor_combined/install/px4_msgs/share/px4_msgs/msg/PositionControllerLandingStatus.idl\n'}
[1.878882] (px4_msgs) StdoutLine: {'line': b'-- Up-to-date: /home/mustardking/ws_sensor_combined/install/px4_msgs/share/px4_msgs/msg/PositionControllerStatus.idl\n'}
[1.878904] (px4_msgs) StdoutLine: {'line': b'-- Up-to-date: /home/mustardking/ws_sensor_combined/install/px4_msgs/share/px4_msgs/msg/PositionSetpoint.idl\n'}
[1.878926] (px4_msgs) StdoutLine: {'line': b'-- Up-to-date: /home/mustardking/ws_sensor_combined/install/px4_msgs/share/px4_msgs/msg/PositionSetpointTriplet.idl\n'}
[1.878948] (px4_msgs) StdoutLine: {'line': b'-- Up-to-date: /home/mustardking/ws_sensor_combined/install/px4_msgs/share/px4_msgs/msg/PowerButtonState.idl\n'}
[1.878991] (px4_msgs) StdoutLine: {'line': b'-- Up-to-date: /home/mustardking/ws_sensor_combined/install/px4_msgs/share/px4_msgs/msg/PowerMonitor.idl\n'}
[1.879016] (px4_msgs) StdoutLine: {'line': b'-- Up-to-date: /home/mustardking/ws_sensor_combined/install/px4_msgs/share/px4_msgs/msg/PpsCapture.idl\n'}
[1.879038] (px4_msgs) StdoutLine: {'line': b'-- Up-to-date: /home/mustardking/ws_sensor_combined/install/px4_msgs/share/px4_msgs/msg/PurePursuitStatus.idl\n'}
[1.879105] (px4_msgs) StdoutLine: {'line': b'-- Up-to-date: /home/mustardking/ws_sensor_combined/install/px4_msgs/share/px4_msgs/msg/PwmInput.idl\n'}
[1.879132] (px4_msgs) StdoutLine: {'line': b'-- Up-to-date: /home/mustardking/ws_sensor_combined/install/px4_msgs/share/px4_msgs/msg/Px4ioStatus.idl\n'}
[1.879183] (px4_msgs) StdoutLine: {'line': b'-- Up-to-date: /home/mustardking/ws_sensor_combined/install/px4_msgs/share/px4_msgs/msg/QshellReq.idl\n'}
[1.879206] (px4_msgs) StdoutLine: {'line': b'-- Up-to-date: /home/mustardking/ws_sensor_combined/install/px4_msgs/share/px4_msgs/msg/QshellRetval.idl\n'}
[1.879228] (px4_msgs) StdoutLine: {'line': b'-- Up-to-date: /home/mustardking/ws_sensor_combined/install/px4_msgs/share/px4_msgs/msg/RadioStatus.idl\n'}
[1.879250] (px4_msgs) StdoutLine: {'line': b'-- Up-to-date: /home/mustardking/ws_sensor_combined/install/px4_msgs/share/px4_msgs/msg/RateCtrlStatus.idl\n'}
[1.879294] (px4_msgs) StdoutLine: {'line': b'-- Up-to-date: /home/mustardking/ws_sensor_combined/install/px4_msgs/share/px4_msgs/msg/RcChannels.idl\n'}
[1.879316] (px4_msgs) StdoutLine: {'line': b'-- Up-to-date: /home/mustardking/ws_sensor_combined/install/px4_msgs/share/px4_msgs/msg/RcParameterMap.idl\n'}
[1.879338] (px4_msgs) StdoutLine: {'line': b'-- Up-to-date: /home/mustardking/ws_sensor_combined/install/px4_msgs/share/px4_msgs/msg/RegisterExtComponentReply.idl\n'}
[1.879361] (px4_msgs) StdoutLine: {'line': b'-- Up-to-date: /home/mustardking/ws_sensor_combined/install/px4_msgs/share/px4_msgs/msg/RegisterExtComponentRequest.idl\n'}
[1.879383] (px4_msgs) StdoutLine: {'line': b'-- Up-to-date: /home/mustardking/ws_sensor_combined/install/px4_msgs/share/px4_msgs/msg/RoverAttitudeSetpoint.idl\n'}
[1.879404] (px4_msgs) StdoutLine: {'line': b'-- Up-to-date: /home/mustardking/ws_sensor_combined/install/px4_msgs/share/px4_msgs/msg/RoverAttitudeStatus.idl\n'}
[1.879426] (px4_msgs) StdoutLine: {'line': b'-- Up-to-date: /home/mustardking/ws_sensor_combined/install/px4_msgs/share/px4_msgs/msg/RoverPositionSetpoint.idl\n'}
[1.879467] (px4_msgs) StdoutLine: {'line': b'-- Up-to-date: /home/mustardking/ws_sensor_combined/install/px4_msgs/share/px4_msgs/msg/RoverRateSetpoint.idl\n'}
[1.879490] (px4_msgs) StdoutLine: {'line': b'-- Up-to-date: /home/mustardking/ws_sensor_combined/install/px4_msgs/share/px4_msgs/msg/RoverRateStatus.idl\n'}
[1.879512] (px4_msgs) StdoutLine: {'line': b'-- Up-to-date: /home/mustardking/ws_sensor_combined/install/px4_msgs/share/px4_msgs/msg/RoverSpeedSetpoint.idl\n'}
[1.879534] (px4_msgs) StdoutLine: {'line': b'-- Up-to-date: /home/mustardking/ws_sensor_combined/install/px4_msgs/share/px4_msgs/msg/RoverSpeedStatus.idl\n'}
[1.879571] (px4_msgs) StdoutLine: {'line': b'-- Up-to-date: /home/mustardking/ws_sensor_combined/install/px4_msgs/share/px4_msgs/msg/RoverSteeringSetpoint.idl\n'}
[1.879600] (px4_msgs) StdoutLine: {'line': b'-- Up-to-date: /home/mustardking/ws_sensor_combined/install/px4_msgs/share/px4_msgs/msg/RoverThrottleSetpoint.idl\n'}
[1.879623] (px4_msgs) StdoutLine: {'line': b'-- Up-to-date: /home/mustardking/ws_sensor_combined/install/px4_msgs/share/px4_msgs/msg/Rpm.idl\n'}
[1.879645] (px4_msgs) StdoutLine: {'line': b'-- Up-to-date: /home/mustardking/ws_sensor_combined/install/px4_msgs/share/px4_msgs/msg/RtlStatus.idl\n'}
[1.879667] (px4_msgs) StdoutLine: {'line': b'-- Up-to-date: /home/mustardking/ws_sensor_combined/install/px4_msgs/share/px4_msgs/msg/RtlTimeEstimate.idl\n'}
[1.879689] (px4_msgs) StdoutLine: {'line': b'-- Up-to-date: /home/mustardking/ws_sensor_combined/install/px4_msgs/share/px4_msgs/msg/SatelliteInfo.idl\n'}
[1.879711] (px4_msgs) StdoutLine: {'line': b'-- Up-to-date: /home/mustardking/ws_sensor_combined/install/px4_msgs/share/px4_msgs/msg/SensorAccel.idl\n'}
[1.879752] (px4_msgs) StdoutLine: {'line': b'-- Up-to-date: /home/mustardking/ws_sensor_combined/install/px4_msgs/share/px4_msgs/msg/SensorAccelFifo.idl\n'}
[1.879777] (px4_msgs) StdoutLine: {'line': b'-- Up-to-date: /home/mustardking/ws_sensor_combined/install/px4_msgs/share/px4_msgs/msg/SensorAirflow.idl\n'}
[1.879799] (px4_msgs) StdoutLine: {'line': b'-- Up-to-date: /home/mustardking/ws_sensor_combined/install/px4_msgs/share/px4_msgs/msg/SensorBaro.idl\n'}
[1.879821] (px4_msgs) StdoutLine: {'line': b'-- Up-to-date: /home/mustardking/ws_sensor_combined/install/px4_msgs/share/px4_msgs/msg/SensorCombined.idl\n'}
[1.879843] (px4_msgs) StdoutLine: {'line': b'-- Up-to-date: /home/mustardking/ws_sensor_combined/install/px4_msgs/share/px4_msgs/msg/SensorCorrection.idl\n'}
[1.879896] (px4_msgs) StdoutLine: {'line': b'-- Up-to-date: /home/mustardking/ws_sensor_combined/install/px4_msgs/share/px4_msgs/msg/SensorGnssRelative.idl\n'}
[1.879923] (px4_msgs) StdoutLine: {'line': b'-- Up-to-date: /home/mustardking/ws_sensor_combined/install/px4_msgs/share/px4_msgs/msg/SensorGnssStatus.idl\n'}
[1.879952] (px4_msgs) StdoutLine: {'line': b'-- Up-to-date: /home/mustardking/ws_sensor_combined/install/px4_msgs/share/px4_msgs/msg/SensorGps.idl\n'}
[1.879974] (px4_msgs) StdoutLine: {'line': b'-- Up-to-date: /home/mustardking/ws_sensor_combined/install/px4_msgs/share/px4_msgs/msg/SensorGyro.idl\n'}
[1.879996] (px4_msgs) StdoutLine: {'line': b'-- Up-to-date: /home/mustardking/ws_sensor_combined/install/px4_msgs/share/px4_msgs/msg/SensorGyroFft.idl\n'}
[1.880018] (px4_msgs) StdoutLine: {'line': b'-- Up-to-date: /home/mustardking/ws_sensor_combined/install/px4_msgs/share/px4_msgs/msg/SensorGyroFifo.idl\n'}
[1.880114] (px4_msgs) StdoutLine: {'line': b'-- Up-to-date: /home/mustardking/ws_sensor_combined/install/px4_msgs/share/px4_msgs/msg/SensorHygrometer.idl\n'}
[1.880141] (px4_msgs) StdoutLine: {'line': b'-- Up-to-date: /home/mustardking/ws_sensor_combined/install/px4_msgs/share/px4_msgs/msg/SensorMag.idl\n'}
[1.880164] (px4_msgs) StdoutLine: {'line': b'-- Up-to-date: /home/mustardking/ws_sensor_combined/install/px4_msgs/share/px4_msgs/msg/SensorOpticalFlow.idl\n'}
[1.880223] (px4_msgs) StdoutLine: {'line': b'-- Up-to-date: /home/mustardking/ws_sensor_combined/install/px4_msgs/share/px4_msgs/msg/SensorPreflightMag.idl\n'}
[1.880248] (px4_msgs) StdoutLine: {'line': b'-- Up-to-date: /home/mustardking/ws_sensor_combined/install/px4_msgs/share/px4_msgs/msg/SensorSelection.idl\n'}
[1.880335] (px4_msgs) StdoutLine: {'line': b'-- Up-to-date: /home/mustardking/ws_sensor_combined/install/px4_msgs/share/px4_msgs/msg/SensorUwb.idl\n'}
[1.880369] (px4_msgs) StdoutLine: {'line': b'-- Up-to-date: /home/mustardking/ws_sensor_combined/install/px4_msgs/share/px4_msgs/msg/SensorsStatus.idl\n'}
[1.880392] (px4_msgs) StdoutLine: {'line': b'-- Up-to-date: /home/mustardking/ws_sensor_combined/install/px4_msgs/share/px4_msgs/msg/SensorsStatusImu.idl\n'}
[1.880415] (px4_msgs) StdoutLine: {'line': b'-- Up-to-date: /home/mustardking/ws_sensor_combined/install/px4_msgs/share/px4_msgs/msg/SystemPower.idl\n'}
[1.880460] (px4_msgs) StdoutLine: {'line': b'-- Up-to-date: /home/mustardking/ws_sensor_combined/install/px4_msgs/share/px4_msgs/msg/TakeoffStatus.idl\n'}
[1.880483] (px4_msgs) StdoutLine: {'line': b'-- Up-to-date: /home/mustardking/ws_sensor_combined/install/px4_msgs/share/px4_msgs/msg/TaskStackInfo.idl\n'}
[1.880506] (px4_msgs) StdoutLine: {'line': b'-- Up-to-date: /home/mustardking/ws_sensor_combined/install/px4_msgs/share/px4_msgs/msg/TecsStatus.idl\n'}
[1.880528] (px4_msgs) StdoutLine: {'line': b'-- Up-to-date: /home/mustardking/ws_sensor_combined/install/px4_msgs/share/px4_msgs/msg/TelemetryStatus.idl\n'}
[1.880550] (px4_msgs) StdoutLine: {'line': b'-- Up-to-date: /home/mustardking/ws_sensor_combined/install/px4_msgs/share/px4_msgs/msg/TiltrotorExtraControls.idl\n'}
[1.880594] (px4_msgs) StdoutLine: {'line': b'-- Up-to-date: /home/mustardking/ws_sensor_combined/install/px4_msgs/share/px4_msgs/msg/TimesyncStatus.idl\n'}
[1.880617] (px4_msgs) StdoutLine: {'line': b'-- Up-to-date: /home/mustardking/ws_sensor_combined/install/px4_msgs/share/px4_msgs/msg/TrajectorySetpoint.idl\n'}
[1.880641] (px4_msgs) StdoutLine: {'line': b'-- Up-to-date: /home/mustardking/ws_sensor_combined/install/px4_msgs/share/px4_msgs/msg/TrajectorySetpoint6dof.idl\n'}
[1.880664] (px4_msgs) StdoutLine: {'line': b'-- Up-to-date: /home/mustardking/ws_sensor_combined/install/px4_msgs/share/px4_msgs/msg/TransponderReport.idl\n'}
[1.880686] (px4_msgs) StdoutLine: {'line': b'-- Up-to-date: /home/mustardking/ws_sensor_combined/install/px4_msgs/share/px4_msgs/msg/TuneControl.idl\n'}
[1.880708] (px4_msgs) StdoutLine: {'line': b'-- Up-to-date: /home/mustardking/ws_sensor_combined/install/px4_msgs/share/px4_msgs/msg/UavcanParameterRequest.idl\n'}
[1.880749] (px4_msgs) StdoutLine: {'line': b'-- Up-to-date: /home/mustardking/ws_sensor_combined/install/px4_msgs/share/px4_msgs/msg/UavcanParameterValue.idl\n'}
[1.880772] (px4_msgs) StdoutLine: {'line': b'-- Up-to-date: /home/mustardking/ws_sensor_combined/install/px4_msgs/share/px4_msgs/msg/UlogStream.idl\n'}
[1.880794] (px4_msgs) StdoutLine: {'line': b'-- Up-to-date: /home/mustardking/ws_sensor_combined/install/px4_msgs/share/px4_msgs/msg/UlogStreamAck.idl\n'}
[1.880816] (px4_msgs) StdoutLine: {'line': b'-- Up-to-date: /home/mustardking/ws_sensor_combined/install/px4_msgs/share/px4_msgs/msg/UnregisterExtComponent.idl\n'}
[1.880838] (px4_msgs) StdoutLine: {'line': b'-- Up-to-date: /home/mustardking/ws_sensor_combined/install/px4_msgs/share/px4_msgs/msg/VehicleAcceleration.idl\n'}
[1.880891] (px4_msgs) StdoutLine: {'line': b'-- Up-to-date: /home/mustardking/ws_sensor_combined/install/px4_msgs/share/px4_msgs/msg/VehicleAirData.idl\n'}
[1.880915] (px4_msgs) StdoutLine: {'line': b'-- Up-to-date: /home/mustardking/ws_sensor_combined/install/px4_msgs/share/px4_msgs/msg/VehicleAngularAccelerationSetpoint.idl\n'}
[1.880961] (px4_msgs) StdoutLine: {'line': b'-- Up-to-date: /home/mustardking/ws_sensor_combined/install/px4_msgs/share/px4_msgs/msg/VehicleAngularVelocity.idl\n'}
[1.880986] (px4_msgs) StdoutLine: {'line': b'-- Up-to-date: /home/mustardking/ws_sensor_combined/install/px4_msgs/share/px4_msgs/msg/VehicleAttitude.idl\n'}
[1.881086] (px4_msgs) StdoutLine: {'line': b'-- Up-to-date: /home/mustardking/ws_sensor_combined/install/px4_msgs/share/px4_msgs/msg/VehicleAttitudeSetpoint.idl\n'}
[1.881211] (px4_msgs) StdoutLine: {'line': b'-- Up-to-date: /home/mustardking/ws_sensor_combined/install/px4_msgs/share/px4_msgs/msg/VehicleCommand.idl\n'}
[1.881392] (px4_msgs) StdoutLine: {'line': b'-- Up-to-date: /home/mustardking/ws_sensor_combined/install/px4_msgs/share/px4_msgs/msg/VehicleCommandAck.idl\n'}
[1.881524] (px4_msgs) StdoutLine: {'line': b'-- Up-to-date: /home/mustardking/ws_sensor_combined/install/px4_msgs/share/px4_msgs/msg/VehicleConstraints.idl\n'}
[1.881676] (px4_msgs) StdoutLine: {'line': b'-- Up-to-date: /home/mustardking/ws_sensor_combined/install/px4_msgs/share/px4_msgs/msg/VehicleControlMode.idl\n'}
[1.881815] (px4_msgs) StdoutLine: {'line': b'-- Up-to-date: /home/mustardking/ws_sensor_combined/install/px4_msgs/share/px4_msgs/msg/VehicleGlobalPosition.idl\n'}
[1.881929] (px4_msgs) StdoutLine: {'line': b'-- Up-to-date: /home/mustardking/ws_sensor_combined/install/px4_msgs/share/px4_msgs/msg/VehicleImu.idl\n'}
[1.882077] (px4_msgs) StdoutLine: {'line': b'-- Up-to-date: /home/mustardking/ws_sensor_combined/install/px4_msgs/share/px4_msgs/msg/VehicleImuStatus.idl\n'}
[1.882235] (px4_msgs) StdoutLine: {'line': b'-- Up-to-date: /home/mustardking/ws_sensor_combined/install/px4_msgs/share/px4_msgs/msg/VehicleLandDetected.idl\n'}
[1.882359] (px4_msgs) StdoutLine: {'line': b'-- Up-to-date: /home/mustardking/ws_sensor_combined/install/px4_msgs/share/px4_msgs/msg/VehicleLocalPosition.idl\n'}
[1.882522] (px4_msgs) StdoutLine: {'line': b'-- Up-to-date: /home/mustardking/ws_sensor_combined/install/px4_msgs/share/px4_msgs/msg/VehicleLocalPositionSetpoint.idl\n'}
[1.882671] (px4_msgs) StdoutLine: {'line': b'-- Up-to-date: /home/mustardking/ws_sensor_combined/install/px4_msgs/share/px4_msgs/msg/VehicleMagnetometer.idl\n'}
[1.882842] (px4_msgs) StdoutLine: {'line': b'-- Up-to-date: /home/mustardking/ws_sensor_combined/install/px4_msgs/share/px4_msgs/msg/VehicleOdometry.idl\n'}
[1.883084] (px4_msgs) StdoutLine: {'line': b'-- Up-to-date: /home/mustardking/ws_sensor_combined/install/px4_msgs/share/px4_msgs/msg/VehicleOpticalFlow.idl\n'}
[1.883265] (px4_msgs) StdoutLine: {'line': b'-- Up-to-date: /home/mustardking/ws_sensor_combined/install/px4_msgs/share/px4_msgs/msg/VehicleOpticalFlowVel.idl\n'}
[1.883395] (px4_msgs) StdoutLine: {'line': b'-- Up-to-date: /home/mustardking/ws_sensor_combined/install/px4_msgs/share/px4_msgs/msg/VehicleRatesSetpoint.idl\n'}
[1.883564] (px4_msgs) StdoutLine: {'line': b'-- Up-to-date: /home/mustardking/ws_sensor_combined/install/px4_msgs/share/px4_msgs/msg/VehicleRoi.idl\n'}
[1.883747] (px4_msgs) StdoutLine: {'line': b'-- Up-to-date: /home/mustardking/ws_sensor_combined/install/px4_msgs/share/px4_msgs/msg/VehicleStatus.idl\n'}
[1.883936] (px4_msgs) StdoutLine: {'line': b'-- Up-to-date: /home/mustardking/ws_sensor_combined/install/px4_msgs/share/px4_msgs/msg/VehicleThrustSetpoint.idl\n'}
[1.884419] (px4_msgs) StdoutLine: {'line': b'-- Up-to-date: /home/mustardking/ws_sensor_combined/install/px4_msgs/share/px4_msgs/msg/VehicleTorqueSetpoint.idl\n'}
[1.884488] (px4_msgs) StdoutLine: {'line': b'-- Up-to-date: /home/mustardking/ws_sensor_combined/install/px4_msgs/share/px4_msgs/msg/VelocityLimits.idl\n'}
[1.884619] (px4_msgs) StdoutLine: {'line': b'-- Up-to-date: /home/mustardking/ws_sensor_combined/install/px4_msgs/share/px4_msgs/msg/VtolVehicleStatus.idl\n'}
[1.884793] (px4_msgs) StdoutLine: {'line': b'-- Up-to-date: /home/mustardking/ws_sensor_combined/install/px4_msgs/share/px4_msgs/msg/WheelEncoders.idl\n'}
[1.884964] (px4_msgs) StdoutLine: {'line': b'-- Up-to-date: /home/mustardking/ws_sensor_combined/install/px4_msgs/share/px4_msgs/msg/Wind.idl\n'}
[1.885112] (px4_msgs) StdoutLine: {'line': b'-- Up-to-date: /home/mustardking/ws_sensor_combined/install/px4_msgs/share/px4_msgs/msg/YawEstimatorStatus.idl\n'}
[1.892570] (px4_msgs) StdoutLine: {'line': b'-- Up-to-date: /home/mustardking/ws_sensor_combined/install/px4_msgs/share/px4_msgs/srv/VehicleCommand.idl\n'}
[1.893012] (px4_msgs) StdoutLine: {'line': b'-- Up-to-date: /home/mustardking/ws_sensor_combined/install/px4_msgs/share/px4_msgs/msg/ActionRequest.msg\n'}
[1.893248] (px4_msgs) StdoutLine: {'line': b'-- Up-to-date: /home/mustardking/ws_sensor_combined/install/px4_msgs/share/px4_msgs/msg/ActuatorArmed.msg\n'}
[1.894014] (px4_msgs) StdoutLine: {'line': b'-- Up-to-date: /home/mustardking/ws_sensor_combined/install/px4_msgs/share/px4_msgs/msg/ActuatorControlsStatus.msg\n'}
[1.894215] (px4_msgs) StdoutLine: {'line': b'-- Up-to-date: /home/mustardking/ws_sensor_combined/install/px4_msgs/share/px4_msgs/msg/ActuatorMotors.msg\n'}
[1.894434] (px4_msgs) StdoutLine: {'line': b'-- Up-to-date: /home/mustardking/ws_sensor_combined/install/px4_msgs/share/px4_msgs/msg/ActuatorOutputs.msg\n'}
[1.894608] (px4_msgs) StdoutLine: {'line': b'-- Up-to-date: /home/mustardking/ws_sensor_combined/install/px4_msgs/share/px4_msgs/msg/ActuatorServos.msg\n'}
[1.894822] (px4_msgs) StdoutLine: {'line': b'-- Up-to-date: /home/mustardking/ws_sensor_combined/install/px4_msgs/share/px4_msgs/msg/ActuatorServosTrim.msg\n'}
[1.894986] (px4_msgs) StdoutLine: {'line': b'-- Up-to-date: /home/mustardking/ws_sensor_combined/install/px4_msgs/share/px4_msgs/msg/ActuatorTest.msg\n'}
[1.895213] (px4_msgs) StdoutLine: {'line': b'-- Up-to-date: /home/mustardking/ws_sensor_combined/install/px4_msgs/share/px4_msgs/msg/AdcReport.msg\n'}
[1.895415] (px4_msgs) StdoutLine: {'line': b'-- Up-to-date: /home/mustardking/ws_sensor_combined/install/px4_msgs/share/px4_msgs/msg/Airspeed.msg\n'}
[1.895632] (px4_msgs) StdoutLine: {'line': b'-- Up-to-date: /home/mustardking/ws_sensor_combined/install/px4_msgs/share/px4_msgs/msg/AirspeedValidated.msg\n'}
[1.895812] (px4_msgs) StdoutLine: {'line': b'-- Up-to-date: /home/mustardking/ws_sensor_combined/install/px4_msgs/share/px4_msgs/msg/AirspeedWind.msg\n'}
[1.896058] (px4_msgs) StdoutLine: {'line': b'-- Up-to-date: /home/mustardking/ws_sensor_combined/install/px4_msgs/share/px4_msgs/msg/ArmingCheckReply.msg\n'}
[1.896370] (px4_msgs) StdoutLine: {'line': b'-- Up-to-date: /home/mustardking/ws_sensor_combined/install/px4_msgs/share/px4_msgs/msg/ArmingCheckRequest.msg\n'}
[1.896654] (px4_msgs) StdoutLine: {'line': b'-- Up-to-date: /home/mustardking/ws_sensor_combined/install/px4_msgs/share/px4_msgs/msg/AutotuneAttitudeControlStatus.msg\n'}
[1.896855] (px4_msgs) StdoutLine: {'line': b'-- Up-to-date: /home/mustardking/ws_sensor_combined/install/px4_msgs/share/px4_msgs/msg/BatteryInfo.msg\n'}
[1.897092] (px4_msgs) StdoutLine: {'line': b'-- Up-to-date: /home/mustardking/ws_sensor_combined/install/px4_msgs/share/px4_msgs/msg/BatteryStatus.msg\n'}
[1.897633] (px4_msgs) StdoutLine: {'line': b'-- Up-to-date: /home/mustardking/ws_sensor_combined/install/px4_msgs/share/px4_msgs/msg/ButtonEvent.msg\n'}
[1.897855] (px4_msgs) StdoutLine: {'line': b'-- Up-to-date: /home/mustardking/ws_sensor_combined/install/px4_msgs/share/px4_msgs/msg/CameraCapture.msg\n'}
[1.898024] (px4_msgs) StdoutLine: {'line': b'-- Up-to-date: /home/mustardking/ws_sensor_combined/install/px4_msgs/share/px4_msgs/msg/CameraStatus.msg\n'}
[1.898231] (px4_msgs) StdoutLine: {'line': b'-- Up-to-date: /home/mustardking/ws_sensor_combined/install/px4_msgs/share/px4_msgs/msg/CameraTrigger.msg\n'}
[1.898393] (px4_msgs) StdoutLine: {'line': b'-- Up-to-date: /home/mustardking/ws_sensor_combined/install/px4_msgs/share/px4_msgs/msg/CanInterfaceStatus.msg\n'}
[1.898563] (px4_msgs) StdoutLine: {'line': b'-- Up-to-date: /home/mustardking/ws_sensor_combined/install/px4_msgs/share/px4_msgs/msg/CellularStatus.msg\n'}
[1.898728] (px4_msgs) StdoutLine: {'line': b'-- Up-to-date: /home/mustardking/ws_sensor_combined/install/px4_msgs/share/px4_msgs/msg/CollisionConstraints.msg\n'}
[1.898891] (px4_msgs) StdoutLine: {'line': b'-- Up-to-date: /home/mustardking/ws_sensor_combined/install/px4_msgs/share/px4_msgs/msg/ConfigOverrides.msg\n'}
[1.899085] (px4_msgs) StdoutLine: {'line': b'-- Up-to-date: /home/mustardking/ws_sensor_combined/install/px4_msgs/share/px4_msgs/msg/ControlAllocatorStatus.msg\n'}
[1.899331] (px4_msgs) StdoutLine: {'line': b'-- Up-to-date: /home/mustardking/ws_sensor_combined/install/px4_msgs/share/px4_msgs/msg/Cpuload.msg\n'}
[1.899498] (px4_msgs) StdoutLine: {'line': b'-- Up-to-date: /home/mustardking/ws_sensor_combined/install/px4_msgs/share/px4_msgs/msg/DatamanRequest.msg\n'}
[1.899701] (px4_msgs) StdoutLine: {'line': b'-- Up-to-date: /home/mustardking/ws_sensor_combined/install/px4_msgs/share/px4_msgs/msg/DatamanResponse.msg\n'}
[1.899862] (px4_msgs) StdoutLine: {'line': b'-- Up-to-date: /home/mustardking/ws_sensor_combined/install/px4_msgs/share/px4_msgs/msg/DebugArray.msg\n'}
[1.900076] (px4_msgs) StdoutLine: {'line': b'-- Up-to-date: /home/mustardking/ws_sensor_combined/install/px4_msgs/share/px4_msgs/msg/DebugKeyValue.msg\n'}
[1.900249] (px4_msgs) StdoutLine: {'line': b'-- Up-to-date: /home/mustardking/ws_sensor_combined/install/px4_msgs/share/px4_msgs/msg/DebugValue.msg\n'}
[1.900484] (px4_msgs) StdoutLine: {'line': b'-- Up-to-date: /home/mustardking/ws_sensor_combined/install/px4_msgs/share/px4_msgs/msg/DebugVect.msg\n'}
[1.900647] (px4_msgs) StdoutLine: {'line': b'-- Up-to-date: /home/mustardking/ws_sensor_combined/install/px4_msgs/share/px4_msgs/msg/DifferentialPressure.msg\n'}
[1.900847] (px4_msgs) StdoutLine: {'line': b'-- Up-to-date: /home/mustardking/ws_sensor_combined/install/px4_msgs/share/px4_msgs/msg/DistanceSensor.msg\n'}
[1.901427] (px4_msgs) StdoutLine: {'line': b'-- Up-to-date: /home/mustardking/ws_sensor_combined/install/px4_msgs/share/px4_msgs/msg/DistanceSensorModeChangeRequest.msg\n'}
[1.901682] (px4_msgs) StdoutLine: {'line': b'-- Up-to-date: /home/mustardking/ws_sensor_combined/install/px4_msgs/share/px4_msgs/msg/DronecanNodeStatus.msg\n'}
[1.901864] (px4_msgs) StdoutLine: {'line': b'-- Up-to-date: /home/mustardking/ws_sensor_combined/install/px4_msgs/share/px4_msgs/msg/Ekf2Timestamps.msg\n'}
[1.902072] (px4_msgs) StdoutLine: {'line': b'-- Up-to-date: /home/mustardking/ws_sensor_combined/install/px4_msgs/share/px4_msgs/msg/EscReport.msg\n'}
[1.902241] (px4_msgs) StdoutLine: {'line': b'-- Up-to-date: /home/mustardking/ws_sensor_combined/install/px4_msgs/share/px4_msgs/msg/EscStatus.msg\n'}
[1.902464] (px4_msgs) StdoutLine: {'line': b'-- Up-to-date: /home/mustardking/ws_sensor_combined/install/px4_msgs/share/px4_msgs/msg/EstimatorAidSource1d.msg\n'}
[1.902630] (px4_msgs) StdoutLine: {'line': b'-- Up-to-date: /home/mustardking/ws_sensor_combined/install/px4_msgs/share/px4_msgs/msg/EstimatorAidSource2d.msg\n'}
[1.902829] (px4_msgs) StdoutLine: {'line': b'-- Up-to-date: /home/mustardking/ws_sensor_combined/install/px4_msgs/share/px4_msgs/msg/EstimatorAidSource3d.msg\n'}
[1.903007] (px4_msgs) StdoutLine: {'line': b'-- Up-to-date: /home/mustardking/ws_sensor_combined/install/px4_msgs/share/px4_msgs/msg/EstimatorBias.msg\n'}
[1.903171] (px4_msgs) StdoutLine: {'line': b'-- Up-to-date: /home/mustardking/ws_sensor_combined/install/px4_msgs/share/px4_msgs/msg/EstimatorBias3d.msg\n'}
[1.903324] (px4_msgs) StdoutLine: {'line': b'-- Up-to-date: /home/mustardking/ws_sensor_combined/install/px4_msgs/share/px4_msgs/msg/EstimatorEventFlags.msg\n'}
[1.903493] (px4_msgs) StdoutLine: {'line': b'-- Up-to-date: /home/mustardking/ws_sensor_combined/install/px4_msgs/share/px4_msgs/msg/EstimatorGpsStatus.msg\n'}
[1.903662] (px4_msgs) StdoutLine: {'line': b'-- Up-to-date: /home/mustardking/ws_sensor_combined/install/px4_msgs/share/px4_msgs/msg/EstimatorInnovations.msg\n'}
[1.903863] (px4_msgs) StdoutLine: {'line': b'-- Up-to-date: /home/mustardking/ws_sensor_combined/install/px4_msgs/share/px4_msgs/msg/EstimatorSelectorStatus.msg\n'}
[1.904031] (px4_msgs) StdoutLine: {'line': b'-- Up-to-date: /home/mustardking/ws_sensor_combined/install/px4_msgs/share/px4_msgs/msg/EstimatorSensorBias.msg\n'}
[1.904229] (px4_msgs) StdoutLine: {'line': b'-- Up-to-date: /home/mustardking/ws_sensor_combined/install/px4_msgs/share/px4_msgs/msg/EstimatorStates.msg\n'}
[1.904488] (px4_msgs) StdoutLine: {'line': b'-- Up-to-date: /home/mustardking/ws_sensor_combined/install/px4_msgs/share/px4_msgs/msg/EstimatorStatus.msg\n'}
[1.905036] (px4_msgs) StdoutLine: {'line': b'-- Up-to-date: /home/mustardking/ws_sensor_combined/install/px4_msgs/share/px4_msgs/msg/EstimatorStatusFlags.msg\n'}
[1.905218] (px4_msgs) StdoutLine: {'line': b'-- Up-to-date: /home/mustardking/ws_sensor_combined/install/px4_msgs/share/px4_msgs/msg/Event.msg\n'}
[1.905425] (px4_msgs) StdoutLine: {'line': b'-- Up-to-date: /home/mustardking/ws_sensor_combined/install/px4_msgs/share/px4_msgs/msg/FailsafeFlags.msg\n'}
[1.905586] (px4_msgs) StdoutLine: {'line': b'-- Up-to-date: /home/mustardking/ws_sensor_combined/install/px4_msgs/share/px4_msgs/msg/FailureDetectorStatus.msg\n'}
[1.905796] (px4_msgs) StdoutLine: {'line': b'-- Up-to-date: /home/mustardking/ws_sensor_combined/install/px4_msgs/share/px4_msgs/msg/FigureEightStatus.msg\n'}
[1.905996] (px4_msgs) StdoutLine: {'line': b'-- Up-to-date: /home/mustardking/ws_sensor_combined/install/px4_msgs/share/px4_msgs/msg/FixedWingLateralGuidanceStatus.msg\n'}
[1.906217] (px4_msgs) StdoutLine: {'line': b'-- Up-to-date: /home/mustardking/ws_sensor_combined/install/px4_msgs/share/px4_msgs/msg/FixedWingLateralSetpoint.msg\n'}
[1.906396] (px4_msgs) StdoutLine: {'line': b'-- Up-to-date: /home/mustardking/ws_sensor_combined/install/px4_msgs/share/px4_msgs/msg/FixedWingLateralStatus.msg\n'}
[1.906597] (px4_msgs) StdoutLine: {'line': b'-- Up-to-date: /home/mustardking/ws_sensor_combined/install/px4_msgs/share/px4_msgs/msg/FixedWingLongitudinalSetpoint.msg\n'}
[1.906767] (px4_msgs) StdoutLine: {'line': b'-- Up-to-date: /home/mustardking/ws_sensor_combined/install/px4_msgs/share/px4_msgs/msg/FixedWingRunwayControl.msg\n'}
[1.906964] (px4_msgs) StdoutLine: {'line': b'-- Up-to-date: /home/mustardking/ws_sensor_combined/install/px4_msgs/share/px4_msgs/msg/FlightPhaseEstimation.msg\n'}
[1.907126] (px4_msgs) StdoutLine: {'line': b'-- Up-to-date: /home/mustardking/ws_sensor_combined/install/px4_msgs/share/px4_msgs/msg/FollowTarget.msg\n'}
[1.907285] (px4_msgs) StdoutLine: {'line': b'-- Up-to-date: /home/mustardking/ws_sensor_combined/install/px4_msgs/share/px4_msgs/msg/FollowTargetEstimator.msg\n'}
[1.907429] (px4_msgs) StdoutLine: {'line': b'-- Up-to-date: /home/mustardking/ws_sensor_combined/install/px4_msgs/share/px4_msgs/msg/FollowTargetStatus.msg\n'}
[1.907592] (px4_msgs) StdoutLine: {'line': b'-- Up-to-date: /home/mustardking/ws_sensor_combined/install/px4_msgs/share/px4_msgs/msg/FuelTankStatus.msg\n'}
[1.907779] (px4_msgs) StdoutLine: {'line': b'-- Up-to-date: /home/mustardking/ws_sensor_combined/install/px4_msgs/share/px4_msgs/msg/GeneratorStatus.msg\n'}
[1.907986] (px4_msgs) StdoutLine: {'line': b'-- Up-to-date: /home/mustardking/ws_sensor_combined/install/px4_msgs/share/px4_msgs/msg/GeofenceResult.msg\n'}
[1.908161] (px4_msgs) StdoutLine: {'line': b'-- Up-to-date: /home/mustardking/ws_sensor_combined/install/px4_msgs/share/px4_msgs/msg/GeofenceStatus.msg\n'}
[1.908486] (px4_msgs) StdoutLine: {'line': b'-- Up-to-date: /home/mustardking/ws_sensor_combined/install/px4_msgs/share/px4_msgs/msg/GimbalControls.msg\n'}
[1.908989] (px4_msgs) StdoutLine: {'line': b'-- Up-to-date: /home/mustardking/ws_sensor_combined/install/px4_msgs/share/px4_msgs/msg/GimbalDeviceAttitudeStatus.msg\n'}
[1.909240] (px4_msgs) StdoutLine: {'line': b'-- Up-to-date: /home/mustardking/ws_sensor_combined/install/px4_msgs/share/px4_msgs/msg/GimbalDeviceInformation.msg\n'}
[1.909428] (px4_msgs) StdoutLine: {'line': b'-- Up-to-date: /home/mustardking/ws_sensor_combined/install/px4_msgs/share/px4_msgs/msg/GimbalDeviceSetAttitude.msg\n'}
[1.909690] (px4_msgs) StdoutLine: {'line': b'-- Up-to-date: /home/mustardking/ws_sensor_combined/install/px4_msgs/share/px4_msgs/msg/GimbalManagerInformation.msg\n'}
[1.909870] (px4_msgs) StdoutLine: {'line': b'-- Up-to-date: /home/mustardking/ws_sensor_combined/install/px4_msgs/share/px4_msgs/msg/GimbalManagerSetAttitude.msg\n'}
[1.910077] (px4_msgs) StdoutLine: {'line': b'-- Up-to-date: /home/mustardking/ws_sensor_combined/install/px4_msgs/share/px4_msgs/msg/GimbalManagerSetManualControl.msg\n'}
[1.910242] (px4_msgs) StdoutLine: {'line': b'-- Up-to-date: /home/mustardking/ws_sensor_combined/install/px4_msgs/share/px4_msgs/msg/GimbalManagerStatus.msg\n'}
[1.910473] (px4_msgs) StdoutLine: {'line': b'-- Up-to-date: /home/mustardking/ws_sensor_combined/install/px4_msgs/share/px4_msgs/msg/GotoSetpoint.msg\n'}
[1.910651] (px4_msgs) StdoutLine: {'line': b'-- Up-to-date: /home/mustardking/ws_sensor_combined/install/px4_msgs/share/px4_msgs/msg/GpioConfig.msg\n'}
[1.910873] (px4_msgs) StdoutLine: {'line': b'-- Up-to-date: /home/mustardking/ws_sensor_combined/install/px4_msgs/share/px4_msgs/msg/GpioIn.msg\n'}
[1.911074] (px4_msgs) StdoutLine: {'line': b'-- Up-to-date: /home/mustardking/ws_sensor_combined/install/px4_msgs/share/px4_msgs/msg/GpioOut.msg\n'}
[1.911285] (px4_msgs) StdoutLine: {'line': b'-- Up-to-date: /home/mustardking/ws_sensor_combined/install/px4_msgs/share/px4_msgs/msg/GpioRequest.msg\n'}
[1.911455] (px4_msgs) StdoutLine: {'line': b'-- Up-to-date: /home/mustardking/ws_sensor_combined/install/px4_msgs/share/px4_msgs/msg/GpsDump.msg\n'}
[1.911719] (px4_msgs) StdoutLine: {'line': b'-- Up-to-date: /home/mustardking/ws_sensor_combined/install/px4_msgs/share/px4_msgs/msg/GpsInjectData.msg\n'}
[1.911998] (px4_msgs) StdoutLine: {'line': b'-- Up-to-date: /home/mustardking/ws_sensor_combined/install/px4_msgs/share/px4_msgs/msg/Gripper.msg\n'}
[1.913770] (px4_msgs) StdoutLine: {'line': b'-- Up-to-date: /home/mustardking/ws_sensor_combined/install/px4_msgs/share/px4_msgs/msg/HealthReport.msg\n'}
[1.914069] (px4_msgs) StdoutLine: {'line': b'-- Up-to-date: /home/mustardking/ws_sensor_combined/install/px4_msgs/share/px4_msgs/msg/HeaterStatus.msg\n'}
[1.914244] (px4_msgs) StdoutLine: {'line': b'-- Up-to-date: /home/mustardking/ws_sensor_combined/install/px4_msgs/share/px4_msgs/msg/HomePosition.msg\n'}
[1.914719] (px4_msgs) StdoutLine: {'line': b'-- Up-to-date: /home/mustardking/ws_sensor_combined/install/px4_msgs/share/px4_msgs/msg/HoverThrustEstimate.msg\n'}
[1.915173] (px4_msgs) StdoutLine: {'line': b'-- Up-to-date: /home/mustardking/ws_sensor_combined/install/px4_msgs/share/px4_msgs/msg/InputRc.msg\n'}
[1.915375] (px4_msgs) StdoutLine: {'line': b'-- Up-to-date: /home/mustardking/ws_sensor_combined/install/px4_msgs/share/px4_msgs/msg/InternalCombustionEngineControl.msg\n'}
[1.915600] (px4_msgs) StdoutLine: {'line': b'-- Up-to-date: /home/mustardking/ws_sensor_combined/install/px4_msgs/share/px4_msgs/msg/InternalCombustionEngineStatus.msg\n'}
[1.915945] (px4_msgs) StdoutLine: {'line': b'-- Up-to-date: /home/mustardking/ws_sensor_combined/install/px4_msgs/share/px4_msgs/msg/IridiumsbdStatus.msg\n'}
[1.917018] (px4_msgs) StdoutLine: {'line': b'-- Up-to-date: /home/mustardking/ws_sensor_combined/install/px4_msgs/share/px4_msgs/msg/IrlockReport.msg\n'}
[1.917279] (px4_msgs) StdoutLine: {'line': b'-- Up-to-date: /home/mustardking/ws_sensor_combined/install/px4_msgs/share/px4_msgs/msg/LandingGear.msg\n'}
[1.918265] (px4_msgs) StdoutLine: {'line': b'-- Up-to-date: /home/mustardking/ws_sensor_combined/install/px4_msgs/share/px4_msgs/msg/LandingGearWheel.msg\n'}
[1.918582] (px4_msgs) StdoutLine: {'line': b'-- Up-to-date: /home/mustardking/ws_sensor_combined/install/px4_msgs/share/px4_msgs/msg/LandingTargetInnovations.msg\n'}
[1.918981] (px4_msgs) StdoutLine: {'line': b'-- Up-to-date: /home/mustardking/ws_sensor_combined/install/px4_msgs/share/px4_msgs/msg/LandingTargetPose.msg\n'}
[1.919255] (px4_msgs) StdoutLine: {'line': b'-- Up-to-date: /home/mustardking/ws_sensor_combined/install/px4_msgs/share/px4_msgs/msg/LateralControlConfiguration.msg\n'}
[1.919583] (px4_msgs) StdoutLine: {'line': b'-- Up-to-date: /home/mustardking/ws_sensor_combined/install/px4_msgs/share/px4_msgs/msg/LaunchDetectionStatus.msg\n'}
[1.919785] (px4_msgs) StdoutLine: {'line': b'-- Up-to-date: /home/mustardking/ws_sensor_combined/install/px4_msgs/share/px4_msgs/msg/LedControl.msg\n'}
[1.920002] (px4_msgs) StdoutLine: {'line': b'-- Up-to-date: /home/mustardking/ws_sensor_combined/install/px4_msgs/share/px4_msgs/msg/LogMessage.msg\n'}
[1.920167] (px4_msgs) StdoutLine: {'line': b'-- Up-to-date: /home/mustardking/ws_sensor_combined/install/px4_msgs/share/px4_msgs/msg/LoggerStatus.msg\n'}
[1.920453] (px4_msgs) StdoutLine: {'line': b'-- Up-to-date: /home/mustardking/ws_sensor_combined/install/px4_msgs/share/px4_msgs/msg/LongitudinalControlConfiguration.msg\n'}
[1.920655] (px4_msgs) StdoutLine: {'line': b'-- Up-to-date: /home/mustardking/ws_sensor_combined/install/px4_msgs/share/px4_msgs/msg/MagWorkerData.msg\n'}
[1.921123] (px4_msgs) StdoutLine: {'line': b'-- Up-to-date: /home/mustardking/ws_sensor_combined/install/px4_msgs/share/px4_msgs/msg/MagnetometerBiasEstimate.msg\n'}
[1.921611] (px4_msgs) StdoutLine: {'line': b'-- Up-to-date: /home/mustardking/ws_sensor_combined/install/px4_msgs/share/px4_msgs/msg/ManualControlSetpoint.msg\n'}
[1.921791] (px4_msgs) StdoutLine: {'line': b'-- Up-to-date: /home/mustardking/ws_sensor_combined/install/px4_msgs/share/px4_msgs/msg/ManualControlSwitches.msg\n'}
[1.921966] (px4_msgs) StdoutLine: {'line': b'-- Up-to-date: /home/mustardking/ws_sensor_combined/install/px4_msgs/share/px4_msgs/msg/MavlinkLog.msg\n'}
[1.922136] (px4_msgs) StdoutLine: {'line': b'-- Up-to-date: /home/mustardking/ws_sensor_combined/install/px4_msgs/share/px4_msgs/msg/MavlinkTunnel.msg\n'}
[1.922323] (px4_msgs) StdoutLine: {'line': b'-- Up-to-date: /home/mustardking/ws_sensor_combined/install/px4_msgs/share/px4_msgs/msg/MessageFormatRequest.msg\n'}
[1.922555] (px4_msgs) StdoutLine: {'line': b'-- Up-to-date: /home/mustardking/ws_sensor_combined/install/px4_msgs/share/px4_msgs/msg/MessageFormatResponse.msg\n'}
[1.922742] (px4_msgs) StdoutLine: {'line': b'-- Up-to-date: /home/mustardking/ws_sensor_combined/install/px4_msgs/share/px4_msgs/msg/Mission.msg\n'}
[1.922957] (px4_msgs) StdoutLine: {'line': b'-- Up-to-date: /home/mustardking/ws_sensor_combined/install/px4_msgs/share/px4_msgs/msg/MissionResult.msg\n'}
[1.923148] (px4_msgs) StdoutLine: {'line': b'-- Up-to-date: /home/mustardking/ws_sensor_combined/install/px4_msgs/share/px4_msgs/msg/ModeCompleted.msg\n'}
[1.923357] (px4_msgs) StdoutLine: {'line': b'-- Up-to-date: /home/mustardking/ws_sensor_combined/install/px4_msgs/share/px4_msgs/msg/MountOrientation.msg\n'}
[1.923528] (px4_msgs) StdoutLine: {'line': b'-- Up-to-date: /home/mustardking/ws_sensor_combined/install/px4_msgs/share/px4_msgs/msg/NavigatorMissionItem.msg\n'}
[1.923739] (px4_msgs) StdoutLine: {'line': b'-- Up-to-date: /home/mustardking/ws_sensor_combined/install/px4_msgs/share/px4_msgs/msg/NavigatorStatus.msg\n'}
[1.923902] (px4_msgs) StdoutLine: {'line': b'-- Up-to-date: /home/mustardking/ws_sensor_combined/install/px4_msgs/share/px4_msgs/msg/NeuralControl.msg\n'}
[1.924108] (px4_msgs) StdoutLine: {'line': b'-- Up-to-date: /home/mustardking/ws_sensor_combined/install/px4_msgs/share/px4_msgs/msg/NormalizedUnsignedSetpoint.msg\n'}
[1.924346] (px4_msgs) StdoutLine: {'line': b'-- Up-to-date: /home/mustardking/ws_sensor_combined/install/px4_msgs/share/px4_msgs/msg/ObstacleDistance.msg\n'}
[1.924577] (px4_msgs) StdoutLine: {'line': b'-- Up-to-date: /home/mustardking/ws_sensor_combined/install/px4_msgs/share/px4_msgs/msg/OffboardControlMode.msg\n'}
[1.924749] (px4_msgs) StdoutLine: {'line': b'-- Up-to-date: /home/mustardking/ws_sensor_combined/install/px4_msgs/share/px4_msgs/msg/OnboardComputerStatus.msg\n'}
[1.925032] (px4_msgs) StdoutLine: {'line': b'-- Up-to-date: /home/mustardking/ws_sensor_combined/install/px4_msgs/share/px4_msgs/msg/OpenDroneIdArmStatus.msg\n'}
[1.925590] (px4_msgs) StdoutLine: {'line': b'-- Up-to-date: /home/mustardking/ws_sensor_combined/install/px4_msgs/share/px4_msgs/msg/OpenDroneIdOperatorId.msg\n'}
[1.925837] (px4_msgs) StdoutLine: {'line': b'-- Up-to-date: /home/mustardking/ws_sensor_combined/install/px4_msgs/share/px4_msgs/msg/OpenDroneIdSelfId.msg\n'}
[1.926020] (px4_msgs) StdoutLine: {'line': b'-- Up-to-date: /home/mustardking/ws_sensor_combined/install/px4_msgs/share/px4_msgs/msg/OpenDroneIdSystem.msg\n'}
[1.926325] (px4_msgs) StdoutLine: {'line': b'-- Up-to-date: /home/mustardking/ws_sensor_combined/install/px4_msgs/share/px4_msgs/msg/OrbTest.msg\n'}
[1.926496] (px4_msgs) StdoutLine: {'line': b'-- Up-to-date: /home/mustardking/ws_sensor_combined/install/px4_msgs/share/px4_msgs/msg/OrbTestLarge.msg\n'}
[1.926676] (px4_msgs) StdoutLine: {'line': b'-- Up-to-date: /home/mustardking/ws_sensor_combined/install/px4_msgs/share/px4_msgs/msg/OrbTestMedium.msg\n'}
[1.926834] (px4_msgs) StdoutLine: {'line': b'-- Up-to-date: /home/mustardking/ws_sensor_combined/install/px4_msgs/share/px4_msgs/msg/OrbitStatus.msg\n'}
[1.927001] (px4_msgs) StdoutLine: {'line': b'-- Up-to-date: /home/mustardking/ws_sensor_combined/install/px4_msgs/share/px4_msgs/msg/ParameterResetRequest.msg\n'}
[1.927212] (px4_msgs) StdoutLine: {'line': b'-- Up-to-date: /home/mustardking/ws_sensor_combined/install/px4_msgs/share/px4_msgs/msg/ParameterSetUsedRequest.msg\n'}
[1.927431] (px4_msgs) StdoutLine: {'line': b'-- Up-to-date: /home/mustardking/ws_sensor_combined/install/px4_msgs/share/px4_msgs/msg/ParameterSetValueRequest.msg\n'}
[1.927602] (px4_msgs) StdoutLine: {'line': b'-- Up-to-date: /home/mustardking/ws_sensor_combined/install/px4_msgs/share/px4_msgs/msg/ParameterSetValueResponse.msg\n'}
[1.927813] (px4_msgs) StdoutLine: {'line': b'-- Up-to-date: /home/mustardking/ws_sensor_combined/install/px4_msgs/share/px4_msgs/msg/ParameterUpdate.msg\n'}
[1.928015] (px4_msgs) StdoutLine: {'line': b'-- Up-to-date: /home/mustardking/ws_sensor_combined/install/px4_msgs/share/px4_msgs/msg/Ping.msg\n'}
[1.928236] (px4_msgs) StdoutLine: {'line': b'-- Up-to-date: /home/mustardking/ws_sensor_combined/install/px4_msgs/share/px4_msgs/msg/PositionControllerLandingStatus.msg\n'}
[1.928446] (px4_msgs) StdoutLine: {'line': b'-- Up-to-date: /home/mustardking/ws_sensor_combined/install/px4_msgs/share/px4_msgs/msg/PositionControllerStatus.msg\n'}
[1.928658] (px4_msgs) StdoutLine: {'line': b'-- Up-to-date: /home/mustardking/ws_sensor_combined/install/px4_msgs/share/px4_msgs/msg/PositionSetpoint.msg\n'}
[1.928920] (px4_msgs) StdoutLine: {'line': b'-- Up-to-date: /home/mustardking/ws_sensor_combined/install/px4_msgs/share/px4_msgs/msg/PositionSetpointTriplet.msg\n'}
[1.929523] (px4_msgs) StdoutLine: {'line': b'-- Up-to-date: /home/mustardking/ws_sensor_combined/install/px4_msgs/share/px4_msgs/msg/PowerButtonState.msg\n'}
[1.929707] (px4_msgs) StdoutLine: {'line': b'-- Up-to-date: /home/mustardking/ws_sensor_combined/install/px4_msgs/share/px4_msgs/msg/PowerMonitor.msg\n'}
[1.929936] (px4_msgs) StdoutLine: {'line': b'-- Up-to-date: /home/mustardking/ws_sensor_combined/install/px4_msgs/share/px4_msgs/msg/PpsCapture.msg\n'}
[1.930107] (px4_msgs) StdoutLine: {'line': b'-- Up-to-date: /home/mustardking/ws_sensor_combined/install/px4_msgs/share/px4_msgs/msg/PurePursuitStatus.msg\n'}
[1.930311] (px4_msgs) StdoutLine: {'line': b'-- Up-to-date: /home/mustardking/ws_sensor_combined/install/px4_msgs/share/px4_msgs/msg/PwmInput.msg\n'}
[1.930498] (px4_msgs) StdoutLine: {'line': b'-- Up-to-date: /home/mustardking/ws_sensor_combined/install/px4_msgs/share/px4_msgs/msg/Px4ioStatus.msg\n'}
[1.930709] (px4_msgs) StdoutLine: {'line': b'-- Up-to-date: /home/mustardking/ws_sensor_combined/install/px4_msgs/share/px4_msgs/msg/QshellReq.msg\n'}
[1.930873] (px4_msgs) StdoutLine: {'line': b'-- Up-to-date: /home/mustardking/ws_sensor_combined/install/px4_msgs/share/px4_msgs/msg/QshellRetval.msg\n'}
[1.931033] (px4_msgs) StdoutLine: {'line': b'-- Up-to-date: /home/mustardking/ws_sensor_combined/install/px4_msgs/share/px4_msgs/msg/RadioStatus.msg\n'}
[1.931203] (px4_msgs) StdoutLine: {'line': b'-- Up-to-date: /home/mustardking/ws_sensor_combined/install/px4_msgs/share/px4_msgs/msg/RateCtrlStatus.msg\n'}
[1.931366] (px4_msgs) StdoutLine: {'line': b'-- Up-to-date: /home/mustardking/ws_sensor_combined/install/px4_msgs/share/px4_msgs/msg/RcChannels.msg\n'}
[1.931547] (px4_msgs) StdoutLine: {'line': b'-- Up-to-date: /home/mustardking/ws_sensor_combined/install/px4_msgs/share/px4_msgs/msg/RcParameterMap.msg\n'}
[1.931782] (px4_msgs) StdoutLine: {'line': b'-- Up-to-date: /home/mustardking/ws_sensor_combined/install/px4_msgs/share/px4_msgs/msg/RegisterExtComponentReply.msg\n'}
[1.931950] (px4_msgs) StdoutLine: {'line': b'-- Up-to-date: /home/mustardking/ws_sensor_combined/install/px4_msgs/share/px4_msgs/msg/RegisterExtComponentRequest.msg\n'}
[1.932178] (px4_msgs) StdoutLine: {'line': b'-- Up-to-date: /home/mustardking/ws_sensor_combined/install/px4_msgs/share/px4_msgs/msg/RoverAttitudeSetpoint.msg\n'}
[1.932484] (px4_msgs) StdoutLine: {'line': b'-- Up-to-date: /home/mustardking/ws_sensor_combined/install/px4_msgs/share/px4_msgs/msg/RoverAttitudeStatus.msg\n'}
[1.932756] (px4_msgs) StdoutLine: {'line': b'-- Up-to-date: /home/mustardking/ws_sensor_combined/install/px4_msgs/share/px4_msgs/msg/RoverPositionSetpoint.msg\n'}
[1.933271] (px4_msgs) StdoutLine: {'line': b'-- Up-to-date: /home/mustardking/ws_sensor_combined/install/px4_msgs/share/px4_msgs/msg/RoverRateSetpoint.msg\n'}
[1.933492] (px4_msgs) StdoutLine: {'line': b'-- Up-to-date: /home/mustardking/ws_sensor_combined/install/px4_msgs/share/px4_msgs/msg/RoverRateStatus.msg\n'}
[1.933659] (px4_msgs) StdoutLine: {'line': b'-- Up-to-date: /home/mustardking/ws_sensor_combined/install/px4_msgs/share/px4_msgs/msg/RoverSpeedSetpoint.msg\n'}
[1.933877] (px4_msgs) StdoutLine: {'line': b'-- Up-to-date: /home/mustardking/ws_sensor_combined/install/px4_msgs/share/px4_msgs/msg/RoverSpeedStatus.msg\n'}
[1.934050] (px4_msgs) StdoutLine: {'line': b'-- Up-to-date: /home/mustardking/ws_sensor_combined/install/px4_msgs/share/px4_msgs/msg/RoverSteeringSetpoint.msg\n'}
[1.934255] (px4_msgs) StdoutLine: {'line': b'-- Up-to-date: /home/mustardking/ws_sensor_combined/install/px4_msgs/share/px4_msgs/msg/RoverThrottleSetpoint.msg\n'}
[1.934434] (px4_msgs) StdoutLine: {'line': b'-- Up-to-date: /home/mustardking/ws_sensor_combined/install/px4_msgs/share/px4_msgs/msg/Rpm.msg\n'}
[1.934646] (px4_msgs) StdoutLine: {'line': b'-- Up-to-date: /home/mustardking/ws_sensor_combined/install/px4_msgs/share/px4_msgs/msg/RtlStatus.msg\n'}
[1.934826] (px4_msgs) StdoutLine: {'line': b'-- Up-to-date: /home/mustardking/ws_sensor_combined/install/px4_msgs/share/px4_msgs/msg/RtlTimeEstimate.msg\n'}
[1.935028] (px4_msgs) StdoutLine: {'line': b'-- Up-to-date: /home/mustardking/ws_sensor_combined/install/px4_msgs/share/px4_msgs/msg/SatelliteInfo.msg\n'}
[1.935195] (-) TimerEvent: {}
[1.935348] (px4_msgs) StdoutLine: {'line': b'-- Up-to-date: /home/mustardking/ws_sensor_combined/install/px4_msgs/share/px4_msgs/msg/SensorAccel.msg\n'}
[1.935581] (px4_msgs) StdoutLine: {'line': b'-- Up-to-date: /home/mustardking/ws_sensor_combined/install/px4_msgs/share/px4_msgs/msg/SensorAccelFifo.msg\n'}
[1.935753] (px4_msgs) StdoutLine: {'line': b'-- Up-to-date: /home/mustardking/ws_sensor_combined/install/px4_msgs/share/px4_msgs/msg/SensorAirflow.msg\n'}
[1.935936] (px4_msgs) StdoutLine: {'line': b'-- Up-to-date: /home/mustardking/ws_sensor_combined/install/px4_msgs/share/px4_msgs/msg/SensorBaro.msg\n'}
[1.936109] (px4_msgs) StdoutLine: {'line': b'-- Up-to-date: /home/mustardking/ws_sensor_combined/install/px4_msgs/share/px4_msgs/msg/SensorCombined.msg\n'}
[1.936317] (px4_msgs) StdoutLine: {'line': b'-- Up-to-date: /home/mustardking/ws_sensor_combined/install/px4_msgs/share/px4_msgs/msg/SensorCorrection.msg\n'}
[1.936491] (px4_msgs) StdoutLine: {'line': b'-- Up-to-date: /home/mustardking/ws_sensor_combined/install/px4_msgs/share/px4_msgs/msg/SensorGnssRelative.msg\n'}
[1.936721] (px4_msgs) StdoutLine: {'line': b'-- Up-to-date: /home/mustardking/ws_sensor_combined/install/px4_msgs/share/px4_msgs/msg/SensorGnssStatus.msg\n'}
[1.936900] (px4_msgs) StdoutLine: {'line': b'-- Up-to-date: /home/mustardking/ws_sensor_combined/install/px4_msgs/share/px4_msgs/msg/SensorGps.msg\n'}
[1.937118] (px4_msgs) StdoutLine: {'line': b'-- Up-to-date: /home/mustardking/ws_sensor_combined/install/px4_msgs/share/px4_msgs/msg/SensorGyro.msg\n'}
[1.937619] (px4_msgs) StdoutLine: {'line': b'-- Up-to-date: /home/mustardking/ws_sensor_combined/install/px4_msgs/share/px4_msgs/msg/SensorGyroFft.msg\n'}
[1.937839] (px4_msgs) StdoutLine: {'line': b'-- Up-to-date: /home/mustardking/ws_sensor_combined/install/px4_msgs/share/px4_msgs/msg/SensorGyroFifo.msg\n'}
[1.938027] (px4_msgs) StdoutLine: {'line': b'-- Up-to-date: /home/mustardking/ws_sensor_combined/install/px4_msgs/share/px4_msgs/msg/SensorHygrometer.msg\n'}
[1.938250] (px4_msgs) StdoutLine: {'line': b'-- Up-to-date: /home/mustardking/ws_sensor_combined/install/px4_msgs/share/px4_msgs/msg/SensorMag.msg\n'}
[1.938421] (px4_msgs) StdoutLine: {'line': b'-- Up-to-date: /home/mustardking/ws_sensor_combined/install/px4_msgs/share/px4_msgs/msg/SensorOpticalFlow.msg\n'}
[1.938626] (px4_msgs) StdoutLine: {'line': b'-- Up-to-date: /home/mustardking/ws_sensor_combined/install/px4_msgs/share/px4_msgs/msg/SensorPreflightMag.msg\n'}
[1.938814] (px4_msgs) StdoutLine: {'line': b'-- Up-to-date: /home/mustardking/ws_sensor_combined/install/px4_msgs/share/px4_msgs/msg/SensorSelection.msg\n'}
[1.939041] (px4_msgs) StdoutLine: {'line': b'-- Up-to-date: /home/mustardking/ws_sensor_combined/install/px4_msgs/share/px4_msgs/msg/SensorUwb.msg\n'}
[1.939250] (px4_msgs) StdoutLine: {'line': b'-- Up-to-date: /home/mustardking/ws_sensor_combined/install/px4_msgs/share/px4_msgs/msg/SensorsStatus.msg\n'}
[1.939466] (px4_msgs) StdoutLine: {'line': b'-- Up-to-date: /home/mustardking/ws_sensor_combined/install/px4_msgs/share/px4_msgs/msg/SensorsStatusImu.msg\n'}
[1.939648] (px4_msgs) StdoutLine: {'line': b'-- Up-to-date: /home/mustardking/ws_sensor_combined/install/px4_msgs/share/px4_msgs/msg/SystemPower.msg\n'}
[1.939853] (px4_msgs) StdoutLine: {'line': b'-- Up-to-date: /home/mustardking/ws_sensor_combined/install/px4_msgs/share/px4_msgs/msg/TakeoffStatus.msg\n'}
[1.940035] (px4_msgs) StdoutLine: {'line': b'-- Up-to-date: /home/mustardking/ws_sensor_combined/install/px4_msgs/share/px4_msgs/msg/TaskStackInfo.msg\n'}
[1.940252] (px4_msgs) StdoutLine: {'line': b'-- Up-to-date: /home/mustardking/ws_sensor_combined/install/px4_msgs/share/px4_msgs/msg/TecsStatus.msg\n'}
[1.940507] (px4_msgs) StdoutLine: {'line': b'-- Up-to-date: /home/mustardking/ws_sensor_combined/install/px4_msgs/share/px4_msgs/msg/TelemetryStatus.msg\n'}
[1.940724] (px4_msgs) StdoutLine: {'line': b'-- Up-to-date: /home/mustardking/ws_sensor_combined/install/px4_msgs/share/px4_msgs/msg/TiltrotorExtraControls.msg\n'}
[1.940888] (px4_msgs) StdoutLine: {'line': b'-- Up-to-date: /home/mustardking/ws_sensor_combined/install/px4_msgs/share/px4_msgs/msg/TimesyncStatus.msg\n'}
[1.941377] (px4_msgs) StdoutLine: {'line': b'-- Up-to-date: /home/mustardking/ws_sensor_combined/install/px4_msgs/share/px4_msgs/msg/TrajectorySetpoint.msg\n'}
[1.941530] (px4_msgs) StdoutLine: {'line': b'-- Up-to-date: /home/mustardking/ws_sensor_combined/install/px4_msgs/share/px4_msgs/msg/TrajectorySetpoint6dof.msg\n'}
[1.941693] (px4_msgs) StdoutLine: {'line': b'-- Up-to-date: /home/mustardking/ws_sensor_combined/install/px4_msgs/share/px4_msgs/msg/TransponderReport.msg\n'}
[1.941866] (px4_msgs) StdoutLine: {'line': b'-- Up-to-date: /home/mustardking/ws_sensor_combined/install/px4_msgs/share/px4_msgs/msg/TuneControl.msg\n'}
[1.942071] (px4_msgs) StdoutLine: {'line': b'-- Up-to-date: /home/mustardking/ws_sensor_combined/install/px4_msgs/share/px4_msgs/msg/UavcanParameterRequest.msg\n'}
[1.942235] (px4_msgs) StdoutLine: {'line': b'-- Up-to-date: /home/mustardking/ws_sensor_combined/install/px4_msgs/share/px4_msgs/msg/UavcanParameterValue.msg\n'}
[1.942445] (px4_msgs) StdoutLine: {'line': b'-- Up-to-date: /home/mustardking/ws_sensor_combined/install/px4_msgs/share/px4_msgs/msg/UlogStream.msg\n'}
[1.942635] (px4_msgs) StdoutLine: {'line': b'-- Up-to-date: /home/mustardking/ws_sensor_combined/install/px4_msgs/share/px4_msgs/msg/UlogStreamAck.msg\n'}
[1.942865] (px4_msgs) StdoutLine: {'line': b'-- Up-to-date: /home/mustardking/ws_sensor_combined/install/px4_msgs/share/px4_msgs/msg/UnregisterExtComponent.msg\n'}
[1.943092] (px4_msgs) StdoutLine: {'line': b'-- Up-to-date: /home/mustardking/ws_sensor_combined/install/px4_msgs/share/px4_msgs/msg/VehicleAcceleration.msg\n'}
[1.943312] (px4_msgs) StdoutLine: {'line': b'-- Up-to-date: /home/mustardking/ws_sensor_combined/install/px4_msgs/share/px4_msgs/msg/VehicleAirData.msg\n'}
[1.943500] (px4_msgs) StdoutLine: {'line': b'-- Up-to-date: /home/mustardking/ws_sensor_combined/install/px4_msgs/share/px4_msgs/msg/VehicleAngularAccelerationSetpoint.msg\n'}
[1.943730] (px4_msgs) StdoutLine: {'line': b'-- Up-to-date: /home/mustardking/ws_sensor_combined/install/px4_msgs/share/px4_msgs/msg/VehicleAngularVelocity.msg\n'}
[1.943907] (px4_msgs) StdoutLine: {'line': b'-- Up-to-date: /home/mustardking/ws_sensor_combined/install/px4_msgs/share/px4_msgs/msg/VehicleAttitude.msg\n'}
[1.944114] (px4_msgs) StdoutLine: {'line': b'-- Up-to-date: /home/mustardking/ws_sensor_combined/install/px4_msgs/share/px4_msgs/msg/VehicleAttitudeSetpoint.msg\n'}
[1.944349] (px4_msgs) StdoutLine: {'line': b'-- Up-to-date: /home/mustardking/ws_sensor_combined/install/px4_msgs/share/px4_msgs/msg/VehicleCommand.msg\n'}
[1.944568] (px4_msgs) StdoutLine: {'line': b'-- Up-to-date: /home/mustardking/ws_sensor_combined/install/px4_msgs/share/px4_msgs/msg/VehicleCommandAck.msg\n'}
[1.944750] (px4_msgs) StdoutLine: {'line': b'-- Up-to-date: /home/mustardking/ws_sensor_combined/install/px4_msgs/share/px4_msgs/msg/VehicleConstraints.msg\n'}
[1.944974] (px4_msgs) StdoutLine: {'line': b'-- Up-to-date: /home/mustardking/ws_sensor_combined/install/px4_msgs/share/px4_msgs/msg/VehicleControlMode.msg\n'}
[1.945151] (px4_msgs) StdoutLine: {'line': b'-- Up-to-date: /home/mustardking/ws_sensor_combined/install/px4_msgs/share/px4_msgs/msg/VehicleGlobalPosition.msg\n'}
[1.945843] (px4_msgs) StdoutLine: {'line': b'-- Up-to-date: /home/mustardking/ws_sensor_combined/install/px4_msgs/share/px4_msgs/msg/VehicleImu.msg\n'}
[1.946009] (px4_msgs) StdoutLine: {'line': b'-- Up-to-date: /home/mustardking/ws_sensor_combined/install/px4_msgs/share/px4_msgs/msg/VehicleImuStatus.msg\n'}
[1.946166] (px4_msgs) StdoutLine: {'line': b'-- Up-to-date: /home/mustardking/ws_sensor_combined/install/px4_msgs/share/px4_msgs/msg/VehicleLandDetected.msg\n'}
[1.946352] (px4_msgs) StdoutLine: {'line': b'-- Up-to-date: /home/mustardking/ws_sensor_combined/install/px4_msgs/share/px4_msgs/msg/VehicleLocalPosition.msg\n'}
[1.946568] (px4_msgs) StdoutLine: {'line': b'-- Up-to-date: /home/mustardking/ws_sensor_combined/install/px4_msgs/share/px4_msgs/msg/VehicleLocalPositionSetpoint.msg\n'}
[1.946736] (px4_msgs) StdoutLine: {'line': b'-- Up-to-date: /home/mustardking/ws_sensor_combined/install/px4_msgs/share/px4_msgs/msg/VehicleMagnetometer.msg\n'}
[1.946942] (px4_msgs) StdoutLine: {'line': b'-- Up-to-date: /home/mustardking/ws_sensor_combined/install/px4_msgs/share/px4_msgs/msg/VehicleOdometry.msg\n'}
[1.947108] (px4_msgs) StdoutLine: {'line': b'-- Up-to-date: /home/mustardking/ws_sensor_combined/install/px4_msgs/share/px4_msgs/msg/VehicleOpticalFlow.msg\n'}
[1.947309] (px4_msgs) StdoutLine: {'line': b'-- Up-to-date: /home/mustardking/ws_sensor_combined/install/px4_msgs/share/px4_msgs/msg/VehicleOpticalFlowVel.msg\n'}
[1.947481] (px4_msgs) StdoutLine: {'line': b'-- Up-to-date: /home/mustardking/ws_sensor_combined/install/px4_msgs/share/px4_msgs/msg/VehicleRatesSetpoint.msg\n'}
[1.947695] (px4_msgs) StdoutLine: {'line': b'-- Up-to-date: /home/mustardking/ws_sensor_combined/install/px4_msgs/share/px4_msgs/msg/VehicleRoi.msg\n'}
[1.947871] (px4_msgs) StdoutLine: {'line': b'-- Up-to-date: /home/mustardking/ws_sensor_combined/install/px4_msgs/share/px4_msgs/msg/VehicleStatus.msg\n'}
[1.948087] (px4_msgs) StdoutLine: {'line': b'-- Up-to-date: /home/mustardking/ws_sensor_combined/install/px4_msgs/share/px4_msgs/msg/VehicleThrustSetpoint.msg\n'}
[1.948260] (px4_msgs) StdoutLine: {'line': b'-- Up-to-date: /home/mustardking/ws_sensor_combined/install/px4_msgs/share/px4_msgs/msg/VehicleTorqueSetpoint.msg\n'}
[1.948543] (px4_msgs) StdoutLine: {'line': b'-- Up-to-date: /home/mustardking/ws_sensor_combined/install/px4_msgs/share/px4_msgs/msg/VelocityLimits.msg\n'}
[1.948712] (px4_msgs) StdoutLine: {'line': b'-- Up-to-date: /home/mustardking/ws_sensor_combined/install/px4_msgs/share/px4_msgs/msg/VtolVehicleStatus.msg\n'}
[1.948914] (px4_msgs) StdoutLine: {'line': b'-- Up-to-date: /home/mustardking/ws_sensor_combined/install/px4_msgs/share/px4_msgs/msg/WheelEncoders.msg\n'}
[1.949091] (px4_msgs) StdoutLine: {'line': b'-- Up-to-date: /home/mustardking/ws_sensor_combined/install/px4_msgs/share/px4_msgs/msg/Wind.msg\n'}
[1.949624] (px4_msgs) StdoutLine: {'line': b'-- Up-to-date: /home/mustardking/ws_sensor_combined/install/px4_msgs/share/px4_msgs/msg/YawEstimatorStatus.msg\n'}
[1.949799] (px4_msgs) StdoutLine: {'line': b'-- Up-to-date: /home/mustardking/ws_sensor_combined/install/px4_msgs/share/px4_msgs/srv/VehicleCommand.srv\n'}
[1.950022] (px4_msgs) StdoutLine: {'line': b'-- Up-to-date: /home/mustardking/ws_sensor_combined/install/px4_msgs/share/px4_msgs/srv/VehicleCommand_Request.msg\n'}
[1.950213] (px4_msgs) StdoutLine: {'line': b'-- Up-to-date: /home/mustardking/ws_sensor_combined/install/px4_msgs/share/px4_msgs/srv/VehicleCommand_Response.msg\n'}
[1.950404] (px4_msgs) StdoutLine: {'line': b'-- Up-to-date: /home/mustardking/ws_sensor_combined/install/px4_msgs/share/ament_index/resource_index/package_run_dependencies/px4_msgs\n'}
[1.950583] (px4_msgs) StdoutLine: {'line': b'-- Up-to-date: /home/mustardking/ws_sensor_combined/install/px4_msgs/share/ament_index/resource_index/parent_prefix_path/px4_msgs\n'}
[1.950780] (px4_msgs) StdoutLine: {'line': b'-- Up-to-date: /home/mustardking/ws_sensor_combined/install/px4_msgs/share/px4_msgs/environment/ament_prefix_path.sh\n'}
[1.950968] (px4_msgs) StdoutLine: {'line': b'-- Up-to-date: /home/mustardking/ws_sensor_combined/install/px4_msgs/share/px4_msgs/environment/ament_prefix_path.dsv\n'}
[1.951202] (px4_msgs) StdoutLine: {'line': b'-- Up-to-date: /home/mustardking/ws_sensor_combined/install/px4_msgs/share/px4_msgs/environment/path.sh\n'}
[1.951390] (px4_msgs) StdoutLine: {'line': b'-- Up-to-date: /home/mustardking/ws_sensor_combined/install/px4_msgs/share/px4_msgs/environment/path.dsv\n'}
[1.951613] (px4_msgs) StdoutLine: {'line': b'-- Up-to-date: /home/mustardking/ws_sensor_combined/install/px4_msgs/share/px4_msgs/local_setup.bash\n'}
[1.951791] (px4_msgs) StdoutLine: {'line': b'-- Up-to-date: /home/mustardking/ws_sensor_combined/install/px4_msgs/share/px4_msgs/local_setup.sh\n'}
[1.951999] (px4_msgs) StdoutLine: {'line': b'-- Up-to-date: /home/mustardking/ws_sensor_combined/install/px4_msgs/share/px4_msgs/local_setup.zsh\n'}
[1.952167] (px4_msgs) StdoutLine: {'line': b'-- Up-to-date: /home/mustardking/ws_sensor_combined/install/px4_msgs/share/px4_msgs/local_setup.dsv\n'}
[1.952435] (px4_msgs) StdoutLine: {'line': b'-- Installing: /home/mustardking/ws_sensor_combined/install/px4_msgs/share/px4_msgs/package.dsv\n'}
[1.952834] (px4_msgs) StdoutLine: {'line': b'-- Up-to-date: /home/mustardking/ws_sensor_combined/install/px4_msgs/share/ament_index/resource_index/packages/px4_msgs\n'}
[1.953477] (px4_msgs) StdoutLine: {'line': b'-- Up-to-date: /home/mustardking/ws_sensor_combined/install/px4_msgs/share/px4_msgs/cmake/export_px4_msgs__rosidl_generator_cExport.cmake\n'}
[1.953697] (px4_msgs) StdoutLine: {'line': b'-- Up-to-date: /home/mustardking/ws_sensor_combined/install/px4_msgs/share/px4_msgs/cmake/export_px4_msgs__rosidl_generator_cExport-noconfig.cmake\n'}
[1.953982] (px4_msgs) StdoutLine: {'line': b'-- Up-to-date: /home/mustardking/ws_sensor_combined/install/px4_msgs/share/px4_msgs/cmake/export_px4_msgs__rosidl_typesupport_fastrtps_cExport.cmake\n'}
[1.954162] (px4_msgs) StdoutLine: {'line': b'-- Up-to-date: /home/mustardking/ws_sensor_combined/install/px4_msgs/share/px4_msgs/cmake/export_px4_msgs__rosidl_typesupport_fastrtps_cExport-noconfig.cmake\n'}
[1.954411] (px4_msgs) StdoutLine: {'line': b'-- Up-to-date: /home/mustardking/ws_sensor_combined/install/px4_msgs/share/px4_msgs/cmake/export_px4_msgs__rosidl_generator_cppExport.cmake\n'}
[1.954621] (px4_msgs) StdoutLine: {'line': b'-- Up-to-date: /home/mustardking/ws_sensor_combined/install/px4_msgs/share/px4_msgs/cmake/export_px4_msgs__rosidl_typesupport_fastrtps_cppExport.cmake\n'}
[1.954833] (px4_msgs) StdoutLine: {'line': b'-- Up-to-date: /home/mustardking/ws_sensor_combined/install/px4_msgs/share/px4_msgs/cmake/export_px4_msgs__rosidl_typesupport_fastrtps_cppExport-noconfig.cmake\n'}
[1.955048] (px4_msgs) StdoutLine: {'line': b'-- Up-to-date: /home/mustardking/ws_sensor_combined/install/px4_msgs/share/px4_msgs/cmake/px4_msgs__rosidl_typesupport_introspection_cExport.cmake\n'}
[1.955253] (px4_msgs) StdoutLine: {'line': b'-- Up-to-date: /home/mustardking/ws_sensor_combined/install/px4_msgs/share/px4_msgs/cmake/px4_msgs__rosidl_typesupport_introspection_cExport-noconfig.cmake\n'}
[1.955459] (px4_msgs) StdoutLine: {'line': b'-- Up-to-date: /home/mustardking/ws_sensor_combined/install/px4_msgs/share/px4_msgs/cmake/px4_msgs__rosidl_typesupport_cExport.cmake\n'}
[1.955635] (px4_msgs) StdoutLine: {'line': b'-- Up-to-date: /home/mustardking/ws_sensor_combined/install/px4_msgs/share/px4_msgs/cmake/px4_msgs__rosidl_typesupport_cExport-noconfig.cmake\n'}
[1.955860] (px4_msgs) StdoutLine: {'line': b'-- Up-to-date: /home/mustardking/ws_sensor_combined/install/px4_msgs/share/px4_msgs/cmake/px4_msgs__rosidl_typesupport_introspection_cppExport.cmake\n'}
[1.956084] (px4_msgs) StdoutLine: {'line': b'-- Up-to-date: /home/mustardking/ws_sensor_combined/install/px4_msgs/share/px4_msgs/cmake/px4_msgs__rosidl_typesupport_introspection_cppExport-noconfig.cmake\n'}
[1.957116] (px4_msgs) StdoutLine: {'line': b'-- Up-to-date: /home/mustardking/ws_sensor_combined/install/px4_msgs/share/px4_msgs/cmake/px4_msgs__rosidl_typesupport_cppExport.cmake\n'}
[1.958108] (px4_msgs) StdoutLine: {'line': b'-- Up-to-date: /home/mustardking/ws_sensor_combined/install/px4_msgs/share/px4_msgs/cmake/px4_msgs__rosidl_typesupport_cppExport-noconfig.cmake\n'}
[1.959177] (px4_msgs) StdoutLine: {'line': b'-- Up-to-date: /home/mustardking/ws_sensor_combined/install/px4_msgs/share/px4_msgs/cmake/export_px4_msgs__rosidl_generator_pyExport.cmake\n'}
[1.959436] (px4_msgs) StdoutLine: {'line': b'-- Up-to-date: /home/mustardking/ws_sensor_combined/install/px4_msgs/share/px4_msgs/cmake/export_px4_msgs__rosidl_generator_pyExport-noconfig.cmake\n'}
[1.959920] (px4_msgs) StdoutLine: {'line': b'-- Up-to-date: /home/mustardking/ws_sensor_combined/install/px4_msgs/share/px4_msgs/cmake/rosidl_cmake-extras.cmake\n'}
[1.960380] (px4_msgs) StdoutLine: {'line': b'-- Up-to-date: /home/mustardking/ws_sensor_combined/install/px4_msgs/share/px4_msgs/cmake/ament_cmake_export_dependencies-extras.cmake\n'}
[1.964486] (px4_msgs) StdoutLine: {'line': b'-- Up-to-date: /home/mustardking/ws_sensor_combined/install/px4_msgs/share/px4_msgs/cmake/ament_cmake_export_include_directories-extras.cmake\n'}
[1.964577] (px4_msgs) StdoutLine: {'line': b'-- Up-to-date: /home/mustardking/ws_sensor_combined/install/px4_msgs/share/px4_msgs/cmake/ament_cmake_export_libraries-extras.cmake\n'}
[1.972207] (px4_msgs) StdoutLine: {'line': b'-- Up-to-date: /home/mustardking/ws_sensor_combined/install/px4_msgs/share/px4_msgs/cmake/ament_cmake_export_targets-extras.cmake\n'}
[1.975327] (px4_msgs) StdoutLine: {'line': b'-- Up-to-date: /home/mustardking/ws_sensor_combined/install/px4_msgs/share/px4_msgs/cmake/rosidl_cmake_export_typesupport_targets-extras.cmake\n'}
[1.975678] (px4_msgs) StdoutLine: {'line': b'-- Up-to-date: /home/mustardking/ws_sensor_combined/install/px4_msgs/share/px4_msgs/cmake/rosidl_cmake_export_typesupport_libraries-extras.cmake\n'}
[1.976052] (px4_msgs) StdoutLine: {'line': b'-- Up-to-date: /home/mustardking/ws_sensor_combined/install/px4_msgs/share/px4_msgs/cmake/px4_msgsConfig.cmake\n'}
[1.976225] (px4_msgs) StdoutLine: {'line': b'-- Up-to-date: /home/mustardking/ws_sensor_combined/install/px4_msgs/share/px4_msgs/cmake/px4_msgsConfig-version.cmake\n'}
[1.976437] (px4_msgs) StdoutLine: {'line': b'-- Up-to-date: /home/mustardking/ws_sensor_combined/install/px4_msgs/share/px4_msgs/package.xml\n'}
[1.990210] (px4_msgs) CommandEnded: {'returncode': 0}
[2.014571] (px4_msgs) JobEnded: {'identifier': 'px4_msgs', 'rc': 0}
[2.014973] (px4_ros_com) JobStarted: {'identifier': 'px4_ros_com'}
[2.021604] (px4_ros_com) JobProgress: {'identifier': 'px4_ros_com', 'progress': 'cmake'}
[2.022643] (px4_ros_com) JobProgress: {'identifier': 'px4_ros_com', 'progress': 'build'}
[2.022662] (px4_ros_com) Command: {'cmd': ['/usr/bin/cmake', '--build', '/home/mustardking/ws_sensor_combined/build/px4_ros_com', '--', '-j4', '-l4'], 'cwd': '/home/mustardking/ws_sensor_combined/build/px4_ros_com', 'env': OrderedDict([('LESSOPEN', '| /usr/bin/lesspipe %s'), ('USER', 'mustardking'), ('XDG_SESSION_TYPE', 'wayland'), ('SHLVL', '1'), ('LD_LIBRARY_PATH', '/home/mustardking/ws_sensor_combined/install/px4_msgs/lib:/opt/ros/humble/opt/rviz_ogre_vendor/lib:/opt/ros/humble/lib/aarch64-linux-gnu:/opt/ros/humble/lib'), ('HOME', '/home/mustardking'), ('OLDPWD', '/home/mustardking'), ('DESKTOP_SESSION', 'ubuntu'), ('ROS_PYTHON_VERSION', '3'), ('GNOME_SHELL_SESSION_MODE', 'ubuntu'), ('GTK_MODULES', 'gail:atk-bridge'), ('SYSTEMD_EXEC_PID', '1955'), ('DBUS_SESSION_BUS_ADDRESS', 'unix:path=/run/user/1000/bus'), ('COLORTERM', 'truecolor'), ('IM_CONFIG_PHASE', '1'), ('WAYLAND_DISPLAY', 'wayland-0'), ('ROS_DISTRO', 'humble'), ('LOGNAME', 'mustardking'), ('_', '/usr/bin/colcon'), ('ROS_VERSION', '2'), ('XDG_SESSION_CLASS', 'user'), ('USERNAME', 'mustardking'), ('TERM', 'xterm-256color'), ('GNOME_DESKTOP_SESSION_ID', 'this-is-deprecated'), ('ROS_LOCALHOST_ONLY', '0'), ('PATH', '/opt/ros/humble/bin:/opt/gcc-arm-none-eabi-9-2020-q2-update/bin:/home/mustardking/.local/bin:/usr/local/sbin:/usr/local/bin:/usr/sbin:/usr/bin:/sbin:/bin:/usr/games:/usr/local/games:/snap/bin:/snap/bin'), ('SESSION_MANAGER', 'local/hektors-mac:@/tmp/.ICE-unix/1460,unix/hektors-mac:/tmp/.ICE-unix/1460'), ('XDG_MENU_PREFIX', 'gnome-'), ('GNOME_TERMINAL_SCREEN', '/org/gnome/Terminal/screen/1f95d2b5_5b51_4009_ad3d_92472308b1b1'), ('GNOME_SETUP_DISPLAY', ':1'), ('XDG_RUNTIME_DIR', '/run/user/1000'), ('DISPLAY', ':0'), ('LANG', 'en_US.UTF-8'), ('XDG_CURRENT_DESKTOP', 'ubuntu:GNOME'), ('XMODIFIERS', '@im=ibus'), ('XDG_SESSION_DESKTOP', 'ubuntu'), ('XAUTHORITY', '/run/user/1000/.mutter-Xwaylandauth.Q6BCF3'), ('LS_COLORS', 'rs=0:di=01;34:ln=01;36:mh=00:pi=40;33:so=01;35:do=01;35:bd=40;33;01:cd=40;33;01:or=40;31;01:mi=00:su=37;41:sg=30;43:ca=30;41:tw=30;42:ow=34;42:st=37;44:ex=01;32:*.tar=01;31:*.tgz=01;31:*.arc=01;31:*.arj=01;31:*.taz=01;31:*.lha=01;31:*.lz4=01;31:*.lzh=01;31:*.lzma=01;31:*.tlz=01;31:*.txz=01;31:*.tzo=01;31:*.t7z=01;31:*.zip=01;31:*.z=01;31:*.dz=01;31:*.gz=01;31:*.lrz=01;31:*.lz=01;31:*.lzo=01;31:*.xz=01;31:*.zst=01;31:*.tzst=01;31:*.bz2=01;31:*.bz=01;31:*.tbz=01;31:*.tbz2=01;31:*.tz=01;31:*.deb=01;31:*.rpm=01;31:*.jar=01;31:*.war=01;31:*.ear=01;31:*.sar=01;31:*.rar=01;31:*.alz=01;31:*.ace=01;31:*.zoo=01;31:*.cpio=01;31:*.7z=01;31:*.rz=01;31:*.cab=01;31:*.wim=01;31:*.swm=01;31:*.dwm=01;31:*.esd=01;31:*.jpg=01;35:*.jpeg=01;35:*.mjpg=01;35:*.mjpeg=01;35:*.gif=01;35:*.bmp=01;35:*.pbm=01;35:*.pgm=01;35:*.ppm=01;35:*.tga=01;35:*.xbm=01;35:*.xpm=01;35:*.tif=01;35:*.tiff=01;35:*.png=01;35:*.svg=01;35:*.svgz=01;35:*.mng=01;35:*.pcx=01;35:*.mov=01;35:*.mpg=01;35:*.mpeg=01;35:*.m2v=01;35:*.mkv=01;35:*.webm=01;35:*.webp=01;35:*.ogm=01;35:*.mp4=01;35:*.m4v=01;35:*.mp4v=01;35:*.vob=01;35:*.qt=01;35:*.nuv=01;35:*.wmv=01;35:*.asf=01;35:*.rm=01;35:*.rmvb=01;35:*.flc=01;35:*.avi=01;35:*.fli=01;35:*.flv=01;35:*.gl=01;35:*.dl=01;35:*.xcf=01;35:*.xwd=01;35:*.yuv=01;35:*.cgm=01;35:*.emf=01;35:*.ogv=01;35:*.ogx=01;35:*.aac=00;36:*.au=00;36:*.flac=00;36:*.m4a=00;36:*.mid=00;36:*.midi=00;36:*.mka=00;36:*.mp3=00;36:*.mpc=00;36:*.ogg=00;36:*.ra=00;36:*.wav=00;36:*.oga=00;36:*.opus=00;36:*.spx=00;36:*.xspf=00;36:'), ('GNOME_TERMINAL_SERVICE', ':1.101'), ('SSH_AGENT_LAUNCHER', 'gnome-keyring'), ('SSH_AUTH_SOCK', '/run/user/1000/keyring/ssh'), ('AMENT_PREFIX_PATH', '/home/mustardking/ws_sensor_combined/install/px4_msgs:/opt/ros/humble'), ('SHELL', '/bin/bash'), ('QT_ACCESSIBILITY', '1'), ('GDMSESSION', 'ubuntu'), ('LESSCLOSE', '/usr/bin/lesspipe %s %s'), ('QT_IM_MODULE', 'ibus'), ('PWD', '/home/mustardking/ws_sensor_combined/build/px4_ros_com'), ('LC_ALL', 'en_US.UTF-8'), ('XDG_CONFIG_DIRS', '/etc/xdg/xdg-ubuntu:/etc/xdg'), ('XDG_DATA_DIRS', '/usr/share/ubuntu:/home/mustardking/.local/share/flatpak/exports/share:/var/lib/flatpak/exports/share:/usr/local/share/:/usr/share/:/var/lib/snapd/desktop'), ('PYTHONPATH', '/home/mustardking/ws_sensor_combined/install/px4_msgs/local/lib/python3.10/dist-packages:/opt/ros/humble/lib/python3.10/site-packages:/opt/ros/humble/local/lib/python3.10/dist-packages'), ('COLCON', '1'), ('VTE_VERSION', '6800'), ('CMAKE_PREFIX_PATH', '/home/mustardking/ws_sensor_combined/install/px4_msgs:/opt/ros/humble')]), 'shell': False}
[2.035311] (-) TimerEvent: {}
[2.114445] (px4_ros_com) StdoutLine: {'line': b'[ 16%] Built target sensor_combined_listener\n'}
[2.119772] (px4_ros_com) StdoutLine: {'line': b'[ 33%] Built target frame_transforms\n'}
[2.123447] (px4_ros_com) StdoutLine: {'line': b'[ 50%] Built target debug_vect_advertiser\n'}
[2.124835] (px4_ros_com) StdoutLine: {'line': b'[ 66%] Built target vehicle_gps_position_listener\n'}
[2.135393] (-) TimerEvent: {}
[2.137454] (px4_ros_com) StdoutLine: {'line': b'[ 83%] Built target offboard_control\n'}
[2.142415] (px4_ros_com) StdoutLine: {'line': b'[ 83%] Built target ament_cmake_python_copy_px4_ros_com\n'}
[2.143501] (px4_ros_com) StdoutLine: {'line': b'[100%] Built target offboard_control_srv\n'}
[2.235479] (-) TimerEvent: {}
[2.277668] (px4_ros_com) StdoutLine: {'line': b'running egg_info\n'}
[2.287720] (px4_ros_com) StdoutLine: {'line': b'writing px4_ros_com.egg-info/PKG-INFO\n'}
[2.288207] (px4_ros_com) StdoutLine: {'line': b'writing dependency_links to px4_ros_com.egg-info/dependency_links.txt\n'}
[2.288515] (px4_ros_com) StdoutLine: {'line': b'writing top-level names to px4_ros_com.egg-info/top_level.txt\n'}
[2.316074] (px4_ros_com) StdoutLine: {'line': b"reading manifest file 'px4_ros_com.egg-info/SOURCES.txt'\n"}
[2.316644] (px4_ros_com) StdoutLine: {'line': b"writing manifest file 'px4_ros_com.egg-info/SOURCES.txt'\n"}
[2.335567] (-) TimerEvent: {}
[2.344497] (px4_ros_com) StdoutLine: {'line': b'[100%] Built target ament_cmake_python_build_px4_ros_com_egg\n'}
[2.351571] (px4_ros_com) CommandEnded: {'returncode': 0}
[2.351849] (px4_ros_com) JobProgress: {'identifier': 'px4_ros_com', 'progress': 'install'}
[2.351867] (px4_ros_com) Command: {'cmd': ['/usr/bin/cmake', '--install', '/home/mustardking/ws_sensor_combined/build/px4_ros_com'], 'cwd': '/home/mustardking/ws_sensor_combined/build/px4_ros_com', 'env': OrderedDict([('LESSOPEN', '| /usr/bin/lesspipe %s'), ('USER', 'mustardking'), ('XDG_SESSION_TYPE', 'wayland'), ('SHLVL', '1'), ('LD_LIBRARY_PATH', '/home/mustardking/ws_sensor_combined/install/px4_msgs/lib:/opt/ros/humble/opt/rviz_ogre_vendor/lib:/opt/ros/humble/lib/aarch64-linux-gnu:/opt/ros/humble/lib'), ('HOME', '/home/mustardking'), ('OLDPWD', '/home/mustardking'), ('DESKTOP_SESSION', 'ubuntu'), ('ROS_PYTHON_VERSION', '3'), ('GNOME_SHELL_SESSION_MODE', 'ubuntu'), ('GTK_MODULES', 'gail:atk-bridge'), ('SYSTEMD_EXEC_PID', '1955'), ('DBUS_SESSION_BUS_ADDRESS', 'unix:path=/run/user/1000/bus'), ('COLORTERM', 'truecolor'), ('IM_CONFIG_PHASE', '1'), ('WAYLAND_DISPLAY', 'wayland-0'), ('ROS_DISTRO', 'humble'), ('LOGNAME', 'mustardking'), ('_', '/usr/bin/colcon'), ('ROS_VERSION', '2'), ('XDG_SESSION_CLASS', 'user'), ('USERNAME', 'mustardking'), ('TERM', 'xterm-256color'), ('GNOME_DESKTOP_SESSION_ID', 'this-is-deprecated'), ('ROS_LOCALHOST_ONLY', '0'), ('PATH', '/opt/ros/humble/bin:/opt/gcc-arm-none-eabi-9-2020-q2-update/bin:/home/mustardking/.local/bin:/usr/local/sbin:/usr/local/bin:/usr/sbin:/usr/bin:/sbin:/bin:/usr/games:/usr/local/games:/snap/bin:/snap/bin'), ('SESSION_MANAGER', 'local/hektors-mac:@/tmp/.ICE-unix/1460,unix/hektors-mac:/tmp/.ICE-unix/1460'), ('XDG_MENU_PREFIX', 'gnome-'), ('GNOME_TERMINAL_SCREEN', '/org/gnome/Terminal/screen/1f95d2b5_5b51_4009_ad3d_92472308b1b1'), ('GNOME_SETUP_DISPLAY', ':1'), ('XDG_RUNTIME_DIR', '/run/user/1000'), ('DISPLAY', ':0'), ('LANG', 'en_US.UTF-8'), ('XDG_CURRENT_DESKTOP', 'ubuntu:GNOME'), ('XMODIFIERS', '@im=ibus'), ('XDG_SESSION_DESKTOP', 'ubuntu'), ('XAUTHORITY', '/run/user/1000/.mutter-Xwaylandauth.Q6BCF3'), ('LS_COLORS', 'rs=0:di=01;34:ln=01;36:mh=00:pi=40;33:so=01;35:do=01;35:bd=40;33;01:cd=40;33;01:or=40;31;01:mi=00:su=37;41:sg=30;43:ca=30;41:tw=30;42:ow=34;42:st=37;44:ex=01;32:*.tar=01;31:*.tgz=01;31:*.arc=01;31:*.arj=01;31:*.taz=01;31:*.lha=01;31:*.lz4=01;31:*.lzh=01;31:*.lzma=01;31:*.tlz=01;31:*.txz=01;31:*.tzo=01;31:*.t7z=01;31:*.zip=01;31:*.z=01;31:*.dz=01;31:*.gz=01;31:*.lrz=01;31:*.lz=01;31:*.lzo=01;31:*.xz=01;31:*.zst=01;31:*.tzst=01;31:*.bz2=01;31:*.bz=01;31:*.tbz=01;31:*.tbz2=01;31:*.tz=01;31:*.deb=01;31:*.rpm=01;31:*.jar=01;31:*.war=01;31:*.ear=01;31:*.sar=01;31:*.rar=01;31:*.alz=01;31:*.ace=01;31:*.zoo=01;31:*.cpio=01;31:*.7z=01;31:*.rz=01;31:*.cab=01;31:*.wim=01;31:*.swm=01;31:*.dwm=01;31:*.esd=01;31:*.jpg=01;35:*.jpeg=01;35:*.mjpg=01;35:*.mjpeg=01;35:*.gif=01;35:*.bmp=01;35:*.pbm=01;35:*.pgm=01;35:*.ppm=01;35:*.tga=01;35:*.xbm=01;35:*.xpm=01;35:*.tif=01;35:*.tiff=01;35:*.png=01;35:*.svg=01;35:*.svgz=01;35:*.mng=01;35:*.pcx=01;35:*.mov=01;35:*.mpg=01;35:*.mpeg=01;35:*.m2v=01;35:*.mkv=01;35:*.webm=01;35:*.webp=01;35:*.ogm=01;35:*.mp4=01;35:*.m4v=01;35:*.mp4v=01;35:*.vob=01;35:*.qt=01;35:*.nuv=01;35:*.wmv=01;35:*.asf=01;35:*.rm=01;35:*.rmvb=01;35:*.flc=01;35:*.avi=01;35:*.fli=01;35:*.flv=01;35:*.gl=01;35:*.dl=01;35:*.xcf=01;35:*.xwd=01;35:*.yuv=01;35:*.cgm=01;35:*.emf=01;35:*.ogv=01;35:*.ogx=01;35:*.aac=00;36:*.au=00;36:*.flac=00;36:*.m4a=00;36:*.mid=00;36:*.midi=00;36:*.mka=00;36:*.mp3=00;36:*.mpc=00;36:*.ogg=00;36:*.ra=00;36:*.wav=00;36:*.oga=00;36:*.opus=00;36:*.spx=00;36:*.xspf=00;36:'), ('GNOME_TERMINAL_SERVICE', ':1.101'), ('SSH_AGENT_LAUNCHER', 'gnome-keyring'), ('SSH_AUTH_SOCK', '/run/user/1000/keyring/ssh'), ('AMENT_PREFIX_PATH', '/home/mustardking/ws_sensor_combined/install/px4_msgs:/opt/ros/humble'), ('SHELL', '/bin/bash'), ('QT_ACCESSIBILITY', '1'), ('GDMSESSION', 'ubuntu'), ('LESSCLOSE', '/usr/bin/lesspipe %s %s'), ('QT_IM_MODULE', 'ibus'), ('PWD', '/home/mustardking/ws_sensor_combined/build/px4_ros_com'), ('LC_ALL', 'en_US.UTF-8'), ('XDG_CONFIG_DIRS', '/etc/xdg/xdg-ubuntu:/etc/xdg'), ('XDG_DATA_DIRS', '/usr/share/ubuntu:/home/mustardking/.local/share/flatpak/exports/share:/var/lib/flatpak/exports/share:/usr/local/share/:/usr/share/:/var/lib/snapd/desktop'), ('PYTHONPATH', '/home/mustardking/ws_sensor_combined/install/px4_msgs/local/lib/python3.10/dist-packages:/opt/ros/humble/lib/python3.10/site-packages:/opt/ros/humble/local/lib/python3.10/dist-packages'), ('COLCON', '1'), ('VTE_VERSION', '6800'), ('CMAKE_PREFIX_PATH', '/home/mustardking/ws_sensor_combined/install/px4_msgs:/opt/ros/humble')]), 'shell': False}
[2.359256] (px4_ros_com) StdoutLine: {'line': b'-- Install configuration: ""\n'}
[2.359329] (px4_ros_com) StdoutLine: {'line': b'-- Up-to-date: /home/mustardking/ws_sensor_combined/install/px4_ros_com/lib/px4_ros_com/sensor_combined_listener\n'}
[2.359361] (px4_ros_com) StdoutLine: {'line': b'-- Up-to-date: /home/mustardking/ws_sensor_combined/install/px4_ros_com/lib/px4_ros_com/vehicle_gps_position_listener\n'}
[2.359385] (px4_ros_com) StdoutLine: {'line': b'-- Up-to-date: /home/mustardking/ws_sensor_combined/install/px4_ros_com/lib/px4_ros_com/debug_vect_advertiser\n'}
[2.359408] (px4_ros_com) StdoutLine: {'line': b'-- Up-to-date: /home/mustardking/ws_sensor_combined/install/px4_ros_com/lib/px4_ros_com/offboard_control\n'}
[2.359430] (px4_ros_com) StdoutLine: {'line': b'-- Up-to-date: /home/mustardking/ws_sensor_combined/install/px4_ros_com/lib/px4_ros_com/offboard_control_srv\n'}
[2.359455] (px4_ros_com) StdoutLine: {'line': b'-- Up-to-date: /home/mustardking/ws_sensor_combined/install/px4_ros_com/share/px4_ros_com/environment/library_path.sh\n'}
[2.359479] (px4_ros_com) StdoutLine: {'line': b'-- Up-to-date: /home/mustardking/ws_sensor_combined/install/px4_ros_com/share/px4_ros_com/environment/library_path.dsv\n'}
[2.359501] (px4_ros_com) StdoutLine: {'line': b'-- Up-to-date: /home/mustardking/ws_sensor_combined/install/px4_ros_com/include/px4_ros_com\n'}
[2.359614] (px4_ros_com) StdoutLine: {'line': b'-- Up-to-date: /home/mustardking/ws_sensor_combined/install/px4_ros_com/include/px4_ros_com/frame_transforms.h\n'}
[2.359671] (px4_ros_com) StdoutLine: {'line': b'-- Up-to-date: /home/mustardking/ws_sensor_combined/install/px4_ros_com/lib/libframe_transforms.so\n'}
[2.359821] (px4_ros_com) StdoutLine: {'line': b'-- Up-to-date: /home/mustardking/ws_sensor_combined/install/px4_ros_com/share/px4_ros_com//launch\n'}
[2.359902] (px4_ros_com) StdoutLine: {'line': b'-- Up-to-date: /home/mustardking/ws_sensor_combined/install/px4_ros_com/share/px4_ros_com//launch/offboard_control_launch.yaml\n'}
[2.359968] (px4_ros_com) StdoutLine: {'line': b'-- Up-to-date: /home/mustardking/ws_sensor_combined/install/px4_ros_com/share/px4_ros_com//launch/sensor_combined_listener.launch.py\n'}
[2.360109] (px4_ros_com) StdoutLine: {'line': b'-- Up-to-date: /home/mustardking/ws_sensor_combined/install/px4_ros_com/share/px4_ros_com//test\n'}
[2.360187] (px4_ros_com) StdoutLine: {'line': b'-- Up-to-date: /home/mustardking/ws_sensor_combined/install/px4_ros_com/share/px4_ros_com//test/test_output.py\n'}
[2.360247] (px4_ros_com) StdoutLine: {'line': b'-- Up-to-date: /home/mustardking/ws_sensor_combined/install/px4_ros_com/share/px4_ros_com//test/__init__.py\n'}
[2.360575] (px4_ros_com) StdoutLine: {'line': b'-- Up-to-date: /home/mustardking/ws_sensor_combined/install/px4_ros_com/share/px4_ros_com//test/pipeline_io_test.py\n'}
[2.360629] (px4_ros_com) StdoutLine: {'line': b'-- Up-to-date: /home/mustardking/ws_sensor_combined/install/px4_ros_com/share/px4_ros_com//test/test_input.py\n'}
[2.360711] (px4_ros_com) StdoutLine: {'line': b'-- Up-to-date: /home/mustardking/ws_sensor_combined/install/px4_ros_com/share/px4_ros_com/environment/pythonpath.sh\n'}
[2.360770] (px4_ros_com) StdoutLine: {'line': b'-- Up-to-date: /home/mustardking/ws_sensor_combined/install/px4_ros_com/share/px4_ros_com/environment/pythonpath.dsv\n'}
[2.364723] (px4_ros_com) StdoutLine: {'line': b'-- Up-to-date: /home/mustardking/ws_sensor_combined/install/px4_ros_com/local/lib/python3.10/dist-packages/px4_ros_com-0.1.0-py3.10.egg-info\n'}
[2.364880] (px4_ros_com) StdoutLine: {'line': b'-- Installing: /home/mustardking/ws_sensor_combined/install/px4_ros_com/local/lib/python3.10/dist-packages/px4_ros_com-0.1.0-py3.10.egg-info/SOURCES.txt\n'}
[2.364927] (px4_ros_com) StdoutLine: {'line': b'-- Installing: /home/mustardking/ws_sensor_combined/install/px4_ros_com/local/lib/python3.10/dist-packages/px4_ros_com-0.1.0-py3.10.egg-info/PKG-INFO\n'}
[2.364966] (px4_ros_com) StdoutLine: {'line': b'-- Installing: /home/mustardking/ws_sensor_combined/install/px4_ros_com/local/lib/python3.10/dist-packages/px4_ros_com-0.1.0-py3.10.egg-info/dependency_links.txt\n'}
[2.365038] (px4_ros_com) StdoutLine: {'line': b'-- Installing: /home/mustardking/ws_sensor_combined/install/px4_ros_com/local/lib/python3.10/dist-packages/px4_ros_com-0.1.0-py3.10.egg-info/top_level.txt\n'}
[2.365063] (px4_ros_com) StdoutLine: {'line': b'-- Up-to-date: /home/mustardking/ws_sensor_combined/install/px4_ros_com/local/lib/python3.10/dist-packages/px4_ros_com\n'}
[2.365086] (px4_ros_com) StdoutLine: {'line': b'-- Up-to-date: /home/mustardking/ws_sensor_combined/install/px4_ros_com/local/lib/python3.10/dist-packages/px4_ros_com/module_to_import.py\n'}
[2.365122] (px4_ros_com) StdoutLine: {'line': b'-- Up-to-date: /home/mustardking/ws_sensor_combined/install/px4_ros_com/local/lib/python3.10/dist-packages/px4_ros_com/__init__.py\n'}
[2.398296] (px4_ros_com) StdoutLine: {'line': b"Listing '/home/mustardking/ws_sensor_combined/install/px4_ros_com/local/lib/python3.10/dist-packages/px4_ros_com'...\n"}
[2.401802] (px4_ros_com) StdoutLine: {'line': b'-- Up-to-date: /home/mustardking/ws_sensor_combined/install/px4_ros_com/lib/px4_ros_com/offboard_control.py\n'}
[2.401974] (px4_ros_com) StdoutLine: {'line': b'-- Up-to-date: /home/mustardking/ws_sensor_combined/install/px4_ros_com/share/ament_index/resource_index/package_run_dependencies/px4_ros_com\n'}
[2.402071] (px4_ros_com) StdoutLine: {'line': b'-- Up-to-date: /home/mustardking/ws_sensor_combined/install/px4_ros_com/share/ament_index/resource_index/parent_prefix_path/px4_ros_com\n'}
[2.402143] (px4_ros_com) StdoutLine: {'line': b'-- Up-to-date: /home/mustardking/ws_sensor_combined/install/px4_ros_com/share/px4_ros_com/environment/ament_prefix_path.sh\n'}
[2.402208] (px4_ros_com) StdoutLine: {'line': b'-- Up-to-date: /home/mustardking/ws_sensor_combined/install/px4_ros_com/share/px4_ros_com/environment/ament_prefix_path.dsv\n'}
[2.402269] (px4_ros_com) StdoutLine: {'line': b'-- Up-to-date: /home/mustardking/ws_sensor_combined/install/px4_ros_com/share/px4_ros_com/environment/path.sh\n'}
[2.402327] (px4_ros_com) StdoutLine: {'line': b'-- Up-to-date: /home/mustardking/ws_sensor_combined/install/px4_ros_com/share/px4_ros_com/environment/path.dsv\n'}
[2.402385] (px4_ros_com) StdoutLine: {'line': b'-- Up-to-date: /home/mustardking/ws_sensor_combined/install/px4_ros_com/share/px4_ros_com/local_setup.bash\n'}
[2.402444] (px4_ros_com) StdoutLine: {'line': b'-- Up-to-date: /home/mustardking/ws_sensor_combined/install/px4_ros_com/share/px4_ros_com/local_setup.sh\n'}
[2.402500] (px4_ros_com) StdoutLine: {'line': b'-- Up-to-date: /home/mustardking/ws_sensor_combined/install/px4_ros_com/share/px4_ros_com/local_setup.zsh\n'}
[2.402556] (px4_ros_com) StdoutLine: {'line': b'-- Up-to-date: /home/mustardking/ws_sensor_combined/install/px4_ros_com/share/px4_ros_com/local_setup.dsv\n'}
[2.402622] (px4_ros_com) StdoutLine: {'line': b'-- Installing: /home/mustardking/ws_sensor_combined/install/px4_ros_com/share/px4_ros_com/package.dsv\n'}
[2.402812] (px4_ros_com) StdoutLine: {'line': b'-- Up-to-date: /home/mustardking/ws_sensor_combined/install/px4_ros_com/share/ament_index/resource_index/packages/px4_ros_com\n'}
[2.402949] (px4_ros_com) StdoutLine: {'line': b'-- Up-to-date: /home/mustardking/ws_sensor_combined/install/px4_ros_com/share/px4_ros_com/cmake/export_frame_transformsExport.cmake\n'}
[2.403013] (px4_ros_com) StdoutLine: {'line': b'-- Up-to-date: /home/mustardking/ws_sensor_combined/install/px4_ros_com/share/px4_ros_com/cmake/export_frame_transformsExport-noconfig.cmake\n'}
[2.403078] (px4_ros_com) StdoutLine: {'line': b'-- Up-to-date: /home/mustardking/ws_sensor_combined/install/px4_ros_com/share/px4_ros_com/cmake/ament_cmake_export_dependencies-extras.cmake\n'}
[2.403136] (px4_ros_com) StdoutLine: {'line': b'-- Up-to-date: /home/mustardking/ws_sensor_combined/install/px4_ros_com/share/px4_ros_com/cmake/ament_cmake_export_targets-extras.cmake\n'}
[2.403196] (px4_ros_com) StdoutLine: {'line': b'-- Up-to-date: /home/mustardking/ws_sensor_combined/install/px4_ros_com/share/px4_ros_com/cmake/ament_cmake_export_include_directories-extras.cmake\n'}
[2.403253] (px4_ros_com) StdoutLine: {'line': b'-- Up-to-date: /home/mustardking/ws_sensor_combined/install/px4_ros_com/share/px4_ros_com/cmake/ament_cmake_export_libraries-extras.cmake\n'}
[2.403539] (px4_ros_com) StdoutLine: {'line': b'-- Up-to-date: /home/mustardking/ws_sensor_combined/install/px4_ros_com/share/px4_ros_com/cmake/px4_ros_comConfig.cmake\n'}
[2.403614] (px4_ros_com) StdoutLine: {'line': b'-- Up-to-date: /home/mustardking/ws_sensor_combined/install/px4_ros_com/share/px4_ros_com/cmake/px4_ros_comConfig-version.cmake\n'}
[2.403679] (px4_ros_com) StdoutLine: {'line': b'-- Up-to-date: /home/mustardking/ws_sensor_combined/install/px4_ros_com/share/px4_ros_com/package.xml\n'}
[2.406598] (px4_ros_com) CommandEnded: {'returncode': 0}
[2.413097] (px4_ros_com) JobEnded: {'identifier': 'px4_ros_com', 'rc': 0}
[2.413722] (-) EventReactorShutdown: {}
