[0.000000] (-) TimerEvent: {}
[0.001571] (px4_msgs) JobQueued: {'identifier': 'px4_msgs', 'dependencies': OrderedDict()}
[0.001692] (px4_ros_com) JobQueued: {'identifier': 'px4_ros_com', 'dependencies': OrderedDict([('px4_msgs', '/home/mustardking/ws_sensor_combined/install/px4_msgs')])}
[0.001772] (px4_msgs) JobStarted: {'identifier': 'px4_msgs'}
[0.023156] (px4_msgs) JobProgress: {'identifier': 'px4_msgs', 'progress': 'cmake'}
[0.023620] (px4_msgs) JobProgress: {'identifier': 'px4_msgs', 'progress': 'build'}
[0.024106] (px4_msgs) Command: {'cmd': ['/usr/bin/cmake', '--build', '/home/mustardking/ws_sensor_combined/build/px4_msgs', '--', '-j4', '-l4'], 'cwd': '/home/mustardking/ws_sensor_combined/build/px4_msgs', 'env': OrderedDict([('LESSOPEN', '| /usr/bin/lesspipe %s'), ('USER', 'mustardking'), ('XDG_SESSION_TYPE', 'wayland'), ('SHLVL', '1'), ('LD_LIBRARY_PATH', '/opt/ros/humble/opt/rviz_ogre_vendor/lib:/opt/ros/humble/lib/aarch64-linux-gnu:/opt/ros/humble/lib'), ('HOME', '/home/mustardking'), ('OLDPWD', '/home/mustardking'), ('DESKTOP_SESSION', 'ubuntu'), ('ROS_PYTHON_VERSION', '3'), ('GNOME_SHELL_SESSION_MODE', 'ubuntu'), ('GTK_MODULES', 'gail:atk-bridge'), ('SYSTEMD_EXEC_PID', '1955'), ('DBUS_SESSION_BUS_ADDRESS', 'unix:path=/run/user/1000/bus'), ('COLORTERM', 'truecolor'), ('IM_CONFIG_PHASE', '1'), ('WAYLAND_DISPLAY', 'wayland-0'), ('ROS_DISTRO', 'humble'), ('LOGNAME', 'mustardking'), ('_', '/usr/bin/colcon'), ('ROS_VERSION', '2'), ('XDG_SESSION_CLASS', 'user'), ('USERNAME', 'mustardking'), ('TERM', 'xterm-256color'), ('GNOME_DESKTOP_SESSION_ID', 'this-is-deprecated'), ('ROS_LOCALHOST_ONLY', '0'), ('PATH', '/opt/ros/humble/bin:/opt/gcc-arm-none-eabi-9-2020-q2-update/bin:/home/mustardking/.local/bin:/usr/local/sbin:/usr/local/bin:/usr/sbin:/usr/bin:/sbin:/bin:/usr/games:/usr/local/games:/snap/bin:/snap/bin'), ('SESSION_MANAGER', 'local/hektors-mac:@/tmp/.ICE-unix/1460,unix/hektors-mac:/tmp/.ICE-unix/1460'), ('XDG_MENU_PREFIX', 'gnome-'), ('GNOME_TERMINAL_SCREEN', '/org/gnome/Terminal/screen/1f95d2b5_5b51_4009_ad3d_92472308b1b1'), ('GNOME_SETUP_DISPLAY', ':1'), ('XDG_RUNTIME_DIR', '/run/user/1000'), ('DISPLAY', ':0'), ('LANG', 'en_US.UTF-8'), ('XDG_CURRENT_DESKTOP', 'ubuntu:GNOME'), ('XMODIFIERS', '@im=ibus'), ('XDG_SESSION_DESKTOP', 'ubuntu'), ('XAUTHORITY', '/run/user/1000/.mutter-Xwaylandauth.Q6BCF3'), ('LS_COLORS', 'rs=0:di=01;34:ln=01;36:mh=00:pi=40;33:so=01;35:do=01;35:bd=40;33;01:cd=40;33;01:or=40;31;01:mi=00:su=37;41:sg=30;43:ca=30;41:tw=30;42:ow=34;42:st=37;44:ex=01;32:*.tar=01;31:*.tgz=01;31:*.arc=01;31:*.arj=01;31:*.taz=01;31:*.lha=01;31:*.lz4=01;31:*.lzh=01;31:*.lzma=01;31:*.tlz=01;31:*.txz=01;31:*.tzo=01;31:*.t7z=01;31:*.zip=01;31:*.z=01;31:*.dz=01;31:*.gz=01;31:*.lrz=01;31:*.lz=01;31:*.lzo=01;31:*.xz=01;31:*.zst=01;31:*.tzst=01;31:*.bz2=01;31:*.bz=01;31:*.tbz=01;31:*.tbz2=01;31:*.tz=01;31:*.deb=01;31:*.rpm=01;31:*.jar=01;31:*.war=01;31:*.ear=01;31:*.sar=01;31:*.rar=01;31:*.alz=01;31:*.ace=01;31:*.zoo=01;31:*.cpio=01;31:*.7z=01;31:*.rz=01;31:*.cab=01;31:*.wim=01;31:*.swm=01;31:*.dwm=01;31:*.esd=01;31:*.jpg=01;35:*.jpeg=01;35:*.mjpg=01;35:*.mjpeg=01;35:*.gif=01;35:*.bmp=01;35:*.pbm=01;35:*.pgm=01;35:*.ppm=01;35:*.tga=01;35:*.xbm=01;35:*.xpm=01;35:*.tif=01;35:*.tiff=01;35:*.png=01;35:*.svg=01;35:*.svgz=01;35:*.mng=01;35:*.pcx=01;35:*.mov=01;35:*.mpg=01;35:*.mpeg=01;35:*.m2v=01;35:*.mkv=01;35:*.webm=01;35:*.webp=01;35:*.ogm=01;35:*.mp4=01;35:*.m4v=01;35:*.mp4v=01;35:*.vob=01;35:*.qt=01;35:*.nuv=01;35:*.wmv=01;35:*.asf=01;35:*.rm=01;35:*.rmvb=01;35:*.flc=01;35:*.avi=01;35:*.fli=01;35:*.flv=01;35:*.gl=01;35:*.dl=01;35:*.xcf=01;35:*.xwd=01;35:*.yuv=01;35:*.cgm=01;35:*.emf=01;35:*.ogv=01;35:*.ogx=01;35:*.aac=00;36:*.au=00;36:*.flac=00;36:*.m4a=00;36:*.mid=00;36:*.midi=00;36:*.mka=00;36:*.mp3=00;36:*.mpc=00;36:*.ogg=00;36:*.ra=00;36:*.wav=00;36:*.oga=00;36:*.opus=00;36:*.spx=00;36:*.xspf=00;36:'), ('GNOME_TERMINAL_SERVICE', ':1.101'), ('SSH_AGENT_LAUNCHER', 'gnome-keyring'), ('SSH_AUTH_SOCK', '/run/user/1000/keyring/ssh'), ('AMENT_PREFIX_PATH', '/opt/ros/humble'), ('SHELL', '/bin/bash'), ('QT_ACCESSIBILITY', '1'), ('GDMSESSION', 'ubuntu'), ('LESSCLOSE', '/usr/bin/lesspipe %s %s'), ('QT_IM_MODULE', 'ibus'), ('PWD', '/home/mustardking/ws_sensor_combined/build/px4_msgs'), ('LC_ALL', 'en_US.UTF-8'), ('XDG_CONFIG_DIRS', '/etc/xdg/xdg-ubuntu:/etc/xdg'), ('XDG_DATA_DIRS', '/usr/share/ubuntu:/home/mustardking/.local/share/flatpak/exports/share:/var/lib/flatpak/exports/share:/usr/local/share/:/usr/share/:/var/lib/snapd/desktop'), ('PYTHONPATH', '/opt/ros/humble/lib/python3.10/site-packages:/opt/ros/humble/local/lib/python3.10/dist-packages'), ('COLCON', '1'), ('VTE_VERSION', '6800'), ('CMAKE_PREFIX_PATH', '/opt/ros/humble')]), 'shell': False}
[0.099175] (-) TimerEvent: {}
[0.199527] (-) TimerEvent: {}
[0.299923] (-) TimerEvent: {}
[0.400195] (-) TimerEvent: {}
[0.500523] (-) TimerEvent: {}
[0.600827] (-) TimerEvent: {}
[0.629305] (px4_msgs) StdoutLine: {'line': b'[  0%] Built target ament_cmake_python_copy_px4_msgs\n'}
[0.639343] (px4_msgs) StdoutLine: {'line': b'[  0%] Built target px4_msgs__cpp\n'}
[0.684851] (px4_msgs) StdoutLine: {'line': b'[ 12%] Built target px4_msgs__rosidl_generator_c\n'}
[0.700913] (-) TimerEvent: {}
[0.801313] (-) TimerEvent: {}
[0.880718] (px4_msgs) StdoutLine: {'line': b'[ 24%] Built target px4_msgs__rosidl_typesupport_cpp\n'}
[0.896735] (px4_msgs) StdoutLine: {'line': b'running egg_info\n'}
[0.899793] (px4_msgs) StdoutLine: {'line': b'[ 37%] Built target px4_msgs__rosidl_typesupport_introspection_cpp\n'}
[0.901375] (-) TimerEvent: {}
[0.908517] (px4_msgs) StdoutLine: {'line': b'[ 49%] Built target px4_msgs__rosidl_typesupport_fastrtps_cpp\n'}
[0.908865] (px4_msgs) StdoutLine: {'line': b'writing px4_msgs.egg-info/PKG-INFO\n'}
[0.909790] (px4_msgs) StdoutLine: {'line': b'writing dependency_links to px4_msgs.egg-info/dependency_links.txt\n'}
[0.910183] (px4_msgs) StdoutLine: {'line': b'writing top-level names to px4_msgs.egg-info/top_level.txt\n'}
[0.934358] (px4_msgs) StdoutLine: {'line': b"reading manifest file 'px4_msgs.egg-info/SOURCES.txt'\n"}
[0.939873] (px4_msgs) StdoutLine: {'line': b"writing manifest file 'px4_msgs.egg-info/SOURCES.txt'\n"}
[0.972743] (px4_msgs) StdoutLine: {'line': b'[ 49%] Built target ament_cmake_python_build_px4_msgs_egg\n'}
[0.999199] (px4_msgs) StdoutLine: {'line': b'[ 62%] Built target px4_msgs__rosidl_typesupport_c\n'}
[1.001483] (-) TimerEvent: {}
[1.003523] (px4_msgs) StdoutLine: {'line': b'[ 75%] Built target px4_msgs__rosidl_typesupport_introspection_c\n'}
[1.014365] (px4_msgs) StdoutLine: {'line': b'[ 88%] Built target px4_msgs__rosidl_typesupport_fastrtps_c\n'}
[1.023944] (px4_msgs) StdoutLine: {'line': b'[ 88%] Built target px4_msgs\n'}
[1.059548] (px4_msgs) StdoutLine: {'line': b'[ 88%] Built target px4_msgs__py\n'}
[1.102185] (-) TimerEvent: {}
[1.151077] (px4_msgs) StdoutLine: {'line': b'[100%] Built target px4_msgs__rosidl_generator_py\n'}
[1.165382] (px4_msgs) StdoutLine: {'line': b'[100%] Built target px4_msgs__rosidl_typesupport_introspection_c__pyext\n'}
[1.165557] (px4_msgs) StdoutLine: {'line': b'[100%] Built target px4_msgs__rosidl_typesupport_fastrtps_c__pyext\n'}
[1.165892] (px4_msgs) StdoutLine: {'line': b'[100%] Built target px4_msgs__rosidl_typesupport_c__pyext\n'}
[1.172539] (px4_msgs) CommandEnded: {'returncode': 0}
[1.172949] (px4_msgs) JobProgress: {'identifier': 'px4_msgs', 'progress': 'install'}
[1.177707] (px4_msgs) Command: {'cmd': ['/usr/bin/cmake', '--install', '/home/mustardking/ws_sensor_combined/build/px4_msgs'], 'cwd': '/home/mustardking/ws_sensor_combined/build/px4_msgs', 'env': OrderedDict([('LESSOPEN', '| /usr/bin/lesspipe %s'), ('USER', 'mustardking'), ('XDG_SESSION_TYPE', 'wayland'), ('SHLVL', '1'), ('LD_LIBRARY_PATH', '/opt/ros/humble/opt/rviz_ogre_vendor/lib:/opt/ros/humble/lib/aarch64-linux-gnu:/opt/ros/humble/lib'), ('HOME', '/home/mustardking'), ('OLDPWD', '/home/mustardking'), ('DESKTOP_SESSION', 'ubuntu'), ('ROS_PYTHON_VERSION', '3'), ('GNOME_SHELL_SESSION_MODE', 'ubuntu'), ('GTK_MODULES', 'gail:atk-bridge'), ('SYSTEMD_EXEC_PID', '1955'), ('DBUS_SESSION_BUS_ADDRESS', 'unix:path=/run/user/1000/bus'), ('COLORTERM', 'truecolor'), ('IM_CONFIG_PHASE', '1'), ('WAYLAND_DISPLAY', 'wayland-0'), ('ROS_DISTRO', 'humble'), ('LOGNAME', 'mustardking'), ('_', '/usr/bin/colcon'), ('ROS_VERSION', '2'), ('XDG_SESSION_CLASS', 'user'), ('USERNAME', 'mustardking'), ('TERM', 'xterm-256color'), ('GNOME_DESKTOP_SESSION_ID', 'this-is-deprecated'), ('ROS_LOCALHOST_ONLY', '0'), ('PATH', '/opt/ros/humble/bin:/opt/gcc-arm-none-eabi-9-2020-q2-update/bin:/home/mustardking/.local/bin:/usr/local/sbin:/usr/local/bin:/usr/sbin:/usr/bin:/sbin:/bin:/usr/games:/usr/local/games:/snap/bin:/snap/bin'), ('SESSION_MANAGER', 'local/hektors-mac:@/tmp/.ICE-unix/1460,unix/hektors-mac:/tmp/.ICE-unix/1460'), ('XDG_MENU_PREFIX', 'gnome-'), ('GNOME_TERMINAL_SCREEN', '/org/gnome/Terminal/screen/1f95d2b5_5b51_4009_ad3d_92472308b1b1'), ('GNOME_SETUP_DISPLAY', ':1'), ('XDG_RUNTIME_DIR', '/run/user/1000'), ('DISPLAY', ':0'), ('LANG', 'en_US.UTF-8'), ('XDG_CURRENT_DESKTOP', 'ubuntu:GNOME'), ('XMODIFIERS', '@im=ibus'), ('XDG_SESSION_DESKTOP', 'ubuntu'), ('XAUTHORITY', '/run/user/1000/.mutter-Xwaylandauth.Q6BCF3'), ('LS_COLORS', 'rs=0:di=01;34:ln=01;36:mh=00:pi=40;33:so=01;35:do=01;35:bd=40;33;01:cd=40;33;01:or=40;31;01:mi=00:su=37;41:sg=30;43:ca=30;41:tw=30;42:ow=34;42:st=37;44:ex=01;32:*.tar=01;31:*.tgz=01;31:*.arc=01;31:*.arj=01;31:*.taz=01;31:*.lha=01;31:*.lz4=01;31:*.lzh=01;31:*.lzma=01;31:*.tlz=01;31:*.txz=01;31:*.tzo=01;31:*.t7z=01;31:*.zip=01;31:*.z=01;31:*.dz=01;31:*.gz=01;31:*.lrz=01;31:*.lz=01;31:*.lzo=01;31:*.xz=01;31:*.zst=01;31:*.tzst=01;31:*.bz2=01;31:*.bz=01;31:*.tbz=01;31:*.tbz2=01;31:*.tz=01;31:*.deb=01;31:*.rpm=01;31:*.jar=01;31:*.war=01;31:*.ear=01;31:*.sar=01;31:*.rar=01;31:*.alz=01;31:*.ace=01;31:*.zoo=01;31:*.cpio=01;31:*.7z=01;31:*.rz=01;31:*.cab=01;31:*.wim=01;31:*.swm=01;31:*.dwm=01;31:*.esd=01;31:*.jpg=01;35:*.jpeg=01;35:*.mjpg=01;35:*.mjpeg=01;35:*.gif=01;35:*.bmp=01;35:*.pbm=01;35:*.pgm=01;35:*.ppm=01;35:*.tga=01;35:*.xbm=01;35:*.xpm=01;35:*.tif=01;35:*.tiff=01;35:*.png=01;35:*.svg=01;35:*.svgz=01;35:*.mng=01;35:*.pcx=01;35:*.mov=01;35:*.mpg=01;35:*.mpeg=01;35:*.m2v=01;35:*.mkv=01;35:*.webm=01;35:*.webp=01;35:*.ogm=01;35:*.mp4=01;35:*.m4v=01;35:*.mp4v=01;35:*.vob=01;35:*.qt=01;35:*.nuv=01;35:*.wmv=01;35:*.asf=01;35:*.rm=01;35:*.rmvb=01;35:*.flc=01;35:*.avi=01;35:*.fli=01;35:*.flv=01;35:*.gl=01;35:*.dl=01;35:*.xcf=01;35:*.xwd=01;35:*.yuv=01;35:*.cgm=01;35:*.emf=01;35:*.ogv=01;35:*.ogx=01;35:*.aac=00;36:*.au=00;36:*.flac=00;36:*.m4a=00;36:*.mid=00;36:*.midi=00;36:*.mka=00;36:*.mp3=00;36:*.mpc=00;36:*.ogg=00;36:*.ra=00;36:*.wav=00;36:*.oga=00;36:*.opus=00;36:*.spx=00;36:*.xspf=00;36:'), ('GNOME_TERMINAL_SERVICE', ':1.101'), ('SSH_AGENT_LAUNCHER', 'gnome-keyring'), ('SSH_AUTH_SOCK', '/run/user/1000/keyring/ssh'), ('AMENT_PREFIX_PATH', '/opt/ros/humble'), ('SHELL', '/bin/bash'), ('QT_ACCESSIBILITY', '1'), ('GDMSESSION', 'ubuntu'), ('LESSCLOSE', '/usr/bin/lesspipe %s %s'), ('QT_IM_MODULE', 'ibus'), ('PWD', '/home/mustardking/ws_sensor_combined/build/px4_msgs'), ('LC_ALL', 'en_US.UTF-8'), ('XDG_CONFIG_DIRS', '/etc/xdg/xdg-ubuntu:/etc/xdg'), ('XDG_DATA_DIRS', '/usr/share/ubuntu:/home/mustardking/.local/share/flatpak/exports/share:/var/lib/flatpak/exports/share:/usr/local/share/:/usr/share/:/var/lib/snapd/desktop'), ('PYTHONPATH', '/opt/ros/humble/lib/python3.10/site-packages:/opt/ros/humble/local/lib/python3.10/dist-packages'), ('COLCON', '1'), ('VTE_VERSION', '6800'), ('CMAKE_PREFIX_PATH', '/opt/ros/humble')]), 'shell': False}
[1.184519] (px4_msgs) StdoutLine: {'line': b'-- Install configuration: ""\n'}
[1.185578] (px4_msgs) StdoutLine: {'line': b'-- Up-to-date: /home/mustardking/ws_sensor_combined/install/px4_msgs/share/ament_index/resource_index/rosidl_interfaces/px4_msgs\n'}
[1.185987] (px4_msgs) StdoutLine: {'line': b'-- Up-to-date: /home/mustardking/ws_sensor_combined/install/px4_msgs/include/px4_msgs/px4_msgs\n'}
[1.186739] (px4_msgs) StdoutLine: {'line': b'-- Up-to-date: /home/mustardking/ws_sensor_combined/install/px4_msgs/include/px4_msgs/px4_msgs/srv\n'}
[1.187224] (px4_msgs) StdoutLine: {'line': b'-- Up-to-date: /home/mustardking/ws_sensor_combined/install/px4_msgs/include/px4_msgs/px4_msgs/srv/vehicle_command.h\n'}
[1.187461] (px4_msgs) StdoutLine: {'line': b'-- Up-to-date: /home/mustardking/ws_sensor_combined/install/px4_msgs/include/px4_msgs/px4_msgs/srv/detail\n'}
[1.187751] (px4_msgs) StdoutLine: {'line': b'-- Up-to-date: /home/mustardking/ws_sensor_combined/install/px4_msgs/include/px4_msgs/px4_msgs/srv/detail/vehicle_command__functions.h\n'}
[1.188017] (px4_msgs) StdoutLine: {'line': b'-- Up-to-date: /home/mustardking/ws_sensor_combined/install/px4_msgs/include/px4_msgs/px4_msgs/srv/detail/vehicle_command__struct.h\n'}
[1.188057] (px4_msgs) StdoutLine: {'line': b'-- Up-to-date: /home/mustardking/ws_sensor_combined/install/px4_msgs/include/px4_msgs/px4_msgs/srv/detail/vehicle_command__functions.c\n'}
[1.188386] (px4_msgs) StdoutLine: {'line': b'-- Up-to-date: /home/mustardking/ws_sensor_combined/install/px4_msgs/include/px4_msgs/px4_msgs/srv/detail/vehicle_command__type_support.h\n'}
[1.188521] (px4_msgs) StdoutLine: {'line': b'-- Up-to-date: /home/mustardking/ws_sensor_combined/install/px4_msgs/include/px4_msgs/px4_msgs/msg\n'}
[1.188894] (px4_msgs) StdoutLine: {'line': b'-- Up-to-date: /home/mustardking/ws_sensor_combined/install/px4_msgs/include/px4_msgs/px4_msgs/msg/estimator_aid_source3d.h\n'}
[1.189020] (px4_msgs) StdoutLine: {'line': b'-- Up-to-date: /home/mustardking/ws_sensor_combined/install/px4_msgs/include/px4_msgs/px4_msgs/msg/estimator_states.h\n'}
[1.189220] (px4_msgs) StdoutLine: {'line': b'-- Up-to-date: /home/mustardking/ws_sensor_combined/install/px4_msgs/include/px4_msgs/px4_msgs/msg/camera_status.h\n'}
[1.189465] (px4_msgs) StdoutLine: {'line': b'-- Up-to-date: /home/mustardking/ws_sensor_combined/install/px4_msgs/include/px4_msgs/px4_msgs/msg/system_power.h\n'}
[1.189524] (px4_msgs) StdoutLine: {'line': b'-- Up-to-date: /home/mustardking/ws_sensor_combined/install/px4_msgs/include/px4_msgs/px4_msgs/msg/vehicle_angular_acceleration_setpoint.h\n'}
[1.189807] (px4_msgs) StdoutLine: {'line': b'-- Up-to-date: /home/mustardking/ws_sensor_combined/install/px4_msgs/include/px4_msgs/px4_msgs/msg/satellite_info.h\n'}
[1.190016] (px4_msgs) StdoutLine: {'line': b'-- Up-to-date: /home/mustardking/ws_sensor_combined/install/px4_msgs/include/px4_msgs/px4_msgs/msg/orb_test.h\n'}
[1.190116] (px4_msgs) StdoutLine: {'line': b'-- Up-to-date: /home/mustardking/ws_sensor_combined/install/px4_msgs/include/px4_msgs/px4_msgs/msg/neural_control.h\n'}
[1.190788] (px4_msgs) StdoutLine: {'line': b'-- Up-to-date: /home/mustardking/ws_sensor_combined/install/px4_msgs/include/px4_msgs/px4_msgs/msg/register_ext_component_request.h\n'}
[1.190829] (px4_msgs) StdoutLine: {'line': b'-- Up-to-date: /home/mustardking/ws_sensor_combined/install/px4_msgs/include/px4_msgs/px4_msgs/msg/rate_ctrl_status.h\n'}
[1.190855] (px4_msgs) StdoutLine: {'line': b'-- Up-to-date: /home/mustardking/ws_sensor_combined/install/px4_msgs/include/px4_msgs/px4_msgs/msg/logger_status.h\n'}
[1.190879] (px4_msgs) StdoutLine: {'line': b'-- Up-to-date: /home/mustardking/ws_sensor_combined/install/px4_msgs/include/px4_msgs/px4_msgs/msg/sensor_accel_fifo.h\n'}
[1.190932] (px4_msgs) StdoutLine: {'line': b'-- Up-to-date: /home/mustardking/ws_sensor_combined/install/px4_msgs/include/px4_msgs/px4_msgs/msg/airspeed_validated.h\n'}
[1.190970] (px4_msgs) StdoutLine: {'line': b'-- Up-to-date: /home/mustardking/ws_sensor_combined/install/px4_msgs/include/px4_msgs/px4_msgs/msg/ulog_stream.h\n'}
[1.191611] (px4_msgs) StdoutLine: {'line': b'-- Up-to-date: /home/mustardking/ws_sensor_combined/install/px4_msgs/include/px4_msgs/px4_msgs/msg/fuel_tank_status.h\n'}
[1.191734] (px4_msgs) StdoutLine: {'line': b'-- Up-to-date: /home/mustardking/ws_sensor_combined/install/px4_msgs/include/px4_msgs/px4_msgs/msg/control_allocator_status.h\n'}
[1.191786] (px4_msgs) StdoutLine: {'line': b'-- Up-to-date: /home/mustardking/ws_sensor_combined/install/px4_msgs/include/px4_msgs/px4_msgs/msg/parameter_set_used_request.h\n'}
[1.192057] (px4_msgs) StdoutLine: {'line': b'-- Up-to-date: /home/mustardking/ws_sensor_combined/install/px4_msgs/include/px4_msgs/px4_msgs/msg/arming_check_reply.h\n'}
[1.192152] (px4_msgs) StdoutLine: {'line': b'-- Up-to-date: /home/mustardking/ws_sensor_combined/install/px4_msgs/include/px4_msgs/px4_msgs/msg/estimator_bias3d.h\n'}
[1.192372] (px4_msgs) StdoutLine: {'line': b'-- Up-to-date: /home/mustardking/ws_sensor_combined/install/px4_msgs/include/px4_msgs/px4_msgs/msg/dataman_request.h\n'}
[1.192468] (px4_msgs) StdoutLine: {'line': b'-- Up-to-date: /home/mustardking/ws_sensor_combined/install/px4_msgs/include/px4_msgs/px4_msgs/msg/estimator_event_flags.h\n'}
[1.192725] (px4_msgs) StdoutLine: {'line': b'-- Up-to-date: /home/mustardking/ws_sensor_combined/install/px4_msgs/include/px4_msgs/px4_msgs/msg/vehicle_local_position.h\n'}
[1.192830] (px4_msgs) StdoutLine: {'line': b'-- Up-to-date: /home/mustardking/ws_sensor_combined/install/px4_msgs/include/px4_msgs/px4_msgs/msg/vehicle_attitude.h\n'}
[1.192864] (px4_msgs) StdoutLine: {'line': b'-- Up-to-date: /home/mustardking/ws_sensor_combined/install/px4_msgs/include/px4_msgs/px4_msgs/msg/vehicle_angular_velocity.h\n'}
[1.193148] (px4_msgs) StdoutLine: {'line': b'-- Up-to-date: /home/mustardking/ws_sensor_combined/install/px4_msgs/include/px4_msgs/px4_msgs/msg/collision_constraints.h\n'}
[1.193410] (px4_msgs) StdoutLine: {'line': b'-- Up-to-date: /home/mustardking/ws_sensor_combined/install/px4_msgs/include/px4_msgs/px4_msgs/msg/transponder_report.h\n'}
[1.193446] (px4_msgs) StdoutLine: {'line': b'-- Up-to-date: /home/mustardking/ws_sensor_combined/install/px4_msgs/include/px4_msgs/px4_msgs/msg/offboard_control_mode.h\n'}
[1.193748] (px4_msgs) StdoutLine: {'line': b'-- Up-to-date: /home/mustardking/ws_sensor_combined/install/px4_msgs/include/px4_msgs/px4_msgs/msg/mount_orientation.h\n'}
[1.193817] (px4_msgs) StdoutLine: {'line': b'-- Up-to-date: /home/mustardking/ws_sensor_combined/install/px4_msgs/include/px4_msgs/px4_msgs/msg/yaw_estimator_status.h\n'}
[1.194060] (px4_msgs) StdoutLine: {'line': b'-- Up-to-date: /home/mustardking/ws_sensor_combined/install/px4_msgs/include/px4_msgs/px4_msgs/msg/orbit_status.h\n'}
[1.194602] (px4_msgs) StdoutLine: {'line': b'-- Up-to-date: /home/mustardking/ws_sensor_combined/install/px4_msgs/include/px4_msgs/px4_msgs/msg/ulog_stream_ack.h\n'}
[1.194678] (px4_msgs) StdoutLine: {'line': b'-- Up-to-date: /home/mustardking/ws_sensor_combined/install/px4_msgs/include/px4_msgs/px4_msgs/msg/actuator_motors.h\n'}
[1.194721] (px4_msgs) StdoutLine: {'line': b'-- Up-to-date: /home/mustardking/ws_sensor_combined/install/px4_msgs/include/px4_msgs/px4_msgs/msg/task_stack_info.h\n'}
[1.194852] (px4_msgs) StdoutLine: {'line': b'-- Up-to-date: /home/mustardking/ws_sensor_combined/install/px4_msgs/include/px4_msgs/px4_msgs/msg/sensor_gnss_relative.h\n'}
[1.195274] (px4_msgs) StdoutLine: {'line': b'-- Up-to-date: /home/mustardking/ws_sensor_combined/install/px4_msgs/include/px4_msgs/px4_msgs/msg/vehicle_status.h\n'}
[1.195404] (px4_msgs) StdoutLine: {'line': b'-- Up-to-date: /home/mustardking/ws_sensor_combined/install/px4_msgs/include/px4_msgs/px4_msgs/msg/vehicle_optical_flow_vel.h\n'}
[1.195657] (px4_msgs) StdoutLine: {'line': b'-- Up-to-date: /home/mustardking/ws_sensor_combined/install/px4_msgs/include/px4_msgs/px4_msgs/msg/landing_gear_wheel.h\n'}
[1.195691] (px4_msgs) StdoutLine: {'line': b'-- Up-to-date: /home/mustardking/ws_sensor_combined/install/px4_msgs/include/px4_msgs/px4_msgs/msg/autotune_attitude_control_status.h\n'}
[1.196004] (px4_msgs) StdoutLine: {'line': b'-- Up-to-date: /home/mustardking/ws_sensor_combined/install/px4_msgs/include/px4_msgs/px4_msgs/msg/gps_inject_data.h\n'}
[1.196085] (px4_msgs) StdoutLine: {'line': b'-- Up-to-date: /home/mustardking/ws_sensor_combined/install/px4_msgs/include/px4_msgs/px4_msgs/msg/internal_combustion_engine_status.h\n'}
[1.196118] (px4_msgs) StdoutLine: {'line': b'-- Up-to-date: /home/mustardking/ws_sensor_combined/install/px4_msgs/include/px4_msgs/px4_msgs/msg/mode_completed.h\n'}
[1.196153] (px4_msgs) StdoutLine: {'line': b'-- Up-to-date: /home/mustardking/ws_sensor_combined/install/px4_msgs/include/px4_msgs/px4_msgs/msg/gimbal_device_information.h\n'}
[1.196200] (px4_msgs) StdoutLine: {'line': b'-- Up-to-date: /home/mustardking/ws_sensor_combined/install/px4_msgs/include/px4_msgs/px4_msgs/msg/mavlink_tunnel.h\n'}
[1.196230] (px4_msgs) StdoutLine: {'line': b'-- Up-to-date: /home/mustardking/ws_sensor_combined/install/px4_msgs/include/px4_msgs/px4_msgs/msg/debug_value.h\n'}
[1.196255] (px4_msgs) StdoutLine: {'line': b'-- Up-to-date: /home/mustardking/ws_sensor_combined/install/px4_msgs/include/px4_msgs/px4_msgs/msg/vehicle_command_ack.h\n'}
[1.196289] (px4_msgs) StdoutLine: {'line': b'-- Up-to-date: /home/mustardking/ws_sensor_combined/install/px4_msgs/include/px4_msgs/px4_msgs/msg/mission.h\n'}
[1.196314] (px4_msgs) StdoutLine: {'line': b'-- Up-to-date: /home/mustardking/ws_sensor_combined/install/px4_msgs/include/px4_msgs/px4_msgs/msg/hover_thrust_estimate.h\n'}
[1.196393] (px4_msgs) StdoutLine: {'line': b'-- Up-to-date: /home/mustardking/ws_sensor_combined/install/px4_msgs/include/px4_msgs/px4_msgs/msg/failure_detector_status.h\n'}
[1.196432] (px4_msgs) StdoutLine: {'line': b'-- Up-to-date: /home/mustardking/ws_sensor_combined/install/px4_msgs/include/px4_msgs/px4_msgs/msg/heater_status.h\n'}
[1.196462] (px4_msgs) StdoutLine: {'line': b'-- Up-to-date: /home/mustardking/ws_sensor_combined/install/px4_msgs/include/px4_msgs/px4_msgs/msg/esc_report.h\n'}
[1.196486] (px4_msgs) StdoutLine: {'line': b'-- Up-to-date: /home/mustardking/ws_sensor_combined/install/px4_msgs/include/px4_msgs/px4_msgs/msg/sensor_gyro_fifo.h\n'}
[1.196510] (px4_msgs) StdoutLine: {'line': b'-- Up-to-date: /home/mustardking/ws_sensor_combined/install/px4_msgs/include/px4_msgs/px4_msgs/msg/health_report.h\n'}
[1.196534] (px4_msgs) StdoutLine: {'line': b'-- Up-to-date: /home/mustardking/ws_sensor_combined/install/px4_msgs/include/px4_msgs/px4_msgs/msg/actuator_test.h\n'}
[1.196557] (px4_msgs) StdoutLine: {'line': b'-- Up-to-date: /home/mustardking/ws_sensor_combined/install/px4_msgs/include/px4_msgs/px4_msgs/msg/fixed_wing_lateral_guidance_status.h\n'}
[1.196581] (px4_msgs) StdoutLine: {'line': b'-- Up-to-date: /home/mustardking/ws_sensor_combined/install/px4_msgs/include/px4_msgs/px4_msgs/msg/geofence_status.h\n'}
[1.196615] (px4_msgs) StdoutLine: {'line': b'-- Up-to-date: /home/mustardking/ws_sensor_combined/install/px4_msgs/include/px4_msgs/px4_msgs/msg/gpio_out.h\n'}
[1.196649] (px4_msgs) StdoutLine: {'line': b'-- Up-to-date: /home/mustardking/ws_sensor_combined/install/px4_msgs/include/px4_msgs/px4_msgs/msg/follow_target_estimator.h\n'}
[1.196675] (px4_msgs) StdoutLine: {'line': b'-- Up-to-date: /home/mustardking/ws_sensor_combined/install/px4_msgs/include/px4_msgs/px4_msgs/msg/vehicle_rates_setpoint.h\n'}
[1.196699] (px4_msgs) StdoutLine: {'line': b'-- Up-to-date: /home/mustardking/ws_sensor_combined/install/px4_msgs/include/px4_msgs/px4_msgs/msg/home_position.h\n'}
[1.196723] (px4_msgs) StdoutLine: {'line': b'-- Up-to-date: /home/mustardking/ws_sensor_combined/install/px4_msgs/include/px4_msgs/px4_msgs/msg/position_controller_landing_status.h\n'}
[1.196746] (px4_msgs) StdoutLine: {'line': b'-- Up-to-date: /home/mustardking/ws_sensor_combined/install/px4_msgs/include/px4_msgs/px4_msgs/msg/rover_speed_setpoint.h\n'}
[1.196770] (px4_msgs) StdoutLine: {'line': b'-- Up-to-date: /home/mustardking/ws_sensor_combined/install/px4_msgs/include/px4_msgs/px4_msgs/msg/rc_channels.h\n'}
[1.196798] (px4_msgs) StdoutLine: {'line': b'-- Up-to-date: /home/mustardking/ws_sensor_combined/install/px4_msgs/include/px4_msgs/px4_msgs/msg/rover_rate_setpoint.h\n'}
[1.196829] (px4_msgs) StdoutLine: {'line': b'-- Up-to-date: /home/mustardking/ws_sensor_combined/install/px4_msgs/include/px4_msgs/px4_msgs/msg/gimbal_manager_set_manual_control.h\n'}
[1.196854] (px4_msgs) StdoutLine: {'line': b'-- Up-to-date: /home/mustardking/ws_sensor_combined/install/px4_msgs/include/px4_msgs/px4_msgs/msg/vehicle_imu_status.h\n'}
[1.196886] (px4_msgs) StdoutLine: {'line': b'-- Up-to-date: /home/mustardking/ws_sensor_combined/install/px4_msgs/include/px4_msgs/px4_msgs/msg/ekf2_timestamps.h\n'}
[1.196911] (px4_msgs) StdoutLine: {'line': b'-- Up-to-date: /home/mustardking/ws_sensor_combined/install/px4_msgs/include/px4_msgs/px4_msgs/msg/takeoff_status.h\n'}
[1.197026] (px4_msgs) StdoutLine: {'line': b'-- Up-to-date: /home/mustardking/ws_sensor_combined/install/px4_msgs/include/px4_msgs/px4_msgs/msg/rover_throttle_setpoint.h\n'}
[1.197058] (px4_msgs) StdoutLine: {'line': b'-- Up-to-date: /home/mustardking/ws_sensor_combined/install/px4_msgs/include/px4_msgs/px4_msgs/msg/orb_test_large.h\n'}
[1.197082] (px4_msgs) StdoutLine: {'line': b'-- Up-to-date: /home/mustardking/ws_sensor_combined/install/px4_msgs/include/px4_msgs/px4_msgs/msg/rtl_time_estimate.h\n'}
[1.197116] (px4_msgs) StdoutLine: {'line': b'-- Up-to-date: /home/mustardking/ws_sensor_combined/install/px4_msgs/include/px4_msgs/px4_msgs/msg/actuator_controls_status.h\n'}
[1.197145] (px4_msgs) StdoutLine: {'line': b'-- Up-to-date: /home/mustardking/ws_sensor_combined/install/px4_msgs/include/px4_msgs/px4_msgs/msg/sensor_gps.h\n'}
[1.197169] (px4_msgs) StdoutLine: {'line': b'-- Up-to-date: /home/mustardking/ws_sensor_combined/install/px4_msgs/include/px4_msgs/px4_msgs/msg/battery_status.h\n'}
[1.197198] (px4_msgs) StdoutLine: {'line': b'-- Up-to-date: /home/mustardking/ws_sensor_combined/install/px4_msgs/include/px4_msgs/px4_msgs/msg/flight_phase_estimation.h\n'}
[1.197236] (px4_msgs) StdoutLine: {'line': b'-- Up-to-date: /home/mustardking/ws_sensor_combined/install/px4_msgs/include/px4_msgs/px4_msgs/msg/tiltrotor_extra_controls.h\n'}
[1.197261] (px4_msgs) StdoutLine: {'line': b'-- Up-to-date: /home/mustardking/ws_sensor_combined/install/px4_msgs/include/px4_msgs/px4_msgs/msg/airspeed.h\n'}
[1.197284] (px4_msgs) StdoutLine: {'line': b'-- Up-to-date: /home/mustardking/ws_sensor_combined/install/px4_msgs/include/px4_msgs/px4_msgs/msg/goto_setpoint.h\n'}
[1.197308] (px4_msgs) StdoutLine: {'line': b'-- Up-to-date: /home/mustardking/ws_sensor_combined/install/px4_msgs/include/px4_msgs/px4_msgs/msg/rpm.h\n'}
[1.197331] (px4_msgs) StdoutLine: {'line': b'-- Up-to-date: /home/mustardking/ws_sensor_combined/install/px4_msgs/include/px4_msgs/px4_msgs/msg/adc_report.h\n'}
[1.197355] (px4_msgs) StdoutLine: {'line': b'-- Up-to-date: /home/mustardking/ws_sensor_combined/install/px4_msgs/include/px4_msgs/px4_msgs/msg/telemetry_status.h\n'}
[1.197379] (px4_msgs) StdoutLine: {'line': b'-- Up-to-date: /home/mustardking/ws_sensor_combined/install/px4_msgs/include/px4_msgs/px4_msgs/msg/vehicle_global_position.h\n'}
[1.197402] (px4_msgs) StdoutLine: {'line': b'-- Up-to-date: /home/mustardking/ws_sensor_combined/install/px4_msgs/include/px4_msgs/px4_msgs/msg/battery_info.h\n'}
[1.197426] (px4_msgs) StdoutLine: {'line': b'-- Up-to-date: /home/mustardking/ws_sensor_combined/install/px4_msgs/include/px4_msgs/px4_msgs/msg/magnetometer_bias_estimate.h\n'}
[1.197463] (px4_msgs) StdoutLine: {'line': b'-- Up-to-date: /home/mustardking/ws_sensor_combined/install/px4_msgs/include/px4_msgs/px4_msgs/msg/vehicle_attitude_setpoint.h\n'}
[1.197500] (px4_msgs) StdoutLine: {'line': b'-- Up-to-date: /home/mustardking/ws_sensor_combined/install/px4_msgs/include/px4_msgs/px4_msgs/msg/estimator_sensor_bias.h\n'}
[1.197526] (px4_msgs) StdoutLine: {'line': b'-- Up-to-date: /home/mustardking/ws_sensor_combined/install/px4_msgs/include/px4_msgs/px4_msgs/msg/sensor_selection.h\n'}
[1.197550] (px4_msgs) StdoutLine: {'line': b'-- Up-to-date: /home/mustardking/ws_sensor_combined/install/px4_msgs/include/px4_msgs/px4_msgs/msg/estimator_innovations.h\n'}
[1.197573] (px4_msgs) StdoutLine: {'line': b'-- Up-to-date: /home/mustardking/ws_sensor_combined/install/px4_msgs/include/px4_msgs/px4_msgs/msg/wheel_encoders.h\n'}
[1.197597] (px4_msgs) StdoutLine: {'line': b'-- Up-to-date: /home/mustardking/ws_sensor_combined/install/px4_msgs/include/px4_msgs/px4_msgs/msg/open_drone_id_operator_id.h\n'}
[1.197631] (px4_msgs) StdoutLine: {'line': b'-- Up-to-date: /home/mustardking/ws_sensor_combined/install/px4_msgs/include/px4_msgs/px4_msgs/msg/qshell_req.h\n'}
[1.197656] (px4_msgs) StdoutLine: {'line': b'-- Up-to-date: /home/mustardking/ws_sensor_combined/install/px4_msgs/include/px4_msgs/px4_msgs/msg/button_event.h\n'}
[1.197698] (px4_msgs) StdoutLine: {'line': b'-- Up-to-date: /home/mustardking/ws_sensor_combined/install/px4_msgs/include/px4_msgs/px4_msgs/msg/sensors_status.h\n'}
[1.197723] (px4_msgs) StdoutLine: {'line': b'-- Up-to-date: /home/mustardking/ws_sensor_combined/install/px4_msgs/include/px4_msgs/px4_msgs/msg/tune_control.h\n'}
[1.197747] (px4_msgs) StdoutLine: {'line': b'-- Up-to-date: /home/mustardking/ws_sensor_combined/install/px4_msgs/include/px4_msgs/px4_msgs/msg/sensor_correction.h\n'}
[1.197881] (px4_msgs) StdoutLine: {'line': b'-- Up-to-date: /home/mustardking/ws_sensor_combined/install/px4_msgs/include/px4_msgs/px4_msgs/msg/fixed_wing_lateral_setpoint.h\n'}
[1.197978] (px4_msgs) StdoutLine: {'line': b'-- Up-to-date: /home/mustardking/ws_sensor_combined/install/px4_msgs/include/px4_msgs/px4_msgs/msg/debug_vect.h\n'}
[1.198002] (px4_msgs) StdoutLine: {'line': b'-- Up-to-date: /home/mustardking/ws_sensor_combined/install/px4_msgs/include/px4_msgs/px4_msgs/msg/sensor_preflight_mag.h\n'}
[1.198279] (px4_msgs) StdoutLine: {'line': b'-- Up-to-date: /home/mustardking/ws_sensor_combined/install/px4_msgs/include/px4_msgs/px4_msgs/msg/camera_capture.h\n'}
[1.198307] (px4_msgs) StdoutLine: {'line': b'-- Up-to-date: /home/mustardking/ws_sensor_combined/install/px4_msgs/include/px4_msgs/px4_msgs/msg/debug_key_value.h\n'}
[1.198331] (px4_msgs) StdoutLine: {'line': b'-- Up-to-date: /home/mustardking/ws_sensor_combined/install/px4_msgs/include/px4_msgs/px4_msgs/msg/open_drone_id_self_id.h\n'}
[1.198354] (px4_msgs) StdoutLine: {'line': b'-- Up-to-date: /home/mustardking/ws_sensor_combined/install/px4_msgs/include/px4_msgs/px4_msgs/msg/generator_status.h\n'}
[1.198378] (px4_msgs) StdoutLine: {'line': b'-- Up-to-date: /home/mustardking/ws_sensor_combined/install/px4_msgs/include/px4_msgs/px4_msgs/msg/actuator_servos.h\n'}
[1.198412] (px4_msgs) StdoutLine: {'line': b'-- Up-to-date: /home/mustardking/ws_sensor_combined/install/px4_msgs/include/px4_msgs/px4_msgs/msg/estimator_status.h\n'}
[1.198440] (px4_msgs) StdoutLine: {'line': b'-- Up-to-date: /home/mustardking/ws_sensor_combined/install/px4_msgs/include/px4_msgs/px4_msgs/msg/trajectory_setpoint.h\n'}
[1.198463] (px4_msgs) StdoutLine: {'line': b'-- Up-to-date: /home/mustardking/ws_sensor_combined/install/px4_msgs/include/px4_msgs/px4_msgs/msg/navigator_status.h\n'}
[1.198487] (px4_msgs) StdoutLine: {'line': b'-- Up-to-date: /home/mustardking/ws_sensor_combined/install/px4_msgs/include/px4_msgs/px4_msgs/msg/esc_status.h\n'}
[1.198510] (px4_msgs) StdoutLine: {'line': b'-- Up-to-date: /home/mustardking/ws_sensor_combined/install/px4_msgs/include/px4_msgs/px4_msgs/msg/position_setpoint_triplet.h\n'}
[1.198533] (px4_msgs) StdoutLine: {'line': b'-- Up-to-date: /home/mustardking/ws_sensor_combined/install/px4_msgs/include/px4_msgs/px4_msgs/msg/vehicle_land_detected.h\n'}
[1.198556] (px4_msgs) StdoutLine: {'line': b'-- Up-to-date: /home/mustardking/ws_sensor_combined/install/px4_msgs/include/px4_msgs/px4_msgs/msg/parameter_set_value_response.h\n'}
[1.198579] (px4_msgs) StdoutLine: {'line': b'-- Up-to-date: /home/mustardking/ws_sensor_combined/install/px4_msgs/include/px4_msgs/px4_msgs/msg/vehicle_acceleration.h\n'}
[1.198603] (px4_msgs) StdoutLine: {'line': b'-- Up-to-date: /home/mustardking/ws_sensor_combined/install/px4_msgs/include/px4_msgs/px4_msgs/msg/sensor_accel.h\n'}
[1.198626] (px4_msgs) StdoutLine: {'line': b'-- Up-to-date: /home/mustardking/ws_sensor_combined/install/px4_msgs/include/px4_msgs/px4_msgs/msg/manual_control_setpoint.h\n'}
[1.198649] (px4_msgs) StdoutLine: {'line': b'-- Up-to-date: /home/mustardking/ws_sensor_combined/install/px4_msgs/include/px4_msgs/px4_msgs/msg/position_setpoint.h\n'}
[1.198672] (px4_msgs) StdoutLine: {'line': b'-- Up-to-date: /home/mustardking/ws_sensor_combined/install/px4_msgs/include/px4_msgs/px4_msgs/msg/gimbal_device_set_attitude.h\n'}
[1.198695] (px4_msgs) StdoutLine: {'line': b'-- Up-to-date: /home/mustardking/ws_sensor_combined/install/px4_msgs/include/px4_msgs/px4_msgs/msg/open_drone_id_arm_status.h\n'}
[1.198720] (px4_msgs) StdoutLine: {'line': b'-- Up-to-date: /home/mustardking/ws_sensor_combined/install/px4_msgs/include/px4_msgs/px4_msgs/msg/parameter_set_value_request.h\n'}
[1.198743] (px4_msgs) StdoutLine: {'line': b'-- Up-to-date: /home/mustardking/ws_sensor_combined/install/px4_msgs/include/px4_msgs/px4_msgs/msg/uavcan_parameter_request.h\n'}
[1.198781] (px4_msgs) StdoutLine: {'line': b'-- Up-to-date: /home/mustardking/ws_sensor_combined/install/px4_msgs/include/px4_msgs/px4_msgs/msg/landing_target_pose.h\n'}
[1.198807] (px4_msgs) StdoutLine: {'line': b'-- Up-to-date: /home/mustardking/ws_sensor_combined/install/px4_msgs/include/px4_msgs/px4_msgs/msg/ping.h\n'}
[1.198830] (px4_msgs) StdoutLine: {'line': b'-- Up-to-date: /home/mustardking/ws_sensor_combined/install/px4_msgs/include/px4_msgs/px4_msgs/msg/gimbal_controls.h\n'}
[1.198853] (px4_msgs) StdoutLine: {'line': b'-- Up-to-date: /home/mustardking/ws_sensor_combined/install/px4_msgs/include/px4_msgs/px4_msgs/msg/mavlink_log.h\n'}
[1.198877] (px4_msgs) StdoutLine: {'line': b'-- Up-to-date: /home/mustardking/ws_sensor_combined/install/px4_msgs/include/px4_msgs/px4_msgs/msg/iridiumsbd_status.h\n'}
[1.198900] (px4_msgs) StdoutLine: {'line': b'-- Up-to-date: /home/mustardking/ws_sensor_combined/install/px4_msgs/include/px4_msgs/px4_msgs/msg/gpio_request.h\n'}
[1.198923] (px4_msgs) StdoutLine: {'line': b'-- Up-to-date: /home/mustardking/ws_sensor_combined/install/px4_msgs/include/px4_msgs/px4_msgs/msg/timesync_status.h\n'}
[1.198946] (px4_msgs) StdoutLine: {'line': b'-- Up-to-date: /home/mustardking/ws_sensor_combined/install/px4_msgs/include/px4_msgs/px4_msgs/msg/input_rc.h\n'}
[1.198969] (px4_msgs) StdoutLine: {'line': b'-- Up-to-date: /home/mustardking/ws_sensor_combined/install/px4_msgs/include/px4_msgs/px4_msgs/msg/rover_attitude_setpoint.h\n'}
[1.198993] (px4_msgs) StdoutLine: {'line': b'-- Up-to-date: /home/mustardking/ws_sensor_combined/install/px4_msgs/include/px4_msgs/px4_msgs/msg/lateral_control_configuration.h\n'}
[1.199017] (px4_msgs) StdoutLine: {'line': b'-- Up-to-date: /home/mustardking/ws_sensor_combined/install/px4_msgs/include/px4_msgs/px4_msgs/msg/gpio_in.h\n'}
[1.199040] (px4_msgs) StdoutLine: {'line': b'-- Up-to-date: /home/mustardking/ws_sensor_combined/install/px4_msgs/include/px4_msgs/px4_msgs/msg/actuator_armed.h\n'}
[1.199063] (px4_msgs) StdoutLine: {'line': b'-- Up-to-date: /home/mustardking/ws_sensor_combined/install/px4_msgs/include/px4_msgs/px4_msgs/msg/actuator_outputs.h\n'}
[1.199086] (px4_msgs) StdoutLine: {'line': b'-- Up-to-date: /home/mustardking/ws_sensor_combined/install/px4_msgs/include/px4_msgs/px4_msgs/msg/rc_parameter_map.h\n'}
[1.199109] (px4_msgs) StdoutLine: {'line': b'-- Up-to-date: /home/mustardking/ws_sensor_combined/install/px4_msgs/include/px4_msgs/px4_msgs/msg/estimator_aid_source2d.h\n'}
[1.199132] (px4_msgs) StdoutLine: {'line': b'-- Up-to-date: /home/mustardking/ws_sensor_combined/install/px4_msgs/include/px4_msgs/px4_msgs/msg/airspeed_wind.h\n'}
[1.199155] (px4_msgs) StdoutLine: {'line': b'-- Up-to-date: /home/mustardking/ws_sensor_combined/install/px4_msgs/include/px4_msgs/px4_msgs/msg/internal_combustion_engine_control.h\n'}
[1.199180] (px4_msgs) StdoutLine: {'line': b'-- Up-to-date: /home/mustardking/ws_sensor_combined/install/px4_msgs/include/px4_msgs/px4_msgs/msg/trajectory_setpoint6dof.h\n'}
[1.199204] (px4_msgs) StdoutLine: {'line': b'-- Up-to-date: /home/mustardking/ws_sensor_combined/install/px4_msgs/include/px4_msgs/px4_msgs/msg/orb_test_medium.h\n'}
[1.199227] (px4_msgs) StdoutLine: {'line': b'-- Up-to-date: /home/mustardking/ws_sensor_combined/install/px4_msgs/include/px4_msgs/px4_msgs/msg/gimbal_manager_status.h\n'}
[1.199250] (px4_msgs) StdoutLine: {'line': b'-- Up-to-date: /home/mustardking/ws_sensor_combined/install/px4_msgs/include/px4_msgs/px4_msgs/msg/wind.h\n'}
[1.199272] (px4_msgs) StdoutLine: {'line': b'-- Up-to-date: /home/mustardking/ws_sensor_combined/install/px4_msgs/include/px4_msgs/px4_msgs/msg/estimator_bias.h\n'}
[1.199295] (px4_msgs) StdoutLine: {'line': b'-- Up-to-date: /home/mustardking/ws_sensor_combined/install/px4_msgs/include/px4_msgs/px4_msgs/msg/rover_speed_status.h\n'}
[1.199330] (px4_msgs) StdoutLine: {'line': b'-- Up-to-date: /home/mustardking/ws_sensor_combined/install/px4_msgs/include/px4_msgs/px4_msgs/msg/cellular_status.h\n'}
[1.199354] (px4_msgs) StdoutLine: {'line': b'-- Up-to-date: /home/mustardking/ws_sensor_combined/install/px4_msgs/include/px4_msgs/px4_msgs/msg/event.h\n'}
[1.199378] (px4_msgs) StdoutLine: {'line': b'-- Up-to-date: /home/mustardking/ws_sensor_combined/install/px4_msgs/include/px4_msgs/px4_msgs/msg/dronecan_node_status.h\n'}
[1.199402] (px4_msgs) StdoutLine: {'line': b'-- Up-to-date: /home/mustardking/ws_sensor_combined/install/px4_msgs/include/px4_msgs/px4_msgs/msg/can_interface_status.h\n'}
[1.199425] (px4_msgs) StdoutLine: {'line': b'-- Up-to-date: /home/mustardking/ws_sensor_combined/install/px4_msgs/include/px4_msgs/px4_msgs/msg/vehicle_air_data.h\n'}
[1.199448] (px4_msgs) StdoutLine: {'line': b'-- Up-to-date: /home/mustardking/ws_sensor_combined/install/px4_msgs/include/px4_msgs/px4_msgs/msg/normalized_unsigned_setpoint.h\n'}
[1.199470] (px4_msgs) StdoutLine: {'line': b'-- Up-to-date: /home/mustardking/ws_sensor_combined/install/px4_msgs/include/px4_msgs/px4_msgs/msg/vehicle_command.h\n'}
[1.199494] (px4_msgs) StdoutLine: {'line': b'-- Up-to-date: /home/mustardking/ws_sensor_combined/install/px4_msgs/include/px4_msgs/px4_msgs/msg/open_drone_id_system.h\n'}
[1.199517] (px4_msgs) StdoutLine: {'line': b'-- Up-to-date: /home/mustardking/ws_sensor_combined/install/px4_msgs/include/px4_msgs/px4_msgs/msg/arming_check_request.h\n'}
[1.199540] (px4_msgs) StdoutLine: {'line': b'-- Up-to-date: /home/mustardking/ws_sensor_combined/install/px4_msgs/include/px4_msgs/px4_msgs/msg/velocity_limits.h\n'}
[1.199563] (px4_msgs) StdoutLine: {'line': b'-- Up-to-date: /home/mustardking/ws_sensor_combined/install/px4_msgs/include/px4_msgs/px4_msgs/msg/onboard_computer_status.h\n'}
[1.199586] (px4_msgs) StdoutLine: {'line': b'-- Up-to-date: /home/mustardking/ws_sensor_combined/install/px4_msgs/include/px4_msgs/px4_msgs/msg/config_overrides.h\n'}
[1.199613] (px4_msgs) StdoutLine: {'line': b'-- Up-to-date: /home/mustardking/ws_sensor_combined/install/px4_msgs/include/px4_msgs/px4_msgs/msg/led_control.h\n'}
[1.199635] (px4_msgs) StdoutLine: {'line': b'-- Up-to-date: /home/mustardking/ws_sensor_combined/install/px4_msgs/include/px4_msgs/px4_msgs/msg/manual_control_switches.h\n'}
[1.199658] (px4_msgs) StdoutLine: {'line': b'-- Up-to-date: /home/mustardking/ws_sensor_combined/install/px4_msgs/include/px4_msgs/px4_msgs/msg/navigator_mission_item.h\n'}
[1.199681] (px4_msgs) StdoutLine: {'line': b'-- Up-to-date: /home/mustardking/ws_sensor_combined/install/px4_msgs/include/px4_msgs/px4_msgs/msg/register_ext_component_reply.h\n'}
[1.199705] (px4_msgs) StdoutLine: {'line': b'-- Up-to-date: /home/mustardking/ws_sensor_combined/install/px4_msgs/include/px4_msgs/px4_msgs/msg/estimator_selector_status.h\n'}
[1.199728] (px4_msgs) StdoutLine: {'line': b'-- Up-to-date: /home/mustardking/ws_sensor_combined/install/px4_msgs/include/px4_msgs/px4_msgs/msg/estimator_aid_source1d.h\n'}
[1.202420] (-) TimerEvent: {}
[1.206881] (px4_msgs) StdoutLine: {'line': b'-- Up-to-date: /home/mustardking/ws_sensor_combined/install/px4_msgs/include/px4_msgs/px4_msgs/msg/power_button_state.h\n'}
[1.207699] (px4_msgs) StdoutLine: {'line': b'-- Up-to-date: /home/mustardking/ws_sensor_combined/install/px4_msgs/include/px4_msgs/px4_msgs/msg/estimator_gps_status.h\n'}
[1.207970] (px4_msgs) StdoutLine: {'line': b'-- Up-to-date: /home/mustardking/ws_sensor_combined/install/px4_msgs/include/px4_msgs/px4_msgs/msg/unregister_ext_component.h\n'}
[1.208133] (px4_msgs) StdoutLine: {'line': b'-- Up-to-date: /home/mustardking/ws_sensor_combined/install/px4_msgs/include/px4_msgs/px4_msgs/msg/debug_array.h\n'}
[1.208162] (px4_msgs) StdoutLine: {'line': b'-- Up-to-date: /home/mustardking/ws_sensor_combined/install/px4_msgs/include/px4_msgs/px4_msgs/msg/parameter_update.h\n'}
[1.208187] (px4_msgs) StdoutLine: {'line': b'-- Up-to-date: /home/mustardking/ws_sensor_combined/install/px4_msgs/include/px4_msgs/px4_msgs/msg/sensor_gyro.h\n'}
[1.208215] (px4_msgs) StdoutLine: {'line': b'-- Up-to-date: /home/mustardking/ws_sensor_combined/install/px4_msgs/include/px4_msgs/px4_msgs/msg/sensor_mag.h\n'}
[1.208239] (px4_msgs) StdoutLine: {'line': b'-- Up-to-date: /home/mustardking/ws_sensor_combined/install/px4_msgs/include/px4_msgs/px4_msgs/msg/vtol_vehicle_status.h\n'}
[1.208266] (px4_msgs) StdoutLine: {'line': b'-- Up-to-date: /home/mustardking/ws_sensor_combined/install/px4_msgs/include/px4_msgs/px4_msgs/msg/rtl_status.h\n'}
[1.208290] (px4_msgs) StdoutLine: {'line': b'-- Up-to-date: /home/mustardking/ws_sensor_combined/install/px4_msgs/include/px4_msgs/px4_msgs/msg/action_request.h\n'}
[1.208314] (px4_msgs) StdoutLine: {'line': b'-- Up-to-date: /home/mustardking/ws_sensor_combined/install/px4_msgs/include/px4_msgs/px4_msgs/msg/vehicle_optical_flow.h\n'}
[1.208338] (px4_msgs) StdoutLine: {'line': b'-- Up-to-date: /home/mustardking/ws_sensor_combined/install/px4_msgs/include/px4_msgs/px4_msgs/msg/mission_result.h\n'}
[1.208361] (px4_msgs) StdoutLine: {'line': b'-- Up-to-date: /home/mustardking/ws_sensor_combined/install/px4_msgs/include/px4_msgs/px4_msgs/msg/parameter_reset_request.h\n'}
[1.208385] (px4_msgs) StdoutLine: {'line': b'-- Up-to-date: /home/mustardking/ws_sensor_combined/install/px4_msgs/include/px4_msgs/px4_msgs/msg/rover_rate_status.h\n'}
[1.208647] (px4_msgs) StdoutLine: {'line': b'-- Up-to-date: /home/mustardking/ws_sensor_combined/install/px4_msgs/include/px4_msgs/px4_msgs/msg/gimbal_device_attitude_status.h\n'}
[1.208894] (px4_msgs) StdoutLine: {'line': b'-- Up-to-date: /home/mustardking/ws_sensor_combined/install/px4_msgs/include/px4_msgs/px4_msgs/msg/sensor_airflow.h\n'}
[1.209166] (px4_msgs) StdoutLine: {'line': b'-- Up-to-date: /home/mustardking/ws_sensor_combined/install/px4_msgs/include/px4_msgs/px4_msgs/msg/sensor_uwb.h\n'}
[1.209937] (px4_msgs) StdoutLine: {'line': b'-- Up-to-date: /home/mustardking/ws_sensor_combined/install/px4_msgs/include/px4_msgs/px4_msgs/msg/rover_steering_setpoint.h\n'}
[1.209969] (px4_msgs) StdoutLine: {'line': b'-- Up-to-date: /home/mustardking/ws_sensor_combined/install/px4_msgs/include/px4_msgs/px4_msgs/msg/camera_trigger.h\n'}
[1.210033] (px4_msgs) StdoutLine: {'line': b'-- Up-to-date: /home/mustardking/ws_sensor_combined/install/px4_msgs/include/px4_msgs/px4_msgs/msg/longitudinal_control_configuration.h\n'}
[1.210094] (px4_msgs) StdoutLine: {'line': b'-- Up-to-date: /home/mustardking/ws_sensor_combined/install/px4_msgs/include/px4_msgs/px4_msgs/msg/obstacle_distance.h\n'}
[1.210160] (px4_msgs) StdoutLine: {'line': b'-- Up-to-date: /home/mustardking/ws_sensor_combined/install/px4_msgs/include/px4_msgs/px4_msgs/msg/fixed_wing_longitudinal_setpoint.h\n'}
[1.210379] (px4_msgs) StdoutLine: {'line': b'-- Up-to-date: /home/mustardking/ws_sensor_combined/install/px4_msgs/include/px4_msgs/px4_msgs/msg/sensor_gnss_status.h\n'}
[1.210608] (px4_msgs) StdoutLine: {'line': b'-- Up-to-date: /home/mustardking/ws_sensor_combined/install/px4_msgs/include/px4_msgs/px4_msgs/msg/gimbal_manager_information.h\n'}
[1.210854] (px4_msgs) StdoutLine: {'line': b'-- Up-to-date: /home/mustardking/ws_sensor_combined/install/px4_msgs/include/px4_msgs/px4_msgs/msg/sensor_combined.h\n'}
[1.211027] (px4_msgs) StdoutLine: {'line': b'-- Up-to-date: /home/mustardking/ws_sensor_combined/install/px4_msgs/include/px4_msgs/px4_msgs/msg/pps_capture.h\n'}
[1.211268] (px4_msgs) StdoutLine: {'line': b'-- Up-to-date: /home/mustardking/ws_sensor_combined/install/px4_msgs/include/px4_msgs/px4_msgs/msg/position_controller_status.h\n'}
[1.211519] (px4_msgs) StdoutLine: {'line': b'-- Up-to-date: /home/mustardking/ws_sensor_combined/install/px4_msgs/include/px4_msgs/px4_msgs/msg/sensor_optical_flow.h\n'}
[1.211720] (px4_msgs) StdoutLine: {'line': b'-- Up-to-date: /home/mustardking/ws_sensor_combined/install/px4_msgs/include/px4_msgs/px4_msgs/msg/gpio_config.h\n'}
[1.211911] (px4_msgs) StdoutLine: {'line': b'-- Up-to-date: /home/mustardking/ws_sensor_combined/install/px4_msgs/include/px4_msgs/px4_msgs/msg/uavcan_parameter_value.h\n'}
[1.212117] (px4_msgs) StdoutLine: {'line': b'-- Up-to-date: /home/mustardking/ws_sensor_combined/install/px4_msgs/include/px4_msgs/px4_msgs/msg/rosidl_generator_c__visibility_control.h\n'}
[1.212346] (px4_msgs) StdoutLine: {'line': b'-- Up-to-date: /home/mustardking/ws_sensor_combined/install/px4_msgs/include/px4_msgs/px4_msgs/msg/px4io_status.h\n'}
[1.212579] (px4_msgs) StdoutLine: {'line': b'-- Up-to-date: /home/mustardking/ws_sensor_combined/install/px4_msgs/include/px4_msgs/px4_msgs/msg/launch_detection_status.h\n'}
[1.212829] (px4_msgs) StdoutLine: {'line': b'-- Up-to-date: /home/mustardking/ws_sensor_combined/install/px4_msgs/include/px4_msgs/px4_msgs/msg/vehicle_torque_setpoint.h\n'}
[1.213246] (px4_msgs) StdoutLine: {'line': b'-- Up-to-date: /home/mustardking/ws_sensor_combined/install/px4_msgs/include/px4_msgs/px4_msgs/msg/vehicle_odometry.h\n'}
[1.213479] (px4_msgs) StdoutLine: {'line': b'-- Up-to-date: /home/mustardking/ws_sensor_combined/install/px4_msgs/include/px4_msgs/px4_msgs/msg/vehicle_constraints.h\n'}
[1.213994] (px4_msgs) StdoutLine: {'line': b'-- Up-to-date: /home/mustardking/ws_sensor_combined/install/px4_msgs/include/px4_msgs/px4_msgs/msg/differential_pressure.h\n'}
[1.214620] (px4_msgs) StdoutLine: {'line': b'-- Up-to-date: /home/mustardking/ws_sensor_combined/install/px4_msgs/include/px4_msgs/px4_msgs/msg/qshell_retval.h\n'}
[1.214858] (px4_msgs) StdoutLine: {'line': b'-- Up-to-date: /home/mustardking/ws_sensor_combined/install/px4_msgs/include/px4_msgs/px4_msgs/msg/actuator_servos_trim.h\n'}
[1.215098] (px4_msgs) StdoutLine: {'line': b'-- Up-to-date: /home/mustardking/ws_sensor_combined/install/px4_msgs/include/px4_msgs/px4_msgs/msg/sensor_baro.h\n'}
[1.215299] (px4_msgs) StdoutLine: {'line': b'-- Up-to-date: /home/mustardking/ws_sensor_combined/install/px4_msgs/include/px4_msgs/px4_msgs/msg/irlock_report.h\n'}
[1.215975] (px4_msgs) StdoutLine: {'line': b'-- Up-to-date: /home/mustardking/ws_sensor_combined/install/px4_msgs/include/px4_msgs/px4_msgs/msg/vehicle_imu.h\n'}
[1.216219] (px4_msgs) StdoutLine: {'line': b'-- Up-to-date: /home/mustardking/ws_sensor_combined/install/px4_msgs/include/px4_msgs/px4_msgs/msg/cpuload.h\n'}
[1.216439] (px4_msgs) StdoutLine: {'line': b'-- Up-to-date: /home/mustardking/ws_sensor_combined/install/px4_msgs/include/px4_msgs/px4_msgs/msg/gps_dump.h\n'}
[1.216631] (px4_msgs) StdoutLine: {'line': b'-- Up-to-date: /home/mustardking/ws_sensor_combined/install/px4_msgs/include/px4_msgs/px4_msgs/msg/log_message.h\n'}
[1.216817] (px4_msgs) StdoutLine: {'line': b'-- Up-to-date: /home/mustardking/ws_sensor_combined/install/px4_msgs/include/px4_msgs/px4_msgs/msg/landing_gear.h\n'}
[1.217017] (px4_msgs) StdoutLine: {'line': b'-- Up-to-date: /home/mustardking/ws_sensor_combined/install/px4_msgs/include/px4_msgs/px4_msgs/msg/estimator_status_flags.h\n'}
[1.217193] (px4_msgs) StdoutLine: {'line': b'-- Up-to-date: /home/mustardking/ws_sensor_combined/install/px4_msgs/include/px4_msgs/px4_msgs/msg/mag_worker_data.h\n'}
[1.217357] (px4_msgs) StdoutLine: {'line': b'-- Up-to-date: /home/mustardking/ws_sensor_combined/install/px4_msgs/include/px4_msgs/px4_msgs/msg/pwm_input.h\n'}
[1.218500] (px4_msgs) StdoutLine: {'line': b'-- Up-to-date: /home/mustardking/ws_sensor_combined/install/px4_msgs/include/px4_msgs/px4_msgs/msg/fixed_wing_runway_control.h\n'}
[1.218694] (px4_msgs) StdoutLine: {'line': b'-- Up-to-date: /home/mustardking/ws_sensor_combined/install/px4_msgs/include/px4_msgs/px4_msgs/msg/distance_sensor_mode_change_request.h\n'}
[1.218928] (px4_msgs) StdoutLine: {'line': b'-- Up-to-date: /home/mustardking/ws_sensor_combined/install/px4_msgs/include/px4_msgs/px4_msgs/msg/follow_target.h\n'}
[1.219135] (px4_msgs) StdoutLine: {'line': b'-- Up-to-date: /home/mustardking/ws_sensor_combined/install/px4_msgs/include/px4_msgs/px4_msgs/msg/sensor_gyro_fft.h\n'}
[1.219377] (px4_msgs) StdoutLine: {'line': b'-- Up-to-date: /home/mustardking/ws_sensor_combined/install/px4_msgs/include/px4_msgs/px4_msgs/msg/landing_target_innovations.h\n'}
[1.219574] (px4_msgs) StdoutLine: {'line': b'-- Up-to-date: /home/mustardking/ws_sensor_combined/install/px4_msgs/include/px4_msgs/px4_msgs/msg/fixed_wing_lateral_status.h\n'}
[1.219774] (px4_msgs) StdoutLine: {'line': b'-- Up-to-date: /home/mustardking/ws_sensor_combined/install/px4_msgs/include/px4_msgs/px4_msgs/msg/vehicle_magnetometer.h\n'}
[1.220057] (px4_msgs) StdoutLine: {'line': b'-- Up-to-date: /home/mustardking/ws_sensor_combined/install/px4_msgs/include/px4_msgs/px4_msgs/msg/radio_status.h\n'}
[1.220259] (px4_msgs) StdoutLine: {'line': b'-- Up-to-date: /home/mustardking/ws_sensor_combined/install/px4_msgs/include/px4_msgs/px4_msgs/msg/follow_target_status.h\n'}
[1.220464] (px4_msgs) StdoutLine: {'line': b'-- Up-to-date: /home/mustardking/ws_sensor_combined/install/px4_msgs/include/px4_msgs/px4_msgs/msg/pure_pursuit_status.h\n'}
[1.220692] (px4_msgs) StdoutLine: {'line': b'-- Up-to-date: /home/mustardking/ws_sensor_combined/install/px4_msgs/include/px4_msgs/px4_msgs/msg/rover_position_setpoint.h\n'}
[1.220910] (px4_msgs) StdoutLine: {'line': b'-- Up-to-date: /home/mustardking/ws_sensor_combined/install/px4_msgs/include/px4_msgs/px4_msgs/msg/gimbal_manager_set_attitude.h\n'}
[1.221011] (px4_msgs) StdoutLine: {'line': b'-- Up-to-date: /home/mustardking/ws_sensor_combined/install/px4_msgs/include/px4_msgs/px4_msgs/msg/figure_eight_status.h\n'}
[1.236289] (px4_msgs) StdoutLine: {'line': b'-- Up-to-date: /home/mustardking/ws_sensor_combined/install/px4_msgs/include/px4_msgs/px4_msgs/msg/message_format_response.h\n'}
[1.236366] (px4_msgs) StdoutLine: {'line': b'-- Up-to-date: /home/mustardking/ws_sensor_combined/install/px4_msgs/include/px4_msgs/px4_msgs/msg/distance_sensor.h\n'}
[1.236398] (px4_msgs) StdoutLine: {'line': b'-- Up-to-date: /home/mustardking/ws_sensor_combined/install/px4_msgs/include/px4_msgs/px4_msgs/msg/gripper.h\n'}
[1.236424] (px4_msgs) StdoutLine: {'line': b'-- Up-to-date: /home/mustardking/ws_sensor_combined/install/px4_msgs/include/px4_msgs/px4_msgs/msg/power_monitor.h\n'}
[1.236454] (px4_msgs) StdoutLine: {'line': b'-- Up-to-date: /home/mustardking/ws_sensor_combined/install/px4_msgs/include/px4_msgs/px4_msgs/msg/tecs_status.h\n'}
[1.236479] (px4_msgs) StdoutLine: {'line': b'-- Up-to-date: /home/mustardking/ws_sensor_combined/install/px4_msgs/include/px4_msgs/px4_msgs/msg/vehicle_thrust_setpoint.h\n'}
[1.236505] (px4_msgs) StdoutLine: {'line': b'-- Up-to-date: /home/mustardking/ws_sensor_combined/install/px4_msgs/include/px4_msgs/px4_msgs/msg/vehicle_control_mode.h\n'}
[1.236529] (px4_msgs) StdoutLine: {'line': b'-- Up-to-date: /home/mustardking/ws_sensor_combined/install/px4_msgs/include/px4_msgs/px4_msgs/msg/geofence_result.h\n'}
[1.236554] (px4_msgs) StdoutLine: {'line': b'-- Up-to-date: /home/mustardking/ws_sensor_combined/install/px4_msgs/include/px4_msgs/px4_msgs/msg/message_format_request.h\n'}
[1.236587] (px4_msgs) StdoutLine: {'line': b'-- Up-to-date: /home/mustardking/ws_sensor_combined/install/px4_msgs/include/px4_msgs/px4_msgs/msg/dataman_response.h\n'}
[1.236612] (px4_msgs) StdoutLine: {'line': b'-- Up-to-date: /home/mustardking/ws_sensor_combined/install/px4_msgs/include/px4_msgs/px4_msgs/msg/vehicle_local_position_setpoint.h\n'}
[1.236637] (px4_msgs) StdoutLine: {'line': b'-- Up-to-date: /home/mustardking/ws_sensor_combined/install/px4_msgs/include/px4_msgs/px4_msgs/msg/rover_attitude_status.h\n'}
[1.236662] (px4_msgs) StdoutLine: {'line': b'-- Up-to-date: /home/mustardking/ws_sensor_combined/install/px4_msgs/include/px4_msgs/px4_msgs/msg/failsafe_flags.h\n'}
[1.236686] (px4_msgs) StdoutLine: {'line': b'-- Up-to-date: /home/mustardking/ws_sensor_combined/install/px4_msgs/include/px4_msgs/px4_msgs/msg/sensor_hygrometer.h\n'}
[1.236710] (px4_msgs) StdoutLine: {'line': b'-- Up-to-date: /home/mustardking/ws_sensor_combined/install/px4_msgs/include/px4_msgs/px4_msgs/msg/sensors_status_imu.h\n'}
[1.237174] (px4_msgs) StdoutLine: {'line': b'-- Up-to-date: /home/mustardking/ws_sensor_combined/install/px4_msgs/include/px4_msgs/px4_msgs/msg/detail\n'}
[1.237210] (px4_msgs) StdoutLine: {'line': b'-- Up-to-date: /home/mustardking/ws_sensor_combined/install/px4_msgs/include/px4_msgs/px4_msgs/msg/detail/mode_completed__functions.h\n'}
[1.237235] (px4_msgs) StdoutLine: {'line': b'-- Up-to-date: /home/mustardking/ws_sensor_combined/install/px4_msgs/include/px4_msgs/px4_msgs/msg/detail/vehicle_optical_flow__functions.h\n'}
[1.237260] (px4_msgs) StdoutLine: {'line': b'-- Up-to-date: /home/mustardking/ws_sensor_combined/install/px4_msgs/include/px4_msgs/px4_msgs/msg/detail/estimator_selector_status__struct.h\n'}
[1.237284] (px4_msgs) StdoutLine: {'line': b'-- Up-to-date: /home/mustardking/ws_sensor_combined/install/px4_msgs/include/px4_msgs/px4_msgs/msg/detail/pure_pursuit_status__struct.h\n'}
[1.237309] (px4_msgs) StdoutLine: {'line': b'-- Up-to-date: /home/mustardking/ws_sensor_combined/install/px4_msgs/include/px4_msgs/px4_msgs/msg/detail/dataman_response__functions.h\n'}
[1.237333] (px4_msgs) StdoutLine: {'line': b'-- Up-to-date: /home/mustardking/ws_sensor_combined/install/px4_msgs/include/px4_msgs/px4_msgs/msg/detail/orb_test__struct.h\n'}
[1.237357] (px4_msgs) StdoutLine: {'line': b'-- Up-to-date: /home/mustardking/ws_sensor_combined/install/px4_msgs/include/px4_msgs/px4_msgs/msg/detail/iridiumsbd_status__struct.h\n'}
[1.237382] (px4_msgs) StdoutLine: {'line': b'-- Up-to-date: /home/mustardking/ws_sensor_combined/install/px4_msgs/include/px4_msgs/px4_msgs/msg/detail/sensors_status__type_support.h\n'}
[1.237406] (px4_msgs) StdoutLine: {'line': b'-- Up-to-date: /home/mustardking/ws_sensor_combined/install/px4_msgs/include/px4_msgs/px4_msgs/msg/detail/sensors_status__struct.h\n'}
[1.237430] (px4_msgs) StdoutLine: {'line': b'-- Up-to-date: /home/mustardking/ws_sensor_combined/install/px4_msgs/include/px4_msgs/px4_msgs/msg/detail/estimator_aid_source2d__type_support.h\n'}
[1.237454] (px4_msgs) StdoutLine: {'line': b'-- Up-to-date: /home/mustardking/ws_sensor_combined/install/px4_msgs/include/px4_msgs/px4_msgs/msg/detail/actuator_outputs__type_support.h\n'}
[1.237478] (px4_msgs) StdoutLine: {'line': b'-- Up-to-date: /home/mustardking/ws_sensor_combined/install/px4_msgs/include/px4_msgs/px4_msgs/msg/detail/airspeed_validated__functions.h\n'}
[1.237502] (px4_msgs) StdoutLine: {'line': b'-- Up-to-date: /home/mustardking/ws_sensor_combined/install/px4_msgs/include/px4_msgs/px4_msgs/msg/detail/fuel_tank_status__struct.h\n'}
[1.237545] (px4_msgs) StdoutLine: {'line': b'-- Up-to-date: /home/mustardking/ws_sensor_combined/install/px4_msgs/include/px4_msgs/px4_msgs/msg/detail/message_format_response__type_support.h\n'}
[1.237569] (px4_msgs) StdoutLine: {'line': b'-- Up-to-date: /home/mustardking/ws_sensor_combined/install/px4_msgs/include/px4_msgs/px4_msgs/msg/detail/sensor_gyro_fifo__type_support.h\n'}
[1.237594] (px4_msgs) StdoutLine: {'line': b'-- Up-to-date: /home/mustardking/ws_sensor_combined/install/px4_msgs/include/px4_msgs/px4_msgs/msg/detail/collision_constraints__functions.c\n'}
[1.237622] (px4_msgs) StdoutLine: {'line': b'-- Up-to-date: /home/mustardking/ws_sensor_combined/install/px4_msgs/include/px4_msgs/px4_msgs/msg/detail/gps_dump__functions.h\n'}
[1.237646] (px4_msgs) StdoutLine: {'line': b'-- Up-to-date: /home/mustardking/ws_sensor_combined/install/px4_msgs/include/px4_msgs/px4_msgs/msg/detail/cellular_status__type_support.h\n'}
[1.237670] (px4_msgs) StdoutLine: {'line': b'-- Up-to-date: /home/mustardking/ws_sensor_combined/install/px4_msgs/include/px4_msgs/px4_msgs/msg/detail/fixed_wing_lateral_setpoint__type_support.h\n'}
[1.237694] (px4_msgs) StdoutLine: {'line': b'-- Up-to-date: /home/mustardking/ws_sensor_combined/install/px4_msgs/include/px4_msgs/px4_msgs/msg/detail/failsafe_flags__struct.h\n'}
[1.237718] (px4_msgs) StdoutLine: {'line': b'-- Up-to-date: /home/mustardking/ws_sensor_combined/install/px4_msgs/include/px4_msgs/px4_msgs/msg/detail/tune_control__struct.h\n'}
[1.237742] (px4_msgs) StdoutLine: {'line': b'-- Up-to-date: /home/mustardking/ws_sensor_combined/install/px4_msgs/include/px4_msgs/px4_msgs/msg/detail/arming_check_reply__functions.c\n'}
[1.237769] (px4_msgs) StdoutLine: {'line': b'-- Up-to-date: /home/mustardking/ws_sensor_combined/install/px4_msgs/include/px4_msgs/px4_msgs/msg/detail/position_setpoint__type_support.h\n'}
[1.237793] (px4_msgs) StdoutLine: {'line': b'-- Up-to-date: /home/mustardking/ws_sensor_combined/install/px4_msgs/include/px4_msgs/px4_msgs/msg/detail/flight_phase_estimation__struct.h\n'}
[1.237817] (px4_msgs) StdoutLine: {'line': b'-- Up-to-date: /home/mustardking/ws_sensor_combined/install/px4_msgs/include/px4_msgs/px4_msgs/msg/detail/orb_test_medium__type_support.h\n'}
[1.237840] (px4_msgs) StdoutLine: {'line': b'-- Up-to-date: /home/mustardking/ws_sensor_combined/install/px4_msgs/include/px4_msgs/px4_msgs/msg/detail/system_power__functions.h\n'}
[1.237864] (px4_msgs) StdoutLine: {'line': b'-- Up-to-date: /home/mustardking/ws_sensor_combined/install/px4_msgs/include/px4_msgs/px4_msgs/msg/detail/actuator_controls_status__struct.h\n'}
[1.237888] (px4_msgs) StdoutLine: {'line': b'-- Up-to-date: /home/mustardking/ws_sensor_combined/install/px4_msgs/include/px4_msgs/px4_msgs/msg/detail/gimbal_controls__functions.c\n'}
[1.237916] (px4_msgs) StdoutLine: {'line': b'-- Up-to-date: /home/mustardking/ws_sensor_combined/install/px4_msgs/include/px4_msgs/px4_msgs/msg/detail/gimbal_manager_set_manual_control__struct.h\n'}
[1.237940] (px4_msgs) StdoutLine: {'line': b'-- Up-to-date: /home/mustardking/ws_sensor_combined/install/px4_msgs/include/px4_msgs/px4_msgs/msg/detail/actuator_motors__type_support.h\n'}
[1.237964] (px4_msgs) StdoutLine: {'line': b'-- Up-to-date: /home/mustardking/ws_sensor_combined/install/px4_msgs/include/px4_msgs/px4_msgs/msg/detail/magnetometer_bias_estimate__functions.h\n'}
[1.237989] (px4_msgs) StdoutLine: {'line': b'-- Up-to-date: /home/mustardking/ws_sensor_combined/install/px4_msgs/include/px4_msgs/px4_msgs/msg/detail/rate_ctrl_status__functions.c\n'}
[1.238013] (px4_msgs) StdoutLine: {'line': b'-- Up-to-date: /home/mustardking/ws_sensor_combined/install/px4_msgs/include/px4_msgs/px4_msgs/msg/detail/sensor_combined__functions.h\n'}
[1.238037] (px4_msgs) StdoutLine: {'line': b'-- Up-to-date: /home/mustardking/ws_sensor_combined/install/px4_msgs/include/px4_msgs/px4_msgs/msg/detail/qshell_retval__type_support.h\n'}
[1.238061] (px4_msgs) StdoutLine: {'line': b'-- Up-to-date: /home/mustardking/ws_sensor_combined/install/px4_msgs/include/px4_msgs/px4_msgs/msg/detail/debug_value__functions.h\n'}
[1.238085] (px4_msgs) StdoutLine: {'line': b'-- Up-to-date: /home/mustardking/ws_sensor_combined/install/px4_msgs/include/px4_msgs/px4_msgs/msg/detail/camera_trigger__functions.h\n'}
[1.238109] (px4_msgs) StdoutLine: {'line': b'-- Up-to-date: /home/mustardking/ws_sensor_combined/install/px4_msgs/include/px4_msgs/px4_msgs/msg/detail/offboard_control_mode__type_support.h\n'}
[1.238133] (px4_msgs) StdoutLine: {'line': b'-- Up-to-date: /home/mustardking/ws_sensor_combined/install/px4_msgs/include/px4_msgs/px4_msgs/msg/detail/vehicle_control_mode__functions.h\n'}
[1.238157] (px4_msgs) StdoutLine: {'line': b'-- Up-to-date: /home/mustardking/ws_sensor_combined/install/px4_msgs/include/px4_msgs/px4_msgs/msg/detail/sensor_gyro_fft__struct.h\n'}
[1.238181] (px4_msgs) StdoutLine: {'line': b'-- Up-to-date: /home/mustardking/ws_sensor_combined/install/px4_msgs/include/px4_msgs/px4_msgs/msg/detail/mavlink_tunnel__functions.c\n'}
[1.238204] (px4_msgs) StdoutLine: {'line': b'-- Up-to-date: /home/mustardking/ws_sensor_combined/install/px4_msgs/include/px4_msgs/px4_msgs/msg/detail/satellite_info__functions.c\n'}
[1.238318] (px4_msgs) StdoutLine: {'line': b'-- Up-to-date: /home/mustardking/ws_sensor_combined/install/px4_msgs/include/px4_msgs/px4_msgs/msg/detail/lateral_control_configuration__functions.h\n'}
[1.238352] (px4_msgs) StdoutLine: {'line': b'-- Up-to-date: /home/mustardking/ws_sensor_combined/install/px4_msgs/include/px4_msgs/px4_msgs/msg/detail/autotune_attitude_control_status__type_support.h\n'}
[1.238379] (px4_msgs) StdoutLine: {'line': b'-- Up-to-date: /home/mustardking/ws_sensor_combined/install/px4_msgs/include/px4_msgs/px4_msgs/msg/detail/obstacle_distance__struct.h\n'}
[1.238409] (px4_msgs) StdoutLine: {'line': b'-- Up-to-date: /home/mustardking/ws_sensor_combined/install/px4_msgs/include/px4_msgs/px4_msgs/msg/detail/tecs_status__functions.h\n'}
[1.238434] (px4_msgs) StdoutLine: {'line': b'-- Up-to-date: /home/mustardking/ws_sensor_combined/install/px4_msgs/include/px4_msgs/px4_msgs/msg/detail/rc_channels__functions.c\n'}
[1.238462] (px4_msgs) StdoutLine: {'line': b'-- Up-to-date: /home/mustardking/ws_sensor_combined/install/px4_msgs/include/px4_msgs/px4_msgs/msg/detail/sensor_gyro_fifo__struct.h\n'}
[1.238486] (px4_msgs) StdoutLine: {'line': b'-- Up-to-date: /home/mustardking/ws_sensor_combined/install/px4_msgs/include/px4_msgs/px4_msgs/msg/detail/dataman_response__functions.c\n'}
[1.238510] (px4_msgs) StdoutLine: {'line': b'-- Up-to-date: /home/mustardking/ws_sensor_combined/install/px4_msgs/include/px4_msgs/px4_msgs/msg/detail/fuel_tank_status__functions.h\n'}
[1.238534] (px4_msgs) StdoutLine: {'line': b'-- Up-to-date: /home/mustardking/ws_sensor_combined/install/px4_msgs/include/px4_msgs/px4_msgs/msg/detail/gpio_out__type_support.h\n'}
[1.238561] (px4_msgs) StdoutLine: {'line': b'-- Up-to-date: /home/mustardking/ws_sensor_combined/install/px4_msgs/include/px4_msgs/px4_msgs/msg/detail/vehicle_air_data__functions.c\n'}
[1.238585] (px4_msgs) StdoutLine: {'line': b'-- Up-to-date: /home/mustardking/ws_sensor_combined/install/px4_msgs/include/px4_msgs/px4_msgs/msg/detail/orb_test_large__type_support.h\n'}
[1.238610] (px4_msgs) StdoutLine: {'line': b'-- Up-to-date: /home/mustardking/ws_sensor_combined/install/px4_msgs/include/px4_msgs/px4_msgs/msg/detail/debug_array__functions.h\n'}
[1.238633] (px4_msgs) StdoutLine: {'line': b'-- Up-to-date: /home/mustardking/ws_sensor_combined/install/px4_msgs/include/px4_msgs/px4_msgs/msg/detail/yaw_estimator_status__functions.h\n'}
[1.238657] (px4_msgs) StdoutLine: {'line': b'-- Up-to-date: /home/mustardking/ws_sensor_combined/install/px4_msgs/include/px4_msgs/px4_msgs/msg/detail/ping__struct.h\n'}
[1.238681] (px4_msgs) StdoutLine: {'line': b'-- Up-to-date: /home/mustardking/ws_sensor_combined/install/px4_msgs/include/px4_msgs/px4_msgs/msg/detail/vehicle_local_position_setpoint__type_support.h\n'}
[1.238705] (px4_msgs) StdoutLine: {'line': b'-- Up-to-date: /home/mustardking/ws_sensor_combined/install/px4_msgs/include/px4_msgs/px4_msgs/msg/detail/uavcan_parameter_request__functions.c\n'}
[1.238728] (px4_msgs) StdoutLine: {'line': b'-- Up-to-date: /home/mustardking/ws_sensor_combined/install/px4_msgs/include/px4_msgs/px4_msgs/msg/detail/config_overrides__struct.h\n'}
[1.238752] (px4_msgs) StdoutLine: {'line': b'-- Up-to-date: /home/mustardking/ws_sensor_combined/install/px4_msgs/include/px4_msgs/px4_msgs/msg/detail/landing_gear_wheel__struct.h\n'}
[1.238776] (px4_msgs) StdoutLine: {'line': b'-- Up-to-date: /home/mustardking/ws_sensor_combined/install/px4_msgs/include/px4_msgs/px4_msgs/msg/detail/estimator_innovations__functions.h\n'}
[1.238800] (px4_msgs) StdoutLine: {'line': b'-- Up-to-date: /home/mustardking/ws_sensor_combined/install/px4_msgs/include/px4_msgs/px4_msgs/msg/detail/vehicle_command_ack__type_support.h\n'}
[1.238824] (px4_msgs) StdoutLine: {'line': b'-- Up-to-date: /home/mustardking/ws_sensor_combined/install/px4_msgs/include/px4_msgs/px4_msgs/msg/detail/dataman_request__struct.h\n'}
[1.238847] (px4_msgs) StdoutLine: {'line': b'-- Up-to-date: /home/mustardking/ws_sensor_combined/install/px4_msgs/include/px4_msgs/px4_msgs/msg/detail/camera_status__struct.h\n'}
[1.238871] (px4_msgs) StdoutLine: {'line': b'-- Up-to-date: /home/mustardking/ws_sensor_combined/install/px4_msgs/include/px4_msgs/px4_msgs/msg/detail/collision_constraints__struct.h\n'}
[1.238894] (px4_msgs) StdoutLine: {'line': b'-- Up-to-date: /home/mustardking/ws_sensor_combined/install/px4_msgs/include/px4_msgs/px4_msgs/msg/detail/position_setpoint_triplet__functions.c\n'}
[1.238918] (px4_msgs) StdoutLine: {'line': b'-- Up-to-date: /home/mustardking/ws_sensor_combined/install/px4_msgs/include/px4_msgs/px4_msgs/msg/detail/position_controller_landing_status__functions.h\n'}
[1.238944] (px4_msgs) StdoutLine: {'line': b'-- Up-to-date: /home/mustardking/ws_sensor_combined/install/px4_msgs/include/px4_msgs/px4_msgs/msg/detail/rover_throttle_setpoint__functions.c\n'}
[1.238967] (px4_msgs) StdoutLine: {'line': b'-- Up-to-date: /home/mustardking/ws_sensor_combined/install/px4_msgs/include/px4_msgs/px4_msgs/msg/detail/led_control__functions.c\n'}
[1.238992] (px4_msgs) StdoutLine: {'line': b'-- Up-to-date: /home/mustardking/ws_sensor_combined/install/px4_msgs/include/px4_msgs/px4_msgs/msg/detail/uavcan_parameter_value__functions.h\n'}
[1.239016] (px4_msgs) StdoutLine: {'line': b'-- Up-to-date: /home/mustardking/ws_sensor_combined/install/px4_msgs/include/px4_msgs/px4_msgs/msg/detail/satellite_info__struct.h\n'}
[1.239039] (px4_msgs) StdoutLine: {'line': b'-- Up-to-date: /home/mustardking/ws_sensor_combined/install/px4_msgs/include/px4_msgs/px4_msgs/msg/detail/camera_status__functions.h\n'}
[1.239063] (px4_msgs) StdoutLine: {'line': b'-- Up-to-date: /home/mustardking/ws_sensor_combined/install/px4_msgs/include/px4_msgs/px4_msgs/msg/detail/power_button_state__type_support.h\n'}
[1.239086] (px4_msgs) StdoutLine: {'line': b'-- Up-to-date: /home/mustardking/ws_sensor_combined/install/px4_msgs/include/px4_msgs/px4_msgs/msg/detail/failsafe_flags__functions.c\n'}
[1.239110] (px4_msgs) StdoutLine: {'line': b'-- Up-to-date: /home/mustardking/ws_sensor_combined/install/px4_msgs/include/px4_msgs/px4_msgs/msg/detail/rover_throttle_setpoint__type_support.h\n'}
[1.239133] (px4_msgs) StdoutLine: {'line': b'-- Up-to-date: /home/mustardking/ws_sensor_combined/install/px4_msgs/include/px4_msgs/px4_msgs/msg/detail/vehicle_command_ack__struct.h\n'}
[1.239160] (px4_msgs) StdoutLine: {'line': b'-- Up-to-date: /home/mustardking/ws_sensor_combined/install/px4_msgs/include/px4_msgs/px4_msgs/msg/detail/camera_status__functions.c\n'}
[1.239184] (px4_msgs) StdoutLine: {'line': b'-- Up-to-date: /home/mustardking/ws_sensor_combined/install/px4_msgs/include/px4_msgs/px4_msgs/msg/detail/gpio_in__struct.h\n'}
[1.239208] (px4_msgs) StdoutLine: {'line': b'-- Up-to-date: /home/mustardking/ws_sensor_combined/install/px4_msgs/include/px4_msgs/px4_msgs/msg/detail/tiltrotor_extra_controls__functions.h\n'}
[1.239234] (px4_msgs) StdoutLine: {'line': b'-- Up-to-date: /home/mustardking/ws_sensor_combined/install/px4_msgs/include/px4_msgs/px4_msgs/msg/detail/sensor_selection__functions.c\n'}
[1.239257] (px4_msgs) StdoutLine: {'line': b'-- Up-to-date: /home/mustardking/ws_sensor_combined/install/px4_msgs/include/px4_msgs/px4_msgs/msg/detail/task_stack_info__functions.h\n'}
[1.239281] (px4_msgs) StdoutLine: {'line': b'-- Up-to-date: /home/mustardking/ws_sensor_combined/install/px4_msgs/include/px4_msgs/px4_msgs/msg/detail/estimator_bias__type_support.h\n'}
[1.239305] (px4_msgs) StdoutLine: {'line': b'-- Up-to-date: /home/mustardking/ws_sensor_combined/install/px4_msgs/include/px4_msgs/px4_msgs/msg/detail/open_drone_id_operator_id__type_support.h\n'}
[1.239328] (px4_msgs) StdoutLine: {'line': b'-- Up-to-date: /home/mustardking/ws_sensor_combined/install/px4_msgs/include/px4_msgs/px4_msgs/msg/detail/mission_result__functions.c\n'}
[1.239351] (px4_msgs) StdoutLine: {'line': b'-- Up-to-date: /home/mustardking/ws_sensor_combined/install/px4_msgs/include/px4_msgs/px4_msgs/msg/detail/collision_constraints__type_support.h\n'}
[1.239376] (px4_msgs) StdoutLine: {'line': b'-- Up-to-date: /home/mustardking/ws_sensor_combined/install/px4_msgs/include/px4_msgs/px4_msgs/msg/detail/gimbal_device_information__struct.h\n'}
[1.239399] (px4_msgs) StdoutLine: {'line': b'-- Up-to-date: /home/mustardking/ws_sensor_combined/install/px4_msgs/include/px4_msgs/px4_msgs/msg/detail/mission_result__struct.h\n'}
[1.239422] (px4_msgs) StdoutLine: {'line': b'-- Up-to-date: /home/mustardking/ws_sensor_combined/install/px4_msgs/include/px4_msgs/px4_msgs/msg/detail/debug_vect__functions.c\n'}
[1.239445] (px4_msgs) StdoutLine: {'line': b'-- Up-to-date: /home/mustardking/ws_sensor_combined/install/px4_msgs/include/px4_msgs/px4_msgs/msg/detail/camera_trigger__type_support.h\n'}
[1.239470] (px4_msgs) StdoutLine: {'line': b'-- Up-to-date: /home/mustardking/ws_sensor_combined/install/px4_msgs/include/px4_msgs/px4_msgs/msg/detail/sensor_baro__functions.h\n'}
[1.239494] (px4_msgs) StdoutLine: {'line': b'-- Up-to-date: /home/mustardking/ws_sensor_combined/install/px4_msgs/include/px4_msgs/px4_msgs/msg/detail/register_ext_component_reply__type_support.h\n'}
[1.239517] (px4_msgs) StdoutLine: {'line': b'-- Up-to-date: /home/mustardking/ws_sensor_combined/install/px4_msgs/include/px4_msgs/px4_msgs/msg/detail/estimator_bias__functions.h\n'}
[1.239541] (px4_msgs) StdoutLine: {'line': b'-- Up-to-date: /home/mustardking/ws_sensor_combined/install/px4_msgs/include/px4_msgs/px4_msgs/msg/detail/actuator_servos_trim__functions.c\n'}
[1.239565] (px4_msgs) StdoutLine: {'line': b'-- Up-to-date: /home/mustardking/ws_sensor_combined/install/px4_msgs/include/px4_msgs/px4_msgs/msg/detail/longitudinal_control_configuration__functions.c\n'}
[1.239588] (px4_msgs) StdoutLine: {'line': b'-- Up-to-date: /home/mustardking/ws_sensor_combined/install/px4_msgs/include/px4_msgs/px4_msgs/msg/detail/event__type_support.h\n'}
[1.239611] (px4_msgs) StdoutLine: {'line': b'-- Up-to-date: /home/mustardking/ws_sensor_combined/install/px4_msgs/include/px4_msgs/px4_msgs/msg/detail/vehicle_angular_acceleration_setpoint__struct.h\n'}
[1.239635] (px4_msgs) StdoutLine: {'line': b'-- Up-to-date: /home/mustardking/ws_sensor_combined/install/px4_msgs/include/px4_msgs/px4_msgs/msg/detail/vehicle_rates_setpoint__type_support.h\n'}
[1.239658] (px4_msgs) StdoutLine: {'line': b'-- Up-to-date: /home/mustardking/ws_sensor_combined/install/px4_msgs/include/px4_msgs/px4_msgs/msg/detail/px4io_status__struct.h\n'}
[1.239682] (px4_msgs) StdoutLine: {'line': b'-- Up-to-date: /home/mustardking/ws_sensor_combined/install/px4_msgs/include/px4_msgs/px4_msgs/msg/detail/vehicle_angular_acceleration_setpoint__functions.c\n'}
[1.239705] (px4_msgs) StdoutLine: {'line': b'-- Up-to-date: /home/mustardking/ws_sensor_combined/install/px4_msgs/include/px4_msgs/px4_msgs/msg/detail/control_allocator_status__struct.h\n'}
[1.239728] (px4_msgs) StdoutLine: {'line': b'-- Up-to-date: /home/mustardking/ws_sensor_combined/install/px4_msgs/include/px4_msgs/px4_msgs/msg/detail/vehicle_control_mode__functions.c\n'}
[1.239769] (px4_msgs) StdoutLine: {'line': b'-- Up-to-date: /home/mustardking/ws_sensor_combined/install/px4_msgs/include/px4_msgs/px4_msgs/msg/detail/hover_thrust_estimate__functions.c\n'}
[1.239795] (px4_msgs) StdoutLine: {'line': b'-- Up-to-date: /home/mustardking/ws_sensor_combined/install/px4_msgs/include/px4_msgs/px4_msgs/msg/detail/collision_constraints__functions.h\n'}
[1.239818] (px4_msgs) StdoutLine: {'line': b'-- Up-to-date: /home/mustardking/ws_sensor_combined/install/px4_msgs/include/px4_msgs/px4_msgs/msg/detail/vtol_vehicle_status__functions.c\n'}
[1.239842] (px4_msgs) StdoutLine: {'line': b'-- Up-to-date: /home/mustardking/ws_sensor_combined/install/px4_msgs/include/px4_msgs/px4_msgs/msg/detail/debug_vect__struct.h\n'}
[1.239866] (px4_msgs) StdoutLine: {'line': b'-- Up-to-date: /home/mustardking/ws_sensor_combined/install/px4_msgs/include/px4_msgs/px4_msgs/msg/detail/navigator_mission_item__functions.h\n'}
[1.239893] (px4_msgs) StdoutLine: {'line': b'-- Up-to-date: /home/mustardking/ws_sensor_combined/install/px4_msgs/include/px4_msgs/px4_msgs/msg/detail/tiltrotor_extra_controls__struct.h\n'}
[1.239918] (px4_msgs) StdoutLine: {'line': b'-- Up-to-date: /home/mustardking/ws_sensor_combined/install/px4_msgs/include/px4_msgs/px4_msgs/msg/detail/rover_rate_setpoint__type_support.h\n'}
[1.239942] (px4_msgs) StdoutLine: {'line': b'-- Up-to-date: /home/mustardking/ws_sensor_combined/install/px4_msgs/include/px4_msgs/px4_msgs/msg/detail/vehicle_local_position__functions.c\n'}
[1.239966] (px4_msgs) StdoutLine: {'line': b'-- Up-to-date: /home/mustardking/ws_sensor_combined/install/px4_msgs/include/px4_msgs/px4_msgs/msg/detail/airspeed__functions.h\n'}
[1.239989] (px4_msgs) StdoutLine: {'line': b'-- Up-to-date: /home/mustardking/ws_sensor_combined/install/px4_msgs/include/px4_msgs/px4_msgs/msg/detail/vehicle_acceleration__functions.c\n'}
[1.240014] (px4_msgs) StdoutLine: {'line': b'-- Up-to-date: /home/mustardking/ws_sensor_combined/install/px4_msgs/include/px4_msgs/px4_msgs/msg/detail/position_controller_landing_status__struct.h\n'}
[1.240038] (px4_msgs) StdoutLine: {'line': b'-- Up-to-date: /home/mustardking/ws_sensor_combined/install/px4_msgs/include/px4_msgs/px4_msgs/msg/detail/geofence_status__functions.c\n'}
[1.240061] (px4_msgs) StdoutLine: {'line': b'-- Up-to-date: /home/mustardking/ws_sensor_combined/install/px4_msgs/include/px4_msgs/px4_msgs/msg/detail/gpio_config__type_support.h\n'}
[1.240084] (px4_msgs) StdoutLine: {'line': b'-- Up-to-date: /home/mustardking/ws_sensor_combined/install/px4_msgs/include/px4_msgs/px4_msgs/msg/detail/esc_report__functions.c\n'}
[1.240126] (px4_msgs) StdoutLine: {'line': b'-- Up-to-date: /home/mustardking/ws_sensor_combined/install/px4_msgs/include/px4_msgs/px4_msgs/msg/detail/dataman_response__type_support.h\n'}
[1.244860] (px4_msgs) StdoutLine: {'line': b'-- Up-to-date: /home/mustardking/ws_sensor_combined/install/px4_msgs/include/px4_msgs/px4_msgs/msg/detail/estimator_gps_status__struct.h\n'}
[1.244893] (px4_msgs) StdoutLine: {'line': b'-- Up-to-date: /home/mustardking/ws_sensor_combined/install/px4_msgs/include/px4_msgs/px4_msgs/msg/detail/vehicle_angular_velocity__functions.h\n'}
[1.244922] (px4_msgs) StdoutLine: {'line': b'-- Up-to-date: /home/mustardking/ws_sensor_combined/install/px4_msgs/include/px4_msgs/px4_msgs/msg/detail/gpio_in__functions.h\n'}
[1.244948] (px4_msgs) StdoutLine: {'line': b'-- Up-to-date: /home/mustardking/ws_sensor_combined/install/px4_msgs/include/px4_msgs/px4_msgs/msg/detail/sensor_gps__type_support.h\n'}
[1.244973] (px4_msgs) StdoutLine: {'line': b'-- Up-to-date: /home/mustardking/ws_sensor_combined/install/px4_msgs/include/px4_msgs/px4_msgs/msg/detail/debug_value__type_support.h\n'}
[1.244997] (px4_msgs) StdoutLine: {'line': b'-- Up-to-date: /home/mustardking/ws_sensor_combined/install/px4_msgs/include/px4_msgs/px4_msgs/msg/detail/vehicle_attitude__type_support.h\n'}
[1.245021] (px4_msgs) StdoutLine: {'line': b'-- Up-to-date: /home/mustardking/ws_sensor_combined/install/px4_msgs/include/px4_msgs/px4_msgs/msg/detail/input_rc__type_support.h\n'}
[1.245045] (px4_msgs) StdoutLine: {'line': b'-- Up-to-date: /home/mustardking/ws_sensor_combined/install/px4_msgs/include/px4_msgs/px4_msgs/msg/detail/vehicle_global_position__functions.h\n'}
[1.245070] (px4_msgs) StdoutLine: {'line': b'-- Up-to-date: /home/mustardking/ws_sensor_combined/install/px4_msgs/include/px4_msgs/px4_msgs/msg/detail/mission__struct.h\n'}
[1.245095] (px4_msgs) StdoutLine: {'line': b'-- Up-to-date: /home/mustardking/ws_sensor_combined/install/px4_msgs/include/px4_msgs/px4_msgs/msg/detail/rover_speed_status__functions.c\n'}
[1.245119] (px4_msgs) StdoutLine: {'line': b'-- Up-to-date: /home/mustardking/ws_sensor_combined/install/px4_msgs/include/px4_msgs/px4_msgs/msg/detail/rover_steering_setpoint__functions.h\n'}
[1.245142] (px4_msgs) StdoutLine: {'line': b'-- Up-to-date: /home/mustardking/ws_sensor_combined/install/px4_msgs/include/px4_msgs/px4_msgs/msg/detail/actuator_servos_trim__functions.h\n'}
[1.245166] (px4_msgs) StdoutLine: {'line': b'-- Up-to-date: /home/mustardking/ws_sensor_combined/install/px4_msgs/include/px4_msgs/px4_msgs/msg/detail/estimator_status_flags__functions.c\n'}
[1.245190] (px4_msgs) StdoutLine: {'line': b'-- Up-to-date: /home/mustardking/ws_sensor_combined/install/px4_msgs/include/px4_msgs/px4_msgs/msg/detail/radio_status__type_support.h\n'}
[1.245214] (px4_msgs) StdoutLine: {'line': b'-- Up-to-date: /home/mustardking/ws_sensor_combined/install/px4_msgs/include/px4_msgs/px4_msgs/msg/detail/vehicle_air_data__type_support.h\n'}
[1.245238] (px4_msgs) StdoutLine: {'line': b'-- Up-to-date: /home/mustardking/ws_sensor_combined/install/px4_msgs/include/px4_msgs/px4_msgs/msg/detail/camera_status__type_support.h\n'}
[1.245262] (px4_msgs) StdoutLine: {'line': b'-- Up-to-date: /home/mustardking/ws_sensor_combined/install/px4_msgs/include/px4_msgs/px4_msgs/msg/detail/sensor_optical_flow__struct.h\n'}
[1.245289] (px4_msgs) StdoutLine: {'line': b'-- Up-to-date: /home/mustardking/ws_sensor_combined/install/px4_msgs/include/px4_msgs/px4_msgs/msg/detail/mission__functions.c\n'}
[1.245312] (px4_msgs) StdoutLine: {'line': b'-- Up-to-date: /home/mustardking/ws_sensor_combined/install/px4_msgs/include/px4_msgs/px4_msgs/msg/detail/velocity_limits__functions.c\n'}
[1.245338] (px4_msgs) StdoutLine: {'line': b'-- Up-to-date: /home/mustardking/ws_sensor_combined/install/px4_msgs/include/px4_msgs/px4_msgs/msg/detail/sensors_status__functions.c\n'}
[1.245382] (px4_msgs) StdoutLine: {'line': b'-- Up-to-date: /home/mustardking/ws_sensor_combined/install/px4_msgs/include/px4_msgs/px4_msgs/msg/detail/vehicle_acceleration__type_support.h\n'}
[1.245408] (px4_msgs) StdoutLine: {'line': b'-- Up-to-date: /home/mustardking/ws_sensor_combined/install/px4_msgs/include/px4_msgs/px4_msgs/msg/detail/gimbal_device_attitude_status__functions.c\n'}
[1.245431] (px4_msgs) StdoutLine: {'line': b'-- Up-to-date: /home/mustardking/ws_sensor_combined/install/px4_msgs/include/px4_msgs/px4_msgs/msg/detail/rover_position_setpoint__struct.h\n'}
[1.245455] (px4_msgs) StdoutLine: {'line': b'-- Up-to-date: /home/mustardking/ws_sensor_combined/install/px4_msgs/include/px4_msgs/px4_msgs/msg/detail/sensor_gnss_status__functions.c\n'}
[1.245479] (px4_msgs) StdoutLine: {'line': b'-- Up-to-date: /home/mustardking/ws_sensor_combined/install/px4_msgs/include/px4_msgs/px4_msgs/msg/detail/wind__struct.h\n'}
[1.245503] (px4_msgs) StdoutLine: {'line': b'-- Up-to-date: /home/mustardking/ws_sensor_combined/install/px4_msgs/include/px4_msgs/px4_msgs/msg/detail/vehicle_odometry__functions.c\n'}
[1.245526] (px4_msgs) StdoutLine: {'line': b'-- Up-to-date: /home/mustardking/ws_sensor_combined/install/px4_msgs/include/px4_msgs/px4_msgs/msg/detail/ulog_stream_ack__struct.h\n'}
[1.245549] (px4_msgs) StdoutLine: {'line': b'-- Up-to-date: /home/mustardking/ws_sensor_combined/install/px4_msgs/include/px4_msgs/px4_msgs/msg/detail/velocity_limits__type_support.h\n'}
[1.245573] (px4_msgs) StdoutLine: {'line': b'-- Up-to-date: /home/mustardking/ws_sensor_combined/install/px4_msgs/include/px4_msgs/px4_msgs/msg/detail/vehicle_torque_setpoint__functions.c\n'}
[1.245596] (px4_msgs) StdoutLine: {'line': b'-- Up-to-date: /home/mustardking/ws_sensor_combined/install/px4_msgs/include/px4_msgs/px4_msgs/msg/detail/airspeed_wind__struct.h\n'}
[1.245620] (px4_msgs) StdoutLine: {'line': b'-- Up-to-date: /home/mustardking/ws_sensor_combined/install/px4_msgs/include/px4_msgs/px4_msgs/msg/detail/vehicle_magnetometer__struct.h\n'}
[1.245643] (px4_msgs) StdoutLine: {'line': b'-- Up-to-date: /home/mustardking/ws_sensor_combined/install/px4_msgs/include/px4_msgs/px4_msgs/msg/detail/debug_value__struct.h\n'}
[1.245668] (px4_msgs) StdoutLine: {'line': b'-- Up-to-date: /home/mustardking/ws_sensor_combined/install/px4_msgs/include/px4_msgs/px4_msgs/msg/detail/position_controller_landing_status__type_support.h\n'}
[1.245692] (px4_msgs) StdoutLine: {'line': b'-- Up-to-date: /home/mustardking/ws_sensor_combined/install/px4_msgs/include/px4_msgs/px4_msgs/msg/detail/parameter_set_used_request__functions.c\n'}
[1.245715] (px4_msgs) StdoutLine: {'line': b'-- Up-to-date: /home/mustardking/ws_sensor_combined/install/px4_msgs/include/px4_msgs/px4_msgs/msg/detail/estimator_event_flags__functions.h\n'}
[1.245739] (px4_msgs) StdoutLine: {'line': b'-- Up-to-date: /home/mustardking/ws_sensor_combined/install/px4_msgs/include/px4_msgs/px4_msgs/msg/detail/sensor_preflight_mag__functions.c\n'}
[1.245763] (px4_msgs) StdoutLine: {'line': b'-- Up-to-date: /home/mustardking/ws_sensor_combined/install/px4_msgs/include/px4_msgs/px4_msgs/msg/detail/failsafe_flags__functions.h\n'}
[1.245786] (px4_msgs) StdoutLine: {'line': b'-- Up-to-date: /home/mustardking/ws_sensor_combined/install/px4_msgs/include/px4_msgs/px4_msgs/msg/detail/parameter_set_value_response__functions.c\n'}
[1.245810] (px4_msgs) StdoutLine: {'line': b'-- Up-to-date: /home/mustardking/ws_sensor_combined/install/px4_msgs/include/px4_msgs/px4_msgs/msg/detail/action_request__functions.c\n'}
[1.245835] (px4_msgs) StdoutLine: {'line': b'-- Up-to-date: /home/mustardking/ws_sensor_combined/install/px4_msgs/include/px4_msgs/px4_msgs/msg/detail/unregister_ext_component__type_support.h\n'}
[1.245859] (px4_msgs) StdoutLine: {'line': b'-- Up-to-date: /home/mustardking/ws_sensor_combined/install/px4_msgs/include/px4_msgs/px4_msgs/msg/detail/fixed_wing_lateral_status__struct.h\n'}
[1.245882] (px4_msgs) StdoutLine: {'line': b'-- Up-to-date: /home/mustardking/ws_sensor_combined/install/px4_msgs/include/px4_msgs/px4_msgs/msg/detail/offboard_control_mode__struct.h\n'}
[1.245906] (px4_msgs) StdoutLine: {'line': b'-- Up-to-date: /home/mustardking/ws_sensor_combined/install/px4_msgs/include/px4_msgs/px4_msgs/msg/detail/neural_control__functions.h\n'}
[1.245930] (px4_msgs) StdoutLine: {'line': b'-- Up-to-date: /home/mustardking/ws_sensor_combined/install/px4_msgs/include/px4_msgs/px4_msgs/msg/detail/goto_setpoint__functions.h\n'}
[1.245953] (px4_msgs) StdoutLine: {'line': b'-- Up-to-date: /home/mustardking/ws_sensor_combined/install/px4_msgs/include/px4_msgs/px4_msgs/msg/detail/gimbal_manager_information__functions.c\n'}
[1.245977] (px4_msgs) StdoutLine: {'line': b'-- Up-to-date: /home/mustardking/ws_sensor_combined/install/px4_msgs/include/px4_msgs/px4_msgs/msg/detail/manual_control_switches__type_support.h\n'}
[1.246002] (px4_msgs) StdoutLine: {'line': b'-- Up-to-date: /home/mustardking/ws_sensor_combined/install/px4_msgs/include/px4_msgs/px4_msgs/msg/detail/vehicle_local_position__struct.h\n'}
[1.246026] (px4_msgs) StdoutLine: {'line': b'-- Up-to-date: /home/mustardking/ws_sensor_combined/install/px4_msgs/include/px4_msgs/px4_msgs/msg/detail/vehicle_global_position__struct.h\n'}
[1.246050] (px4_msgs) StdoutLine: {'line': b'-- Up-to-date: /home/mustardking/ws_sensor_combined/install/px4_msgs/include/px4_msgs/px4_msgs/msg/detail/tecs_status__functions.c\n'}
[1.246077] (px4_msgs) StdoutLine: {'line': b'-- Up-to-date: /home/mustardking/ws_sensor_combined/install/px4_msgs/include/px4_msgs/px4_msgs/msg/detail/gripper__type_support.h\n'}
[1.246111] (px4_msgs) StdoutLine: {'line': b'-- Up-to-date: /home/mustardking/ws_sensor_combined/install/px4_msgs/include/px4_msgs/px4_msgs/msg/detail/vehicle_optical_flow__type_support.h\n'}
[1.246135] (px4_msgs) StdoutLine: {'line': b'-- Up-to-date: /home/mustardking/ws_sensor_combined/install/px4_msgs/include/px4_msgs/px4_msgs/msg/detail/heater_status__functions.c\n'}
[1.246159] (px4_msgs) StdoutLine: {'line': b'-- Up-to-date: /home/mustardking/ws_sensor_combined/install/px4_msgs/include/px4_msgs/px4_msgs/msg/detail/timesync_status__struct.h\n'}
[1.246182] (px4_msgs) StdoutLine: {'line': b'-- Up-to-date: /home/mustardking/ws_sensor_combined/install/px4_msgs/include/px4_msgs/px4_msgs/msg/detail/parameter_set_used_request__struct.h\n'}
[1.246206] (px4_msgs) StdoutLine: {'line': b'-- Up-to-date: /home/mustardking/ws_sensor_combined/install/px4_msgs/include/px4_msgs/px4_msgs/msg/detail/open_drone_id_system__functions.c\n'}
[1.250520] (px4_msgs) StdoutLine: {'line': b'-- Up-to-date: /home/mustardking/ws_sensor_combined/install/px4_msgs/include/px4_msgs/px4_msgs/msg/detail/vehicle_global_position__type_support.h\n'}
[1.250563] (px4_msgs) StdoutLine: {'line': b'-- Up-to-date: /home/mustardking/ws_sensor_combined/install/px4_msgs/include/px4_msgs/px4_msgs/msg/detail/differential_pressure__functions.h\n'}
[1.250591] (px4_msgs) StdoutLine: {'line': b'-- Up-to-date: /home/mustardking/ws_sensor_combined/install/px4_msgs/include/px4_msgs/px4_msgs/msg/detail/gripper__functions.h\n'}
[1.250617] (px4_msgs) StdoutLine: {'line': b'-- Up-to-date: /home/mustardking/ws_sensor_combined/install/px4_msgs/include/px4_msgs/px4_msgs/msg/detail/logger_status__functions.c\n'}
[1.250644] (px4_msgs) StdoutLine: {'line': b'-- Up-to-date: /home/mustardking/ws_sensor_combined/install/px4_msgs/include/px4_msgs/px4_msgs/msg/detail/radio_status__functions.c\n'}
[1.250668] (px4_msgs) StdoutLine: {'line': b'-- Up-to-date: /home/mustardking/ws_sensor_combined/install/px4_msgs/include/px4_msgs/px4_msgs/msg/detail/orb_test_large__functions.c\n'}
[1.250695] (px4_msgs) StdoutLine: {'line': b'-- Up-to-date: /home/mustardking/ws_sensor_combined/install/px4_msgs/include/px4_msgs/px4_msgs/msg/detail/autotune_attitude_control_status__struct.h\n'}
[1.250719] (px4_msgs) StdoutLine: {'line': b'-- Up-to-date: /home/mustardking/ws_sensor_combined/install/px4_msgs/include/px4_msgs/px4_msgs/msg/detail/normalized_unsigned_setpoint__functions.h\n'}
[1.250743] (px4_msgs) StdoutLine: {'line': b'-- Up-to-date: /home/mustardking/ws_sensor_combined/install/px4_msgs/include/px4_msgs/px4_msgs/msg/detail/vehicle_magnetometer__functions.h\n'}
[1.250767] (px4_msgs) StdoutLine: {'line': b'-- Up-to-date: /home/mustardking/ws_sensor_combined/install/px4_msgs/include/px4_msgs/px4_msgs/msg/detail/message_format_request__functions.c\n'}
[1.250790] (px4_msgs) StdoutLine: {'line': b'-- Up-to-date: /home/mustardking/ws_sensor_combined/install/px4_msgs/include/px4_msgs/px4_msgs/msg/detail/vehicle_acceleration__functions.h\n'}
[1.250814] (px4_msgs) StdoutLine: {'line': b'-- Up-to-date: /home/mustardking/ws_sensor_combined/install/px4_msgs/include/px4_msgs/px4_msgs/msg/detail/parameter_update__functions.c\n'}
[1.250839] (px4_msgs) StdoutLine: {'line': b'-- Up-to-date: /home/mustardking/ws_sensor_combined/install/px4_msgs/include/px4_msgs/px4_msgs/msg/detail/debug_key_value__struct.h\n'}
[1.250862] (px4_msgs) StdoutLine: {'line': b'-- Up-to-date: /home/mustardking/ws_sensor_combined/install/px4_msgs/include/px4_msgs/px4_msgs/msg/detail/fixed_wing_longitudinal_setpoint__functions.h\n'}
[1.250886] (px4_msgs) StdoutLine: {'line': b'-- Up-to-date: /home/mustardking/ws_sensor_combined/install/px4_msgs/include/px4_msgs/px4_msgs/msg/detail/sensor_gnss_relative__type_support.h\n'}
[1.250909] (px4_msgs) StdoutLine: {'line': b'-- Up-to-date: /home/mustardking/ws_sensor_combined/install/px4_msgs/include/px4_msgs/px4_msgs/msg/detail/gimbal_manager_status__functions.h\n'}
[1.250933] (px4_msgs) StdoutLine: {'line': b'-- Up-to-date: /home/mustardking/ws_sensor_combined/install/px4_msgs/include/px4_msgs/px4_msgs/msg/detail/fixed_wing_runway_control__functions.c\n'}
[1.250957] (px4_msgs) StdoutLine: {'line': b'-- Up-to-date: /home/mustardking/ws_sensor_combined/install/px4_msgs/include/px4_msgs/px4_msgs/msg/detail/sensors_status_imu__functions.c\n'}
[1.250980] (px4_msgs) StdoutLine: {'line': b'-- Up-to-date: /home/mustardking/ws_sensor_combined/install/px4_msgs/include/px4_msgs/px4_msgs/msg/detail/adc_report__type_support.h\n'}
[1.251005] (px4_msgs) StdoutLine: {'line': b'-- Up-to-date: /home/mustardking/ws_sensor_combined/install/px4_msgs/include/px4_msgs/px4_msgs/msg/detail/open_drone_id_self_id__functions.h\n'}
[1.251030] (px4_msgs) StdoutLine: {'line': b'-- Up-to-date: /home/mustardking/ws_sensor_combined/install/px4_msgs/include/px4_msgs/px4_msgs/msg/detail/parameter_update__type_support.h\n'}
[1.251053] (px4_msgs) StdoutLine: {'line': b'-- Up-to-date: /home/mustardking/ws_sensor_combined/install/px4_msgs/include/px4_msgs/px4_msgs/msg/detail/heater_status__struct.h\n'}
[1.251077] (px4_msgs) StdoutLine: {'line': b'-- Up-to-date: /home/mustardking/ws_sensor_combined/install/px4_msgs/include/px4_msgs/px4_msgs/msg/detail/gimbal_device_set_attitude__struct.h\n'}
[1.251101] (px4_msgs) StdoutLine: {'line': b'-- Up-to-date: /home/mustardking/ws_sensor_combined/install/px4_msgs/include/px4_msgs/px4_msgs/msg/detail/sensors_status_imu__struct.h\n'}
[1.251128] (px4_msgs) StdoutLine: {'line': b'-- Up-to-date: /home/mustardking/ws_sensor_combined/install/px4_msgs/include/px4_msgs/px4_msgs/msg/detail/rover_attitude_status__type_support.h\n'}
[1.251151] (px4_msgs) StdoutLine: {'line': b'-- Up-to-date: /home/mustardking/ws_sensor_combined/install/px4_msgs/include/px4_msgs/px4_msgs/msg/detail/rover_speed_status__type_support.h\n'}
[1.251175] (px4_msgs) StdoutLine: {'line': b'-- Up-to-date: /home/mustardking/ws_sensor_combined/install/px4_msgs/include/px4_msgs/px4_msgs/msg/detail/message_format_request__struct.h\n'}
[1.251200] (px4_msgs) StdoutLine: {'line': b'-- Up-to-date: /home/mustardking/ws_sensor_combined/install/px4_msgs/include/px4_msgs/px4_msgs/msg/detail/orb_test_large__struct.h\n'}
[1.251224] (px4_msgs) StdoutLine: {'line': b'-- Up-to-date: /home/mustardking/ws_sensor_combined/install/px4_msgs/include/px4_msgs/px4_msgs/msg/detail/esc_status__struct.h\n'}
[1.251247] (px4_msgs) StdoutLine: {'line': b'-- Up-to-date: /home/mustardking/ws_sensor_combined/install/px4_msgs/include/px4_msgs/px4_msgs/msg/detail/vehicle_land_detected__functions.h\n'}
[1.251271] (px4_msgs) StdoutLine: {'line': b'-- Up-to-date: /home/mustardking/ws_sensor_combined/install/px4_msgs/include/px4_msgs/px4_msgs/msg/detail/distance_sensor__functions.c\n'}
[1.251294] (px4_msgs) StdoutLine: {'line': b'-- Up-to-date: /home/mustardking/ws_sensor_combined/install/px4_msgs/include/px4_msgs/px4_msgs/msg/detail/mount_orientation__type_support.h\n'}
[1.251317] (px4_msgs) StdoutLine: {'line': b'-- Up-to-date: /home/mustardking/ws_sensor_combined/install/px4_msgs/include/px4_msgs/px4_msgs/msg/detail/gpio_config__struct.h\n'}
[1.251340] (px4_msgs) StdoutLine: {'line': b'-- Up-to-date: /home/mustardking/ws_sensor_combined/install/px4_msgs/include/px4_msgs/px4_msgs/msg/detail/geofence_status__functions.h\n'}
[1.251364] (px4_msgs) StdoutLine: {'line': b'-- Up-to-date: /home/mustardking/ws_sensor_combined/install/px4_msgs/include/px4_msgs/px4_msgs/msg/detail/button_event__type_support.h\n'}
[1.251388] (px4_msgs) StdoutLine: {'line': b'-- Up-to-date: /home/mustardking/ws_sensor_combined/install/px4_msgs/include/px4_msgs/px4_msgs/msg/detail/satellite_info__functions.h\n'}
[1.251412] (px4_msgs) StdoutLine: {'line': b'-- Up-to-date: /home/mustardking/ws_sensor_combined/install/px4_msgs/include/px4_msgs/px4_msgs/msg/detail/estimator_selector_status__functions.c\n'}
[1.251435] (px4_msgs) StdoutLine: {'line': b'-- Up-to-date: /home/mustardking/ws_sensor_combined/install/px4_msgs/include/px4_msgs/px4_msgs/msg/detail/battery_info__type_support.h\n'}
[1.251458] (px4_msgs) StdoutLine: {'line': b'-- Up-to-date: /home/mustardking/ws_sensor_combined/install/px4_msgs/include/px4_msgs/px4_msgs/msg/detail/telemetry_status__functions.h\n'}
[1.251482] (px4_msgs) StdoutLine: {'line': b'-- Up-to-date: /home/mustardking/ws_sensor_combined/install/px4_msgs/include/px4_msgs/px4_msgs/msg/detail/pps_capture__struct.h\n'}
[1.251505] (px4_msgs) StdoutLine: {'line': b'-- Up-to-date: /home/mustardking/ws_sensor_combined/install/px4_msgs/include/px4_msgs/px4_msgs/msg/detail/wind__functions.h\n'}
[1.251528] (px4_msgs) StdoutLine: {'line': b'-- Up-to-date: /home/mustardking/ws_sensor_combined/install/px4_msgs/include/px4_msgs/px4_msgs/msg/detail/fixed_wing_runway_control__struct.h\n'}
[1.251551] (px4_msgs) StdoutLine: {'line': b'-- Up-to-date: /home/mustardking/ws_sensor_combined/install/px4_msgs/include/px4_msgs/px4_msgs/msg/detail/mavlink_log__type_support.h\n'}
[1.251575] (px4_msgs) StdoutLine: {'line': b'-- Up-to-date: /home/mustardking/ws_sensor_combined/install/px4_msgs/include/px4_msgs/px4_msgs/msg/detail/landing_target_pose__functions.h\n'}
[1.251599] (px4_msgs) StdoutLine: {'line': b'-- Up-to-date: /home/mustardking/ws_sensor_combined/install/px4_msgs/include/px4_msgs/px4_msgs/msg/detail/internal_combustion_engine_control__functions.h\n'}
[1.251623] (px4_msgs) StdoutLine: {'line': b'-- Up-to-date: /home/mustardking/ws_sensor_combined/install/px4_msgs/include/px4_msgs/px4_msgs/msg/detail/system_power__type_support.h\n'}
[1.251646] (px4_msgs) StdoutLine: {'line': b'-- Up-to-date: /home/mustardking/ws_sensor_combined/install/px4_msgs/include/px4_msgs/px4_msgs/msg/detail/register_ext_component_reply__functions.h\n'}
[1.251675] (px4_msgs) StdoutLine: {'line': b'-- Up-to-date: /home/mustardking/ws_sensor_combined/install/px4_msgs/include/px4_msgs/px4_msgs/msg/detail/rate_ctrl_status__type_support.h\n'}
[1.251706] (px4_msgs) StdoutLine: {'line': b'-- Up-to-date: /home/mustardking/ws_sensor_combined/install/px4_msgs/include/px4_msgs/px4_msgs/msg/detail/wind__type_support.h\n'}
[1.251730] (px4_msgs) StdoutLine: {'line': b'-- Up-to-date: /home/mustardking/ws_sensor_combined/install/px4_msgs/include/px4_msgs/px4_msgs/msg/detail/goto_setpoint__functions.c\n'}
[1.251755] (px4_msgs) StdoutLine: {'line': b'-- Up-to-date: /home/mustardking/ws_sensor_combined/install/px4_msgs/include/px4_msgs/px4_msgs/msg/detail/geofence_status__type_support.h\n'}
[1.251778] (px4_msgs) StdoutLine: {'line': b'-- Up-to-date: /home/mustardking/ws_sensor_combined/install/px4_msgs/include/px4_msgs/px4_msgs/msg/detail/fixed_wing_lateral_status__functions.h\n'}
[1.254837] (px4_msgs) StdoutLine: {'line': b'-- Up-to-date: /home/mustardking/ws_sensor_combined/install/px4_msgs/include/px4_msgs/px4_msgs/msg/detail/sensor_uwb__functions.h\n'}
[1.254871] (px4_msgs) StdoutLine: {'line': b'-- Up-to-date: /home/mustardking/ws_sensor_combined/install/px4_msgs/include/px4_msgs/px4_msgs/msg/detail/vehicle_attitude_setpoint__type_support.h\n'}
[1.254901] (px4_msgs) StdoutLine: {'line': b'-- Up-to-date: /home/mustardking/ws_sensor_combined/install/px4_msgs/include/px4_msgs/px4_msgs/msg/detail/estimator_aid_source2d__functions.h\n'}
[1.254925] (px4_msgs) StdoutLine: {'line': b'-- Up-to-date: /home/mustardking/ws_sensor_combined/install/px4_msgs/include/px4_msgs/px4_msgs/msg/detail/vehicle_control_mode__type_support.h\n'}
[1.254949] (px4_msgs) StdoutLine: {'line': b'-- Up-to-date: /home/mustardking/ws_sensor_combined/install/px4_msgs/include/px4_msgs/px4_msgs/msg/detail/actuator_test__functions.c\n'}
[1.254974] (px4_msgs) StdoutLine: {'line': b'-- Up-to-date: /home/mustardking/ws_sensor_combined/install/px4_msgs/include/px4_msgs/px4_msgs/msg/detail/estimator_selector_status__functions.h\n'}
[1.254997] (px4_msgs) StdoutLine: {'line': b'-- Up-to-date: /home/mustardking/ws_sensor_combined/install/px4_msgs/include/px4_msgs/px4_msgs/msg/detail/mount_orientation__struct.h\n'}
[1.255021] (px4_msgs) StdoutLine: {'line': b'-- Up-to-date: /home/mustardking/ws_sensor_combined/install/px4_msgs/include/px4_msgs/px4_msgs/msg/detail/transponder_report__struct.h\n'}
[1.255044] (px4_msgs) StdoutLine: {'line': b'-- Up-to-date: /home/mustardking/ws_sensor_combined/install/px4_msgs/include/px4_msgs/px4_msgs/msg/detail/task_stack_info__functions.c\n'}
[1.255067] (px4_msgs) StdoutLine: {'line': b'-- Up-to-date: /home/mustardking/ws_sensor_combined/install/px4_msgs/include/px4_msgs/px4_msgs/msg/detail/qshell_req__functions.c\n'}
[1.255091] (px4_msgs) StdoutLine: {'line': b'-- Up-to-date: /home/mustardking/ws_sensor_combined/install/px4_msgs/include/px4_msgs/px4_msgs/msg/detail/orbit_status__type_support.h\n'}
[1.255114] (px4_msgs) StdoutLine: {'line': b'-- Up-to-date: /home/mustardking/ws_sensor_combined/install/px4_msgs/include/px4_msgs/px4_msgs/msg/detail/sensor_accel_fifo__type_support.h\n'}
[1.255138] (px4_msgs) StdoutLine: {'line': b'-- Up-to-date: /home/mustardking/ws_sensor_combined/install/px4_msgs/include/px4_msgs/px4_msgs/msg/detail/goto_setpoint__struct.h\n'}
[1.255161] (px4_msgs) StdoutLine: {'line': b'-- Up-to-date: /home/mustardking/ws_sensor_combined/install/px4_msgs/include/px4_msgs/px4_msgs/msg/detail/estimator_status_flags__type_support.h\n'}
[1.255185] (px4_msgs) StdoutLine: {'line': b'-- Up-to-date: /home/mustardking/ws_sensor_combined/install/px4_msgs/include/px4_msgs/px4_msgs/msg/detail/position_setpoint__functions.c\n'}
[1.255208] (px4_msgs) StdoutLine: {'line': b'-- Up-to-date: /home/mustardking/ws_sensor_combined/install/px4_msgs/include/px4_msgs/px4_msgs/msg/detail/navigator_mission_item__type_support.h\n'}
[1.255232] (px4_msgs) StdoutLine: {'line': b'-- Up-to-date: /home/mustardking/ws_sensor_combined/install/px4_msgs/include/px4_msgs/px4_msgs/msg/detail/rpm__struct.h\n'}
[1.255255] (px4_msgs) StdoutLine: {'line': b'-- Up-to-date: /home/mustardking/ws_sensor_combined/install/px4_msgs/include/px4_msgs/px4_msgs/msg/detail/gimbal_manager_status__type_support.h\n'}
[1.255278] (px4_msgs) StdoutLine: {'line': b'-- Up-to-date: /home/mustardking/ws_sensor_combined/install/px4_msgs/include/px4_msgs/px4_msgs/msg/detail/follow_target__functions.c\n'}
[1.255301] (px4_msgs) StdoutLine: {'line': b'-- Up-to-date: /home/mustardking/ws_sensor_combined/install/px4_msgs/include/px4_msgs/px4_msgs/msg/detail/estimator_aid_source3d__functions.c\n'}
[1.255327] (px4_msgs) StdoutLine: {'line': b'-- Up-to-date: /home/mustardking/ws_sensor_combined/install/px4_msgs/include/px4_msgs/px4_msgs/msg/detail/gimbal_manager_set_manual_control__functions.c\n'}
[1.255351] (px4_msgs) StdoutLine: {'line': b'-- Up-to-date: /home/mustardking/ws_sensor_combined/install/px4_msgs/include/px4_msgs/px4_msgs/msg/detail/mag_worker_data__type_support.h\n'}
[1.255374] (px4_msgs) StdoutLine: {'line': b'-- Up-to-date: /home/mustardking/ws_sensor_combined/install/px4_msgs/include/px4_msgs/px4_msgs/msg/detail/qshell_retval__functions.h\n'}
[1.255399] (px4_msgs) StdoutLine: {'line': b'-- Up-to-date: /home/mustardking/ws_sensor_combined/install/px4_msgs/include/px4_msgs/px4_msgs/msg/detail/follow_target__struct.h\n'}
[1.255422] (px4_msgs) StdoutLine: {'line': b'-- Up-to-date: /home/mustardking/ws_sensor_combined/install/px4_msgs/include/px4_msgs/px4_msgs/msg/detail/follow_target_estimator__type_support.h\n'}
[1.255446] (px4_msgs) StdoutLine: {'line': b'-- Up-to-date: /home/mustardking/ws_sensor_combined/install/px4_msgs/include/px4_msgs/px4_msgs/msg/detail/vehicle_odometry__type_support.h\n'}
[1.255469] (px4_msgs) StdoutLine: {'line': b'-- Up-to-date: /home/mustardking/ws_sensor_combined/install/px4_msgs/include/px4_msgs/px4_msgs/msg/detail/landing_target_pose__type_support.h\n'}
[1.255492] (px4_msgs) StdoutLine: {'line': b'-- Up-to-date: /home/mustardking/ws_sensor_combined/install/px4_msgs/include/px4_msgs/px4_msgs/msg/detail/trajectory_setpoint__type_support.h\n'}
[1.255515] (px4_msgs) StdoutLine: {'line': b'-- Up-to-date: /home/mustardking/ws_sensor_combined/install/px4_msgs/include/px4_msgs/px4_msgs/msg/detail/estimator_bias3d__type_support.h\n'}
[1.255539] (px4_msgs) StdoutLine: {'line': b'-- Up-to-date: /home/mustardking/ws_sensor_combined/install/px4_msgs/include/px4_msgs/px4_msgs/msg/detail/can_interface_status__type_support.h\n'}
[1.255562] (px4_msgs) StdoutLine: {'line': b'-- Up-to-date: /home/mustardking/ws_sensor_combined/install/px4_msgs/include/px4_msgs/px4_msgs/msg/detail/vehicle_optical_flow__struct.h\n'}
[1.255996] (px4_msgs) StdoutLine: {'line': b'-- Up-to-date: /home/mustardking/ws_sensor_combined/install/px4_msgs/include/px4_msgs/px4_msgs/msg/detail/debug_array__type_support.h\n'}
[1.256022] (px4_msgs) StdoutLine: {'line': b'-- Up-to-date: /home/mustardking/ws_sensor_combined/install/px4_msgs/include/px4_msgs/px4_msgs/msg/detail/yaw_estimator_status__struct.h\n'}
[1.256046] (px4_msgs) StdoutLine: {'line': b'-- Up-to-date: /home/mustardking/ws_sensor_combined/install/px4_msgs/include/px4_msgs/px4_msgs/msg/detail/open_drone_id_system__type_support.h\n'}
[1.256070] (px4_msgs) StdoutLine: {'line': b'-- Up-to-date: /home/mustardking/ws_sensor_combined/install/px4_msgs/include/px4_msgs/px4_msgs/msg/detail/irlock_report__functions.h\n'}
[1.256093] (px4_msgs) StdoutLine: {'line': b'-- Up-to-date: /home/mustardking/ws_sensor_combined/install/px4_msgs/include/px4_msgs/px4_msgs/msg/detail/distance_sensor__type_support.h\n'}
[1.256116] (px4_msgs) StdoutLine: {'line': b'-- Up-to-date: /home/mustardking/ws_sensor_combined/install/px4_msgs/include/px4_msgs/px4_msgs/msg/detail/rover_speed_setpoint__type_support.h\n'}
[1.256140] (px4_msgs) StdoutLine: {'line': b'-- Up-to-date: /home/mustardking/ws_sensor_combined/install/px4_msgs/include/px4_msgs/px4_msgs/msg/detail/gpio_config__functions.h\n'}
[1.256164] (px4_msgs) StdoutLine: {'line': b'-- Up-to-date: /home/mustardking/ws_sensor_combined/install/px4_msgs/include/px4_msgs/px4_msgs/msg/detail/gpio_out__struct.h\n'}
[1.256188] (px4_msgs) StdoutLine: {'line': b'-- Up-to-date: /home/mustardking/ws_sensor_combined/install/px4_msgs/include/px4_msgs/px4_msgs/msg/detail/battery_info__functions.c\n'}
[1.256211] (px4_msgs) StdoutLine: {'line': b'-- Up-to-date: /home/mustardking/ws_sensor_combined/install/px4_msgs/include/px4_msgs/px4_msgs/msg/detail/button_event__functions.h\n'}
[1.256235] (px4_msgs) StdoutLine: {'line': b'-- Up-to-date: /home/mustardking/ws_sensor_combined/install/px4_msgs/include/px4_msgs/px4_msgs/msg/detail/manual_control_setpoint__struct.h\n'}
[1.256259] (px4_msgs) StdoutLine: {'line': b'-- Up-to-date: /home/mustardking/ws_sensor_combined/install/px4_msgs/include/px4_msgs/px4_msgs/msg/detail/fixed_wing_runway_control__type_support.h\n'}
[1.256282] (px4_msgs) StdoutLine: {'line': b'-- Up-to-date: /home/mustardking/ws_sensor_combined/install/px4_msgs/include/px4_msgs/px4_msgs/msg/detail/sensor_correction__type_support.h\n'}
[1.256305] (px4_msgs) StdoutLine: {'line': b'-- Up-to-date: /home/mustardking/ws_sensor_combined/install/px4_msgs/include/px4_msgs/px4_msgs/msg/detail/esc_status__functions.c\n'}
[1.256334] (px4_msgs) StdoutLine: {'line': b'-- Up-to-date: /home/mustardking/ws_sensor_combined/install/px4_msgs/include/px4_msgs/px4_msgs/msg/detail/vehicle_constraints__functions.h\n'}
[1.256364] (px4_msgs) StdoutLine: {'line': b'-- Up-to-date: /home/mustardking/ws_sensor_combined/install/px4_msgs/include/px4_msgs/px4_msgs/msg/detail/fixed_wing_longitudinal_setpoint__struct.h\n'}
[1.256388] (px4_msgs) StdoutLine: {'line': b'-- Up-to-date: /home/mustardking/ws_sensor_combined/install/px4_msgs/include/px4_msgs/px4_msgs/msg/detail/esc_report__struct.h\n'}
[1.256412] (px4_msgs) StdoutLine: {'line': b'-- Up-to-date: /home/mustardking/ws_sensor_combined/install/px4_msgs/include/px4_msgs/px4_msgs/msg/detail/telemetry_status__struct.h\n'}
[1.256435] (px4_msgs) StdoutLine: {'line': b'-- Up-to-date: /home/mustardking/ws_sensor_combined/install/px4_msgs/include/px4_msgs/px4_msgs/msg/detail/debug_value__functions.c\n'}
[1.256458] (px4_msgs) StdoutLine: {'line': b'-- Up-to-date: /home/mustardking/ws_sensor_combined/install/px4_msgs/include/px4_msgs/px4_msgs/msg/detail/camera_trigger__struct.h\n'}
[1.256484] (px4_msgs) StdoutLine: {'line': b'-- Up-to-date: /home/mustardking/ws_sensor_combined/install/px4_msgs/include/px4_msgs/px4_msgs/msg/detail/gimbal_manager_set_attitude__functions.h\n'}
[1.256507] (px4_msgs) StdoutLine: {'line': b'-- Up-to-date: /home/mustardking/ws_sensor_combined/install/px4_msgs/include/px4_msgs/px4_msgs/msg/detail/normalized_unsigned_setpoint__struct.h\n'}
[1.256531] (px4_msgs) StdoutLine: {'line': b'-- Up-to-date: /home/mustardking/ws_sensor_combined/install/px4_msgs/include/px4_msgs/px4_msgs/msg/detail/heater_status__functions.h\n'}
[1.256554] (px4_msgs) StdoutLine: {'line': b'-- Up-to-date: /home/mustardking/ws_sensor_combined/install/px4_msgs/include/px4_msgs/px4_msgs/msg/detail/telemetry_status__functions.c\n'}
[1.256578] (px4_msgs) StdoutLine: {'line': b'-- Up-to-date: /home/mustardking/ws_sensor_combined/install/px4_msgs/include/px4_msgs/px4_msgs/msg/detail/onboard_computer_status__functions.c\n'}
[1.256601] (px4_msgs) StdoutLine: {'line': b'-- Up-to-date: /home/mustardking/ws_sensor_combined/install/px4_msgs/include/px4_msgs/px4_msgs/msg/detail/follow_target_status__type_support.h\n'}
[1.256625] (px4_msgs) StdoutLine: {'line': b'-- Up-to-date: /home/mustardking/ws_sensor_combined/install/px4_msgs/include/px4_msgs/px4_msgs/msg/detail/vehicle_angular_acceleration_setpoint__type_support.h\n'}
[1.256648] (px4_msgs) StdoutLine: {'line': b'-- Up-to-date: /home/mustardking/ws_sensor_combined/install/px4_msgs/include/px4_msgs/px4_msgs/msg/detail/tune_control__functions.h\n'}
[1.256682] (px4_msgs) StdoutLine: {'line': b'-- Up-to-date: /home/mustardking/ws_sensor_combined/install/px4_msgs/include/px4_msgs/px4_msgs/msg/detail/dataman_response__struct.h\n'}
[1.256711] (px4_msgs) StdoutLine: {'line': b'-- Up-to-date: /home/mustardking/ws_sensor_combined/install/px4_msgs/include/px4_msgs/px4_msgs/msg/detail/sensor_accel_fifo__functions.h\n'}
[1.256738] (px4_msgs) StdoutLine: {'line': b'-- Up-to-date: /home/mustardking/ws_sensor_combined/install/px4_msgs/include/px4_msgs/px4_msgs/msg/detail/register_ext_component_request__struct.h\n'}
[1.256762] (px4_msgs) StdoutLine: {'line': b'-- Up-to-date: /home/mustardking/ws_sensor_combined/install/px4_msgs/include/px4_msgs/px4_msgs/msg/detail/mount_orientation__functions.h\n'}
[1.256787] (px4_msgs) StdoutLine: {'line': b'-- Up-to-date: /home/mustardking/ws_sensor_combined/install/px4_msgs/include/px4_msgs/px4_msgs/msg/detail/mag_worker_data__struct.h\n'}
[1.256810] (px4_msgs) StdoutLine: {'line': b'-- Up-to-date: /home/mustardking/ws_sensor_combined/install/px4_msgs/include/px4_msgs/px4_msgs/msg/detail/register_ext_component_reply__functions.c\n'}
[1.256834] (px4_msgs) StdoutLine: {'line': b'-- Up-to-date: /home/mustardking/ws_sensor_combined/install/px4_msgs/include/px4_msgs/px4_msgs/msg/detail/vehicle_status__struct.h\n'}
[1.256857] (px4_msgs) StdoutLine: {'line': b'-- Up-to-date: /home/mustardking/ws_sensor_combined/install/px4_msgs/include/px4_msgs/px4_msgs/msg/detail/gpio_request__struct.h\n'}
[1.256881] (px4_msgs) StdoutLine: {'line': b'-- Up-to-date: /home/mustardking/ws_sensor_combined/install/px4_msgs/include/px4_msgs/px4_msgs/msg/detail/rtl_time_estimate__functions.c\n'}
[1.256904] (px4_msgs) StdoutLine: {'line': b'-- Up-to-date: /home/mustardking/ws_sensor_combined/install/px4_msgs/include/px4_msgs/px4_msgs/msg/detail/gpio_in__functions.c\n'}
[1.256928] (px4_msgs) StdoutLine: {'line': b'-- Up-to-date: /home/mustardking/ws_sensor_combined/install/px4_msgs/include/px4_msgs/px4_msgs/msg/detail/differential_pressure__type_support.h\n'}
[1.256951] (px4_msgs) StdoutLine: {'line': b'-- Up-to-date: /home/mustardking/ws_sensor_combined/install/px4_msgs/include/px4_msgs/px4_msgs/msg/detail/mission_result__type_support.h\n'}
[1.256974] (px4_msgs) StdoutLine: {'line': b'-- Up-to-date: /home/mustardking/ws_sensor_combined/install/px4_msgs/include/px4_msgs/px4_msgs/msg/detail/estimator_status__struct.h\n'}
[1.256998] (px4_msgs) StdoutLine: {'line': b'-- Up-to-date: /home/mustardking/ws_sensor_combined/install/px4_msgs/include/px4_msgs/px4_msgs/msg/detail/trajectory_setpoint6dof__functions.c\n'}
[1.257021] (px4_msgs) StdoutLine: {'line': b'-- Up-to-date: /home/mustardking/ws_sensor_combined/install/px4_msgs/include/px4_msgs/px4_msgs/msg/detail/manual_control_switches__struct.h\n'}
[1.257044] (px4_msgs) StdoutLine: {'line': b'-- Up-to-date: /home/mustardking/ws_sensor_combined/install/px4_msgs/include/px4_msgs/px4_msgs/msg/detail/rover_rate_status__struct.h\n'}
[1.257068] (px4_msgs) StdoutLine: {'line': b'-- Up-to-date: /home/mustardking/ws_sensor_combined/install/px4_msgs/include/px4_msgs/px4_msgs/msg/detail/position_controller_status__struct.h\n'}
[1.257092] (px4_msgs) StdoutLine: {'line': b'-- Up-to-date: /home/mustardking/ws_sensor_combined/install/px4_msgs/include/px4_msgs/px4_msgs/msg/detail/sensor_preflight_mag__type_support.h\n'}
[1.257135] (px4_msgs) StdoutLine: {'line': b'-- Up-to-date: /home/mustardking/ws_sensor_combined/install/px4_msgs/include/px4_msgs/px4_msgs/msg/detail/camera_trigger__functions.c\n'}
[1.257164] (px4_msgs) StdoutLine: {'line': b'-- Up-to-date: /home/mustardking/ws_sensor_combined/install/px4_msgs/include/px4_msgs/px4_msgs/msg/detail/actuator_test__functions.h\n'}
[1.257189] (px4_msgs) StdoutLine: {'line': b'-- Up-to-date: /home/mustardking/ws_sensor_combined/install/px4_msgs/include/px4_msgs/px4_msgs/msg/detail/wheel_encoders__struct.h\n'}
[1.257213] (px4_msgs) StdoutLine: {'line': b'-- Up-to-date: /home/mustardking/ws_sensor_combined/install/px4_msgs/include/px4_msgs/px4_msgs/msg/detail/vehicle_control_mode__struct.h\n'}
[1.257236] (px4_msgs) StdoutLine: {'line': b'-- Up-to-date: /home/mustardking/ws_sensor_combined/install/px4_msgs/include/px4_msgs/px4_msgs/msg/detail/sensor_accel__functions.c\n'}
[1.257259] (px4_msgs) StdoutLine: {'line': b'-- Up-to-date: /home/mustardking/ws_sensor_combined/install/px4_msgs/include/px4_msgs/px4_msgs/msg/detail/pwm_input__struct.h\n'}
[1.257282] (px4_msgs) StdoutLine: {'line': b'-- Up-to-date: /home/mustardking/ws_sensor_combined/install/px4_msgs/include/px4_msgs/px4_msgs/msg/detail/radio_status__struct.h\n'}
[1.257305] (px4_msgs) StdoutLine: {'line': b'-- Up-to-date: /home/mustardking/ws_sensor_combined/install/px4_msgs/include/px4_msgs/px4_msgs/msg/detail/vehicle_optical_flow_vel__type_support.h\n'}
[1.257331] (px4_msgs) StdoutLine: {'line': b'-- Up-to-date: /home/mustardking/ws_sensor_combined/install/px4_msgs/include/px4_msgs/px4_msgs/msg/detail/rover_rate_status__functions.h\n'}
[1.257354] (px4_msgs) StdoutLine: {'line': b'-- Up-to-date: /home/mustardking/ws_sensor_combined/install/px4_msgs/include/px4_msgs/px4_msgs/msg/detail/gimbal_manager_status__functions.c\n'}
[1.257377] (px4_msgs) StdoutLine: {'line': b'-- Up-to-date: /home/mustardking/ws_sensor_combined/install/px4_msgs/include/px4_msgs/px4_msgs/msg/detail/rover_attitude_status__functions.c\n'}
[1.257401] (px4_msgs) StdoutLine: {'line': b'-- Up-to-date: /home/mustardking/ws_sensor_combined/install/px4_msgs/include/px4_msgs/px4_msgs/msg/detail/airspeed_wind__functions.h\n'}
[1.257424] (px4_msgs) StdoutLine: {'line': b'-- Up-to-date: /home/mustardking/ws_sensor_combined/install/px4_msgs/include/px4_msgs/px4_msgs/msg/detail/uavcan_parameter_value__functions.c\n'}
[1.257447] (px4_msgs) StdoutLine: {'line': b'-- Up-to-date: /home/mustardking/ws_sensor_combined/install/px4_msgs/include/px4_msgs/px4_msgs/msg/detail/gimbal_device_attitude_status__type_support.h\n'}
[1.257473] (px4_msgs) StdoutLine: {'line': b'-- Up-to-date: /home/mustardking/ws_sensor_combined/install/px4_msgs/include/px4_msgs/px4_msgs/msg/detail/magnetometer_bias_estimate__type_support.h\n'}
[1.257496] (px4_msgs) StdoutLine: {'line': b'-- Up-to-date: /home/mustardking/ws_sensor_combined/install/px4_msgs/include/px4_msgs/px4_msgs/msg/detail/figure_eight_status__functions.c\n'}
[1.257520] (px4_msgs) StdoutLine: {'line': b'-- Up-to-date: /home/mustardking/ws_sensor_combined/install/px4_msgs/include/px4_msgs/px4_msgs/msg/detail/position_setpoint_triplet__type_support.h\n'}
[1.257543] (px4_msgs) StdoutLine: {'line': b'-- Up-to-date: /home/mustardking/ws_sensor_combined/install/px4_msgs/include/px4_msgs/px4_msgs/msg/detail/logger_status__type_support.h\n'}
[1.257567] (px4_msgs) StdoutLine: {'line': b'-- Up-to-date: /home/mustardking/ws_sensor_combined/install/px4_msgs/include/px4_msgs/px4_msgs/msg/detail/failure_detector_status__functions.c\n'}
[1.257590] (px4_msgs) StdoutLine: {'line': b'-- Up-to-date: /home/mustardking/ws_sensor_combined/install/px4_msgs/include/px4_msgs/px4_msgs/msg/detail/pure_pursuit_status__functions.h\n'}
[1.257613] (px4_msgs) StdoutLine: {'line': b'-- Up-to-date: /home/mustardking/ws_sensor_combined/install/px4_msgs/include/px4_msgs/px4_msgs/msg/detail/cpuload__functions.h\n'}
[1.257636] (px4_msgs) StdoutLine: {'line': b'-- Up-to-date: /home/mustardking/ws_sensor_combined/install/px4_msgs/include/px4_msgs/px4_msgs/msg/detail/adc_report__functions.h\n'}
[1.257659] (px4_msgs) StdoutLine: {'line': b'-- Up-to-date: /home/mustardking/ws_sensor_combined/install/px4_msgs/include/px4_msgs/px4_msgs/msg/detail/parameter_set_used_request__type_support.h\n'}
[1.257682] (px4_msgs) StdoutLine: {'line': b'-- Up-to-date: /home/mustardking/ws_sensor_combined/install/px4_msgs/include/px4_msgs/px4_msgs/msg/detail/gpio_request__functions.h\n'}
[1.257706] (px4_msgs) StdoutLine: {'line': b'-- Up-to-date: /home/mustardking/ws_sensor_combined/install/px4_msgs/include/px4_msgs/px4_msgs/msg/detail/px4io_status__functions.c\n'}
[1.257729] (px4_msgs) StdoutLine: {'line': b'-- Up-to-date: /home/mustardking/ws_sensor_combined/install/px4_msgs/include/px4_msgs/px4_msgs/msg/detail/action_request__struct.h\n'}
[1.257752] (px4_msgs) StdoutLine: {'line': b'-- Up-to-date: /home/mustardking/ws_sensor_combined/install/px4_msgs/include/px4_msgs/px4_msgs/msg/detail/vehicle_attitude__functions.h\n'}
[1.257776] (px4_msgs) StdoutLine: {'line': b'-- Up-to-date: /home/mustardking/ws_sensor_combined/install/px4_msgs/include/px4_msgs/px4_msgs/msg/detail/input_rc__struct.h\n'}
[1.257799] (px4_msgs) StdoutLine: {'line': b'-- Up-to-date: /home/mustardking/ws_sensor_combined/install/px4_msgs/include/px4_msgs/px4_msgs/msg/detail/sensor_gyro_fft__functions.h\n'}
[1.257822] (px4_msgs) StdoutLine: {'line': b'-- Up-to-date: /home/mustardking/ws_sensor_combined/install/px4_msgs/include/px4_msgs/px4_msgs/msg/detail/sensor_gyro__struct.h\n'}
[1.257848] (px4_msgs) StdoutLine: {'line': b'-- Up-to-date: /home/mustardking/ws_sensor_combined/install/px4_msgs/include/px4_msgs/px4_msgs/msg/detail/arming_check_request__struct.h\n'}
[1.257872] (px4_msgs) StdoutLine: {'line': b'-- Up-to-date: /home/mustardking/ws_sensor_combined/install/px4_msgs/include/px4_msgs/px4_msgs/msg/detail/cpuload__functions.c\n'}
[1.257895] (px4_msgs) StdoutLine: {'line': b'-- Up-to-date: /home/mustardking/ws_sensor_combined/install/px4_msgs/include/px4_msgs/px4_msgs/msg/detail/system_power__functions.c\n'}
[1.257919] (px4_msgs) StdoutLine: {'line': b'-- Up-to-date: /home/mustardking/ws_sensor_combined/install/px4_msgs/include/px4_msgs/px4_msgs/msg/detail/tiltrotor_extra_controls__type_support.h\n'}
[1.257942] (px4_msgs) StdoutLine: {'line': b'-- Up-to-date: /home/mustardking/ws_sensor_combined/install/px4_msgs/include/px4_msgs/px4_msgs/msg/detail/arming_check_reply__struct.h\n'}
[1.257965] (px4_msgs) StdoutLine: {'line': b'-- Up-to-date: /home/mustardking/ws_sensor_combined/install/px4_msgs/include/px4_msgs/px4_msgs/msg/detail/ulog_stream__struct.h\n'}
[1.257988] (px4_msgs) StdoutLine: {'line': b'-- Up-to-date: /home/mustardking/ws_sensor_combined/install/px4_msgs/include/px4_msgs/px4_msgs/msg/detail/estimator_selector_status__type_support.h\n'}
[1.258011] (px4_msgs) StdoutLine: {'line': b'-- Up-to-date: /home/mustardking/ws_sensor_combined/install/px4_msgs/include/px4_msgs/px4_msgs/msg/detail/flight_phase_estimation__functions.c\n'}
[1.258035] (px4_msgs) StdoutLine: {'line': b'-- Up-to-date: /home/mustardking/ws_sensor_combined/install/px4_msgs/include/px4_msgs/px4_msgs/msg/detail/follow_target_status__functions.c\n'}
[1.258058] (px4_msgs) StdoutLine: {'line': b'-- Up-to-date: /home/mustardking/ws_sensor_combined/install/px4_msgs/include/px4_msgs/px4_msgs/msg/detail/battery_status__struct.h\n'}
[1.258081] (px4_msgs) StdoutLine: {'line': b'-- Up-to-date: /home/mustardking/ws_sensor_combined/install/px4_msgs/include/px4_msgs/px4_msgs/msg/detail/vehicle_roi__type_support.h\n'}
[1.258104] (px4_msgs) StdoutLine: {'line': b'-- Up-to-date: /home/mustardking/ws_sensor_combined/install/px4_msgs/include/px4_msgs/px4_msgs/msg/detail/geofence_result__type_support.h\n'}
[1.258127] (px4_msgs) StdoutLine: {'line': b'-- Up-to-date: /home/mustardking/ws_sensor_combined/install/px4_msgs/include/px4_msgs/px4_msgs/msg/detail/debug_vect__functions.h\n'}
[1.258150] (px4_msgs) StdoutLine: {'line': b'-- Up-to-date: /home/mustardking/ws_sensor_combined/install/px4_msgs/include/px4_msgs/px4_msgs/msg/detail/ulog_stream_ack__type_support.h\n'}
[1.258177] (px4_msgs) StdoutLine: {'line': b'-- Up-to-date: /home/mustardking/ws_sensor_combined/install/px4_msgs/include/px4_msgs/px4_msgs/msg/detail/rtl_status__functions.h\n'}
[1.258200] (px4_msgs) StdoutLine: {'line': b'-- Up-to-date: /home/mustardking/ws_sensor_combined/install/px4_msgs/include/px4_msgs/px4_msgs/msg/detail/rover_position_setpoint__functions.h\n'}
[1.258295] (px4_msgs) StdoutLine: {'line': b'-- Up-to-date: /home/mustardking/ws_sensor_combined/install/px4_msgs/include/px4_msgs/px4_msgs/msg/detail/mavlink_tunnel__struct.h\n'}
[1.258330] (px4_msgs) StdoutLine: {'line': b'-- Up-to-date: /home/mustardking/ws_sensor_combined/install/px4_msgs/include/px4_msgs/px4_msgs/msg/detail/sensor_selection__struct.h\n'}
[1.258358] (px4_msgs) StdoutLine: {'line': b'-- Up-to-date: /home/mustardking/ws_sensor_combined/install/px4_msgs/include/px4_msgs/px4_msgs/msg/detail/magnetometer_bias_estimate__struct.h\n'}
[1.258384] (px4_msgs) StdoutLine: {'line': b'-- Up-to-date: /home/mustardking/ws_sensor_combined/install/px4_msgs/include/px4_msgs/px4_msgs/msg/detail/gimbal_manager_information__struct.h\n'}
[1.258408] (px4_msgs) StdoutLine: {'line': b'-- Up-to-date: /home/mustardking/ws_sensor_combined/install/px4_msgs/include/px4_msgs/px4_msgs/msg/detail/follow_target_status__functions.h\n'}
[1.258432] (px4_msgs) StdoutLine: {'line': b'-- Up-to-date: /home/mustardking/ws_sensor_combined/install/px4_msgs/include/px4_msgs/px4_msgs/msg/detail/estimator_status__functions.h\n'}
[1.258459] (px4_msgs) StdoutLine: {'line': b'-- Up-to-date: /home/mustardking/ws_sensor_combined/install/px4_msgs/include/px4_msgs/px4_msgs/msg/detail/vehicle_optical_flow_vel__functions.h\n'}
[1.258483] (px4_msgs) StdoutLine: {'line': b'-- Up-to-date: /home/mustardking/ws_sensor_combined/install/px4_msgs/include/px4_msgs/px4_msgs/msg/detail/pure_pursuit_status__type_support.h\n'}
[1.258507] (px4_msgs) StdoutLine: {'line': b'-- Up-to-date: /home/mustardking/ws_sensor_combined/install/px4_msgs/include/px4_msgs/px4_msgs/msg/detail/rover_position_setpoint__type_support.h\n'}
[1.258531] (px4_msgs) StdoutLine: {'line': b'-- Up-to-date: /home/mustardking/ws_sensor_combined/install/px4_msgs/include/px4_msgs/px4_msgs/msg/detail/vehicle_constraints__type_support.h\n'}
[1.258555] (px4_msgs) StdoutLine: {'line': b'-- Up-to-date: /home/mustardking/ws_sensor_combined/install/px4_msgs/include/px4_msgs/px4_msgs/msg/detail/estimator_innovations__type_support.h\n'}
[1.258579] (px4_msgs) StdoutLine: {'line': b'-- Up-to-date: /home/mustardking/ws_sensor_combined/install/px4_msgs/include/px4_msgs/px4_msgs/msg/detail/sensor_airflow__functions.c\n'}
[1.258604] (px4_msgs) StdoutLine: {'line': b'-- Up-to-date: /home/mustardking/ws_sensor_combined/install/px4_msgs/include/px4_msgs/px4_msgs/msg/detail/flight_phase_estimation__type_support.h\n'}
[1.258628] (px4_msgs) StdoutLine: {'line': b'-- Up-to-date: /home/mustardking/ws_sensor_combined/install/px4_msgs/include/px4_msgs/px4_msgs/msg/detail/estimator_aid_source1d__functions.h\n'}
[1.258651] (px4_msgs) StdoutLine: {'line': b'-- Up-to-date: /home/mustardking/ws_sensor_combined/install/px4_msgs/include/px4_msgs/px4_msgs/msg/detail/hover_thrust_estimate__type_support.h\n'}
[1.258675] (px4_msgs) StdoutLine: {'line': b'-- Up-to-date: /home/mustardking/ws_sensor_combined/install/px4_msgs/include/px4_msgs/px4_msgs/msg/detail/failure_detector_status__type_support.h\n'}
[1.258698] (px4_msgs) StdoutLine: {'line': b'-- Up-to-date: /home/mustardking/ws_sensor_combined/install/px4_msgs/include/px4_msgs/px4_msgs/msg/detail/distance_sensor_mode_change_request__struct.h\n'}
[1.258722] (px4_msgs) StdoutLine: {'line': b'-- Up-to-date: /home/mustardking/ws_sensor_combined/install/px4_msgs/include/px4_msgs/px4_msgs/msg/detail/adc_report__struct.h\n'}
[1.258746] (px4_msgs) StdoutLine: {'line': b'-- Up-to-date: /home/mustardking/ws_sensor_combined/install/px4_msgs/include/px4_msgs/px4_msgs/msg/detail/obstacle_distance__type_support.h\n'}
[1.258769] (px4_msgs) StdoutLine: {'line': b'-- Up-to-date: /home/mustardking/ws_sensor_combined/install/px4_msgs/include/px4_msgs/px4_msgs/msg/detail/vehicle_attitude_setpoint__functions.c\n'}
[1.258793] (px4_msgs) StdoutLine: {'line': b'-- Up-to-date: /home/mustardking/ws_sensor_combined/install/px4_msgs/include/px4_msgs/px4_msgs/msg/detail/actuator_servos_trim__type_support.h\n'}
[1.258816] (px4_msgs) StdoutLine: {'line': b'-- Up-to-date: /home/mustardking/ws_sensor_combined/install/px4_msgs/include/px4_msgs/px4_msgs/msg/detail/longitudinal_control_configuration__functions.h\n'}
[1.258839] (px4_msgs) StdoutLine: {'line': b'-- Up-to-date: /home/mustardking/ws_sensor_combined/install/px4_msgs/include/px4_msgs/px4_msgs/msg/detail/uavcan_parameter_request__functions.h\n'}
[1.258862] (px4_msgs) StdoutLine: {'line': b'-- Up-to-date: /home/mustardking/ws_sensor_combined/install/px4_msgs/include/px4_msgs/px4_msgs/msg/detail/qshell_retval__struct.h\n'}
[1.258886] (px4_msgs) StdoutLine: {'line': b'-- Up-to-date: /home/mustardking/ws_sensor_combined/install/px4_msgs/include/px4_msgs/px4_msgs/msg/detail/airspeed__type_support.h\n'}
[1.258909] (px4_msgs) StdoutLine: {'line': b'-- Up-to-date: /home/mustardking/ws_sensor_combined/install/px4_msgs/include/px4_msgs/px4_msgs/msg/detail/lateral_control_configuration__struct.h\n'}
[1.258943] (px4_msgs) StdoutLine: {'line': b'-- Up-to-date: /home/mustardking/ws_sensor_combined/install/px4_msgs/include/px4_msgs/px4_msgs/msg/detail/vehicle_roi__functions.h\n'}
[1.258977] (px4_msgs) StdoutLine: {'line': b'-- Up-to-date: /home/mustardking/ws_sensor_combined/install/px4_msgs/include/px4_msgs/px4_msgs/msg/detail/vehicle_constraints__functions.c\n'}
[1.259002] (px4_msgs) StdoutLine: {'line': b'-- Up-to-date: /home/mustardking/ws_sensor_combined/install/px4_msgs/include/px4_msgs/px4_msgs/msg/detail/sensor_uwb__functions.c\n'}
[1.259025] (px4_msgs) StdoutLine: {'line': b'-- Up-to-date: /home/mustardking/ws_sensor_combined/install/px4_msgs/include/px4_msgs/px4_msgs/msg/detail/estimator_innovations__struct.h\n'}
[1.259048] (px4_msgs) StdoutLine: {'line': b'-- Up-to-date: /home/mustardking/ws_sensor_combined/install/px4_msgs/include/px4_msgs/px4_msgs/msg/detail/position_controller_status__functions.c\n'}
[1.259072] (px4_msgs) StdoutLine: {'line': b'-- Up-to-date: /home/mustardking/ws_sensor_combined/install/px4_msgs/include/px4_msgs/px4_msgs/msg/detail/parameter_set_value_request__type_support.h\n'}
[1.259095] (px4_msgs) StdoutLine: {'line': b'-- Up-to-date: /home/mustardking/ws_sensor_combined/install/px4_msgs/include/px4_msgs/px4_msgs/msg/detail/camera_capture__functions.c\n'}
[1.259119] (px4_msgs) StdoutLine: {'line': b'-- Up-to-date: /home/mustardking/ws_sensor_combined/install/px4_msgs/include/px4_msgs/px4_msgs/msg/detail/estimator_aid_source1d__struct.h\n'}
[1.259143] (px4_msgs) StdoutLine: {'line': b'-- Up-to-date: /home/mustardking/ws_sensor_combined/install/px4_msgs/include/px4_msgs/px4_msgs/msg/detail/button_event__struct.h\n'}
[1.259166] (px4_msgs) StdoutLine: {'line': b'-- Up-to-date: /home/mustardking/ws_sensor_combined/install/px4_msgs/include/px4_msgs/px4_msgs/msg/detail/fixed_wing_lateral_guidance_status__functions.h\n'}
[1.259189] (px4_msgs) StdoutLine: {'line': b'-- Up-to-date: /home/mustardking/ws_sensor_combined/install/px4_msgs/include/px4_msgs/px4_msgs/msg/detail/orb_test__functions.h\n'}
[1.259212] (px4_msgs) StdoutLine: {'line': b'-- Up-to-date: /home/mustardking/ws_sensor_combined/install/px4_msgs/include/px4_msgs/px4_msgs/msg/detail/figure_eight_status__functions.h\n'}
[1.259236] (px4_msgs) StdoutLine: {'line': b'-- Up-to-date: /home/mustardking/ws_sensor_combined/install/px4_msgs/include/px4_msgs/px4_msgs/msg/detail/vehicle_global_position__functions.c\n'}
[1.259261] (px4_msgs) StdoutLine: {'line': b'-- Up-to-date: /home/mustardking/ws_sensor_combined/install/px4_msgs/include/px4_msgs/px4_msgs/msg/detail/log_message__struct.h\n'}
[1.259284] (px4_msgs) StdoutLine: {'line': b'-- Up-to-date: /home/mustardking/ws_sensor_combined/install/px4_msgs/include/px4_msgs/px4_msgs/msg/detail/generator_status__type_support.h\n'}
[1.259308] (px4_msgs) StdoutLine: {'line': b'-- Up-to-date: /home/mustardking/ws_sensor_combined/install/px4_msgs/include/px4_msgs/px4_msgs/msg/detail/mission__functions.h\n'}
[1.259331] (px4_msgs) StdoutLine: {'line': b'-- Up-to-date: /home/mustardking/ws_sensor_combined/install/px4_msgs/include/px4_msgs/px4_msgs/msg/detail/mission__type_support.h\n'}
[1.263272] (px4_msgs) StdoutLine: {'line': b'-- Up-to-date: /home/mustardking/ws_sensor_combined/install/px4_msgs/include/px4_msgs/px4_msgs/msg/detail/hover_thrust_estimate__functions.h\n'}
[1.263304] (px4_msgs) StdoutLine: {'line': b'-- Up-to-date: /home/mustardking/ws_sensor_combined/install/px4_msgs/include/px4_msgs/px4_msgs/msg/detail/sensor_mag__functions.c\n'}
[1.263633] (px4_msgs) StdoutLine: {'line': b'-- Up-to-date: /home/mustardking/ws_sensor_combined/install/px4_msgs/include/px4_msgs/px4_msgs/msg/detail/power_button_state__struct.h\n'}
[1.263684] (px4_msgs) StdoutLine: {'line': b'-- Up-to-date: /home/mustardking/ws_sensor_combined/install/px4_msgs/include/px4_msgs/px4_msgs/msg/detail/vehicle_command__functions.h\n'}
[1.263721] (px4_msgs) StdoutLine: {'line': b'-- Up-to-date: /home/mustardking/ws_sensor_combined/install/px4_msgs/include/px4_msgs/px4_msgs/msg/detail/action_request__functions.h\n'}
[1.263775] (px4_msgs) StdoutLine: {'line': b'-- Up-to-date: /home/mustardking/ws_sensor_combined/install/px4_msgs/include/px4_msgs/px4_msgs/msg/detail/ekf2_timestamps__functions.h\n'}
[1.263799] (px4_msgs) StdoutLine: {'line': b'-- Up-to-date: /home/mustardking/ws_sensor_combined/install/px4_msgs/include/px4_msgs/px4_msgs/msg/detail/tiltrotor_extra_controls__functions.c\n'}
[1.263827] (px4_msgs) StdoutLine: {'line': b'-- Up-to-date: /home/mustardking/ws_sensor_combined/install/px4_msgs/include/px4_msgs/px4_msgs/msg/detail/button_event__functions.c\n'}
[1.263851] (px4_msgs) StdoutLine: {'line': b'-- Up-to-date: /home/mustardking/ws_sensor_combined/install/px4_msgs/include/px4_msgs/px4_msgs/msg/detail/vehicle_roi__struct.h\n'}
[1.263875] (px4_msgs) StdoutLine: {'line': b'-- Up-to-date: /home/mustardking/ws_sensor_combined/install/px4_msgs/include/px4_msgs/px4_msgs/msg/detail/vehicle_optical_flow_vel__functions.c\n'}
[1.263899] (px4_msgs) StdoutLine: {'line': b'-- Up-to-date: /home/mustardking/ws_sensor_combined/install/px4_msgs/include/px4_msgs/px4_msgs/msg/detail/internal_combustion_engine_status__functions.h\n'}
[1.263923] (px4_msgs) StdoutLine: {'line': b'-- Up-to-date: /home/mustardking/ws_sensor_combined/install/px4_msgs/include/px4_msgs/px4_msgs/msg/detail/mode_completed__functions.c\n'}
[1.263947] (px4_msgs) StdoutLine: {'line': b'-- Up-to-date: /home/mustardking/ws_sensor_combined/install/px4_msgs/include/px4_msgs/px4_msgs/msg/detail/position_setpoint_triplet__struct.h\n'}
[1.263971] (px4_msgs) StdoutLine: {'line': b'-- Up-to-date: /home/mustardking/ws_sensor_combined/install/px4_msgs/include/px4_msgs/px4_msgs/msg/detail/rover_position_setpoint__functions.c\n'}
[1.263998] (px4_msgs) StdoutLine: {'line': b'-- Up-to-date: /home/mustardking/ws_sensor_combined/install/px4_msgs/include/px4_msgs/px4_msgs/msg/detail/arming_check_reply__functions.h\n'}
[1.264022] (px4_msgs) StdoutLine: {'line': b'-- Up-to-date: /home/mustardking/ws_sensor_combined/install/px4_msgs/include/px4_msgs/px4_msgs/msg/detail/battery_status__functions.c\n'}
[1.264045] (px4_msgs) StdoutLine: {'line': b'-- Up-to-date: /home/mustardking/ws_sensor_combined/install/px4_msgs/include/px4_msgs/px4_msgs/msg/detail/qshell_req__type_support.h\n'}
[1.264069] (px4_msgs) StdoutLine: {'line': b'-- Up-to-date: /home/mustardking/ws_sensor_combined/install/px4_msgs/include/px4_msgs/px4_msgs/msg/detail/log_message__type_support.h\n'}
[1.264105] (px4_msgs) StdoutLine: {'line': b'-- Up-to-date: /home/mustardking/ws_sensor_combined/install/px4_msgs/include/px4_msgs/px4_msgs/msg/detail/airspeed_wind__type_support.h\n'}
[1.264150] (px4_msgs) StdoutLine: {'line': b'-- Up-to-date: /home/mustardking/ws_sensor_combined/install/px4_msgs/include/px4_msgs/px4_msgs/msg/detail/battery_info__struct.h\n'}
[1.264186] (px4_msgs) StdoutLine: {'line': b'-- Up-to-date: /home/mustardking/ws_sensor_combined/install/px4_msgs/include/px4_msgs/px4_msgs/msg/detail/dronecan_node_status__type_support.h\n'}
[1.264282] (px4_msgs) StdoutLine: {'line': b'-- Up-to-date: /home/mustardking/ws_sensor_combined/install/px4_msgs/include/px4_msgs/px4_msgs/msg/detail/sensor_hygrometer__functions.h\n'}
[1.264326] (px4_msgs) StdoutLine: {'line': b'-- Up-to-date: /home/mustardking/ws_sensor_combined/install/px4_msgs/include/px4_msgs/px4_msgs/msg/detail/internal_combustion_engine_control__struct.h\n'}
[1.264364] (px4_msgs) StdoutLine: {'line': b'-- Up-to-date: /home/mustardking/ws_sensor_combined/install/px4_msgs/include/px4_msgs/px4_msgs/msg/detail/radio_status__functions.h\n'}
[1.264411] (px4_msgs) StdoutLine: {'line': b'-- Up-to-date: /home/mustardking/ws_sensor_combined/install/px4_msgs/include/px4_msgs/px4_msgs/msg/detail/ping__type_support.h\n'}
[1.264481] (px4_msgs) StdoutLine: {'line': b'-- Up-to-date: /home/mustardking/ws_sensor_combined/install/px4_msgs/include/px4_msgs/px4_msgs/msg/detail/actuator_servos__functions.h\n'}
[1.264573] (px4_msgs) StdoutLine: {'line': b'-- Up-to-date: /home/mustardking/ws_sensor_combined/install/px4_msgs/include/px4_msgs/px4_msgs/msg/detail/takeoff_status__type_support.h\n'}
[1.264642] (px4_msgs) StdoutLine: {'line': b'-- Up-to-date: /home/mustardking/ws_sensor_combined/install/px4_msgs/include/px4_msgs/px4_msgs/msg/detail/gpio_out__functions.c\n'}
[1.264752] (px4_msgs) StdoutLine: {'line': b'-- Up-to-date: /home/mustardking/ws_sensor_combined/install/px4_msgs/include/px4_msgs/px4_msgs/msg/detail/fixed_wing_lateral_status__type_support.h\n'}
[1.264795] (px4_msgs) StdoutLine: {'line': b'-- Up-to-date: /home/mustardking/ws_sensor_combined/install/px4_msgs/include/px4_msgs/px4_msgs/msg/detail/rover_attitude_setpoint__functions.h\n'}
[1.264837] (px4_msgs) StdoutLine: {'line': b'-- Up-to-date: /home/mustardking/ws_sensor_combined/install/px4_msgs/include/px4_msgs/px4_msgs/msg/detail/gripper__functions.c\n'}
[1.264878] (px4_msgs) StdoutLine: {'line': b'-- Up-to-date: /home/mustardking/ws_sensor_combined/install/px4_msgs/include/px4_msgs/px4_msgs/msg/detail/follow_target__type_support.h\n'}
[1.264919] (px4_msgs) StdoutLine: {'line': b'-- Up-to-date: /home/mustardking/ws_sensor_combined/install/px4_msgs/include/px4_msgs/px4_msgs/msg/detail/irlock_report__type_support.h\n'}
[1.264956] (px4_msgs) StdoutLine: {'line': b'-- Up-to-date: /home/mustardking/ws_sensor_combined/install/px4_msgs/include/px4_msgs/px4_msgs/msg/detail/distance_sensor__functions.h\n'}
[1.264991] (px4_msgs) StdoutLine: {'line': b'-- Up-to-date: /home/mustardking/ws_sensor_combined/install/px4_msgs/include/px4_msgs/px4_msgs/msg/detail/debug_key_value__functions.c\n'}
[1.265031] (px4_msgs) StdoutLine: {'line': b'-- Up-to-date: /home/mustardking/ws_sensor_combined/install/px4_msgs/include/px4_msgs/px4_msgs/msg/detail/rover_steering_setpoint__functions.c\n'}
[1.265072] (px4_msgs) StdoutLine: {'line': b'-- Up-to-date: /home/mustardking/ws_sensor_combined/install/px4_msgs/include/px4_msgs/px4_msgs/msg/detail/vehicle_imu_status__functions.c\n'}
[1.265107] (px4_msgs) StdoutLine: {'line': b'-- Up-to-date: /home/mustardking/ws_sensor_combined/install/px4_msgs/include/px4_msgs/px4_msgs/msg/detail/estimator_aid_source1d__type_support.h\n'}
[1.265148] (px4_msgs) StdoutLine: {'line': b'-- Up-to-date: /home/mustardking/ws_sensor_combined/install/px4_msgs/include/px4_msgs/px4_msgs/msg/detail/rc_parameter_map__type_support.h\n'}
[1.265203] (px4_msgs) StdoutLine: {'line': b'-- Up-to-date: /home/mustardking/ws_sensor_combined/install/px4_msgs/include/px4_msgs/px4_msgs/msg/detail/ulog_stream__functions.c\n'}
[1.265285] (px4_msgs) StdoutLine: {'line': b'-- Up-to-date: /home/mustardking/ws_sensor_combined/install/px4_msgs/include/px4_msgs/px4_msgs/msg/detail/position_setpoint__struct.h\n'}
[1.265340] (px4_msgs) StdoutLine: {'line': b'-- Up-to-date: /home/mustardking/ws_sensor_combined/install/px4_msgs/include/px4_msgs/px4_msgs/msg/detail/navigator_mission_item__functions.c\n'}
[1.265375] (px4_msgs) StdoutLine: {'line': b'-- Up-to-date: /home/mustardking/ws_sensor_combined/install/px4_msgs/include/px4_msgs/px4_msgs/msg/detail/landing_target_innovations__functions.c\n'}
[1.265415] (px4_msgs) StdoutLine: {'line': b'-- Up-to-date: /home/mustardking/ws_sensor_combined/install/px4_msgs/include/px4_msgs/px4_msgs/msg/detail/sensor_hygrometer__functions.c\n'}
[1.265479] (px4_msgs) StdoutLine: {'line': b'-- Up-to-date: /home/mustardking/ws_sensor_combined/install/px4_msgs/include/px4_msgs/px4_msgs/msg/detail/failsafe_flags__type_support.h\n'}
[1.265516] (px4_msgs) StdoutLine: {'line': b'-- Up-to-date: /home/mustardking/ws_sensor_combined/install/px4_msgs/include/px4_msgs/px4_msgs/msg/detail/sensor_mag__type_support.h\n'}
[1.265567] (px4_msgs) StdoutLine: {'line': b'-- Up-to-date: /home/mustardking/ws_sensor_combined/install/px4_msgs/include/px4_msgs/px4_msgs/msg/detail/estimator_gps_status__functions.c\n'}
[1.265641] (px4_msgs) StdoutLine: {'line': b'-- Up-to-date: /home/mustardking/ws_sensor_combined/install/px4_msgs/include/px4_msgs/px4_msgs/msg/detail/sensor_gyro__functions.h\n'}
[1.265674] (px4_msgs) StdoutLine: {'line': b'-- Up-to-date: /home/mustardking/ws_sensor_combined/install/px4_msgs/include/px4_msgs/px4_msgs/msg/detail/ekf2_timestamps__functions.c\n'}
[1.265705] (px4_msgs) StdoutLine: {'line': b'-- Up-to-date: /home/mustardking/ws_sensor_combined/install/px4_msgs/include/px4_msgs/px4_msgs/msg/detail/estimator_aid_source3d__type_support.h\n'}
[1.265750] (px4_msgs) StdoutLine: {'line': b'-- Up-to-date: /home/mustardking/ws_sensor_combined/install/px4_msgs/include/px4_msgs/px4_msgs/msg/detail/sensors_status_imu__type_support.h\n'}
[1.265788] (px4_msgs) StdoutLine: {'line': b'-- Up-to-date: /home/mustardking/ws_sensor_combined/install/px4_msgs/include/px4_msgs/px4_msgs/msg/detail/estimator_aid_source2d__functions.c\n'}
[1.265828] (px4_msgs) StdoutLine: {'line': b'-- Up-to-date: /home/mustardking/ws_sensor_combined/install/px4_msgs/include/px4_msgs/px4_msgs/msg/detail/landing_gear_wheel__type_support.h\n'}
[1.265875] (px4_msgs) StdoutLine: {'line': b'-- Up-to-date: /home/mustardking/ws_sensor_combined/install/px4_msgs/include/px4_msgs/px4_msgs/msg/detail/rover_attitude_setpoint__functions.c\n'}
[1.265910] (px4_msgs) StdoutLine: {'line': b'-- Up-to-date: /home/mustardking/ws_sensor_combined/install/px4_msgs/include/px4_msgs/px4_msgs/msg/detail/vehicle_imu_status__functions.h\n'}
[1.265960] (px4_msgs) StdoutLine: {'line': b'-- Up-to-date: /home/mustardking/ws_sensor_combined/install/px4_msgs/include/px4_msgs/px4_msgs/msg/detail/vehicle_angular_velocity__struct.h\n'}
[1.265999] (px4_msgs) StdoutLine: {'line': b'-- Up-to-date: /home/mustardking/ws_sensor_combined/install/px4_msgs/include/px4_msgs/px4_msgs/msg/detail/open_drone_id_arm_status__struct.h\n'}
[1.266066] (px4_msgs) StdoutLine: {'line': b'-- Up-to-date: /home/mustardking/ws_sensor_combined/install/px4_msgs/include/px4_msgs/px4_msgs/msg/detail/navigator_mission_item__struct.h\n'}
[1.266112] (px4_msgs) StdoutLine: {'line': b'-- Up-to-date: /home/mustardking/ws_sensor_combined/install/px4_msgs/include/px4_msgs/px4_msgs/msg/detail/debug_key_value__functions.h\n'}
[1.266149] (px4_msgs) StdoutLine: {'line': b'-- Up-to-date: /home/mustardking/ws_sensor_combined/install/px4_msgs/include/px4_msgs/px4_msgs/msg/detail/tecs_status__type_support.h\n'}
[1.266186] (px4_msgs) StdoutLine: {'line': b'-- Up-to-date: /home/mustardking/ws_sensor_combined/install/px4_msgs/include/px4_msgs/px4_msgs/msg/detail/follow_target_status__struct.h\n'}
[1.266769] (px4_msgs) StdoutLine: {'line': b'-- Up-to-date: /home/mustardking/ws_sensor_combined/install/px4_msgs/include/px4_msgs/px4_msgs/msg/detail/open_drone_id_self_id__type_support.h\n'}
[1.266801] (px4_msgs) StdoutLine: {'line': b'-- Up-to-date: /home/mustardking/ws_sensor_combined/install/px4_msgs/include/px4_msgs/px4_msgs/msg/detail/home_position__struct.h\n'}
[1.267110] (px4_msgs) StdoutLine: {'line': b'-- Up-to-date: /home/mustardking/ws_sensor_combined/install/px4_msgs/include/px4_msgs/px4_msgs/msg/detail/rc_parameter_map__functions.c\n'}
[1.267148] (px4_msgs) StdoutLine: {'line': b'-- Up-to-date: /home/mustardking/ws_sensor_combined/install/px4_msgs/include/px4_msgs/px4_msgs/msg/detail/config_overrides__functions.c\n'}
[1.267432] (px4_msgs) StdoutLine: {'line': b'-- Up-to-date: /home/mustardking/ws_sensor_combined/install/px4_msgs/include/px4_msgs/px4_msgs/msg/detail/arming_check_request__functions.h\n'}
[1.267486] (px4_msgs) StdoutLine: {'line': b'-- Up-to-date: /home/mustardking/ws_sensor_combined/install/px4_msgs/include/px4_msgs/px4_msgs/msg/detail/mission_result__functions.h\n'}
[1.267523] (px4_msgs) StdoutLine: {'line': b'-- Up-to-date: /home/mustardking/ws_sensor_combined/install/px4_msgs/include/px4_msgs/px4_msgs/msg/detail/debug_key_value__type_support.h\n'}
[1.267570] (px4_msgs) StdoutLine: {'line': b'-- Up-to-date: /home/mustardking/ws_sensor_combined/install/px4_msgs/include/px4_msgs/px4_msgs/msg/detail/gpio_request__functions.c\n'}
[1.267600] (px4_msgs) StdoutLine: {'line': b'-- Up-to-date: /home/mustardking/ws_sensor_combined/install/px4_msgs/include/px4_msgs/px4_msgs/msg/detail/estimator_gps_status__functions.h\n'}
[1.267637] (px4_msgs) StdoutLine: {'line': b'-- Up-to-date: /home/mustardking/ws_sensor_combined/install/px4_msgs/include/px4_msgs/px4_msgs/msg/detail/geofence_result__functions.c\n'}
[1.267677] (px4_msgs) StdoutLine: {'line': b'-- Up-to-date: /home/mustardking/ws_sensor_combined/install/px4_msgs/include/px4_msgs/px4_msgs/msg/detail/vtol_vehicle_status__type_support.h\n'}
[1.267733] (px4_msgs) StdoutLine: {'line': b'-- Up-to-date: /home/mustardking/ws_sensor_combined/install/px4_msgs/include/px4_msgs/px4_msgs/msg/detail/orb_test__functions.c\n'}
[1.267767] (px4_msgs) StdoutLine: {'line': b'-- Up-to-date: /home/mustardking/ws_sensor_combined/install/px4_msgs/include/px4_msgs/px4_msgs/msg/detail/offboard_control_mode__functions.c\n'}
[1.267856] (px4_msgs) StdoutLine: {'line': b'-- Up-to-date: /home/mustardking/ws_sensor_combined/install/px4_msgs/include/px4_msgs/px4_msgs/msg/detail/generator_status__struct.h\n'}
[1.267890] (px4_msgs) StdoutLine: {'line': b'-- Up-to-date: /home/mustardking/ws_sensor_combined/install/px4_msgs/include/px4_msgs/px4_msgs/msg/detail/differential_pressure__functions.c\n'}
[1.267921] (px4_msgs) StdoutLine: {'line': b'-- Up-to-date: /home/mustardking/ws_sensor_combined/install/px4_msgs/include/px4_msgs/px4_msgs/msg/detail/vehicle_acceleration__struct.h\n'}
[1.267957] (px4_msgs) StdoutLine: {'line': b'-- Up-to-date: /home/mustardking/ws_sensor_combined/install/px4_msgs/include/px4_msgs/px4_msgs/msg/detail/trajectory_setpoint6dof__type_support.h\n'}
[1.267996] (px4_msgs) StdoutLine: {'line': b'-- Up-to-date: /home/mustardking/ws_sensor_combined/install/px4_msgs/include/px4_msgs/px4_msgs/msg/detail/rover_rate_setpoint__functions.h\n'}
[1.268027] (px4_msgs) StdoutLine: {'line': b'-- Up-to-date: /home/mustardking/ws_sensor_combined/install/px4_msgs/include/px4_msgs/px4_msgs/msg/detail/telemetry_status__type_support.h\n'}
[1.268069] (px4_msgs) StdoutLine: {'line': b'-- Up-to-date: /home/mustardking/ws_sensor_combined/install/px4_msgs/include/px4_msgs/px4_msgs/msg/detail/pwm_input__functions.c\n'}
[1.268105] (px4_msgs) StdoutLine: {'line': b'-- Up-to-date: /home/mustardking/ws_sensor_combined/install/px4_msgs/include/px4_msgs/px4_msgs/msg/detail/vehicle_rates_setpoint__struct.h\n'}
[1.268150] (px4_msgs) StdoutLine: {'line': b'-- Up-to-date: /home/mustardking/ws_sensor_combined/install/px4_msgs/include/px4_msgs/px4_msgs/msg/detail/sensor_accel__struct.h\n'}
[1.268194] (px4_msgs) StdoutLine: {'line': b'-- Up-to-date: /home/mustardking/ws_sensor_combined/install/px4_msgs/include/px4_msgs/px4_msgs/msg/detail/irlock_report__struct.h\n'}
[1.268234] (px4_msgs) StdoutLine: {'line': b'-- Up-to-date: /home/mustardking/ws_sensor_combined/install/px4_msgs/include/px4_msgs/px4_msgs/msg/detail/mavlink_log__functions.c\n'}
[1.268277] (px4_msgs) StdoutLine: {'line': b'-- Up-to-date: /home/mustardking/ws_sensor_combined/install/px4_msgs/include/px4_msgs/px4_msgs/msg/detail/vtol_vehicle_status__functions.h\n'}
[1.268375] (px4_msgs) StdoutLine: {'line': b'-- Up-to-date: /home/mustardking/ws_sensor_combined/install/px4_msgs/include/px4_msgs/px4_msgs/msg/detail/actuator_motors__functions.h\n'}
[1.268552] (px4_msgs) StdoutLine: {'line': b'-- Up-to-date: /home/mustardking/ws_sensor_combined/install/px4_msgs/include/px4_msgs/px4_msgs/msg/detail/gripper__struct.h\n'}
[1.268636] (px4_msgs) StdoutLine: {'line': b'-- Up-to-date: /home/mustardking/ws_sensor_combined/install/px4_msgs/include/px4_msgs/px4_msgs/msg/detail/control_allocator_status__functions.c\n'}
[1.268681] (px4_msgs) StdoutLine: {'line': b'-- Up-to-date: /home/mustardking/ws_sensor_combined/install/px4_msgs/include/px4_msgs/px4_msgs/msg/detail/sensor_uwb__struct.h\n'}
[1.268722] (px4_msgs) StdoutLine: {'line': b'-- Up-to-date: /home/mustardking/ws_sensor_combined/install/px4_msgs/include/px4_msgs/px4_msgs/msg/detail/open_drone_id_operator_id__struct.h\n'}
[1.268786] (px4_msgs) StdoutLine: {'line': b'-- Up-to-date: /home/mustardking/ws_sensor_combined/install/px4_msgs/include/px4_msgs/px4_msgs/msg/detail/estimator_gps_status__type_support.h\n'}
[1.268831] (px4_msgs) StdoutLine: {'line': b'-- Up-to-date: /home/mustardking/ws_sensor_combined/install/px4_msgs/include/px4_msgs/px4_msgs/msg/detail/actuator_outputs__functions.h\n'}
[1.268868] (px4_msgs) StdoutLine: {'line': b'-- Up-to-date: /home/mustardking/ws_sensor_combined/install/px4_msgs/include/px4_msgs/px4_msgs/msg/detail/rover_throttle_setpoint__functions.h\n'}
[1.268903] (px4_msgs) StdoutLine: {'line': b'-- Up-to-date: /home/mustardking/ws_sensor_combined/install/px4_msgs/include/px4_msgs/px4_msgs/msg/detail/landing_gear__functions.h\n'}
[1.268945] (px4_msgs) StdoutLine: {'line': b'-- Up-to-date: /home/mustardking/ws_sensor_combined/install/px4_msgs/include/px4_msgs/px4_msgs/msg/detail/gimbal_manager_set_manual_control__type_support.h\n'}
[1.268979] (px4_msgs) StdoutLine: {'line': b'-- Up-to-date: /home/mustardking/ws_sensor_combined/install/px4_msgs/include/px4_msgs/px4_msgs/msg/detail/vehicle_rates_setpoint__functions.h\n'}
[1.269037] (px4_msgs) StdoutLine: {'line': b'-- Up-to-date: /home/mustardking/ws_sensor_combined/install/px4_msgs/include/px4_msgs/px4_msgs/msg/detail/estimator_sensor_bias__struct.h\n'}
[1.269203] (px4_msgs) StdoutLine: {'line': b'-- Up-to-date: /home/mustardking/ws_sensor_combined/install/px4_msgs/include/px4_msgs/px4_msgs/msg/detail/wheel_encoders__type_support.h\n'}
[1.269242] (px4_msgs) StdoutLine: {'line': b'-- Up-to-date: /home/mustardking/ws_sensor_combined/install/px4_msgs/include/px4_msgs/px4_msgs/msg/detail/vehicle_angular_velocity__type_support.h\n'}
[1.269281] (px4_msgs) StdoutLine: {'line': b'-- Up-to-date: /home/mustardking/ws_sensor_combined/install/px4_msgs/include/px4_msgs/px4_msgs/msg/detail/geofence_result__struct.h\n'}
[1.269326] (px4_msgs) StdoutLine: {'line': b'-- Up-to-date: /home/mustardking/ws_sensor_combined/install/px4_msgs/include/px4_msgs/px4_msgs/msg/detail/fixed_wing_lateral_guidance_status__type_support.h\n'}
[1.269372] (px4_msgs) StdoutLine: {'line': b'-- Up-to-date: /home/mustardking/ws_sensor_combined/install/px4_msgs/include/px4_msgs/px4_msgs/msg/detail/vehicle_imu__type_support.h\n'}
[1.269438] (px4_msgs) StdoutLine: {'line': b'-- Up-to-date: /home/mustardking/ws_sensor_combined/install/px4_msgs/include/px4_msgs/px4_msgs/msg/detail/timesync_status__functions.h\n'}
[1.269486] (px4_msgs) StdoutLine: {'line': b'-- Up-to-date: /home/mustardking/ws_sensor_combined/install/px4_msgs/include/px4_msgs/px4_msgs/msg/detail/config_overrides__functions.h\n'}
[1.269528] (px4_msgs) StdoutLine: {'line': b'-- Up-to-date: /home/mustardking/ws_sensor_combined/install/px4_msgs/include/px4_msgs/px4_msgs/msg/detail/sensor_mag__struct.h\n'}
[1.269581] (px4_msgs) StdoutLine: {'line': b'-- Up-to-date: /home/mustardking/ws_sensor_combined/install/px4_msgs/include/px4_msgs/px4_msgs/msg/detail/sensor_gnss_relative__functions.h\n'}
[1.269621] (px4_msgs) StdoutLine: {'line': b'-- Up-to-date: /home/mustardking/ws_sensor_combined/install/px4_msgs/include/px4_msgs/px4_msgs/msg/detail/gimbal_manager_set_manual_control__functions.h\n'}
[1.269654] (px4_msgs) StdoutLine: {'line': b'-- Up-to-date: /home/mustardking/ws_sensor_combined/install/px4_msgs/include/px4_msgs/px4_msgs/msg/detail/ulog_stream__type_support.h\n'}
[1.269698] (px4_msgs) StdoutLine: {'line': b'-- Up-to-date: /home/mustardking/ws_sensor_combined/install/px4_msgs/include/px4_msgs/px4_msgs/msg/detail/dataman_request__type_support.h\n'}
[1.269743] (px4_msgs) StdoutLine: {'line': b'-- Up-to-date: /home/mustardking/ws_sensor_combined/install/px4_msgs/include/px4_msgs/px4_msgs/msg/detail/gpio_config__functions.c\n'}
[1.269773] (px4_msgs) StdoutLine: {'line': b'-- Up-to-date: /home/mustardking/ws_sensor_combined/install/px4_msgs/include/px4_msgs/px4_msgs/msg/detail/airspeed_validated__type_support.h\n'}
[1.269826] (px4_msgs) StdoutLine: {'line': b'-- Up-to-date: /home/mustardking/ws_sensor_combined/install/px4_msgs/include/px4_msgs/px4_msgs/msg/detail/airspeed_wind__functions.c\n'}
[1.269850] (px4_msgs) StdoutLine: {'line': b'-- Up-to-date: /home/mustardking/ws_sensor_combined/install/px4_msgs/include/px4_msgs/px4_msgs/msg/detail/distance_sensor_mode_change_request__functions.h\n'}
[1.269880] (px4_msgs) StdoutLine: {'line': b'-- Up-to-date: /home/mustardking/ws_sensor_combined/install/px4_msgs/include/px4_msgs/px4_msgs/msg/detail/px4io_status__type_support.h\n'}
[1.269945] (px4_msgs) StdoutLine: {'line': b'-- Up-to-date: /home/mustardking/ws_sensor_combined/install/px4_msgs/include/px4_msgs/px4_msgs/msg/detail/rtl_time_estimate__functions.h\n'}
[1.269979] (px4_msgs) StdoutLine: {'line': b'-- Up-to-date: /home/mustardking/ws_sensor_combined/install/px4_msgs/include/px4_msgs/px4_msgs/msg/detail/parameter_set_used_request__functions.h\n'}
[1.270030] (px4_msgs) StdoutLine: {'line': b'-- Up-to-date: /home/mustardking/ws_sensor_combined/install/px4_msgs/include/px4_msgs/px4_msgs/msg/detail/landing_target_innovations__struct.h\n'}
[1.270065] (px4_msgs) StdoutLine: {'line': b'-- Up-to-date: /home/mustardking/ws_sensor_combined/install/px4_msgs/include/px4_msgs/px4_msgs/msg/detail/fixed_wing_lateral_setpoint__functions.h\n'}
[1.270104] (px4_msgs) StdoutLine: {'line': b'-- Up-to-date: /home/mustardking/ws_sensor_combined/install/px4_msgs/include/px4_msgs/px4_msgs/msg/detail/vehicle_local_position_setpoint__functions.h\n'}
[1.270144] (px4_msgs) StdoutLine: {'line': b'-- Up-to-date: /home/mustardking/ws_sensor_combined/install/px4_msgs/include/px4_msgs/px4_msgs/msg/detail/can_interface_status__functions.h\n'}
[1.270180] (px4_msgs) StdoutLine: {'line': b'-- Up-to-date: /home/mustardking/ws_sensor_combined/install/px4_msgs/include/px4_msgs/px4_msgs/msg/detail/logger_status__functions.h\n'}
[1.270361] (px4_msgs) StdoutLine: {'line': b'-- Up-to-date: /home/mustardking/ws_sensor_combined/install/px4_msgs/include/px4_msgs/px4_msgs/msg/detail/rate_ctrl_status__struct.h\n'}
[1.270392] (px4_msgs) StdoutLine: {'line': b'-- Up-to-date: /home/mustardking/ws_sensor_combined/install/px4_msgs/include/px4_msgs/px4_msgs/msg/detail/vehicle_air_data__struct.h\n'}
[1.270417] (px4_msgs) StdoutLine: {'line': b'-- Up-to-date: /home/mustardking/ws_sensor_combined/install/px4_msgs/include/px4_msgs/px4_msgs/msg/detail/onboard_computer_status__struct.h\n'}
[1.270442] (px4_msgs) StdoutLine: {'line': b'-- Up-to-date: /home/mustardking/ws_sensor_combined/install/px4_msgs/include/px4_msgs/px4_msgs/msg/detail/register_ext_component_request__functions.c\n'}
[1.270467] (px4_msgs) StdoutLine: {'line': b'-- Up-to-date: /home/mustardking/ws_sensor_combined/install/px4_msgs/include/px4_msgs/px4_msgs/msg/detail/event__functions.c\n'}
[1.270491] (px4_msgs) StdoutLine: {'line': b'-- Up-to-date: /home/mustardking/ws_sensor_combined/install/px4_msgs/include/px4_msgs/px4_msgs/msg/detail/sensor_uwb__type_support.h\n'}
[1.270526] (px4_msgs) StdoutLine: {'line': b'-- Up-to-date: /home/mustardking/ws_sensor_combined/install/px4_msgs/include/px4_msgs/px4_msgs/msg/detail/parameter_set_value_request__struct.h\n'}
[1.270552] (px4_msgs) StdoutLine: {'line': b'-- Up-to-date: /home/mustardking/ws_sensor_combined/install/px4_msgs/include/px4_msgs/px4_msgs/msg/detail/airspeed__functions.c\n'}
[1.270585] (px4_msgs) StdoutLine: {'line': b'-- Up-to-date: /home/mustardking/ws_sensor_combined/install/px4_msgs/include/px4_msgs/px4_msgs/msg/detail/estimator_status__functions.c\n'}
[1.270634] (px4_msgs) StdoutLine: {'line': b'-- Up-to-date: /home/mustardking/ws_sensor_combined/install/px4_msgs/include/px4_msgs/px4_msgs/msg/detail/dronecan_node_status__struct.h\n'}
[1.270672] (px4_msgs) StdoutLine: {'line': b'-- Up-to-date: /home/mustardking/ws_sensor_combined/install/px4_msgs/include/px4_msgs/px4_msgs/msg/detail/dronecan_node_status__functions.h\n'}
[1.270709] (px4_msgs) StdoutLine: {'line': b'-- Up-to-date: /home/mustardking/ws_sensor_combined/install/px4_msgs/include/px4_msgs/px4_msgs/msg/detail/position_controller_status__functions.h\n'}
[1.270746] (px4_msgs) StdoutLine: {'line': b'-- Up-to-date: /home/mustardking/ws_sensor_combined/install/px4_msgs/include/px4_msgs/px4_msgs/msg/detail/gimbal_controls__functions.h\n'}
[1.270782] (px4_msgs) StdoutLine: {'line': b'-- Up-to-date: /home/mustardking/ws_sensor_combined/install/px4_msgs/include/px4_msgs/px4_msgs/msg/detail/estimator_bias__functions.c\n'}
[1.282545] (px4_msgs) StdoutLine: {'line': b'-- Up-to-date: /home/mustardking/ws_sensor_combined/install/px4_msgs/include/px4_msgs/px4_msgs/msg/detail/home_position__functions.c\n'}
[1.283056] (px4_msgs) StdoutLine: {'line': b'-- Up-to-date: /home/mustardking/ws_sensor_combined/install/px4_msgs/include/px4_msgs/px4_msgs/msg/detail/rover_speed_status__functions.h\n'}
[1.283086] (px4_msgs) StdoutLine: {'line': b'-- Up-to-date: /home/mustardking/ws_sensor_combined/install/px4_msgs/include/px4_msgs/px4_msgs/msg/detail/cpuload__type_support.h\n'}
[1.283116] (px4_msgs) StdoutLine: {'line': b'-- Up-to-date: /home/mustardking/ws_sensor_combined/install/px4_msgs/include/px4_msgs/px4_msgs/msg/detail/manual_control_setpoint__functions.c\n'}
[1.283141] (px4_msgs) StdoutLine: {'line': b'-- Up-to-date: /home/mustardking/ws_sensor_combined/install/px4_msgs/include/px4_msgs/px4_msgs/msg/detail/adc_report__functions.c\n'}
[1.283166] (px4_msgs) StdoutLine: {'line': b'-- Up-to-date: /home/mustardking/ws_sensor_combined/install/px4_msgs/include/px4_msgs/px4_msgs/msg/detail/landing_target_innovations__functions.h\n'}
[1.283191] (px4_msgs) StdoutLine: {'line': b'-- Up-to-date: /home/mustardking/ws_sensor_combined/install/px4_msgs/include/px4_msgs/px4_msgs/msg/detail/normalized_unsigned_setpoint__type_support.h\n'}
[1.283216] (px4_msgs) StdoutLine: {'line': b'-- Up-to-date: /home/mustardking/ws_sensor_combined/install/px4_msgs/include/px4_msgs/px4_msgs/msg/detail/landing_gear__functions.c\n'}
[1.283240] (px4_msgs) StdoutLine: {'line': b'-- Up-to-date: /home/mustardking/ws_sensor_combined/install/px4_msgs/include/px4_msgs/px4_msgs/msg/detail/rover_attitude_setpoint__struct.h\n'}
[1.283264] (px4_msgs) StdoutLine: {'line': b'-- Up-to-date: /home/mustardking/ws_sensor_combined/install/px4_msgs/include/px4_msgs/px4_msgs/msg/detail/estimator_aid_source3d__functions.h\n'}
[1.283288] (px4_msgs) StdoutLine: {'line': b'-- Up-to-date: /home/mustardking/ws_sensor_combined/install/px4_msgs/include/px4_msgs/px4_msgs/msg/detail/internal_combustion_engine_control__functions.c\n'}
[1.283312] (px4_msgs) StdoutLine: {'line': b'-- Up-to-date: /home/mustardking/ws_sensor_combined/install/px4_msgs/include/px4_msgs/px4_msgs/msg/detail/generator_status__functions.h\n'}
[1.283336] (px4_msgs) StdoutLine: {'line': b'-- Up-to-date: /home/mustardking/ws_sensor_combined/install/px4_msgs/include/px4_msgs/px4_msgs/msg/detail/vehicle_angular_acceleration_setpoint__functions.h\n'}
[1.283361] (px4_msgs) StdoutLine: {'line': b'-- Up-to-date: /home/mustardking/ws_sensor_combined/install/px4_msgs/include/px4_msgs/px4_msgs/msg/detail/arming_check_request__functions.c\n'}
[1.283393] (px4_msgs) StdoutLine: {'line': b'-- Up-to-date: /home/mustardking/ws_sensor_combined/install/px4_msgs/include/px4_msgs/px4_msgs/msg/detail/battery_status__functions.h\n'}
[1.283420] (px4_msgs) StdoutLine: {'line': b'-- Up-to-date: /home/mustardking/ws_sensor_combined/install/px4_msgs/include/px4_msgs/px4_msgs/msg/detail/vehicle_land_detected__struct.h\n'}
[1.283444] (px4_msgs) StdoutLine: {'line': b'-- Up-to-date: /home/mustardking/ws_sensor_combined/install/px4_msgs/include/px4_msgs/px4_msgs/msg/detail/power_monitor__functions.c\n'}
[1.283468] (px4_msgs) StdoutLine: {'line': b'-- Up-to-date: /home/mustardking/ws_sensor_combined/install/px4_msgs/include/px4_msgs/px4_msgs/msg/detail/flight_phase_estimation__functions.h\n'}
[1.283493] (px4_msgs) StdoutLine: {'line': b'-- Up-to-date: /home/mustardking/ws_sensor_combined/install/px4_msgs/include/px4_msgs/px4_msgs/msg/detail/ulog_stream_ack__functions.h\n'}
[1.283517] (px4_msgs) StdoutLine: {'line': b'-- Up-to-date: /home/mustardking/ws_sensor_combined/install/px4_msgs/include/px4_msgs/px4_msgs/msg/detail/vehicle_imu_status__type_support.h\n'}
[1.283541] (px4_msgs) StdoutLine: {'line': b'-- Up-to-date: /home/mustardking/ws_sensor_combined/install/px4_msgs/include/px4_msgs/px4_msgs/msg/detail/actuator_motors__functions.c\n'}
[1.283565] (px4_msgs) StdoutLine: {'line': b'-- Up-to-date: /home/mustardking/ws_sensor_combined/install/px4_msgs/include/px4_msgs/px4_msgs/msg/detail/rover_attitude_setpoint__type_support.h\n'}
[1.283589] (px4_msgs) StdoutLine: {'line': b'-- Up-to-date: /home/mustardking/ws_sensor_combined/install/px4_msgs/include/px4_msgs/px4_msgs/msg/detail/parameter_reset_request__struct.h\n'}
[1.283612] (px4_msgs) StdoutLine: {'line': b'-- Up-to-date: /home/mustardking/ws_sensor_combined/install/px4_msgs/include/px4_msgs/px4_msgs/msg/detail/vehicle_odometry__struct.h\n'}
[1.283639] (px4_msgs) StdoutLine: {'line': b'-- Up-to-date: /home/mustardking/ws_sensor_combined/install/px4_msgs/include/px4_msgs/px4_msgs/msg/detail/ping__functions.c\n'}
[1.283663] (px4_msgs) StdoutLine: {'line': b'-- Up-to-date: /home/mustardking/ws_sensor_combined/install/px4_msgs/include/px4_msgs/px4_msgs/msg/detail/landing_target_pose__functions.c\n'}
[1.283832] (px4_msgs) StdoutLine: {'line': b'-- Up-to-date: /home/mustardking/ws_sensor_combined/install/px4_msgs/include/px4_msgs/px4_msgs/msg/detail/uavcan_parameter_value__type_support.h\n'}
[1.283859] (px4_msgs) StdoutLine: {'line': b'-- Up-to-date: /home/mustardking/ws_sensor_combined/install/px4_msgs/include/px4_msgs/px4_msgs/msg/detail/ekf2_timestamps__type_support.h\n'}
[1.283886] (px4_msgs) StdoutLine: {'line': b'-- Up-to-date: /home/mustardking/ws_sensor_combined/install/px4_msgs/include/px4_msgs/px4_msgs/msg/detail/vehicle_status__functions.h\n'}
[1.283910] (px4_msgs) StdoutLine: {'line': b'-- Up-to-date: /home/mustardking/ws_sensor_combined/install/px4_msgs/include/px4_msgs/px4_msgs/msg/detail/sensor_airflow__struct.h\n'}
[1.283934] (px4_msgs) StdoutLine: {'line': b'-- Up-to-date: /home/mustardking/ws_sensor_combined/install/px4_msgs/include/px4_msgs/px4_msgs/msg/detail/position_setpoint_triplet__functions.h\n'}
[1.283958] (px4_msgs) StdoutLine: {'line': b'-- Up-to-date: /home/mustardking/ws_sensor_combined/install/px4_msgs/include/px4_msgs/px4_msgs/msg/detail/debug_array__functions.c\n'}
[1.283982] (px4_msgs) StdoutLine: {'line': b'-- Up-to-date: /home/mustardking/ws_sensor_combined/install/px4_msgs/include/px4_msgs/px4_msgs/msg/detail/sensor_gyro_fifo__functions.h\n'}
[1.284007] (px4_msgs) StdoutLine: {'line': b'-- Up-to-date: /home/mustardking/ws_sensor_combined/install/px4_msgs/include/px4_msgs/px4_msgs/msg/detail/open_drone_id_arm_status__functions.h\n'}
[1.284031] (px4_msgs) StdoutLine: {'line': b'-- Up-to-date: /home/mustardking/ws_sensor_combined/install/px4_msgs/include/px4_msgs/px4_msgs/msg/detail/control_allocator_status__functions.h\n'}
[1.284054] (px4_msgs) StdoutLine: {'line': b'-- Up-to-date: /home/mustardking/ws_sensor_combined/install/px4_msgs/include/px4_msgs/px4_msgs/msg/detail/power_monitor__functions.h\n'}
[1.284079] (px4_msgs) StdoutLine: {'line': b'-- Up-to-date: /home/mustardking/ws_sensor_combined/install/px4_msgs/include/px4_msgs/px4_msgs/msg/detail/gimbal_manager_information__type_support.h\n'}
[1.284102] (px4_msgs) StdoutLine: {'line': b'-- Up-to-date: /home/mustardking/ws_sensor_combined/install/px4_msgs/include/px4_msgs/px4_msgs/msg/detail/parameter_reset_request__functions.c\n'}
[1.284126] (px4_msgs) StdoutLine: {'line': b'-- Up-to-date: /home/mustardking/ws_sensor_combined/install/px4_msgs/include/px4_msgs/px4_msgs/msg/detail/vehicle_thrust_setpoint__type_support.h\n'}
[1.284150] (px4_msgs) StdoutLine: {'line': b'-- Up-to-date: /home/mustardking/ws_sensor_combined/install/px4_msgs/include/px4_msgs/px4_msgs/msg/detail/gps_dump__type_support.h\n'}
[1.284174] (px4_msgs) StdoutLine: {'line': b'-- Up-to-date: /home/mustardking/ws_sensor_combined/install/px4_msgs/include/px4_msgs/px4_msgs/msg/detail/wheel_encoders__functions.h\n'}
[1.284198] (px4_msgs) StdoutLine: {'line': b'-- Up-to-date: /home/mustardking/ws_sensor_combined/install/px4_msgs/include/px4_msgs/px4_msgs/msg/detail/landing_gear_wheel__functions.c\n'}
[1.284222] (px4_msgs) StdoutLine: {'line': b'-- Up-to-date: /home/mustardking/ws_sensor_combined/install/px4_msgs/include/px4_msgs/px4_msgs/msg/detail/rover_attitude_status__functions.h\n'}
[1.284246] (px4_msgs) StdoutLine: {'line': b'-- Up-to-date: /home/mustardking/ws_sensor_combined/install/px4_msgs/include/px4_msgs/px4_msgs/msg/detail/estimator_status_flags__functions.h\n'}
[1.284269] (px4_msgs) StdoutLine: {'line': b'-- Up-to-date: /home/mustardking/ws_sensor_combined/install/px4_msgs/include/px4_msgs/px4_msgs/msg/detail/fixed_wing_lateral_status__functions.c\n'}
[1.284293] (px4_msgs) StdoutLine: {'line': b'-- Up-to-date: /home/mustardking/ws_sensor_combined/install/px4_msgs/include/px4_msgs/px4_msgs/msg/detail/generator_status__functions.c\n'}
[1.284319] (px4_msgs) StdoutLine: {'line': b'-- Up-to-date: /home/mustardking/ws_sensor_combined/install/px4_msgs/include/px4_msgs/px4_msgs/msg/detail/mag_worker_data__functions.c\n'}
[1.284343] (px4_msgs) StdoutLine: {'line': b'-- Up-to-date: /home/mustardking/ws_sensor_combined/install/px4_msgs/include/px4_msgs/px4_msgs/msg/detail/vehicle_local_position__type_support.h\n'}
[1.284367] (px4_msgs) StdoutLine: {'line': b'-- Up-to-date: /home/mustardking/ws_sensor_combined/install/px4_msgs/include/px4_msgs/px4_msgs/msg/detail/gps_dump__functions.c\n'}
[1.284394] (px4_msgs) StdoutLine: {'line': b'-- Up-to-date: /home/mustardking/ws_sensor_combined/install/px4_msgs/include/px4_msgs/px4_msgs/msg/detail/yaw_estimator_status__functions.c\n'}
[1.284425] (px4_msgs) StdoutLine: {'line': b'-- Up-to-date: /home/mustardking/ws_sensor_combined/install/px4_msgs/include/px4_msgs/px4_msgs/msg/detail/vehicle_imu__functions.c\n'}
[1.284449] (px4_msgs) StdoutLine: {'line': b'-- Up-to-date: /home/mustardking/ws_sensor_combined/install/px4_msgs/include/px4_msgs/px4_msgs/msg/detail/power_button_state__functions.c\n'}
[1.284473] (px4_msgs) StdoutLine: {'line': b'-- Up-to-date: /home/mustardking/ws_sensor_combined/install/px4_msgs/include/px4_msgs/px4_msgs/msg/detail/lateral_control_configuration__functions.c\n'}
[1.284497] (px4_msgs) StdoutLine: {'line': b'-- Up-to-date: /home/mustardking/ws_sensor_combined/install/px4_msgs/include/px4_msgs/px4_msgs/msg/detail/sensor_accel_fifo__functions.c\n'}
[1.284520] (px4_msgs) StdoutLine: {'line': b'-- Up-to-date: /home/mustardking/ws_sensor_combined/install/px4_msgs/include/px4_msgs/px4_msgs/msg/detail/navigator_status__functions.h\n'}
[1.284555] (px4_msgs) StdoutLine: {'line': b'-- Up-to-date: /home/mustardking/ws_sensor_combined/install/px4_msgs/include/px4_msgs/px4_msgs/msg/detail/actuator_servos_trim__struct.h\n'}
[1.284586] (px4_msgs) StdoutLine: {'line': b'-- Up-to-date: /home/mustardking/ws_sensor_combined/install/px4_msgs/include/px4_msgs/px4_msgs/msg/detail/autotune_attitude_control_status__functions.c\n'}
[1.284611] (px4_msgs) StdoutLine: {'line': b'-- Up-to-date: /home/mustardking/ws_sensor_combined/install/px4_msgs/include/px4_msgs/px4_msgs/msg/detail/onboard_computer_status__type_support.h\n'}
[1.284635] (px4_msgs) StdoutLine: {'line': b'-- Up-to-date: /home/mustardking/ws_sensor_combined/install/px4_msgs/include/px4_msgs/px4_msgs/msg/detail/trajectory_setpoint__functions.c\n'}
[1.284658] (px4_msgs) StdoutLine: {'line': b'-- Up-to-date: /home/mustardking/ws_sensor_combined/install/px4_msgs/include/px4_msgs/px4_msgs/msg/detail/iridiumsbd_status__functions.c\n'}
[1.284682] (px4_msgs) StdoutLine: {'line': b'-- Up-to-date: /home/mustardking/ws_sensor_combined/install/px4_msgs/include/px4_msgs/px4_msgs/msg/detail/vehicle_local_position_setpoint__struct.h\n'}
[1.284705] (px4_msgs) StdoutLine: {'line': b'-- Up-to-date: /home/mustardking/ws_sensor_combined/install/px4_msgs/include/px4_msgs/px4_msgs/msg/detail/rc_parameter_map__functions.h\n'}
[1.284729] (px4_msgs) StdoutLine: {'line': b'-- Up-to-date: /home/mustardking/ws_sensor_combined/install/px4_msgs/include/px4_msgs/px4_msgs/msg/detail/task_stack_info__struct.h\n'}
[1.284753] (px4_msgs) StdoutLine: {'line': b'-- Up-to-date: /home/mustardking/ws_sensor_combined/install/px4_msgs/include/px4_msgs/px4_msgs/msg/detail/timesync_status__type_support.h\n'}
[1.284777] (px4_msgs) StdoutLine: {'line': b'-- Up-to-date: /home/mustardking/ws_sensor_combined/install/px4_msgs/include/px4_msgs/px4_msgs/msg/detail/iridiumsbd_status__type_support.h\n'}
[1.284801] (px4_msgs) StdoutLine: {'line': b'-- Up-to-date: /home/mustardking/ws_sensor_combined/install/px4_msgs/include/px4_msgs/px4_msgs/msg/detail/mavlink_log__struct.h\n'}
[1.284825] (px4_msgs) StdoutLine: {'line': b'-- Up-to-date: /home/mustardking/ws_sensor_combined/install/px4_msgs/include/px4_msgs/px4_msgs/msg/detail/neural_control__functions.c\n'}
[1.284848] (px4_msgs) StdoutLine: {'line': b'-- Up-to-date: /home/mustardking/ws_sensor_combined/install/px4_msgs/include/px4_msgs/px4_msgs/msg/detail/estimator_innovations__functions.c\n'}
[1.284874] (px4_msgs) StdoutLine: {'line': b'-- Up-to-date: /home/mustardking/ws_sensor_combined/install/px4_msgs/include/px4_msgs/px4_msgs/msg/detail/parameter_reset_request__functions.h\n'}
[1.284897] (px4_msgs) StdoutLine: {'line': b'-- Up-to-date: /home/mustardking/ws_sensor_combined/install/px4_msgs/include/px4_msgs/px4_msgs/msg/detail/action_request__type_support.h\n'}
[1.284922] (px4_msgs) StdoutLine: {'line': b'-- Up-to-date: /home/mustardking/ws_sensor_combined/install/px4_msgs/include/px4_msgs/px4_msgs/msg/detail/config_overrides__type_support.h\n'}
[1.284945] (px4_msgs) StdoutLine: {'line': b'-- Up-to-date: /home/mustardking/ws_sensor_combined/install/px4_msgs/include/px4_msgs/px4_msgs/msg/detail/orb_test_large__functions.h\n'}
[1.284969] (px4_msgs) StdoutLine: {'line': b'-- Up-to-date: /home/mustardking/ws_sensor_combined/install/px4_msgs/include/px4_msgs/px4_msgs/msg/detail/gimbal_device_information__functions.c\n'}
[1.284996] (px4_msgs) StdoutLine: {'line': b'-- Up-to-date: /home/mustardking/ws_sensor_combined/install/px4_msgs/include/px4_msgs/px4_msgs/msg/detail/rover_steering_setpoint__struct.h\n'}
[1.285021] (px4_msgs) StdoutLine: {'line': b'-- Up-to-date: /home/mustardking/ws_sensor_combined/install/px4_msgs/include/px4_msgs/px4_msgs/msg/detail/cellular_status__struct.h\n'}
[1.285045] (px4_msgs) StdoutLine: {'line': b'-- Up-to-date: /home/mustardking/ws_sensor_combined/install/px4_msgs/include/px4_msgs/px4_msgs/msg/detail/sensor_airflow__type_support.h\n'}
[1.285068] (px4_msgs) StdoutLine: {'line': b'-- Up-to-date: /home/mustardking/ws_sensor_combined/install/px4_msgs/include/px4_msgs/px4_msgs/msg/detail/fixed_wing_lateral_setpoint__functions.c\n'}
[1.285092] (px4_msgs) StdoutLine: {'line': b'-- Up-to-date: /home/mustardking/ws_sensor_combined/install/px4_msgs/include/px4_msgs/px4_msgs/msg/detail/sensor_combined__functions.c\n'}
[1.285117] (px4_msgs) StdoutLine: {'line': b'-- Up-to-date: /home/mustardking/ws_sensor_combined/install/px4_msgs/include/px4_msgs/px4_msgs/msg/detail/register_ext_component_reply__struct.h\n'}
[1.285141] (px4_msgs) StdoutLine: {'line': b'-- Up-to-date: /home/mustardking/ws_sensor_combined/install/px4_msgs/include/px4_msgs/px4_msgs/msg/detail/camera_capture__type_support.h\n'}
[1.285165] (px4_msgs) StdoutLine: {'line': b'-- Up-to-date: /home/mustardking/ws_sensor_combined/install/px4_msgs/include/px4_msgs/px4_msgs/msg/detail/fixed_wing_longitudinal_setpoint__functions.c\n'}
[1.285189] (px4_msgs) StdoutLine: {'line': b'-- Up-to-date: /home/mustardking/ws_sensor_combined/install/px4_msgs/include/px4_msgs/px4_msgs/msg/detail/actuator_test__type_support.h\n'}
[1.285212] (px4_msgs) StdoutLine: {'line': b'-- Up-to-date: /home/mustardking/ws_sensor_combined/install/px4_msgs/include/px4_msgs/px4_msgs/msg/detail/gps_inject_data__functions.c\n'}
[1.285237] (px4_msgs) StdoutLine: {'line': b'-- Up-to-date: /home/mustardking/ws_sensor_combined/install/px4_msgs/include/px4_msgs/px4_msgs/msg/detail/estimator_bias3d__functions.h\n'}
[1.285261] (px4_msgs) StdoutLine: {'line': b'-- Up-to-date: /home/mustardking/ws_sensor_combined/install/px4_msgs/include/px4_msgs/px4_msgs/msg/detail/gimbal_device_information__type_support.h\n'}
[1.285299] (px4_msgs) StdoutLine: {'line': b'-- Up-to-date: /home/mustardking/ws_sensor_combined/install/px4_msgs/include/px4_msgs/px4_msgs/msg/detail/estimator_bias3d__functions.c\n'}
[1.285323] (px4_msgs) StdoutLine: {'line': b'-- Up-to-date: /home/mustardking/ws_sensor_combined/install/px4_msgs/include/px4_msgs/px4_msgs/msg/detail/trajectory_setpoint6dof__functions.h\n'}
[1.285346] (px4_msgs) StdoutLine: {'line': b'-- Up-to-date: /home/mustardking/ws_sensor_combined/install/px4_msgs/include/px4_msgs/px4_msgs/msg/detail/open_drone_id_self_id__struct.h\n'}
[1.285370] (px4_msgs) StdoutLine: {'line': b'-- Up-to-date: /home/mustardking/ws_sensor_combined/install/px4_msgs/include/px4_msgs/px4_msgs/msg/detail/health_report__type_support.h\n'}
[1.285395] (px4_msgs) StdoutLine: {'line': b'-- Up-to-date: /home/mustardking/ws_sensor_combined/install/px4_msgs/include/px4_msgs/px4_msgs/msg/detail/manual_control_switches__functions.h\n'}
[1.285421] (px4_msgs) StdoutLine: {'line': b'-- Up-to-date: /home/mustardking/ws_sensor_combined/install/px4_msgs/include/px4_msgs/px4_msgs/msg/detail/orb_test_medium__functions.c\n'}
[1.285444] (px4_msgs) StdoutLine: {'line': b'-- Up-to-date: /home/mustardking/ws_sensor_combined/install/px4_msgs/include/px4_msgs/px4_msgs/msg/detail/dataman_request__functions.c\n'}
[1.285468] (px4_msgs) StdoutLine: {'line': b'-- Up-to-date: /home/mustardking/ws_sensor_combined/install/px4_msgs/include/px4_msgs/px4_msgs/msg/detail/message_format_response__struct.h\n'}
[1.285491] (px4_msgs) StdoutLine: {'line': b'-- Up-to-date: /home/mustardking/ws_sensor_combined/install/px4_msgs/include/px4_msgs/px4_msgs/msg/detail/estimator_sensor_bias__type_support.h\n'}
[1.285515] (px4_msgs) StdoutLine: {'line': b'-- Up-to-date: /home/mustardking/ws_sensor_combined/install/px4_msgs/include/px4_msgs/px4_msgs/msg/detail/vehicle_torque_setpoint__functions.h\n'}
[1.285538] (px4_msgs) StdoutLine: {'line': b'-- Up-to-date: /home/mustardking/ws_sensor_combined/install/px4_msgs/include/px4_msgs/px4_msgs/msg/detail/mount_orientation__functions.c\n'}
[1.285562] (px4_msgs) StdoutLine: {'line': b'-- Up-to-date: /home/mustardking/ws_sensor_combined/install/px4_msgs/include/px4_msgs/px4_msgs/msg/detail/gpio_request__type_support.h\n'}
[1.285586] (px4_msgs) StdoutLine: {'line': b'-- Up-to-date: /home/mustardking/ws_sensor_combined/install/px4_msgs/include/px4_msgs/px4_msgs/msg/detail/rover_steering_setpoint__type_support.h\n'}
[1.285609] (px4_msgs) StdoutLine: {'line': b'-- Up-to-date: /home/mustardking/ws_sensor_combined/install/px4_msgs/include/px4_msgs/px4_msgs/msg/detail/open_drone_id_system__struct.h\n'}
[1.285633] (px4_msgs) StdoutLine: {'line': b'-- Up-to-date: /home/mustardking/ws_sensor_combined/install/px4_msgs/include/px4_msgs/px4_msgs/msg/detail/landing_target_pose__struct.h\n'}
[1.285656] (px4_msgs) StdoutLine: {'line': b'-- Up-to-date: /home/mustardking/ws_sensor_combined/install/px4_msgs/include/px4_msgs/px4_msgs/msg/detail/mavlink_log__functions.h\n'}
[1.285679] (px4_msgs) StdoutLine: {'line': b'-- Up-to-date: /home/mustardking/ws_sensor_combined/install/px4_msgs/include/px4_msgs/px4_msgs/msg/detail/vehicle_land_detected__functions.c\n'}
[1.285703] (px4_msgs) StdoutLine: {'line': b'-- Up-to-date: /home/mustardking/ws_sensor_combined/install/px4_msgs/include/px4_msgs/px4_msgs/msg/detail/fixed_wing_longitudinal_setpoint__type_support.h\n'}
[1.285727] (px4_msgs) StdoutLine: {'line': b'-- Up-to-date: /home/mustardking/ws_sensor_combined/install/px4_msgs/include/px4_msgs/px4_msgs/msg/detail/position_setpoint__functions.h\n'}
[1.285750] (px4_msgs) StdoutLine: {'line': b'-- Up-to-date: /home/mustardking/ws_sensor_combined/install/px4_msgs/include/px4_msgs/px4_msgs/msg/detail/actuator_controls_status__functions.h\n'}
[1.285774] (px4_msgs) StdoutLine: {'line': b'-- Up-to-date: /home/mustardking/ws_sensor_combined/install/px4_msgs/include/px4_msgs/px4_msgs/msg/detail/unregister_ext_component__functions.h\n'}
[1.285798] (px4_msgs) StdoutLine: {'line': b'-- Up-to-date: /home/mustardking/ws_sensor_combined/install/px4_msgs/include/px4_msgs/px4_msgs/msg/detail/ekf2_timestamps__struct.h\n'}
[1.285821] (px4_msgs) StdoutLine: {'line': b'-- Up-to-date: /home/mustardking/ws_sensor_combined/install/px4_msgs/include/px4_msgs/px4_msgs/msg/detail/vehicle_thrust_setpoint__functions.h\n'}
[1.285845] (px4_msgs) StdoutLine: {'line': b'-- Up-to-date: /home/mustardking/ws_sensor_combined/install/px4_msgs/include/px4_msgs/px4_msgs/msg/detail/rover_rate_status__functions.c\n'}
[1.285868] (px4_msgs) StdoutLine: {'line': b'-- Up-to-date: /home/mustardking/ws_sensor_combined/install/px4_msgs/include/px4_msgs/px4_msgs/msg/detail/airspeed__struct.h\n'}
[1.285891] (px4_msgs) StdoutLine: {'line': b'-- Up-to-date: /home/mustardking/ws_sensor_combined/install/px4_msgs/include/px4_msgs/px4_msgs/msg/detail/sensor_gps__functions.c\n'}
[1.285923] (px4_msgs) StdoutLine: {'line': b'-- Up-to-date: /home/mustardking/ws_sensor_combined/install/px4_msgs/include/px4_msgs/px4_msgs/msg/detail/yaw_estimator_status__type_support.h\n'}
[1.285954] (px4_msgs) StdoutLine: {'line': b'-- Up-to-date: /home/mustardking/ws_sensor_combined/install/px4_msgs/include/px4_msgs/px4_msgs/msg/detail/debug_vect__type_support.h\n'}
[1.285978] (px4_msgs) StdoutLine: {'line': b'-- Up-to-date: /home/mustardking/ws_sensor_combined/install/px4_msgs/include/px4_msgs/px4_msgs/msg/detail/gimbal_device_set_attitude__functions.c\n'}
[1.286002] (px4_msgs) StdoutLine: {'line': b'-- Up-to-date: /home/mustardking/ws_sensor_combined/install/px4_msgs/include/px4_msgs/px4_msgs/msg/detail/pwm_input__functions.h\n'}
[1.286029] (px4_msgs) StdoutLine: {'line': b'-- Up-to-date: /home/mustardking/ws_sensor_combined/install/px4_msgs/include/px4_msgs/px4_msgs/msg/detail/estimator_aid_source1d__functions.c\n'}
[1.286053] (px4_msgs) StdoutLine: {'line': b'-- Up-to-date: /home/mustardking/ws_sensor_combined/install/px4_msgs/include/px4_msgs/px4_msgs/msg/detail/heater_status__type_support.h\n'}
[1.290597] (px4_msgs) StdoutLine: {'line': b'-- Up-to-date: /home/mustardking/ws_sensor_combined/install/px4_msgs/include/px4_msgs/px4_msgs/msg/detail/mag_worker_data__functions.h\n'}
[1.290632] (px4_msgs) StdoutLine: {'line': b'-- Up-to-date: /home/mustardking/ws_sensor_combined/install/px4_msgs/include/px4_msgs/px4_msgs/msg/detail/satellite_info__type_support.h\n'}
[1.290659] (px4_msgs) StdoutLine: {'line': b'-- Up-to-date: /home/mustardking/ws_sensor_combined/install/px4_msgs/include/px4_msgs/px4_msgs/msg/detail/estimator_states__type_support.h\n'}
[1.290683] (px4_msgs) StdoutLine: {'line': b'-- Up-to-date: /home/mustardking/ws_sensor_combined/install/px4_msgs/include/px4_msgs/px4_msgs/msg/detail/navigator_status__struct.h\n'}
[1.290708] (px4_msgs) StdoutLine: {'line': b'-- Up-to-date: /home/mustardking/ws_sensor_combined/install/px4_msgs/include/px4_msgs/px4_msgs/msg/detail/orbit_status__struct.h\n'}
[1.290741] (px4_msgs) StdoutLine: {'line': b'-- Up-to-date: /home/mustardking/ws_sensor_combined/install/px4_msgs/include/px4_msgs/px4_msgs/msg/detail/longitudinal_control_configuration__type_support.h\n'}
[1.290767] (px4_msgs) StdoutLine: {'line': b'-- Up-to-date: /home/mustardking/ws_sensor_combined/install/px4_msgs/include/px4_msgs/px4_msgs/msg/detail/vtol_vehicle_status__struct.h\n'}
[1.290791] (px4_msgs) StdoutLine: {'line': b'-- Up-to-date: /home/mustardking/ws_sensor_combined/install/px4_msgs/include/px4_msgs/px4_msgs/msg/detail/ping__functions.h\n'}
[1.290815] (px4_msgs) StdoutLine: {'line': b'-- Up-to-date: /home/mustardking/ws_sensor_combined/install/px4_msgs/include/px4_msgs/px4_msgs/msg/detail/sensor_gps__struct.h\n'}
[1.290839] (px4_msgs) StdoutLine: {'line': b'-- Up-to-date: /home/mustardking/ws_sensor_combined/install/px4_msgs/include/px4_msgs/px4_msgs/msg/detail/wind__functions.c\n'}
[1.290863] (px4_msgs) StdoutLine: {'line': b'-- Up-to-date: /home/mustardking/ws_sensor_combined/install/px4_msgs/include/px4_msgs/px4_msgs/msg/detail/log_message__functions.h\n'}
[1.290887] (px4_msgs) StdoutLine: {'line': b'-- Up-to-date: /home/mustardking/ws_sensor_combined/install/px4_msgs/include/px4_msgs/px4_msgs/msg/detail/sensor_gnss_status__struct.h\n'}
[1.290910] (px4_msgs) StdoutLine: {'line': b'-- Up-to-date: /home/mustardking/ws_sensor_combined/install/px4_msgs/include/px4_msgs/px4_msgs/msg/detail/parameter_reset_request__type_support.h\n'}
[1.290934] (px4_msgs) StdoutLine: {'line': b'-- Up-to-date: /home/mustardking/ws_sensor_combined/install/px4_msgs/include/px4_msgs/px4_msgs/msg/detail/gpio_in__type_support.h\n'}
[1.290958] (px4_msgs) StdoutLine: {'line': b'-- Up-to-date: /home/mustardking/ws_sensor_combined/install/px4_msgs/include/px4_msgs/px4_msgs/msg/detail/esc_status__functions.h\n'}
[1.290981] (px4_msgs) StdoutLine: {'line': b'-- Up-to-date: /home/mustardking/ws_sensor_combined/install/px4_msgs/include/px4_msgs/px4_msgs/msg/detail/vehicle_torque_setpoint__struct.h\n'}
[1.291005] (px4_msgs) StdoutLine: {'line': b'-- Up-to-date: /home/mustardking/ws_sensor_combined/install/px4_msgs/include/px4_msgs/px4_msgs/msg/detail/gpio_out__functions.h\n'}
[1.291031] (px4_msgs) StdoutLine: {'line': b'-- Up-to-date: /home/mustardking/ws_sensor_combined/install/px4_msgs/include/px4_msgs/px4_msgs/msg/detail/goto_setpoint__type_support.h\n'}
[1.291055] (px4_msgs) StdoutLine: {'line': b'-- Up-to-date: /home/mustardking/ws_sensor_combined/install/px4_msgs/include/px4_msgs/px4_msgs/msg/detail/orb_test_medium__functions.h\n'}
[1.291079] (px4_msgs) StdoutLine: {'line': b'-- Up-to-date: /home/mustardking/ws_sensor_combined/install/px4_msgs/include/px4_msgs/px4_msgs/msg/detail/dataman_request__functions.h\n'}
[1.291102] (px4_msgs) StdoutLine: {'line': b'-- Up-to-date: /home/mustardking/ws_sensor_combined/install/px4_msgs/include/px4_msgs/px4_msgs/msg/detail/sensor_airflow__functions.h\n'}
[1.291125] (px4_msgs) StdoutLine: {'line': b'-- Up-to-date: /home/mustardking/ws_sensor_combined/install/px4_msgs/include/px4_msgs/px4_msgs/msg/detail/sensor_correction__struct.h\n'}
[1.291151] (px4_msgs) StdoutLine: {'line': b'-- Up-to-date: /home/mustardking/ws_sensor_combined/install/px4_msgs/include/px4_msgs/px4_msgs/msg/detail/sensor_preflight_mag__functions.h\n'}
[1.291174] (px4_msgs) StdoutLine: {'line': b'-- Up-to-date: /home/mustardking/ws_sensor_combined/install/px4_msgs/include/px4_msgs/px4_msgs/msg/detail/vehicle_angular_velocity__functions.c\n'}
[1.291207] (px4_msgs) StdoutLine: {'line': b'-- Up-to-date: /home/mustardking/ws_sensor_combined/install/px4_msgs/include/px4_msgs/px4_msgs/msg/detail/parameter_set_value_response__struct.h\n'}
[1.291233] (px4_msgs) StdoutLine: {'line': b'-- Up-to-date: /home/mustardking/ws_sensor_combined/install/px4_msgs/include/px4_msgs/px4_msgs/msg/detail/mode_completed__struct.h\n'}
[1.291257] (px4_msgs) StdoutLine: {'line': b'-- Up-to-date: /home/mustardking/ws_sensor_combined/install/px4_msgs/include/px4_msgs/px4_msgs/msg/detail/internal_combustion_engine_status__type_support.h\n'}
[1.291280] (px4_msgs) StdoutLine: {'line': b'-- Up-to-date: /home/mustardking/ws_sensor_combined/install/px4_msgs/include/px4_msgs/px4_msgs/msg/detail/tune_control__functions.c\n'}
[1.291328] (px4_msgs) StdoutLine: {'line': b'-- Up-to-date: /home/mustardking/ws_sensor_combined/install/px4_msgs/include/px4_msgs/px4_msgs/msg/detail/gimbal_manager_status__struct.h\n'}
[1.291354] (px4_msgs) StdoutLine: {'line': b'-- Up-to-date: /home/mustardking/ws_sensor_combined/install/px4_msgs/include/px4_msgs/px4_msgs/msg/detail/estimator_status__type_support.h\n'}
[1.291377] (px4_msgs) StdoutLine: {'line': b'-- Up-to-date: /home/mustardking/ws_sensor_combined/install/px4_msgs/include/px4_msgs/px4_msgs/msg/detail/trajectory_setpoint__struct.h\n'}
[1.291401] (px4_msgs) StdoutLine: {'line': b'-- Up-to-date: /home/mustardking/ws_sensor_combined/install/px4_msgs/include/px4_msgs/px4_msgs/msg/detail/event__struct.h\n'}
[1.291424] (px4_msgs) StdoutLine: {'line': b'-- Up-to-date: /home/mustardking/ws_sensor_combined/install/px4_msgs/include/px4_msgs/px4_msgs/msg/detail/failure_detector_status__functions.h\n'}
[1.291448] (px4_msgs) StdoutLine: {'line': b'-- Up-to-date: /home/mustardking/ws_sensor_combined/install/px4_msgs/include/px4_msgs/px4_msgs/msg/detail/airspeed_validated__functions.c\n'}
[1.291472] (px4_msgs) StdoutLine: {'line': b'-- Up-to-date: /home/mustardking/ws_sensor_combined/install/px4_msgs/include/px4_msgs/px4_msgs/msg/detail/vehicle_command__struct.h\n'}
[1.291496] (px4_msgs) StdoutLine: {'line': b'-- Up-to-date: /home/mustardking/ws_sensor_combined/install/px4_msgs/include/px4_msgs/px4_msgs/msg/detail/parameter_set_value_request__functions.h\n'}
[1.291519] (px4_msgs) StdoutLine: {'line': b'-- Up-to-date: /home/mustardking/ws_sensor_combined/install/px4_msgs/include/px4_msgs/px4_msgs/msg/detail/rover_throttle_setpoint__struct.h\n'}
[1.291542] (px4_msgs) StdoutLine: {'line': b'-- Up-to-date: /home/mustardking/ws_sensor_combined/install/px4_msgs/include/px4_msgs/px4_msgs/msg/detail/sensor_gps__functions.h\n'}
[1.291566] (px4_msgs) StdoutLine: {'line': b'-- Up-to-date: /home/mustardking/ws_sensor_combined/install/px4_msgs/include/px4_msgs/px4_msgs/msg/detail/sensor_gyro_fft__functions.c\n'}
[1.291592] (px4_msgs) StdoutLine: {'line': b'-- Up-to-date: /home/mustardking/ws_sensor_combined/install/px4_msgs/include/px4_msgs/px4_msgs/msg/detail/sensor_mag__functions.h\n'}
[1.291615] (px4_msgs) StdoutLine: {'line': b'-- Up-to-date: /home/mustardking/ws_sensor_combined/install/px4_msgs/include/px4_msgs/px4_msgs/msg/detail/vehicle_land_detected__type_support.h\n'}
[1.291638] (px4_msgs) StdoutLine: {'line': b'-- Up-to-date: /home/mustardking/ws_sensor_combined/install/px4_msgs/include/px4_msgs/px4_msgs/msg/detail/led_control__struct.h\n'}
[1.291662] (px4_msgs) StdoutLine: {'line': b'-- Up-to-date: /home/mustardking/ws_sensor_combined/install/px4_msgs/include/px4_msgs/px4_msgs/msg/detail/longitudinal_control_configuration__struct.h\n'}
[1.291685] (px4_msgs) StdoutLine: {'line': b'-- Up-to-date: /home/mustardking/ws_sensor_combined/install/px4_msgs/include/px4_msgs/px4_msgs/msg/detail/estimator_aid_source2d__struct.h\n'}
[1.291709] (px4_msgs) StdoutLine: {'line': b'-- Up-to-date: /home/mustardking/ws_sensor_combined/install/px4_msgs/include/px4_msgs/px4_msgs/msg/detail/velocity_limits__functions.h\n'}
[1.291732] (px4_msgs) StdoutLine: {'line': b'-- Up-to-date: /home/mustardking/ws_sensor_combined/install/px4_msgs/include/px4_msgs/px4_msgs/msg/detail/battery_info__functions.h\n'}
[1.291755] (px4_msgs) StdoutLine: {'line': b'-- Up-to-date: /home/mustardking/ws_sensor_combined/install/px4_msgs/include/px4_msgs/px4_msgs/msg/detail/mavlink_tunnel__type_support.h\n'}
[1.291779] (px4_msgs) StdoutLine: {'line': b'-- Up-to-date: /home/mustardking/ws_sensor_combined/install/px4_msgs/include/px4_msgs/px4_msgs/msg/detail/estimator_event_flags__struct.h\n'}
[1.291802] (px4_msgs) StdoutLine: {'line': b'-- Up-to-date: /home/mustardking/ws_sensor_combined/install/px4_msgs/include/px4_msgs/px4_msgs/msg/detail/led_control__type_support.h\n'}
[1.291825] (px4_msgs) StdoutLine: {'line': b'-- Up-to-date: /home/mustardking/ws_sensor_combined/install/px4_msgs/include/px4_msgs/px4_msgs/msg/detail/rover_rate_status__type_support.h\n'}
[1.291857] (px4_msgs) StdoutLine: {'line': b'-- Up-to-date: /home/mustardking/ws_sensor_combined/install/px4_msgs/include/px4_msgs/px4_msgs/msg/detail/uavcan_parameter_value__struct.h\n'}
[1.291881] (px4_msgs) StdoutLine: {'line': b'-- Up-to-date: /home/mustardking/ws_sensor_combined/install/px4_msgs/include/px4_msgs/px4_msgs/msg/detail/control_allocator_status__type_support.h\n'}
[1.291904] (px4_msgs) StdoutLine: {'line': b'-- Up-to-date: /home/mustardking/ws_sensor_combined/install/px4_msgs/include/px4_msgs/px4_msgs/msg/detail/vehicle_odometry__functions.h\n'}
[1.291927] (px4_msgs) StdoutLine: {'line': b'-- Up-to-date: /home/mustardking/ws_sensor_combined/install/px4_msgs/include/px4_msgs/px4_msgs/msg/detail/rover_speed_setpoint__struct.h\n'}
[1.291951] (px4_msgs) StdoutLine: {'line': b'-- Up-to-date: /home/mustardking/ws_sensor_combined/install/px4_msgs/include/px4_msgs/px4_msgs/msg/detail/gimbal_manager_set_attitude__functions.c\n'}
[1.291974] (px4_msgs) StdoutLine: {'line': b'-- Up-to-date: /home/mustardking/ws_sensor_combined/install/px4_msgs/include/px4_msgs/px4_msgs/msg/detail/rover_rate_setpoint__struct.h\n'}
[1.291997] (px4_msgs) StdoutLine: {'line': b'-- Up-to-date: /home/mustardking/ws_sensor_combined/install/px4_msgs/include/px4_msgs/px4_msgs/msg/detail/takeoff_status__functions.c\n'}
[1.292020] (px4_msgs) StdoutLine: {'line': b'-- Up-to-date: /home/mustardking/ws_sensor_combined/install/px4_msgs/include/px4_msgs/px4_msgs/msg/detail/parameter_update__functions.h\n'}
[1.292048] (px4_msgs) StdoutLine: {'line': b'-- Up-to-date: /home/mustardking/ws_sensor_combined/install/px4_msgs/include/px4_msgs/px4_msgs/msg/detail/vehicle_imu__struct.h\n'}
[1.292071] (px4_msgs) StdoutLine: {'line': b'-- Up-to-date: /home/mustardking/ws_sensor_combined/install/px4_msgs/include/px4_msgs/px4_msgs/msg/detail/estimator_event_flags__functions.c\n'}
[1.292094] (px4_msgs) StdoutLine: {'line': b'-- Up-to-date: /home/mustardking/ws_sensor_combined/install/px4_msgs/include/px4_msgs/px4_msgs/msg/detail/geofence_result__functions.h\n'}
[1.292119] (px4_msgs) StdoutLine: {'line': b'-- Up-to-date: /home/mustardking/ws_sensor_combined/install/px4_msgs/include/px4_msgs/px4_msgs/msg/detail/rover_speed_status__struct.h\n'}
[1.292152] (px4_msgs) StdoutLine: {'line': b'-- Up-to-date: /home/mustardking/ws_sensor_combined/install/px4_msgs/include/px4_msgs/px4_msgs/msg/detail/transponder_report__functions.h\n'}
[1.292178] (px4_msgs) StdoutLine: {'line': b'-- Up-to-date: /home/mustardking/ws_sensor_combined/install/px4_msgs/include/px4_msgs/px4_msgs/msg/detail/qshell_req__struct.h\n'}
[1.292201] (px4_msgs) StdoutLine: {'line': b'-- Up-to-date: /home/mustardking/ws_sensor_combined/install/px4_msgs/include/px4_msgs/px4_msgs/msg/detail/esc_report__type_support.h\n'}
[1.292224] (px4_msgs) StdoutLine: {'line': b'-- Up-to-date: /home/mustardking/ws_sensor_combined/install/px4_msgs/include/px4_msgs/px4_msgs/msg/detail/gimbal_device_attitude_status__struct.h\n'}
[1.292248] (px4_msgs) StdoutLine: {'line': b'-- Up-to-date: /home/mustardking/ws_sensor_combined/install/px4_msgs/include/px4_msgs/px4_msgs/msg/detail/unregister_ext_component__functions.c\n'}
[1.292272] (px4_msgs) StdoutLine: {'line': b'-- Up-to-date: /home/mustardking/ws_sensor_combined/install/px4_msgs/include/px4_msgs/px4_msgs/msg/detail/actuator_servos__functions.c\n'}
[1.292295] (px4_msgs) StdoutLine: {'line': b'-- Up-to-date: /home/mustardking/ws_sensor_combined/install/px4_msgs/include/px4_msgs/px4_msgs/msg/detail/gimbal_controls__struct.h\n'}
[1.292319] (px4_msgs) StdoutLine: {'line': b'-- Up-to-date: /home/mustardking/ws_sensor_combined/install/px4_msgs/include/px4_msgs/px4_msgs/msg/detail/health_report__functions.c\n'}
[1.292342] (px4_msgs) StdoutLine: {'line': b'-- Up-to-date: /home/mustardking/ws_sensor_combined/install/px4_msgs/include/px4_msgs/px4_msgs/msg/detail/vehicle_command__functions.c\n'}
[1.292365] (px4_msgs) StdoutLine: {'line': b'-- Up-to-date: /home/mustardking/ws_sensor_combined/install/px4_msgs/include/px4_msgs/px4_msgs/msg/detail/system_power__struct.h\n'}
[1.292389] (px4_msgs) StdoutLine: {'line': b'-- Up-to-date: /home/mustardking/ws_sensor_combined/install/px4_msgs/include/px4_msgs/px4_msgs/msg/detail/sensor_hygrometer__struct.h\n'}
[1.292412] (px4_msgs) StdoutLine: {'line': b'-- Up-to-date: /home/mustardking/ws_sensor_combined/install/px4_msgs/include/px4_msgs/px4_msgs/msg/detail/power_monitor__type_support.h\n'}
[1.292436] (px4_msgs) StdoutLine: {'line': b'-- Up-to-date: /home/mustardking/ws_sensor_combined/install/px4_msgs/include/px4_msgs/px4_msgs/msg/detail/neural_control__struct.h\n'}
[1.292459] (px4_msgs) StdoutLine: {'line': b'-- Up-to-date: /home/mustardking/ws_sensor_combined/install/px4_msgs/include/px4_msgs/px4_msgs/msg/detail/unregister_ext_component__struct.h\n'}
[1.292483] (px4_msgs) StdoutLine: {'line': b'-- Up-to-date: /home/mustardking/ws_sensor_combined/install/px4_msgs/include/px4_msgs/px4_msgs/msg/detail/arming_check_request__type_support.h\n'}
[1.292506] (px4_msgs) StdoutLine: {'line': b'-- Up-to-date: /home/mustardking/ws_sensor_combined/install/px4_msgs/include/px4_msgs/px4_msgs/msg/detail/manual_control_switches__functions.c\n'}
[1.292531] (px4_msgs) StdoutLine: {'line': b'-- Up-to-date: /home/mustardking/ws_sensor_combined/install/px4_msgs/include/px4_msgs/px4_msgs/msg/detail/landing_gear__struct.h\n'}
[1.292555] (px4_msgs) StdoutLine: {'line': b'-- Up-to-date: /home/mustardking/ws_sensor_combined/install/px4_msgs/include/px4_msgs/px4_msgs/msg/detail/irlock_report__functions.c\n'}
[1.292578] (px4_msgs) StdoutLine: {'line': b'-- Up-to-date: /home/mustardking/ws_sensor_combined/install/px4_msgs/include/px4_msgs/px4_msgs/msg/detail/normalized_unsigned_setpoint__functions.c\n'}
[1.292601] (px4_msgs) StdoutLine: {'line': b'-- Up-to-date: /home/mustardking/ws_sensor_combined/install/px4_msgs/include/px4_msgs/px4_msgs/msg/detail/vehicle_command__type_support.h\n'}
[1.292625] (px4_msgs) StdoutLine: {'line': b'-- Up-to-date: /home/mustardking/ws_sensor_combined/install/px4_msgs/include/px4_msgs/px4_msgs/msg/detail/open_drone_id_operator_id__functions.h\n'}
[1.292651] (px4_msgs) StdoutLine: {'line': b'-- Up-to-date: /home/mustardking/ws_sensor_combined/install/px4_msgs/include/px4_msgs/px4_msgs/msg/detail/sensor_selection__functions.h\n'}
[1.292674] (px4_msgs) StdoutLine: {'line': b'-- Up-to-date: /home/mustardking/ws_sensor_combined/install/px4_msgs/include/px4_msgs/px4_msgs/msg/detail/sensor_baro__type_support.h\n'}
[1.292697] (px4_msgs) StdoutLine: {'line': b'-- Up-to-date: /home/mustardking/ws_sensor_combined/install/px4_msgs/include/px4_msgs/px4_msgs/msg/detail/actuator_servos__type_support.h\n'}
[1.292721] (px4_msgs) StdoutLine: {'line': b'-- Up-to-date: /home/mustardking/ws_sensor_combined/install/px4_msgs/include/px4_msgs/px4_msgs/msg/detail/vehicle_local_position_setpoint__functions.c\n'}
[1.292744] (px4_msgs) StdoutLine: {'line': b'-- Up-to-date: /home/mustardking/ws_sensor_combined/install/px4_msgs/include/px4_msgs/px4_msgs/msg/detail/vehicle_imu_status__struct.h\n'}
[1.292771] (px4_msgs) StdoutLine: {'line': b'-- Up-to-date: /home/mustardking/ws_sensor_combined/install/px4_msgs/include/px4_msgs/px4_msgs/msg/detail/fuel_tank_status__type_support.h\n'}
[1.292794] (px4_msgs) StdoutLine: {'line': b'-- Up-to-date: /home/mustardking/ws_sensor_combined/install/px4_msgs/include/px4_msgs/px4_msgs/msg/detail/vehicle_optical_flow_vel__struct.h\n'}
[1.292818] (px4_msgs) StdoutLine: {'line': b'-- Up-to-date: /home/mustardking/ws_sensor_combined/install/px4_msgs/include/px4_msgs/px4_msgs/msg/detail/launch_detection_status__type_support.h\n'}
[1.292844] (px4_msgs) StdoutLine: {'line': b'-- Up-to-date: /home/mustardking/ws_sensor_combined/install/px4_msgs/include/px4_msgs/px4_msgs/msg/detail/orbit_status__functions.c\n'}
[1.292879] (px4_msgs) StdoutLine: {'line': b'-- Up-to-date: /home/mustardking/ws_sensor_combined/install/px4_msgs/include/px4_msgs/px4_msgs/msg/detail/cellular_status__functions.c\n'}
[1.292904] (px4_msgs) StdoutLine: {'line': b'-- Up-to-date: /home/mustardking/ws_sensor_combined/install/px4_msgs/include/px4_msgs/px4_msgs/msg/detail/gps_inject_data__struct.h\n'}
[1.292928] (px4_msgs) StdoutLine: {'line': b'-- Up-to-date: /home/mustardking/ws_sensor_combined/install/px4_msgs/include/px4_msgs/px4_msgs/msg/detail/vehicle_attitude__functions.c\n'}
[1.292951] (px4_msgs) StdoutLine: {'line': b'-- Up-to-date: /home/mustardking/ws_sensor_combined/install/px4_msgs/include/px4_msgs/px4_msgs/msg/detail/vehicle_magnetometer__functions.c\n'}
[1.292973] (px4_msgs) StdoutLine: {'line': b'-- Up-to-date: /home/mustardking/ws_sensor_combined/install/px4_msgs/include/px4_msgs/px4_msgs/msg/detail/vehicle_attitude_setpoint__struct.h\n'}
[1.292996] (px4_msgs) StdoutLine: {'line': b'-- Up-to-date: /home/mustardking/ws_sensor_combined/install/px4_msgs/include/px4_msgs/px4_msgs/msg/detail/health_report__functions.h\n'}
[1.293019] (px4_msgs) StdoutLine: {'line': b'-- Up-to-date: /home/mustardking/ws_sensor_combined/install/px4_msgs/include/px4_msgs/px4_msgs/msg/detail/autotune_attitude_control_status__functions.h\n'}
[1.293042] (px4_msgs) StdoutLine: {'line': b'-- Up-to-date: /home/mustardking/ws_sensor_combined/install/px4_msgs/include/px4_msgs/px4_msgs/msg/detail/navigator_status__functions.c\n'}
[1.293064] (px4_msgs) StdoutLine: {'line': b'-- Up-to-date: /home/mustardking/ws_sensor_combined/install/px4_msgs/include/px4_msgs/px4_msgs/msg/detail/orb_test__type_support.h\n'}
[1.293086] (px4_msgs) StdoutLine: {'line': b'-- Up-to-date: /home/mustardking/ws_sensor_combined/install/px4_msgs/include/px4_msgs/px4_msgs/msg/detail/differential_pressure__struct.h\n'}
[1.293108] (px4_msgs) StdoutLine: {'line': b'-- Up-to-date: /home/mustardking/ws_sensor_combined/install/px4_msgs/include/px4_msgs/px4_msgs/msg/detail/rtl_time_estimate__type_support.h\n'}
[1.293131] (px4_msgs) StdoutLine: {'line': b'-- Up-to-date: /home/mustardking/ws_sensor_combined/install/px4_msgs/include/px4_msgs/px4_msgs/msg/detail/sensor_correction__functions.h\n'}
[1.293154] (px4_msgs) StdoutLine: {'line': b'-- Up-to-date: /home/mustardking/ws_sensor_combined/install/px4_msgs/include/px4_msgs/px4_msgs/msg/detail/vehicle_imu__functions.h\n'}
[1.293178] (px4_msgs) StdoutLine: {'line': b'-- Up-to-date: /home/mustardking/ws_sensor_combined/install/px4_msgs/include/px4_msgs/px4_msgs/msg/detail/internal_combustion_engine_status__functions.c\n'}
[1.293203] (px4_msgs) StdoutLine: {'line': b'-- Up-to-date: /home/mustardking/ws_sensor_combined/install/px4_msgs/include/px4_msgs/px4_msgs/msg/detail/parameter_set_value_response__functions.h\n'}
[1.293226] (px4_msgs) StdoutLine: {'line': b'-- Up-to-date: /home/mustardking/ws_sensor_combined/install/px4_msgs/include/px4_msgs/px4_msgs/msg/detail/landing_gear__type_support.h\n'}
[1.293249] (px4_msgs) StdoutLine: {'line': b'-- Up-to-date: /home/mustardking/ws_sensor_combined/install/px4_msgs/include/px4_msgs/px4_msgs/msg/detail/parameter_set_value_response__type_support.h\n'}
[1.293271] (px4_msgs) StdoutLine: {'line': b'-- Up-to-date: /home/mustardking/ws_sensor_combined/install/px4_msgs/include/px4_msgs/px4_msgs/msg/detail/rate_ctrl_status__functions.h\n'}
[1.293294] (px4_msgs) StdoutLine: {'line': b'-- Up-to-date: /home/mustardking/ws_sensor_combined/install/px4_msgs/include/px4_msgs/px4_msgs/msg/detail/failure_detector_status__struct.h\n'}
[1.293316] (px4_msgs) StdoutLine: {'line': b'-- Up-to-date: /home/mustardking/ws_sensor_combined/install/px4_msgs/include/px4_msgs/px4_msgs/msg/detail/gimbal_device_attitude_status__functions.h\n'}
[1.293339] (px4_msgs) StdoutLine: {'line': b'-- Up-to-date: /home/mustardking/ws_sensor_combined/install/px4_msgs/include/px4_msgs/px4_msgs/msg/detail/rpm__functions.c\n'}
[1.293362] (px4_msgs) StdoutLine: {'line': b'-- Up-to-date: /home/mustardking/ws_sensor_combined/install/px4_msgs/include/px4_msgs/px4_msgs/msg/detail/gps_dump__struct.h\n'}
[1.293406] (px4_msgs) StdoutLine: {'line': b'-- Up-to-date: /home/mustardking/ws_sensor_combined/install/px4_msgs/include/px4_msgs/px4_msgs/msg/detail/takeoff_status__struct.h\n'}
[1.293430] (px4_msgs) StdoutLine: {'line': b'-- Up-to-date: /home/mustardking/ws_sensor_combined/install/px4_msgs/include/px4_msgs/px4_msgs/msg/detail/led_control__functions.h\n'}
[1.293452] (px4_msgs) StdoutLine: {'line': b'-- Up-to-date: /home/mustardking/ws_sensor_combined/install/px4_msgs/include/px4_msgs/px4_msgs/msg/detail/rtl_status__struct.h\n'}
[1.293479] (px4_msgs) StdoutLine: {'line': b'-- Up-to-date: /home/mustardking/ws_sensor_combined/install/px4_msgs/include/px4_msgs/px4_msgs/msg/detail/sensor_preflight_mag__struct.h\n'}
[1.293501] (px4_msgs) StdoutLine: {'line': b'-- Up-to-date: /home/mustardking/ws_sensor_combined/install/px4_msgs/include/px4_msgs/px4_msgs/msg/detail/mode_completed__type_support.h\n'}
[1.293523] (px4_msgs) StdoutLine: {'line': b'-- Up-to-date: /home/mustardking/ws_sensor_combined/install/px4_msgs/include/px4_msgs/px4_msgs/msg/detail/vehicle_thrust_setpoint__struct.h\n'}
[1.293545] (px4_msgs) StdoutLine: {'line': b'-- Up-to-date: /home/mustardking/ws_sensor_combined/install/px4_msgs/include/px4_msgs/px4_msgs/msg/detail/figure_eight_status__struct.h\n'}
[1.293568] (px4_msgs) StdoutLine: {'line': b'-- Up-to-date: /home/mustardking/ws_sensor_combined/install/px4_msgs/include/px4_msgs/px4_msgs/msg/detail/uavcan_parameter_request__type_support.h\n'}
[1.293591] (px4_msgs) StdoutLine: {'line': b'-- Up-to-date: /home/mustardking/ws_sensor_combined/install/px4_msgs/include/px4_msgs/px4_msgs/msg/detail/vehicle_local_position__functions.h\n'}
[1.293615] (px4_msgs) StdoutLine: {'line': b'-- Up-to-date: /home/mustardking/ws_sensor_combined/install/px4_msgs/include/px4_msgs/px4_msgs/msg/detail/rover_rate_setpoint__functions.c\n'}
[1.293638] (px4_msgs) StdoutLine: {'line': b'-- Up-to-date: /home/mustardking/ws_sensor_combined/install/px4_msgs/include/px4_msgs/px4_msgs/msg/detail/gimbal_device_set_attitude__functions.h\n'}
[1.293660] (px4_msgs) StdoutLine: {'line': b'-- Up-to-date: /home/mustardking/ws_sensor_combined/install/px4_msgs/include/px4_msgs/px4_msgs/msg/detail/sensor_gyro__functions.c\n'}
[1.293684] (px4_msgs) StdoutLine: {'line': b'-- Up-to-date: /home/mustardking/ws_sensor_combined/install/px4_msgs/include/px4_msgs/px4_msgs/msg/detail/cpuload__struct.h\n'}
[1.293706] (px4_msgs) StdoutLine: {'line': b'-- Up-to-date: /home/mustardking/ws_sensor_combined/install/px4_msgs/include/px4_msgs/px4_msgs/msg/detail/launch_detection_status__functions.c\n'}
[1.293728] (px4_msgs) StdoutLine: {'line': b'-- Up-to-date: /home/mustardking/ws_sensor_combined/install/px4_msgs/include/px4_msgs/px4_msgs/msg/detail/estimator_bias3d__struct.h\n'}
[1.293750] (px4_msgs) StdoutLine: {'line': b'-- Up-to-date: /home/mustardking/ws_sensor_combined/install/px4_msgs/include/px4_msgs/px4_msgs/msg/detail/actuator_test__struct.h\n'}
[1.293773] (px4_msgs) StdoutLine: {'line': b'-- Up-to-date: /home/mustardking/ws_sensor_combined/install/px4_msgs/include/px4_msgs/px4_msgs/msg/detail/lateral_control_configuration__type_support.h\n'}
[1.293794] (px4_msgs) StdoutLine: {'line': b'-- Up-to-date: /home/mustardking/ws_sensor_combined/install/px4_msgs/include/px4_msgs/px4_msgs/msg/detail/power_monitor__struct.h\n'}
[1.293817] (px4_msgs) StdoutLine: {'line': b'-- Up-to-date: /home/mustardking/ws_sensor_combined/install/px4_msgs/include/px4_msgs/px4_msgs/msg/detail/tecs_status__struct.h\n'}
[1.293839] (px4_msgs) StdoutLine: {'line': b'-- Up-to-date: /home/mustardking/ws_sensor_combined/install/px4_msgs/include/px4_msgs/px4_msgs/msg/detail/estimator_states__functions.h\n'}
[1.293862] (px4_msgs) StdoutLine: {'line': b'-- Up-to-date: /home/mustardking/ws_sensor_combined/install/px4_msgs/include/px4_msgs/px4_msgs/msg/detail/log_message__functions.c\n'}
[1.293884] (px4_msgs) StdoutLine: {'line': b'-- Up-to-date: /home/mustardking/ws_sensor_combined/install/px4_msgs/include/px4_msgs/px4_msgs/msg/detail/sensor_optical_flow__functions.c\n'}
[1.293906] (px4_msgs) StdoutLine: {'line': b'-- Up-to-date: /home/mustardking/ws_sensor_combined/install/px4_msgs/include/px4_msgs/px4_msgs/msg/detail/estimator_sensor_bias__functions.c\n'}
[1.293928] (px4_msgs) StdoutLine: {'line': b'-- Up-to-date: /home/mustardking/ws_sensor_combined/install/px4_msgs/include/px4_msgs/px4_msgs/msg/detail/message_format_request__functions.h\n'}
[1.293951] (px4_msgs) StdoutLine: {'line': b'-- Up-to-date: /home/mustardking/ws_sensor_combined/install/px4_msgs/include/px4_msgs/px4_msgs/msg/detail/ulog_stream_ack__functions.c\n'}
[1.293973] (px4_msgs) StdoutLine: {'line': b'-- Up-to-date: /home/mustardking/ws_sensor_combined/install/px4_msgs/include/px4_msgs/px4_msgs/msg/detail/camera_capture__functions.h\n'}
[1.293995] (px4_msgs) StdoutLine: {'line': b'-- Up-to-date: /home/mustardking/ws_sensor_combined/install/px4_msgs/include/px4_msgs/px4_msgs/msg/detail/input_rc__functions.h\n'}
[1.294017] (px4_msgs) StdoutLine: {'line': b'-- Up-to-date: /home/mustardking/ws_sensor_combined/install/px4_msgs/include/px4_msgs/px4_msgs/msg/detail/landing_gear_wheel__functions.h\n'}
[1.294039] (px4_msgs) StdoutLine: {'line': b'-- Up-to-date: /home/mustardking/ws_sensor_combined/install/px4_msgs/include/px4_msgs/px4_msgs/msg/detail/estimator_status_flags__struct.h\n'}
[1.294061] (px4_msgs) StdoutLine: {'line': b'-- Up-to-date: /home/mustardking/ws_sensor_combined/install/px4_msgs/include/px4_msgs/px4_msgs/msg/detail/open_drone_id_system__functions.h\n'}
[1.294083] (px4_msgs) StdoutLine: {'line': b'-- Up-to-date: /home/mustardking/ws_sensor_combined/install/px4_msgs/include/px4_msgs/px4_msgs/msg/detail/fixed_wing_lateral_setpoint__struct.h\n'}
[1.294105] (px4_msgs) StdoutLine: {'line': b'-- Up-to-date: /home/mustardking/ws_sensor_combined/install/px4_msgs/include/px4_msgs/px4_msgs/msg/detail/estimator_event_flags__type_support.h\n'}
[1.294128] (px4_msgs) StdoutLine: {'line': b'-- Up-to-date: /home/mustardking/ws_sensor_combined/install/px4_msgs/include/px4_msgs/px4_msgs/msg/detail/sensor_gyro_fft__type_support.h\n'}
[1.294154] (px4_msgs) StdoutLine: {'line': b'-- Up-to-date: /home/mustardking/ws_sensor_combined/install/px4_msgs/include/px4_msgs/px4_msgs/msg/detail/actuator_controls_status__functions.c\n'}
[1.294178] (px4_msgs) StdoutLine: {'line': b'-- Up-to-date: /home/mustardking/ws_sensor_combined/install/px4_msgs/include/px4_msgs/px4_msgs/msg/detail/input_rc__functions.c\n'}
[1.294200] (px4_msgs) StdoutLine: {'line': b'-- Up-to-date: /home/mustardking/ws_sensor_combined/install/px4_msgs/include/px4_msgs/px4_msgs/msg/detail/rc_channels__type_support.h\n'}
[1.294310] (px4_msgs) StdoutLine: {'line': b'-- Up-to-date: /home/mustardking/ws_sensor_combined/install/px4_msgs/include/px4_msgs/px4_msgs/msg/detail/fuel_tank_status__functions.c\n'}
[1.294340] (px4_msgs) StdoutLine: {'line': b'-- Up-to-date: /home/mustardking/ws_sensor_combined/install/px4_msgs/include/px4_msgs/px4_msgs/msg/detail/pps_capture__functions.h\n'}
[1.294364] (px4_msgs) StdoutLine: {'line': b'-- Up-to-date: /home/mustardking/ws_sensor_combined/install/px4_msgs/include/px4_msgs/px4_msgs/msg/detail/fixed_wing_lateral_guidance_status__functions.c\n'}
[1.294387] (px4_msgs) StdoutLine: {'line': b'-- Up-to-date: /home/mustardking/ws_sensor_combined/install/px4_msgs/include/px4_msgs/px4_msgs/msg/detail/estimator_aid_source3d__struct.h\n'}
[1.294410] (px4_msgs) StdoutLine: {'line': b'-- Up-to-date: /home/mustardking/ws_sensor_combined/install/px4_msgs/include/px4_msgs/px4_msgs/msg/detail/message_format_request__type_support.h\n'}
[1.298934] (px4_msgs) StdoutLine: {'line': b'-- Up-to-date: /home/mustardking/ws_sensor_combined/install/px4_msgs/include/px4_msgs/px4_msgs/msg/detail/internal_combustion_engine_control__type_support.h\n'}
[1.298989] (px4_msgs) StdoutLine: {'line': b'-- Up-to-date: /home/mustardking/ws_sensor_combined/install/px4_msgs/include/px4_msgs/px4_msgs/msg/detail/mavlink_tunnel__functions.h\n'}
[1.299026] (px4_msgs) StdoutLine: {'line': b'-- Up-to-date: /home/mustardking/ws_sensor_combined/install/px4_msgs/include/px4_msgs/px4_msgs/msg/detail/open_drone_id_arm_status__functions.c\n'}
[1.299397] (px4_msgs) StdoutLine: {'line': b'-- Up-to-date: /home/mustardking/ws_sensor_combined/install/px4_msgs/include/px4_msgs/px4_msgs/msg/detail/vehicle_torque_setpoint__type_support.h\n'}
[1.299440] (px4_msgs) StdoutLine: {'line': b'-- Up-to-date: /home/mustardking/ws_sensor_combined/install/px4_msgs/include/px4_msgs/px4_msgs/msg/detail/vehicle_command_ack__functions.h\n'}
[1.299479] (px4_msgs) StdoutLine: {'line': b'-- Up-to-date: /home/mustardking/ws_sensor_combined/install/px4_msgs/include/px4_msgs/px4_msgs/msg/detail/open_drone_id_arm_status__type_support.h\n'}
[1.299733] (px4_msgs) StdoutLine: {'line': b'-- Up-to-date: /home/mustardking/ws_sensor_combined/install/px4_msgs/include/px4_msgs/px4_msgs/msg/detail/offboard_control_mode__functions.h\n'}
[1.300029] (px4_msgs) StdoutLine: {'line': b'-- Up-to-date: /home/mustardking/ws_sensor_combined/install/px4_msgs/include/px4_msgs/px4_msgs/msg/detail/sensor_gnss_status__functions.h\n'}
[1.300059] (px4_msgs) StdoutLine: {'line': b'-- Up-to-date: /home/mustardking/ws_sensor_combined/install/px4_msgs/include/px4_msgs/px4_msgs/msg/detail/gimbal_manager_set_attitude__type_support.h\n'}
[1.300083] (px4_msgs) StdoutLine: {'line': b'-- Up-to-date: /home/mustardking/ws_sensor_combined/install/px4_msgs/include/px4_msgs/px4_msgs/msg/detail/takeoff_status__functions.h\n'}
[1.300106] (px4_msgs) StdoutLine: {'line': b'-- Up-to-date: /home/mustardking/ws_sensor_combined/install/px4_msgs/include/px4_msgs/px4_msgs/msg/detail/vehicle_status__functions.c\n'}
[1.300129] (px4_msgs) StdoutLine: {'line': b'-- Up-to-date: /home/mustardking/ws_sensor_combined/install/px4_msgs/include/px4_msgs/px4_msgs/msg/detail/vehicle_magnetometer__type_support.h\n'}
[1.300152] (px4_msgs) StdoutLine: {'line': b'-- Up-to-date: /home/mustardking/ws_sensor_combined/install/px4_msgs/include/px4_msgs/px4_msgs/msg/detail/rc_channels__functions.h\n'}
[1.300175] (px4_msgs) StdoutLine: {'line': b'-- Up-to-date: /home/mustardking/ws_sensor_combined/install/px4_msgs/include/px4_msgs/px4_msgs/msg/detail/gimbal_controls__type_support.h\n'}
[1.300197] (px4_msgs) StdoutLine: {'line': b'-- Up-to-date: /home/mustardking/ws_sensor_combined/install/px4_msgs/include/px4_msgs/px4_msgs/msg/detail/debug_array__struct.h\n'}
[1.300223] (px4_msgs) StdoutLine: {'line': b'-- Up-to-date: /home/mustardking/ws_sensor_combined/install/px4_msgs/include/px4_msgs/px4_msgs/msg/detail/manual_control_setpoint__functions.h\n'}
[1.300245] (px4_msgs) StdoutLine: {'line': b'-- Up-to-date: /home/mustardking/ws_sensor_combined/install/px4_msgs/include/px4_msgs/px4_msgs/msg/detail/sensor_gnss_status__type_support.h\n'}
[1.300268] (px4_msgs) StdoutLine: {'line': b'-- Up-to-date: /home/mustardking/ws_sensor_combined/install/px4_msgs/include/px4_msgs/px4_msgs/msg/detail/tune_control__type_support.h\n'}
[1.300290] (px4_msgs) StdoutLine: {'line': b'-- Up-to-date: /home/mustardking/ws_sensor_combined/install/px4_msgs/include/px4_msgs/px4_msgs/msg/detail/follow_target__functions.h\n'}
[1.300313] (px4_msgs) StdoutLine: {'line': b'-- Up-to-date: /home/mustardking/ws_sensor_combined/install/px4_msgs/include/px4_msgs/px4_msgs/msg/detail/vehicle_thrust_setpoint__functions.c\n'}
[1.300335] (px4_msgs) StdoutLine: {'line': b'-- Up-to-date: /home/mustardking/ws_sensor_combined/install/px4_msgs/include/px4_msgs/px4_msgs/msg/detail/uavcan_parameter_request__struct.h\n'}
[1.300357] (px4_msgs) StdoutLine: {'line': b'-- Up-to-date: /home/mustardking/ws_sensor_combined/install/px4_msgs/include/px4_msgs/px4_msgs/msg/detail/obstacle_distance__functions.h\n'}
[1.300398] (px4_msgs) StdoutLine: {'line': b'-- Up-to-date: /home/mustardking/ws_sensor_combined/install/px4_msgs/include/px4_msgs/px4_msgs/msg/detail/gimbal_device_set_attitude__type_support.h\n'}
[1.300424] (px4_msgs) StdoutLine: {'line': b'-- Up-to-date: /home/mustardking/ws_sensor_combined/install/px4_msgs/include/px4_msgs/px4_msgs/msg/detail/sensor_optical_flow__type_support.h\n'}
[1.300447] (px4_msgs) StdoutLine: {'line': b'-- Up-to-date: /home/mustardking/ws_sensor_combined/install/px4_msgs/include/px4_msgs/px4_msgs/msg/detail/estimator_states__functions.c\n'}
[1.300470] (px4_msgs) StdoutLine: {'line': b'-- Up-to-date: /home/mustardking/ws_sensor_combined/install/px4_msgs/include/px4_msgs/px4_msgs/msg/detail/navigator_status__type_support.h\n'}
[1.300492] (px4_msgs) StdoutLine: {'line': b'-- Up-to-date: /home/mustardking/ws_sensor_combined/install/px4_msgs/include/px4_msgs/px4_msgs/msg/detail/sensor_hygrometer__type_support.h\n'}
[1.300514] (px4_msgs) StdoutLine: {'line': b'-- Up-to-date: /home/mustardking/ws_sensor_combined/install/px4_msgs/include/px4_msgs/px4_msgs/msg/detail/vehicle_air_data__functions.h\n'}
[1.300538] (px4_msgs) StdoutLine: {'line': b'-- Up-to-date: /home/mustardking/ws_sensor_combined/install/px4_msgs/include/px4_msgs/px4_msgs/msg/detail/gimbal_manager_information__functions.h\n'}
[1.300563] (px4_msgs) StdoutLine: {'line': b'-- Up-to-date: /home/mustardking/ws_sensor_combined/install/px4_msgs/include/px4_msgs/px4_msgs/msg/detail/distance_sensor__struct.h\n'}
[1.300586] (px4_msgs) StdoutLine: {'line': b'-- Up-to-date: /home/mustardking/ws_sensor_combined/install/px4_msgs/include/px4_msgs/px4_msgs/msg/detail/position_controller_status__type_support.h\n'}
[1.300609] (px4_msgs) StdoutLine: {'line': b'-- Up-to-date: /home/mustardking/ws_sensor_combined/install/px4_msgs/include/px4_msgs/px4_msgs/msg/detail/task_stack_info__type_support.h\n'}
[1.300631] (px4_msgs) StdoutLine: {'line': b'-- Up-to-date: /home/mustardking/ws_sensor_combined/install/px4_msgs/include/px4_msgs/px4_msgs/msg/detail/sensor_optical_flow__functions.h\n'}
[1.300654] (px4_msgs) StdoutLine: {'line': b'-- Up-to-date: /home/mustardking/ws_sensor_combined/install/px4_msgs/include/px4_msgs/px4_msgs/msg/detail/launch_detection_status__struct.h\n'}
[1.300697] (px4_msgs) StdoutLine: {'line': b'-- Up-to-date: /home/mustardking/ws_sensor_combined/install/px4_msgs/include/px4_msgs/px4_msgs/msg/detail/sensors_status__functions.h\n'}
[1.300724] (px4_msgs) StdoutLine: {'line': b'-- Up-to-date: /home/mustardking/ws_sensor_combined/install/px4_msgs/include/px4_msgs/px4_msgs/msg/detail/rc_parameter_map__struct.h\n'}
[1.300747] (px4_msgs) StdoutLine: {'line': b'-- Up-to-date: /home/mustardking/ws_sensor_combined/install/px4_msgs/include/px4_msgs/px4_msgs/msg/detail/parameter_set_value_request__functions.c\n'}
[1.300772] (px4_msgs) StdoutLine: {'line': b'-- Up-to-date: /home/mustardking/ws_sensor_combined/install/px4_msgs/include/px4_msgs/px4_msgs/msg/detail/vehicle_attitude__struct.h\n'}
[1.300794] (px4_msgs) StdoutLine: {'line': b'-- Up-to-date: /home/mustardking/ws_sensor_combined/install/px4_msgs/include/px4_msgs/px4_msgs/msg/detail/follow_target_estimator__functions.h\n'}
[1.300818] (px4_msgs) StdoutLine: {'line': b'-- Up-to-date: /home/mustardking/ws_sensor_combined/install/px4_msgs/include/px4_msgs/px4_msgs/msg/detail/pps_capture__type_support.h\n'}
[1.300841] (px4_msgs) StdoutLine: {'line': b'-- Up-to-date: /home/mustardking/ws_sensor_combined/install/px4_msgs/include/px4_msgs/px4_msgs/msg/detail/orbit_status__functions.h\n'}
[1.300863] (px4_msgs) StdoutLine: {'line': b'-- Up-to-date: /home/mustardking/ws_sensor_combined/install/px4_msgs/include/px4_msgs/px4_msgs/msg/detail/esc_status__type_support.h\n'}
[1.300886] (px4_msgs) StdoutLine: {'line': b'-- Up-to-date: /home/mustardking/ws_sensor_combined/install/px4_msgs/include/px4_msgs/px4_msgs/msg/detail/logger_status__struct.h\n'}
[1.300908] (px4_msgs) StdoutLine: {'line': b'-- Up-to-date: /home/mustardking/ws_sensor_combined/install/px4_msgs/include/px4_msgs/px4_msgs/msg/detail/gps_inject_data__type_support.h\n'}
[1.300930] (px4_msgs) StdoutLine: {'line': b'-- Up-to-date: /home/mustardking/ws_sensor_combined/install/px4_msgs/include/px4_msgs/px4_msgs/msg/detail/timesync_status__functions.c\n'}
[1.300959] (px4_msgs) StdoutLine: {'line': b'-- Up-to-date: /home/mustardking/ws_sensor_combined/install/px4_msgs/include/px4_msgs/px4_msgs/msg/detail/hover_thrust_estimate__struct.h\n'}
[1.300985] (px4_msgs) StdoutLine: {'line': b'-- Up-to-date: /home/mustardking/ws_sensor_combined/install/px4_msgs/include/px4_msgs/px4_msgs/msg/detail/follow_target_estimator__struct.h\n'}
[1.301009] (px4_msgs) StdoutLine: {'line': b'-- Up-to-date: /home/mustardking/ws_sensor_combined/install/px4_msgs/include/px4_msgs/px4_msgs/msg/detail/arming_check_reply__type_support.h\n'}
[1.301031] (px4_msgs) StdoutLine: {'line': b'-- Up-to-date: /home/mustardking/ws_sensor_combined/install/px4_msgs/include/px4_msgs/px4_msgs/msg/detail/position_controller_landing_status__functions.c\n'}
[1.301054] (px4_msgs) StdoutLine: {'line': b'-- Up-to-date: /home/mustardking/ws_sensor_combined/install/px4_msgs/include/px4_msgs/px4_msgs/msg/detail/sensors_status_imu__functions.h\n'}
[1.301076] (px4_msgs) StdoutLine: {'line': b'-- Up-to-date: /home/mustardking/ws_sensor_combined/install/px4_msgs/include/px4_msgs/px4_msgs/msg/detail/sensor_gyro_fifo__functions.c\n'}
[1.301114] (px4_msgs) StdoutLine: {'line': b'-- Up-to-date: /home/mustardking/ws_sensor_combined/install/px4_msgs/include/px4_msgs/px4_msgs/msg/detail/obstacle_distance__functions.c\n'}
[1.301138] (px4_msgs) StdoutLine: {'line': b'-- Up-to-date: /home/mustardking/ws_sensor_combined/install/px4_msgs/include/px4_msgs/px4_msgs/msg/detail/rover_attitude_status__struct.h\n'}
[1.301161] (px4_msgs) StdoutLine: {'line': b'-- Up-to-date: /home/mustardking/ws_sensor_combined/install/px4_msgs/include/px4_msgs/px4_msgs/msg/detail/sensor_gnss_relative__struct.h\n'}
[1.301183] (px4_msgs) StdoutLine: {'line': b'-- Up-to-date: /home/mustardking/ws_sensor_combined/install/px4_msgs/include/px4_msgs/px4_msgs/msg/detail/actuator_armed__functions.c\n'}
[1.301206] (px4_msgs) StdoutLine: {'line': b'-- Up-to-date: /home/mustardking/ws_sensor_combined/install/px4_msgs/include/px4_msgs/px4_msgs/msg/detail/health_report__struct.h\n'}
[1.301228] (px4_msgs) StdoutLine: {'line': b'-- Up-to-date: /home/mustardking/ws_sensor_combined/install/px4_msgs/include/px4_msgs/px4_msgs/msg/detail/open_drone_id_operator_id__functions.c\n'}
[1.301251] (px4_msgs) StdoutLine: {'line': b'-- Up-to-date: /home/mustardking/ws_sensor_combined/install/px4_msgs/include/px4_msgs/px4_msgs/msg/detail/register_ext_component_request__functions.h\n'}
[1.301273] (px4_msgs) StdoutLine: {'line': b'-- Up-to-date: /home/mustardking/ws_sensor_combined/install/px4_msgs/include/px4_msgs/px4_msgs/msg/detail/open_drone_id_self_id__functions.c\n'}
[1.301310] (px4_msgs) StdoutLine: {'line': b'-- Up-to-date: /home/mustardking/ws_sensor_combined/install/px4_msgs/include/px4_msgs/px4_msgs/msg/detail/orb_test_medium__struct.h\n'}
[1.301333] (px4_msgs) StdoutLine: {'line': b'-- Up-to-date: /home/mustardking/ws_sensor_combined/install/px4_msgs/include/px4_msgs/px4_msgs/msg/detail/estimator_states__struct.h\n'}
[1.301355] (px4_msgs) StdoutLine: {'line': b'-- Up-to-date: /home/mustardking/ws_sensor_combined/install/px4_msgs/include/px4_msgs/px4_msgs/msg/detail/rtl_status__functions.c\n'}
[1.301379] (px4_msgs) StdoutLine: {'line': b'-- Up-to-date: /home/mustardking/ws_sensor_combined/install/px4_msgs/include/px4_msgs/px4_msgs/msg/detail/sensor_accel__type_support.h\n'}
[1.301402] (px4_msgs) StdoutLine: {'line': b'-- Up-to-date: /home/mustardking/ws_sensor_combined/install/px4_msgs/include/px4_msgs/px4_msgs/msg/detail/pps_capture__functions.c\n'}
[1.301432] (px4_msgs) StdoutLine: {'line': b'-- Up-to-date: /home/mustardking/ws_sensor_combined/install/px4_msgs/include/px4_msgs/px4_msgs/msg/detail/actuator_servos__struct.h\n'}
[1.301458] (px4_msgs) StdoutLine: {'line': b'-- Up-to-date: /home/mustardking/ws_sensor_combined/install/px4_msgs/include/px4_msgs/px4_msgs/msg/detail/vehicle_roi__functions.c\n'}
[1.301480] (px4_msgs) StdoutLine: {'line': b'-- Up-to-date: /home/mustardking/ws_sensor_combined/install/px4_msgs/include/px4_msgs/px4_msgs/msg/detail/home_position__functions.h\n'}
[1.301502] (px4_msgs) StdoutLine: {'line': b'-- Up-to-date: /home/mustardking/ws_sensor_combined/install/px4_msgs/include/px4_msgs/px4_msgs/msg/detail/vehicle_attitude_setpoint__functions.h\n'}
[1.301525] (px4_msgs) StdoutLine: {'line': b'-- Up-to-date: /home/mustardking/ws_sensor_combined/install/px4_msgs/include/px4_msgs/px4_msgs/msg/detail/transponder_report__functions.c\n'}
[1.301547] (px4_msgs) StdoutLine: {'line': b'-- Up-to-date: /home/mustardking/ws_sensor_combined/install/px4_msgs/include/px4_msgs/px4_msgs/msg/detail/rtl_time_estimate__struct.h\n'}
[1.301570] (px4_msgs) StdoutLine: {'line': b'-- Up-to-date: /home/mustardking/ws_sensor_combined/install/px4_msgs/include/px4_msgs/px4_msgs/msg/detail/manual_control_setpoint__type_support.h\n'}
[1.301594] (px4_msgs) StdoutLine: {'line': b'-- Up-to-date: /home/mustardking/ws_sensor_combined/install/px4_msgs/include/px4_msgs/px4_msgs/msg/detail/rover_speed_setpoint__functions.h\n'}
[1.301616] (px4_msgs) StdoutLine: {'line': b'-- Up-to-date: /home/mustardking/ws_sensor_combined/install/px4_msgs/include/px4_msgs/px4_msgs/msg/detail/estimator_bias__struct.h\n'}
[1.301638] (px4_msgs) StdoutLine: {'line': b'-- Up-to-date: /home/mustardking/ws_sensor_combined/install/px4_msgs/include/px4_msgs/px4_msgs/msg/detail/follow_target_estimator__functions.c\n'}
[1.301667] (px4_msgs) StdoutLine: {'line': b'-- Up-to-date: /home/mustardking/ws_sensor_combined/install/px4_msgs/include/px4_msgs/px4_msgs/msg/detail/distance_sensor_mode_change_request__functions.c\n'}
[1.301689] (px4_msgs) StdoutLine: {'line': b'-- Up-to-date: /home/mustardking/ws_sensor_combined/install/px4_msgs/include/px4_msgs/px4_msgs/msg/detail/velocity_limits__struct.h\n'}
[1.301711] (px4_msgs) StdoutLine: {'line': b'-- Up-to-date: /home/mustardking/ws_sensor_combined/install/px4_msgs/include/px4_msgs/px4_msgs/msg/detail/sensor_selection__type_support.h\n'}
[1.301734] (px4_msgs) StdoutLine: {'line': b'-- Up-to-date: /home/mustardking/ws_sensor_combined/install/px4_msgs/include/px4_msgs/px4_msgs/msg/detail/launch_detection_status__functions.h\n'}
[1.301756] (px4_msgs) StdoutLine: {'line': b'-- Up-to-date: /home/mustardking/ws_sensor_combined/install/px4_msgs/include/px4_msgs/px4_msgs/msg/detail/landing_target_innovations__type_support.h\n'}
[1.301779] (px4_msgs) StdoutLine: {'line': b'-- Up-to-date: /home/mustardking/ws_sensor_combined/install/px4_msgs/include/px4_msgs/px4_msgs/msg/detail/vehicle_optical_flow__functions.c\n'}
[1.301802] (px4_msgs) StdoutLine: {'line': b'-- Up-to-date: /home/mustardking/ws_sensor_combined/install/px4_msgs/include/px4_msgs/px4_msgs/msg/detail/can_interface_status__functions.c\n'}
[1.301830] (px4_msgs) StdoutLine: {'line': b'-- Up-to-date: /home/mustardking/ws_sensor_combined/install/px4_msgs/include/px4_msgs/px4_msgs/msg/detail/battery_status__type_support.h\n'}
[1.301874] (px4_msgs) StdoutLine: {'line': b'-- Up-to-date: /home/mustardking/ws_sensor_combined/install/px4_msgs/include/px4_msgs/px4_msgs/msg/detail/gimbal_manager_set_attitude__struct.h\n'}
[1.301915] (px4_msgs) StdoutLine: {'line': b'-- Up-to-date: /home/mustardking/ws_sensor_combined/install/px4_msgs/include/px4_msgs/px4_msgs/msg/detail/home_position__type_support.h\n'}
[1.301952] (px4_msgs) StdoutLine: {'line': b'-- Up-to-date: /home/mustardking/ws_sensor_combined/install/px4_msgs/include/px4_msgs/px4_msgs/msg/detail/sensor_accel_fifo__struct.h\n'}
[1.301998] (px4_msgs) StdoutLine: {'line': b'-- Up-to-date: /home/mustardking/ws_sensor_combined/install/px4_msgs/include/px4_msgs/px4_msgs/msg/detail/estimator_sensor_bias__functions.h\n'}
[1.302033] (px4_msgs) StdoutLine: {'line': b'-- Up-to-date: /home/mustardking/ws_sensor_combined/install/px4_msgs/include/px4_msgs/px4_msgs/msg/detail/iridiumsbd_status__functions.h\n'}
[1.302070] (px4_msgs) StdoutLine: {'line': b'-- Up-to-date: /home/mustardking/ws_sensor_combined/install/px4_msgs/include/px4_msgs/px4_msgs/msg/detail/dronecan_node_status__functions.c\n'}
[1.302110] (px4_msgs) StdoutLine: {'line': b'-- Up-to-date: /home/mustardking/ws_sensor_combined/install/px4_msgs/include/px4_msgs/px4_msgs/msg/detail/wheel_encoders__functions.c\n'}
[1.302792] (-) TimerEvent: {}
[1.302869] (px4_msgs) StdoutLine: {'line': b'-- Up-to-date: /home/mustardking/ws_sensor_combined/install/px4_msgs/include/px4_msgs/px4_msgs/msg/detail/sensor_accel__functions.h\n'}
[1.302905] (px4_msgs) StdoutLine: {'line': b'-- Up-to-date: /home/mustardking/ws_sensor_combined/install/px4_msgs/include/px4_msgs/px4_msgs/msg/detail/distance_sensor_mode_change_request__type_support.h\n'}
[1.302929] (px4_msgs) StdoutLine: {'line': b'-- Up-to-date: /home/mustardking/ws_sensor_combined/install/px4_msgs/include/px4_msgs/px4_msgs/msg/detail/vehicle_rates_setpoint__functions.c\n'}
[1.303523] (px4_msgs) StdoutLine: {'line': b'-- Up-to-date: /home/mustardking/ws_sensor_combined/install/px4_msgs/include/px4_msgs/px4_msgs/msg/detail/esc_report__functions.h\n'}
[1.303563] (px4_msgs) StdoutLine: {'line': b'-- Up-to-date: /home/mustardking/ws_sensor_combined/install/px4_msgs/include/px4_msgs/px4_msgs/msg/detail/message_format_response__functions.c\n'}
[1.303598] (px4_msgs) StdoutLine: {'line': b'-- Up-to-date: /home/mustardking/ws_sensor_combined/install/px4_msgs/include/px4_msgs/px4_msgs/msg/detail/can_interface_status__struct.h\n'}
[1.303638] (px4_msgs) StdoutLine: {'line': b'-- Up-to-date: /home/mustardking/ws_sensor_combined/install/px4_msgs/include/px4_msgs/px4_msgs/msg/detail/fixed_wing_runway_control__functions.h\n'}
[1.303678] (px4_msgs) StdoutLine: {'line': b'-- Up-to-date: /home/mustardking/ws_sensor_combined/install/px4_msgs/include/px4_msgs/px4_msgs/msg/detail/sensor_correction__functions.c\n'}
[1.303719] (px4_msgs) StdoutLine: {'line': b'-- Up-to-date: /home/mustardking/ws_sensor_combined/install/px4_msgs/include/px4_msgs/px4_msgs/msg/detail/trajectory_setpoint6dof__struct.h\n'}
[1.303758] (px4_msgs) StdoutLine: {'line': b'-- Up-to-date: /home/mustardking/ws_sensor_combined/install/px4_msgs/include/px4_msgs/px4_msgs/msg/detail/sensor_baro__struct.h\n'}
[1.303797] (px4_msgs) StdoutLine: {'line': b'-- Up-to-date: /home/mustardking/ws_sensor_combined/install/px4_msgs/include/px4_msgs/px4_msgs/msg/detail/px4io_status__functions.h\n'}
[1.303829] (px4_msgs) StdoutLine: {'line': b'-- Up-to-date: /home/mustardking/ws_sensor_combined/install/px4_msgs/include/px4_msgs/px4_msgs/msg/detail/actuator_outputs__struct.h\n'}
[1.303857] (px4_msgs) StdoutLine: {'line': b'-- Up-to-date: /home/mustardking/ws_sensor_combined/install/px4_msgs/include/px4_msgs/px4_msgs/msg/detail/rpm__type_support.h\n'}
[1.303892] (px4_msgs) StdoutLine: {'line': b'-- Up-to-date: /home/mustardking/ws_sensor_combined/install/px4_msgs/include/px4_msgs/px4_msgs/msg/detail/pwm_input__type_support.h\n'}
[1.303932] (px4_msgs) StdoutLine: {'line': b'-- Up-to-date: /home/mustardking/ws_sensor_combined/install/px4_msgs/include/px4_msgs/px4_msgs/msg/detail/rtl_status__type_support.h\n'}
[1.304015] (px4_msgs) StdoutLine: {'line': b'-- Up-to-date: /home/mustardking/ws_sensor_combined/install/px4_msgs/include/px4_msgs/px4_msgs/msg/detail/pure_pursuit_status__functions.c\n'}
[1.304243] (px4_msgs) StdoutLine: {'line': b'-- Up-to-date: /home/mustardking/ws_sensor_combined/install/px4_msgs/include/px4_msgs/px4_msgs/msg/detail/actuator_armed__type_support.h\n'}
[1.304286] (px4_msgs) StdoutLine: {'line': b'-- Up-to-date: /home/mustardking/ws_sensor_combined/install/px4_msgs/include/px4_msgs/px4_msgs/msg/detail/parameter_update__struct.h\n'}
[1.304325] (px4_msgs) StdoutLine: {'line': b'-- Up-to-date: /home/mustardking/ws_sensor_combined/install/px4_msgs/include/px4_msgs/px4_msgs/msg/detail/geofence_status__struct.h\n'}
[1.304522] (px4_msgs) StdoutLine: {'line': b'-- Up-to-date: /home/mustardking/ws_sensor_combined/install/px4_msgs/include/px4_msgs/px4_msgs/msg/detail/vehicle_command_ack__functions.c\n'}
[1.304975] (px4_msgs) StdoutLine: {'line': b'-- Up-to-date: /home/mustardking/ws_sensor_combined/install/px4_msgs/include/px4_msgs/px4_msgs/msg/detail/sensor_baro__functions.c\n'}
[1.305084] (px4_msgs) StdoutLine: {'line': b'-- Up-to-date: /home/mustardking/ws_sensor_combined/install/px4_msgs/include/px4_msgs/px4_msgs/msg/detail/rc_channels__struct.h\n'}
[1.305211] (px4_msgs) StdoutLine: {'line': b'-- Up-to-date: /home/mustardking/ws_sensor_combined/install/px4_msgs/include/px4_msgs/px4_msgs/msg/detail/gps_inject_data__functions.h\n'}
[1.305238] (px4_msgs) StdoutLine: {'line': b'-- Up-to-date: /home/mustardking/ws_sensor_combined/install/px4_msgs/include/px4_msgs/px4_msgs/msg/detail/trajectory_setpoint__functions.h\n'}
[1.305262] (px4_msgs) StdoutLine: {'line': b'-- Up-to-date: /home/mustardking/ws_sensor_combined/install/px4_msgs/include/px4_msgs/px4_msgs/msg/detail/camera_capture__struct.h\n'}
[1.305286] (px4_msgs) StdoutLine: {'line': b'-- Up-to-date: /home/mustardking/ws_sensor_combined/install/px4_msgs/include/px4_msgs/px4_msgs/msg/detail/vehicle_status__type_support.h\n'}
[1.305309] (px4_msgs) StdoutLine: {'line': b'-- Up-to-date: /home/mustardking/ws_sensor_combined/install/px4_msgs/include/px4_msgs/px4_msgs/msg/detail/sensor_gyro__type_support.h\n'}
[1.305331] (px4_msgs) StdoutLine: {'line': b'-- Up-to-date: /home/mustardking/ws_sensor_combined/install/px4_msgs/include/px4_msgs/px4_msgs/msg/detail/cellular_status__functions.h\n'}
[1.305354] (px4_msgs) StdoutLine: {'line': b'-- Up-to-date: /home/mustardking/ws_sensor_combined/install/px4_msgs/include/px4_msgs/px4_msgs/msg/detail/rpm__functions.h\n'}
[1.305388] (px4_msgs) StdoutLine: {'line': b'-- Up-to-date: /home/mustardking/ws_sensor_combined/install/px4_msgs/include/px4_msgs/px4_msgs/msg/detail/actuator_armed__struct.h\n'}
[1.305414] (px4_msgs) StdoutLine: {'line': b'-- Up-to-date: /home/mustardking/ws_sensor_combined/install/px4_msgs/include/px4_msgs/px4_msgs/msg/detail/fixed_wing_lateral_guidance_status__struct.h\n'}
[1.305450] (px4_msgs) StdoutLine: {'line': b'-- Up-to-date: /home/mustardking/ws_sensor_combined/install/px4_msgs/include/px4_msgs/px4_msgs/msg/detail/actuator_armed__functions.h\n'}
[1.305488] (px4_msgs) StdoutLine: {'line': b'-- Up-to-date: /home/mustardking/ws_sensor_combined/install/px4_msgs/include/px4_msgs/px4_msgs/msg/detail/ulog_stream__functions.h\n'}
[1.305530] (px4_msgs) StdoutLine: {'line': b'-- Up-to-date: /home/mustardking/ws_sensor_combined/install/px4_msgs/include/px4_msgs/px4_msgs/msg/detail/rover_speed_setpoint__functions.c\n'}
[1.305649] (px4_msgs) StdoutLine: {'line': b'-- Up-to-date: /home/mustardking/ws_sensor_combined/install/px4_msgs/include/px4_msgs/px4_msgs/msg/detail/actuator_controls_status__type_support.h\n'}
[1.305689] (px4_msgs) StdoutLine: {'line': b'-- Up-to-date: /home/mustardking/ws_sensor_combined/install/px4_msgs/include/px4_msgs/px4_msgs/msg/detail/actuator_outputs__functions.c\n'}
[1.306925] (px4_msgs) StdoutLine: {'line': b'-- Up-to-date: /home/mustardking/ws_sensor_combined/install/px4_msgs/include/px4_msgs/px4_msgs/msg/detail/message_format_response__functions.h\n'}
[1.306971] (px4_msgs) StdoutLine: {'line': b'-- Up-to-date: /home/mustardking/ws_sensor_combined/install/px4_msgs/include/px4_msgs/px4_msgs/msg/detail/power_button_state__functions.h\n'}
[1.307029] (px4_msgs) StdoutLine: {'line': b'-- Up-to-date: /home/mustardking/ws_sensor_combined/install/px4_msgs/include/px4_msgs/px4_msgs/msg/detail/airspeed_validated__struct.h\n'}
[1.307053] (px4_msgs) StdoutLine: {'line': b'-- Up-to-date: /home/mustardking/ws_sensor_combined/install/px4_msgs/include/px4_msgs/px4_msgs/msg/detail/sensor_combined__struct.h\n'}
[1.307076] (px4_msgs) StdoutLine: {'line': b'-- Up-to-date: /home/mustardking/ws_sensor_combined/install/px4_msgs/include/px4_msgs/px4_msgs/msg/detail/sensor_gnss_relative__functions.c\n'}
[1.307099] (px4_msgs) StdoutLine: {'line': b'-- Up-to-date: /home/mustardking/ws_sensor_combined/install/px4_msgs/include/px4_msgs/px4_msgs/msg/detail/sensor_combined__type_support.h\n'}
[1.307121] (px4_msgs) StdoutLine: {'line': b'-- Up-to-date: /home/mustardking/ws_sensor_combined/install/px4_msgs/include/px4_msgs/px4_msgs/msg/detail/onboard_computer_status__functions.h\n'}
[1.307158] (px4_msgs) StdoutLine: {'line': b'-- Up-to-date: /home/mustardking/ws_sensor_combined/install/px4_msgs/include/px4_msgs/px4_msgs/msg/detail/neural_control__type_support.h\n'}
[1.307197] (px4_msgs) StdoutLine: {'line': b'-- Up-to-date: /home/mustardking/ws_sensor_combined/install/px4_msgs/include/px4_msgs/px4_msgs/msg/detail/qshell_req__functions.h\n'}
[1.307234] (px4_msgs) StdoutLine: {'line': b'-- Up-to-date: /home/mustardking/ws_sensor_combined/install/px4_msgs/include/px4_msgs/px4_msgs/msg/detail/qshell_retval__functions.c\n'}
[1.307271] (px4_msgs) StdoutLine: {'line': b'-- Up-to-date: /home/mustardking/ws_sensor_combined/install/px4_msgs/include/px4_msgs/px4_msgs/msg/detail/magnetometer_bias_estimate__functions.c\n'}
[1.307383] (px4_msgs) StdoutLine: {'line': b'-- Up-to-date: /home/mustardking/ws_sensor_combined/install/px4_msgs/include/px4_msgs/px4_msgs/msg/detail/actuator_motors__struct.h\n'}
[1.307417] (px4_msgs) StdoutLine: {'line': b'-- Up-to-date: /home/mustardking/ws_sensor_combined/install/px4_msgs/include/px4_msgs/px4_msgs/msg/detail/figure_eight_status__type_support.h\n'}
[1.307459] (px4_msgs) StdoutLine: {'line': b'-- Up-to-date: /home/mustardking/ws_sensor_combined/install/px4_msgs/include/px4_msgs/px4_msgs/msg/detail/register_ext_component_request__type_support.h\n'}
[1.307493] (px4_msgs) StdoutLine: {'line': b'-- Up-to-date: /home/mustardking/ws_sensor_combined/install/px4_msgs/include/px4_msgs/px4_msgs/msg/detail/gimbal_device_information__functions.h\n'}
[1.307530] (px4_msgs) StdoutLine: {'line': b'-- Up-to-date: /home/mustardking/ws_sensor_combined/install/px4_msgs/include/px4_msgs/px4_msgs/msg/detail/internal_combustion_engine_status__struct.h\n'}
[1.307579] (px4_msgs) StdoutLine: {'line': b'-- Up-to-date: /home/mustardking/ws_sensor_combined/install/px4_msgs/include/px4_msgs/px4_msgs/msg/detail/transponder_report__type_support.h\n'}
[1.307616] (px4_msgs) StdoutLine: {'line': b'-- Up-to-date: /home/mustardking/ws_sensor_combined/install/px4_msgs/include/px4_msgs/px4_msgs/msg/detail/vehicle_constraints__struct.h\n'}
[1.307682] (px4_msgs) StdoutLine: {'line': b'-- Up-to-date: /home/mustardking/ws_sensor_combined/install/px4_msgs/include/px4_msgs/px4_msgs/msg/detail/event__functions.h\n'}
[1.307707] (px4_msgs) StdoutLine: {'line': b'-- Up-to-date: /home/mustardking/ws_sensor_combined/install/px4_msgs/include/px4_msgs/px4_msgs/msg/vehicle_roi.h\n'}
[1.307730] (px4_msgs) StdoutLine: {'line': b'-- Up-to-date: /home/mustardking/ws_sensor_combined/install/px4_msgs/share/px4_msgs/environment/library_path.sh\n'}
[1.307752] (px4_msgs) StdoutLine: {'line': b'-- Up-to-date: /home/mustardking/ws_sensor_combined/install/px4_msgs/share/px4_msgs/environment/library_path.dsv\n'}
[1.307778] (px4_msgs) StdoutLine: {'line': b'-- Up-to-date: /home/mustardking/ws_sensor_combined/install/px4_msgs/lib/libpx4_msgs__rosidl_generator_c.so\n'}
[1.307801] (px4_msgs) StdoutLine: {'line': b'-- Up-to-date: /home/mustardking/ws_sensor_combined/install/px4_msgs/include/px4_msgs/px4_msgs\n'}
[1.307823] (px4_msgs) StdoutLine: {'line': b'-- Up-to-date: /home/mustardking/ws_sensor_combined/install/px4_msgs/include/px4_msgs/px4_msgs/srv\n'}
[1.307845] (px4_msgs) StdoutLine: {'line': b'-- Up-to-date: /home/mustardking/ws_sensor_combined/install/px4_msgs/include/px4_msgs/px4_msgs/srv/detail\n'}
[1.307868] (px4_msgs) StdoutLine: {'line': b'-- Up-to-date: /home/mustardking/ws_sensor_combined/install/px4_msgs/include/px4_msgs/px4_msgs/srv/detail/vehicle_command__rosidl_typesupport_fastrtps_c.h\n'}
[1.307891] (px4_msgs) StdoutLine: {'line': b'-- Up-to-date: /home/mustardking/ws_sensor_combined/install/px4_msgs/include/px4_msgs/px4_msgs/msg\n'}
[1.307963] (px4_msgs) StdoutLine: {'line': b'-- Up-to-date: /home/mustardking/ws_sensor_combined/install/px4_msgs/include/px4_msgs/px4_msgs/msg/rosidl_typesupport_fastrtps_c__visibility_control.h\n'}
[1.307989] (px4_msgs) StdoutLine: {'line': b'-- Up-to-date: /home/mustardking/ws_sensor_combined/install/px4_msgs/include/px4_msgs/px4_msgs/msg/detail\n'}
[1.308019] (px4_msgs) StdoutLine: {'line': b'-- Up-to-date: /home/mustardking/ws_sensor_combined/install/px4_msgs/include/px4_msgs/px4_msgs/msg/detail/heater_status__rosidl_typesupport_fastrtps_c.h\n'}
[1.308055] (px4_msgs) StdoutLine: {'line': b'-- Up-to-date: /home/mustardking/ws_sensor_combined/install/px4_msgs/include/px4_msgs/px4_msgs/msg/detail/vehicle_optical_flow_vel__rosidl_typesupport_fastrtps_c.h\n'}
[1.308092] (px4_msgs) StdoutLine: {'line': b'-- Up-to-date: /home/mustardking/ws_sensor_combined/install/px4_msgs/include/px4_msgs/px4_msgs/msg/detail/actuator_servos__rosidl_typesupport_fastrtps_c.h\n'}
[1.308128] (px4_msgs) StdoutLine: {'line': b'-- Up-to-date: /home/mustardking/ws_sensor_combined/install/px4_msgs/include/px4_msgs/px4_msgs/msg/detail/sensor_uwb__rosidl_typesupport_fastrtps_c.h\n'}
[1.308165] (px4_msgs) StdoutLine: {'line': b'-- Up-to-date: /home/mustardking/ws_sensor_combined/install/px4_msgs/include/px4_msgs/px4_msgs/msg/detail/camera_capture__rosidl_typesupport_fastrtps_c.h\n'}
[1.308201] (px4_msgs) StdoutLine: {'line': b'-- Up-to-date: /home/mustardking/ws_sensor_combined/install/px4_msgs/include/px4_msgs/px4_msgs/msg/detail/gimbal_controls__rosidl_typesupport_fastrtps_c.h\n'}
[1.308236] (px4_msgs) StdoutLine: {'line': b'-- Up-to-date: /home/mustardking/ws_sensor_combined/install/px4_msgs/include/px4_msgs/px4_msgs/msg/detail/can_interface_status__rosidl_typesupport_fastrtps_c.h\n'}
[1.308268] (px4_msgs) StdoutLine: {'line': b'-- Up-to-date: /home/mustardking/ws_sensor_combined/install/px4_msgs/include/px4_msgs/px4_msgs/msg/detail/distance_sensor__rosidl_typesupport_fastrtps_c.h\n'}
[1.308301] (px4_msgs) StdoutLine: {'line': b'-- Up-to-date: /home/mustardking/ws_sensor_combined/install/px4_msgs/include/px4_msgs/px4_msgs/msg/detail/open_drone_id_self_id__rosidl_typesupport_fastrtps_c.h\n'}
[1.308338] (px4_msgs) StdoutLine: {'line': b'-- Up-to-date: /home/mustardking/ws_sensor_combined/install/px4_msgs/include/px4_msgs/px4_msgs/msg/detail/actuator_outputs__rosidl_typesupport_fastrtps_c.h\n'}
[1.308373] (px4_msgs) StdoutLine: {'line': b'-- Up-to-date: /home/mustardking/ws_sensor_combined/install/px4_msgs/include/px4_msgs/px4_msgs/msg/detail/gimbal_manager_information__rosidl_typesupport_fastrtps_c.h\n'}
[1.308409] (px4_msgs) StdoutLine: {'line': b'-- Up-to-date: /home/mustardking/ws_sensor_combined/install/px4_msgs/include/px4_msgs/px4_msgs/msg/detail/camera_trigger__rosidl_typesupport_fastrtps_c.h\n'}
[1.308445] (px4_msgs) StdoutLine: {'line': b'-- Up-to-date: /home/mustardking/ws_sensor_combined/install/px4_msgs/include/px4_msgs/px4_msgs/msg/detail/gpio_in__rosidl_typesupport_fastrtps_c.h\n'}
[1.308481] (px4_msgs) StdoutLine: {'line': b'-- Up-to-date: /home/mustardking/ws_sensor_combined/install/px4_msgs/include/px4_msgs/px4_msgs/msg/detail/rtl_time_estimate__rosidl_typesupport_fastrtps_c.h\n'}
[1.308544] (px4_msgs) StdoutLine: {'line': b'-- Up-to-date: /home/mustardking/ws_sensor_combined/install/px4_msgs/include/px4_msgs/px4_msgs/msg/detail/yaw_estimator_status__rosidl_typesupport_fastrtps_c.h\n'}
[1.308814] (px4_msgs) StdoutLine: {'line': b'-- Up-to-date: /home/mustardking/ws_sensor_combined/install/px4_msgs/include/px4_msgs/px4_msgs/msg/detail/debug_array__rosidl_typesupport_fastrtps_c.h\n'}
[1.308851] (px4_msgs) StdoutLine: {'line': b'-- Up-to-date: /home/mustardking/ws_sensor_combined/install/px4_msgs/include/px4_msgs/px4_msgs/msg/detail/vehicle_constraints__rosidl_typesupport_fastrtps_c.h\n'}
[1.308893] (px4_msgs) StdoutLine: {'line': b'-- Up-to-date: /home/mustardking/ws_sensor_combined/install/px4_msgs/include/px4_msgs/px4_msgs/msg/detail/parameter_set_value_request__rosidl_typesupport_fastrtps_c.h\n'}
[1.308935] (px4_msgs) StdoutLine: {'line': b'-- Up-to-date: /home/mustardking/ws_sensor_combined/install/px4_msgs/include/px4_msgs/px4_msgs/msg/detail/parameter_set_used_request__rosidl_typesupport_fastrtps_c.h\n'}
[1.308984] (px4_msgs) StdoutLine: {'line': b'-- Up-to-date: /home/mustardking/ws_sensor_combined/install/px4_msgs/include/px4_msgs/px4_msgs/msg/detail/sensor_selection__rosidl_typesupport_fastrtps_c.h\n'}
[1.309020] (px4_msgs) StdoutLine: {'line': b'-- Up-to-date: /home/mustardking/ws_sensor_combined/install/px4_msgs/include/px4_msgs/px4_msgs/msg/detail/wheel_encoders__rosidl_typesupport_fastrtps_c.h\n'}
[1.309060] (px4_msgs) StdoutLine: {'line': b'-- Up-to-date: /home/mustardking/ws_sensor_combined/install/px4_msgs/include/px4_msgs/px4_msgs/msg/detail/vtol_vehicle_status__rosidl_typesupport_fastrtps_c.h\n'}
[1.309097] (px4_msgs) StdoutLine: {'line': b'-- Up-to-date: /home/mustardking/ws_sensor_combined/install/px4_msgs/include/px4_msgs/px4_msgs/msg/detail/actuator_controls_status__rosidl_typesupport_fastrtps_c.h\n'}
[1.309424] (px4_msgs) StdoutLine: {'line': b'-- Up-to-date: /home/mustardking/ws_sensor_combined/install/px4_msgs/include/px4_msgs/px4_msgs/msg/detail/sensor_accel__rosidl_typesupport_fastrtps_c.h\n'}
[1.309461] (px4_msgs) StdoutLine: {'line': b'-- Up-to-date: /home/mustardking/ws_sensor_combined/install/px4_msgs/include/px4_msgs/px4_msgs/msg/detail/estimator_sensor_bias__rosidl_typesupport_fastrtps_c.h\n'}
[1.309498] (px4_msgs) StdoutLine: {'line': b'-- Up-to-date: /home/mustardking/ws_sensor_combined/install/px4_msgs/include/px4_msgs/px4_msgs/msg/detail/vehicle_global_position__rosidl_typesupport_fastrtps_c.h\n'}
[1.309535] (px4_msgs) StdoutLine: {'line': b'-- Up-to-date: /home/mustardking/ws_sensor_combined/install/px4_msgs/include/px4_msgs/px4_msgs/msg/detail/autotune_attitude_control_status__rosidl_typesupport_fastrtps_c.h\n'}
[1.309588] (px4_msgs) StdoutLine: {'line': b'-- Up-to-date: /home/mustardking/ws_sensor_combined/install/px4_msgs/include/px4_msgs/px4_msgs/msg/detail/irlock_report__rosidl_typesupport_fastrtps_c.h\n'}
[1.309631] (px4_msgs) StdoutLine: {'line': b'-- Up-to-date: /home/mustardking/ws_sensor_combined/install/px4_msgs/include/px4_msgs/px4_msgs/msg/detail/rover_steering_setpoint__rosidl_typesupport_fastrtps_c.h\n'}
[1.309670] (px4_msgs) StdoutLine: {'line': b'-- Up-to-date: /home/mustardking/ws_sensor_combined/install/px4_msgs/include/px4_msgs/px4_msgs/msg/detail/vehicle_land_detected__rosidl_typesupport_fastrtps_c.h\n'}
[1.309703] (px4_msgs) StdoutLine: {'line': b'-- Up-to-date: /home/mustardking/ws_sensor_combined/install/px4_msgs/include/px4_msgs/px4_msgs/msg/detail/sensors_status_imu__rosidl_typesupport_fastrtps_c.h\n'}
[1.309746] (px4_msgs) StdoutLine: {'line': b'-- Up-to-date: /home/mustardking/ws_sensor_combined/install/px4_msgs/include/px4_msgs/px4_msgs/msg/detail/airspeed_validated__rosidl_typesupport_fastrtps_c.h\n'}
[1.309786] (px4_msgs) StdoutLine: {'line': b'-- Up-to-date: /home/mustardking/ws_sensor_combined/install/px4_msgs/include/px4_msgs/px4_msgs/msg/detail/vehicle_angular_velocity__rosidl_typesupport_fastrtps_c.h\n'}
[1.310456] (px4_msgs) StdoutLine: {'line': b'-- Up-to-date: /home/mustardking/ws_sensor_combined/install/px4_msgs/include/px4_msgs/px4_msgs/msg/detail/obstacle_distance__rosidl_typesupport_fastrtps_c.h\n'}
[1.310491] (px4_msgs) StdoutLine: {'line': b'-- Up-to-date: /home/mustardking/ws_sensor_combined/install/px4_msgs/include/px4_msgs/px4_msgs/msg/detail/failure_detector_status__rosidl_typesupport_fastrtps_c.h\n'}
[1.310529] (px4_msgs) StdoutLine: {'line': b'-- Up-to-date: /home/mustardking/ws_sensor_combined/install/px4_msgs/include/px4_msgs/px4_msgs/msg/detail/gimbal_device_attitude_status__rosidl_typesupport_fastrtps_c.h\n'}
[1.310553] (px4_msgs) StdoutLine: {'line': b'-- Up-to-date: /home/mustardking/ws_sensor_combined/install/px4_msgs/include/px4_msgs/px4_msgs/msg/detail/sensor_preflight_mag__rosidl_typesupport_fastrtps_c.h\n'}
[1.310591] (px4_msgs) StdoutLine: {'line': b'-- Up-to-date: /home/mustardking/ws_sensor_combined/install/px4_msgs/include/px4_msgs/px4_msgs/msg/detail/vehicle_torque_setpoint__rosidl_typesupport_fastrtps_c.h\n'}
[1.310883] (px4_msgs) StdoutLine: {'line': b'-- Up-to-date: /home/mustardking/ws_sensor_combined/install/px4_msgs/include/px4_msgs/px4_msgs/msg/detail/config_overrides__rosidl_typesupport_fastrtps_c.h\n'}
[1.310920] (px4_msgs) StdoutLine: {'line': b'-- Up-to-date: /home/mustardking/ws_sensor_combined/install/px4_msgs/include/px4_msgs/px4_msgs/msg/detail/debug_key_value__rosidl_typesupport_fastrtps_c.h\n'}
[1.310957] (px4_msgs) StdoutLine: {'line': b'-- Up-to-date: /home/mustardking/ws_sensor_combined/install/px4_msgs/include/px4_msgs/px4_msgs/msg/detail/pwm_input__rosidl_typesupport_fastrtps_c.h\n'}
[1.311281] (px4_msgs) StdoutLine: {'line': b'-- Up-to-date: /home/mustardking/ws_sensor_combined/install/px4_msgs/include/px4_msgs/px4_msgs/msg/detail/navigator_status__rosidl_typesupport_fastrtps_c.h\n'}
[1.311318] (px4_msgs) StdoutLine: {'line': b'-- Up-to-date: /home/mustardking/ws_sensor_combined/install/px4_msgs/include/px4_msgs/px4_msgs/msg/detail/dataman_request__rosidl_typesupport_fastrtps_c.h\n'}
[1.311361] (px4_msgs) StdoutLine: {'line': b'-- Up-to-date: /home/mustardking/ws_sensor_combined/install/px4_msgs/include/px4_msgs/px4_msgs/msg/detail/vehicle_acceleration__rosidl_typesupport_fastrtps_c.h\n'}
[1.311400] (px4_msgs) StdoutLine: {'line': b'-- Up-to-date: /home/mustardking/ws_sensor_combined/install/px4_msgs/include/px4_msgs/px4_msgs/msg/detail/orbit_status__rosidl_typesupport_fastrtps_c.h\n'}
[1.311437] (px4_msgs) StdoutLine: {'line': b'-- Up-to-date: /home/mustardking/ws_sensor_combined/install/px4_msgs/include/px4_msgs/px4_msgs/msg/detail/vehicle_optical_flow__rosidl_typesupport_fastrtps_c.h\n'}
[1.311475] (px4_msgs) StdoutLine: {'line': b'-- Up-to-date: /home/mustardking/ws_sensor_combined/install/px4_msgs/include/px4_msgs/px4_msgs/msg/detail/airspeed_wind__rosidl_typesupport_fastrtps_c.h\n'}
[1.311732] (px4_msgs) StdoutLine: {'line': b'-- Up-to-date: /home/mustardking/ws_sensor_combined/install/px4_msgs/include/px4_msgs/px4_msgs/msg/detail/rover_position_setpoint__rosidl_typesupport_fastrtps_c.h\n'}
[1.311774] (px4_msgs) StdoutLine: {'line': b'-- Up-to-date: /home/mustardking/ws_sensor_combined/install/px4_msgs/include/px4_msgs/px4_msgs/msg/detail/rtl_status__rosidl_typesupport_fastrtps_c.h\n'}
[1.311812] (px4_msgs) StdoutLine: {'line': b'-- Up-to-date: /home/mustardking/ws_sensor_combined/install/px4_msgs/include/px4_msgs/px4_msgs/msg/detail/actuator_test__rosidl_typesupport_fastrtps_c.h\n'}
[1.311979] (px4_msgs) StdoutLine: {'line': b'-- Up-to-date: /home/mustardking/ws_sensor_combined/install/px4_msgs/include/px4_msgs/px4_msgs/msg/detail/vehicle_thrust_setpoint__rosidl_typesupport_fastrtps_c.h\n'}
[1.312284] (px4_msgs) StdoutLine: {'line': b'-- Up-to-date: /home/mustardking/ws_sensor_combined/install/px4_msgs/include/px4_msgs/px4_msgs/msg/detail/sensor_gnss_relative__rosidl_typesupport_fastrtps_c.h\n'}
[1.312322] (px4_msgs) StdoutLine: {'line': b'-- Up-to-date: /home/mustardking/ws_sensor_combined/install/px4_msgs/include/px4_msgs/px4_msgs/msg/detail/uavcan_parameter_value__rosidl_typesupport_fastrtps_c.h\n'}
[1.312361] (px4_msgs) StdoutLine: {'line': b'-- Up-to-date: /home/mustardking/ws_sensor_combined/install/px4_msgs/include/px4_msgs/px4_msgs/msg/detail/estimator_states__rosidl_typesupport_fastrtps_c.h\n'}
[1.312399] (px4_msgs) StdoutLine: {'line': b'-- Up-to-date: /home/mustardking/ws_sensor_combined/install/px4_msgs/include/px4_msgs/px4_msgs/msg/detail/estimator_bias__rosidl_typesupport_fastrtps_c.h\n'}
[1.312722] (px4_msgs) StdoutLine: {'line': b'-- Up-to-date: /home/mustardking/ws_sensor_combined/install/px4_msgs/include/px4_msgs/px4_msgs/msg/detail/lateral_control_configuration__rosidl_typesupport_fastrtps_c.h\n'}
[1.312766] (px4_msgs) StdoutLine: {'line': b'-- Up-to-date: /home/mustardking/ws_sensor_combined/install/px4_msgs/include/px4_msgs/px4_msgs/msg/detail/navigator_mission_item__rosidl_typesupport_fastrtps_c.h\n'}
[1.312808] (px4_msgs) StdoutLine: {'line': b'-- Up-to-date: /home/mustardking/ws_sensor_combined/install/px4_msgs/include/px4_msgs/px4_msgs/msg/detail/rover_speed_status__rosidl_typesupport_fastrtps_c.h\n'}
[1.312846] (px4_msgs) StdoutLine: {'line': b'-- Up-to-date: /home/mustardking/ws_sensor_combined/install/px4_msgs/include/px4_msgs/px4_msgs/msg/detail/internal_combustion_engine_status__rosidl_typesupport_fastrtps_c.h\n'}
[1.312883] (px4_msgs) StdoutLine: {'line': b'-- Up-to-date: /home/mustardking/ws_sensor_combined/install/px4_msgs/include/px4_msgs/px4_msgs/msg/detail/vehicle_roi__rosidl_typesupport_fastrtps_c.h\n'}
[1.312998] (px4_msgs) StdoutLine: {'line': b'-- Up-to-date: /home/mustardking/ws_sensor_combined/install/px4_msgs/include/px4_msgs/px4_msgs/msg/detail/parameter_set_value_response__rosidl_typesupport_fastrtps_c.h\n'}
[1.313024] (px4_msgs) StdoutLine: {'line': b'-- Up-to-date: /home/mustardking/ws_sensor_combined/install/px4_msgs/include/px4_msgs/px4_msgs/msg/detail/logger_status__rosidl_typesupport_fastrtps_c.h\n'}
[1.313047] (px4_msgs) StdoutLine: {'line': b'-- Up-to-date: /home/mustardking/ws_sensor_combined/install/px4_msgs/include/px4_msgs/px4_msgs/msg/detail/actuator_servos_trim__rosidl_typesupport_fastrtps_c.h\n'}
[1.313070] (px4_msgs) StdoutLine: {'line': b'-- Up-to-date: /home/mustardking/ws_sensor_combined/install/px4_msgs/include/px4_msgs/px4_msgs/msg/detail/esc_status__rosidl_typesupport_fastrtps_c.h\n'}
[1.313092] (px4_msgs) StdoutLine: {'line': b'-- Up-to-date: /home/mustardking/ws_sensor_combined/install/px4_msgs/include/px4_msgs/px4_msgs/msg/detail/offboard_control_mode__rosidl_typesupport_fastrtps_c.h\n'}
[1.313115] (px4_msgs) StdoutLine: {'line': b'-- Up-to-date: /home/mustardking/ws_sensor_combined/install/px4_msgs/include/px4_msgs/px4_msgs/msg/detail/launch_detection_status__rosidl_typesupport_fastrtps_c.h\n'}
[1.313137] (px4_msgs) StdoutLine: {'line': b'-- Up-to-date: /home/mustardking/ws_sensor_combined/install/px4_msgs/include/px4_msgs/px4_msgs/msg/detail/message_format_response__rosidl_typesupport_fastrtps_c.h\n'}
[1.313168] (px4_msgs) StdoutLine: {'line': b'-- Up-to-date: /home/mustardking/ws_sensor_combined/install/px4_msgs/include/px4_msgs/px4_msgs/msg/detail/button_event__rosidl_typesupport_fastrtps_c.h\n'}
[1.313195] (px4_msgs) StdoutLine: {'line': b'-- Up-to-date: /home/mustardking/ws_sensor_combined/install/px4_msgs/include/px4_msgs/px4_msgs/msg/detail/mavlink_tunnel__rosidl_typesupport_fastrtps_c.h\n'}
[1.313228] (px4_msgs) StdoutLine: {'line': b'-- Up-to-date: /home/mustardking/ws_sensor_combined/install/px4_msgs/include/px4_msgs/px4_msgs/msg/detail/sensor_combined__rosidl_typesupport_fastrtps_c.h\n'}
[1.313264] (px4_msgs) StdoutLine: {'line': b'-- Up-to-date: /home/mustardking/ws_sensor_combined/install/px4_msgs/include/px4_msgs/px4_msgs/msg/detail/register_ext_component_reply__rosidl_typesupport_fastrtps_c.h\n'}
[1.313301] (px4_msgs) StdoutLine: {'line': b'-- Up-to-date: /home/mustardking/ws_sensor_combined/install/px4_msgs/include/px4_msgs/px4_msgs/msg/detail/unregister_ext_component__rosidl_typesupport_fastrtps_c.h\n'}
[1.314356] (px4_msgs) StdoutLine: {'line': b'-- Up-to-date: /home/mustardking/ws_sensor_combined/install/px4_msgs/include/px4_msgs/px4_msgs/msg/detail/system_power__rosidl_typesupport_fastrtps_c.h\n'}
[1.314548] (px4_msgs) StdoutLine: {'line': b'-- Up-to-date: /home/mustardking/ws_sensor_combined/install/px4_msgs/include/px4_msgs/px4_msgs/msg/detail/landing_gear_wheel__rosidl_typesupport_fastrtps_c.h\n'}
[1.314766] (px4_msgs) StdoutLine: {'line': b'-- Up-to-date: /home/mustardking/ws_sensor_combined/install/px4_msgs/include/px4_msgs/px4_msgs/msg/detail/pps_capture__rosidl_typesupport_fastrtps_c.h\n'}
[1.314930] (px4_msgs) StdoutLine: {'line': b'-- Up-to-date: /home/mustardking/ws_sensor_combined/install/px4_msgs/include/px4_msgs/px4_msgs/msg/detail/airspeed__rosidl_typesupport_fastrtps_c.h\n'}
[1.315242] (px4_msgs) StdoutLine: {'line': b'-- Up-to-date: /home/mustardking/ws_sensor_combined/install/px4_msgs/include/px4_msgs/px4_msgs/msg/detail/radio_status__rosidl_typesupport_fastrtps_c.h\n'}
[1.315271] (px4_msgs) StdoutLine: {'line': b'-- Up-to-date: /home/mustardking/ws_sensor_combined/install/px4_msgs/include/px4_msgs/px4_msgs/msg/detail/power_monitor__rosidl_typesupport_fastrtps_c.h\n'}
[1.315294] (px4_msgs) StdoutLine: {'line': b'-- Up-to-date: /home/mustardking/ws_sensor_combined/install/px4_msgs/include/px4_msgs/px4_msgs/msg/detail/battery_info__rosidl_typesupport_fastrtps_c.h\n'}
[1.315317] (px4_msgs) StdoutLine: {'line': b'-- Up-to-date: /home/mustardking/ws_sensor_combined/install/px4_msgs/include/px4_msgs/px4_msgs/msg/detail/sensor_hygrometer__rosidl_typesupport_fastrtps_c.h\n'}
[1.315340] (px4_msgs) StdoutLine: {'line': b'-- Up-to-date: /home/mustardking/ws_sensor_combined/install/px4_msgs/include/px4_msgs/px4_msgs/msg/detail/orb_test__rosidl_typesupport_fastrtps_c.h\n'}
[1.315363] (px4_msgs) StdoutLine: {'line': b'-- Up-to-date: /home/mustardking/ws_sensor_combined/install/px4_msgs/include/px4_msgs/px4_msgs/msg/detail/transponder_report__rosidl_typesupport_fastrtps_c.h\n'}
[1.315385] (px4_msgs) StdoutLine: {'line': b'-- Up-to-date: /home/mustardking/ws_sensor_combined/install/px4_msgs/include/px4_msgs/px4_msgs/msg/detail/position_setpoint__rosidl_typesupport_fastrtps_c.h\n'}
[1.315408] (px4_msgs) StdoutLine: {'line': b'-- Up-to-date: /home/mustardking/ws_sensor_combined/install/px4_msgs/include/px4_msgs/px4_msgs/msg/detail/vehicle_command__rosidl_typesupport_fastrtps_c.h\n'}
[1.315431] (px4_msgs) StdoutLine: {'line': b'-- Up-to-date: /home/mustardking/ws_sensor_combined/install/px4_msgs/include/px4_msgs/px4_msgs/msg/detail/action_request__rosidl_typesupport_fastrtps_c.h\n'}
[1.315458] (px4_msgs) StdoutLine: {'line': b'-- Up-to-date: /home/mustardking/ws_sensor_combined/install/px4_msgs/include/px4_msgs/px4_msgs/msg/detail/position_controller_status__rosidl_typesupport_fastrtps_c.h\n'}
[1.315515] (px4_msgs) StdoutLine: {'line': b'-- Up-to-date: /home/mustardking/ws_sensor_combined/install/px4_msgs/include/px4_msgs/px4_msgs/msg/detail/sensor_airflow__rosidl_typesupport_fastrtps_c.h\n'}
[1.315551] (px4_msgs) StdoutLine: {'line': b'-- Up-to-date: /home/mustardking/ws_sensor_combined/install/px4_msgs/include/px4_msgs/px4_msgs/msg/detail/vehicle_air_data__rosidl_typesupport_fastrtps_c.h\n'}
[1.315576] (px4_msgs) StdoutLine: {'line': b'-- Up-to-date: /home/mustardking/ws_sensor_combined/install/px4_msgs/include/px4_msgs/px4_msgs/msg/detail/gimbal_manager_set_manual_control__rosidl_typesupport_fastrtps_c.h\n'}
[1.315598] (px4_msgs) StdoutLine: {'line': b'-- Up-to-date: /home/mustardking/ws_sensor_combined/install/px4_msgs/include/px4_msgs/px4_msgs/msg/detail/input_rc__rosidl_typesupport_fastrtps_c.h\n'}
[1.315622] (px4_msgs) StdoutLine: {'line': b'-- Up-to-date: /home/mustardking/ws_sensor_combined/install/px4_msgs/include/px4_msgs/px4_msgs/msg/detail/flight_phase_estimation__rosidl_typesupport_fastrtps_c.h\n'}
[1.315769] (px4_msgs) StdoutLine: {'line': b'-- Up-to-date: /home/mustardking/ws_sensor_combined/install/px4_msgs/include/px4_msgs/px4_msgs/msg/detail/log_message__rosidl_typesupport_fastrtps_c.h\n'}
[1.315916] (px4_msgs) StdoutLine: {'line': b'-- Up-to-date: /home/mustardking/ws_sensor_combined/install/px4_msgs/include/px4_msgs/px4_msgs/msg/detail/vehicle_command_ack__rosidl_typesupport_fastrtps_c.h\n'}
[1.315950] (px4_msgs) StdoutLine: {'line': b'-- Up-to-date: /home/mustardking/ws_sensor_combined/install/px4_msgs/include/px4_msgs/px4_msgs/msg/detail/telemetry_status__rosidl_typesupport_fastrtps_c.h\n'}
[1.315973] (px4_msgs) StdoutLine: {'line': b'-- Up-to-date: /home/mustardking/ws_sensor_combined/install/px4_msgs/include/px4_msgs/px4_msgs/msg/detail/arming_check_reply__rosidl_typesupport_fastrtps_c.h\n'}
[1.316008] (px4_msgs) StdoutLine: {'line': b'-- Up-to-date: /home/mustardking/ws_sensor_combined/install/px4_msgs/include/px4_msgs/px4_msgs/msg/detail/vehicle_imu_status__rosidl_typesupport_fastrtps_c.h\n'}
[1.316048] (px4_msgs) StdoutLine: {'line': b'-- Up-to-date: /home/mustardking/ws_sensor_combined/install/px4_msgs/include/px4_msgs/px4_msgs/msg/detail/geofence_result__rosidl_typesupport_fastrtps_c.h\n'}
[1.316087] (px4_msgs) StdoutLine: {'line': b'-- Up-to-date: /home/mustardking/ws_sensor_combined/install/px4_msgs/include/px4_msgs/px4_msgs/msg/detail/sensor_baro__rosidl_typesupport_fastrtps_c.h\n'}
[1.316125] (px4_msgs) StdoutLine: {'line': b'-- Up-to-date: /home/mustardking/ws_sensor_combined/install/px4_msgs/include/px4_msgs/px4_msgs/msg/detail/vehicle_attitude_setpoint__rosidl_typesupport_fastrtps_c.h\n'}
[1.316163] (px4_msgs) StdoutLine: {'line': b'-- Up-to-date: /home/mustardking/ws_sensor_combined/install/px4_msgs/include/px4_msgs/px4_msgs/msg/detail/orb_test_large__rosidl_typesupport_fastrtps_c.h\n'}
[1.316201] (px4_msgs) StdoutLine: {'line': b'-- Up-to-date: /home/mustardking/ws_sensor_combined/install/px4_msgs/include/px4_msgs/px4_msgs/msg/detail/generator_status__rosidl_typesupport_fastrtps_c.h\n'}
[1.316341] (px4_msgs) StdoutLine: {'line': b'-- Up-to-date: /home/mustardking/ws_sensor_combined/install/px4_msgs/include/px4_msgs/px4_msgs/msg/detail/debug_value__rosidl_typesupport_fastrtps_c.h\n'}
[1.316367] (px4_msgs) StdoutLine: {'line': b'-- Up-to-date: /home/mustardking/ws_sensor_combined/install/px4_msgs/include/px4_msgs/px4_msgs/msg/detail/vehicle_local_position__rosidl_typesupport_fastrtps_c.h\n'}
[1.316391] (px4_msgs) StdoutLine: {'line': b'-- Up-to-date: /home/mustardking/ws_sensor_combined/install/px4_msgs/include/px4_msgs/px4_msgs/msg/detail/vehicle_local_position_setpoint__rosidl_typesupport_fastrtps_c.h\n'}
[1.316447] (px4_msgs) StdoutLine: {'line': b'-- Up-to-date: /home/mustardking/ws_sensor_combined/install/px4_msgs/include/px4_msgs/px4_msgs/msg/detail/sensor_gnss_status__rosidl_typesupport_fastrtps_c.h\n'}
[1.316471] (px4_msgs) StdoutLine: {'line': b'-- Up-to-date: /home/mustardking/ws_sensor_combined/install/px4_msgs/include/px4_msgs/px4_msgs/msg/detail/mag_worker_data__rosidl_typesupport_fastrtps_c.h\n'}
[1.316493] (px4_msgs) StdoutLine: {'line': b'-- Up-to-date: /home/mustardking/ws_sensor_combined/install/px4_msgs/include/px4_msgs/px4_msgs/msg/detail/mission_result__rosidl_typesupport_fastrtps_c.h\n'}
[1.316526] (px4_msgs) StdoutLine: {'line': b'-- Up-to-date: /home/mustardking/ws_sensor_combined/install/px4_msgs/include/px4_msgs/px4_msgs/msg/detail/fuel_tank_status__rosidl_typesupport_fastrtps_c.h\n'}
[1.316575] (px4_msgs) StdoutLine: {'line': b'-- Up-to-date: /home/mustardking/ws_sensor_combined/install/px4_msgs/include/px4_msgs/px4_msgs/msg/detail/distance_sensor_mode_change_request__rosidl_typesupport_fastrtps_c.h\n'}
[1.316610] (px4_msgs) StdoutLine: {'line': b'-- Up-to-date: /home/mustardking/ws_sensor_combined/install/px4_msgs/include/px4_msgs/px4_msgs/msg/detail/rover_throttle_setpoint__rosidl_typesupport_fastrtps_c.h\n'}
[1.316647] (px4_msgs) StdoutLine: {'line': b'-- Up-to-date: /home/mustardking/ws_sensor_combined/install/px4_msgs/include/px4_msgs/px4_msgs/msg/detail/vehicle_attitude__rosidl_typesupport_fastrtps_c.h\n'}
[1.316685] (px4_msgs) StdoutLine: {'line': b'-- Up-to-date: /home/mustardking/ws_sensor_combined/install/px4_msgs/include/px4_msgs/px4_msgs/msg/detail/actuator_armed__rosidl_typesupport_fastrtps_c.h\n'}
[1.316724] (px4_msgs) StdoutLine: {'line': b'-- Up-to-date: /home/mustardking/ws_sensor_combined/install/px4_msgs/include/px4_msgs/px4_msgs/msg/detail/manual_control_setpoint__rosidl_typesupport_fastrtps_c.h\n'}
[1.316763] (px4_msgs) StdoutLine: {'line': b'-- Up-to-date: /home/mustardking/ws_sensor_combined/install/px4_msgs/include/px4_msgs/px4_msgs/msg/detail/failsafe_flags__rosidl_typesupport_fastrtps_c.h\n'}
[1.316800] (px4_msgs) StdoutLine: {'line': b'-- Up-to-date: /home/mustardking/ws_sensor_combined/install/px4_msgs/include/px4_msgs/px4_msgs/msg/detail/follow_target_estimator__rosidl_typesupport_fastrtps_c.h\n'}
[1.316839] (px4_msgs) StdoutLine: {'line': b'-- Up-to-date: /home/mustardking/ws_sensor_combined/install/px4_msgs/include/px4_msgs/px4_msgs/msg/detail/estimator_aid_source1d__rosidl_typesupport_fastrtps_c.h\n'}
[1.316878] (px4_msgs) StdoutLine: {'line': b'-- Up-to-date: /home/mustardking/ws_sensor_combined/install/px4_msgs/include/px4_msgs/px4_msgs/msg/detail/velocity_limits__rosidl_typesupport_fastrtps_c.h\n'}
[1.316915] (px4_msgs) StdoutLine: {'line': b'-- Up-to-date: /home/mustardking/ws_sensor_combined/install/px4_msgs/include/px4_msgs/px4_msgs/msg/detail/vehicle_angular_acceleration_setpoint__rosidl_typesupport_fastrtps_c.h\n'}
[1.317275] (px4_msgs) StdoutLine: {'line': b'-- Up-to-date: /home/mustardking/ws_sensor_combined/install/px4_msgs/include/px4_msgs/px4_msgs/msg/detail/figure_eight_status__rosidl_typesupport_fastrtps_c.h\n'}
[1.317326] (px4_msgs) StdoutLine: {'line': b'-- Up-to-date: /home/mustardking/ws_sensor_combined/install/px4_msgs/include/px4_msgs/px4_msgs/msg/detail/gimbal_manager_set_attitude__rosidl_typesupport_fastrtps_c.h\n'}
[1.318048] (px4_msgs) StdoutLine: {'line': b'-- Up-to-date: /home/mustardking/ws_sensor_combined/install/px4_msgs/include/px4_msgs/px4_msgs/msg/detail/health_report__rosidl_typesupport_fastrtps_c.h\n'}
[1.318335] (px4_msgs) StdoutLine: {'line': b'-- Up-to-date: /home/mustardking/ws_sensor_combined/install/px4_msgs/include/px4_msgs/px4_msgs/msg/detail/sensor_mag__rosidl_typesupport_fastrtps_c.h\n'}
[1.318429] (px4_msgs) StdoutLine: {'line': b'-- Up-to-date: /home/mustardking/ws_sensor_combined/install/px4_msgs/include/px4_msgs/px4_msgs/msg/detail/ulog_stream_ack__rosidl_typesupport_fastrtps_c.h\n'}
[1.318467] (px4_msgs) StdoutLine: {'line': b'-- Up-to-date: /home/mustardking/ws_sensor_combined/install/px4_msgs/include/px4_msgs/px4_msgs/msg/detail/trajectory_setpoint__rosidl_typesupport_fastrtps_c.h\n'}
[1.318555] (px4_msgs) StdoutLine: {'line': b'-- Up-to-date: /home/mustardking/ws_sensor_combined/install/px4_msgs/include/px4_msgs/px4_msgs/msg/detail/gpio_config__rosidl_typesupport_fastrtps_c.h\n'}
[1.318998] (px4_msgs) StdoutLine: {'line': b'-- Up-to-date: /home/mustardking/ws_sensor_combined/install/px4_msgs/include/px4_msgs/px4_msgs/msg/detail/tune_control__rosidl_typesupport_fastrtps_c.h\n'}
[1.319046] (px4_msgs) StdoutLine: {'line': b'-- Up-to-date: /home/mustardking/ws_sensor_combined/install/px4_msgs/include/px4_msgs/px4_msgs/msg/detail/fixed_wing_longitudinal_setpoint__rosidl_typesupport_fastrtps_c.h\n'}
[1.319084] (px4_msgs) StdoutLine: {'line': b'-- Up-to-date: /home/mustardking/ws_sensor_combined/install/px4_msgs/include/px4_msgs/px4_msgs/msg/detail/goto_setpoint__rosidl_typesupport_fastrtps_c.h\n'}
[1.319125] (px4_msgs) StdoutLine: {'line': b'-- Up-to-date: /home/mustardking/ws_sensor_combined/install/px4_msgs/include/px4_msgs/px4_msgs/msg/detail/rover_speed_setpoint__rosidl_typesupport_fastrtps_c.h\n'}
[1.319212] (px4_msgs) StdoutLine: {'line': b'-- Up-to-date: /home/mustardking/ws_sensor_combined/install/px4_msgs/include/px4_msgs/px4_msgs/msg/detail/vehicle_rates_setpoint__rosidl_typesupport_fastrtps_c.h\n'}
[1.319250] (px4_msgs) StdoutLine: {'line': b'-- Up-to-date: /home/mustardking/ws_sensor_combined/install/px4_msgs/include/px4_msgs/px4_msgs/msg/detail/rover_rate_setpoint__rosidl_typesupport_fastrtps_c.h\n'}
[1.319285] (px4_msgs) StdoutLine: {'line': b'-- Up-to-date: /home/mustardking/ws_sensor_combined/install/px4_msgs/include/px4_msgs/px4_msgs/msg/detail/estimator_aid_source3d__rosidl_typesupport_fastrtps_c.h\n'}
[1.319328] (px4_msgs) StdoutLine: {'line': b'-- Up-to-date: /home/mustardking/ws_sensor_combined/install/px4_msgs/include/px4_msgs/px4_msgs/msg/detail/internal_combustion_engine_control__rosidl_typesupport_fastrtps_c.h\n'}
[1.319365] (px4_msgs) StdoutLine: {'line': b'-- Up-to-date: /home/mustardking/ws_sensor_combined/install/px4_msgs/include/px4_msgs/px4_msgs/msg/detail/open_drone_id_system__rosidl_typesupport_fastrtps_c.h\n'}
[1.319401] (px4_msgs) StdoutLine: {'line': b'-- Up-to-date: /home/mustardking/ws_sensor_combined/install/px4_msgs/include/px4_msgs/px4_msgs/msg/detail/esc_report__rosidl_typesupport_fastrtps_c.h\n'}
[1.319616] (px4_msgs) StdoutLine: {'line': b'-- Up-to-date: /home/mustardking/ws_sensor_combined/install/px4_msgs/include/px4_msgs/px4_msgs/msg/detail/sensors_status__rosidl_typesupport_fastrtps_c.h\n'}
[1.319657] (px4_msgs) StdoutLine: {'line': b'-- Up-to-date: /home/mustardking/ws_sensor_combined/install/px4_msgs/include/px4_msgs/px4_msgs/msg/detail/fixed_wing_lateral_setpoint__rosidl_typesupport_fastrtps_c.h\n'}
[1.319715] (px4_msgs) StdoutLine: {'line': b'-- Up-to-date: /home/mustardking/ws_sensor_combined/install/px4_msgs/include/px4_msgs/px4_msgs/msg/detail/arming_check_request__rosidl_typesupport_fastrtps_c.h\n'}
[1.319787] (px4_msgs) StdoutLine: {'line': b'-- Up-to-date: /home/mustardking/ws_sensor_combined/install/px4_msgs/include/px4_msgs/px4_msgs/msg/detail/dronecan_node_status__rosidl_typesupport_fastrtps_c.h\n'}
[1.319811] (px4_msgs) StdoutLine: {'line': b'-- Up-to-date: /home/mustardking/ws_sensor_combined/install/px4_msgs/include/px4_msgs/px4_msgs/msg/detail/trajectory_setpoint6dof__rosidl_typesupport_fastrtps_c.h\n'}
[1.319835] (px4_msgs) StdoutLine: {'line': b'-- Up-to-date: /home/mustardking/ws_sensor_combined/install/px4_msgs/include/px4_msgs/px4_msgs/msg/detail/register_ext_component_request__rosidl_typesupport_fastrtps_c.h\n'}
[1.319860] (px4_msgs) StdoutLine: {'line': b'-- Up-to-date: /home/mustardking/ws_sensor_combined/install/px4_msgs/include/px4_msgs/px4_msgs/msg/detail/sensor_gyro_fifo__rosidl_typesupport_fastrtps_c.h\n'}
[1.319882] (px4_msgs) StdoutLine: {'line': b'-- Up-to-date: /home/mustardking/ws_sensor_combined/install/px4_msgs/include/px4_msgs/px4_msgs/msg/detail/ekf2_timestamps__rosidl_typesupport_fastrtps_c.h\n'}
[1.319904] (px4_msgs) StdoutLine: {'line': b'-- Up-to-date: /home/mustardking/ws_sensor_combined/install/px4_msgs/include/px4_msgs/px4_msgs/msg/detail/estimator_innovations__rosidl_typesupport_fastrtps_c.h\n'}
[1.319942] (px4_msgs) StdoutLine: {'line': b'-- Up-to-date: /home/mustardking/ws_sensor_combined/install/px4_msgs/include/px4_msgs/px4_msgs/msg/detail/neural_control__rosidl_typesupport_fastrtps_c.h\n'}
[1.319967] (px4_msgs) StdoutLine: {'line': b'-- Up-to-date: /home/mustardking/ws_sensor_combined/install/px4_msgs/include/px4_msgs/px4_msgs/msg/detail/mavlink_log__rosidl_typesupport_fastrtps_c.h\n'}
[1.319989] (px4_msgs) StdoutLine: {'line': b'-- Up-to-date: /home/mustardking/ws_sensor_combined/install/px4_msgs/include/px4_msgs/px4_msgs/msg/detail/sensor_optical_flow__rosidl_typesupport_fastrtps_c.h\n'}
[1.320011] (px4_msgs) StdoutLine: {'line': b'-- Up-to-date: /home/mustardking/ws_sensor_combined/install/px4_msgs/include/px4_msgs/px4_msgs/msg/detail/rc_channels__rosidl_typesupport_fastrtps_c.h\n'}
[1.320035] (px4_msgs) StdoutLine: {'line': b'-- Up-to-date: /home/mustardking/ws_sensor_combined/install/px4_msgs/include/px4_msgs/px4_msgs/msg/detail/actuator_motors__rosidl_typesupport_fastrtps_c.h\n'}
[1.320057] (px4_msgs) StdoutLine: {'line': b'-- Up-to-date: /home/mustardking/ws_sensor_combined/install/px4_msgs/include/px4_msgs/px4_msgs/msg/detail/sensor_correction__rosidl_typesupport_fastrtps_c.h\n'}
[1.320079] (px4_msgs) StdoutLine: {'line': b'-- Up-to-date: /home/mustardking/ws_sensor_combined/install/px4_msgs/include/px4_msgs/px4_msgs/msg/detail/home_position__rosidl_typesupport_fastrtps_c.h\n'}
[1.320101] (px4_msgs) StdoutLine: {'line': b'-- Up-to-date: /home/mustardking/ws_sensor_combined/install/px4_msgs/include/px4_msgs/px4_msgs/msg/detail/dataman_response__rosidl_typesupport_fastrtps_c.h\n'}
[1.320126] (px4_msgs) StdoutLine: {'line': b'-- Up-to-date: /home/mustardking/ws_sensor_combined/install/px4_msgs/include/px4_msgs/px4_msgs/msg/detail/sensor_accel_fifo__rosidl_typesupport_fastrtps_c.h\n'}
[1.320149] (px4_msgs) StdoutLine: {'line': b'-- Up-to-date: /home/mustardking/ws_sensor_combined/install/px4_msgs/include/px4_msgs/px4_msgs/msg/detail/rover_attitude_status__rosidl_typesupport_fastrtps_c.h\n'}
[1.320171] (px4_msgs) StdoutLine: {'line': b'-- Up-to-date: /home/mustardking/ws_sensor_combined/install/px4_msgs/include/px4_msgs/px4_msgs/msg/detail/qshell_req__rosidl_typesupport_fastrtps_c.h\n'}
[1.320193] (px4_msgs) StdoutLine: {'line': b'-- Up-to-date: /home/mustardking/ws_sensor_combined/install/px4_msgs/include/px4_msgs/px4_msgs/msg/detail/rover_attitude_setpoint__rosidl_typesupport_fastrtps_c.h\n'}
[1.320216] (px4_msgs) StdoutLine: {'line': b'-- Up-to-date: /home/mustardking/ws_sensor_combined/install/px4_msgs/include/px4_msgs/px4_msgs/msg/detail/tiltrotor_extra_controls__rosidl_typesupport_fastrtps_c.h\n'}
[1.320247] (px4_msgs) StdoutLine: {'line': b'-- Up-to-date: /home/mustardking/ws_sensor_combined/install/px4_msgs/include/px4_msgs/px4_msgs/msg/detail/landing_target_pose__rosidl_typesupport_fastrtps_c.h\n'}
[1.320271] (px4_msgs) StdoutLine: {'line': b'-- Up-to-date: /home/mustardking/ws_sensor_combined/install/px4_msgs/include/px4_msgs/px4_msgs/msg/detail/position_setpoint_triplet__rosidl_typesupport_fastrtps_c.h\n'}
[1.320293] (px4_msgs) StdoutLine: {'line': b'-- Up-to-date: /home/mustardking/ws_sensor_combined/install/px4_msgs/include/px4_msgs/px4_msgs/msg/detail/vehicle_status__rosidl_typesupport_fastrtps_c.h\n'}
[1.320316] (px4_msgs) StdoutLine: {'line': b'-- Up-to-date: /home/mustardking/ws_sensor_combined/install/px4_msgs/include/px4_msgs/px4_msgs/msg/detail/open_drone_id_arm_status__rosidl_typesupport_fastrtps_c.h\n'}
[1.320338] (px4_msgs) StdoutLine: {'line': b'-- Up-to-date: /home/mustardking/ws_sensor_combined/install/px4_msgs/include/px4_msgs/px4_msgs/msg/detail/control_allocator_status__rosidl_typesupport_fastrtps_c.h\n'}
[1.320360] (px4_msgs) StdoutLine: {'line': b'-- Up-to-date: /home/mustardking/ws_sensor_combined/install/px4_msgs/include/px4_msgs/px4_msgs/msg/detail/gripper__rosidl_typesupport_fastrtps_c.h\n'}
[1.320382] (px4_msgs) StdoutLine: {'line': b'-- Up-to-date: /home/mustardking/ws_sensor_combined/install/px4_msgs/include/px4_msgs/px4_msgs/msg/detail/takeoff_status__rosidl_typesupport_fastrtps_c.h\n'}
[1.320405] (px4_msgs) StdoutLine: {'line': b'-- Up-to-date: /home/mustardking/ws_sensor_combined/install/px4_msgs/include/px4_msgs/px4_msgs/msg/detail/wind__rosidl_typesupport_fastrtps_c.h\n'}
[1.320429] (px4_msgs) StdoutLine: {'line': b'-- Up-to-date: /home/mustardking/ws_sensor_combined/install/px4_msgs/include/px4_msgs/px4_msgs/msg/detail/estimator_aid_source2d__rosidl_typesupport_fastrtps_c.h\n'}
[1.320452] (px4_msgs) StdoutLine: {'line': b'-- Up-to-date: /home/mustardking/ws_sensor_combined/install/px4_msgs/include/px4_msgs/px4_msgs/msg/detail/parameter_reset_request__rosidl_typesupport_fastrtps_c.h\n'}
[1.320519] (px4_msgs) StdoutLine: {'line': b'-- Up-to-date: /home/mustardking/ws_sensor_combined/install/px4_msgs/include/px4_msgs/px4_msgs/msg/detail/vehicle_odometry__rosidl_typesupport_fastrtps_c.h\n'}
[1.320544] (px4_msgs) StdoutLine: {'line': b'-- Up-to-date: /home/mustardking/ws_sensor_combined/install/px4_msgs/include/px4_msgs/px4_msgs/msg/detail/vehicle_imu__rosidl_typesupport_fastrtps_c.h\n'}
[1.320567] (px4_msgs) StdoutLine: {'line': b'-- Up-to-date: /home/mustardking/ws_sensor_combined/install/px4_msgs/include/px4_msgs/px4_msgs/msg/detail/parameter_update__rosidl_typesupport_fastrtps_c.h\n'}
[1.320593] (px4_msgs) StdoutLine: {'line': b'-- Up-to-date: /home/mustardking/ws_sensor_combined/install/px4_msgs/include/px4_msgs/px4_msgs/msg/detail/hover_thrust_estimate__rosidl_typesupport_fastrtps_c.h\n'}
[1.320616] (px4_msgs) StdoutLine: {'line': b'-- Up-to-date: /home/mustardking/ws_sensor_combined/install/px4_msgs/include/px4_msgs/px4_msgs/msg/detail/uavcan_parameter_request__rosidl_typesupport_fastrtps_c.h\n'}
[1.320640] (px4_msgs) StdoutLine: {'line': b'-- Up-to-date: /home/mustardking/ws_sensor_combined/install/px4_msgs/include/px4_msgs/px4_msgs/msg/detail/pure_pursuit_status__rosidl_typesupport_fastrtps_c.h\n'}
[1.320662] (px4_msgs) StdoutLine: {'line': b'-- Up-to-date: /home/mustardking/ws_sensor_combined/install/px4_msgs/include/px4_msgs/px4_msgs/msg/detail/cpuload__rosidl_typesupport_fastrtps_c.h\n'}
[1.320684] (px4_msgs) StdoutLine: {'line': b'-- Up-to-date: /home/mustardking/ws_sensor_combined/install/px4_msgs/include/px4_msgs/px4_msgs/msg/detail/timesync_status__rosidl_typesupport_fastrtps_c.h\n'}
[1.320706] (px4_msgs) StdoutLine: {'line': b'-- Up-to-date: /home/mustardking/ws_sensor_combined/install/px4_msgs/include/px4_msgs/px4_msgs/msg/detail/gimbal_device_information__rosidl_typesupport_fastrtps_c.h\n'}
[1.320728] (px4_msgs) StdoutLine: {'line': b'-- Up-to-date: /home/mustardking/ws_sensor_combined/install/px4_msgs/include/px4_msgs/px4_msgs/msg/detail/landing_gear__rosidl_typesupport_fastrtps_c.h\n'}
[1.320750] (px4_msgs) StdoutLine: {'line': b'-- Up-to-date: /home/mustardking/ws_sensor_combined/install/px4_msgs/include/px4_msgs/px4_msgs/msg/detail/sensor_gps__rosidl_typesupport_fastrtps_c.h\n'}
[1.320772] (px4_msgs) StdoutLine: {'line': b'-- Up-to-date: /home/mustardking/ws_sensor_combined/install/px4_msgs/include/px4_msgs/px4_msgs/msg/detail/ulog_stream__rosidl_typesupport_fastrtps_c.h\n'}
[1.320894] (px4_msgs) StdoutLine: {'line': b'-- Up-to-date: /home/mustardking/ws_sensor_combined/install/px4_msgs/include/px4_msgs/px4_msgs/msg/detail/gps_inject_data__rosidl_typesupport_fastrtps_c.h\n'}
[1.320918] (px4_msgs) StdoutLine: {'line': b'-- Up-to-date: /home/mustardking/ws_sensor_combined/install/px4_msgs/include/px4_msgs/px4_msgs/msg/detail/task_stack_info__rosidl_typesupport_fastrtps_c.h\n'}
[1.320941] (px4_msgs) StdoutLine: {'line': b'-- Up-to-date: /home/mustardking/ws_sensor_combined/install/px4_msgs/include/px4_msgs/px4_msgs/msg/detail/estimator_selector_status__rosidl_typesupport_fastrtps_c.h\n'}
[1.320963] (px4_msgs) StdoutLine: {'line': b'-- Up-to-date: /home/mustardking/ws_sensor_combined/install/px4_msgs/include/px4_msgs/px4_msgs/msg/detail/gimbal_manager_status__rosidl_typesupport_fastrtps_c.h\n'}
[1.320986] (px4_msgs) StdoutLine: {'line': b'-- Up-to-date: /home/mustardking/ws_sensor_combined/install/px4_msgs/include/px4_msgs/px4_msgs/msg/detail/position_controller_landing_status__rosidl_typesupport_fastrtps_c.h\n'}
[1.321008] (px4_msgs) StdoutLine: {'line': b'-- Up-to-date: /home/mustardking/ws_sensor_combined/install/px4_msgs/include/px4_msgs/px4_msgs/msg/detail/differential_pressure__rosidl_typesupport_fastrtps_c.h\n'}
[1.321036] (px4_msgs) StdoutLine: {'line': b'-- Up-to-date: /home/mustardking/ws_sensor_combined/install/px4_msgs/include/px4_msgs/px4_msgs/msg/detail/iridiumsbd_status__rosidl_typesupport_fastrtps_c.h\n'}
[1.321063] (px4_msgs) StdoutLine: {'line': b'-- Up-to-date: /home/mustardking/ws_sensor_combined/install/px4_msgs/include/px4_msgs/px4_msgs/msg/detail/battery_status__rosidl_typesupport_fastrtps_c.h\n'}
[1.321086] (px4_msgs) StdoutLine: {'line': b'-- Up-to-date: /home/mustardking/ws_sensor_combined/install/px4_msgs/include/px4_msgs/px4_msgs/msg/detail/collision_constraints__rosidl_typesupport_fastrtps_c.h\n'}
[1.321108] (px4_msgs) StdoutLine: {'line': b'-- Up-to-date: /home/mustardking/ws_sensor_combined/install/px4_msgs/include/px4_msgs/px4_msgs/msg/detail/manual_control_switches__rosidl_typesupport_fastrtps_c.h\n'}
[1.321130] (px4_msgs) StdoutLine: {'line': b'-- Up-to-date: /home/mustardking/ws_sensor_combined/install/px4_msgs/include/px4_msgs/px4_msgs/msg/detail/led_control__rosidl_typesupport_fastrtps_c.h\n'}
[1.321155] (px4_msgs) StdoutLine: {'line': b'-- Up-to-date: /home/mustardking/ws_sensor_combined/install/px4_msgs/include/px4_msgs/px4_msgs/msg/detail/mode_completed__rosidl_typesupport_fastrtps_c.h\n'}
[1.321177] (px4_msgs) StdoutLine: {'line': b'-- Up-to-date: /home/mustardking/ws_sensor_combined/install/px4_msgs/include/px4_msgs/px4_msgs/msg/detail/cellular_status__rosidl_typesupport_fastrtps_c.h\n'}
[1.321688] (px4_msgs) StdoutLine: {'line': b'-- Up-to-date: /home/mustardking/ws_sensor_combined/install/px4_msgs/include/px4_msgs/px4_msgs/msg/detail/gimbal_device_set_attitude__rosidl_typesupport_fastrtps_c.h\n'}
[1.321715] (px4_msgs) StdoutLine: {'line': b'-- Up-to-date: /home/mustardking/ws_sensor_combined/install/px4_msgs/include/px4_msgs/px4_msgs/msg/detail/qshell_retval__rosidl_typesupport_fastrtps_c.h\n'}
[1.321738] (px4_msgs) StdoutLine: {'line': b'-- Up-to-date: /home/mustardking/ws_sensor_combined/install/px4_msgs/include/px4_msgs/px4_msgs/msg/detail/tecs_status__rosidl_typesupport_fastrtps_c.h\n'}
[1.321760] (px4_msgs) StdoutLine: {'line': b'-- Up-to-date: /home/mustardking/ws_sensor_combined/install/px4_msgs/include/px4_msgs/px4_msgs/msg/detail/follow_target_status__rosidl_typesupport_fastrtps_c.h\n'}
[1.321787] (px4_msgs) StdoutLine: {'line': b'-- Up-to-date: /home/mustardking/ws_sensor_combined/install/px4_msgs/include/px4_msgs/px4_msgs/msg/detail/vehicle_magnetometer__rosidl_typesupport_fastrtps_c.h\n'}
[1.321810] (px4_msgs) StdoutLine: {'line': b'-- Up-to-date: /home/mustardking/ws_sensor_combined/install/px4_msgs/include/px4_msgs/px4_msgs/msg/detail/normalized_unsigned_setpoint__rosidl_typesupport_fastrtps_c.h\n'}
[1.321833] (px4_msgs) StdoutLine: {'line': b'-- Up-to-date: /home/mustardking/ws_sensor_combined/install/px4_msgs/include/px4_msgs/px4_msgs/msg/detail/follow_target__rosidl_typesupport_fastrtps_c.h\n'}
[1.321855] (px4_msgs) StdoutLine: {'line': b'-- Up-to-date: /home/mustardking/ws_sensor_combined/install/px4_msgs/include/px4_msgs/px4_msgs/msg/detail/estimator_event_flags__rosidl_typesupport_fastrtps_c.h\n'}
[1.321877] (px4_msgs) StdoutLine: {'line': b'-- Up-to-date: /home/mustardking/ws_sensor_combined/install/px4_msgs/include/px4_msgs/px4_msgs/msg/detail/message_format_request__rosidl_typesupport_fastrtps_c.h\n'}
[1.321900] (px4_msgs) StdoutLine: {'line': b'-- Up-to-date: /home/mustardking/ws_sensor_combined/install/px4_msgs/include/px4_msgs/px4_msgs/msg/detail/rpm__rosidl_typesupport_fastrtps_c.h\n'}
[1.321922] (px4_msgs) StdoutLine: {'line': b'-- Up-to-date: /home/mustardking/ws_sensor_combined/install/px4_msgs/include/px4_msgs/px4_msgs/msg/detail/onboard_computer_status__rosidl_typesupport_fastrtps_c.h\n'}
[1.321944] (px4_msgs) StdoutLine: {'line': b'-- Up-to-date: /home/mustardking/ws_sensor_combined/install/px4_msgs/include/px4_msgs/px4_msgs/msg/detail/estimator_bias3d__rosidl_typesupport_fastrtps_c.h\n'}
[1.321967] (px4_msgs) StdoutLine: {'line': b'-- Up-to-date: /home/mustardking/ws_sensor_combined/install/px4_msgs/include/px4_msgs/px4_msgs/msg/detail/open_drone_id_operator_id__rosidl_typesupport_fastrtps_c.h\n'}
[1.321989] (px4_msgs) StdoutLine: {'line': b'-- Up-to-date: /home/mustardking/ws_sensor_combined/install/px4_msgs/include/px4_msgs/px4_msgs/msg/detail/gps_dump__rosidl_typesupport_fastrtps_c.h\n'}
[1.322011] (px4_msgs) StdoutLine: {'line': b'-- Up-to-date: /home/mustardking/ws_sensor_combined/install/px4_msgs/include/px4_msgs/px4_msgs/msg/detail/longitudinal_control_configuration__rosidl_typesupport_fastrtps_c.h\n'}
[1.322034] (px4_msgs) StdoutLine: {'line': b'-- Up-to-date: /home/mustardking/ws_sensor_combined/install/px4_msgs/include/px4_msgs/px4_msgs/msg/detail/sensor_gyro__rosidl_typesupport_fastrtps_c.h\n'}
[1.322056] (px4_msgs) StdoutLine: {'line': b'-- Up-to-date: /home/mustardking/ws_sensor_combined/install/px4_msgs/include/px4_msgs/px4_msgs/msg/detail/gpio_out__rosidl_typesupport_fastrtps_c.h\n'}
[1.322078] (px4_msgs) StdoutLine: {'line': b'-- Up-to-date: /home/mustardking/ws_sensor_combined/install/px4_msgs/include/px4_msgs/px4_msgs/msg/detail/event__rosidl_typesupport_fastrtps_c.h\n'}
[1.322100] (px4_msgs) StdoutLine: {'line': b'-- Up-to-date: /home/mustardking/ws_sensor_combined/install/px4_msgs/include/px4_msgs/px4_msgs/msg/detail/geofence_status__rosidl_typesupport_fastrtps_c.h\n'}
[1.322124] (px4_msgs) StdoutLine: {'line': b'-- Up-to-date: /home/mustardking/ws_sensor_combined/install/px4_msgs/include/px4_msgs/px4_msgs/msg/detail/estimator_status__rosidl_typesupport_fastrtps_c.h\n'}
[1.322148] (px4_msgs) StdoutLine: {'line': b'-- Up-to-date: /home/mustardking/ws_sensor_combined/install/px4_msgs/include/px4_msgs/px4_msgs/msg/detail/rate_ctrl_status__rosidl_typesupport_fastrtps_c.h\n'}
[1.322171] (px4_msgs) StdoutLine: {'line': b'-- Up-to-date: /home/mustardking/ws_sensor_combined/install/px4_msgs/include/px4_msgs/px4_msgs/msg/detail/debug_vect__rosidl_typesupport_fastrtps_c.h\n'}
[1.322193] (px4_msgs) StdoutLine: {'line': b'-- Up-to-date: /home/mustardking/ws_sensor_combined/install/px4_msgs/include/px4_msgs/px4_msgs/msg/detail/estimator_status_flags__rosidl_typesupport_fastrtps_c.h\n'}
[1.322294] (px4_msgs) StdoutLine: {'line': b'-- Up-to-date: /home/mustardking/ws_sensor_combined/install/px4_msgs/include/px4_msgs/px4_msgs/msg/detail/px4io_status__rosidl_typesupport_fastrtps_c.h\n'}
[1.322365] (px4_msgs) StdoutLine: {'line': b'-- Up-to-date: /home/mustardking/ws_sensor_combined/install/px4_msgs/include/px4_msgs/px4_msgs/msg/detail/vehicle_control_mode__rosidl_typesupport_fastrtps_c.h\n'}
[1.322389] (px4_msgs) StdoutLine: {'line': b'-- Up-to-date: /home/mustardking/ws_sensor_combined/install/px4_msgs/include/px4_msgs/px4_msgs/msg/detail/mission__rosidl_typesupport_fastrtps_c.h\n'}
[1.322411] (px4_msgs) StdoutLine: {'line': b'-- Up-to-date: /home/mustardking/ws_sensor_combined/install/px4_msgs/include/px4_msgs/px4_msgs/msg/detail/camera_status__rosidl_typesupport_fastrtps_c.h\n'}
[1.322434] (px4_msgs) StdoutLine: {'line': b'-- Up-to-date: /home/mustardking/ws_sensor_combined/install/px4_msgs/include/px4_msgs/px4_msgs/msg/detail/power_button_state__rosidl_typesupport_fastrtps_c.h\n'}
[1.322458] (px4_msgs) StdoutLine: {'line': b'-- Up-to-date: /home/mustardking/ws_sensor_combined/install/px4_msgs/include/px4_msgs/px4_msgs/msg/detail/mount_orientation__rosidl_typesupport_fastrtps_c.h\n'}
[1.322481] (px4_msgs) StdoutLine: {'line': b'-- Up-to-date: /home/mustardking/ws_sensor_combined/install/px4_msgs/include/px4_msgs/px4_msgs/msg/detail/landing_target_innovations__rosidl_typesupport_fastrtps_c.h\n'}
[1.322504] (px4_msgs) StdoutLine: {'line': b'-- Up-to-date: /home/mustardking/ws_sensor_combined/install/px4_msgs/include/px4_msgs/px4_msgs/msg/detail/fixed_wing_lateral_status__rosidl_typesupport_fastrtps_c.h\n'}
[1.323429] (px4_msgs) StdoutLine: {'line': b'-- Up-to-date: /home/mustardking/ws_sensor_combined/install/px4_msgs/include/px4_msgs/px4_msgs/msg/detail/satellite_info__rosidl_typesupport_fastrtps_c.h\n'}
[1.323519] (px4_msgs) StdoutLine: {'line': b'-- Up-to-date: /home/mustardking/ws_sensor_combined/install/px4_msgs/include/px4_msgs/px4_msgs/msg/detail/magnetometer_bias_estimate__rosidl_typesupport_fastrtps_c.h\n'}
[1.323578] (px4_msgs) StdoutLine: {'line': b'-- Up-to-date: /home/mustardking/ws_sensor_combined/install/px4_msgs/include/px4_msgs/px4_msgs/msg/detail/rc_parameter_map__rosidl_typesupport_fastrtps_c.h\n'}
[1.323665] (px4_msgs) StdoutLine: {'line': b'-- Up-to-date: /home/mustardking/ws_sensor_combined/install/px4_msgs/include/px4_msgs/px4_msgs/msg/detail/orb_test_medium__rosidl_typesupport_fastrtps_c.h\n'}
[1.323734] (px4_msgs) StdoutLine: {'line': b'-- Up-to-date: /home/mustardking/ws_sensor_combined/install/px4_msgs/include/px4_msgs/px4_msgs/msg/detail/adc_report__rosidl_typesupport_fastrtps_c.h\n'}
[1.323821] (px4_msgs) StdoutLine: {'line': b'-- Up-to-date: /home/mustardking/ws_sensor_combined/install/px4_msgs/include/px4_msgs/px4_msgs/msg/detail/ping__rosidl_typesupport_fastrtps_c.h\n'}
[1.323891] (px4_msgs) StdoutLine: {'line': b'-- Up-to-date: /home/mustardking/ws_sensor_combined/install/px4_msgs/include/px4_msgs/px4_msgs/msg/detail/estimator_gps_status__rosidl_typesupport_fastrtps_c.h\n'}
[1.323979] (px4_msgs) StdoutLine: {'line': b'-- Up-to-date: /home/mustardking/ws_sensor_combined/install/px4_msgs/include/px4_msgs/px4_msgs/msg/detail/fixed_wing_runway_control__rosidl_typesupport_fastrtps_c.h\n'}
[1.324110] (px4_msgs) StdoutLine: {'line': b'-- Up-to-date: /home/mustardking/ws_sensor_combined/install/px4_msgs/include/px4_msgs/px4_msgs/msg/detail/sensor_gyro_fft__rosidl_typesupport_fastrtps_c.h\n'}
[1.324181] (px4_msgs) StdoutLine: {'line': b'-- Up-to-date: /home/mustardking/ws_sensor_combined/install/px4_msgs/include/px4_msgs/px4_msgs/msg/detail/rover_rate_status__rosidl_typesupport_fastrtps_c.h\n'}
[1.324309] (px4_msgs) StdoutLine: {'line': b'-- Up-to-date: /home/mustardking/ws_sensor_combined/install/px4_msgs/include/px4_msgs/px4_msgs/msg/detail/fixed_wing_lateral_guidance_status__rosidl_typesupport_fastrtps_c.h\n'}
[1.324375] (px4_msgs) StdoutLine: {'line': b'-- Up-to-date: /home/mustardking/ws_sensor_combined/install/px4_msgs/include/px4_msgs/px4_msgs/msg/detail/gpio_request__rosidl_typesupport_fastrtps_c.h\n'}
[1.324399] (px4_msgs) StdoutLine: {'line': b'-- Up-to-date: /home/mustardking/ws_sensor_combined/install/px4_msgs/lib/libpx4_msgs__rosidl_typesupport_fastrtps_c.so\n'}
[1.324429] (px4_msgs) StdoutLine: {'line': b'-- Up-to-date: /home/mustardking/ws_sensor_combined/install/px4_msgs/include/px4_msgs/px4_msgs\n'}
[1.324459] (px4_msgs) StdoutLine: {'line': b'-- Up-to-date: /home/mustardking/ws_sensor_combined/install/px4_msgs/include/px4_msgs/px4_msgs/srv\n'}
[1.324482] (px4_msgs) StdoutLine: {'line': b'-- Up-to-date: /home/mustardking/ws_sensor_combined/install/px4_msgs/include/px4_msgs/px4_msgs/srv/vehicle_command.hpp\n'}
[1.324506] (px4_msgs) StdoutLine: {'line': b'-- Up-to-date: /home/mustardking/ws_sensor_combined/install/px4_msgs/include/px4_msgs/px4_msgs/srv/detail\n'}
[1.324531] (px4_msgs) StdoutLine: {'line': b'-- Up-to-date: /home/mustardking/ws_sensor_combined/install/px4_msgs/include/px4_msgs/px4_msgs/srv/detail/vehicle_command__builder.hpp\n'}
[1.324558] (px4_msgs) StdoutLine: {'line': b'-- Up-to-date: /home/mustardking/ws_sensor_combined/install/px4_msgs/include/px4_msgs/px4_msgs/srv/detail/vehicle_command__type_support.hpp\n'}
[1.324590] (px4_msgs) StdoutLine: {'line': b'-- Up-to-date: /home/mustardking/ws_sensor_combined/install/px4_msgs/include/px4_msgs/px4_msgs/srv/detail/vehicle_command__struct.hpp\n'}
[1.324617] (px4_msgs) StdoutLine: {'line': b'-- Up-to-date: /home/mustardking/ws_sensor_combined/install/px4_msgs/include/px4_msgs/px4_msgs/srv/detail/vehicle_command__traits.hpp\n'}
[1.324641] (px4_msgs) StdoutLine: {'line': b'-- Up-to-date: /home/mustardking/ws_sensor_combined/install/px4_msgs/include/px4_msgs/px4_msgs/msg\n'}
[1.324667] (px4_msgs) StdoutLine: {'line': b'-- Up-to-date: /home/mustardking/ws_sensor_combined/install/px4_msgs/include/px4_msgs/px4_msgs/msg/irlock_report.hpp\n'}
[1.324690] (px4_msgs) StdoutLine: {'line': b'-- Up-to-date: /home/mustardking/ws_sensor_combined/install/px4_msgs/include/px4_msgs/px4_msgs/msg/actuator_servos_trim.hpp\n'}
[1.324714] (px4_msgs) StdoutLine: {'line': b'-- Up-to-date: /home/mustardking/ws_sensor_combined/install/px4_msgs/include/px4_msgs/px4_msgs/msg/vehicle_angular_velocity.hpp\n'}
[1.324736] (px4_msgs) StdoutLine: {'line': b'-- Up-to-date: /home/mustardking/ws_sensor_combined/install/px4_msgs/include/px4_msgs/px4_msgs/msg/vehicle_local_position_setpoint.hpp\n'}
[1.324759] (px4_msgs) StdoutLine: {'line': b'-- Up-to-date: /home/mustardking/ws_sensor_combined/install/px4_msgs/include/px4_msgs/px4_msgs/msg/vehicle_status.hpp\n'}
[1.324793] (px4_msgs) StdoutLine: {'line': b'-- Up-to-date: /home/mustardking/ws_sensor_combined/install/px4_msgs/include/px4_msgs/px4_msgs/msg/rover_steering_setpoint.hpp\n'}
[1.324816] (px4_msgs) StdoutLine: {'line': b'-- Up-to-date: /home/mustardking/ws_sensor_combined/install/px4_msgs/include/px4_msgs/px4_msgs/msg/launch_detection_status.hpp\n'}
[1.324847] (px4_msgs) StdoutLine: {'line': b'-- Up-to-date: /home/mustardking/ws_sensor_combined/install/px4_msgs/include/px4_msgs/px4_msgs/msg/rc_parameter_map.hpp\n'}
[1.324886] (px4_msgs) StdoutLine: {'line': b'-- Up-to-date: /home/mustardking/ws_sensor_combined/install/px4_msgs/include/px4_msgs/px4_msgs/msg/velocity_limits.hpp\n'}
[1.324909] (px4_msgs) StdoutLine: {'line': b'-- Up-to-date: /home/mustardking/ws_sensor_combined/install/px4_msgs/include/px4_msgs/px4_msgs/msg/gpio_in.hpp\n'}
[1.324934] (px4_msgs) StdoutLine: {'line': b'-- Up-to-date: /home/mustardking/ws_sensor_combined/install/px4_msgs/include/px4_msgs/px4_msgs/msg/actuator_test.hpp\n'}
[1.325597] (px4_msgs) StdoutLine: {'line': b'-- Up-to-date: /home/mustardking/ws_sensor_combined/install/px4_msgs/include/px4_msgs/px4_msgs/msg/vehicle_air_data.hpp\n'}
[1.325791] (px4_msgs) StdoutLine: {'line': b'-- Up-to-date: /home/mustardking/ws_sensor_combined/install/px4_msgs/include/px4_msgs/px4_msgs/msg/radio_status.hpp\n'}
[1.325941] (px4_msgs) StdoutLine: {'line': b'-- Up-to-date: /home/mustardking/ws_sensor_combined/install/px4_msgs/include/px4_msgs/px4_msgs/msg/task_stack_info.hpp\n'}
[1.326061] (px4_msgs) StdoutLine: {'line': b'-- Up-to-date: /home/mustardking/ws_sensor_combined/install/px4_msgs/include/px4_msgs/px4_msgs/msg/control_allocator_status.hpp\n'}
[1.326143] (px4_msgs) StdoutLine: {'line': b'-- Up-to-date: /home/mustardking/ws_sensor_combined/install/px4_msgs/include/px4_msgs/px4_msgs/msg/orb_test_large.hpp\n'}
[1.326282] (px4_msgs) StdoutLine: {'line': b'-- Up-to-date: /home/mustardking/ws_sensor_combined/install/px4_msgs/include/px4_msgs/px4_msgs/msg/sensor_correction.hpp\n'}
[1.326363] (px4_msgs) StdoutLine: {'line': b'-- Up-to-date: /home/mustardking/ws_sensor_combined/install/px4_msgs/include/px4_msgs/px4_msgs/msg/vehicle_land_detected.hpp\n'}
[1.326444] (px4_msgs) StdoutLine: {'line': b'-- Up-to-date: /home/mustardking/ws_sensor_combined/install/px4_msgs/include/px4_msgs/px4_msgs/msg/adc_report.hpp\n'}
[1.326533] (px4_msgs) StdoutLine: {'line': b'-- Up-to-date: /home/mustardking/ws_sensor_combined/install/px4_msgs/include/px4_msgs/px4_msgs/msg/arming_check_reply.hpp\n'}
[1.326622] (px4_msgs) StdoutLine: {'line': b'-- Up-to-date: /home/mustardking/ws_sensor_combined/install/px4_msgs/include/px4_msgs/px4_msgs/msg/fixed_wing_lateral_setpoint.hpp\n'}
[1.326726] (px4_msgs) StdoutLine: {'line': b'-- Up-to-date: /home/mustardking/ws_sensor_combined/install/px4_msgs/include/px4_msgs/px4_msgs/msg/action_request.hpp\n'}
[1.326810] (px4_msgs) StdoutLine: {'line': b'-- Up-to-date: /home/mustardking/ws_sensor_combined/install/px4_msgs/include/px4_msgs/px4_msgs/msg/heater_status.hpp\n'}
[1.326940] (px4_msgs) StdoutLine: {'line': b'-- Up-to-date: /home/mustardking/ws_sensor_combined/install/px4_msgs/include/px4_msgs/px4_msgs/msg/vehicle_attitude.hpp\n'}
[1.328351] (px4_msgs) StdoutLine: {'line': b'-- Up-to-date: /home/mustardking/ws_sensor_combined/install/px4_msgs/include/px4_msgs/px4_msgs/msg/parameter_set_used_request.hpp\n'}
[1.328390] (px4_msgs) StdoutLine: {'line': b'-- Up-to-date: /home/mustardking/ws_sensor_combined/install/px4_msgs/include/px4_msgs/px4_msgs/msg/dronecan_node_status.hpp\n'}
[1.328432] (px4_msgs) StdoutLine: {'line': b'-- Up-to-date: /home/mustardking/ws_sensor_combined/install/px4_msgs/include/px4_msgs/px4_msgs/msg/geofence_result.hpp\n'}
[1.328482] (px4_msgs) StdoutLine: {'line': b'-- Up-to-date: /home/mustardking/ws_sensor_combined/install/px4_msgs/include/px4_msgs/px4_msgs/msg/sensors_status.hpp\n'}
[1.328507] (px4_msgs) StdoutLine: {'line': b'-- Up-to-date: /home/mustardking/ws_sensor_combined/install/px4_msgs/include/px4_msgs/px4_msgs/msg/normalized_unsigned_setpoint.hpp\n'}
[1.328533] (px4_msgs) StdoutLine: {'line': b'-- Up-to-date: /home/mustardking/ws_sensor_combined/install/px4_msgs/include/px4_msgs/px4_msgs/msg/position_setpoint_triplet.hpp\n'}
[1.328556] (px4_msgs) StdoutLine: {'line': b'-- Up-to-date: /home/mustardking/ws_sensor_combined/install/px4_msgs/include/px4_msgs/px4_msgs/msg/vehicle_command_ack.hpp\n'}
[1.328580] (px4_msgs) StdoutLine: {'line': b'-- Up-to-date: /home/mustardking/ws_sensor_combined/install/px4_msgs/include/px4_msgs/px4_msgs/msg/neural_control.hpp\n'}
[1.328604] (px4_msgs) StdoutLine: {'line': b'-- Up-to-date: /home/mustardking/ws_sensor_combined/install/px4_msgs/include/px4_msgs/px4_msgs/msg/offboard_control_mode.hpp\n'}
[1.328627] (px4_msgs) StdoutLine: {'line': b'-- Up-to-date: /home/mustardking/ws_sensor_combined/install/px4_msgs/include/px4_msgs/px4_msgs/msg/esc_report.hpp\n'}
[1.328660] (px4_msgs) StdoutLine: {'line': b'-- Up-to-date: /home/mustardking/ws_sensor_combined/install/px4_msgs/include/px4_msgs/px4_msgs/msg/estimator_gps_status.hpp\n'}
[1.328694] (px4_msgs) StdoutLine: {'line': b'-- Up-to-date: /home/mustardking/ws_sensor_combined/install/px4_msgs/include/px4_msgs/px4_msgs/msg/sensor_mag.hpp\n'}
[1.328717] (px4_msgs) StdoutLine: {'line': b'-- Up-to-date: /home/mustardking/ws_sensor_combined/install/px4_msgs/include/px4_msgs/px4_msgs/msg/actuator_controls_status.hpp\n'}
[1.328740] (px4_msgs) StdoutLine: {'line': b'-- Up-to-date: /home/mustardking/ws_sensor_combined/install/px4_msgs/include/px4_msgs/px4_msgs/msg/wheel_encoders.hpp\n'}
[1.329287] (px4_msgs) StdoutLine: {'line': b'-- Up-to-date: /home/mustardking/ws_sensor_combined/install/px4_msgs/include/px4_msgs/px4_msgs/msg/sensor_hygrometer.hpp\n'}
[1.329322] (px4_msgs) StdoutLine: {'line': b'-- Up-to-date: /home/mustardking/ws_sensor_combined/install/px4_msgs/include/px4_msgs/px4_msgs/msg/open_drone_id_system.hpp\n'}
[1.329351] (px4_msgs) StdoutLine: {'line': b'-- Up-to-date: /home/mustardking/ws_sensor_combined/install/px4_msgs/include/px4_msgs/px4_msgs/msg/hover_thrust_estimate.hpp\n'}
[1.329385] (px4_msgs) StdoutLine: {'line': b'-- Up-to-date: /home/mustardking/ws_sensor_combined/install/px4_msgs/include/px4_msgs/px4_msgs/msg/gpio_config.hpp\n'}
[1.329411] (px4_msgs) StdoutLine: {'line': b'-- Up-to-date: /home/mustardking/ws_sensor_combined/install/px4_msgs/include/px4_msgs/px4_msgs/msg/open_drone_id_self_id.hpp\n'}
[1.329440] (px4_msgs) StdoutLine: {'line': b'-- Up-to-date: /home/mustardking/ws_sensor_combined/install/px4_msgs/include/px4_msgs/px4_msgs/msg/config_overrides.hpp\n'}
[1.329462] (px4_msgs) StdoutLine: {'line': b'-- Up-to-date: /home/mustardking/ws_sensor_combined/install/px4_msgs/include/px4_msgs/px4_msgs/msg/landing_target_innovations.hpp\n'}
[1.329493] (px4_msgs) StdoutLine: {'line': b'-- Up-to-date: /home/mustardking/ws_sensor_combined/install/px4_msgs/include/px4_msgs/px4_msgs/msg/landing_gear.hpp\n'}
[1.329517] (px4_msgs) StdoutLine: {'line': b'-- Up-to-date: /home/mustardking/ws_sensor_combined/install/px4_msgs/include/px4_msgs/px4_msgs/msg/estimator_event_flags.hpp\n'}
[1.329550] (px4_msgs) StdoutLine: {'line': b'-- Up-to-date: /home/mustardking/ws_sensor_combined/install/px4_msgs/include/px4_msgs/px4_msgs/msg/rover_attitude_status.hpp\n'}
[1.329574] (px4_msgs) StdoutLine: {'line': b'-- Up-to-date: /home/mustardking/ws_sensor_combined/install/px4_msgs/include/px4_msgs/px4_msgs/msg/rpm.hpp\n'}
[1.329604] (px4_msgs) StdoutLine: {'line': b'-- Up-to-date: /home/mustardking/ws_sensor_combined/install/px4_msgs/include/px4_msgs/px4_msgs/msg/dataman_request.hpp\n'}
[1.329701] (px4_msgs) StdoutLine: {'line': b'-- Up-to-date: /home/mustardking/ws_sensor_combined/install/px4_msgs/include/px4_msgs/px4_msgs/msg/mavlink_log.hpp\n'}
[1.329782] (px4_msgs) StdoutLine: {'line': b'-- Up-to-date: /home/mustardking/ws_sensor_combined/install/px4_msgs/include/px4_msgs/px4_msgs/msg/rc_channels.hpp\n'}
[1.329852] (px4_msgs) StdoutLine: {'line': b'-- Up-to-date: /home/mustardking/ws_sensor_combined/install/px4_msgs/include/px4_msgs/px4_msgs/msg/goto_setpoint.hpp\n'}
[1.329916] (px4_msgs) StdoutLine: {'line': b'-- Up-to-date: /home/mustardking/ws_sensor_combined/install/px4_msgs/include/px4_msgs/px4_msgs/msg/sensor_gyro.hpp\n'}
[1.329994] (px4_msgs) StdoutLine: {'line': b'-- Up-to-date: /home/mustardking/ws_sensor_combined/install/px4_msgs/include/px4_msgs/px4_msgs/msg/fixed_wing_lateral_guidance_status.hpp\n'}
[1.330089] (px4_msgs) StdoutLine: {'line': b'-- Up-to-date: /home/mustardking/ws_sensor_combined/install/px4_msgs/include/px4_msgs/px4_msgs/msg/generator_status.hpp\n'}
[1.330159] (px4_msgs) StdoutLine: {'line': b'-- Up-to-date: /home/mustardking/ws_sensor_combined/install/px4_msgs/include/px4_msgs/px4_msgs/msg/tune_control.hpp\n'}
[1.330334] (px4_msgs) StdoutLine: {'line': b'-- Up-to-date: /home/mustardking/ws_sensor_combined/install/px4_msgs/include/px4_msgs/px4_msgs/msg/trajectory_setpoint6dof.hpp\n'}
[1.330491] (px4_msgs) StdoutLine: {'line': b'-- Up-to-date: /home/mustardking/ws_sensor_combined/install/px4_msgs/include/px4_msgs/px4_msgs/msg/cellular_status.hpp\n'}
[1.330594] (px4_msgs) StdoutLine: {'line': b'-- Up-to-date: /home/mustardking/ws_sensor_combined/install/px4_msgs/include/px4_msgs/px4_msgs/msg/sensor_airflow.hpp\n'}
[1.330665] (px4_msgs) StdoutLine: {'line': b'-- Up-to-date: /home/mustardking/ws_sensor_combined/install/px4_msgs/include/px4_msgs/px4_msgs/msg/camera_capture.hpp\n'}
[1.330734] (px4_msgs) StdoutLine: {'line': b'-- Up-to-date: /home/mustardking/ws_sensor_combined/install/px4_msgs/include/px4_msgs/px4_msgs/msg/pps_capture.hpp\n'}
[1.330792] (px4_msgs) StdoutLine: {'line': b'-- Up-to-date: /home/mustardking/ws_sensor_combined/install/px4_msgs/include/px4_msgs/px4_msgs/msg/button_event.hpp\n'}
[1.330855] (px4_msgs) StdoutLine: {'line': b'-- Up-to-date: /home/mustardking/ws_sensor_combined/install/px4_msgs/include/px4_msgs/px4_msgs/msg/differential_pressure.hpp\n'}
[1.330933] (px4_msgs) StdoutLine: {'line': b'-- Up-to-date: /home/mustardking/ws_sensor_combined/install/px4_msgs/include/px4_msgs/px4_msgs/msg/actuator_outputs.hpp\n'}
[1.330997] (px4_msgs) StdoutLine: {'line': b'-- Up-to-date: /home/mustardking/ws_sensor_combined/install/px4_msgs/include/px4_msgs/px4_msgs/msg/input_rc.hpp\n'}
[1.331032] (px4_msgs) StdoutLine: {'line': b'-- Up-to-date: /home/mustardking/ws_sensor_combined/install/px4_msgs/include/px4_msgs/px4_msgs/msg/estimator_bias.hpp\n'}
[1.331067] (px4_msgs) StdoutLine: {'line': b'-- Up-to-date: /home/mustardking/ws_sensor_combined/install/px4_msgs/include/px4_msgs/px4_msgs/msg/gimbal_manager_information.hpp\n'}
[1.331108] (px4_msgs) StdoutLine: {'line': b'-- Up-to-date: /home/mustardking/ws_sensor_combined/install/px4_msgs/include/px4_msgs/px4_msgs/msg/internal_combustion_engine_status.hpp\n'}
[1.331134] (px4_msgs) StdoutLine: {'line': b'-- Up-to-date: /home/mustardking/ws_sensor_combined/install/px4_msgs/include/px4_msgs/px4_msgs/msg/rover_position_setpoint.hpp\n'}
[1.331157] (px4_msgs) StdoutLine: {'line': b'-- Up-to-date: /home/mustardking/ws_sensor_combined/install/px4_msgs/include/px4_msgs/px4_msgs/msg/vehicle_rates_setpoint.hpp\n'}
[1.331179] (px4_msgs) StdoutLine: {'line': b'-- Up-to-date: /home/mustardking/ws_sensor_combined/install/px4_msgs/include/px4_msgs/px4_msgs/msg/rate_ctrl_status.hpp\n'}
[1.331203] (px4_msgs) StdoutLine: {'line': b'-- Up-to-date: /home/mustardking/ws_sensor_combined/install/px4_msgs/include/px4_msgs/px4_msgs/msg/camera_status.hpp\n'}
[1.331226] (px4_msgs) StdoutLine: {'line': b'-- Up-to-date: /home/mustardking/ws_sensor_combined/install/px4_msgs/include/px4_msgs/px4_msgs/msg/flight_phase_estimation.hpp\n'}
[1.331249] (px4_msgs) StdoutLine: {'line': b'-- Up-to-date: /home/mustardking/ws_sensor_combined/install/px4_msgs/include/px4_msgs/px4_msgs/msg/parameter_set_value_request.hpp\n'}
[1.331275] (px4_msgs) StdoutLine: {'line': b'-- Up-to-date: /home/mustardking/ws_sensor_combined/install/px4_msgs/include/px4_msgs/px4_msgs/msg/distance_sensor.hpp\n'}
[1.331319] (px4_msgs) StdoutLine: {'line': b'-- Up-to-date: /home/mustardking/ws_sensor_combined/install/px4_msgs/include/px4_msgs/px4_msgs/msg/dataman_response.hpp\n'}
[1.331349] (px4_msgs) StdoutLine: {'line': b'-- Up-to-date: /home/mustardking/ws_sensor_combined/install/px4_msgs/include/px4_msgs/px4_msgs/msg/follow_target.hpp\n'}
[1.331372] (px4_msgs) StdoutLine: {'line': b'-- Up-to-date: /home/mustardking/ws_sensor_combined/install/px4_msgs/include/px4_msgs/px4_msgs/msg/distance_sensor_mode_change_request.hpp\n'}
[1.331394] (px4_msgs) StdoutLine: {'line': b'-- Up-to-date: /home/mustardking/ws_sensor_combined/install/px4_msgs/include/px4_msgs/px4_msgs/msg/gimbal_controls.hpp\n'}
[1.331417] (px4_msgs) StdoutLine: {'line': b'-- Up-to-date: /home/mustardking/ws_sensor_combined/install/px4_msgs/include/px4_msgs/px4_msgs/msg/logger_status.hpp\n'}
[1.331439] (px4_msgs) StdoutLine: {'line': b'-- Up-to-date: /home/mustardking/ws_sensor_combined/install/px4_msgs/include/px4_msgs/px4_msgs/msg/vehicle_imu.hpp\n'}
[1.331464] (px4_msgs) StdoutLine: {'line': b'-- Up-to-date: /home/mustardking/ws_sensor_combined/install/px4_msgs/include/px4_msgs/px4_msgs/msg/gimbal_device_attitude_status.hpp\n'}
[1.331487] (px4_msgs) StdoutLine: {'line': b'-- Up-to-date: /home/mustardking/ws_sensor_combined/install/px4_msgs/include/px4_msgs/px4_msgs/msg/ulog_stream_ack.hpp\n'}
[1.331509] (px4_msgs) StdoutLine: {'line': b'-- Up-to-date: /home/mustardking/ws_sensor_combined/install/px4_msgs/include/px4_msgs/px4_msgs/msg/trajectory_setpoint.hpp\n'}
[1.331531] (px4_msgs) StdoutLine: {'line': b'-- Up-to-date: /home/mustardking/ws_sensor_combined/install/px4_msgs/include/px4_msgs/px4_msgs/msg/qshell_req.hpp\n'}
[1.331553] (px4_msgs) StdoutLine: {'line': b'-- Up-to-date: /home/mustardking/ws_sensor_combined/install/px4_msgs/include/px4_msgs/px4_msgs/msg/estimator_aid_source3d.hpp\n'}
[1.331590] (px4_msgs) StdoutLine: {'line': b'-- Up-to-date: /home/mustardking/ws_sensor_combined/install/px4_msgs/include/px4_msgs/px4_msgs/msg/rtl_time_estimate.hpp\n'}
[1.331613] (px4_msgs) StdoutLine: {'line': b'-- Up-to-date: /home/mustardking/ws_sensor_combined/install/px4_msgs/include/px4_msgs/px4_msgs/msg/sensor_gyro_fifo.hpp\n'}
[1.331636] (px4_msgs) StdoutLine: {'line': b'-- Up-to-date: /home/mustardking/ws_sensor_combined/install/px4_msgs/include/px4_msgs/px4_msgs/msg/magnetometer_bias_estimate.hpp\n'}
[1.331660] (px4_msgs) StdoutLine: {'line': b'-- Up-to-date: /home/mustardking/ws_sensor_combined/install/px4_msgs/include/px4_msgs/px4_msgs/msg/parameter_update.hpp\n'}
[1.331682] (px4_msgs) StdoutLine: {'line': b'-- Up-to-date: /home/mustardking/ws_sensor_combined/install/px4_msgs/include/px4_msgs/px4_msgs/msg/gimbal_manager_set_manual_control.hpp\n'}
[1.331704] (px4_msgs) StdoutLine: {'line': b'-- Up-to-date: /home/mustardking/ws_sensor_combined/install/px4_msgs/include/px4_msgs/px4_msgs/msg/position_setpoint.hpp\n'}
[1.331727] (px4_msgs) StdoutLine: {'line': b'-- Up-to-date: /home/mustardking/ws_sensor_combined/install/px4_msgs/include/px4_msgs/px4_msgs/msg/gripper.hpp\n'}
[1.331759] (px4_msgs) StdoutLine: {'line': b'-- Up-to-date: /home/mustardking/ws_sensor_combined/install/px4_msgs/include/px4_msgs/px4_msgs/msg/vehicle_local_position.hpp\n'}
[1.331788] (px4_msgs) StdoutLine: {'line': b'-- Up-to-date: /home/mustardking/ws_sensor_combined/install/px4_msgs/include/px4_msgs/px4_msgs/msg/sensor_uwb.hpp\n'}
[1.331811] (px4_msgs) StdoutLine: {'line': b'-- Up-to-date: /home/mustardking/ws_sensor_combined/install/px4_msgs/include/px4_msgs/px4_msgs/msg/sensor_selection.hpp\n'}
[1.331844] (px4_msgs) StdoutLine: {'line': b'-- Up-to-date: /home/mustardking/ws_sensor_combined/install/px4_msgs/include/px4_msgs/px4_msgs/msg/transponder_report.hpp\n'}
[1.331867] (px4_msgs) StdoutLine: {'line': b'-- Up-to-date: /home/mustardking/ws_sensor_combined/install/px4_msgs/include/px4_msgs/px4_msgs/msg/longitudinal_control_configuration.hpp\n'}
[1.331909] (px4_msgs) StdoutLine: {'line': b'-- Up-to-date: /home/mustardking/ws_sensor_combined/install/px4_msgs/include/px4_msgs/px4_msgs/msg/estimator_selector_status.hpp\n'}
[1.331931] (px4_msgs) StdoutLine: {'line': b'-- Up-to-date: /home/mustardking/ws_sensor_combined/install/px4_msgs/include/px4_msgs/px4_msgs/msg/failsafe_flags.hpp\n'}
[1.331954] (px4_msgs) StdoutLine: {'line': b'-- Up-to-date: /home/mustardking/ws_sensor_combined/install/px4_msgs/include/px4_msgs/px4_msgs/msg/vehicle_optical_flow.hpp\n'}
[1.331976] (px4_msgs) StdoutLine: {'line': b'-- Up-to-date: /home/mustardking/ws_sensor_combined/install/px4_msgs/include/px4_msgs/px4_msgs/msg/vtol_vehicle_status.hpp\n'}
[1.331998] (px4_msgs) StdoutLine: {'line': b'-- Up-to-date: /home/mustardking/ws_sensor_combined/install/px4_msgs/include/px4_msgs/px4_msgs/msg/position_controller_landing_status.hpp\n'}
[1.332021] (px4_msgs) StdoutLine: {'line': b'-- Up-to-date: /home/mustardking/ws_sensor_combined/install/px4_msgs/include/px4_msgs/px4_msgs/msg/airspeed_wind.hpp\n'}
[1.332075] (px4_msgs) StdoutLine: {'line': b'-- Up-to-date: /home/mustardking/ws_sensor_combined/install/px4_msgs/include/px4_msgs/px4_msgs/msg/vehicle_control_mode.hpp\n'}
[1.332106] (px4_msgs) StdoutLine: {'line': b'-- Up-to-date: /home/mustardking/ws_sensor_combined/install/px4_msgs/include/px4_msgs/px4_msgs/msg/battery_status.hpp\n'}
[1.332136] (px4_msgs) StdoutLine: {'line': b'-- Up-to-date: /home/mustardking/ws_sensor_combined/install/px4_msgs/include/px4_msgs/px4_msgs/msg/sensor_combined.hpp\n'}
[1.332171] (px4_msgs) StdoutLine: {'line': b'-- Up-to-date: /home/mustardking/ws_sensor_combined/install/px4_msgs/include/px4_msgs/px4_msgs/msg/gimbal_manager_status.hpp\n'}
[1.332197] (px4_msgs) StdoutLine: {'line': b'-- Up-to-date: /home/mustardking/ws_sensor_combined/install/px4_msgs/include/px4_msgs/px4_msgs/msg/geofence_status.hpp\n'}
[1.332235] (px4_msgs) StdoutLine: {'line': b'-- Up-to-date: /home/mustardking/ws_sensor_combined/install/px4_msgs/include/px4_msgs/px4_msgs/msg/mount_orientation.hpp\n'}
[1.332259] (px4_msgs) StdoutLine: {'line': b'-- Up-to-date: /home/mustardking/ws_sensor_combined/install/px4_msgs/include/px4_msgs/px4_msgs/msg/lateral_control_configuration.hpp\n'}
[1.332294] (px4_msgs) StdoutLine: {'line': b'-- Up-to-date: /home/mustardking/ws_sensor_combined/install/px4_msgs/include/px4_msgs/px4_msgs/msg/manual_control_setpoint.hpp\n'}
[1.332321] (px4_msgs) StdoutLine: {'line': b'-- Up-to-date: /home/mustardking/ws_sensor_combined/install/px4_msgs/include/px4_msgs/px4_msgs/msg/estimator_aid_source1d.hpp\n'}
[1.332368] (px4_msgs) StdoutLine: {'line': b'-- Up-to-date: /home/mustardking/ws_sensor_combined/install/px4_msgs/include/px4_msgs/px4_msgs/msg/vehicle_roi.hpp\n'}
[1.332392] (px4_msgs) StdoutLine: {'line': b'-- Up-to-date: /home/mustardking/ws_sensor_combined/install/px4_msgs/include/px4_msgs/px4_msgs/msg/estimator_innovations.hpp\n'}
[1.332414] (px4_msgs) StdoutLine: {'line': b'-- Up-to-date: /home/mustardking/ws_sensor_combined/install/px4_msgs/include/px4_msgs/px4_msgs/msg/orbit_status.hpp\n'}
[1.332436] (px4_msgs) StdoutLine: {'line': b'-- Up-to-date: /home/mustardking/ws_sensor_combined/install/px4_msgs/include/px4_msgs/px4_msgs/msg/gimbal_manager_set_attitude.hpp\n'}
[1.332459] (px4_msgs) StdoutLine: {'line': b'-- Up-to-date: /home/mustardking/ws_sensor_combined/install/px4_msgs/include/px4_msgs/px4_msgs/msg/satellite_info.hpp\n'}
[1.332483] (px4_msgs) StdoutLine: {'line': b'-- Up-to-date: /home/mustardking/ws_sensor_combined/install/px4_msgs/include/px4_msgs/px4_msgs/msg/wind.hpp\n'}
[1.332523] (px4_msgs) StdoutLine: {'line': b'-- Up-to-date: /home/mustardking/ws_sensor_combined/install/px4_msgs/include/px4_msgs/px4_msgs/msg/sensor_optical_flow.hpp\n'}
[1.332548] (px4_msgs) StdoutLine: {'line': b'-- Up-to-date: /home/mustardking/ws_sensor_combined/install/px4_msgs/include/px4_msgs/px4_msgs/msg/message_format_response.hpp\n'}
[1.333146] (px4_msgs) StdoutLine: {'line': b'-- Up-to-date: /home/mustardking/ws_sensor_combined/install/px4_msgs/include/px4_msgs/px4_msgs/msg/telemetry_status.hpp\n'}
[1.333176] (px4_msgs) StdoutLine: {'line': b'-- Up-to-date: /home/mustardking/ws_sensor_combined/install/px4_msgs/include/px4_msgs/px4_msgs/msg/orb_test.hpp\n'}
[1.333199] (px4_msgs) StdoutLine: {'line': b'-- Up-to-date: /home/mustardking/ws_sensor_combined/install/px4_msgs/include/px4_msgs/px4_msgs/msg/sensor_preflight_mag.hpp\n'}
[1.333222] (px4_msgs) StdoutLine: {'line': b'-- Up-to-date: /home/mustardking/ws_sensor_combined/install/px4_msgs/include/px4_msgs/px4_msgs/msg/uavcan_parameter_value.hpp\n'}
[1.333244] (px4_msgs) StdoutLine: {'line': b'-- Up-to-date: /home/mustardking/ws_sensor_combined/install/px4_msgs/include/px4_msgs/px4_msgs/msg/fixed_wing_lateral_status.hpp\n'}
[1.333267] (px4_msgs) StdoutLine: {'line': b'-- Up-to-date: /home/mustardking/ws_sensor_combined/install/px4_msgs/include/px4_msgs/px4_msgs/msg/cpuload.hpp\n'}
[1.333290] (px4_msgs) StdoutLine: {'line': b'-- Up-to-date: /home/mustardking/ws_sensor_combined/install/px4_msgs/include/px4_msgs/px4_msgs/msg/log_message.hpp\n'}
[1.333314] (px4_msgs) StdoutLine: {'line': b'-- Up-to-date: /home/mustardking/ws_sensor_combined/install/px4_msgs/include/px4_msgs/px4_msgs/msg/navigator_status.hpp\n'}
[1.333337] (px4_msgs) StdoutLine: {'line': b'-- Up-to-date: /home/mustardking/ws_sensor_combined/install/px4_msgs/include/px4_msgs/px4_msgs/msg/vehicle_torque_setpoint.hpp\n'}
[1.333359] (px4_msgs) StdoutLine: {'line': b'-- Up-to-date: /home/mustardking/ws_sensor_combined/install/px4_msgs/include/px4_msgs/px4_msgs/msg/home_position.hpp\n'}
[1.333381] (px4_msgs) StdoutLine: {'line': b'-- Up-to-date: /home/mustardking/ws_sensor_combined/install/px4_msgs/include/px4_msgs/px4_msgs/msg/uavcan_parameter_request.hpp\n'}
[1.333405] (px4_msgs) StdoutLine: {'line': b'-- Up-to-date: /home/mustardking/ws_sensor_combined/install/px4_msgs/include/px4_msgs/px4_msgs/msg/navigator_mission_item.hpp\n'}
[1.333428] (px4_msgs) StdoutLine: {'line': b'-- Up-to-date: /home/mustardking/ws_sensor_combined/install/px4_msgs/include/px4_msgs/px4_msgs/msg/actuator_motors.hpp\n'}
[1.333451] (px4_msgs) StdoutLine: {'line': b'-- Up-to-date: /home/mustardking/ws_sensor_combined/install/px4_msgs/include/px4_msgs/px4_msgs/msg/arming_check_request.hpp\n'}
[1.333474] (px4_msgs) StdoutLine: {'line': b'-- Up-to-date: /home/mustardking/ws_sensor_combined/install/px4_msgs/include/px4_msgs/px4_msgs/msg/landing_gear_wheel.hpp\n'}
[1.333496] (px4_msgs) StdoutLine: {'line': b'-- Up-to-date: /home/mustardking/ws_sensor_combined/install/px4_msgs/include/px4_msgs/px4_msgs/msg/vehicle_angular_acceleration_setpoint.hpp\n'}
[1.333518] (px4_msgs) StdoutLine: {'line': b'-- Up-to-date: /home/mustardking/ws_sensor_combined/install/px4_msgs/include/px4_msgs/px4_msgs/msg/sensor_baro.hpp\n'}
[1.333540] (px4_msgs) StdoutLine: {'line': b'-- Up-to-date: /home/mustardking/ws_sensor_combined/install/px4_msgs/include/px4_msgs/px4_msgs/msg/rover_attitude_setpoint.hpp\n'}
[1.333562] (px4_msgs) StdoutLine: {'line': b'-- Up-to-date: /home/mustardking/ws_sensor_combined/install/px4_msgs/include/px4_msgs/px4_msgs/msg/landing_target_pose.hpp\n'}
[1.333585] (px4_msgs) StdoutLine: {'line': b'-- Up-to-date: /home/mustardking/ws_sensor_combined/install/px4_msgs/include/px4_msgs/px4_msgs/msg/airspeed.hpp\n'}
[1.333610] (px4_msgs) StdoutLine: {'line': b'-- Up-to-date: /home/mustardking/ws_sensor_combined/install/px4_msgs/include/px4_msgs/px4_msgs/msg/manual_control_switches.hpp\n'}
[1.333632] (px4_msgs) StdoutLine: {'line': b'-- Up-to-date: /home/mustardking/ws_sensor_combined/install/px4_msgs/include/px4_msgs/px4_msgs/msg/estimator_status.hpp\n'}
[1.333655] (px4_msgs) StdoutLine: {'line': b'-- Up-to-date: /home/mustardking/ws_sensor_combined/install/px4_msgs/include/px4_msgs/px4_msgs/msg/power_button_state.hpp\n'}
[1.333677] (px4_msgs) StdoutLine: {'line': b'-- Up-to-date: /home/mustardking/ws_sensor_combined/install/px4_msgs/include/px4_msgs/px4_msgs/msg/gimbal_device_information.hpp\n'}
[1.333700] (px4_msgs) StdoutLine: {'line': b'-- Up-to-date: /home/mustardking/ws_sensor_combined/install/px4_msgs/include/px4_msgs/px4_msgs/msg/rosidl_generator_cpp__visibility_control.hpp\n'}
[1.333723] (px4_msgs) StdoutLine: {'line': b'-- Up-to-date: /home/mustardking/ws_sensor_combined/install/px4_msgs/include/px4_msgs/px4_msgs/msg/rover_speed_setpoint.hpp\n'}
[1.333746] (px4_msgs) StdoutLine: {'line': b'-- Up-to-date: /home/mustardking/ws_sensor_combined/install/px4_msgs/include/px4_msgs/px4_msgs/msg/power_monitor.hpp\n'}
[1.333768] (px4_msgs) StdoutLine: {'line': b'-- Up-to-date: /home/mustardking/ws_sensor_combined/install/px4_msgs/include/px4_msgs/px4_msgs/msg/vehicle_optical_flow_vel.hpp\n'}
[1.333790] (px4_msgs) StdoutLine: {'line': b'-- Up-to-date: /home/mustardking/ws_sensor_combined/install/px4_msgs/include/px4_msgs/px4_msgs/msg/battery_info.hpp\n'}
[1.333813] (px4_msgs) StdoutLine: {'line': b'-- Up-to-date: /home/mustardking/ws_sensor_combined/install/px4_msgs/include/px4_msgs/px4_msgs/msg/fuel_tank_status.hpp\n'}
[1.333837] (px4_msgs) StdoutLine: {'line': b'-- Up-to-date: /home/mustardking/ws_sensor_combined/install/px4_msgs/include/px4_msgs/px4_msgs/msg/register_ext_component_request.hpp\n'}
[1.333861] (px4_msgs) StdoutLine: {'line': b'-- Up-to-date: /home/mustardking/ws_sensor_combined/install/px4_msgs/include/px4_msgs/px4_msgs/msg/gimbal_device_set_attitude.hpp\n'}
[1.333883] (px4_msgs) StdoutLine: {'line': b'-- Up-to-date: /home/mustardking/ws_sensor_combined/install/px4_msgs/include/px4_msgs/px4_msgs/msg/rover_rate_setpoint.hpp\n'}
[1.333905] (px4_msgs) StdoutLine: {'line': b'-- Up-to-date: /home/mustardking/ws_sensor_combined/install/px4_msgs/include/px4_msgs/px4_msgs/msg/ekf2_timestamps.hpp\n'}
[1.333928] (px4_msgs) StdoutLine: {'line': b'-- Up-to-date: /home/mustardking/ws_sensor_combined/install/px4_msgs/include/px4_msgs/px4_msgs/msg/iridiumsbd_status.hpp\n'}
[1.333949] (px4_msgs) StdoutLine: {'line': b'-- Up-to-date: /home/mustardking/ws_sensor_combined/install/px4_msgs/include/px4_msgs/px4_msgs/msg/gpio_out.hpp\n'}
[1.333972] (px4_msgs) StdoutLine: {'line': b'-- Up-to-date: /home/mustardking/ws_sensor_combined/install/px4_msgs/include/px4_msgs/px4_msgs/msg/position_controller_status.hpp\n'}
[1.333994] (px4_msgs) StdoutLine: {'line': b'-- Up-to-date: /home/mustardking/ws_sensor_combined/install/px4_msgs/include/px4_msgs/px4_msgs/msg/fixed_wing_runway_control.hpp\n'}
[1.334018] (px4_msgs) StdoutLine: {'line': b'-- Up-to-date: /home/mustardking/ws_sensor_combined/install/px4_msgs/include/px4_msgs/px4_msgs/msg/fixed_wing_longitudinal_setpoint.hpp\n'}
[1.334041] (px4_msgs) StdoutLine: {'line': b'-- Up-to-date: /home/mustardking/ws_sensor_combined/install/px4_msgs/include/px4_msgs/px4_msgs/msg/ulog_stream.hpp\n'}
[1.334064] (px4_msgs) StdoutLine: {'line': b'-- Up-to-date: /home/mustardking/ws_sensor_combined/install/px4_msgs/include/px4_msgs/px4_msgs/msg/open_drone_id_arm_status.hpp\n'}
[1.334086] (px4_msgs) StdoutLine: {'line': b'-- Up-to-date: /home/mustardking/ws_sensor_combined/install/px4_msgs/include/px4_msgs/px4_msgs/msg/sensor_accel_fifo.hpp\n'}
[1.334108] (px4_msgs) StdoutLine: {'line': b'-- Up-to-date: /home/mustardking/ws_sensor_combined/install/px4_msgs/include/px4_msgs/px4_msgs/msg/vehicle_global_position.hpp\n'}
[1.334131] (px4_msgs) StdoutLine: {'line': b'-- Up-to-date: /home/mustardking/ws_sensor_combined/install/px4_msgs/include/px4_msgs/px4_msgs/msg/can_interface_status.hpp\n'}
[1.334153] (px4_msgs) StdoutLine: {'line': b'-- Up-to-date: /home/mustardking/ws_sensor_combined/install/px4_msgs/include/px4_msgs/px4_msgs/msg/debug_vect.hpp\n'}
[1.334174] (px4_msgs) StdoutLine: {'line': b'-- Up-to-date: /home/mustardking/ws_sensor_combined/install/px4_msgs/include/px4_msgs/px4_msgs/msg/px4io_status.hpp\n'}
[1.334213] (px4_msgs) StdoutLine: {'line': b'-- Up-to-date: /home/mustardking/ws_sensor_combined/install/px4_msgs/include/px4_msgs/px4_msgs/msg/obstacle_distance.hpp\n'}
[1.334324] (px4_msgs) StdoutLine: {'line': b'-- Up-to-date: /home/mustardking/ws_sensor_combined/install/px4_msgs/include/px4_msgs/px4_msgs/msg/sensor_gyro_fft.hpp\n'}
[1.334347] (px4_msgs) StdoutLine: {'line': b'-- Up-to-date: /home/mustardking/ws_sensor_combined/install/px4_msgs/include/px4_msgs/px4_msgs/msg/rover_rate_status.hpp\n'}
[1.334371] (px4_msgs) StdoutLine: {'line': b'-- Up-to-date: /home/mustardking/ws_sensor_combined/install/px4_msgs/include/px4_msgs/px4_msgs/msg/follow_target_status.hpp\n'}
[1.334393] (px4_msgs) StdoutLine: {'line': b'-- Up-to-date: /home/mustardking/ws_sensor_combined/install/px4_msgs/include/px4_msgs/px4_msgs/msg/estimator_status_flags.hpp\n'}
[1.334415] (px4_msgs) StdoutLine: {'line': b'-- Up-to-date: /home/mustardking/ws_sensor_combined/install/px4_msgs/include/px4_msgs/px4_msgs/msg/system_power.hpp\n'}
[1.334437] (px4_msgs) StdoutLine: {'line': b'-- Up-to-date: /home/mustardking/ws_sensor_combined/install/px4_msgs/include/px4_msgs/px4_msgs/msg/rtl_status.hpp\n'}
[1.334463] (px4_msgs) StdoutLine: {'line': b'-- Up-to-date: /home/mustardking/ws_sensor_combined/install/px4_msgs/include/px4_msgs/px4_msgs/msg/timesync_status.hpp\n'}
[1.334487] (px4_msgs) StdoutLine: {'line': b'-- Up-to-date: /home/mustardking/ws_sensor_combined/install/px4_msgs/include/px4_msgs/px4_msgs/msg/mode_completed.hpp\n'}
[1.334511] (px4_msgs) StdoutLine: {'line': b'-- Up-to-date: /home/mustardking/ws_sensor_combined/install/px4_msgs/include/px4_msgs/px4_msgs/msg/estimator_bias3d.hpp\n'}
[1.334533] (px4_msgs) StdoutLine: {'line': b'-- Up-to-date: /home/mustardking/ws_sensor_combined/install/px4_msgs/include/px4_msgs/px4_msgs/msg/led_control.hpp\n'}
[1.334555] (px4_msgs) StdoutLine: {'line': b'-- Up-to-date: /home/mustardking/ws_sensor_combined/install/px4_msgs/include/px4_msgs/px4_msgs/msg/qshell_retval.hpp\n'}
[1.334577] (px4_msgs) StdoutLine: {'line': b'-- Up-to-date: /home/mustardking/ws_sensor_combined/install/px4_msgs/include/px4_msgs/px4_msgs/msg/vehicle_imu_status.hpp\n'}
[1.334599] (px4_msgs) StdoutLine: {'line': b'-- Up-to-date: /home/mustardking/ws_sensor_combined/install/px4_msgs/include/px4_msgs/px4_msgs/msg/takeoff_status.hpp\n'}
[1.334621] (px4_msgs) StdoutLine: {'line': b'-- Up-to-date: /home/mustardking/ws_sensor_combined/install/px4_msgs/include/px4_msgs/px4_msgs/msg/sensor_gnss_relative.hpp\n'}
[1.334646] (px4_msgs) StdoutLine: {'line': b'-- Up-to-date: /home/mustardking/ws_sensor_combined/install/px4_msgs/include/px4_msgs/px4_msgs/msg/mission_result.hpp\n'}
[1.334669] (px4_msgs) StdoutLine: {'line': b'-- Up-to-date: /home/mustardking/ws_sensor_combined/install/px4_msgs/include/px4_msgs/px4_msgs/msg/mission.hpp\n'}
[1.334691] (px4_msgs) StdoutLine: {'line': b'-- Up-to-date: /home/mustardking/ws_sensor_combined/install/px4_msgs/include/px4_msgs/px4_msgs/msg/tecs_status.hpp\n'}
[1.334751] (px4_msgs) StdoutLine: {'line': b'-- Up-to-date: /home/mustardking/ws_sensor_combined/install/px4_msgs/include/px4_msgs/px4_msgs/msg/vehicle_constraints.hpp\n'}
[1.334817] (px4_msgs) StdoutLine: {'line': b'-- Up-to-date: /home/mustardking/ws_sensor_combined/install/px4_msgs/include/px4_msgs/px4_msgs/msg/health_report.hpp\n'}
[1.334840] (px4_msgs) StdoutLine: {'line': b'-- Up-to-date: /home/mustardking/ws_sensor_combined/install/px4_msgs/include/px4_msgs/px4_msgs/msg/sensors_status_imu.hpp\n'}
[1.334873] (px4_msgs) StdoutLine: {'line': b'-- Up-to-date: /home/mustardking/ws_sensor_combined/install/px4_msgs/include/px4_msgs/px4_msgs/msg/message_format_request.hpp\n'}
[1.334923] (px4_msgs) StdoutLine: {'line': b'-- Up-to-date: /home/mustardking/ws_sensor_combined/install/px4_msgs/include/px4_msgs/px4_msgs/msg/orb_test_medium.hpp\n'}
[1.334993] (px4_msgs) StdoutLine: {'line': b'-- Up-to-date: /home/mustardking/ws_sensor_combined/install/px4_msgs/include/px4_msgs/px4_msgs/msg/tiltrotor_extra_controls.hpp\n'}
[1.335016] (px4_msgs) StdoutLine: {'line': b'-- Up-to-date: /home/mustardking/ws_sensor_combined/install/px4_msgs/include/px4_msgs/px4_msgs/msg/actuator_armed.hpp\n'}
[1.335082] (px4_msgs) StdoutLine: {'line': b'-- Up-to-date: /home/mustardking/ws_sensor_combined/install/px4_msgs/include/px4_msgs/px4_msgs/msg/estimator_sensor_bias.hpp\n'}
[1.335109] (px4_msgs) StdoutLine: {'line': b'-- Up-to-date: /home/mustardking/ws_sensor_combined/install/px4_msgs/include/px4_msgs/px4_msgs/msg/vehicle_attitude_setpoint.hpp\n'}
[1.335132] (px4_msgs) StdoutLine: {'line': b'-- Up-to-date: /home/mustardking/ws_sensor_combined/install/px4_msgs/include/px4_msgs/px4_msgs/msg/debug_key_value.hpp\n'}
[1.335154] (px4_msgs) StdoutLine: {'line': b'-- Up-to-date: /home/mustardking/ws_sensor_combined/install/px4_msgs/include/px4_msgs/px4_msgs/msg/sensor_accel.hpp\n'}
[1.335175] (px4_msgs) StdoutLine: {'line': b'-- Up-to-date: /home/mustardking/ws_sensor_combined/install/px4_msgs/include/px4_msgs/px4_msgs/msg/actuator_servos.hpp\n'}
[1.335197] (px4_msgs) StdoutLine: {'line': b'-- Up-to-date: /home/mustardking/ws_sensor_combined/install/px4_msgs/include/px4_msgs/px4_msgs/msg/figure_eight_status.hpp\n'}
[1.335219] (px4_msgs) StdoutLine: {'line': b'-- Up-to-date: /home/mustardking/ws_sensor_combined/install/px4_msgs/include/px4_msgs/px4_msgs/msg/gpio_request.hpp\n'}
[1.335242] (px4_msgs) StdoutLine: {'line': b'-- Up-to-date: /home/mustardking/ws_sensor_combined/install/px4_msgs/include/px4_msgs/px4_msgs/msg/event.hpp\n'}
[1.335267] (px4_msgs) StdoutLine: {'line': b'-- Up-to-date: /home/mustardking/ws_sensor_combined/install/px4_msgs/include/px4_msgs/px4_msgs/msg/vehicle_magnetometer.hpp\n'}
[1.335289] (px4_msgs) StdoutLine: {'line': b'-- Up-to-date: /home/mustardking/ws_sensor_combined/install/px4_msgs/include/px4_msgs/px4_msgs/msg/mag_worker_data.hpp\n'}
[1.335311] (px4_msgs) StdoutLine: {'line': b'-- Up-to-date: /home/mustardking/ws_sensor_combined/install/px4_msgs/include/px4_msgs/px4_msgs/msg/airspeed_validated.hpp\n'}
[1.335333] (px4_msgs) StdoutLine: {'line': b'-- Up-to-date: /home/mustardking/ws_sensor_combined/install/px4_msgs/include/px4_msgs/px4_msgs/msg/gps_inject_data.hpp\n'}
[1.336014] (px4_msgs) StdoutLine: {'line': b'-- Up-to-date: /home/mustardking/ws_sensor_combined/install/px4_msgs/include/px4_msgs/px4_msgs/msg/yaw_estimator_status.hpp\n'}
[1.336076] (px4_msgs) StdoutLine: {'line': b'-- Up-to-date: /home/mustardking/ws_sensor_combined/install/px4_msgs/include/px4_msgs/px4_msgs/msg/follow_target_estimator.hpp\n'}
[1.336207] (px4_msgs) StdoutLine: {'line': b'-- Up-to-date: /home/mustardking/ws_sensor_combined/install/px4_msgs/include/px4_msgs/px4_msgs/msg/failure_detector_status.hpp\n'}
[1.336327] (px4_msgs) StdoutLine: {'line': b'-- Up-to-date: /home/mustardking/ws_sensor_combined/install/px4_msgs/include/px4_msgs/px4_msgs/msg/rover_speed_status.hpp\n'}
[1.337317] (px4_msgs) StdoutLine: {'line': b'-- Up-to-date: /home/mustardking/ws_sensor_combined/install/px4_msgs/include/px4_msgs/px4_msgs/msg/autotune_attitude_control_status.hpp\n'}
[1.337431] (px4_msgs) StdoutLine: {'line': b'-- Up-to-date: /home/mustardking/ws_sensor_combined/install/px4_msgs/include/px4_msgs/px4_msgs/msg/onboard_computer_status.hpp\n'}
[1.337521] (px4_msgs) StdoutLine: {'line': b'-- Up-to-date: /home/mustardking/ws_sensor_combined/install/px4_msgs/include/px4_msgs/px4_msgs/msg/parameter_reset_request.hpp\n'}
[1.337613] (px4_msgs) StdoutLine: {'line': b'-- Up-to-date: /home/mustardking/ws_sensor_combined/install/px4_msgs/include/px4_msgs/px4_msgs/msg/vehicle_thrust_setpoint.hpp\n'}
[1.337701] (px4_msgs) StdoutLine: {'line': b'-- Up-to-date: /home/mustardking/ws_sensor_combined/install/px4_msgs/include/px4_msgs/px4_msgs/msg/open_drone_id_operator_id.hpp\n'}
[1.337804] (px4_msgs) StdoutLine: {'line': b'-- Up-to-date: /home/mustardking/ws_sensor_combined/install/px4_msgs/include/px4_msgs/px4_msgs/msg/ping.hpp\n'}
[1.337878] (px4_msgs) StdoutLine: {'line': b'-- Up-to-date: /home/mustardking/ws_sensor_combined/install/px4_msgs/include/px4_msgs/px4_msgs/msg/debug_value.hpp\n'}
[1.337969] (px4_msgs) StdoutLine: {'line': b'-- Up-to-date: /home/mustardking/ws_sensor_combined/install/px4_msgs/include/px4_msgs/px4_msgs/msg/gps_dump.hpp\n'}
[1.338009] (px4_msgs) StdoutLine: {'line': b'-- Up-to-date: /home/mustardking/ws_sensor_combined/install/px4_msgs/include/px4_msgs/px4_msgs/msg/esc_status.hpp\n'}
[1.338066] (px4_msgs) StdoutLine: {'line': b'-- Up-to-date: /home/mustardking/ws_sensor_combined/install/px4_msgs/include/px4_msgs/px4_msgs/msg/collision_constraints.hpp\n'}
[1.338152] (px4_msgs) StdoutLine: {'line': b'-- Up-to-date: /home/mustardking/ws_sensor_combined/install/px4_msgs/include/px4_msgs/px4_msgs/msg/mavlink_tunnel.hpp\n'}
[1.338305] (px4_msgs) StdoutLine: {'line': b'-- Up-to-date: /home/mustardking/ws_sensor_combined/install/px4_msgs/include/px4_msgs/px4_msgs/msg/estimator_aid_source2d.hpp\n'}
[1.338400] (px4_msgs) StdoutLine: {'line': b'-- Up-to-date: /home/mustardking/ws_sensor_combined/install/px4_msgs/include/px4_msgs/px4_msgs/msg/vehicle_acceleration.hpp\n'}
[1.338484] (px4_msgs) StdoutLine: {'line': b'-- Up-to-date: /home/mustardking/ws_sensor_combined/install/px4_msgs/include/px4_msgs/px4_msgs/msg/internal_combustion_engine_control.hpp\n'}
[1.338564] (px4_msgs) StdoutLine: {'line': b'-- Up-to-date: /home/mustardking/ws_sensor_combined/install/px4_msgs/include/px4_msgs/px4_msgs/msg/rover_throttle_setpoint.hpp\n'}
[1.338656] (px4_msgs) StdoutLine: {'line': b'-- Up-to-date: /home/mustardking/ws_sensor_combined/install/px4_msgs/include/px4_msgs/px4_msgs/msg/unregister_ext_component.hpp\n'}
[1.338738] (px4_msgs) StdoutLine: {'line': b'-- Up-to-date: /home/mustardking/ws_sensor_combined/install/px4_msgs/include/px4_msgs/px4_msgs/msg/estimator_states.hpp\n'}
[1.338843] (px4_msgs) StdoutLine: {'line': b'-- Up-to-date: /home/mustardking/ws_sensor_combined/install/px4_msgs/include/px4_msgs/px4_msgs/msg/sensor_gps.hpp\n'}
[1.338915] (px4_msgs) StdoutLine: {'line': b'-- Up-to-date: /home/mustardking/ws_sensor_combined/install/px4_msgs/include/px4_msgs/px4_msgs/msg/pwm_input.hpp\n'}
[1.338995] (px4_msgs) StdoutLine: {'line': b'-- Up-to-date: /home/mustardking/ws_sensor_combined/install/px4_msgs/include/px4_msgs/px4_msgs/msg/pure_pursuit_status.hpp\n'}
[1.339043] (px4_msgs) StdoutLine: {'line': b'-- Up-to-date: /home/mustardking/ws_sensor_combined/install/px4_msgs/include/px4_msgs/px4_msgs/msg/vehicle_command.hpp\n'}
[1.339128] (px4_msgs) StdoutLine: {'line': b'-- Up-to-date: /home/mustardking/ws_sensor_combined/install/px4_msgs/include/px4_msgs/px4_msgs/msg/parameter_set_value_response.hpp\n'}
[1.339197] (px4_msgs) StdoutLine: {'line': b'-- Up-to-date: /home/mustardking/ws_sensor_combined/install/px4_msgs/include/px4_msgs/px4_msgs/msg/sensor_gnss_status.hpp\n'}
[1.339266] (px4_msgs) StdoutLine: {'line': b'-- Up-to-date: /home/mustardking/ws_sensor_combined/install/px4_msgs/include/px4_msgs/px4_msgs/msg/vehicle_odometry.hpp\n'}
[1.339354] (px4_msgs) StdoutLine: {'line': b'-- Up-to-date: /home/mustardking/ws_sensor_combined/install/px4_msgs/include/px4_msgs/px4_msgs/msg/debug_array.hpp\n'}
[1.339434] (px4_msgs) StdoutLine: {'line': b'-- Up-to-date: /home/mustardking/ws_sensor_combined/install/px4_msgs/include/px4_msgs/px4_msgs/msg/camera_trigger.hpp\n'}
[1.339502] (px4_msgs) StdoutLine: {'line': b'-- Up-to-date: /home/mustardking/ws_sensor_combined/install/px4_msgs/include/px4_msgs/px4_msgs/msg/register_ext_component_reply.hpp\n'}
[1.339569] (px4_msgs) StdoutLine: {'line': b'-- Up-to-date: /home/mustardking/ws_sensor_combined/install/px4_msgs/include/px4_msgs/px4_msgs/msg/detail\n'}
[1.339647] (px4_msgs) StdoutLine: {'line': b'-- Up-to-date: /home/mustardking/ws_sensor_combined/install/px4_msgs/include/px4_msgs/px4_msgs/msg/detail/sensor_mag__struct.hpp\n'}
[1.339736] (px4_msgs) StdoutLine: {'line': b'-- Up-to-date: /home/mustardking/ws_sensor_combined/install/px4_msgs/include/px4_msgs/px4_msgs/msg/detail/launch_detection_status__traits.hpp\n'}
[1.339820] (px4_msgs) StdoutLine: {'line': b'-- Up-to-date: /home/mustardking/ws_sensor_combined/install/px4_msgs/include/px4_msgs/px4_msgs/msg/detail/gimbal_device_attitude_status__struct.hpp\n'}
[1.339901] (px4_msgs) StdoutLine: {'line': b'-- Up-to-date: /home/mustardking/ws_sensor_combined/install/px4_msgs/include/px4_msgs/px4_msgs/msg/detail/uavcan_parameter_value__traits.hpp\n'}
[1.339970] (px4_msgs) StdoutLine: {'line': b'-- Up-to-date: /home/mustardking/ws_sensor_combined/install/px4_msgs/include/px4_msgs/px4_msgs/msg/detail/gimbal_controls__traits.hpp\n'}
[1.340081] (px4_msgs) StdoutLine: {'line': b'-- Up-to-date: /home/mustardking/ws_sensor_combined/install/px4_msgs/include/px4_msgs/px4_msgs/msg/detail/arming_check_reply__type_support.hpp\n'}
[1.340139] (px4_msgs) StdoutLine: {'line': b'-- Up-to-date: /home/mustardking/ws_sensor_combined/install/px4_msgs/include/px4_msgs/px4_msgs/msg/detail/input_rc__type_support.hpp\n'}
[1.340875] (px4_msgs) StdoutLine: {'line': b'-- Up-to-date: /home/mustardking/ws_sensor_combined/install/px4_msgs/include/px4_msgs/px4_msgs/msg/detail/vehicle_global_position__struct.hpp\n'}
[1.340972] (px4_msgs) StdoutLine: {'line': b'-- Up-to-date: /home/mustardking/ws_sensor_combined/install/px4_msgs/include/px4_msgs/px4_msgs/msg/detail/position_setpoint_triplet__struct.hpp\n'}
[1.341043] (px4_msgs) StdoutLine: {'line': b'-- Up-to-date: /home/mustardking/ws_sensor_combined/install/px4_msgs/include/px4_msgs/px4_msgs/msg/detail/task_stack_info__struct.hpp\n'}
[1.341109] (px4_msgs) StdoutLine: {'line': b'-- Up-to-date: /home/mustardking/ws_sensor_combined/install/px4_msgs/include/px4_msgs/px4_msgs/msg/detail/event__builder.hpp\n'}
[1.341193] (px4_msgs) StdoutLine: {'line': b'-- Up-to-date: /home/mustardking/ws_sensor_combined/install/px4_msgs/include/px4_msgs/px4_msgs/msg/detail/qshell_retval__type_support.hpp\n'}
[1.341260] (px4_msgs) StdoutLine: {'line': b'-- Up-to-date: /home/mustardking/ws_sensor_combined/install/px4_msgs/include/px4_msgs/px4_msgs/msg/detail/rover_rate_status__struct.hpp\n'}
[1.341352] (px4_msgs) StdoutLine: {'line': b'-- Up-to-date: /home/mustardking/ws_sensor_combined/install/px4_msgs/include/px4_msgs/px4_msgs/msg/detail/failsafe_flags__struct.hpp\n'}
[1.341437] (px4_msgs) StdoutLine: {'line': b'-- Up-to-date: /home/mustardking/ws_sensor_combined/install/px4_msgs/include/px4_msgs/px4_msgs/msg/detail/transponder_report__struct.hpp\n'}
[1.341527] (px4_msgs) StdoutLine: {'line': b'-- Up-to-date: /home/mustardking/ws_sensor_combined/install/px4_msgs/include/px4_msgs/px4_msgs/msg/detail/wind__type_support.hpp\n'}
[1.341588] (px4_msgs) StdoutLine: {'line': b'-- Up-to-date: /home/mustardking/ws_sensor_combined/install/px4_msgs/include/px4_msgs/px4_msgs/msg/detail/sensor_combined__builder.hpp\n'}
[1.341670] (px4_msgs) StdoutLine: {'line': b'-- Up-to-date: /home/mustardking/ws_sensor_combined/install/px4_msgs/include/px4_msgs/px4_msgs/msg/detail/magnetometer_bias_estimate__builder.hpp\n'}
[1.341743] (px4_msgs) StdoutLine: {'line': b'-- Up-to-date: /home/mustardking/ws_sensor_combined/install/px4_msgs/include/px4_msgs/px4_msgs/msg/detail/position_setpoint_triplet__builder.hpp\n'}
[1.341845] (px4_msgs) StdoutLine: {'line': b'-- Up-to-date: /home/mustardking/ws_sensor_combined/install/px4_msgs/include/px4_msgs/px4_msgs/msg/detail/vehicle_odometry__struct.hpp\n'}
[1.341926] (px4_msgs) StdoutLine: {'line': b'-- Up-to-date: /home/mustardking/ws_sensor_combined/install/px4_msgs/include/px4_msgs/px4_msgs/msg/detail/takeoff_status__type_support.hpp\n'}
[1.341995] (px4_msgs) StdoutLine: {'line': b'-- Up-to-date: /home/mustardking/ws_sensor_combined/install/px4_msgs/include/px4_msgs/px4_msgs/msg/detail/estimator_aid_source1d__type_support.hpp\n'}
[1.342065] (px4_msgs) StdoutLine: {'line': b'-- Up-to-date: /home/mustardking/ws_sensor_combined/install/px4_msgs/include/px4_msgs/px4_msgs/msg/detail/parameter_set_used_request__traits.hpp\n'}
[1.342154] (px4_msgs) StdoutLine: {'line': b'-- Up-to-date: /home/mustardking/ws_sensor_combined/install/px4_msgs/include/px4_msgs/px4_msgs/msg/detail/internal_combustion_engine_status__type_support.hpp\n'}
[1.343171] (px4_msgs) StdoutLine: {'line': b'-- Up-to-date: /home/mustardking/ws_sensor_combined/install/px4_msgs/include/px4_msgs/px4_msgs/msg/detail/mount_orientation__type_support.hpp\n'}
[1.343308] (px4_msgs) StdoutLine: {'line': b'-- Up-to-date: /home/mustardking/ws_sensor_combined/install/px4_msgs/include/px4_msgs/px4_msgs/msg/detail/parameter_set_value_request__type_support.hpp\n'}
[1.343364] (px4_msgs) StdoutLine: {'line': b'-- Up-to-date: /home/mustardking/ws_sensor_combined/install/px4_msgs/include/px4_msgs/px4_msgs/msg/detail/rover_attitude_status__builder.hpp\n'}
[1.343392] (px4_msgs) StdoutLine: {'line': b'-- Up-to-date: /home/mustardking/ws_sensor_combined/install/px4_msgs/include/px4_msgs/px4_msgs/msg/detail/esc_report__builder.hpp\n'}
[1.343416] (px4_msgs) StdoutLine: {'line': b'-- Up-to-date: /home/mustardking/ws_sensor_combined/install/px4_msgs/include/px4_msgs/px4_msgs/msg/detail/vehicle_angular_velocity__traits.hpp\n'}
[1.343440] (px4_msgs) StdoutLine: {'line': b'-- Up-to-date: /home/mustardking/ws_sensor_combined/install/px4_msgs/include/px4_msgs/px4_msgs/msg/detail/actuator_servos__type_support.hpp\n'}
[1.343463] (px4_msgs) StdoutLine: {'line': b'-- Up-to-date: /home/mustardking/ws_sensor_combined/install/px4_msgs/include/px4_msgs/px4_msgs/msg/detail/manual_control_setpoint__struct.hpp\n'}
[1.343487] (px4_msgs) StdoutLine: {'line': b'-- Up-to-date: /home/mustardking/ws_sensor_combined/install/px4_msgs/include/px4_msgs/px4_msgs/msg/detail/vehicle_attitude_setpoint__builder.hpp\n'}
[1.343511] (px4_msgs) StdoutLine: {'line': b'-- Up-to-date: /home/mustardking/ws_sensor_combined/install/px4_msgs/include/px4_msgs/px4_msgs/msg/detail/uavcan_parameter_value__type_support.hpp\n'}
[1.343537] (px4_msgs) StdoutLine: {'line': b'-- Up-to-date: /home/mustardking/ws_sensor_combined/install/px4_msgs/include/px4_msgs/px4_msgs/msg/detail/actuator_motors__struct.hpp\n'}
[1.343574] (px4_msgs) StdoutLine: {'line': b'-- Up-to-date: /home/mustardking/ws_sensor_combined/install/px4_msgs/include/px4_msgs/px4_msgs/msg/detail/sensor_gnss_status__struct.hpp\n'}
[1.343602] (px4_msgs) StdoutLine: {'line': b'-- Up-to-date: /home/mustardking/ws_sensor_combined/install/px4_msgs/include/px4_msgs/px4_msgs/msg/detail/estimator_aid_source2d__traits.hpp\n'}
[1.343625] (px4_msgs) StdoutLine: {'line': b'-- Up-to-date: /home/mustardking/ws_sensor_combined/install/px4_msgs/include/px4_msgs/px4_msgs/msg/detail/actuator_controls_status__builder.hpp\n'}
[1.343648] (px4_msgs) StdoutLine: {'line': b'-- Up-to-date: /home/mustardking/ws_sensor_combined/install/px4_msgs/include/px4_msgs/px4_msgs/msg/detail/onboard_computer_status__type_support.hpp\n'}
[1.343671] (px4_msgs) StdoutLine: {'line': b'-- Up-to-date: /home/mustardking/ws_sensor_combined/install/px4_msgs/include/px4_msgs/px4_msgs/msg/detail/sensor_baro__struct.hpp\n'}
[1.343707] (px4_msgs) StdoutLine: {'line': b'-- Up-to-date: /home/mustardking/ws_sensor_combined/install/px4_msgs/include/px4_msgs/px4_msgs/msg/detail/sensor_accel__type_support.hpp\n'}
[1.343732] (px4_msgs) StdoutLine: {'line': b'-- Up-to-date: /home/mustardking/ws_sensor_combined/install/px4_msgs/include/px4_msgs/px4_msgs/msg/detail/airspeed__builder.hpp\n'}
[1.343755] (px4_msgs) StdoutLine: {'line': b'-- Up-to-date: /home/mustardking/ws_sensor_combined/install/px4_msgs/include/px4_msgs/px4_msgs/msg/detail/estimator_aid_source3d__type_support.hpp\n'}
[1.343778] (px4_msgs) StdoutLine: {'line': b'-- Up-to-date: /home/mustardking/ws_sensor_combined/install/px4_msgs/include/px4_msgs/px4_msgs/msg/detail/internal_combustion_engine_control__builder.hpp\n'}
[1.343802] (px4_msgs) StdoutLine: {'line': b'-- Up-to-date: /home/mustardking/ws_sensor_combined/install/px4_msgs/include/px4_msgs/px4_msgs/msg/detail/yaw_estimator_status__type_support.hpp\n'}
[1.343824] (px4_msgs) StdoutLine: {'line': b'-- Up-to-date: /home/mustardking/ws_sensor_combined/install/px4_msgs/include/px4_msgs/px4_msgs/msg/detail/dataman_request__traits.hpp\n'}
[1.343847] (px4_msgs) StdoutLine: {'line': b'-- Up-to-date: /home/mustardking/ws_sensor_combined/install/px4_msgs/include/px4_msgs/px4_msgs/msg/detail/battery_status__builder.hpp\n'}
[1.343869] (px4_msgs) StdoutLine: {'line': b'-- Up-to-date: /home/mustardking/ws_sensor_combined/install/px4_msgs/include/px4_msgs/px4_msgs/msg/detail/vehicle_local_position_setpoint__builder.hpp\n'}
[1.343892] (px4_msgs) StdoutLine: {'line': b'-- Up-to-date: /home/mustardking/ws_sensor_combined/install/px4_msgs/include/px4_msgs/px4_msgs/msg/detail/register_ext_component_reply__struct.hpp\n'}
[1.343914] (px4_msgs) StdoutLine: {'line': b'-- Up-to-date: /home/mustardking/ws_sensor_combined/install/px4_msgs/include/px4_msgs/px4_msgs/msg/detail/landing_gear_wheel__builder.hpp\n'}
[1.343938] (px4_msgs) StdoutLine: {'line': b'-- Up-to-date: /home/mustardking/ws_sensor_combined/install/px4_msgs/include/px4_msgs/px4_msgs/msg/detail/sensors_status_imu__traits.hpp\n'}
[1.343969] (px4_msgs) StdoutLine: {'line': b'-- Up-to-date: /home/mustardking/ws_sensor_combined/install/px4_msgs/include/px4_msgs/px4_msgs/msg/detail/power_button_state__traits.hpp\n'}
[1.344620] (px4_msgs) StdoutLine: {'line': b'-- Up-to-date: /home/mustardking/ws_sensor_combined/install/px4_msgs/include/px4_msgs/px4_msgs/msg/detail/trajectory_setpoint__traits.hpp\n'}
[1.344656] (px4_msgs) StdoutLine: {'line': b'-- Up-to-date: /home/mustardking/ws_sensor_combined/install/px4_msgs/include/px4_msgs/px4_msgs/msg/detail/wind__builder.hpp\n'}
[1.344679] (px4_msgs) StdoutLine: {'line': b'-- Up-to-date: /home/mustardking/ws_sensor_combined/install/px4_msgs/include/px4_msgs/px4_msgs/msg/detail/mission__type_support.hpp\n'}
[1.344702] (px4_msgs) StdoutLine: {'line': b'-- Up-to-date: /home/mustardking/ws_sensor_combined/install/px4_msgs/include/px4_msgs/px4_msgs/msg/detail/register_ext_component_request__traits.hpp\n'}
[1.344741] (px4_msgs) StdoutLine: {'line': b'-- Up-to-date: /home/mustardking/ws_sensor_combined/install/px4_msgs/include/px4_msgs/px4_msgs/msg/detail/mission__traits.hpp\n'}
[1.344765] (px4_msgs) StdoutLine: {'line': b'-- Up-to-date: /home/mustardking/ws_sensor_combined/install/px4_msgs/include/px4_msgs/px4_msgs/msg/detail/orb_test__struct.hpp\n'}
[1.344787] (px4_msgs) StdoutLine: {'line': b'-- Up-to-date: /home/mustardking/ws_sensor_combined/install/px4_msgs/include/px4_msgs/px4_msgs/msg/detail/debug_value__builder.hpp\n'}
[1.344810] (px4_msgs) StdoutLine: {'line': b'-- Up-to-date: /home/mustardking/ws_sensor_combined/install/px4_msgs/include/px4_msgs/px4_msgs/msg/detail/vehicle_imu__struct.hpp\n'}
[1.344833] (px4_msgs) StdoutLine: {'line': b'-- Up-to-date: /home/mustardking/ws_sensor_combined/install/px4_msgs/include/px4_msgs/px4_msgs/msg/detail/home_position__builder.hpp\n'}
[1.344855] (px4_msgs) StdoutLine: {'line': b'-- Up-to-date: /home/mustardking/ws_sensor_combined/install/px4_msgs/include/px4_msgs/px4_msgs/msg/detail/follow_target_status__builder.hpp\n'}
[1.344877] (px4_msgs) StdoutLine: {'line': b'-- Up-to-date: /home/mustardking/ws_sensor_combined/install/px4_msgs/include/px4_msgs/px4_msgs/msg/detail/ulog_stream_ack__traits.hpp\n'}
[1.344900] (px4_msgs) StdoutLine: {'line': b'-- Up-to-date: /home/mustardking/ws_sensor_combined/install/px4_msgs/include/px4_msgs/px4_msgs/msg/detail/led_control__builder.hpp\n'}
[1.344924] (px4_msgs) StdoutLine: {'line': b'-- Up-to-date: /home/mustardking/ws_sensor_combined/install/px4_msgs/include/px4_msgs/px4_msgs/msg/detail/estimator_innovations__struct.hpp\n'}
[1.344951] (px4_msgs) StdoutLine: {'line': b'-- Up-to-date: /home/mustardking/ws_sensor_combined/install/px4_msgs/include/px4_msgs/px4_msgs/msg/detail/gimbal_device_attitude_status__builder.hpp\n'}
[1.344974] (px4_msgs) StdoutLine: {'line': b'-- Up-to-date: /home/mustardking/ws_sensor_combined/install/px4_msgs/include/px4_msgs/px4_msgs/msg/detail/debug_key_value__type_support.hpp\n'}
[1.344996] (px4_msgs) StdoutLine: {'line': b'-- Up-to-date: /home/mustardking/ws_sensor_combined/install/px4_msgs/include/px4_msgs/px4_msgs/msg/detail/figure_eight_status__traits.hpp\n'}
[1.345019] (px4_msgs) StdoutLine: {'line': b'-- Up-to-date: /home/mustardking/ws_sensor_combined/install/px4_msgs/include/px4_msgs/px4_msgs/msg/detail/gpio_request__type_support.hpp\n'}
[1.345041] (px4_msgs) StdoutLine: {'line': b'-- Up-to-date: /home/mustardking/ws_sensor_combined/install/px4_msgs/include/px4_msgs/px4_msgs/msg/detail/offboard_control_mode__builder.hpp\n'}
[1.345064] (px4_msgs) StdoutLine: {'line': b'-- Up-to-date: /home/mustardking/ws_sensor_combined/install/px4_msgs/include/px4_msgs/px4_msgs/msg/detail/sensor_correction__type_support.hpp\n'}
[1.345110] (px4_msgs) StdoutLine: {'line': b'-- Up-to-date: /home/mustardking/ws_sensor_combined/install/px4_msgs/include/px4_msgs/px4_msgs/msg/detail/gimbal_manager_status__struct.hpp\n'}
[1.345134] (px4_msgs) StdoutLine: {'line': b'-- Up-to-date: /home/mustardking/ws_sensor_combined/install/px4_msgs/include/px4_msgs/px4_msgs/msg/detail/vehicle_odometry__traits.hpp\n'}
[1.345156] (px4_msgs) StdoutLine: {'line': b'-- Up-to-date: /home/mustardking/ws_sensor_combined/install/px4_msgs/include/px4_msgs/px4_msgs/msg/detail/differential_pressure__type_support.hpp\n'}
[1.345179] (px4_msgs) StdoutLine: {'line': b'-- Up-to-date: /home/mustardking/ws_sensor_combined/install/px4_msgs/include/px4_msgs/px4_msgs/msg/detail/tune_control__traits.hpp\n'}
[1.345201] (px4_msgs) StdoutLine: {'line': b'-- Up-to-date: /home/mustardking/ws_sensor_combined/install/px4_msgs/include/px4_msgs/px4_msgs/msg/detail/ping__type_support.hpp\n'}
[1.345224] (px4_msgs) StdoutLine: {'line': b'-- Up-to-date: /home/mustardking/ws_sensor_combined/install/px4_msgs/include/px4_msgs/px4_msgs/msg/detail/fixed_wing_longitudinal_setpoint__traits.hpp\n'}
[1.345247] (px4_msgs) StdoutLine: {'line': b'-- Up-to-date: /home/mustardking/ws_sensor_combined/install/px4_msgs/include/px4_msgs/px4_msgs/msg/detail/rover_attitude_status__struct.hpp\n'}
[1.345271] (px4_msgs) StdoutLine: {'line': b'-- Up-to-date: /home/mustardking/ws_sensor_combined/install/px4_msgs/include/px4_msgs/px4_msgs/msg/detail/goto_setpoint__traits.hpp\n'}
[1.345293] (px4_msgs) StdoutLine: {'line': b'-- Up-to-date: /home/mustardking/ws_sensor_combined/install/px4_msgs/include/px4_msgs/px4_msgs/msg/detail/pps_capture__traits.hpp\n'}
[1.345315] (px4_msgs) StdoutLine: {'line': b'-- Up-to-date: /home/mustardking/ws_sensor_combined/install/px4_msgs/include/px4_msgs/px4_msgs/msg/detail/gimbal_device_set_attitude__builder.hpp\n'}
[1.345337] (px4_msgs) StdoutLine: {'line': b'-- Up-to-date: /home/mustardking/ws_sensor_combined/install/px4_msgs/include/px4_msgs/px4_msgs/msg/detail/sensor_selection__type_support.hpp\n'}
[1.345360] (px4_msgs) StdoutLine: {'line': b'-- Up-to-date: /home/mustardking/ws_sensor_combined/install/px4_msgs/include/px4_msgs/px4_msgs/msg/detail/orbit_status__builder.hpp\n'}
[1.345382] (px4_msgs) StdoutLine: {'line': b'-- Up-to-date: /home/mustardking/ws_sensor_combined/install/px4_msgs/include/px4_msgs/px4_msgs/msg/detail/gripper__type_support.hpp\n'}
[1.345405] (px4_msgs) StdoutLine: {'line': b'-- Up-to-date: /home/mustardking/ws_sensor_combined/install/px4_msgs/include/px4_msgs/px4_msgs/msg/detail/parameter_reset_request__builder.hpp\n'}
[1.345427] (px4_msgs) StdoutLine: {'line': b'-- Up-to-date: /home/mustardking/ws_sensor_combined/install/px4_msgs/include/px4_msgs/px4_msgs/msg/detail/landing_target_innovations__builder.hpp\n'}
[1.345449] (px4_msgs) StdoutLine: {'line': b'-- Up-to-date: /home/mustardking/ws_sensor_combined/install/px4_msgs/include/px4_msgs/px4_msgs/msg/detail/tiltrotor_extra_controls__type_support.hpp\n'}
[1.345471] (px4_msgs) StdoutLine: {'line': b'-- Up-to-date: /home/mustardking/ws_sensor_combined/install/px4_msgs/include/px4_msgs/px4_msgs/msg/detail/arming_check_request__struct.hpp\n'}
[1.345493] (px4_msgs) StdoutLine: {'line': b'-- Up-to-date: /home/mustardking/ws_sensor_combined/install/px4_msgs/include/px4_msgs/px4_msgs/msg/detail/debug_value__traits.hpp\n'}
[1.345515] (px4_msgs) StdoutLine: {'line': b'-- Up-to-date: /home/mustardking/ws_sensor_combined/install/px4_msgs/include/px4_msgs/px4_msgs/msg/detail/ulog_stream__builder.hpp\n'}
[1.345537] (px4_msgs) StdoutLine: {'line': b'-- Up-to-date: /home/mustardking/ws_sensor_combined/install/px4_msgs/include/px4_msgs/px4_msgs/msg/detail/trajectory_setpoint6dof__struct.hpp\n'}
[1.345559] (px4_msgs) StdoutLine: {'line': b'-- Up-to-date: /home/mustardking/ws_sensor_combined/install/px4_msgs/include/px4_msgs/px4_msgs/msg/detail/actuator_servos__struct.hpp\n'}
[1.345590] (px4_msgs) StdoutLine: {'line': b'-- Up-to-date: /home/mustardking/ws_sensor_combined/install/px4_msgs/include/px4_msgs/px4_msgs/msg/detail/vehicle_roi__type_support.hpp\n'}
[1.345617] (px4_msgs) StdoutLine: {'line': b'-- Up-to-date: /home/mustardking/ws_sensor_combined/install/px4_msgs/include/px4_msgs/px4_msgs/msg/detail/position_setpoint__type_support.hpp\n'}
[1.345640] (px4_msgs) StdoutLine: {'line': b'-- Up-to-date: /home/mustardking/ws_sensor_combined/install/px4_msgs/include/px4_msgs/px4_msgs/msg/detail/vehicle_global_position__type_support.hpp\n'}
[1.345666] (px4_msgs) StdoutLine: {'line': b'-- Up-to-date: /home/mustardking/ws_sensor_combined/install/px4_msgs/include/px4_msgs/px4_msgs/msg/detail/mission_result__struct.hpp\n'}
[1.345688] (px4_msgs) StdoutLine: {'line': b'-- Up-to-date: /home/mustardking/ws_sensor_combined/install/px4_msgs/include/px4_msgs/px4_msgs/msg/detail/gimbal_manager_set_attitude__type_support.hpp\n'}
[1.345710] (px4_msgs) StdoutLine: {'line': b'-- Up-to-date: /home/mustardking/ws_sensor_combined/install/px4_msgs/include/px4_msgs/px4_msgs/msg/detail/manual_control_switches__traits.hpp\n'}
[1.345732] (px4_msgs) StdoutLine: {'line': b'-- Up-to-date: /home/mustardking/ws_sensor_combined/install/px4_msgs/include/px4_msgs/px4_msgs/msg/detail/rover_attitude_setpoint__builder.hpp\n'}
[1.345756] (px4_msgs) StdoutLine: {'line': b'-- Up-to-date: /home/mustardking/ws_sensor_combined/install/px4_msgs/include/px4_msgs/px4_msgs/msg/detail/trajectory_setpoint6dof__type_support.hpp\n'}
[1.345779] (px4_msgs) StdoutLine: {'line': b'-- Up-to-date: /home/mustardking/ws_sensor_combined/install/px4_msgs/include/px4_msgs/px4_msgs/msg/detail/arming_check_reply__builder.hpp\n'}
[1.345801] (px4_msgs) StdoutLine: {'line': b'-- Up-to-date: /home/mustardking/ws_sensor_combined/install/px4_msgs/include/px4_msgs/px4_msgs/msg/detail/camera_capture__type_support.hpp\n'}
[1.345823] (px4_msgs) StdoutLine: {'line': b'-- Up-to-date: /home/mustardking/ws_sensor_combined/install/px4_msgs/include/px4_msgs/px4_msgs/msg/detail/gripper__struct.hpp\n'}
[1.345846] (px4_msgs) StdoutLine: {'line': b'-- Up-to-date: /home/mustardking/ws_sensor_combined/install/px4_msgs/include/px4_msgs/px4_msgs/msg/detail/rover_position_setpoint__builder.hpp\n'}
[1.345868] (px4_msgs) StdoutLine: {'line': b'-- Up-to-date: /home/mustardking/ws_sensor_combined/install/px4_msgs/include/px4_msgs/px4_msgs/msg/detail/parameter_reset_request__type_support.hpp\n'}
[1.345890] (px4_msgs) StdoutLine: {'line': b'-- Up-to-date: /home/mustardking/ws_sensor_combined/install/px4_msgs/include/px4_msgs/px4_msgs/msg/detail/fixed_wing_lateral_status__traits.hpp\n'}
[1.345913] (px4_msgs) StdoutLine: {'line': b'-- Up-to-date: /home/mustardking/ws_sensor_combined/install/px4_msgs/include/px4_msgs/px4_msgs/msg/detail/neural_control__type_support.hpp\n'}
[1.345935] (px4_msgs) StdoutLine: {'line': b'-- Up-to-date: /home/mustardking/ws_sensor_combined/install/px4_msgs/include/px4_msgs/px4_msgs/msg/detail/takeoff_status__struct.hpp\n'}
[1.345978] (px4_msgs) StdoutLine: {'line': b'-- Up-to-date: /home/mustardking/ws_sensor_combined/install/px4_msgs/include/px4_msgs/px4_msgs/msg/detail/orb_test_large__builder.hpp\n'}
[1.346001] (px4_msgs) StdoutLine: {'line': b'-- Up-to-date: /home/mustardking/ws_sensor_combined/install/px4_msgs/include/px4_msgs/px4_msgs/msg/detail/estimator_gps_status__struct.hpp\n'}
[1.346023] (px4_msgs) StdoutLine: {'line': b'-- Up-to-date: /home/mustardking/ws_sensor_combined/install/px4_msgs/include/px4_msgs/px4_msgs/msg/detail/vehicle_local_position_setpoint__struct.hpp\n'}
[1.346045] (px4_msgs) StdoutLine: {'line': b'-- Up-to-date: /home/mustardking/ws_sensor_combined/install/px4_msgs/include/px4_msgs/px4_msgs/msg/detail/rc_channels__traits.hpp\n'}
[1.346068] (px4_msgs) StdoutLine: {'line': b'-- Up-to-date: /home/mustardking/ws_sensor_combined/install/px4_msgs/include/px4_msgs/px4_msgs/msg/detail/rover_position_setpoint__type_support.hpp\n'}
[1.346688] (px4_msgs) StdoutLine: {'line': b'-- Up-to-date: /home/mustardking/ws_sensor_combined/install/px4_msgs/include/px4_msgs/px4_msgs/msg/detail/fixed_wing_lateral_status__struct.hpp\n'}
[1.346715] (px4_msgs) StdoutLine: {'line': b'-- Up-to-date: /home/mustardking/ws_sensor_combined/install/px4_msgs/include/px4_msgs/px4_msgs/msg/detail/rc_parameter_map__struct.hpp\n'}
[1.346738] (px4_msgs) StdoutLine: {'line': b'-- Up-to-date: /home/mustardking/ws_sensor_combined/install/px4_msgs/include/px4_msgs/px4_msgs/msg/detail/estimator_event_flags__traits.hpp\n'}
[1.346761] (px4_msgs) StdoutLine: {'line': b'-- Up-to-date: /home/mustardking/ws_sensor_combined/install/px4_msgs/include/px4_msgs/px4_msgs/msg/detail/position_controller_status__traits.hpp\n'}
[1.346783] (px4_msgs) StdoutLine: {'line': b'-- Up-to-date: /home/mustardking/ws_sensor_combined/install/px4_msgs/include/px4_msgs/px4_msgs/msg/detail/differential_pressure__builder.hpp\n'}
[1.346805] (px4_msgs) StdoutLine: {'line': b'-- Up-to-date: /home/mustardking/ws_sensor_combined/install/px4_msgs/include/px4_msgs/px4_msgs/msg/detail/estimator_sensor_bias__traits.hpp\n'}
[1.346827] (px4_msgs) StdoutLine: {'line': b'-- Up-to-date: /home/mustardking/ws_sensor_combined/install/px4_msgs/include/px4_msgs/px4_msgs/msg/detail/open_drone_id_operator_id__traits.hpp\n'}
[1.346853] (px4_msgs) StdoutLine: {'line': b'-- Up-to-date: /home/mustardking/ws_sensor_combined/install/px4_msgs/include/px4_msgs/px4_msgs/msg/detail/vehicle_command__builder.hpp\n'}
[1.346877] (px4_msgs) StdoutLine: {'line': b'-- Up-to-date: /home/mustardking/ws_sensor_combined/install/px4_msgs/include/px4_msgs/px4_msgs/msg/detail/mode_completed__type_support.hpp\n'}
[1.346899] (px4_msgs) StdoutLine: {'line': b'-- Up-to-date: /home/mustardking/ws_sensor_combined/install/px4_msgs/include/px4_msgs/px4_msgs/msg/detail/rover_throttle_setpoint__builder.hpp\n'}
[1.346921] (px4_msgs) StdoutLine: {'line': b'-- Up-to-date: /home/mustardking/ws_sensor_combined/install/px4_msgs/include/px4_msgs/px4_msgs/msg/detail/position_setpoint__builder.hpp\n'}
[1.346948] (px4_msgs) StdoutLine: {'line': b'-- Up-to-date: /home/mustardking/ws_sensor_combined/install/px4_msgs/include/px4_msgs/px4_msgs/msg/detail/iridiumsbd_status__struct.hpp\n'}
[1.346970] (px4_msgs) StdoutLine: {'line': b'-- Up-to-date: /home/mustardking/ws_sensor_combined/install/px4_msgs/include/px4_msgs/px4_msgs/msg/detail/battery_info__traits.hpp\n'}
[1.346993] (px4_msgs) StdoutLine: {'line': b'-- Up-to-date: /home/mustardking/ws_sensor_combined/install/px4_msgs/include/px4_msgs/px4_msgs/msg/detail/home_position__struct.hpp\n'}
[1.347015] (px4_msgs) StdoutLine: {'line': b'-- Up-to-date: /home/mustardking/ws_sensor_combined/install/px4_msgs/include/px4_msgs/px4_msgs/msg/detail/sensor_gyro_fifo__struct.hpp\n'}
[1.347037] (px4_msgs) StdoutLine: {'line': b'-- Up-to-date: /home/mustardking/ws_sensor_combined/install/px4_msgs/include/px4_msgs/px4_msgs/msg/detail/velocity_limits__struct.hpp\n'}
[1.347059] (px4_msgs) StdoutLine: {'line': b'-- Up-to-date: /home/mustardking/ws_sensor_combined/install/px4_msgs/include/px4_msgs/px4_msgs/msg/detail/satellite_info__traits.hpp\n'}
[1.347081] (px4_msgs) StdoutLine: {'line': b'-- Up-to-date: /home/mustardking/ws_sensor_combined/install/px4_msgs/include/px4_msgs/px4_msgs/msg/detail/debug_array__traits.hpp\n'}
[1.347104] (px4_msgs) StdoutLine: {'line': b'-- Up-to-date: /home/mustardking/ws_sensor_combined/install/px4_msgs/include/px4_msgs/px4_msgs/msg/detail/vehicle_control_mode__traits.hpp\n'}
[1.347126] (px4_msgs) StdoutLine: {'line': b'-- Up-to-date: /home/mustardking/ws_sensor_combined/install/px4_msgs/include/px4_msgs/px4_msgs/msg/detail/health_report__type_support.hpp\n'}
[1.347149] (px4_msgs) StdoutLine: {'line': b'-- Up-to-date: /home/mustardking/ws_sensor_combined/install/px4_msgs/include/px4_msgs/px4_msgs/msg/detail/radio_status__builder.hpp\n'}
[1.347171] (px4_msgs) StdoutLine: {'line': b'-- Up-to-date: /home/mustardking/ws_sensor_combined/install/px4_msgs/include/px4_msgs/px4_msgs/msg/detail/flight_phase_estimation__struct.hpp\n'}
[1.347193] (px4_msgs) StdoutLine: {'line': b'-- Up-to-date: /home/mustardking/ws_sensor_combined/install/px4_msgs/include/px4_msgs/px4_msgs/msg/detail/vehicle_roi__struct.hpp\n'}
[1.347215] (px4_msgs) StdoutLine: {'line': b'-- Up-to-date: /home/mustardking/ws_sensor_combined/install/px4_msgs/include/px4_msgs/px4_msgs/msg/detail/follow_target_status__struct.hpp\n'}
[1.347237] (px4_msgs) StdoutLine: {'line': b'-- Up-to-date: /home/mustardking/ws_sensor_combined/install/px4_msgs/include/px4_msgs/px4_msgs/msg/detail/ekf2_timestamps__struct.hpp\n'}
[1.347258] (px4_msgs) StdoutLine: {'line': b'-- Up-to-date: /home/mustardking/ws_sensor_combined/install/px4_msgs/include/px4_msgs/px4_msgs/msg/detail/dronecan_node_status__type_support.hpp\n'}
[1.347281] (px4_msgs) StdoutLine: {'line': b'-- Up-to-date: /home/mustardking/ws_sensor_combined/install/px4_msgs/include/px4_msgs/px4_msgs/msg/detail/autotune_attitude_control_status__type_support.hpp\n'}
[1.347304] (px4_msgs) StdoutLine: {'line': b'-- Up-to-date: /home/mustardking/ws_sensor_combined/install/px4_msgs/include/px4_msgs/px4_msgs/msg/detail/actuator_servos_trim__traits.hpp\n'}
[1.347327] (px4_msgs) StdoutLine: {'line': b'-- Up-to-date: /home/mustardking/ws_sensor_combined/install/px4_msgs/include/px4_msgs/px4_msgs/msg/detail/sensor_combined__type_support.hpp\n'}
[1.347349] (px4_msgs) StdoutLine: {'line': b'-- Up-to-date: /home/mustardking/ws_sensor_combined/install/px4_msgs/include/px4_msgs/px4_msgs/msg/detail/input_rc__builder.hpp\n'}
[1.347373] (px4_msgs) StdoutLine: {'line': b'-- Up-to-date: /home/mustardking/ws_sensor_combined/install/px4_msgs/include/px4_msgs/px4_msgs/msg/detail/fixed_wing_lateral_setpoint__traits.hpp\n'}
[1.347395] (px4_msgs) StdoutLine: {'line': b'-- Up-to-date: /home/mustardking/ws_sensor_combined/install/px4_msgs/include/px4_msgs/px4_msgs/msg/detail/estimator_gps_status__traits.hpp\n'}
[1.347417] (px4_msgs) StdoutLine: {'line': b'-- Up-to-date: /home/mustardking/ws_sensor_combined/install/px4_msgs/include/px4_msgs/px4_msgs/msg/detail/actuator_controls_status__traits.hpp\n'}
[1.347439] (px4_msgs) StdoutLine: {'line': b'-- Up-to-date: /home/mustardking/ws_sensor_combined/install/px4_msgs/include/px4_msgs/px4_msgs/msg/detail/vehicle_angular_velocity__struct.hpp\n'}
[1.347463] (px4_msgs) StdoutLine: {'line': b'-- Up-to-date: /home/mustardking/ws_sensor_combined/install/px4_msgs/include/px4_msgs/px4_msgs/msg/detail/landing_target_innovations__struct.hpp\n'}
[1.347486] (px4_msgs) StdoutLine: {'line': b'-- Up-to-date: /home/mustardking/ws_sensor_combined/install/px4_msgs/include/px4_msgs/px4_msgs/msg/detail/mavlink_log__type_support.hpp\n'}
[1.347509] (px4_msgs) StdoutLine: {'line': b'-- Up-to-date: /home/mustardking/ws_sensor_combined/install/px4_msgs/include/px4_msgs/px4_msgs/msg/detail/goto_setpoint__struct.hpp\n'}
[1.347531] (px4_msgs) StdoutLine: {'line': b'-- Up-to-date: /home/mustardking/ws_sensor_combined/install/px4_msgs/include/px4_msgs/px4_msgs/msg/detail/actuator_armed__traits.hpp\n'}
[1.347553] (px4_msgs) StdoutLine: {'line': b'-- Up-to-date: /home/mustardking/ws_sensor_combined/install/px4_msgs/include/px4_msgs/px4_msgs/msg/detail/event__struct.hpp\n'}
[1.347575] (px4_msgs) StdoutLine: {'line': b'-- Up-to-date: /home/mustardking/ws_sensor_combined/install/px4_msgs/include/px4_msgs/px4_msgs/msg/detail/sensor_gyro_fifo__type_support.hpp\n'}
[1.347598] (px4_msgs) StdoutLine: {'line': b'-- Up-to-date: /home/mustardking/ws_sensor_combined/install/px4_msgs/include/px4_msgs/px4_msgs/msg/detail/sensor_hygrometer__type_support.hpp\n'}
[1.347623] (px4_msgs) StdoutLine: {'line': b'-- Up-to-date: /home/mustardking/ws_sensor_combined/install/px4_msgs/include/px4_msgs/px4_msgs/msg/detail/collision_constraints__type_support.hpp\n'}
[1.347645] (px4_msgs) StdoutLine: {'line': b'-- Up-to-date: /home/mustardking/ws_sensor_combined/install/px4_msgs/include/px4_msgs/px4_msgs/msg/detail/fixed_wing_lateral_guidance_status__struct.hpp\n'}
[1.347668] (px4_msgs) StdoutLine: {'line': b'-- Up-to-date: /home/mustardking/ws_sensor_combined/install/px4_msgs/include/px4_msgs/px4_msgs/msg/detail/sensor_gnss_relative__struct.hpp\n'}
[1.347690] (px4_msgs) StdoutLine: {'line': b'-- Up-to-date: /home/mustardking/ws_sensor_combined/install/px4_msgs/include/px4_msgs/px4_msgs/msg/detail/adc_report__builder.hpp\n'}
[1.347712] (px4_msgs) StdoutLine: {'line': b'-- Up-to-date: /home/mustardking/ws_sensor_combined/install/px4_msgs/include/px4_msgs/px4_msgs/msg/detail/lateral_control_configuration__builder.hpp\n'}
[1.347735] (px4_msgs) StdoutLine: {'line': b'-- Up-to-date: /home/mustardking/ws_sensor_combined/install/px4_msgs/include/px4_msgs/px4_msgs/msg/detail/estimator_bias3d__builder.hpp\n'}
[1.347757] (px4_msgs) StdoutLine: {'line': b'-- Up-to-date: /home/mustardking/ws_sensor_combined/install/px4_msgs/include/px4_msgs/px4_msgs/msg/detail/failsafe_flags__builder.hpp\n'}
[1.347779] (px4_msgs) StdoutLine: {'line': b'-- Up-to-date: /home/mustardking/ws_sensor_combined/install/px4_msgs/include/px4_msgs/px4_msgs/msg/detail/position_controller_landing_status__builder.hpp\n'}
[1.348311] (px4_msgs) StdoutLine: {'line': b'-- Up-to-date: /home/mustardking/ws_sensor_combined/install/px4_msgs/include/px4_msgs/px4_msgs/msg/detail/yaw_estimator_status__traits.hpp\n'}
[1.348344] (px4_msgs) StdoutLine: {'line': b'-- Up-to-date: /home/mustardking/ws_sensor_combined/install/px4_msgs/include/px4_msgs/px4_msgs/msg/detail/gimbal_manager_status__builder.hpp\n'}
[1.348368] (px4_msgs) StdoutLine: {'line': b'-- Up-to-date: /home/mustardking/ws_sensor_combined/install/px4_msgs/include/px4_msgs/px4_msgs/msg/detail/figure_eight_status__struct.hpp\n'}
[1.348392] (px4_msgs) StdoutLine: {'line': b'-- Up-to-date: /home/mustardking/ws_sensor_combined/install/px4_msgs/include/px4_msgs/px4_msgs/msg/detail/debug_vect__traits.hpp\n'}
[1.348414] (px4_msgs) StdoutLine: {'line': b'-- Up-to-date: /home/mustardking/ws_sensor_combined/install/px4_msgs/include/px4_msgs/px4_msgs/msg/detail/pure_pursuit_status__type_support.hpp\n'}
[1.348437] (px4_msgs) StdoutLine: {'line': b'-- Up-to-date: /home/mustardking/ws_sensor_combined/install/px4_msgs/include/px4_msgs/px4_msgs/msg/detail/ulog_stream_ack__struct.hpp\n'}
[1.348459] (px4_msgs) StdoutLine: {'line': b'-- Up-to-date: /home/mustardking/ws_sensor_combined/install/px4_msgs/include/px4_msgs/px4_msgs/msg/detail/sensor_mag__type_support.hpp\n'}
[1.348481] (px4_msgs) StdoutLine: {'line': b'-- Up-to-date: /home/mustardking/ws_sensor_combined/install/px4_msgs/include/px4_msgs/px4_msgs/msg/detail/timesync_status__struct.hpp\n'}
[1.348504] (px4_msgs) StdoutLine: {'line': b'-- Up-to-date: /home/mustardking/ws_sensor_combined/install/px4_msgs/include/px4_msgs/px4_msgs/msg/detail/sensor_airflow__struct.hpp\n'}
[1.348526] (px4_msgs) StdoutLine: {'line': b'-- Up-to-date: /home/mustardking/ws_sensor_combined/install/px4_msgs/include/px4_msgs/px4_msgs/msg/detail/lateral_control_configuration__type_support.hpp\n'}
[1.348548] (px4_msgs) StdoutLine: {'line': b'-- Up-to-date: /home/mustardking/ws_sensor_combined/install/px4_msgs/include/px4_msgs/px4_msgs/msg/detail/onboard_computer_status__struct.hpp\n'}
[1.348571] (px4_msgs) StdoutLine: {'line': b'-- Up-to-date: /home/mustardking/ws_sensor_combined/install/px4_msgs/include/px4_msgs/px4_msgs/msg/detail/trajectory_setpoint6dof__builder.hpp\n'}
[1.348592] (px4_msgs) StdoutLine: {'line': b'-- Up-to-date: /home/mustardking/ws_sensor_combined/install/px4_msgs/include/px4_msgs/px4_msgs/msg/detail/sensor_accel_fifo__struct.hpp\n'}
[1.348617] (px4_msgs) StdoutLine: {'line': b'-- Up-to-date: /home/mustardking/ws_sensor_combined/install/px4_msgs/include/px4_msgs/px4_msgs/msg/detail/led_control__traits.hpp\n'}
[1.348639] (px4_msgs) StdoutLine: {'line': b'-- Up-to-date: /home/mustardking/ws_sensor_combined/install/px4_msgs/include/px4_msgs/px4_msgs/msg/detail/vehicle_acceleration__traits.hpp\n'}
[1.348661] (px4_msgs) StdoutLine: {'line': b'-- Up-to-date: /home/mustardking/ws_sensor_combined/install/px4_msgs/include/px4_msgs/px4_msgs/msg/detail/estimator_selector_status__struct.hpp\n'}
[1.348683] (px4_msgs) StdoutLine: {'line': b'-- Up-to-date: /home/mustardking/ws_sensor_combined/install/px4_msgs/include/px4_msgs/px4_msgs/msg/detail/position_setpoint__traits.hpp\n'}
[1.348705] (px4_msgs) StdoutLine: {'line': b'-- Up-to-date: /home/mustardking/ws_sensor_combined/install/px4_msgs/include/px4_msgs/px4_msgs/msg/detail/differential_pressure__struct.hpp\n'}
[1.348728] (px4_msgs) StdoutLine: {'line': b'-- Up-to-date: /home/mustardking/ws_sensor_combined/install/px4_msgs/include/px4_msgs/px4_msgs/msg/detail/sensor_hygrometer__traits.hpp\n'}
[1.348750] (px4_msgs) StdoutLine: {'line': b'-- Up-to-date: /home/mustardking/ws_sensor_combined/install/px4_msgs/include/px4_msgs/px4_msgs/msg/detail/vehicle_attitude__builder.hpp\n'}
[1.348772] (px4_msgs) StdoutLine: {'line': b'-- Up-to-date: /home/mustardking/ws_sensor_combined/install/px4_msgs/include/px4_msgs/px4_msgs/msg/detail/sensor_selection__traits.hpp\n'}
[1.348797] (px4_msgs) StdoutLine: {'line': b'-- Up-to-date: /home/mustardking/ws_sensor_combined/install/px4_msgs/include/px4_msgs/px4_msgs/msg/detail/vehicle_optical_flow_vel__traits.hpp\n'}
[1.348820] (px4_msgs) StdoutLine: {'line': b'-- Up-to-date: /home/mustardking/ws_sensor_combined/install/px4_msgs/include/px4_msgs/px4_msgs/msg/detail/gpio_out__traits.hpp\n'}
[1.348842] (px4_msgs) StdoutLine: {'line': b'-- Up-to-date: /home/mustardking/ws_sensor_combined/install/px4_msgs/include/px4_msgs/px4_msgs/msg/detail/parameter_reset_request__struct.hpp\n'}
[1.348864] (px4_msgs) StdoutLine: {'line': b'-- Up-to-date: /home/mustardking/ws_sensor_combined/install/px4_msgs/include/px4_msgs/px4_msgs/msg/detail/failsafe_flags__type_support.hpp\n'}
[1.348887] (px4_msgs) StdoutLine: {'line': b'-- Up-to-date: /home/mustardking/ws_sensor_combined/install/px4_msgs/include/px4_msgs/px4_msgs/msg/detail/vehicle_control_mode__struct.hpp\n'}
[1.348929] (px4_msgs) StdoutLine: {'line': b'-- Up-to-date: /home/mustardking/ws_sensor_combined/install/px4_msgs/include/px4_msgs/px4_msgs/msg/detail/register_ext_component_reply__type_support.hpp\n'}
[1.348952] (px4_msgs) StdoutLine: {'line': b'-- Up-to-date: /home/mustardking/ws_sensor_combined/install/px4_msgs/include/px4_msgs/px4_msgs/msg/detail/gpio_out__struct.hpp\n'}
[1.348985] (px4_msgs) StdoutLine: {'line': b'-- Up-to-date: /home/mustardking/ws_sensor_combined/install/px4_msgs/include/px4_msgs/px4_msgs/msg/detail/rover_attitude_setpoint__traits.hpp\n'}
[1.349007] (px4_msgs) StdoutLine: {'line': b'-- Up-to-date: /home/mustardking/ws_sensor_combined/install/px4_msgs/include/px4_msgs/px4_msgs/msg/detail/gimbal_manager_status__type_support.hpp\n'}
[1.349029] (px4_msgs) StdoutLine: {'line': b'-- Up-to-date: /home/mustardking/ws_sensor_combined/install/px4_msgs/include/px4_msgs/px4_msgs/msg/detail/parameter_set_value_request__struct.hpp\n'}
[1.349051] (px4_msgs) StdoutLine: {'line': b'-- Up-to-date: /home/mustardking/ws_sensor_combined/install/px4_msgs/include/px4_msgs/px4_msgs/msg/detail/mavlink_tunnel__struct.hpp\n'}
[1.349073] (px4_msgs) StdoutLine: {'line': b'-- Up-to-date: /home/mustardking/ws_sensor_combined/install/px4_msgs/include/px4_msgs/px4_msgs/msg/detail/rover_steering_setpoint__type_support.hpp\n'}
[1.349095] (px4_msgs) StdoutLine: {'line': b'-- Up-to-date: /home/mustardking/ws_sensor_combined/install/px4_msgs/include/px4_msgs/px4_msgs/msg/detail/vehicle_global_position__traits.hpp\n'}
[1.349118] (px4_msgs) StdoutLine: {'line': b'-- Up-to-date: /home/mustardking/ws_sensor_combined/install/px4_msgs/include/px4_msgs/px4_msgs/msg/detail/gps_inject_data__struct.hpp\n'}
[1.349140] (px4_msgs) StdoutLine: {'line': b'-- Up-to-date: /home/mustardking/ws_sensor_combined/install/px4_msgs/include/px4_msgs/px4_msgs/msg/detail/takeoff_status__traits.hpp\n'}
[1.349162] (px4_msgs) StdoutLine: {'line': b'-- Up-to-date: /home/mustardking/ws_sensor_combined/install/px4_msgs/include/px4_msgs/px4_msgs/msg/detail/gpio_config__struct.hpp\n'}
[1.349184] (px4_msgs) StdoutLine: {'line': b'-- Up-to-date: /home/mustardking/ws_sensor_combined/install/px4_msgs/include/px4_msgs/px4_msgs/msg/detail/landing_gear__struct.hpp\n'}
[1.349206] (px4_msgs) StdoutLine: {'line': b'-- Up-to-date: /home/mustardking/ws_sensor_combined/install/px4_msgs/include/px4_msgs/px4_msgs/msg/detail/log_message__type_support.hpp\n'}
[1.349228] (px4_msgs) StdoutLine: {'line': b'-- Up-to-date: /home/mustardking/ws_sensor_combined/install/px4_msgs/include/px4_msgs/px4_msgs/msg/detail/system_power__struct.hpp\n'}
[1.349251] (px4_msgs) StdoutLine: {'line': b'-- Up-to-date: /home/mustardking/ws_sensor_combined/install/px4_msgs/include/px4_msgs/px4_msgs/msg/detail/launch_detection_status__type_support.hpp\n'}
[1.349275] (px4_msgs) StdoutLine: {'line': b'-- Up-to-date: /home/mustardking/ws_sensor_combined/install/px4_msgs/include/px4_msgs/px4_msgs/msg/detail/vehicle_attitude__type_support.hpp\n'}
[1.349298] (px4_msgs) StdoutLine: {'line': b'-- Up-to-date: /home/mustardking/ws_sensor_combined/install/px4_msgs/include/px4_msgs/px4_msgs/msg/detail/logger_status__struct.hpp\n'}
[1.349320] (px4_msgs) StdoutLine: {'line': b'-- Up-to-date: /home/mustardking/ws_sensor_combined/install/px4_msgs/include/px4_msgs/px4_msgs/msg/detail/fixed_wing_runway_control__type_support.hpp\n'}
[1.349342] (px4_msgs) StdoutLine: {'line': b'-- Up-to-date: /home/mustardking/ws_sensor_combined/install/px4_msgs/include/px4_msgs/px4_msgs/msg/detail/camera_status__struct.hpp\n'}
[1.349363] (px4_msgs) StdoutLine: {'line': b'-- Up-to-date: /home/mustardking/ws_sensor_combined/install/px4_msgs/include/px4_msgs/px4_msgs/msg/detail/actuator_outputs__struct.hpp\n'}
[1.349387] (px4_msgs) StdoutLine: {'line': b'-- Up-to-date: /home/mustardking/ws_sensor_combined/install/px4_msgs/include/px4_msgs/px4_msgs/msg/detail/rover_rate_setpoint__struct.hpp\n'}
[1.349409] (px4_msgs) StdoutLine: {'line': b'-- Up-to-date: /home/mustardking/ws_sensor_combined/install/px4_msgs/include/px4_msgs/px4_msgs/msg/detail/tecs_status__type_support.hpp\n'}
[1.349431] (px4_msgs) StdoutLine: {'line': b'-- Up-to-date: /home/mustardking/ws_sensor_combined/install/px4_msgs/include/px4_msgs/px4_msgs/msg/detail/vehicle_thrust_setpoint__builder.hpp\n'}
[1.349453] (px4_msgs) StdoutLine: {'line': b'-- Up-to-date: /home/mustardking/ws_sensor_combined/install/px4_msgs/include/px4_msgs/px4_msgs/msg/detail/mission__struct.hpp\n'}
[1.349475] (px4_msgs) StdoutLine: {'line': b'-- Up-to-date: /home/mustardking/ws_sensor_combined/install/px4_msgs/include/px4_msgs/px4_msgs/msg/detail/actuator_test__traits.hpp\n'}
[1.349522] (px4_msgs) StdoutLine: {'line': b'-- Up-to-date: /home/mustardking/ws_sensor_combined/install/px4_msgs/include/px4_msgs/px4_msgs/msg/detail/open_drone_id_operator_id__type_support.hpp\n'}
[1.349547] (px4_msgs) StdoutLine: {'line': b'-- Up-to-date: /home/mustardking/ws_sensor_combined/install/px4_msgs/include/px4_msgs/px4_msgs/msg/detail/vtol_vehicle_status__traits.hpp\n'}
[1.349569] (px4_msgs) StdoutLine: {'line': b'-- Up-to-date: /home/mustardking/ws_sensor_combined/install/px4_msgs/include/px4_msgs/px4_msgs/msg/detail/telemetry_status__struct.hpp\n'}
[1.349591] (px4_msgs) StdoutLine: {'line': b'-- Up-to-date: /home/mustardking/ws_sensor_combined/install/px4_msgs/include/px4_msgs/px4_msgs/msg/detail/tune_control__struct.hpp\n'}
[1.349613] (px4_msgs) StdoutLine: {'line': b'-- Up-to-date: /home/mustardking/ws_sensor_combined/install/px4_msgs/include/px4_msgs/px4_msgs/msg/detail/sensors_status__traits.hpp\n'}
[1.349635] (px4_msgs) StdoutLine: {'line': b'-- Up-to-date: /home/mustardking/ws_sensor_combined/install/px4_msgs/include/px4_msgs/px4_msgs/msg/detail/gimbal_device_attitude_status__type_support.hpp\n'}
[1.349658] (px4_msgs) StdoutLine: {'line': b'-- Up-to-date: /home/mustardking/ws_sensor_combined/install/px4_msgs/include/px4_msgs/px4_msgs/msg/detail/pure_pursuit_status__builder.hpp\n'}
[1.349680] (px4_msgs) StdoutLine: {'line': b'-- Up-to-date: /home/mustardking/ws_sensor_combined/install/px4_msgs/include/px4_msgs/px4_msgs/msg/detail/gpio_out__type_support.hpp\n'}
[1.349702] (px4_msgs) StdoutLine: {'line': b'-- Up-to-date: /home/mustardking/ws_sensor_combined/install/px4_msgs/include/px4_msgs/px4_msgs/msg/detail/estimator_bias3d__traits.hpp\n'}
[1.349724] (px4_msgs) StdoutLine: {'line': b'-- Up-to-date: /home/mustardking/ws_sensor_combined/install/px4_msgs/include/px4_msgs/px4_msgs/msg/detail/vehicle_command_ack__builder.hpp\n'}
[1.349747] (px4_msgs) StdoutLine: {'line': b'-- Up-to-date: /home/mustardking/ws_sensor_combined/install/px4_msgs/include/px4_msgs/px4_msgs/msg/detail/vehicle_imu__traits.hpp\n'}
[1.349769] (px4_msgs) StdoutLine: {'line': b'-- Up-to-date: /home/mustardking/ws_sensor_combined/install/px4_msgs/include/px4_msgs/px4_msgs/msg/detail/battery_info__type_support.hpp\n'}
[1.349797] (px4_msgs) StdoutLine: {'line': b'-- Up-to-date: /home/mustardking/ws_sensor_combined/install/px4_msgs/include/px4_msgs/px4_msgs/msg/detail/irlock_report__type_support.hpp\n'}
[1.349824] (px4_msgs) StdoutLine: {'line': b'-- Up-to-date: /home/mustardking/ws_sensor_combined/install/px4_msgs/include/px4_msgs/px4_msgs/msg/detail/tecs_status__traits.hpp\n'}
[1.349846] (px4_msgs) StdoutLine: {'line': b'-- Up-to-date: /home/mustardking/ws_sensor_combined/install/px4_msgs/include/px4_msgs/px4_msgs/msg/detail/orbit_status__struct.hpp\n'}
[1.349869] (px4_msgs) StdoutLine: {'line': b'-- Up-to-date: /home/mustardking/ws_sensor_combined/install/px4_msgs/include/px4_msgs/px4_msgs/msg/detail/velocity_limits__type_support.hpp\n'}
[1.349891] (px4_msgs) StdoutLine: {'line': b'-- Up-to-date: /home/mustardking/ws_sensor_combined/install/px4_msgs/include/px4_msgs/px4_msgs/msg/detail/gpio_in__struct.hpp\n'}
[1.349913] (px4_msgs) StdoutLine: {'line': b'-- Up-to-date: /home/mustardking/ws_sensor_combined/install/px4_msgs/include/px4_msgs/px4_msgs/msg/detail/camera_trigger__struct.hpp\n'}
[1.349939] (px4_msgs) StdoutLine: {'line': b'-- Up-to-date: /home/mustardking/ws_sensor_combined/install/px4_msgs/include/px4_msgs/px4_msgs/msg/detail/estimator_event_flags__type_support.hpp\n'}
[1.349961] (px4_msgs) StdoutLine: {'line': b'-- Up-to-date: /home/mustardking/ws_sensor_combined/install/px4_msgs/include/px4_msgs/px4_msgs/msg/detail/parameter_update__struct.hpp\n'}
[1.349983] (px4_msgs) StdoutLine: {'line': b'-- Up-to-date: /home/mustardking/ws_sensor_combined/install/px4_msgs/include/px4_msgs/px4_msgs/msg/detail/camera_status__traits.hpp\n'}
[1.350005] (px4_msgs) StdoutLine: {'line': b'-- Up-to-date: /home/mustardking/ws_sensor_combined/install/px4_msgs/include/px4_msgs/px4_msgs/msg/detail/parameter_set_used_request__builder.hpp\n'}
[1.350027] (px4_msgs) StdoutLine: {'line': b'-- Up-to-date: /home/mustardking/ws_sensor_combined/install/px4_msgs/include/px4_msgs/px4_msgs/msg/detail/open_drone_id_arm_status__builder.hpp\n'}
[1.350050] (px4_msgs) StdoutLine: {'line': b'-- Up-to-date: /home/mustardking/ws_sensor_combined/install/px4_msgs/include/px4_msgs/px4_msgs/msg/detail/sensor_selection__builder.hpp\n'}
[1.350072] (px4_msgs) StdoutLine: {'line': b'-- Up-to-date: /home/mustardking/ws_sensor_combined/install/px4_msgs/include/px4_msgs/px4_msgs/msg/detail/gimbal_manager_information__traits.hpp\n'}
[1.350094] (px4_msgs) StdoutLine: {'line': b'-- Up-to-date: /home/mustardking/ws_sensor_combined/install/px4_msgs/include/px4_msgs/px4_msgs/msg/detail/sensor_gnss_status__builder.hpp\n'}
[1.350116] (px4_msgs) StdoutLine: {'line': b'-- Up-to-date: /home/mustardking/ws_sensor_combined/install/px4_msgs/include/px4_msgs/px4_msgs/msg/detail/rover_rate_status__type_support.hpp\n'}
[1.350138] (px4_msgs) StdoutLine: {'line': b'-- Up-to-date: /home/mustardking/ws_sensor_combined/install/px4_msgs/include/px4_msgs/px4_msgs/msg/detail/camera_capture__struct.hpp\n'}
[1.350160] (px4_msgs) StdoutLine: {'line': b'-- Up-to-date: /home/mustardking/ws_sensor_combined/install/px4_msgs/include/px4_msgs/px4_msgs/msg/detail/open_drone_id_self_id__type_support.hpp\n'}
[1.350182] (px4_msgs) StdoutLine: {'line': b'-- Up-to-date: /home/mustardking/ws_sensor_combined/install/px4_msgs/include/px4_msgs/px4_msgs/msg/detail/gimbal_device_information__type_support.hpp\n'}
[1.350404] (px4_msgs) StdoutLine: {'line': b'-- Up-to-date: /home/mustardking/ws_sensor_combined/install/px4_msgs/include/px4_msgs/px4_msgs/msg/detail/takeoff_status__builder.hpp\n'}
[1.350440] (px4_msgs) StdoutLine: {'line': b'-- Up-to-date: /home/mustardking/ws_sensor_combined/install/px4_msgs/include/px4_msgs/px4_msgs/msg/detail/arming_check_request__type_support.hpp\n'}
[1.350465] (px4_msgs) StdoutLine: {'line': b'-- Up-to-date: /home/mustardking/ws_sensor_combined/install/px4_msgs/include/px4_msgs/px4_msgs/msg/detail/sensor_accel_fifo__builder.hpp\n'}
[1.350489] (px4_msgs) StdoutLine: {'line': b'-- Up-to-date: /home/mustardking/ws_sensor_combined/install/px4_msgs/include/px4_msgs/px4_msgs/msg/detail/control_allocator_status__traits.hpp\n'}
[1.350511] (px4_msgs) StdoutLine: {'line': b'-- Up-to-date: /home/mustardking/ws_sensor_combined/install/px4_msgs/include/px4_msgs/px4_msgs/msg/detail/control_allocator_status__struct.hpp\n'}
[1.350534] (px4_msgs) StdoutLine: {'line': b'-- Up-to-date: /home/mustardking/ws_sensor_combined/install/px4_msgs/include/px4_msgs/px4_msgs/msg/detail/manual_control_switches__type_support.hpp\n'}
[1.350556] (px4_msgs) StdoutLine: {'line': b'-- Up-to-date: /home/mustardking/ws_sensor_combined/install/px4_msgs/include/px4_msgs/px4_msgs/msg/detail/vehicle_land_detected__traits.hpp\n'}
[1.350579] (px4_msgs) StdoutLine: {'line': b'-- Up-to-date: /home/mustardking/ws_sensor_combined/install/px4_msgs/include/px4_msgs/px4_msgs/msg/detail/sensor_preflight_mag__builder.hpp\n'}
[1.350601] (px4_msgs) StdoutLine: {'line': b'-- Up-to-date: /home/mustardking/ws_sensor_combined/install/px4_msgs/include/px4_msgs/px4_msgs/msg/detail/gpio_config__builder.hpp\n'}
[1.350627] (px4_msgs) StdoutLine: {'line': b'-- Up-to-date: /home/mustardking/ws_sensor_combined/install/px4_msgs/include/px4_msgs/px4_msgs/msg/detail/sensor_hygrometer__builder.hpp\n'}
[1.350649] (px4_msgs) StdoutLine: {'line': b'-- Up-to-date: /home/mustardking/ws_sensor_combined/install/px4_msgs/include/px4_msgs/px4_msgs/msg/detail/flight_phase_estimation__traits.hpp\n'}
[1.350672] (px4_msgs) StdoutLine: {'line': b'-- Up-to-date: /home/mustardking/ws_sensor_combined/install/px4_msgs/include/px4_msgs/px4_msgs/msg/detail/can_interface_status__traits.hpp\n'}
[1.350694] (px4_msgs) StdoutLine: {'line': b'-- Up-to-date: /home/mustardking/ws_sensor_combined/install/px4_msgs/include/px4_msgs/px4_msgs/msg/detail/rover_position_setpoint__traits.hpp\n'}
[1.350716] (px4_msgs) StdoutLine: {'line': b'-- Up-to-date: /home/mustardking/ws_sensor_combined/install/px4_msgs/include/px4_msgs/px4_msgs/msg/detail/airspeed__struct.hpp\n'}
[1.350738] (px4_msgs) StdoutLine: {'line': b'-- Up-to-date: /home/mustardking/ws_sensor_combined/install/px4_msgs/include/px4_msgs/px4_msgs/msg/detail/mavlink_log__builder.hpp\n'}
[1.350761] (px4_msgs) StdoutLine: {'line': b'-- Up-to-date: /home/mustardking/ws_sensor_combined/install/px4_msgs/include/px4_msgs/px4_msgs/msg/detail/fixed_wing_runway_control__builder.hpp\n'}
[1.350796] (px4_msgs) StdoutLine: {'line': b'-- Up-to-date: /home/mustardking/ws_sensor_combined/install/px4_msgs/include/px4_msgs/px4_msgs/msg/detail/vehicle_angular_acceleration_setpoint__struct.hpp\n'}
[1.350840] (px4_msgs) StdoutLine: {'line': b'-- Up-to-date: /home/mustardking/ws_sensor_combined/install/px4_msgs/include/px4_msgs/px4_msgs/msg/detail/vehicle_imu__type_support.hpp\n'}
[1.350863] (px4_msgs) StdoutLine: {'line': b'-- Up-to-date: /home/mustardking/ws_sensor_combined/install/px4_msgs/include/px4_msgs/px4_msgs/msg/detail/gpio_request__traits.hpp\n'}
[1.350885] (px4_msgs) StdoutLine: {'line': b'-- Up-to-date: /home/mustardking/ws_sensor_combined/install/px4_msgs/include/px4_msgs/px4_msgs/msg/detail/open_drone_id_arm_status__struct.hpp\n'}
[1.350908] (px4_msgs) StdoutLine: {'line': b'-- Up-to-date: /home/mustardking/ws_sensor_combined/install/px4_msgs/include/px4_msgs/px4_msgs/msg/detail/gimbal_device_information__builder.hpp\n'}
[1.350930] (px4_msgs) StdoutLine: {'line': b'-- Up-to-date: /home/mustardking/ws_sensor_combined/install/px4_msgs/include/px4_msgs/px4_msgs/msg/detail/landing_target_pose__struct.hpp\n'}
[1.350952] (px4_msgs) StdoutLine: {'line': b'-- Up-to-date: /home/mustardking/ws_sensor_combined/install/px4_msgs/include/px4_msgs/px4_msgs/msg/detail/can_interface_status__struct.hpp\n'}
[1.350974] (px4_msgs) StdoutLine: {'line': b'-- Up-to-date: /home/mustardking/ws_sensor_combined/install/px4_msgs/include/px4_msgs/px4_msgs/msg/detail/gimbal_manager_set_attitude__struct.hpp\n'}
[1.350997] (px4_msgs) StdoutLine: {'line': b'-- Up-to-date: /home/mustardking/ws_sensor_combined/install/px4_msgs/include/px4_msgs/px4_msgs/msg/detail/landing_gear__traits.hpp\n'}
[1.351020] (px4_msgs) StdoutLine: {'line': b'-- Up-to-date: /home/mustardking/ws_sensor_combined/install/px4_msgs/include/px4_msgs/px4_msgs/msg/detail/vehicle_local_position_setpoint__type_support.hpp\n'}
[1.351042] (px4_msgs) StdoutLine: {'line': b'-- Up-to-date: /home/mustardking/ws_sensor_combined/install/px4_msgs/include/px4_msgs/px4_msgs/msg/detail/vehicle_torque_setpoint__builder.hpp\n'}
[1.351064] (px4_msgs) StdoutLine: {'line': b'-- Up-to-date: /home/mustardking/ws_sensor_combined/install/px4_msgs/include/px4_msgs/px4_msgs/msg/detail/manual_control_switches__struct.hpp\n'}
[1.351087] (px4_msgs) StdoutLine: {'line': b'-- Up-to-date: /home/mustardking/ws_sensor_combined/install/px4_msgs/include/px4_msgs/px4_msgs/msg/detail/radio_status__type_support.hpp\n'}
[1.351113] (px4_msgs) StdoutLine: {'line': b'-- Up-to-date: /home/mustardking/ws_sensor_combined/install/px4_msgs/include/px4_msgs/px4_msgs/msg/detail/vehicle_magnetometer__type_support.hpp\n'}
[1.351136] (px4_msgs) StdoutLine: {'line': b'-- Up-to-date: /home/mustardking/ws_sensor_combined/install/px4_msgs/include/px4_msgs/px4_msgs/msg/detail/estimator_bias__struct.hpp\n'}
[1.351160] (px4_msgs) StdoutLine: {'line': b'-- Up-to-date: /home/mustardking/ws_sensor_combined/install/px4_msgs/include/px4_msgs/px4_msgs/msg/detail/actuator_motors__traits.hpp\n'}
[1.351182] (px4_msgs) StdoutLine: {'line': b'-- Up-to-date: /home/mustardking/ws_sensor_combined/install/px4_msgs/include/px4_msgs/px4_msgs/msg/detail/sensor_gyro_fft__traits.hpp\n'}
[1.351205] (px4_msgs) StdoutLine: {'line': b'-- Up-to-date: /home/mustardking/ws_sensor_combined/install/px4_msgs/include/px4_msgs/px4_msgs/msg/detail/airspeed_wind__struct.hpp\n'}
[1.351227] (px4_msgs) StdoutLine: {'line': b'-- Up-to-date: /home/mustardking/ws_sensor_combined/install/px4_msgs/include/px4_msgs/px4_msgs/msg/detail/estimator_bias__type_support.hpp\n'}
[1.351249] (px4_msgs) StdoutLine: {'line': b'-- Up-to-date: /home/mustardking/ws_sensor_combined/install/px4_msgs/include/px4_msgs/px4_msgs/msg/detail/actuator_motors__type_support.hpp\n'}
[1.351271] (px4_msgs) StdoutLine: {'line': b'-- Up-to-date: /home/mustardking/ws_sensor_combined/install/px4_msgs/include/px4_msgs/px4_msgs/msg/detail/autotune_attitude_control_status__traits.hpp\n'}
[1.351294] (px4_msgs) StdoutLine: {'line': b'-- Up-to-date: /home/mustardking/ws_sensor_combined/install/px4_msgs/include/px4_msgs/px4_msgs/msg/detail/sensor_gnss_relative__type_support.hpp\n'}
[1.351316] (px4_msgs) StdoutLine: {'line': b'-- Up-to-date: /home/mustardking/ws_sensor_combined/install/px4_msgs/include/px4_msgs/px4_msgs/msg/detail/vehicle_magnetometer__struct.hpp\n'}
[1.351338] (px4_msgs) StdoutLine: {'line': b'-- Up-to-date: /home/mustardking/ws_sensor_combined/install/px4_msgs/include/px4_msgs/px4_msgs/msg/detail/rover_speed_setpoint__traits.hpp\n'}
[1.351361] (px4_msgs) StdoutLine: {'line': b'-- Up-to-date: /home/mustardking/ws_sensor_combined/install/px4_msgs/include/px4_msgs/px4_msgs/msg/detail/gimbal_controls__builder.hpp\n'}
[1.351383] (px4_msgs) StdoutLine: {'line': b'-- Up-to-date: /home/mustardking/ws_sensor_combined/install/px4_msgs/include/px4_msgs/px4_msgs/msg/detail/vehicle_local_position__builder.hpp\n'}
[1.351405] (px4_msgs) StdoutLine: {'line': b'-- Up-to-date: /home/mustardking/ws_sensor_combined/install/px4_msgs/include/px4_msgs/px4_msgs/msg/detail/fixed_wing_lateral_guidance_status__builder.hpp\n'}
[1.351429] (px4_msgs) StdoutLine: {'line': b'-- Up-to-date: /home/mustardking/ws_sensor_combined/install/px4_msgs/include/px4_msgs/px4_msgs/msg/detail/internal_combustion_engine_status__traits.hpp\n'}
[1.351452] (px4_msgs) StdoutLine: {'line': b'-- Up-to-date: /home/mustardking/ws_sensor_combined/install/px4_msgs/include/px4_msgs/px4_msgs/msg/detail/config_overrides__traits.hpp\n'}
[1.351474] (px4_msgs) StdoutLine: {'line': b'-- Up-to-date: /home/mustardking/ws_sensor_combined/install/px4_msgs/include/px4_msgs/px4_msgs/msg/detail/rc_parameter_map__type_support.hpp\n'}
[1.351496] (px4_msgs) StdoutLine: {'line': b'-- Up-to-date: /home/mustardking/ws_sensor_combined/install/px4_msgs/include/px4_msgs/px4_msgs/msg/detail/can_interface_status__builder.hpp\n'}
[1.351518] (px4_msgs) StdoutLine: {'line': b'-- Up-to-date: /home/mustardking/ws_sensor_combined/install/px4_msgs/include/px4_msgs/px4_msgs/msg/detail/power_monitor__traits.hpp\n'}
[1.351541] (px4_msgs) StdoutLine: {'line': b'-- Up-to-date: /home/mustardking/ws_sensor_combined/install/px4_msgs/include/px4_msgs/px4_msgs/msg/detail/estimator_aid_source2d__builder.hpp\n'}
[1.351564] (px4_msgs) StdoutLine: {'line': b'-- Up-to-date: /home/mustardking/ws_sensor_combined/install/px4_msgs/include/px4_msgs/px4_msgs/msg/detail/estimator_states__traits.hpp\n'}
[1.351586] (px4_msgs) StdoutLine: {'line': b'-- Up-to-date: /home/mustardking/ws_sensor_combined/install/px4_msgs/include/px4_msgs/px4_msgs/msg/detail/gimbal_manager_set_manual_control__struct.hpp\n'}
[1.351608] (px4_msgs) StdoutLine: {'line': b'-- Up-to-date: /home/mustardking/ws_sensor_combined/install/px4_msgs/include/px4_msgs/px4_msgs/msg/detail/irlock_report__traits.hpp\n'}
[1.352222] (px4_msgs) StdoutLine: {'line': b'-- Up-to-date: /home/mustardking/ws_sensor_combined/install/px4_msgs/include/px4_msgs/px4_msgs/msg/detail/iridiumsbd_status__builder.hpp\n'}
[1.352250] (px4_msgs) StdoutLine: {'line': b'-- Up-to-date: /home/mustardking/ws_sensor_combined/install/px4_msgs/include/px4_msgs/px4_msgs/msg/detail/irlock_report__struct.hpp\n'}
[1.352274] (px4_msgs) StdoutLine: {'line': b'-- Up-to-date: /home/mustardking/ws_sensor_combined/install/px4_msgs/include/px4_msgs/px4_msgs/msg/detail/vehicle_constraints__type_support.hpp\n'}
[1.352296] (px4_msgs) StdoutLine: {'line': b'-- Up-to-date: /home/mustardking/ws_sensor_combined/install/px4_msgs/include/px4_msgs/px4_msgs/msg/detail/vehicle_optical_flow__type_support.hpp\n'}
[1.352319] (px4_msgs) StdoutLine: {'line': b'-- Up-to-date: /home/mustardking/ws_sensor_combined/install/px4_msgs/include/px4_msgs/px4_msgs/msg/detail/vehicle_roi__builder.hpp\n'}
[1.352344] (px4_msgs) StdoutLine: {'line': b'-- Up-to-date: /home/mustardking/ws_sensor_combined/install/px4_msgs/include/px4_msgs/px4_msgs/msg/detail/arming_check_reply__struct.hpp\n'}
[1.352369] (px4_msgs) StdoutLine: {'line': b'-- Up-to-date: /home/mustardking/ws_sensor_combined/install/px4_msgs/include/px4_msgs/px4_msgs/msg/detail/mode_completed__struct.hpp\n'}
[1.352391] (px4_msgs) StdoutLine: {'line': b'-- Up-to-date: /home/mustardking/ws_sensor_combined/install/px4_msgs/include/px4_msgs/px4_msgs/msg/detail/sensor_hygrometer__struct.hpp\n'}
[1.352413] (px4_msgs) StdoutLine: {'line': b'-- Up-to-date: /home/mustardking/ws_sensor_combined/install/px4_msgs/include/px4_msgs/px4_msgs/msg/detail/open_drone_id_self_id__traits.hpp\n'}
[1.352436] (px4_msgs) StdoutLine: {'line': b'-- Up-to-date: /home/mustardking/ws_sensor_combined/install/px4_msgs/include/px4_msgs/px4_msgs/msg/detail/ping__builder.hpp\n'}
[1.352458] (px4_msgs) StdoutLine: {'line': b'-- Up-to-date: /home/mustardking/ws_sensor_combined/install/px4_msgs/include/px4_msgs/px4_msgs/msg/detail/offboard_control_mode__type_support.hpp\n'}
[1.352480] (px4_msgs) StdoutLine: {'line': b'-- Up-to-date: /home/mustardking/ws_sensor_combined/install/px4_msgs/include/px4_msgs/px4_msgs/msg/detail/estimator_bias__builder.hpp\n'}
[1.352502] (px4_msgs) StdoutLine: {'line': b'-- Up-to-date: /home/mustardking/ws_sensor_combined/install/px4_msgs/include/px4_msgs/px4_msgs/msg/detail/figure_eight_status__builder.hpp\n'}
[1.352525] (px4_msgs) StdoutLine: {'line': b'-- Up-to-date: /home/mustardking/ws_sensor_combined/install/px4_msgs/include/px4_msgs/px4_msgs/msg/detail/mount_orientation__struct.hpp\n'}
[1.352547] (px4_msgs) StdoutLine: {'line': b'-- Up-to-date: /home/mustardking/ws_sensor_combined/install/px4_msgs/include/px4_msgs/px4_msgs/msg/detail/gimbal_manager_set_attitude__builder.hpp\n'}
[1.352569] (px4_msgs) StdoutLine: {'line': b'-- Up-to-date: /home/mustardking/ws_sensor_combined/install/px4_msgs/include/px4_msgs/px4_msgs/msg/detail/gimbal_manager_information__struct.hpp\n'}
[1.352591] (px4_msgs) StdoutLine: {'line': b'-- Up-to-date: /home/mustardking/ws_sensor_combined/install/px4_msgs/include/px4_msgs/px4_msgs/msg/detail/gimbal_controls__struct.hpp\n'}
[1.352613] (px4_msgs) StdoutLine: {'line': b'-- Up-to-date: /home/mustardking/ws_sensor_combined/install/px4_msgs/include/px4_msgs/px4_msgs/msg/detail/fixed_wing_lateral_guidance_status__type_support.hpp\n'}
[1.352636] (px4_msgs) StdoutLine: {'line': b'-- Up-to-date: /home/mustardking/ws_sensor_combined/install/px4_msgs/include/px4_msgs/px4_msgs/msg/detail/generator_status__type_support.hpp\n'}
[1.352659] (px4_msgs) StdoutLine: {'line': b'-- Up-to-date: /home/mustardking/ws_sensor_combined/install/px4_msgs/include/px4_msgs/px4_msgs/msg/detail/navigator_status__builder.hpp\n'}
[1.352682] (px4_msgs) StdoutLine: {'line': b'-- Up-to-date: /home/mustardking/ws_sensor_combined/install/px4_msgs/include/px4_msgs/px4_msgs/msg/detail/battery_status__struct.hpp\n'}
[1.352704] (px4_msgs) StdoutLine: {'line': b'-- Up-to-date: /home/mustardking/ws_sensor_combined/install/px4_msgs/include/px4_msgs/px4_msgs/msg/detail/power_button_state__type_support.hpp\n'}
[1.352728] (px4_msgs) StdoutLine: {'line': b'-- Up-to-date: /home/mustardking/ws_sensor_combined/install/px4_msgs/include/px4_msgs/px4_msgs/msg/detail/register_ext_component_reply__builder.hpp\n'}
[1.352750] (px4_msgs) StdoutLine: {'line': b'-- Up-to-date: /home/mustardking/ws_sensor_combined/install/px4_msgs/include/px4_msgs/px4_msgs/msg/detail/px4io_status__traits.hpp\n'}
[1.352772] (px4_msgs) StdoutLine: {'line': b'-- Up-to-date: /home/mustardking/ws_sensor_combined/install/px4_msgs/include/px4_msgs/px4_msgs/msg/detail/sensor_optical_flow__traits.hpp\n'}
[1.352793] (px4_msgs) StdoutLine: {'line': b'-- Up-to-date: /home/mustardking/ws_sensor_combined/install/px4_msgs/include/px4_msgs/px4_msgs/msg/detail/neural_control__builder.hpp\n'}
[1.352815] (px4_msgs) StdoutLine: {'line': b'-- Up-to-date: /home/mustardking/ws_sensor_combined/install/px4_msgs/include/px4_msgs/px4_msgs/msg/detail/actuator_test__type_support.hpp\n'}
[1.352837] (px4_msgs) StdoutLine: {'line': b'-- Up-to-date: /home/mustardking/ws_sensor_combined/install/px4_msgs/include/px4_msgs/px4_msgs/msg/detail/action_request__struct.hpp\n'}
[1.352859] (px4_msgs) StdoutLine: {'line': b'-- Up-to-date: /home/mustardking/ws_sensor_combined/install/px4_msgs/include/px4_msgs/px4_msgs/msg/detail/trajectory_setpoint6dof__traits.hpp\n'}
[1.352882] (px4_msgs) StdoutLine: {'line': b'-- Up-to-date: /home/mustardking/ws_sensor_combined/install/px4_msgs/include/px4_msgs/px4_msgs/msg/detail/rtl_status__struct.hpp\n'}
[1.352905] (px4_msgs) StdoutLine: {'line': b'-- Up-to-date: /home/mustardking/ws_sensor_combined/install/px4_msgs/include/px4_msgs/px4_msgs/msg/detail/rc_channels__struct.hpp\n'}
[1.352927] (px4_msgs) StdoutLine: {'line': b'-- Up-to-date: /home/mustardking/ws_sensor_combined/install/px4_msgs/include/px4_msgs/px4_msgs/msg/detail/failsafe_flags__traits.hpp\n'}
[1.352949] (px4_msgs) StdoutLine: {'line': b'-- Up-to-date: /home/mustardking/ws_sensor_combined/install/px4_msgs/include/px4_msgs/px4_msgs/msg/detail/follow_target_status__type_support.hpp\n'}
[1.352971] (px4_msgs) StdoutLine: {'line': b'-- Up-to-date: /home/mustardking/ws_sensor_combined/install/px4_msgs/include/px4_msgs/px4_msgs/msg/detail/fixed_wing_runway_control__struct.hpp\n'}
[1.352993] (px4_msgs) StdoutLine: {'line': b'-- Up-to-date: /home/mustardking/ws_sensor_combined/install/px4_msgs/include/px4_msgs/px4_msgs/msg/detail/vehicle_acceleration__builder.hpp\n'}
[1.353015] (px4_msgs) StdoutLine: {'line': b'-- Up-to-date: /home/mustardking/ws_sensor_combined/install/px4_msgs/include/px4_msgs/px4_msgs/msg/detail/distance_sensor__type_support.hpp\n'}
[1.353040] (px4_msgs) StdoutLine: {'line': b'-- Up-to-date: /home/mustardking/ws_sensor_combined/install/px4_msgs/include/px4_msgs/px4_msgs/msg/detail/pwm_input__struct.hpp\n'}
[1.353063] (px4_msgs) StdoutLine: {'line': b'-- Up-to-date: /home/mustardking/ws_sensor_combined/install/px4_msgs/include/px4_msgs/px4_msgs/msg/detail/fuel_tank_status__struct.hpp\n'}
[1.353086] (px4_msgs) StdoutLine: {'line': b'-- Up-to-date: /home/mustardking/ws_sensor_combined/install/px4_msgs/include/px4_msgs/px4_msgs/msg/detail/esc_report__traits.hpp\n'}
[1.353108] (px4_msgs) StdoutLine: {'line': b'-- Up-to-date: /home/mustardking/ws_sensor_combined/install/px4_msgs/include/px4_msgs/px4_msgs/msg/detail/vehicle_rates_setpoint__struct.hpp\n'}
[1.353130] (px4_msgs) StdoutLine: {'line': b'-- Up-to-date: /home/mustardking/ws_sensor_combined/install/px4_msgs/include/px4_msgs/px4_msgs/msg/detail/rc_parameter_map__builder.hpp\n'}
[1.353152] (px4_msgs) StdoutLine: {'line': b'-- Up-to-date: /home/mustardking/ws_sensor_combined/install/px4_msgs/include/px4_msgs/px4_msgs/msg/detail/gpio_config__type_support.hpp\n'}
[1.353174] (px4_msgs) StdoutLine: {'line': b'-- Up-to-date: /home/mustardking/ws_sensor_combined/install/px4_msgs/include/px4_msgs/px4_msgs/msg/detail/telemetry_status__type_support.hpp\n'}
[1.353196] (px4_msgs) StdoutLine: {'line': b'-- Up-to-date: /home/mustardking/ws_sensor_combined/install/px4_msgs/include/px4_msgs/px4_msgs/msg/detail/airspeed_validated__struct.hpp\n'}
[1.353220] (px4_msgs) StdoutLine: {'line': b'-- Up-to-date: /home/mustardking/ws_sensor_combined/install/px4_msgs/include/px4_msgs/px4_msgs/msg/detail/vehicle_torque_setpoint__traits.hpp\n'}
[1.353243] (px4_msgs) StdoutLine: {'line': b'-- Up-to-date: /home/mustardking/ws_sensor_combined/install/px4_msgs/include/px4_msgs/px4_msgs/msg/detail/vehicle_land_detected__struct.hpp\n'}
[1.353265] (px4_msgs) StdoutLine: {'line': b'-- Up-to-date: /home/mustardking/ws_sensor_combined/install/px4_msgs/include/px4_msgs/px4_msgs/msg/detail/message_format_request__struct.hpp\n'}
[1.353288] (px4_msgs) StdoutLine: {'line': b'-- Up-to-date: /home/mustardking/ws_sensor_combined/install/px4_msgs/include/px4_msgs/px4_msgs/msg/detail/vehicle_torque_setpoint__type_support.hpp\n'}
[1.353311] (px4_msgs) StdoutLine: {'line': b'-- Up-to-date: /home/mustardking/ws_sensor_combined/install/px4_msgs/include/px4_msgs/px4_msgs/msg/detail/geofence_result__builder.hpp\n'}
[1.353333] (px4_msgs) StdoutLine: {'line': b'-- Up-to-date: /home/mustardking/ws_sensor_combined/install/px4_msgs/include/px4_msgs/px4_msgs/msg/detail/control_allocator_status__type_support.hpp\n'}
[1.353355] (px4_msgs) StdoutLine: {'line': b'-- Up-to-date: /home/mustardking/ws_sensor_combined/install/px4_msgs/include/px4_msgs/px4_msgs/msg/detail/open_drone_id_operator_id__struct.hpp\n'}
[1.353377] (px4_msgs) StdoutLine: {'line': b'-- Up-to-date: /home/mustardking/ws_sensor_combined/install/px4_msgs/include/px4_msgs/px4_msgs/msg/detail/actuator_armed__builder.hpp\n'}
[1.353399] (px4_msgs) StdoutLine: {'line': b'-- Up-to-date: /home/mustardking/ws_sensor_combined/install/px4_msgs/include/px4_msgs/px4_msgs/msg/detail/satellite_info__type_support.hpp\n'}
[1.353422] (px4_msgs) StdoutLine: {'line': b'-- Up-to-date: /home/mustardking/ws_sensor_combined/install/px4_msgs/include/px4_msgs/px4_msgs/msg/detail/cellular_status__type_support.hpp\n'}
[1.353445] (px4_msgs) StdoutLine: {'line': b'-- Up-to-date: /home/mustardking/ws_sensor_combined/install/px4_msgs/include/px4_msgs/px4_msgs/msg/detail/px4io_status__type_support.hpp\n'}
[1.353467] (px4_msgs) StdoutLine: {'line': b'-- Up-to-date: /home/mustardking/ws_sensor_combined/install/px4_msgs/include/px4_msgs/px4_msgs/msg/detail/normalized_unsigned_setpoint__type_support.hpp\n'}
[1.353489] (px4_msgs) StdoutLine: {'line': b'-- Up-to-date: /home/mustardking/ws_sensor_combined/install/px4_msgs/include/px4_msgs/px4_msgs/msg/detail/geofence_result__type_support.hpp\n'}
[1.353511] (px4_msgs) StdoutLine: {'line': b'-- Up-to-date: /home/mustardking/ws_sensor_combined/install/px4_msgs/include/px4_msgs/px4_msgs/msg/detail/debug_key_value__traits.hpp\n'}
[1.353533] (px4_msgs) StdoutLine: {'line': b'-- Up-to-date: /home/mustardking/ws_sensor_combined/install/px4_msgs/include/px4_msgs/px4_msgs/msg/detail/sensors_status_imu__struct.hpp\n'}
[1.353555] (px4_msgs) StdoutLine: {'line': b'-- Up-to-date: /home/mustardking/ws_sensor_combined/install/px4_msgs/include/px4_msgs/px4_msgs/msg/detail/landing_target_pose__traits.hpp\n'}
[1.353577] (px4_msgs) StdoutLine: {'line': b'-- Up-to-date: /home/mustardking/ws_sensor_combined/install/px4_msgs/include/px4_msgs/px4_msgs/msg/detail/estimator_innovations__traits.hpp\n'}
[1.353599] (px4_msgs) StdoutLine: {'line': b'-- Up-to-date: /home/mustardking/ws_sensor_combined/install/px4_msgs/include/px4_msgs/px4_msgs/msg/detail/vehicle_attitude__struct.hpp\n'}
[1.353621] (px4_msgs) StdoutLine: {'line': b'-- Up-to-date: /home/mustardking/ws_sensor_combined/install/px4_msgs/include/px4_msgs/px4_msgs/msg/detail/gimbal_device_set_attitude__struct.hpp\n'}
[1.353644] (px4_msgs) StdoutLine: {'line': b'-- Up-to-date: /home/mustardking/ws_sensor_combined/install/px4_msgs/include/px4_msgs/px4_msgs/msg/detail/sensor_accel__traits.hpp\n'}
[1.353667] (px4_msgs) StdoutLine: {'line': b'-- Up-to-date: /home/mustardking/ws_sensor_combined/install/px4_msgs/include/px4_msgs/px4_msgs/msg/detail/sensor_uwb__builder.hpp\n'}
[1.353692] (px4_msgs) StdoutLine: {'line': b'-- Up-to-date: /home/mustardking/ws_sensor_combined/install/px4_msgs/include/px4_msgs/px4_msgs/msg/detail/position_controller_status__struct.hpp\n'}
[1.353716] (px4_msgs) StdoutLine: {'line': b'-- Up-to-date: /home/mustardking/ws_sensor_combined/install/px4_msgs/include/px4_msgs/px4_msgs/msg/detail/distance_sensor__struct.hpp\n'}
[1.353738] (px4_msgs) StdoutLine: {'line': b'-- Up-to-date: /home/mustardking/ws_sensor_combined/install/px4_msgs/include/px4_msgs/px4_msgs/msg/detail/velocity_limits__builder.hpp\n'}
[1.353759] (px4_msgs) StdoutLine: {'line': b'-- Up-to-date: /home/mustardking/ws_sensor_combined/install/px4_msgs/include/px4_msgs/px4_msgs/msg/detail/vehicle_thrust_setpoint__traits.hpp\n'}
[1.353781] (px4_msgs) StdoutLine: {'line': b'-- Up-to-date: /home/mustardking/ws_sensor_combined/install/px4_msgs/include/px4_msgs/px4_msgs/msg/detail/hover_thrust_estimate__traits.hpp\n'}
[1.353804] (px4_msgs) StdoutLine: {'line': b'-- Up-to-date: /home/mustardking/ws_sensor_combined/install/px4_msgs/include/px4_msgs/px4_msgs/msg/detail/distance_sensor_mode_change_request__builder.hpp\n'}
[1.353826] (px4_msgs) StdoutLine: {'line': b'-- Up-to-date: /home/mustardking/ws_sensor_combined/install/px4_msgs/include/px4_msgs/px4_msgs/msg/detail/estimator_selector_status__type_support.hpp\n'}
[1.353848] (px4_msgs) StdoutLine: {'line': b'-- Up-to-date: /home/mustardking/ws_sensor_combined/install/px4_msgs/include/px4_msgs/px4_msgs/msg/detail/orb_test_medium__traits.hpp\n'}
[1.353870] (px4_msgs) StdoutLine: {'line': b'-- Up-to-date: /home/mustardking/ws_sensor_combined/install/px4_msgs/include/px4_msgs/px4_msgs/msg/detail/gpio_in__type_support.hpp\n'}
[1.353895] (px4_msgs) StdoutLine: {'line': b'-- Up-to-date: /home/mustardking/ws_sensor_combined/install/px4_msgs/include/px4_msgs/px4_msgs/msg/detail/message_format_response__builder.hpp\n'}
[1.353917] (px4_msgs) StdoutLine: {'line': b'-- Up-to-date: /home/mustardking/ws_sensor_combined/install/px4_msgs/include/px4_msgs/px4_msgs/msg/detail/rpm__builder.hpp\n'}
[1.353940] (px4_msgs) StdoutLine: {'line': b'-- Up-to-date: /home/mustardking/ws_sensor_combined/install/px4_msgs/include/px4_msgs/px4_msgs/msg/detail/airspeed_wind__type_support.hpp\n'}
[1.353962] (px4_msgs) StdoutLine: {'line': b'-- Up-to-date: /home/mustardking/ws_sensor_combined/install/px4_msgs/include/px4_msgs/px4_msgs/msg/detail/fixed_wing_lateral_status__builder.hpp\n'}
[1.353983] (px4_msgs) StdoutLine: {'line': b'-- Up-to-date: /home/mustardking/ws_sensor_combined/install/px4_msgs/include/px4_msgs/px4_msgs/msg/detail/parameter_set_value_response__type_support.hpp\n'}
[1.354005] (px4_msgs) StdoutLine: {'line': b'-- Up-to-date: /home/mustardking/ws_sensor_combined/install/px4_msgs/include/px4_msgs/px4_msgs/msg/detail/rtl_status__traits.hpp\n'}
[1.354027] (px4_msgs) StdoutLine: {'line': b'-- Up-to-date: /home/mustardking/ws_sensor_combined/install/px4_msgs/include/px4_msgs/px4_msgs/msg/detail/sensor_uwb__struct.hpp\n'}
[1.354049] (px4_msgs) StdoutLine: {'line': b'-- Up-to-date: /home/mustardking/ws_sensor_combined/install/px4_msgs/include/px4_msgs/px4_msgs/msg/detail/rover_throttle_setpoint__type_support.hpp\n'}
[1.354071] (px4_msgs) StdoutLine: {'line': b'-- Up-to-date: /home/mustardking/ws_sensor_combined/install/px4_msgs/include/px4_msgs/px4_msgs/msg/detail/rtl_time_estimate__type_support.hpp\n'}
[1.354093] (px4_msgs) StdoutLine: {'line': b'-- Up-to-date: /home/mustardking/ws_sensor_combined/install/px4_msgs/include/px4_msgs/px4_msgs/msg/detail/open_drone_id_self_id__struct.hpp\n'}
[1.354302] (px4_msgs) StdoutLine: {'line': b'-- Up-to-date: /home/mustardking/ws_sensor_combined/install/px4_msgs/include/px4_msgs/px4_msgs/msg/detail/fuel_tank_status__builder.hpp\n'}
[1.354362] (px4_msgs) StdoutLine: {'line': b'-- Up-to-date: /home/mustardking/ws_sensor_combined/install/px4_msgs/include/px4_msgs/px4_msgs/msg/detail/yaw_estimator_status__builder.hpp\n'}
[1.354391] (px4_msgs) StdoutLine: {'line': b'-- Up-to-date: /home/mustardking/ws_sensor_combined/install/px4_msgs/include/px4_msgs/px4_msgs/msg/detail/heater_status__struct.hpp\n'}
[1.354416] (px4_msgs) StdoutLine: {'line': b'-- Up-to-date: /home/mustardking/ws_sensor_combined/install/px4_msgs/include/px4_msgs/px4_msgs/msg/detail/message_format_response__struct.hpp\n'}
[1.354443] (px4_msgs) StdoutLine: {'line': b'-- Up-to-date: /home/mustardking/ws_sensor_combined/install/px4_msgs/include/px4_msgs/px4_msgs/msg/detail/dataman_response__traits.hpp\n'}
[1.354466] (px4_msgs) StdoutLine: {'line': b'-- Up-to-date: /home/mustardking/ws_sensor_combined/install/px4_msgs/include/px4_msgs/px4_msgs/msg/detail/vehicle_command_ack__type_support.hpp\n'}
[1.354490] (px4_msgs) StdoutLine: {'line': b'-- Up-to-date: /home/mustardking/ws_sensor_combined/install/px4_msgs/include/px4_msgs/px4_msgs/msg/detail/rover_throttle_setpoint__struct.hpp\n'}
[1.354512] (px4_msgs) StdoutLine: {'line': b'-- Up-to-date: /home/mustardking/ws_sensor_combined/install/px4_msgs/include/px4_msgs/px4_msgs/msg/detail/sensor_accel_fifo__type_support.hpp\n'}
[1.354536] (px4_msgs) StdoutLine: {'line': b'-- Up-to-date: /home/mustardking/ws_sensor_combined/install/px4_msgs/include/px4_msgs/px4_msgs/msg/detail/transponder_report__builder.hpp\n'}
[1.354559] (px4_msgs) StdoutLine: {'line': b'-- Up-to-date: /home/mustardking/ws_sensor_combined/install/px4_msgs/include/px4_msgs/px4_msgs/msg/detail/internal_combustion_engine_status__builder.hpp\n'}
[1.354582] (px4_msgs) StdoutLine: {'line': b'-- Up-to-date: /home/mustardking/ws_sensor_combined/install/px4_msgs/include/px4_msgs/px4_msgs/msg/detail/parameter_set_value_request__traits.hpp\n'}
[1.354609] (px4_msgs) StdoutLine: {'line': b'-- Up-to-date: /home/mustardking/ws_sensor_combined/install/px4_msgs/include/px4_msgs/px4_msgs/msg/detail/button_event__builder.hpp\n'}
[1.354631] (px4_msgs) StdoutLine: {'line': b'-- Up-to-date: /home/mustardking/ws_sensor_combined/install/px4_msgs/include/px4_msgs/px4_msgs/msg/detail/navigator_status__type_support.hpp\n'}
[1.354654] (px4_msgs) StdoutLine: {'line': b'-- Up-to-date: /home/mustardking/ws_sensor_combined/install/px4_msgs/include/px4_msgs/px4_msgs/msg/detail/debug_vect__type_support.hpp\n'}
[1.354677] (px4_msgs) StdoutLine: {'line': b'-- Up-to-date: /home/mustardking/ws_sensor_combined/install/px4_msgs/include/px4_msgs/px4_msgs/msg/detail/mag_worker_data__struct.hpp\n'}
[1.354699] (px4_msgs) StdoutLine: {'line': b'-- Up-to-date: /home/mustardking/ws_sensor_combined/install/px4_msgs/include/px4_msgs/px4_msgs/msg/detail/log_message__builder.hpp\n'}
[1.354722] (px4_msgs) StdoutLine: {'line': b'-- Up-to-date: /home/mustardking/ws_sensor_combined/install/px4_msgs/include/px4_msgs/px4_msgs/msg/detail/power_button_state__struct.hpp\n'}
[1.354745] (px4_msgs) StdoutLine: {'line': b'-- Up-to-date: /home/mustardking/ws_sensor_combined/install/px4_msgs/include/px4_msgs/px4_msgs/msg/detail/cpuload__traits.hpp\n'}
[1.354770] (px4_msgs) StdoutLine: {'line': b'-- Up-to-date: /home/mustardking/ws_sensor_combined/install/px4_msgs/include/px4_msgs/px4_msgs/msg/detail/dronecan_node_status__struct.hpp\n'}
[1.354793] (px4_msgs) StdoutLine: {'line': b'-- Up-to-date: /home/mustardking/ws_sensor_combined/install/px4_msgs/include/px4_msgs/px4_msgs/msg/detail/register_ext_component_reply__traits.hpp\n'}
[1.354816] (px4_msgs) StdoutLine: {'line': b'-- Up-to-date: /home/mustardking/ws_sensor_combined/install/px4_msgs/include/px4_msgs/px4_msgs/msg/detail/vehicle_optical_flow__traits.hpp\n'}
[1.354840] (px4_msgs) StdoutLine: {'line': b'-- Up-to-date: /home/mustardking/ws_sensor_combined/install/px4_msgs/include/px4_msgs/px4_msgs/msg/detail/timesync_status__builder.hpp\n'}
[1.354862] (px4_msgs) StdoutLine: {'line': b'-- Up-to-date: /home/mustardking/ws_sensor_combined/install/px4_msgs/include/px4_msgs/px4_msgs/msg/detail/rtl_time_estimate__struct.hpp\n'}
[1.354885] (px4_msgs) StdoutLine: {'line': b'-- Up-to-date: /home/mustardking/ws_sensor_combined/install/px4_msgs/include/px4_msgs/px4_msgs/msg/detail/fixed_wing_lateral_setpoint__builder.hpp\n'}
[1.354908] (px4_msgs) StdoutLine: {'line': b'-- Up-to-date: /home/mustardking/ws_sensor_combined/install/px4_msgs/include/px4_msgs/px4_msgs/msg/detail/vehicle_magnetometer__builder.hpp\n'}
[1.354930] (px4_msgs) StdoutLine: {'line': b'-- Up-to-date: /home/mustardking/ws_sensor_combined/install/px4_msgs/include/px4_msgs/px4_msgs/msg/detail/task_stack_info__type_support.hpp\n'}
[1.354954] (px4_msgs) StdoutLine: {'line': b'-- Up-to-date: /home/mustardking/ws_sensor_combined/install/px4_msgs/include/px4_msgs/px4_msgs/msg/detail/open_drone_id_self_id__builder.hpp\n'}
[1.354977] (px4_msgs) StdoutLine: {'line': b'-- Up-to-date: /home/mustardking/ws_sensor_combined/install/px4_msgs/include/px4_msgs/px4_msgs/msg/detail/vehicle_angular_velocity__builder.hpp\n'}
[1.354999] (px4_msgs) StdoutLine: {'line': b'-- Up-to-date: /home/mustardking/ws_sensor_combined/install/px4_msgs/include/px4_msgs/px4_msgs/msg/detail/orb_test_large__traits.hpp\n'}
[1.355037] (px4_msgs) StdoutLine: {'line': b'-- Up-to-date: /home/mustardking/ws_sensor_combined/install/px4_msgs/include/px4_msgs/px4_msgs/msg/detail/rc_channels__type_support.hpp\n'}
[1.355060] (px4_msgs) StdoutLine: {'line': b'-- Up-to-date: /home/mustardking/ws_sensor_combined/install/px4_msgs/include/px4_msgs/px4_msgs/msg/detail/estimator_status__traits.hpp\n'}
[1.355082] (px4_msgs) StdoutLine: {'line': b'-- Up-to-date: /home/mustardking/ws_sensor_combined/install/px4_msgs/include/px4_msgs/px4_msgs/msg/detail/action_request__type_support.hpp\n'}
[1.355105] (px4_msgs) StdoutLine: {'line': b'-- Up-to-date: /home/mustardking/ws_sensor_combined/install/px4_msgs/include/px4_msgs/px4_msgs/msg/detail/sensor_gyro_fft__struct.hpp\n'}
[1.355127] (px4_msgs) StdoutLine: {'line': b'-- Up-to-date: /home/mustardking/ws_sensor_combined/install/px4_msgs/include/px4_msgs/px4_msgs/msg/detail/control_allocator_status__builder.hpp\n'}
[1.355150] (px4_msgs) StdoutLine: {'line': b'-- Up-to-date: /home/mustardking/ws_sensor_combined/install/px4_msgs/include/px4_msgs/px4_msgs/msg/detail/sensor_gyro_fft__type_support.hpp\n'}
[1.355195] (px4_msgs) StdoutLine: {'line': b'-- Up-to-date: /home/mustardking/ws_sensor_combined/install/px4_msgs/include/px4_msgs/px4_msgs/msg/detail/dronecan_node_status__builder.hpp\n'}
[1.355218] (px4_msgs) StdoutLine: {'line': b'-- Up-to-date: /home/mustardking/ws_sensor_combined/install/px4_msgs/include/px4_msgs/px4_msgs/msg/detail/heater_status__builder.hpp\n'}
[1.355241] (px4_msgs) StdoutLine: {'line': b'-- Up-to-date: /home/mustardking/ws_sensor_combined/install/px4_msgs/include/px4_msgs/px4_msgs/msg/detail/sensor_gps__builder.hpp\n'}
[1.355264] (px4_msgs) StdoutLine: {'line': b'-- Up-to-date: /home/mustardking/ws_sensor_combined/install/px4_msgs/include/px4_msgs/px4_msgs/msg/detail/mavlink_log__traits.hpp\n'}
[1.355286] (px4_msgs) StdoutLine: {'line': b'-- Up-to-date: /home/mustardking/ws_sensor_combined/install/px4_msgs/include/px4_msgs/px4_msgs/msg/detail/unregister_ext_component__struct.hpp\n'}
[1.355313] (px4_msgs) StdoutLine: {'line': b'-- Up-to-date: /home/mustardking/ws_sensor_combined/install/px4_msgs/include/px4_msgs/px4_msgs/msg/detail/neural_control__traits.hpp\n'}
[1.355335] (px4_msgs) StdoutLine: {'line': b'-- Up-to-date: /home/mustardking/ws_sensor_combined/install/px4_msgs/include/px4_msgs/px4_msgs/msg/detail/tecs_status__struct.hpp\n'}
[1.355358] (px4_msgs) StdoutLine: {'line': b'-- Up-to-date: /home/mustardking/ws_sensor_combined/install/px4_msgs/include/px4_msgs/px4_msgs/msg/detail/esc_status__traits.hpp\n'}
[1.355380] (px4_msgs) StdoutLine: {'line': b'-- Up-to-date: /home/mustardking/ws_sensor_combined/install/px4_msgs/include/px4_msgs/px4_msgs/msg/detail/rtl_time_estimate__traits.hpp\n'}
[1.355403] (px4_msgs) StdoutLine: {'line': b'-- Up-to-date: /home/mustardking/ws_sensor_combined/install/px4_msgs/include/px4_msgs/px4_msgs/msg/detail/internal_combustion_engine_status__struct.hpp\n'}
[1.355426] (px4_msgs) StdoutLine: {'line': b'-- Up-to-date: /home/mustardking/ws_sensor_combined/install/px4_msgs/include/px4_msgs/px4_msgs/msg/detail/vehicle_air_data__struct.hpp\n'}
[1.356123] (px4_msgs) StdoutLine: {'line': b'-- Up-to-date: /home/mustardking/ws_sensor_combined/install/px4_msgs/include/px4_msgs/px4_msgs/msg/detail/rover_rate_status__traits.hpp\n'}
[1.356149] (px4_msgs) StdoutLine: {'line': b'-- Up-to-date: /home/mustardking/ws_sensor_combined/install/px4_msgs/include/px4_msgs/px4_msgs/msg/detail/orbit_status__type_support.hpp\n'}
[1.356174] (px4_msgs) StdoutLine: {'line': b'-- Up-to-date: /home/mustardking/ws_sensor_combined/install/px4_msgs/include/px4_msgs/px4_msgs/msg/detail/px4io_status__struct.hpp\n'}
[1.356198] (px4_msgs) StdoutLine: {'line': b'-- Up-to-date: /home/mustardking/ws_sensor_combined/install/px4_msgs/include/px4_msgs/px4_msgs/msg/detail/estimator_status__builder.hpp\n'}
[1.356222] (px4_msgs) StdoutLine: {'line': b'-- Up-to-date: /home/mustardking/ws_sensor_combined/install/px4_msgs/include/px4_msgs/px4_msgs/msg/detail/vehicle_land_detected__builder.hpp\n'}
[1.356245] (px4_msgs) StdoutLine: {'line': b'-- Up-to-date: /home/mustardking/ws_sensor_combined/install/px4_msgs/include/px4_msgs/px4_msgs/msg/detail/input_rc__struct.hpp\n'}
[1.356268] (px4_msgs) StdoutLine: {'line': b'-- Up-to-date: /home/mustardking/ws_sensor_combined/install/px4_msgs/include/px4_msgs/px4_msgs/msg/detail/sensor_accel_fifo__traits.hpp\n'}
[1.356293] (px4_msgs) StdoutLine: {'line': b'-- Up-to-date: /home/mustardking/ws_sensor_combined/install/px4_msgs/include/px4_msgs/px4_msgs/msg/detail/hover_thrust_estimate__struct.hpp\n'}
[1.356316] (px4_msgs) StdoutLine: {'line': b'-- Up-to-date: /home/mustardking/ws_sensor_combined/install/px4_msgs/include/px4_msgs/px4_msgs/msg/detail/vtol_vehicle_status__builder.hpp\n'}
[1.356339] (px4_msgs) StdoutLine: {'line': b'-- Up-to-date: /home/mustardking/ws_sensor_combined/install/px4_msgs/include/px4_msgs/px4_msgs/msg/detail/navigator_mission_item__struct.hpp\n'}
[1.356362] (px4_msgs) StdoutLine: {'line': b'-- Up-to-date: /home/mustardking/ws_sensor_combined/install/px4_msgs/include/px4_msgs/px4_msgs/msg/detail/estimator_selector_status__builder.hpp\n'}
[1.356385] (px4_msgs) StdoutLine: {'line': b'-- Up-to-date: /home/mustardking/ws_sensor_combined/install/px4_msgs/include/px4_msgs/px4_msgs/msg/detail/vehicle_optical_flow__struct.hpp\n'}
[1.356408] (px4_msgs) StdoutLine: {'line': b'-- Up-to-date: /home/mustardking/ws_sensor_combined/install/px4_msgs/include/px4_msgs/px4_msgs/msg/detail/vehicle_imu_status__struct.hpp\n'}
[1.356430] (px4_msgs) StdoutLine: {'line': b'-- Up-to-date: /home/mustardking/ws_sensor_combined/install/px4_msgs/include/px4_msgs/px4_msgs/msg/detail/airspeed_wind__builder.hpp\n'}
[1.356452] (px4_msgs) StdoutLine: {'line': b'-- Up-to-date: /home/mustardking/ws_sensor_combined/install/px4_msgs/include/px4_msgs/px4_msgs/msg/detail/timesync_status__type_support.hpp\n'}
[1.356475] (px4_msgs) StdoutLine: {'line': b'-- Up-to-date: /home/mustardking/ws_sensor_combined/install/px4_msgs/include/px4_msgs/px4_msgs/msg/detail/rover_throttle_setpoint__traits.hpp\n'}
[1.356498] (px4_msgs) StdoutLine: {'line': b'-- Up-to-date: /home/mustardking/ws_sensor_combined/install/px4_msgs/include/px4_msgs/px4_msgs/msg/detail/vehicle_imu_status__type_support.hpp\n'}
[1.356521] (px4_msgs) StdoutLine: {'line': b'-- Up-to-date: /home/mustardking/ws_sensor_combined/install/px4_msgs/include/px4_msgs/px4_msgs/msg/detail/rover_speed_status__traits.hpp\n'}
[1.356543] (px4_msgs) StdoutLine: {'line': b'-- Up-to-date: /home/mustardking/ws_sensor_combined/install/px4_msgs/include/px4_msgs/px4_msgs/msg/detail/estimator_gps_status__type_support.hpp\n'}
[1.356566] (px4_msgs) StdoutLine: {'line': b'-- Up-to-date: /home/mustardking/ws_sensor_combined/install/px4_msgs/include/px4_msgs/px4_msgs/msg/detail/fuel_tank_status__traits.hpp\n'}
[1.356588] (px4_msgs) StdoutLine: {'line': b'-- Up-to-date: /home/mustardking/ws_sensor_combined/install/px4_msgs/include/px4_msgs/px4_msgs/msg/detail/landing_target_innovations__type_support.hpp\n'}
[1.356610] (px4_msgs) StdoutLine: {'line': b'-- Up-to-date: /home/mustardking/ws_sensor_combined/install/px4_msgs/include/px4_msgs/px4_msgs/msg/detail/vehicle_status__type_support.hpp\n'}
[1.356633] (px4_msgs) StdoutLine: {'line': b'-- Up-to-date: /home/mustardking/ws_sensor_combined/install/px4_msgs/include/px4_msgs/px4_msgs/msg/detail/parameter_update__traits.hpp\n'}
[1.356658] (px4_msgs) StdoutLine: {'line': b'-- Up-to-date: /home/mustardking/ws_sensor_combined/install/px4_msgs/include/px4_msgs/px4_msgs/msg/detail/sensor_airflow__builder.hpp\n'}
[1.356684] (px4_msgs) StdoutLine: {'line': b'-- Up-to-date: /home/mustardking/ws_sensor_combined/install/px4_msgs/include/px4_msgs/px4_msgs/msg/detail/ulog_stream_ack__builder.hpp\n'}
[1.356706] (px4_msgs) StdoutLine: {'line': b'-- Up-to-date: /home/mustardking/ws_sensor_combined/install/px4_msgs/include/px4_msgs/px4_msgs/msg/detail/iridiumsbd_status__type_support.hpp\n'}
[1.356728] (px4_msgs) StdoutLine: {'line': b'-- Up-to-date: /home/mustardking/ws_sensor_combined/install/px4_msgs/include/px4_msgs/px4_msgs/msg/detail/estimator_states__struct.hpp\n'}
[1.356751] (px4_msgs) StdoutLine: {'line': b'-- Up-to-date: /home/mustardking/ws_sensor_combined/install/px4_msgs/include/px4_msgs/px4_msgs/msg/detail/autotune_attitude_control_status__struct.hpp\n'}
[1.356775] (px4_msgs) StdoutLine: {'line': b'-- Up-to-date: /home/mustardking/ws_sensor_combined/install/px4_msgs/include/px4_msgs/px4_msgs/msg/detail/esc_report__type_support.hpp\n'}
[1.356798] (px4_msgs) StdoutLine: {'line': b'-- Up-to-date: /home/mustardking/ws_sensor_combined/install/px4_msgs/include/px4_msgs/px4_msgs/msg/detail/log_message__struct.hpp\n'}
[1.356820] (px4_msgs) StdoutLine: {'line': b'-- Up-to-date: /home/mustardking/ws_sensor_combined/install/px4_msgs/include/px4_msgs/px4_msgs/msg/detail/pure_pursuit_status__struct.hpp\n'}
[1.356843] (px4_msgs) StdoutLine: {'line': b'-- Up-to-date: /home/mustardking/ws_sensor_combined/install/px4_msgs/include/px4_msgs/px4_msgs/msg/detail/navigator_status__traits.hpp\n'}
[1.356865] (px4_msgs) StdoutLine: {'line': b'-- Up-to-date: /home/mustardking/ws_sensor_combined/install/px4_msgs/include/px4_msgs/px4_msgs/msg/detail/gimbal_controls__type_support.hpp\n'}
[1.356888] (px4_msgs) StdoutLine: {'line': b'-- Up-to-date: /home/mustardking/ws_sensor_combined/install/px4_msgs/include/px4_msgs/px4_msgs/msg/detail/vehicle_odometry__type_support.hpp\n'}
[1.356911] (px4_msgs) StdoutLine: {'line': b'-- Up-to-date: /home/mustardking/ws_sensor_combined/install/px4_msgs/include/px4_msgs/px4_msgs/msg/detail/geofence_result__struct.hpp\n'}
[1.356933] (px4_msgs) StdoutLine: {'line': b'-- Up-to-date: /home/mustardking/ws_sensor_combined/install/px4_msgs/include/px4_msgs/px4_msgs/msg/detail/actuator_servos__builder.hpp\n'}
[1.356955] (px4_msgs) StdoutLine: {'line': b'-- Up-to-date: /home/mustardking/ws_sensor_combined/install/px4_msgs/include/px4_msgs/px4_msgs/msg/detail/gimbal_device_information__struct.hpp\n'}
[1.356978] (px4_msgs) StdoutLine: {'line': b'-- Up-to-date: /home/mustardking/ws_sensor_combined/install/px4_msgs/include/px4_msgs/px4_msgs/msg/detail/rover_rate_setpoint__traits.hpp\n'}
[1.357000] (px4_msgs) StdoutLine: {'line': b'-- Up-to-date: /home/mustardking/ws_sensor_combined/install/px4_msgs/include/px4_msgs/px4_msgs/msg/detail/logger_status__traits.hpp\n'}
[1.357024] (px4_msgs) StdoutLine: {'line': b'-- Up-to-date: /home/mustardking/ws_sensor_combined/install/px4_msgs/include/px4_msgs/px4_msgs/msg/detail/vehicle_optical_flow_vel__type_support.hpp\n'}
[1.357046] (px4_msgs) StdoutLine: {'line': b'-- Up-to-date: /home/mustardking/ws_sensor_combined/install/px4_msgs/include/px4_msgs/px4_msgs/msg/detail/vehicle_optical_flow_vel__struct.hpp\n'}
[1.357068] (px4_msgs) StdoutLine: {'line': b'-- Up-to-date: /home/mustardking/ws_sensor_combined/install/px4_msgs/include/px4_msgs/px4_msgs/msg/detail/camera_status__type_support.hpp\n'}
[1.357091] (px4_msgs) StdoutLine: {'line': b'-- Up-to-date: /home/mustardking/ws_sensor_combined/install/px4_msgs/include/px4_msgs/px4_msgs/msg/detail/vehicle_rates_setpoint__type_support.hpp\n'}
[1.357113] (px4_msgs) StdoutLine: {'line': b'-- Up-to-date: /home/mustardking/ws_sensor_combined/install/px4_msgs/include/px4_msgs/px4_msgs/msg/detail/satellite_info__builder.hpp\n'}
[1.357135] (px4_msgs) StdoutLine: {'line': b'-- Up-to-date: /home/mustardking/ws_sensor_combined/install/px4_msgs/include/px4_msgs/px4_msgs/msg/detail/mag_worker_data__type_support.hpp\n'}
[1.357159] (px4_msgs) StdoutLine: {'line': b'-- Up-to-date: /home/mustardking/ws_sensor_combined/install/px4_msgs/include/px4_msgs/px4_msgs/msg/detail/vehicle_constraints__builder.hpp\n'}
[1.357182] (px4_msgs) StdoutLine: {'line': b'-- Up-to-date: /home/mustardking/ws_sensor_combined/install/px4_msgs/include/px4_msgs/px4_msgs/msg/detail/message_format_request__builder.hpp\n'}
[1.357205] (px4_msgs) StdoutLine: {'line': b'-- Up-to-date: /home/mustardking/ws_sensor_combined/install/px4_msgs/include/px4_msgs/px4_msgs/msg/detail/differential_pressure__traits.hpp\n'}
[1.357227] (px4_msgs) StdoutLine: {'line': b'-- Up-to-date: /home/mustardking/ws_sensor_combined/install/px4_msgs/include/px4_msgs/px4_msgs/msg/detail/sensor_gps__struct.hpp\n'}
[1.357249] (px4_msgs) StdoutLine: {'line': b'-- Up-to-date: /home/mustardking/ws_sensor_combined/install/px4_msgs/include/px4_msgs/px4_msgs/msg/detail/landing_gear__builder.hpp\n'}
[1.357271] (px4_msgs) StdoutLine: {'line': b'-- Up-to-date: /home/mustardking/ws_sensor_combined/install/px4_msgs/include/px4_msgs/px4_msgs/msg/detail/cellular_status__struct.hpp\n'}
[1.357294] (px4_msgs) StdoutLine: {'line': b'-- Up-to-date: /home/mustardking/ws_sensor_combined/install/px4_msgs/include/px4_msgs/px4_msgs/msg/detail/lateral_control_configuration__struct.hpp\n'}
[1.357316] (px4_msgs) StdoutLine: {'line': b'-- Up-to-date: /home/mustardking/ws_sensor_combined/install/px4_msgs/include/px4_msgs/px4_msgs/msg/detail/vehicle_acceleration__type_support.hpp\n'}
[1.357338] (px4_msgs) StdoutLine: {'line': b'-- Up-to-date: /home/mustardking/ws_sensor_combined/install/px4_msgs/include/px4_msgs/px4_msgs/msg/detail/ekf2_timestamps__traits.hpp\n'}
[1.357364] (px4_msgs) StdoutLine: {'line': b'-- Up-to-date: /home/mustardking/ws_sensor_combined/install/px4_msgs/include/px4_msgs/px4_msgs/msg/detail/obstacle_distance__traits.hpp\n'}
[1.357389] (px4_msgs) StdoutLine: {'line': b'-- Up-to-date: /home/mustardking/ws_sensor_combined/install/px4_msgs/include/px4_msgs/px4_msgs/msg/detail/led_control__struct.hpp\n'}
[1.357412] (px4_msgs) StdoutLine: {'line': b'-- Up-to-date: /home/mustardking/ws_sensor_combined/install/px4_msgs/include/px4_msgs/px4_msgs/msg/detail/cellular_status__traits.hpp\n'}
[1.357435] (px4_msgs) StdoutLine: {'line': b'-- Up-to-date: /home/mustardking/ws_sensor_combined/install/px4_msgs/include/px4_msgs/px4_msgs/msg/detail/gimbal_manager_set_manual_control__builder.hpp\n'}
[1.357457] (px4_msgs) StdoutLine: {'line': b'-- Up-to-date: /home/mustardking/ws_sensor_combined/install/px4_msgs/include/px4_msgs/px4_msgs/msg/detail/follow_target_estimator__type_support.hpp\n'}
[1.357479] (px4_msgs) StdoutLine: {'line': b'-- Up-to-date: /home/mustardking/ws_sensor_combined/install/px4_msgs/include/px4_msgs/px4_msgs/msg/detail/rover_rate_status__builder.hpp\n'}
[1.357502] (px4_msgs) StdoutLine: {'line': b'-- Up-to-date: /home/mustardking/ws_sensor_combined/install/px4_msgs/include/px4_msgs/px4_msgs/msg/detail/sensors_status_imu__type_support.hpp\n'}
[1.357524] (px4_msgs) StdoutLine: {'line': b'-- Up-to-date: /home/mustardking/ws_sensor_combined/install/px4_msgs/include/px4_msgs/px4_msgs/msg/detail/estimator_innovations__builder.hpp\n'}
[1.357547] (px4_msgs) StdoutLine: {'line': b'-- Up-to-date: /home/mustardking/ws_sensor_combined/install/px4_msgs/include/px4_msgs/px4_msgs/msg/detail/tiltrotor_extra_controls__builder.hpp\n'}
[1.357570] (px4_msgs) StdoutLine: {'line': b'-- Up-to-date: /home/mustardking/ws_sensor_combined/install/px4_msgs/include/px4_msgs/px4_msgs/msg/detail/vehicle_roi__traits.hpp\n'}
[1.357592] (px4_msgs) StdoutLine: {'line': b'-- Up-to-date: /home/mustardking/ws_sensor_combined/install/px4_msgs/include/px4_msgs/px4_msgs/msg/detail/vehicle_local_position__struct.hpp\n'}
[1.357615] (px4_msgs) StdoutLine: {'line': b'-- Up-to-date: /home/mustardking/ws_sensor_combined/install/px4_msgs/include/px4_msgs/px4_msgs/msg/detail/estimator_aid_source3d__traits.hpp\n'}
[1.357638] (px4_msgs) StdoutLine: {'line': b'-- Up-to-date: /home/mustardking/ws_sensor_combined/install/px4_msgs/include/px4_msgs/px4_msgs/msg/detail/magnetometer_bias_estimate__struct.hpp\n'}
[1.357661] (px4_msgs) StdoutLine: {'line': b'-- Up-to-date: /home/mustardking/ws_sensor_combined/install/px4_msgs/include/px4_msgs/px4_msgs/msg/detail/led_control__type_support.hpp\n'}
[1.357684] (px4_msgs) StdoutLine: {'line': b'-- Up-to-date: /home/mustardking/ws_sensor_combined/install/px4_msgs/include/px4_msgs/px4_msgs/msg/detail/vehicle_imu__builder.hpp\n'}
[1.357707] (px4_msgs) StdoutLine: {'line': b'-- Up-to-date: /home/mustardking/ws_sensor_combined/install/px4_msgs/include/px4_msgs/px4_msgs/msg/detail/orb_test__builder.hpp\n'}
[1.357730] (px4_msgs) StdoutLine: {'line': b'-- Up-to-date: /home/mustardking/ws_sensor_combined/install/px4_msgs/include/px4_msgs/px4_msgs/msg/detail/rover_speed_status__struct.hpp\n'}
[1.357759] (px4_msgs) StdoutLine: {'line': b'-- Up-to-date: /home/mustardking/ws_sensor_combined/install/px4_msgs/include/px4_msgs/px4_msgs/msg/detail/landing_gear_wheel__struct.hpp\n'}
[1.357782] (px4_msgs) StdoutLine: {'line': b'-- Up-to-date: /home/mustardking/ws_sensor_combined/install/px4_msgs/include/px4_msgs/px4_msgs/msg/detail/gps_dump__traits.hpp\n'}
[1.357804] (px4_msgs) StdoutLine: {'line': b'-- Up-to-date: /home/mustardking/ws_sensor_combined/install/px4_msgs/include/px4_msgs/px4_msgs/msg/detail/gpio_request__struct.hpp\n'}
[1.357827] (px4_msgs) StdoutLine: {'line': b'-- Up-to-date: /home/mustardking/ws_sensor_combined/install/px4_msgs/include/px4_msgs/px4_msgs/msg/detail/orb_test_medium__builder.hpp\n'}
[1.357850] (px4_msgs) StdoutLine: {'line': b'-- Up-to-date: /home/mustardking/ws_sensor_combined/install/px4_msgs/include/px4_msgs/px4_msgs/msg/detail/gimbal_manager_set_manual_control__traits.hpp\n'}
[1.357872] (px4_msgs) StdoutLine: {'line': b'-- Up-to-date: /home/mustardking/ws_sensor_combined/install/px4_msgs/include/px4_msgs/px4_msgs/msg/detail/estimator_gps_status__builder.hpp\n'}
[1.357894] (px4_msgs) StdoutLine: {'line': b'-- Up-to-date: /home/mustardking/ws_sensor_combined/install/px4_msgs/include/px4_msgs/px4_msgs/msg/detail/vehicle_rates_setpoint__builder.hpp\n'}
[1.357917] (px4_msgs) StdoutLine: {'line': b'-- Up-to-date: /home/mustardking/ws_sensor_combined/install/px4_msgs/include/px4_msgs/px4_msgs/msg/detail/rover_speed_setpoint__type_support.hpp\n'}
[1.357940] (px4_msgs) StdoutLine: {'line': b'-- Up-to-date: /home/mustardking/ws_sensor_combined/install/px4_msgs/include/px4_msgs/px4_msgs/msg/detail/trajectory_setpoint__type_support.hpp\n'}
[1.357963] (px4_msgs) StdoutLine: {'line': b'-- Up-to-date: /home/mustardking/ws_sensor_combined/install/px4_msgs/include/px4_msgs/px4_msgs/msg/detail/dataman_request__struct.hpp\n'}
[1.357985] (px4_msgs) StdoutLine: {'line': b'-- Up-to-date: /home/mustardking/ws_sensor_combined/install/px4_msgs/include/px4_msgs/px4_msgs/msg/detail/rover_attitude_setpoint__struct.hpp\n'}
[1.358007] (px4_msgs) StdoutLine: {'line': b'-- Up-to-date: /home/mustardking/ws_sensor_combined/install/px4_msgs/include/px4_msgs/px4_msgs/msg/detail/tune_control__type_support.hpp\n'}
[1.358034] (px4_msgs) StdoutLine: {'line': b'-- Up-to-date: /home/mustardking/ws_sensor_combined/install/px4_msgs/include/px4_msgs/px4_msgs/msg/detail/gimbal_manager_information__builder.hpp\n'}
[1.358057] (px4_msgs) StdoutLine: {'line': b'-- Up-to-date: /home/mustardking/ws_sensor_combined/install/px4_msgs/include/px4_msgs/px4_msgs/msg/detail/position_controller_status__builder.hpp\n'}
[1.358079] (px4_msgs) StdoutLine: {'line': b'-- Up-to-date: /home/mustardking/ws_sensor_combined/install/px4_msgs/include/px4_msgs/px4_msgs/msg/detail/dronecan_node_status__traits.hpp\n'}
[1.358102] (px4_msgs) StdoutLine: {'line': b'-- Up-to-date: /home/mustardking/ws_sensor_combined/install/px4_msgs/include/px4_msgs/px4_msgs/msg/detail/vehicle_angular_acceleration_setpoint__traits.hpp\n'}
[1.358125] (px4_msgs) StdoutLine: {'line': b'-- Up-to-date: /home/mustardking/ws_sensor_combined/install/px4_msgs/include/px4_msgs/px4_msgs/msg/detail/rover_attitude_setpoint__type_support.hpp\n'}
[1.358148] (px4_msgs) StdoutLine: {'line': b'-- Up-to-date: /home/mustardking/ws_sensor_combined/install/px4_msgs/include/px4_msgs/px4_msgs/msg/detail/estimator_bias3d__type_support.hpp\n'}
[1.358172] (px4_msgs) StdoutLine: {'line': b'-- Up-to-date: /home/mustardking/ws_sensor_combined/install/px4_msgs/include/px4_msgs/px4_msgs/msg/detail/ulog_stream_ack__type_support.hpp\n'}
[1.358195] (px4_msgs) StdoutLine: {'line': b'-- Up-to-date: /home/mustardking/ws_sensor_combined/install/px4_msgs/include/px4_msgs/px4_msgs/msg/detail/message_format_request__traits.hpp\n'}
[1.358295] (px4_msgs) StdoutLine: {'line': b'-- Up-to-date: /home/mustardking/ws_sensor_combined/install/px4_msgs/include/px4_msgs/px4_msgs/msg/detail/goto_setpoint__type_support.hpp\n'}
[1.358329] (px4_msgs) StdoutLine: {'line': b'-- Up-to-date: /home/mustardking/ws_sensor_combined/install/px4_msgs/include/px4_msgs/px4_msgs/msg/detail/open_drone_id_system__type_support.hpp\n'}
[1.358352] (px4_msgs) StdoutLine: {'line': b'-- Up-to-date: /home/mustardking/ws_sensor_combined/install/px4_msgs/include/px4_msgs/px4_msgs/msg/detail/generator_status__traits.hpp\n'}
[1.358375] (px4_msgs) StdoutLine: {'line': b'-- Up-to-date: /home/mustardking/ws_sensor_combined/install/px4_msgs/include/px4_msgs/px4_msgs/msg/detail/vehicle_local_position__traits.hpp\n'}
[1.358398] (px4_msgs) StdoutLine: {'line': b'-- Up-to-date: /home/mustardking/ws_sensor_combined/install/px4_msgs/include/px4_msgs/px4_msgs/msg/detail/mission_result__builder.hpp\n'}
[1.358420] (px4_msgs) StdoutLine: {'line': b'-- Up-to-date: /home/mustardking/ws_sensor_combined/install/px4_msgs/include/px4_msgs/px4_msgs/msg/detail/sensor_gps__type_support.hpp\n'}
[1.358442] (px4_msgs) StdoutLine: {'line': b'-- Up-to-date: /home/mustardking/ws_sensor_combined/install/px4_msgs/include/px4_msgs/px4_msgs/msg/detail/ekf2_timestamps__builder.hpp\n'}
[1.358465] (px4_msgs) StdoutLine: {'line': b'-- Up-to-date: /home/mustardking/ws_sensor_combined/install/px4_msgs/include/px4_msgs/px4_msgs/msg/detail/heater_status__type_support.hpp\n'}
[1.358488] (px4_msgs) StdoutLine: {'line': b'-- Up-to-date: /home/mustardking/ws_sensor_combined/install/px4_msgs/include/px4_msgs/px4_msgs/msg/detail/arming_check_request__builder.hpp\n'}
[1.358511] (px4_msgs) StdoutLine: {'line': b'-- Up-to-date: /home/mustardking/ws_sensor_combined/install/px4_msgs/include/px4_msgs/px4_msgs/msg/detail/estimator_states__builder.hpp\n'}
[1.358534] (px4_msgs) StdoutLine: {'line': b'-- Up-to-date: /home/mustardking/ws_sensor_combined/install/px4_msgs/include/px4_msgs/px4_msgs/msg/detail/fixed_wing_longitudinal_setpoint__type_support.hpp\n'}
[1.358556] (px4_msgs) StdoutLine: {'line': b'-- Up-to-date: /home/mustardking/ws_sensor_combined/install/px4_msgs/include/px4_msgs/px4_msgs/msg/detail/longitudinal_control_configuration__type_support.hpp\n'}
[1.358580] (px4_msgs) StdoutLine: {'line': b'-- Up-to-date: /home/mustardking/ws_sensor_combined/install/px4_msgs/include/px4_msgs/px4_msgs/msg/detail/vtol_vehicle_status__struct.hpp\n'}
[1.358602] (px4_msgs) StdoutLine: {'line': b'-- Up-to-date: /home/mustardking/ws_sensor_combined/install/px4_msgs/include/px4_msgs/px4_msgs/msg/detail/esc_report__struct.hpp\n'}
[1.358625] (px4_msgs) StdoutLine: {'line': b'-- Up-to-date: /home/mustardking/ws_sensor_combined/install/px4_msgs/include/px4_msgs/px4_msgs/msg/detail/geofence_status__builder.hpp\n'}
[1.358647] (px4_msgs) StdoutLine: {'line': b'-- Up-to-date: /home/mustardking/ws_sensor_combined/install/px4_msgs/include/px4_msgs/px4_msgs/msg/detail/landing_target_innovations__traits.hpp\n'}
[1.358669] (px4_msgs) StdoutLine: {'line': b'-- Up-to-date: /home/mustardking/ws_sensor_combined/install/px4_msgs/include/px4_msgs/px4_msgs/msg/detail/vehicle_status__builder.hpp\n'}
[1.358692] (px4_msgs) StdoutLine: {'line': b'-- Up-to-date: /home/mustardking/ws_sensor_combined/install/px4_msgs/include/px4_msgs/px4_msgs/msg/detail/sensor_correction__builder.hpp\n'}
[1.358715] (px4_msgs) StdoutLine: {'line': b'-- Up-to-date: /home/mustardking/ws_sensor_combined/install/px4_msgs/include/px4_msgs/px4_msgs/msg/detail/vehicle_odometry__builder.hpp\n'}
[1.358740] (px4_msgs) StdoutLine: {'line': b'-- Up-to-date: /home/mustardking/ws_sensor_combined/install/px4_msgs/include/px4_msgs/px4_msgs/msg/detail/button_event__traits.hpp\n'}
[1.358764] (px4_msgs) StdoutLine: {'line': b'-- Up-to-date: /home/mustardking/ws_sensor_combined/install/px4_msgs/include/px4_msgs/px4_msgs/msg/detail/navigator_mission_item__traits.hpp\n'}
[1.358790] (px4_msgs) StdoutLine: {'line': b'-- Up-to-date: /home/mustardking/ws_sensor_combined/install/px4_msgs/include/px4_msgs/px4_msgs/msg/detail/rc_channels__builder.hpp\n'}
[1.358813] (px4_msgs) StdoutLine: {'line': b'-- Up-to-date: /home/mustardking/ws_sensor_combined/install/px4_msgs/include/px4_msgs/px4_msgs/msg/detail/can_interface_status__type_support.hpp\n'}
[1.358835] (px4_msgs) StdoutLine: {'line': b'-- Up-to-date: /home/mustardking/ws_sensor_combined/install/px4_msgs/include/px4_msgs/px4_msgs/msg/detail/vtol_vehicle_status__type_support.hpp\n'}
[1.358858] (px4_msgs) StdoutLine: {'line': b'-- Up-to-date: /home/mustardking/ws_sensor_combined/install/px4_msgs/include/px4_msgs/px4_msgs/msg/detail/tecs_status__builder.hpp\n'}
[1.358880] (px4_msgs) StdoutLine: {'line': b'-- Up-to-date: /home/mustardking/ws_sensor_combined/install/px4_msgs/include/px4_msgs/px4_msgs/msg/detail/launch_detection_status__builder.hpp\n'}
[1.358912] (px4_msgs) StdoutLine: {'line': b'-- Up-to-date: /home/mustardking/ws_sensor_combined/install/px4_msgs/include/px4_msgs/px4_msgs/msg/detail/pure_pursuit_status__traits.hpp\n'}
[1.358935] (px4_msgs) StdoutLine: {'line': b'-- Up-to-date: /home/mustardking/ws_sensor_combined/install/px4_msgs/include/px4_msgs/px4_msgs/msg/detail/follow_target__struct.hpp\n'}
[1.358958] (px4_msgs) StdoutLine: {'line': b'-- Up-to-date: /home/mustardking/ws_sensor_combined/install/px4_msgs/include/px4_msgs/px4_msgs/msg/detail/vehicle_command_ack__traits.hpp\n'}
[1.358981] (px4_msgs) StdoutLine: {'line': b'-- Up-to-date: /home/mustardking/ws_sensor_combined/install/px4_msgs/include/px4_msgs/px4_msgs/msg/detail/uavcan_parameter_request__struct.hpp\n'}
[1.359003] (px4_msgs) StdoutLine: {'line': b'-- Up-to-date: /home/mustardking/ws_sensor_combined/install/px4_msgs/include/px4_msgs/px4_msgs/msg/detail/uavcan_parameter_request__traits.hpp\n'}
[1.359029] (px4_msgs) StdoutLine: {'line': b'-- Up-to-date: /home/mustardking/ws_sensor_combined/install/px4_msgs/include/px4_msgs/px4_msgs/msg/detail/figure_eight_status__type_support.hpp\n'}
[1.359064] (px4_msgs) StdoutLine: {'line': b'-- Up-to-date: /home/mustardking/ws_sensor_combined/install/px4_msgs/include/px4_msgs/px4_msgs/msg/detail/vehicle_attitude_setpoint__type_support.hpp\n'}
[1.359097] (px4_msgs) StdoutLine: {'line': b'-- Up-to-date: /home/mustardking/ws_sensor_combined/install/px4_msgs/include/px4_msgs/px4_msgs/msg/detail/battery_status__type_support.hpp\n'}
[1.359126] (px4_msgs) StdoutLine: {'line': b'-- Up-to-date: /home/mustardking/ws_sensor_combined/install/px4_msgs/include/px4_msgs/px4_msgs/msg/detail/sensor_gps__traits.hpp\n'}
[1.359159] (px4_msgs) StdoutLine: {'line': b'-- Up-to-date: /home/mustardking/ws_sensor_combined/install/px4_msgs/include/px4_msgs/px4_msgs/msg/detail/qshell_req__struct.hpp\n'}
[1.359184] (px4_msgs) StdoutLine: {'line': b'-- Up-to-date: /home/mustardking/ws_sensor_combined/install/px4_msgs/include/px4_msgs/px4_msgs/msg/detail/position_controller_landing_status__struct.hpp\n'}
[1.359207] (px4_msgs) StdoutLine: {'line': b'-- Up-to-date: /home/mustardking/ws_sensor_combined/install/px4_msgs/include/px4_msgs/px4_msgs/msg/detail/rpm__type_support.hpp\n'}
[1.359229] (px4_msgs) StdoutLine: {'line': b'-- Up-to-date: /home/mustardking/ws_sensor_combined/install/px4_msgs/include/px4_msgs/px4_msgs/msg/detail/offboard_control_mode__traits.hpp\n'}
[1.359785] (px4_msgs) StdoutLine: {'line': b'-- Up-to-date: /home/mustardking/ws_sensor_combined/install/px4_msgs/include/px4_msgs/px4_msgs/msg/detail/sensor_accel__struct.hpp\n'}
[1.359813] (px4_msgs) StdoutLine: {'line': b'-- Up-to-date: /home/mustardking/ws_sensor_combined/install/px4_msgs/include/px4_msgs/px4_msgs/msg/detail/dataman_request__builder.hpp\n'}
[1.359850] (px4_msgs) StdoutLine: {'line': b'-- Up-to-date: /home/mustardking/ws_sensor_combined/install/px4_msgs/include/px4_msgs/px4_msgs/msg/detail/register_ext_component_request__type_support.hpp\n'}
[1.359887] (px4_msgs) StdoutLine: {'line': b'-- Up-to-date: /home/mustardking/ws_sensor_combined/install/px4_msgs/include/px4_msgs/px4_msgs/msg/detail/trajectory_setpoint__struct.hpp\n'}
[1.359911] (px4_msgs) StdoutLine: {'line': b'-- Up-to-date: /home/mustardking/ws_sensor_combined/install/px4_msgs/include/px4_msgs/px4_msgs/msg/detail/actuator_servos__traits.hpp\n'}
[1.359934] (px4_msgs) StdoutLine: {'line': b'-- Up-to-date: /home/mustardking/ws_sensor_combined/install/px4_msgs/include/px4_msgs/px4_msgs/msg/detail/debug_vect__struct.hpp\n'}
[1.359956] (px4_msgs) StdoutLine: {'line': b'-- Up-to-date: /home/mustardking/ws_sensor_combined/install/px4_msgs/include/px4_msgs/px4_msgs/msg/detail/qshell_req__builder.hpp\n'}
[1.359987] (px4_msgs) StdoutLine: {'line': b'-- Up-to-date: /home/mustardking/ws_sensor_combined/install/px4_msgs/include/px4_msgs/px4_msgs/msg/detail/generator_status__struct.hpp\n'}
[1.360013] (px4_msgs) StdoutLine: {'line': b'-- Up-to-date: /home/mustardking/ws_sensor_combined/install/px4_msgs/include/px4_msgs/px4_msgs/msg/detail/velocity_limits__traits.hpp\n'}
[1.360045] (px4_msgs) StdoutLine: {'line': b'-- Up-to-date: /home/mustardking/ws_sensor_combined/install/px4_msgs/include/px4_msgs/px4_msgs/msg/detail/longitudinal_control_configuration__traits.hpp\n'}
[1.360070] (px4_msgs) StdoutLine: {'line': b'-- Up-to-date: /home/mustardking/ws_sensor_combined/install/px4_msgs/include/px4_msgs/px4_msgs/msg/detail/ping__traits.hpp\n'}
[1.360105] (px4_msgs) StdoutLine: {'line': b'-- Up-to-date: /home/mustardking/ws_sensor_combined/install/px4_msgs/include/px4_msgs/px4_msgs/msg/detail/mode_completed__traits.hpp\n'}
[1.360132] (px4_msgs) StdoutLine: {'line': b'-- Up-to-date: /home/mustardking/ws_sensor_combined/install/px4_msgs/include/px4_msgs/px4_msgs/msg/detail/camera_trigger__type_support.hpp\n'}
[1.360190] (px4_msgs) StdoutLine: {'line': b'-- Up-to-date: /home/mustardking/ws_sensor_combined/install/px4_msgs/include/px4_msgs/px4_msgs/msg/detail/sensor_accel__builder.hpp\n'}
[1.360214] (px4_msgs) StdoutLine: {'line': b'-- Up-to-date: /home/mustardking/ws_sensor_combined/install/px4_msgs/include/px4_msgs/px4_msgs/msg/detail/open_drone_id_arm_status__type_support.hpp\n'}
[1.360237] (px4_msgs) StdoutLine: {'line': b'-- Up-to-date: /home/mustardking/ws_sensor_combined/install/px4_msgs/include/px4_msgs/px4_msgs/msg/detail/health_report__struct.hpp\n'}
[1.360267] (px4_msgs) StdoutLine: {'line': b'-- Up-to-date: /home/mustardking/ws_sensor_combined/install/px4_msgs/include/px4_msgs/px4_msgs/msg/detail/health_report__builder.hpp\n'}
[1.360291] (px4_msgs) StdoutLine: {'line': b'-- Up-to-date: /home/mustardking/ws_sensor_combined/install/px4_msgs/include/px4_msgs/px4_msgs/msg/detail/sensor_gnss_status__type_support.hpp\n'}
[1.360330] (px4_msgs) StdoutLine: {'line': b'-- Up-to-date: /home/mustardking/ws_sensor_combined/install/px4_msgs/include/px4_msgs/px4_msgs/msg/detail/fixed_wing_longitudinal_setpoint__struct.hpp\n'}
[1.360364] (px4_msgs) StdoutLine: {'line': b'-- Up-to-date: /home/mustardking/ws_sensor_combined/install/px4_msgs/include/px4_msgs/px4_msgs/msg/detail/arming_check_request__traits.hpp\n'}
[1.360387] (px4_msgs) StdoutLine: {'line': b'-- Up-to-date: /home/mustardking/ws_sensor_combined/install/px4_msgs/include/px4_msgs/px4_msgs/msg/detail/fixed_wing_lateral_setpoint__type_support.hpp\n'}
[1.360426] (px4_msgs) StdoutLine: {'line': b'-- Up-to-date: /home/mustardking/ws_sensor_combined/install/px4_msgs/include/px4_msgs/px4_msgs/msg/detail/gps_inject_data__traits.hpp\n'}
[1.360459] (px4_msgs) StdoutLine: {'line': b'-- Up-to-date: /home/mustardking/ws_sensor_combined/install/px4_msgs/include/px4_msgs/px4_msgs/msg/detail/offboard_control_mode__struct.hpp\n'}
[1.360481] (px4_msgs) StdoutLine: {'line': b'-- Up-to-date: /home/mustardking/ws_sensor_combined/install/px4_msgs/include/px4_msgs/px4_msgs/msg/detail/sensor_baro__traits.hpp\n'}
[1.360506] (px4_msgs) StdoutLine: {'line': b'-- Up-to-date: /home/mustardking/ws_sensor_combined/install/px4_msgs/include/px4_msgs/px4_msgs/msg/detail/camera_capture__traits.hpp\n'}
[1.360528] (px4_msgs) StdoutLine: {'line': b'-- Up-to-date: /home/mustardking/ws_sensor_combined/install/px4_msgs/include/px4_msgs/px4_msgs/msg/detail/parameter_set_value_request__builder.hpp\n'}
[1.360560] (px4_msgs) StdoutLine: {'line': b'-- Up-to-date: /home/mustardking/ws_sensor_combined/install/px4_msgs/include/px4_msgs/px4_msgs/msg/detail/sensor_uwb__type_support.hpp\n'}
[1.360583] (px4_msgs) StdoutLine: {'line': b'-- Up-to-date: /home/mustardking/ws_sensor_combined/install/px4_msgs/include/px4_msgs/px4_msgs/msg/detail/navigator_status__struct.hpp\n'}
[1.360616] (px4_msgs) StdoutLine: {'line': b'-- Up-to-date: /home/mustardking/ws_sensor_combined/install/px4_msgs/include/px4_msgs/px4_msgs/msg/detail/gimbal_device_set_attitude__type_support.hpp\n'}
[1.360650] (px4_msgs) StdoutLine: {'line': b'-- Up-to-date: /home/mustardking/ws_sensor_combined/install/px4_msgs/include/px4_msgs/px4_msgs/msg/detail/orbit_status__traits.hpp\n'}
[1.360679] (px4_msgs) StdoutLine: {'line': b'-- Up-to-date: /home/mustardking/ws_sensor_combined/install/px4_msgs/include/px4_msgs/px4_msgs/msg/detail/estimator_bias__traits.hpp\n'}
[1.360709] (px4_msgs) StdoutLine: {'line': b'-- Up-to-date: /home/mustardking/ws_sensor_combined/install/px4_msgs/include/px4_msgs/px4_msgs/msg/detail/logger_status__type_support.hpp\n'}
[1.360733] (px4_msgs) StdoutLine: {'line': b'-- Up-to-date: /home/mustardking/ws_sensor_combined/install/px4_msgs/include/px4_msgs/px4_msgs/msg/detail/parameter_update__type_support.hpp\n'}
[1.360761] (px4_msgs) StdoutLine: {'line': b'-- Up-to-date: /home/mustardking/ws_sensor_combined/install/px4_msgs/include/px4_msgs/px4_msgs/msg/detail/landing_target_pose__builder.hpp\n'}
[1.360784] (px4_msgs) StdoutLine: {'line': b'-- Up-to-date: /home/mustardking/ws_sensor_combined/install/px4_msgs/include/px4_msgs/px4_msgs/msg/detail/parameter_set_value_response__struct.hpp\n'}
[1.360815] (px4_msgs) StdoutLine: {'line': b'-- Up-to-date: /home/mustardking/ws_sensor_combined/install/px4_msgs/include/px4_msgs/px4_msgs/msg/detail/qshell_retval__traits.hpp\n'}
[1.360842] (px4_msgs) StdoutLine: {'line': b'-- Up-to-date: /home/mustardking/ws_sensor_combined/install/px4_msgs/include/px4_msgs/px4_msgs/msg/detail/failure_detector_status__type_support.hpp\n'}
[1.360866] (px4_msgs) StdoutLine: {'line': b'-- Up-to-date: /home/mustardking/ws_sensor_combined/install/px4_msgs/include/px4_msgs/px4_msgs/msg/detail/sensor_gyro__builder.hpp\n'}
[1.360888] (px4_msgs) StdoutLine: {'line': b'-- Up-to-date: /home/mustardking/ws_sensor_combined/install/px4_msgs/include/px4_msgs/px4_msgs/msg/detail/esc_status__builder.hpp\n'}
[1.360921] (px4_msgs) StdoutLine: {'line': b'-- Up-to-date: /home/mustardking/ws_sensor_combined/install/px4_msgs/include/px4_msgs/px4_msgs/msg/detail/sensor_optical_flow__type_support.hpp\n'}
[1.360951] (px4_msgs) StdoutLine: {'line': b'-- Up-to-date: /home/mustardking/ws_sensor_combined/install/px4_msgs/include/px4_msgs/px4_msgs/msg/detail/rtl_status__type_support.hpp\n'}
[1.360977] (px4_msgs) StdoutLine: {'line': b'-- Up-to-date: /home/mustardking/ws_sensor_combined/install/px4_msgs/include/px4_msgs/px4_msgs/msg/detail/position_controller_status__type_support.hpp\n'}
[1.361010] (px4_msgs) StdoutLine: {'line': b'-- Up-to-date: /home/mustardking/ws_sensor_combined/install/px4_msgs/include/px4_msgs/px4_msgs/msg/detail/obstacle_distance__builder.hpp\n'}
[1.361032] (px4_msgs) StdoutLine: {'line': b'-- Up-to-date: /home/mustardking/ws_sensor_combined/install/px4_msgs/include/px4_msgs/px4_msgs/msg/detail/dataman_response__builder.hpp\n'}
[1.361054] (px4_msgs) StdoutLine: {'line': b'-- Up-to-date: /home/mustardking/ws_sensor_combined/install/px4_msgs/include/px4_msgs/px4_msgs/msg/detail/estimator_aid_source2d__struct.hpp\n'}
[1.361086] (px4_msgs) StdoutLine: {'line': b'-- Up-to-date: /home/mustardking/ws_sensor_combined/install/px4_msgs/include/px4_msgs/px4_msgs/msg/detail/vehicle_status__traits.hpp\n'}
[1.361112] (px4_msgs) StdoutLine: {'line': b'-- Up-to-date: /home/mustardking/ws_sensor_combined/install/px4_msgs/include/px4_msgs/px4_msgs/msg/detail/vehicle_acceleration__struct.hpp\n'}
[1.361138] (px4_msgs) StdoutLine: {'line': b'-- Up-to-date: /home/mustardking/ws_sensor_combined/install/px4_msgs/include/px4_msgs/px4_msgs/msg/detail/system_power__builder.hpp\n'}
[1.361168] (px4_msgs) StdoutLine: {'line': b'-- Up-to-date: /home/mustardking/ws_sensor_combined/install/px4_msgs/include/px4_msgs/px4_msgs/msg/detail/task_stack_info__builder.hpp\n'}
[1.361189] (px4_msgs) StdoutLine: {'line': b'-- Up-to-date: /home/mustardking/ws_sensor_combined/install/px4_msgs/include/px4_msgs/px4_msgs/msg/detail/debug_array__builder.hpp\n'}
[1.361211] (px4_msgs) StdoutLine: {'line': b'-- Up-to-date: /home/mustardking/ws_sensor_combined/install/px4_msgs/include/px4_msgs/px4_msgs/msg/detail/gpio_request__builder.hpp\n'}
[1.361233] (px4_msgs) StdoutLine: {'line': b'-- Up-to-date: /home/mustardking/ws_sensor_combined/install/px4_msgs/include/px4_msgs/px4_msgs/msg/detail/yaw_estimator_status__struct.hpp\n'}
[1.361255] (px4_msgs) StdoutLine: {'line': b'-- Up-to-date: /home/mustardking/ws_sensor_combined/install/px4_msgs/include/px4_msgs/px4_msgs/msg/detail/config_overrides__struct.hpp\n'}
[1.361278] (px4_msgs) StdoutLine: {'line': b'-- Up-to-date: /home/mustardking/ws_sensor_combined/install/px4_msgs/include/px4_msgs/px4_msgs/msg/detail/telemetry_status__traits.hpp\n'}
[1.361313] (px4_msgs) StdoutLine: {'line': b'-- Up-to-date: /home/mustardking/ws_sensor_combined/install/px4_msgs/include/px4_msgs/px4_msgs/msg/detail/sensor_preflight_mag__traits.hpp\n'}
[1.361339] (px4_msgs) StdoutLine: {'line': b'-- Up-to-date: /home/mustardking/ws_sensor_combined/install/px4_msgs/include/px4_msgs/px4_msgs/msg/detail/estimator_event_flags__builder.hpp\n'}
[1.361360] (px4_msgs) StdoutLine: {'line': b'-- Up-to-date: /home/mustardking/ws_sensor_combined/install/px4_msgs/include/px4_msgs/px4_msgs/msg/detail/fixed_wing_longitudinal_setpoint__builder.hpp\n'}
[1.361384] (px4_msgs) StdoutLine: {'line': b'-- Up-to-date: /home/mustardking/ws_sensor_combined/install/px4_msgs/include/px4_msgs/px4_msgs/msg/detail/config_overrides__type_support.hpp\n'}
[1.361409] (px4_msgs) StdoutLine: {'line': b'-- Up-to-date: /home/mustardking/ws_sensor_combined/install/px4_msgs/include/px4_msgs/px4_msgs/msg/detail/rover_rate_setpoint__type_support.hpp\n'}
[1.361435] (px4_msgs) StdoutLine: {'line': b'-- Up-to-date: /home/mustardking/ws_sensor_combined/install/px4_msgs/include/px4_msgs/px4_msgs/msg/detail/gps_dump__type_support.hpp\n'}
[1.361464] (px4_msgs) StdoutLine: {'line': b'-- Up-to-date: /home/mustardking/ws_sensor_combined/install/px4_msgs/include/px4_msgs/px4_msgs/msg/detail/navigator_mission_item__type_support.hpp\n'}
[1.361494] (px4_msgs) StdoutLine: {'line': b'-- Up-to-date: /home/mustardking/ws_sensor_combined/install/px4_msgs/include/px4_msgs/px4_msgs/msg/detail/rc_parameter_map__traits.hpp\n'}
[1.361520] (px4_msgs) StdoutLine: {'line': b'-- Up-to-date: /home/mustardking/ws_sensor_combined/install/px4_msgs/include/px4_msgs/px4_msgs/msg/detail/sensor_correction__struct.hpp\n'}
[1.361542] (px4_msgs) StdoutLine: {'line': b'-- Up-to-date: /home/mustardking/ws_sensor_combined/install/px4_msgs/include/px4_msgs/px4_msgs/msg/detail/sensor_gyro__type_support.hpp\n'}
[1.361579] (px4_msgs) StdoutLine: {'line': b'-- Up-to-date: /home/mustardking/ws_sensor_combined/install/px4_msgs/include/px4_msgs/px4_msgs/msg/detail/parameter_set_value_response__builder.hpp\n'}
[1.361607] (px4_msgs) StdoutLine: {'line': b'-- Up-to-date: /home/mustardking/ws_sensor_combined/install/px4_msgs/include/px4_msgs/px4_msgs/msg/detail/magnetometer_bias_estimate__type_support.hpp\n'}
[1.361630] (px4_msgs) StdoutLine: {'line': b'-- Up-to-date: /home/mustardking/ws_sensor_combined/install/px4_msgs/include/px4_msgs/px4_msgs/msg/detail/airspeed_validated__type_support.hpp\n'}
[1.361671] (px4_msgs) StdoutLine: {'line': b'-- Up-to-date: /home/mustardking/ws_sensor_combined/install/px4_msgs/include/px4_msgs/px4_msgs/msg/detail/sensor_gyro__struct.hpp\n'}
[1.361710] (px4_msgs) StdoutLine: {'line': b'-- Up-to-date: /home/mustardking/ws_sensor_combined/install/px4_msgs/include/px4_msgs/px4_msgs/msg/detail/landing_gear_wheel__traits.hpp\n'}
[1.361733] (px4_msgs) StdoutLine: {'line': b'-- Up-to-date: /home/mustardking/ws_sensor_combined/install/px4_msgs/include/px4_msgs/px4_msgs/msg/detail/orb_test__traits.hpp\n'}
[1.361755] (px4_msgs) StdoutLine: {'line': b'-- Up-to-date: /home/mustardking/ws_sensor_combined/install/px4_msgs/include/px4_msgs/px4_msgs/msg/detail/distance_sensor__builder.hpp\n'}
[1.361780] (px4_msgs) StdoutLine: {'line': b'-- Up-to-date: /home/mustardking/ws_sensor_combined/install/px4_msgs/include/px4_msgs/px4_msgs/msg/detail/heater_status__traits.hpp\n'}
[1.361807] (px4_msgs) StdoutLine: {'line': b'-- Up-to-date: /home/mustardking/ws_sensor_combined/install/px4_msgs/include/px4_msgs/px4_msgs/msg/detail/manual_control_switches__builder.hpp\n'}
[1.361850] (px4_msgs) StdoutLine: {'line': b'-- Up-to-date: /home/mustardking/ws_sensor_combined/install/px4_msgs/include/px4_msgs/px4_msgs/msg/detail/estimator_aid_source3d__builder.hpp\n'}
[1.361882] (px4_msgs) StdoutLine: {'line': b'-- Up-to-date: /home/mustardking/ws_sensor_combined/install/px4_msgs/include/px4_msgs/px4_msgs/msg/detail/vehicle_angular_acceleration_setpoint__builder.hpp\n'}
[1.361906] (px4_msgs) StdoutLine: {'line': b'-- Up-to-date: /home/mustardking/ws_sensor_combined/install/px4_msgs/include/px4_msgs/px4_msgs/msg/detail/sensor_gyro_fifo__builder.hpp\n'}
[1.361929] (px4_msgs) StdoutLine: {'line': b'-- Up-to-date: /home/mustardking/ws_sensor_combined/install/px4_msgs/include/px4_msgs/px4_msgs/msg/detail/mag_worker_data__traits.hpp\n'}
[1.361966] (px4_msgs) StdoutLine: {'line': b'-- Up-to-date: /home/mustardking/ws_sensor_combined/install/px4_msgs/include/px4_msgs/px4_msgs/msg/detail/unregister_ext_component__builder.hpp\n'}
[1.361993] (px4_msgs) StdoutLine: {'line': b'-- Up-to-date: /home/mustardking/ws_sensor_combined/install/px4_msgs/include/px4_msgs/px4_msgs/msg/detail/manual_control_setpoint__builder.hpp\n'}
[1.362027] (px4_msgs) StdoutLine: {'line': b'-- Up-to-date: /home/mustardking/ws_sensor_combined/install/px4_msgs/include/px4_msgs/px4_msgs/msg/detail/config_overrides__builder.hpp\n'}
[1.362049] (px4_msgs) StdoutLine: {'line': b'-- Up-to-date: /home/mustardking/ws_sensor_combined/install/px4_msgs/include/px4_msgs/px4_msgs/msg/detail/mode_completed__builder.hpp\n'}
[1.362108] (px4_msgs) StdoutLine: {'line': b'-- Up-to-date: /home/mustardking/ws_sensor_combined/install/px4_msgs/include/px4_msgs/px4_msgs/msg/detail/iridiumsbd_status__traits.hpp\n'}
[1.362165] (px4_msgs) StdoutLine: {'line': b'-- Up-to-date: /home/mustardking/ws_sensor_combined/install/px4_msgs/include/px4_msgs/px4_msgs/msg/detail/sensor_mag__builder.hpp\n'}
[1.362191] (px4_msgs) StdoutLine: {'line': b'-- Up-to-date: /home/mustardking/ws_sensor_combined/install/px4_msgs/include/px4_msgs/px4_msgs/msg/detail/vehicle_command__type_support.hpp\n'}
[1.362287] (px4_msgs) StdoutLine: {'line': b'-- Up-to-date: /home/mustardking/ws_sensor_combined/install/px4_msgs/include/px4_msgs/px4_msgs/msg/detail/actuator_armed__type_support.hpp\n'}
[1.362416] (px4_msgs) StdoutLine: {'line': b'-- Up-to-date: /home/mustardking/ws_sensor_combined/install/px4_msgs/include/px4_msgs/px4_msgs/msg/detail/power_monitor__builder.hpp\n'}
[1.362483] (px4_msgs) StdoutLine: {'line': b'-- Up-to-date: /home/mustardking/ws_sensor_combined/install/px4_msgs/include/px4_msgs/px4_msgs/msg/detail/onboard_computer_status__traits.hpp\n'}
[1.362519] (px4_msgs) StdoutLine: {'line': b'-- Up-to-date: /home/mustardking/ws_sensor_combined/install/px4_msgs/include/px4_msgs/px4_msgs/msg/detail/camera_capture__builder.hpp\n'}
[1.362606] (px4_msgs) StdoutLine: {'line': b'-- Up-to-date: /home/mustardking/ws_sensor_combined/install/px4_msgs/include/px4_msgs/px4_msgs/msg/detail/mavlink_tunnel__builder.hpp\n'}
[1.362680] (px4_msgs) StdoutLine: {'line': b'-- Up-to-date: /home/mustardking/ws_sensor_combined/install/px4_msgs/include/px4_msgs/px4_msgs/msg/detail/gimbal_device_attitude_status__traits.hpp\n'}
[1.362744] (px4_msgs) StdoutLine: {'line': b'-- Up-to-date: /home/mustardking/ws_sensor_combined/install/px4_msgs/include/px4_msgs/px4_msgs/msg/detail/landing_target_pose__type_support.hpp\n'}
[1.362794] (px4_msgs) StdoutLine: {'line': b'-- Up-to-date: /home/mustardking/ws_sensor_combined/install/px4_msgs/include/px4_msgs/px4_msgs/msg/detail/estimator_states__type_support.hpp\n'}
[1.362880] (px4_msgs) StdoutLine: {'line': b'-- Up-to-date: /home/mustardking/ws_sensor_combined/install/px4_msgs/include/px4_msgs/px4_msgs/msg/detail/actuator_test__builder.hpp\n'}
[1.362966] (px4_msgs) StdoutLine: {'line': b'-- Up-to-date: /home/mustardking/ws_sensor_combined/install/px4_msgs/include/px4_msgs/px4_msgs/msg/detail/dataman_response__type_support.hpp\n'}
[1.363040] (px4_msgs) StdoutLine: {'line': b'-- Up-to-date: /home/mustardking/ws_sensor_combined/install/px4_msgs/include/px4_msgs/px4_msgs/msg/detail/neural_control__struct.hpp\n'}
[1.363979] (px4_msgs) StdoutLine: {'line': b'-- Up-to-date: /home/mustardking/ws_sensor_combined/install/px4_msgs/include/px4_msgs/px4_msgs/msg/detail/telemetry_status__builder.hpp\n'}
[1.364011] (px4_msgs) StdoutLine: {'line': b'-- Up-to-date: /home/mustardking/ws_sensor_combined/install/px4_msgs/include/px4_msgs/px4_msgs/msg/detail/estimator_selector_status__traits.hpp\n'}
[1.364035] (px4_msgs) StdoutLine: {'line': b'-- Up-to-date: /home/mustardking/ws_sensor_combined/install/px4_msgs/include/px4_msgs/px4_msgs/msg/detail/collision_constraints__traits.hpp\n'}
[1.364058] (px4_msgs) StdoutLine: {'line': b'-- Up-to-date: /home/mustardking/ws_sensor_combined/install/px4_msgs/include/px4_msgs/px4_msgs/msg/detail/actuator_controls_status__struct.hpp\n'}
[1.364082] (px4_msgs) StdoutLine: {'line': b'-- Up-to-date: /home/mustardking/ws_sensor_combined/install/px4_msgs/include/px4_msgs/px4_msgs/msg/detail/sensor_gyro_fft__builder.hpp\n'}
[1.364105] (px4_msgs) StdoutLine: {'line': b'-- Up-to-date: /home/mustardking/ws_sensor_combined/install/px4_msgs/include/px4_msgs/px4_msgs/msg/detail/vehicle_attitude__traits.hpp\n'}
[1.364132] (px4_msgs) StdoutLine: {'line': b'-- Up-to-date: /home/mustardking/ws_sensor_combined/install/px4_msgs/include/px4_msgs/px4_msgs/msg/detail/gpio_in__traits.hpp\n'}
[1.364155] (px4_msgs) StdoutLine: {'line': b'-- Up-to-date: /home/mustardking/ws_sensor_combined/install/px4_msgs/include/px4_msgs/px4_msgs/msg/detail/follow_target_estimator__traits.hpp\n'}
[1.364178] (px4_msgs) StdoutLine: {'line': b'-- Up-to-date: /home/mustardking/ws_sensor_combined/install/px4_msgs/include/px4_msgs/px4_msgs/msg/detail/unregister_ext_component__type_support.hpp\n'}
[1.364200] (px4_msgs) StdoutLine: {'line': b'-- Up-to-date: /home/mustardking/ws_sensor_combined/install/px4_msgs/include/px4_msgs/px4_msgs/msg/detail/battery_status__traits.hpp\n'}
[1.364224] (px4_msgs) StdoutLine: {'line': b'-- Up-to-date: /home/mustardking/ws_sensor_combined/install/px4_msgs/include/px4_msgs/px4_msgs/msg/detail/vehicle_command_ack__struct.hpp\n'}
[1.364246] (px4_msgs) StdoutLine: {'line': b'-- Up-to-date: /home/mustardking/ws_sensor_combined/install/px4_msgs/include/px4_msgs/px4_msgs/msg/detail/fuel_tank_status__type_support.hpp\n'}
[1.364269] (px4_msgs) StdoutLine: {'line': b'-- Up-to-date: /home/mustardking/ws_sensor_combined/install/px4_msgs/include/px4_msgs/px4_msgs/msg/detail/gripper__traits.hpp\n'}
[1.364292] (px4_msgs) StdoutLine: {'line': b'-- Up-to-date: /home/mustardking/ws_sensor_combined/install/px4_msgs/include/px4_msgs/px4_msgs/msg/detail/sensor_gnss_relative__traits.hpp\n'}
[1.364315] (px4_msgs) StdoutLine: {'line': b'-- Up-to-date: /home/mustardking/ws_sensor_combined/install/px4_msgs/include/px4_msgs/px4_msgs/msg/detail/vehicle_command__struct.hpp\n'}
[1.364338] (px4_msgs) StdoutLine: {'line': b'-- Up-to-date: /home/mustardking/ws_sensor_combined/install/px4_msgs/include/px4_msgs/px4_msgs/msg/detail/home_position__traits.hpp\n'}
[1.364361] (px4_msgs) StdoutLine: {'line': b'-- Up-to-date: /home/mustardking/ws_sensor_combined/install/px4_msgs/include/px4_msgs/px4_msgs/msg/detail/orb_test_large__type_support.hpp\n'}
[1.364386] (px4_msgs) StdoutLine: {'line': b'-- Up-to-date: /home/mustardking/ws_sensor_combined/install/px4_msgs/include/px4_msgs/px4_msgs/msg/detail/orb_test_medium__struct.hpp\n'}
[1.364408] (px4_msgs) StdoutLine: {'line': b'-- Up-to-date: /home/mustardking/ws_sensor_combined/install/px4_msgs/include/px4_msgs/px4_msgs/msg/detail/sensor_selection__struct.hpp\n'}
[1.364430] (px4_msgs) StdoutLine: {'line': b'-- Up-to-date: /home/mustardking/ws_sensor_combined/install/px4_msgs/include/px4_msgs/px4_msgs/msg/detail/home_position__type_support.hpp\n'}
[1.364452] (px4_msgs) StdoutLine: {'line': b'-- Up-to-date: /home/mustardking/ws_sensor_combined/install/px4_msgs/include/px4_msgs/px4_msgs/msg/detail/rover_rate_setpoint__builder.hpp\n'}
[1.364475] (px4_msgs) StdoutLine: {'line': b'-- Up-to-date: /home/mustardking/ws_sensor_combined/install/px4_msgs/include/px4_msgs/px4_msgs/msg/detail/battery_info__builder.hpp\n'}
[1.364497] (px4_msgs) StdoutLine: {'line': b'-- Up-to-date: /home/mustardking/ws_sensor_combined/install/px4_msgs/include/px4_msgs/px4_msgs/msg/detail/dataman_response__struct.hpp\n'}
[1.364520] (px4_msgs) StdoutLine: {'line': b'-- Up-to-date: /home/mustardking/ws_sensor_combined/install/px4_msgs/include/px4_msgs/px4_msgs/msg/detail/qshell_req__type_support.hpp\n'}
[1.364551] (px4_msgs) StdoutLine: {'line': b'-- Up-to-date: /home/mustardking/ws_sensor_combined/install/px4_msgs/include/px4_msgs/px4_msgs/msg/detail/gimbal_device_set_attitude__traits.hpp\n'}
[1.364579] (px4_msgs) StdoutLine: {'line': b'-- Up-to-date: /home/mustardking/ws_sensor_combined/install/px4_msgs/include/px4_msgs/px4_msgs/msg/detail/vehicle_magnetometer__traits.hpp\n'}
[1.364602] (px4_msgs) StdoutLine: {'line': b'-- Up-to-date: /home/mustardking/ws_sensor_combined/install/px4_msgs/include/px4_msgs/px4_msgs/msg/detail/cpuload__struct.hpp\n'}
[1.364625] (px4_msgs) StdoutLine: {'line': b'-- Up-to-date: /home/mustardking/ws_sensor_combined/install/px4_msgs/include/px4_msgs/px4_msgs/msg/detail/autotune_attitude_control_status__builder.hpp\n'}
[1.364648] (px4_msgs) StdoutLine: {'line': b'-- Up-to-date: /home/mustardking/ws_sensor_combined/install/px4_msgs/include/px4_msgs/px4_msgs/msg/detail/mavlink_tunnel__traits.hpp\n'}
[1.364670] (px4_msgs) StdoutLine: {'line': b'-- Up-to-date: /home/mustardking/ws_sensor_combined/install/px4_msgs/include/px4_msgs/px4_msgs/msg/detail/camera_trigger__builder.hpp\n'}
[1.364695] (px4_msgs) StdoutLine: {'line': b'-- Up-to-date: /home/mustardking/ws_sensor_combined/install/px4_msgs/include/px4_msgs/px4_msgs/msg/detail/sensors_status__type_support.hpp\n'}
[1.364718] (px4_msgs) StdoutLine: {'line': b'-- Up-to-date: /home/mustardking/ws_sensor_combined/install/px4_msgs/include/px4_msgs/px4_msgs/msg/detail/magnetometer_bias_estimate__traits.hpp\n'}
[1.364740] (px4_msgs) StdoutLine: {'line': b'-- Up-to-date: /home/mustardking/ws_sensor_combined/install/px4_msgs/include/px4_msgs/px4_msgs/msg/detail/collision_constraints__builder.hpp\n'}
[1.364762] (px4_msgs) StdoutLine: {'line': b'-- Up-to-date: /home/mustardking/ws_sensor_combined/install/px4_msgs/include/px4_msgs/px4_msgs/msg/detail/airspeed__type_support.hpp\n'}
[1.364785] (px4_msgs) StdoutLine: {'line': b'-- Up-to-date: /home/mustardking/ws_sensor_combined/install/px4_msgs/include/px4_msgs/px4_msgs/msg/detail/qshell_retval__builder.hpp\n'}
[1.364807] (px4_msgs) StdoutLine: {'line': b'-- Up-to-date: /home/mustardking/ws_sensor_combined/install/px4_msgs/include/px4_msgs/px4_msgs/msg/detail/pwm_input__builder.hpp\n'}
[1.364832] (px4_msgs) StdoutLine: {'line': b'-- Up-to-date: /home/mustardking/ws_sensor_combined/install/px4_msgs/include/px4_msgs/px4_msgs/msg/detail/onboard_computer_status__builder.hpp\n'}
[1.364854] (px4_msgs) StdoutLine: {'line': b'-- Up-to-date: /home/mustardking/ws_sensor_combined/install/px4_msgs/include/px4_msgs/px4_msgs/msg/detail/hover_thrust_estimate__type_support.hpp\n'}
[1.364878] (px4_msgs) StdoutLine: {'line': b'-- Up-to-date: /home/mustardking/ws_sensor_combined/install/px4_msgs/include/px4_msgs/px4_msgs/msg/detail/vehicle_status__struct.hpp\n'}
[1.364901] (px4_msgs) StdoutLine: {'line': b'-- Up-to-date: /home/mustardking/ws_sensor_combined/install/px4_msgs/include/px4_msgs/px4_msgs/msg/detail/sensor_preflight_mag__type_support.hpp\n'}
[1.364924] (px4_msgs) StdoutLine: {'line': b'-- Up-to-date: /home/mustardking/ws_sensor_combined/install/px4_msgs/include/px4_msgs/px4_msgs/msg/detail/internal_combustion_engine_control__struct.hpp\n'}
[1.364947] (px4_msgs) StdoutLine: {'line': b'-- Up-to-date: /home/mustardking/ws_sensor_combined/install/px4_msgs/include/px4_msgs/px4_msgs/msg/detail/action_request__builder.hpp\n'}
[1.364970] (px4_msgs) StdoutLine: {'line': b'-- Up-to-date: /home/mustardking/ws_sensor_combined/install/px4_msgs/include/px4_msgs/px4_msgs/msg/detail/debug_vect__builder.hpp\n'}
[1.364992] (px4_msgs) StdoutLine: {'line': b'-- Up-to-date: /home/mustardking/ws_sensor_combined/install/px4_msgs/include/px4_msgs/px4_msgs/msg/detail/gimbal_manager_set_manual_control__type_support.hpp\n'}
[1.365014] (px4_msgs) StdoutLine: {'line': b'-- Up-to-date: /home/mustardking/ws_sensor_combined/install/px4_msgs/include/px4_msgs/px4_msgs/msg/detail/cpuload__type_support.hpp\n'}
[1.365036] (px4_msgs) StdoutLine: {'line': b'-- Up-to-date: /home/mustardking/ws_sensor_combined/install/px4_msgs/include/px4_msgs/px4_msgs/msg/detail/power_button_state__builder.hpp\n'}
[1.365059] (px4_msgs) StdoutLine: {'line': b'-- Up-to-date: /home/mustardking/ws_sensor_combined/install/px4_msgs/include/px4_msgs/px4_msgs/msg/detail/parameter_reset_request__traits.hpp\n'}
[1.365082] (px4_msgs) StdoutLine: {'line': b'-- Up-to-date: /home/mustardking/ws_sensor_combined/install/px4_msgs/include/px4_msgs/px4_msgs/msg/detail/lateral_control_configuration__traits.hpp\n'}
[1.365104] (px4_msgs) StdoutLine: {'line': b'-- Up-to-date: /home/mustardking/ws_sensor_combined/install/px4_msgs/include/px4_msgs/px4_msgs/msg/detail/vehicle_thrust_setpoint__type_support.hpp\n'}
[1.365126] (px4_msgs) StdoutLine: {'line': b'-- Up-to-date: /home/mustardking/ws_sensor_combined/install/px4_msgs/include/px4_msgs/px4_msgs/msg/detail/debug_array__type_support.hpp\n'}
[1.365149] (px4_msgs) StdoutLine: {'line': b'-- Up-to-date: /home/mustardking/ws_sensor_combined/install/px4_msgs/include/px4_msgs/px4_msgs/msg/detail/power_monitor__type_support.hpp\n'}
[1.365197] (px4_msgs) StdoutLine: {'line': b'-- Up-to-date: /home/mustardking/ws_sensor_combined/install/px4_msgs/include/px4_msgs/px4_msgs/msg/detail/navigator_mission_item__builder.hpp\n'}
[1.365499] (px4_msgs) StdoutLine: {'line': b'-- Up-to-date: /home/mustardking/ws_sensor_combined/install/px4_msgs/include/px4_msgs/px4_msgs/msg/detail/estimator_sensor_bias__type_support.hpp\n'}
[1.365536] (px4_msgs) StdoutLine: {'line': b'-- Up-to-date: /home/mustardking/ws_sensor_combined/install/px4_msgs/include/px4_msgs/px4_msgs/msg/detail/open_drone_id_system__builder.hpp\n'}
[1.365590] (px4_msgs) StdoutLine: {'line': b'-- Up-to-date: /home/mustardking/ws_sensor_combined/install/px4_msgs/include/px4_msgs/px4_msgs/msg/detail/distance_sensor_mode_change_request__struct.hpp\n'}
[1.365616] (px4_msgs) StdoutLine: {'line': b'-- Up-to-date: /home/mustardking/ws_sensor_combined/install/px4_msgs/include/px4_msgs/px4_msgs/msg/detail/actuator_outputs__builder.hpp\n'}
[1.365641] (px4_msgs) StdoutLine: {'line': b'-- Up-to-date: /home/mustardking/ws_sensor_combined/install/px4_msgs/include/px4_msgs/px4_msgs/msg/detail/gripper__builder.hpp\n'}
[1.365666] (px4_msgs) StdoutLine: {'line': b'-- Up-to-date: /home/mustardking/ws_sensor_combined/install/px4_msgs/include/px4_msgs/px4_msgs/msg/detail/actuator_servos_trim__builder.hpp\n'}
[1.365690] (px4_msgs) StdoutLine: {'line': b'-- Up-to-date: /home/mustardking/ws_sensor_combined/install/px4_msgs/include/px4_msgs/px4_msgs/msg/detail/qshell_req__traits.hpp\n'}
[1.365715] (px4_msgs) StdoutLine: {'line': b'-- Up-to-date: /home/mustardking/ws_sensor_combined/install/px4_msgs/include/px4_msgs/px4_msgs/msg/detail/sensor_combined__struct.hpp\n'}
[1.365742] (px4_msgs) StdoutLine: {'line': b'-- Up-to-date: /home/mustardking/ws_sensor_combined/install/px4_msgs/include/px4_msgs/px4_msgs/msg/detail/gimbal_device_information__traits.hpp\n'}
[1.365765] (px4_msgs) StdoutLine: {'line': b'-- Up-to-date: /home/mustardking/ws_sensor_combined/install/px4_msgs/include/px4_msgs/px4_msgs/msg/detail/tiltrotor_extra_controls__traits.hpp\n'}
[1.365830] (px4_msgs) StdoutLine: {'line': b'-- Up-to-date: /home/mustardking/ws_sensor_combined/install/px4_msgs/include/px4_msgs/px4_msgs/msg/detail/estimator_aid_source1d__struct.hpp\n'}
[1.365862] (px4_msgs) StdoutLine: {'line': b'-- Up-to-date: /home/mustardking/ws_sensor_combined/install/px4_msgs/include/px4_msgs/px4_msgs/msg/detail/ulog_stream__struct.hpp\n'}
[1.365885] (px4_msgs) StdoutLine: {'line': b'-- Up-to-date: /home/mustardking/ws_sensor_combined/install/px4_msgs/include/px4_msgs/px4_msgs/msg/detail/rover_position_setpoint__struct.hpp\n'}
[1.365925] (px4_msgs) StdoutLine: {'line': b'-- Up-to-date: /home/mustardking/ws_sensor_combined/install/px4_msgs/include/px4_msgs/px4_msgs/msg/detail/wind__struct.hpp\n'}
[1.366465] (px4_msgs) StdoutLine: {'line': b'-- Up-to-date: /home/mustardking/ws_sensor_combined/install/px4_msgs/include/px4_msgs/px4_msgs/msg/detail/sensor_gnss_relative__builder.hpp\n'}
[1.366511] (px4_msgs) StdoutLine: {'line': b'-- Up-to-date: /home/mustardking/ws_sensor_combined/install/px4_msgs/include/px4_msgs/px4_msgs/msg/detail/vehicle_control_mode__builder.hpp\n'}
[1.366542] (px4_msgs) StdoutLine: {'line': b'-- Up-to-date: /home/mustardking/ws_sensor_combined/install/px4_msgs/include/px4_msgs/px4_msgs/msg/detail/irlock_report__builder.hpp\n'}
[1.366568] (px4_msgs) StdoutLine: {'line': b'-- Up-to-date: /home/mustardking/ws_sensor_combined/install/px4_msgs/include/px4_msgs/px4_msgs/msg/detail/mount_orientation__traits.hpp\n'}
[1.366593] (px4_msgs) StdoutLine: {'line': b'-- Up-to-date: /home/mustardking/ws_sensor_combined/install/px4_msgs/include/px4_msgs/px4_msgs/msg/detail/open_drone_id_arm_status__traits.hpp\n'}
[1.366618] (px4_msgs) StdoutLine: {'line': b'-- Up-to-date: /home/mustardking/ws_sensor_combined/install/px4_msgs/include/px4_msgs/px4_msgs/msg/detail/follow_target__traits.hpp\n'}
[1.366641] (px4_msgs) StdoutLine: {'line': b'-- Up-to-date: /home/mustardking/ws_sensor_combined/install/px4_msgs/include/px4_msgs/px4_msgs/msg/detail/pps_capture__struct.hpp\n'}
[1.366665] (px4_msgs) StdoutLine: {'line': b'-- Up-to-date: /home/mustardking/ws_sensor_combined/install/px4_msgs/include/px4_msgs/px4_msgs/msg/detail/vehicle_constraints__struct.hpp\n'}
[1.366689] (px4_msgs) StdoutLine: {'line': b'-- Up-to-date: /home/mustardking/ws_sensor_combined/install/px4_msgs/include/px4_msgs/px4_msgs/msg/detail/rover_speed_status__type_support.hpp\n'}
[1.366713] (px4_msgs) StdoutLine: {'line': b'-- Up-to-date: /home/mustardking/ws_sensor_combined/install/px4_msgs/include/px4_msgs/px4_msgs/msg/detail/distance_sensor_mode_change_request__type_support.hpp\n'}
[1.366737] (px4_msgs) StdoutLine: {'line': b'-- Up-to-date: /home/mustardking/ws_sensor_combined/install/px4_msgs/include/px4_msgs/px4_msgs/msg/detail/rate_ctrl_status__type_support.hpp\n'}
[1.366761] (px4_msgs) StdoutLine: {'line': b'-- Up-to-date: /home/mustardking/ws_sensor_combined/install/px4_msgs/include/px4_msgs/px4_msgs/msg/detail/vehicle_thrust_setpoint__struct.hpp\n'}
[1.366785] (px4_msgs) StdoutLine: {'line': b'-- Up-to-date: /home/mustardking/ws_sensor_combined/install/px4_msgs/include/px4_msgs/px4_msgs/msg/detail/position_setpoint_triplet__traits.hpp\n'}
[1.366808] (px4_msgs) StdoutLine: {'line': b'-- Up-to-date: /home/mustardking/ws_sensor_combined/install/px4_msgs/include/px4_msgs/px4_msgs/msg/detail/debug_key_value__builder.hpp\n'}
[1.366834] (px4_msgs) StdoutLine: {'line': b'-- Up-to-date: /home/mustardking/ws_sensor_combined/install/px4_msgs/include/px4_msgs/px4_msgs/msg/detail/sensor_gyro_fifo__traits.hpp\n'}
[1.366858] (px4_msgs) StdoutLine: {'line': b'-- Up-to-date: /home/mustardking/ws_sensor_combined/install/px4_msgs/include/px4_msgs/px4_msgs/msg/detail/sensor_gnss_status__traits.hpp\n'}
[1.366884] (px4_msgs) StdoutLine: {'line': b'-- Up-to-date: /home/mustardking/ws_sensor_combined/install/px4_msgs/include/px4_msgs/px4_msgs/msg/detail/adc_report__struct.hpp\n'}
[1.366908] (px4_msgs) StdoutLine: {'line': b'-- Up-to-date: /home/mustardking/ws_sensor_combined/install/px4_msgs/include/px4_msgs/px4_msgs/msg/detail/wheel_encoders__type_support.hpp\n'}
[1.367436] (px4_msgs) StdoutLine: {'line': b'-- Up-to-date: /home/mustardking/ws_sensor_combined/install/px4_msgs/include/px4_msgs/px4_msgs/msg/detail/sensors_status_imu__builder.hpp\n'}
[1.367511] (px4_msgs) StdoutLine: {'line': b'-- Up-to-date: /home/mustardking/ws_sensor_combined/install/px4_msgs/include/px4_msgs/px4_msgs/msg/detail/mag_worker_data__builder.hpp\n'}
[1.367537] (px4_msgs) StdoutLine: {'line': b'-- Up-to-date: /home/mustardking/ws_sensor_combined/install/px4_msgs/include/px4_msgs/px4_msgs/msg/detail/estimator_status__struct.hpp\n'}
[1.367561] (px4_msgs) StdoutLine: {'line': b'-- Up-to-date: /home/mustardking/ws_sensor_combined/install/px4_msgs/include/px4_msgs/px4_msgs/msg/detail/rtl_status__builder.hpp\n'}
[1.367585] (px4_msgs) StdoutLine: {'line': b'-- Up-to-date: /home/mustardking/ws_sensor_combined/install/px4_msgs/include/px4_msgs/px4_msgs/msg/detail/battery_info__struct.hpp\n'}
[1.367609] (px4_msgs) StdoutLine: {'line': b'-- Up-to-date: /home/mustardking/ws_sensor_combined/install/px4_msgs/include/px4_msgs/px4_msgs/msg/detail/vehicle_optical_flow__builder.hpp\n'}
[1.367631] (px4_msgs) StdoutLine: {'line': b'-- Up-to-date: /home/mustardking/ws_sensor_combined/install/px4_msgs/include/px4_msgs/px4_msgs/msg/detail/estimator_sensor_bias__builder.hpp\n'}
[1.367655] (px4_msgs) StdoutLine: {'line': b'-- Up-to-date: /home/mustardking/ws_sensor_combined/install/px4_msgs/include/px4_msgs/px4_msgs/msg/detail/parameter_update__builder.hpp\n'}
[1.367678] (px4_msgs) StdoutLine: {'line': b'-- Up-to-date: /home/mustardking/ws_sensor_combined/install/px4_msgs/include/px4_msgs/px4_msgs/msg/detail/actuator_test__struct.hpp\n'}
[1.367701] (px4_msgs) StdoutLine: {'line': b'-- Up-to-date: /home/mustardking/ws_sensor_combined/install/px4_msgs/include/px4_msgs/px4_msgs/msg/detail/wheel_encoders__traits.hpp\n'}
[1.367724] (px4_msgs) StdoutLine: {'line': b'-- Up-to-date: /home/mustardking/ws_sensor_combined/install/px4_msgs/include/px4_msgs/px4_msgs/msg/detail/sensors_status__builder.hpp\n'}
[1.367751] (px4_msgs) StdoutLine: {'line': b'-- Up-to-date: /home/mustardking/ws_sensor_combined/install/px4_msgs/include/px4_msgs/px4_msgs/msg/detail/cellular_status__builder.hpp\n'}
[1.367775] (px4_msgs) StdoutLine: {'line': b'-- Up-to-date: /home/mustardking/ws_sensor_combined/install/px4_msgs/include/px4_msgs/px4_msgs/msg/detail/orb_test__type_support.hpp\n'}
[1.367798] (px4_msgs) StdoutLine: {'line': b'-- Up-to-date: /home/mustardking/ws_sensor_combined/install/px4_msgs/include/px4_msgs/px4_msgs/msg/detail/gpio_config__traits.hpp\n'}
[1.367821] (px4_msgs) StdoutLine: {'line': b'-- Up-to-date: /home/mustardking/ws_sensor_combined/install/px4_msgs/include/px4_msgs/px4_msgs/msg/detail/vehicle_imu_status__traits.hpp\n'}
[1.367843] (px4_msgs) StdoutLine: {'line': b'-- Up-to-date: /home/mustardking/ws_sensor_combined/install/px4_msgs/include/px4_msgs/px4_msgs/msg/detail/airspeed_wind__traits.hpp\n'}
[1.367867] (px4_msgs) StdoutLine: {'line': b'-- Up-to-date: /home/mustardking/ws_sensor_combined/install/px4_msgs/include/px4_msgs/px4_msgs/msg/detail/normalized_unsigned_setpoint__struct.hpp\n'}
[1.367890] (px4_msgs) StdoutLine: {'line': b'-- Up-to-date: /home/mustardking/ws_sensor_combined/install/px4_msgs/include/px4_msgs/px4_msgs/msg/detail/message_format_response__type_support.hpp\n'}
[1.367914] (px4_msgs) StdoutLine: {'line': b'-- Up-to-date: /home/mustardking/ws_sensor_combined/install/px4_msgs/include/px4_msgs/px4_msgs/msg/detail/rate_ctrl_status__struct.hpp\n'}
[1.367937] (px4_msgs) StdoutLine: {'line': b'-- Up-to-date: /home/mustardking/ws_sensor_combined/install/px4_msgs/include/px4_msgs/px4_msgs/msg/detail/geofence_status__struct.hpp\n'}
[1.367962] (px4_msgs) StdoutLine: {'line': b'-- Up-to-date: /home/mustardking/ws_sensor_combined/install/px4_msgs/include/px4_msgs/px4_msgs/msg/detail/qshell_retval__struct.hpp\n'}
[1.367985] (px4_msgs) StdoutLine: {'line': b'-- Up-to-date: /home/mustardking/ws_sensor_combined/install/px4_msgs/include/px4_msgs/px4_msgs/msg/detail/register_ext_component_request__struct.hpp\n'}
[1.368008] (px4_msgs) StdoutLine: {'line': b'-- Up-to-date: /home/mustardking/ws_sensor_combined/install/px4_msgs/include/px4_msgs/px4_msgs/msg/detail/log_message__traits.hpp\n'}
[1.368031] (px4_msgs) StdoutLine: {'line': b'-- Up-to-date: /home/mustardking/ws_sensor_combined/install/px4_msgs/include/px4_msgs/px4_msgs/msg/detail/fixed_wing_runway_control__traits.hpp\n'}
[1.368056] (px4_msgs) StdoutLine: {'line': b'-- Up-to-date: /home/mustardking/ws_sensor_combined/install/px4_msgs/include/px4_msgs/px4_msgs/msg/detail/message_format_request__type_support.hpp\n'}
[1.368079] (px4_msgs) StdoutLine: {'line': b'-- Up-to-date: /home/mustardking/ws_sensor_combined/install/px4_msgs/include/px4_msgs/px4_msgs/msg/detail/uavcan_parameter_value__struct.hpp\n'}
[1.368122] (px4_msgs) StdoutLine: {'line': b'-- Up-to-date: /home/mustardking/ws_sensor_combined/install/px4_msgs/include/px4_msgs/px4_msgs/msg/detail/position_controller_landing_status__type_support.hpp\n'}
[1.368146] (px4_msgs) StdoutLine: {'line': b'-- Up-to-date: /home/mustardking/ws_sensor_combined/install/px4_msgs/include/px4_msgs/px4_msgs/msg/detail/vehicle_constraints__traits.hpp\n'}
[1.368169] (px4_msgs) StdoutLine: {'line': b'-- Up-to-date: /home/mustardking/ws_sensor_combined/install/px4_msgs/include/px4_msgs/px4_msgs/msg/detail/adc_report__type_support.hpp\n'}
[1.368192] (px4_msgs) StdoutLine: {'line': b'-- Up-to-date: /home/mustardking/ws_sensor_combined/install/px4_msgs/include/px4_msgs/px4_msgs/msg/detail/rover_speed_status__builder.hpp\n'}
[1.368214] (px4_msgs) StdoutLine: {'line': b'-- Up-to-date: /home/mustardking/ws_sensor_combined/install/px4_msgs/include/px4_msgs/px4_msgs/msg/detail/follow_target_status__traits.hpp\n'}
[1.368237] (px4_msgs) StdoutLine: {'line': b'-- Up-to-date: /home/mustardking/ws_sensor_combined/install/px4_msgs/include/px4_msgs/px4_msgs/msg/detail/pwm_input__traits.hpp\n'}
[1.368269] (px4_msgs) StdoutLine: {'line': b'-- Up-to-date: /home/mustardking/ws_sensor_combined/install/px4_msgs/include/px4_msgs/px4_msgs/msg/detail/vehicle_torque_setpoint__struct.hpp\n'}
[1.368344] (px4_msgs) StdoutLine: {'line': b'-- Up-to-date: /home/mustardking/ws_sensor_combined/install/px4_msgs/include/px4_msgs/px4_msgs/msg/detail/estimator_status_flags__type_support.hpp\n'}
[1.368370] (px4_msgs) StdoutLine: {'line': b'-- Up-to-date: /home/mustardking/ws_sensor_combined/install/px4_msgs/include/px4_msgs/px4_msgs/msg/detail/rtl_time_estimate__builder.hpp\n'}
[1.368393] (px4_msgs) StdoutLine: {'line': b'-- Up-to-date: /home/mustardking/ws_sensor_combined/install/px4_msgs/include/px4_msgs/px4_msgs/msg/detail/message_format_response__traits.hpp\n'}
[1.368424] (px4_msgs) StdoutLine: {'line': b'-- Up-to-date: /home/mustardking/ws_sensor_combined/install/px4_msgs/include/px4_msgs/px4_msgs/msg/detail/mission__builder.hpp\n'}
[1.368448] (px4_msgs) StdoutLine: {'line': b'-- Up-to-date: /home/mustardking/ws_sensor_combined/install/px4_msgs/include/px4_msgs/px4_msgs/msg/detail/radio_status__struct.hpp\n'}
[1.368471] (px4_msgs) StdoutLine: {'line': b'-- Up-to-date: /home/mustardking/ws_sensor_combined/install/px4_msgs/include/px4_msgs/px4_msgs/msg/detail/actuator_controls_status__type_support.hpp\n'}
[1.368494] (px4_msgs) StdoutLine: {'line': b'-- Up-to-date: /home/mustardking/ws_sensor_combined/install/px4_msgs/include/px4_msgs/px4_msgs/msg/detail/vehicle_rates_setpoint__traits.hpp\n'}
[1.368521] (px4_msgs) StdoutLine: {'line': b'-- Up-to-date: /home/mustardking/ws_sensor_combined/install/px4_msgs/include/px4_msgs/px4_msgs/msg/detail/debug_key_value__struct.hpp\n'}
[1.368543] (px4_msgs) StdoutLine: {'line': b'-- Up-to-date: /home/mustardking/ws_sensor_combined/install/px4_msgs/include/px4_msgs/px4_msgs/msg/detail/unregister_ext_component__traits.hpp\n'}
[1.368586] (px4_msgs) StdoutLine: {'line': b'-- Up-to-date: /home/mustardking/ws_sensor_combined/install/px4_msgs/include/px4_msgs/px4_msgs/msg/detail/estimator_status__type_support.hpp\n'}
[1.368609] (px4_msgs) StdoutLine: {'line': b'-- Up-to-date: /home/mustardking/ws_sensor_combined/install/px4_msgs/include/px4_msgs/px4_msgs/msg/detail/actuator_outputs__traits.hpp\n'}
[1.368632] (px4_msgs) StdoutLine: {'line': b'-- Up-to-date: /home/mustardking/ws_sensor_combined/install/px4_msgs/include/px4_msgs/px4_msgs/msg/detail/goto_setpoint__builder.hpp\n'}
[1.368654] (px4_msgs) StdoutLine: {'line': b'-- Up-to-date: /home/mustardking/ws_sensor_combined/install/px4_msgs/include/px4_msgs/px4_msgs/msg/detail/rover_attitude_status__traits.hpp\n'}
[1.368677] (px4_msgs) StdoutLine: {'line': b'-- Up-to-date: /home/mustardking/ws_sensor_combined/install/px4_msgs/include/px4_msgs/px4_msgs/msg/detail/action_request__traits.hpp\n'}
[1.368699] (px4_msgs) StdoutLine: {'line': b'-- Up-to-date: /home/mustardking/ws_sensor_combined/install/px4_msgs/include/px4_msgs/px4_msgs/msg/detail/rpm__struct.hpp\n'}
[1.368722] (px4_msgs) StdoutLine: {'line': b'-- Up-to-date: /home/mustardking/ws_sensor_combined/install/px4_msgs/include/px4_msgs/px4_msgs/msg/detail/vehicle_local_position_setpoint__traits.hpp\n'}
[1.368744] (px4_msgs) StdoutLine: {'line': b'-- Up-to-date: /home/mustardking/ws_sensor_combined/install/px4_msgs/include/px4_msgs/px4_msgs/msg/detail/vehicle_land_detected__type_support.hpp\n'}
[1.368768] (px4_msgs) StdoutLine: {'line': b'-- Up-to-date: /home/mustardking/ws_sensor_combined/install/px4_msgs/include/px4_msgs/px4_msgs/msg/detail/geofence_status__traits.hpp\n'}
[1.368790] (px4_msgs) StdoutLine: {'line': b'-- Up-to-date: /home/mustardking/ws_sensor_combined/install/px4_msgs/include/px4_msgs/px4_msgs/msg/detail/sensor_airflow__type_support.hpp\n'}
[1.368815] (px4_msgs) StdoutLine: {'line': b'-- Up-to-date: /home/mustardking/ws_sensor_combined/install/px4_msgs/include/px4_msgs/px4_msgs/msg/detail/pps_capture__type_support.hpp\n'}
[1.368837] (px4_msgs) StdoutLine: {'line': b'-- Up-to-date: /home/mustardking/ws_sensor_combined/install/px4_msgs/include/px4_msgs/px4_msgs/msg/detail/sensor_gyro__traits.hpp\n'}
[1.368860] (px4_msgs) StdoutLine: {'line': b'-- Up-to-date: /home/mustardking/ws_sensor_combined/install/px4_msgs/include/px4_msgs/px4_msgs/msg/detail/position_setpoint__struct.hpp\n'}
[1.368882] (px4_msgs) StdoutLine: {'line': b'-- Up-to-date: /home/mustardking/ws_sensor_combined/install/px4_msgs/include/px4_msgs/px4_msgs/msg/detail/uavcan_parameter_request__type_support.hpp\n'}
[1.368904] (px4_msgs) StdoutLine: {'line': b'-- Up-to-date: /home/mustardking/ws_sensor_combined/install/px4_msgs/include/px4_msgs/px4_msgs/msg/detail/generator_status__builder.hpp\n'}
[1.368927] (px4_msgs) StdoutLine: {'line': b'-- Up-to-date: /home/mustardking/ws_sensor_combined/install/px4_msgs/include/px4_msgs/px4_msgs/msg/detail/gps_inject_data__builder.hpp\n'}
[1.368950] (px4_msgs) StdoutLine: {'line': b'-- Up-to-date: /home/mustardking/ws_sensor_combined/install/px4_msgs/include/px4_msgs/px4_msgs/msg/detail/health_report__traits.hpp\n'}
[1.368972] (px4_msgs) StdoutLine: {'line': b'-- Up-to-date: /home/mustardking/ws_sensor_combined/install/px4_msgs/include/px4_msgs/px4_msgs/msg/detail/estimator_event_flags__struct.hpp\n'}
[1.368995] (px4_msgs) StdoutLine: {'line': b'-- Up-to-date: /home/mustardking/ws_sensor_combined/install/px4_msgs/include/px4_msgs/px4_msgs/msg/detail/rpm__traits.hpp\n'}
[1.369018] (px4_msgs) StdoutLine: {'line': b'-- Up-to-date: /home/mustardking/ws_sensor_combined/install/px4_msgs/include/px4_msgs/px4_msgs/msg/detail/logger_status__builder.hpp\n'}
[1.369040] (px4_msgs) StdoutLine: {'line': b'-- Up-to-date: /home/mustardking/ws_sensor_combined/install/px4_msgs/include/px4_msgs/px4_msgs/msg/detail/internal_combustion_engine_control__traits.hpp\n'}
[1.369062] (px4_msgs) StdoutLine: {'line': b'-- Up-to-date: /home/mustardking/ws_sensor_combined/install/px4_msgs/include/px4_msgs/px4_msgs/msg/detail/collision_constraints__struct.hpp\n'}
[1.369086] (px4_msgs) StdoutLine: {'line': b'-- Up-to-date: /home/mustardking/ws_sensor_combined/install/px4_msgs/include/px4_msgs/px4_msgs/msg/detail/parameter_set_used_request__type_support.hpp\n'}
[1.369108] (px4_msgs) StdoutLine: {'line': b'-- Up-to-date: /home/mustardking/ws_sensor_combined/install/px4_msgs/include/px4_msgs/px4_msgs/msg/detail/orb_test_large__struct.hpp\n'}
[1.369131] (px4_msgs) StdoutLine: {'line': b'-- Up-to-date: /home/mustardking/ws_sensor_combined/install/px4_msgs/include/px4_msgs/px4_msgs/msg/detail/orb_test_medium__type_support.hpp\n'}
[1.369154] (px4_msgs) StdoutLine: {'line': b'-- Up-to-date: /home/mustardking/ws_sensor_combined/install/px4_msgs/include/px4_msgs/px4_msgs/msg/detail/actuator_motors__builder.hpp\n'}
[1.369176] (px4_msgs) StdoutLine: {'line': b'-- Up-to-date: /home/mustardking/ws_sensor_combined/install/px4_msgs/include/px4_msgs/px4_msgs/msg/detail/satellite_info__struct.hpp\n'}
[1.369198] (px4_msgs) StdoutLine: {'line': b'-- Up-to-date: /home/mustardking/ws_sensor_combined/install/px4_msgs/include/px4_msgs/px4_msgs/msg/detail/longitudinal_control_configuration__builder.hpp\n'}
[1.369224] (px4_msgs) StdoutLine: {'line': b'-- Up-to-date: /home/mustardking/ws_sensor_combined/install/px4_msgs/include/px4_msgs/px4_msgs/msg/detail/obstacle_distance__struct.hpp\n'}
[1.369246] (px4_msgs) StdoutLine: {'line': b'-- Up-to-date: /home/mustardking/ws_sensor_combined/install/px4_msgs/include/px4_msgs/px4_msgs/msg/detail/input_rc__traits.hpp\n'}
[1.369268] (px4_msgs) StdoutLine: {'line': b'-- Up-to-date: /home/mustardking/ws_sensor_combined/install/px4_msgs/include/px4_msgs/px4_msgs/msg/detail/vehicle_angular_velocity__type_support.hpp\n'}
[1.369291] (px4_msgs) StdoutLine: {'line': b'-- Up-to-date: /home/mustardking/ws_sensor_combined/install/px4_msgs/include/px4_msgs/px4_msgs/msg/detail/follow_target__builder.hpp\n'}
[1.369313] (px4_msgs) StdoutLine: {'line': b'-- Up-to-date: /home/mustardking/ws_sensor_combined/install/px4_msgs/include/px4_msgs/px4_msgs/msg/detail/rate_ctrl_status__traits.hpp\n'}
[1.369336] (px4_msgs) StdoutLine: {'line': b'-- Up-to-date: /home/mustardking/ws_sensor_combined/install/px4_msgs/include/px4_msgs/px4_msgs/msg/detail/estimator_status_flags__struct.hpp\n'}
[1.369358] (px4_msgs) StdoutLine: {'line': b'-- Up-to-date: /home/mustardking/ws_sensor_combined/install/px4_msgs/include/px4_msgs/px4_msgs/msg/detail/actuator_outputs__type_support.hpp\n'}
[1.369380] (px4_msgs) StdoutLine: {'line': b'-- Up-to-date: /home/mustardking/ws_sensor_combined/install/px4_msgs/include/px4_msgs/px4_msgs/msg/detail/open_drone_id_system__struct.hpp\n'}
[1.369403] (px4_msgs) StdoutLine: {'line': b'-- Up-to-date: /home/mustardking/ws_sensor_combined/install/px4_msgs/include/px4_msgs/px4_msgs/msg/detail/gpio_out__builder.hpp\n'}
[1.369425] (px4_msgs) StdoutLine: {'line': b'-- Up-to-date: /home/mustardking/ws_sensor_combined/install/px4_msgs/include/px4_msgs/px4_msgs/msg/detail/flight_phase_estimation__type_support.hpp\n'}
[1.369449] (px4_msgs) StdoutLine: {'line': b'-- Up-to-date: /home/mustardking/ws_sensor_combined/install/px4_msgs/include/px4_msgs/px4_msgs/msg/detail/failure_detector_status__builder.hpp\n'}
[1.369471] (px4_msgs) StdoutLine: {'line': b'-- Up-to-date: /home/mustardking/ws_sensor_combined/install/px4_msgs/include/px4_msgs/px4_msgs/msg/detail/actuator_servos_trim__type_support.hpp\n'}
[1.369494] (px4_msgs) StdoutLine: {'line': b'-- Up-to-date: /home/mustardking/ws_sensor_combined/install/px4_msgs/include/px4_msgs/px4_msgs/msg/detail/vehicle_attitude_setpoint__struct.hpp\n'}
[1.369517] (px4_msgs) StdoutLine: {'line': b'-- Up-to-date: /home/mustardking/ws_sensor_combined/install/px4_msgs/include/px4_msgs/px4_msgs/msg/detail/gimbal_manager_information__type_support.hpp\n'}
[1.369539] (px4_msgs) StdoutLine: {'line': b'-- Up-to-date: /home/mustardking/ws_sensor_combined/install/px4_msgs/include/px4_msgs/px4_msgs/msg/detail/follow_target__type_support.hpp\n'}
[1.369561] (px4_msgs) StdoutLine: {'line': b'-- Up-to-date: /home/mustardking/ws_sensor_combined/install/px4_msgs/include/px4_msgs/px4_msgs/msg/detail/event__traits.hpp\n'}
[1.369585] (px4_msgs) StdoutLine: {'line': b'-- Up-to-date: /home/mustardking/ws_sensor_combined/install/px4_msgs/include/px4_msgs/px4_msgs/msg/detail/vehicle_optical_flow_vel__builder.hpp\n'}
[1.369607] (px4_msgs) StdoutLine: {'line': b'-- Up-to-date: /home/mustardking/ws_sensor_combined/install/px4_msgs/include/px4_msgs/px4_msgs/msg/detail/airspeed_validated__traits.hpp\n'}
[1.369629] (px4_msgs) StdoutLine: {'line': b'-- Up-to-date: /home/mustardking/ws_sensor_combined/install/px4_msgs/include/px4_msgs/px4_msgs/msg/detail/vehicle_angular_acceleration_setpoint__type_support.hpp\n'}
[1.369652] (px4_msgs) StdoutLine: {'line': b'-- Up-to-date: /home/mustardking/ws_sensor_combined/install/px4_msgs/include/px4_msgs/px4_msgs/msg/detail/internal_combustion_engine_control__type_support.hpp\n'}
[1.369698] (px4_msgs) StdoutLine: {'line': b'-- Up-to-date: /home/mustardking/ws_sensor_combined/install/px4_msgs/include/px4_msgs/px4_msgs/msg/detail/sensor_airflow__traits.hpp\n'}
[1.369720] (px4_msgs) StdoutLine: {'line': b'-- Up-to-date: /home/mustardking/ws_sensor_combined/install/px4_msgs/include/px4_msgs/px4_msgs/msg/detail/mission_result__type_support.hpp\n'}
[1.369743] (px4_msgs) StdoutLine: {'line': b'-- Up-to-date: /home/mustardking/ws_sensor_combined/install/px4_msgs/include/px4_msgs/px4_msgs/msg/detail/fixed_wing_lateral_status__type_support.hpp\n'}
[1.369765] (px4_msgs) StdoutLine: {'line': b'-- Up-to-date: /home/mustardking/ws_sensor_combined/install/px4_msgs/include/px4_msgs/px4_msgs/msg/detail/sensor_optical_flow__builder.hpp\n'}
[1.369797] (px4_msgs) StdoutLine: {'line': b'-- Up-to-date: /home/mustardking/ws_sensor_combined/install/px4_msgs/include/px4_msgs/px4_msgs/msg/detail/mount_orientation__builder.hpp\n'}
[1.369820] (px4_msgs) StdoutLine: {'line': b'-- Up-to-date: /home/mustardking/ws_sensor_combined/install/px4_msgs/include/px4_msgs/px4_msgs/msg/detail/tiltrotor_extra_controls__struct.hpp\n'}
[1.369843] (px4_msgs) StdoutLine: {'line': b'-- Up-to-date: /home/mustardking/ws_sensor_combined/install/px4_msgs/include/px4_msgs/px4_msgs/msg/detail/gimbal_manager_status__traits.hpp\n'}
[1.369865] (px4_msgs) StdoutLine: {'line': b'-- Up-to-date: /home/mustardking/ws_sensor_combined/install/px4_msgs/include/px4_msgs/px4_msgs/msg/detail/obstacle_distance__type_support.hpp\n'}
[1.369888] (px4_msgs) StdoutLine: {'line': b'-- Up-to-date: /home/mustardking/ws_sensor_combined/install/px4_msgs/include/px4_msgs/px4_msgs/msg/detail/uavcan_parameter_value__builder.hpp\n'}
[1.369967] (px4_msgs) StdoutLine: {'line': b'-- Up-to-date: /home/mustardking/ws_sensor_combined/install/px4_msgs/include/px4_msgs/px4_msgs/msg/detail/vehicle_air_data__type_support.hpp\n'}
[1.369992] (px4_msgs) StdoutLine: {'line': b'-- Up-to-date: /home/mustardking/ws_sensor_combined/install/px4_msgs/include/px4_msgs/px4_msgs/msg/detail/event__type_support.hpp\n'}
[1.370014] (px4_msgs) StdoutLine: {'line': b'-- Up-to-date: /home/mustardking/ws_sensor_combined/install/px4_msgs/include/px4_msgs/px4_msgs/msg/detail/camera_status__builder.hpp\n'}
[1.370037] (px4_msgs) StdoutLine: {'line': b'-- Up-to-date: /home/mustardking/ws_sensor_combined/install/px4_msgs/include/px4_msgs/px4_msgs/msg/detail/normalized_unsigned_setpoint__builder.hpp\n'}
[1.370059] (px4_msgs) StdoutLine: {'line': b'-- Up-to-date: /home/mustardking/ws_sensor_combined/install/px4_msgs/include/px4_msgs/px4_msgs/msg/detail/vehicle_attitude_setpoint__traits.hpp\n'}
[1.370081] (px4_msgs) StdoutLine: {'line': b'-- Up-to-date: /home/mustardking/ws_sensor_combined/install/px4_msgs/include/px4_msgs/px4_msgs/msg/detail/hover_thrust_estimate__builder.hpp\n'}
[1.370104] (px4_msgs) StdoutLine: {'line': b'-- Up-to-date: /home/mustardking/ws_sensor_combined/install/px4_msgs/include/px4_msgs/px4_msgs/msg/detail/estimator_innovations__type_support.hpp\n'}
[1.370127] (px4_msgs) StdoutLine: {'line': b'-- Up-to-date: /home/mustardking/ws_sensor_combined/install/px4_msgs/include/px4_msgs/px4_msgs/msg/detail/ulog_stream__traits.hpp\n'}
[1.370156] (px4_msgs) StdoutLine: {'line': b'-- Up-to-date: /home/mustardking/ws_sensor_combined/install/px4_msgs/include/px4_msgs/px4_msgs/msg/detail/mission_result__traits.hpp\n'}
[1.370178] (px4_msgs) StdoutLine: {'line': b'-- Up-to-date: /home/mustardking/ws_sensor_combined/install/px4_msgs/include/px4_msgs/px4_msgs/msg/detail/sensor_mag__traits.hpp\n'}
[1.370200] (px4_msgs) StdoutLine: {'line': b'-- Up-to-date: /home/mustardking/ws_sensor_combined/install/px4_msgs/include/px4_msgs/px4_msgs/msg/detail/parameter_set_value_response__traits.hpp\n'}
[1.370281] (px4_msgs) StdoutLine: {'line': b'-- Up-to-date: /home/mustardking/ws_sensor_combined/install/px4_msgs/include/px4_msgs/px4_msgs/msg/detail/arming_check_reply__traits.hpp\n'}
[1.370306] (px4_msgs) StdoutLine: {'line': b'-- Up-to-date: /home/mustardking/ws_sensor_combined/install/px4_msgs/include/px4_msgs/px4_msgs/msg/detail/failure_detector_status__struct.hpp\n'}
[1.370329] (px4_msgs) StdoutLine: {'line': b'-- Up-to-date: /home/mustardking/ws_sensor_combined/install/px4_msgs/include/px4_msgs/px4_msgs/msg/detail/estimator_aid_source1d__builder.hpp\n'}
[1.370351] (px4_msgs) StdoutLine: {'line': b'-- Up-to-date: /home/mustardking/ws_sensor_combined/install/px4_msgs/include/px4_msgs/px4_msgs/msg/detail/esc_status__type_support.hpp\n'}
[1.370375] (px4_msgs) StdoutLine: {'line': b'-- Up-to-date: /home/mustardking/ws_sensor_combined/install/px4_msgs/include/px4_msgs/px4_msgs/msg/detail/vehicle_air_data__builder.hpp\n'}
[1.370397] (px4_msgs) StdoutLine: {'line': b'-- Up-to-date: /home/mustardking/ws_sensor_combined/install/px4_msgs/include/px4_msgs/px4_msgs/msg/detail/gps_dump__builder.hpp\n'}
[1.370419] (px4_msgs) StdoutLine: {'line': b'-- Up-to-date: /home/mustardking/ws_sensor_combined/install/px4_msgs/include/px4_msgs/px4_msgs/msg/detail/radio_status__traits.hpp\n'}
[1.370442] (px4_msgs) StdoutLine: {'line': b'-- Up-to-date: /home/mustardking/ws_sensor_combined/install/px4_msgs/include/px4_msgs/px4_msgs/msg/detail/mavlink_log__struct.hpp\n'}
[1.370464] (px4_msgs) StdoutLine: {'line': b'-- Up-to-date: /home/mustardking/ws_sensor_combined/install/px4_msgs/include/px4_msgs/px4_msgs/msg/detail/rover_steering_setpoint__builder.hpp\n'}
[1.370486] (px4_msgs) StdoutLine: {'line': b'-- Up-to-date: /home/mustardking/ws_sensor_combined/install/px4_msgs/include/px4_msgs/px4_msgs/msg/detail/wheel_encoders__builder.hpp\n'}
[1.370508] (px4_msgs) StdoutLine: {'line': b'-- Up-to-date: /home/mustardking/ws_sensor_combined/install/px4_msgs/include/px4_msgs/px4_msgs/msg/detail/sensor_correction__traits.hpp\n'}
[1.370530] (px4_msgs) StdoutLine: {'line': b'-- Up-to-date: /home/mustardking/ws_sensor_combined/install/px4_msgs/include/px4_msgs/px4_msgs/msg/detail/geofence_result__traits.hpp\n'}
[1.370553] (px4_msgs) StdoutLine: {'line': b'-- Up-to-date: /home/mustardking/ws_sensor_combined/install/px4_msgs/include/px4_msgs/px4_msgs/msg/detail/debug_array__struct.hpp\n'}
[1.370575] (px4_msgs) StdoutLine: {'line': b'-- Up-to-date: /home/mustardking/ws_sensor_combined/install/px4_msgs/include/px4_msgs/px4_msgs/msg/detail/sensor_uwb__traits.hpp\n'}
[1.370602] (px4_msgs) StdoutLine: {'line': b'-- Up-to-date: /home/mustardking/ws_sensor_combined/install/px4_msgs/include/px4_msgs/px4_msgs/msg/detail/follow_target_estimator__builder.hpp\n'}
[1.370631] (px4_msgs) StdoutLine: {'line': b'-- Up-to-date: /home/mustardking/ws_sensor_combined/install/px4_msgs/include/px4_msgs/px4_msgs/msg/detail/ulog_stream__type_support.hpp\n'}
[1.370653] (px4_msgs) StdoutLine: {'line': b'-- Up-to-date: /home/mustardking/ws_sensor_combined/install/px4_msgs/include/px4_msgs/px4_msgs/msg/detail/vehicle_control_mode__type_support.hpp\n'}
[1.370675] (px4_msgs) StdoutLine: {'line': b'-- Up-to-date: /home/mustardking/ws_sensor_combined/install/px4_msgs/include/px4_msgs/px4_msgs/msg/detail/actuator_armed__struct.hpp\n'}
[1.370698] (px4_msgs) StdoutLine: {'line': b'-- Up-to-date: /home/mustardking/ws_sensor_combined/install/px4_msgs/include/px4_msgs/px4_msgs/msg/detail/sensor_optical_flow__struct.hpp\n'}
[1.370726] (px4_msgs) StdoutLine: {'line': b'-- Up-to-date: /home/mustardking/ws_sensor_combined/install/px4_msgs/include/px4_msgs/px4_msgs/msg/detail/rate_ctrl_status__builder.hpp\n'}
[1.371614] (px4_msgs) StdoutLine: {'line': b'-- Up-to-date: /home/mustardking/ws_sensor_combined/install/px4_msgs/include/px4_msgs/px4_msgs/msg/detail/estimator_aid_source3d__struct.hpp\n'}
[1.371679] (px4_msgs) StdoutLine: {'line': b'-- Up-to-date: /home/mustardking/ws_sensor_combined/install/px4_msgs/include/px4_msgs/px4_msgs/msg/detail/failure_detector_status__traits.hpp\n'}
[1.371706] (px4_msgs) StdoutLine: {'line': b'-- Up-to-date: /home/mustardking/ws_sensor_combined/install/px4_msgs/include/px4_msgs/px4_msgs/msg/detail/landing_gear_wheel__type_support.hpp\n'}
[1.371731] (px4_msgs) StdoutLine: {'line': b'-- Up-to-date: /home/mustardking/ws_sensor_combined/install/px4_msgs/include/px4_msgs/px4_msgs/msg/detail/launch_detection_status__struct.hpp\n'}
[1.371755] (px4_msgs) StdoutLine: {'line': b'-- Up-to-date: /home/mustardking/ws_sensor_combined/install/px4_msgs/include/px4_msgs/px4_msgs/msg/detail/estimator_status_flags__builder.hpp\n'}
[1.371780] (px4_msgs) StdoutLine: {'line': b'-- Up-to-date: /home/mustardking/ws_sensor_combined/install/px4_msgs/include/px4_msgs/px4_msgs/msg/detail/position_controller_landing_status__traits.hpp\n'}
[1.371803] (px4_msgs) StdoutLine: {'line': b'-- Up-to-date: /home/mustardking/ws_sensor_combined/install/px4_msgs/include/px4_msgs/px4_msgs/msg/detail/estimator_aid_source2d__type_support.hpp\n'}
[1.371826] (px4_msgs) StdoutLine: {'line': b'-- Up-to-date: /home/mustardking/ws_sensor_combined/install/px4_msgs/include/px4_msgs/px4_msgs/msg/detail/wind__traits.hpp\n'}
[1.371849] (px4_msgs) StdoutLine: {'line': b'-- Up-to-date: /home/mustardking/ws_sensor_combined/install/px4_msgs/include/px4_msgs/px4_msgs/msg/detail/sensor_baro__type_support.hpp\n'}
[1.371871] (px4_msgs) StdoutLine: {'line': b'-- Up-to-date: /home/mustardking/ws_sensor_combined/install/px4_msgs/include/px4_msgs/px4_msgs/msg/detail/parameter_set_used_request__struct.hpp\n'}
[1.371894] (px4_msgs) StdoutLine: {'line': b'-- Up-to-date: /home/mustardking/ws_sensor_combined/install/px4_msgs/include/px4_msgs/px4_msgs/msg/detail/gpio_in__builder.hpp\n'}
[1.371916] (px4_msgs) StdoutLine: {'line': b'-- Up-to-date: /home/mustardking/ws_sensor_combined/install/px4_msgs/include/px4_msgs/px4_msgs/msg/detail/mavlink_tunnel__type_support.hpp\n'}
[1.371948] (px4_msgs) StdoutLine: {'line': b'-- Up-to-date: /home/mustardking/ws_sensor_combined/install/px4_msgs/include/px4_msgs/px4_msgs/msg/detail/follow_target_estimator__struct.hpp\n'}
[1.371978] (px4_msgs) StdoutLine: {'line': b'-- Up-to-date: /home/mustardking/ws_sensor_combined/install/px4_msgs/include/px4_msgs/px4_msgs/msg/detail/pps_capture__builder.hpp\n'}
[1.372004] (px4_msgs) StdoutLine: {'line': b'-- Up-to-date: /home/mustardking/ws_sensor_combined/install/px4_msgs/include/px4_msgs/px4_msgs/msg/detail/wheel_encoders__struct.hpp\n'}
[1.372037] (px4_msgs) StdoutLine: {'line': b'-- Up-to-date: /home/mustardking/ws_sensor_combined/install/px4_msgs/include/px4_msgs/px4_msgs/msg/detail/register_ext_component_request__builder.hpp\n'}
[1.372071] (px4_msgs) StdoutLine: {'line': b'-- Up-to-date: /home/mustardking/ws_sensor_combined/install/px4_msgs/include/px4_msgs/px4_msgs/msg/detail/distance_sensor__traits.hpp\n'}
[1.372104] (px4_msgs) StdoutLine: {'line': b'-- Up-to-date: /home/mustardking/ws_sensor_combined/install/px4_msgs/include/px4_msgs/px4_msgs/msg/detail/manual_control_setpoint__type_support.hpp\n'}
[1.372128] (px4_msgs) StdoutLine: {'line': b'-- Up-to-date: /home/mustardking/ws_sensor_combined/install/px4_msgs/include/px4_msgs/px4_msgs/msg/detail/fixed_wing_lateral_guidance_status__traits.hpp\n'}
[1.372150] (px4_msgs) StdoutLine: {'line': b'-- Up-to-date: /home/mustardking/ws_sensor_combined/install/px4_msgs/include/px4_msgs/px4_msgs/msg/detail/debug_value__type_support.hpp\n'}
[1.372172] (px4_msgs) StdoutLine: {'line': b'-- Up-to-date: /home/mustardking/ws_sensor_combined/install/px4_msgs/include/px4_msgs/px4_msgs/msg/detail/debug_value__struct.hpp\n'}
[1.372197] (px4_msgs) StdoutLine: {'line': b'-- Up-to-date: /home/mustardking/ws_sensor_combined/install/px4_msgs/include/px4_msgs/px4_msgs/msg/detail/actuator_servos_trim__struct.hpp\n'}
[1.372219] (px4_msgs) StdoutLine: {'line': b'-- Up-to-date: /home/mustardking/ws_sensor_combined/install/px4_msgs/include/px4_msgs/px4_msgs/msg/detail/estimator_status_flags__traits.hpp\n'}
[1.372242] (px4_msgs) StdoutLine: {'line': b'-- Up-to-date: /home/mustardking/ws_sensor_combined/install/px4_msgs/include/px4_msgs/px4_msgs/msg/detail/estimator_sensor_bias__struct.hpp\n'}
[1.372265] (px4_msgs) StdoutLine: {'line': b'-- Up-to-date: /home/mustardking/ws_sensor_combined/install/px4_msgs/include/px4_msgs/px4_msgs/msg/detail/gps_dump__struct.hpp\n'}
[1.372287] (px4_msgs) StdoutLine: {'line': b'-- Up-to-date: /home/mustardking/ws_sensor_combined/install/px4_msgs/include/px4_msgs/px4_msgs/msg/detail/pwm_input__type_support.hpp\n'}
[1.372321] (px4_msgs) StdoutLine: {'line': b'-- Up-to-date: /home/mustardking/ws_sensor_combined/install/px4_msgs/include/px4_msgs/px4_msgs/msg/detail/trajectory_setpoint__builder.hpp\n'}
[1.372353] (px4_msgs) StdoutLine: {'line': b'-- Up-to-date: /home/mustardking/ws_sensor_combined/install/px4_msgs/include/px4_msgs/px4_msgs/msg/detail/transponder_report__traits.hpp\n'}
[1.372390] (px4_msgs) StdoutLine: {'line': b'-- Up-to-date: /home/mustardking/ws_sensor_combined/install/px4_msgs/include/px4_msgs/px4_msgs/msg/detail/geofence_status__type_support.hpp\n'}
[1.372413] (px4_msgs) StdoutLine: {'line': b'-- Up-to-date: /home/mustardking/ws_sensor_combined/install/px4_msgs/include/px4_msgs/px4_msgs/msg/detail/system_power__type_support.hpp\n'}
[1.372435] (px4_msgs) StdoutLine: {'line': b'-- Up-to-date: /home/mustardking/ws_sensor_combined/install/px4_msgs/include/px4_msgs/px4_msgs/msg/detail/vehicle_command__traits.hpp\n'}
[1.372458] (px4_msgs) StdoutLine: {'line': b'-- Up-to-date: /home/mustardking/ws_sensor_combined/install/px4_msgs/include/px4_msgs/px4_msgs/msg/detail/vehicle_local_position__type_support.hpp\n'}
[1.372503] (px4_msgs) StdoutLine: {'line': b'-- Up-to-date: /home/mustardking/ws_sensor_combined/install/px4_msgs/include/px4_msgs/px4_msgs/msg/detail/power_monitor__struct.hpp\n'}
[1.372528] (px4_msgs) StdoutLine: {'line': b'-- Up-to-date: /home/mustardking/ws_sensor_combined/install/px4_msgs/include/px4_msgs/px4_msgs/msg/detail/fixed_wing_lateral_setpoint__struct.hpp\n'}
[1.372551] (px4_msgs) StdoutLine: {'line': b'-- Up-to-date: /home/mustardking/ws_sensor_combined/install/px4_msgs/include/px4_msgs/px4_msgs/msg/detail/sensor_preflight_mag__struct.hpp\n'}
[1.372573] (px4_msgs) StdoutLine: {'line': b'-- Up-to-date: /home/mustardking/ws_sensor_combined/install/px4_msgs/include/px4_msgs/px4_msgs/msg/detail/system_power__traits.hpp\n'}
[1.372624] (px4_msgs) StdoutLine: {'line': b'-- Up-to-date: /home/mustardking/ws_sensor_combined/install/px4_msgs/include/px4_msgs/px4_msgs/msg/detail/flight_phase_estimation__builder.hpp\n'}
[1.372657] (px4_msgs) StdoutLine: {'line': b'-- Up-to-date: /home/mustardking/ws_sensor_combined/install/px4_msgs/include/px4_msgs/px4_msgs/msg/detail/rover_speed_setpoint__struct.hpp\n'}
[1.372680] (px4_msgs) StdoutLine: {'line': b'-- Up-to-date: /home/mustardking/ws_sensor_combined/install/px4_msgs/include/px4_msgs/px4_msgs/msg/detail/button_event__struct.hpp\n'}
[1.372703] (px4_msgs) StdoutLine: {'line': b'-- Up-to-date: /home/mustardking/ws_sensor_combined/install/px4_msgs/include/px4_msgs/px4_msgs/msg/detail/estimator_bias3d__struct.hpp\n'}
[1.372726] (px4_msgs) StdoutLine: {'line': b'-- Up-to-date: /home/mustardking/ws_sensor_combined/install/px4_msgs/include/px4_msgs/px4_msgs/msg/detail/timesync_status__traits.hpp\n'}
[1.372748] (px4_msgs) StdoutLine: {'line': b'-- Up-to-date: /home/mustardking/ws_sensor_combined/install/px4_msgs/include/px4_msgs/px4_msgs/msg/detail/button_event__type_support.hpp\n'}
[1.372770] (px4_msgs) StdoutLine: {'line': b'-- Up-to-date: /home/mustardking/ws_sensor_combined/install/px4_msgs/include/px4_msgs/px4_msgs/msg/detail/adc_report__traits.hpp\n'}
[1.372821] (px4_msgs) StdoutLine: {'line': b'-- Up-to-date: /home/mustardking/ws_sensor_combined/install/px4_msgs/include/px4_msgs/px4_msgs/msg/detail/estimator_aid_source1d__traits.hpp\n'}
[1.372849] (px4_msgs) StdoutLine: {'line': b'-- Up-to-date: /home/mustardking/ws_sensor_combined/install/px4_msgs/include/px4_msgs/px4_msgs/msg/detail/vehicle_imu_status__builder.hpp\n'}
[1.372871] (px4_msgs) StdoutLine: {'line': b'-- Up-to-date: /home/mustardking/ws_sensor_combined/install/px4_msgs/include/px4_msgs/px4_msgs/msg/detail/position_setpoint_triplet__type_support.hpp\n'}
[1.372894] (px4_msgs) StdoutLine: {'line': b'-- Up-to-date: /home/mustardking/ws_sensor_combined/install/px4_msgs/include/px4_msgs/px4_msgs/msg/detail/gps_inject_data__type_support.hpp\n'}
[1.372927] (px4_msgs) StdoutLine: {'line': b'-- Up-to-date: /home/mustardking/ws_sensor_combined/install/px4_msgs/include/px4_msgs/px4_msgs/msg/detail/task_stack_info__traits.hpp\n'}
[1.372982] (px4_msgs) StdoutLine: {'line': b'-- Up-to-date: /home/mustardking/ws_sensor_combined/install/px4_msgs/include/px4_msgs/px4_msgs/msg/detail/open_drone_id_system__traits.hpp\n'}
[1.373005] (px4_msgs) StdoutLine: {'line': b'-- Up-to-date: /home/mustardking/ws_sensor_combined/install/px4_msgs/include/px4_msgs/px4_msgs/msg/detail/uavcan_parameter_request__builder.hpp\n'}
[1.373032] (px4_msgs) StdoutLine: {'line': b'-- Up-to-date: /home/mustardking/ws_sensor_combined/install/px4_msgs/include/px4_msgs/px4_msgs/msg/detail/dataman_request__type_support.hpp\n'}
[1.373061] (px4_msgs) StdoutLine: {'line': b'-- Up-to-date: /home/mustardking/ws_sensor_combined/install/px4_msgs/include/px4_msgs/px4_msgs/msg/detail/rover_speed_setpoint__builder.hpp\n'}
[1.373084] (px4_msgs) StdoutLine: {'line': b'-- Up-to-date: /home/mustardking/ws_sensor_combined/install/px4_msgs/include/px4_msgs/px4_msgs/msg/detail/cpuload__builder.hpp\n'}
[1.373106] (px4_msgs) StdoutLine: {'line': b'-- Up-to-date: /home/mustardking/ws_sensor_combined/install/px4_msgs/include/px4_msgs/px4_msgs/msg/detail/vehicle_air_data__traits.hpp\n'}
[1.373128] (px4_msgs) StdoutLine: {'line': b'-- Up-to-date: /home/mustardking/ws_sensor_combined/install/px4_msgs/include/px4_msgs/px4_msgs/msg/detail/airspeed__traits.hpp\n'}
[1.373170] (px4_msgs) StdoutLine: {'line': b'-- Up-to-date: /home/mustardking/ws_sensor_combined/install/px4_msgs/include/px4_msgs/px4_msgs/msg/detail/distance_sensor_mode_change_request__traits.hpp\n'}
[1.373194] (px4_msgs) StdoutLine: {'line': b'-- Up-to-date: /home/mustardking/ws_sensor_combined/install/px4_msgs/include/px4_msgs/px4_msgs/msg/detail/sensor_combined__traits.hpp\n'}
[1.373216] (px4_msgs) StdoutLine: {'line': b'-- Up-to-date: /home/mustardking/ws_sensor_combined/install/px4_msgs/include/px4_msgs/px4_msgs/msg/detail/longitudinal_control_configuration__struct.hpp\n'}
[1.373242] (px4_msgs) StdoutLine: {'line': b'-- Up-to-date: /home/mustardking/ws_sensor_combined/install/px4_msgs/include/px4_msgs/px4_msgs/msg/detail/normalized_unsigned_setpoint__traits.hpp\n'}
[1.373265] (px4_msgs) StdoutLine: {'line': b'-- Up-to-date: /home/mustardking/ws_sensor_combined/install/px4_msgs/include/px4_msgs/px4_msgs/msg/detail/sensors_status__struct.hpp\n'}
[1.373306] (px4_msgs) StdoutLine: {'line': b'-- Up-to-date: /home/mustardking/ws_sensor_combined/install/px4_msgs/include/px4_msgs/px4_msgs/msg/detail/rover_steering_setpoint__traits.hpp\n'}
[1.373329] (px4_msgs) StdoutLine: {'line': b'-- Up-to-date: /home/mustardking/ws_sensor_combined/install/px4_msgs/include/px4_msgs/px4_msgs/msg/detail/open_drone_id_operator_id__builder.hpp\n'}
[1.373352] (px4_msgs) StdoutLine: {'line': b'-- Up-to-date: /home/mustardking/ws_sensor_combined/install/px4_msgs/include/px4_msgs/px4_msgs/msg/detail/rover_steering_setpoint__struct.hpp\n'}
[1.373384] (px4_msgs) StdoutLine: {'line': b'-- Up-to-date: /home/mustardking/ws_sensor_combined/install/px4_msgs/include/px4_msgs/px4_msgs/msg/detail/px4io_status__builder.hpp\n'}
[1.373407] (px4_msgs) StdoutLine: {'line': b'-- Up-to-date: /home/mustardking/ws_sensor_combined/install/px4_msgs/include/px4_msgs/px4_msgs/msg/detail/landing_gear__type_support.hpp\n'}
[1.373431] (px4_msgs) StdoutLine: {'line': b'-- Up-to-date: /home/mustardking/ws_sensor_combined/install/px4_msgs/include/px4_msgs/px4_msgs/msg/detail/sensor_baro__builder.hpp\n'}
[1.373453] (px4_msgs) StdoutLine: {'line': b'-- Up-to-date: /home/mustardking/ws_sensor_combined/install/px4_msgs/include/px4_msgs/px4_msgs/msg/detail/gimbal_manager_set_attitude__traits.hpp\n'}
[1.373500] (px4_msgs) StdoutLine: {'line': b'-- Up-to-date: /home/mustardking/ws_sensor_combined/install/px4_msgs/include/px4_msgs/px4_msgs/msg/detail/tune_control__builder.hpp\n'}
[1.373526] (px4_msgs) StdoutLine: {'line': b'-- Up-to-date: /home/mustardking/ws_sensor_combined/install/px4_msgs/include/px4_msgs/px4_msgs/msg/detail/airspeed_validated__builder.hpp\n'}
[1.373548] (px4_msgs) StdoutLine: {'line': b'-- Up-to-date: /home/mustardking/ws_sensor_combined/install/px4_msgs/include/px4_msgs/px4_msgs/msg/detail/camera_trigger__traits.hpp\n'}
[1.373570] (px4_msgs) StdoutLine: {'line': b'-- Up-to-date: /home/mustardking/ws_sensor_combined/install/px4_msgs/include/px4_msgs/px4_msgs/msg/detail/manual_control_setpoint__traits.hpp\n'}
[1.373593] (px4_msgs) StdoutLine: {'line': b'-- Up-to-date: /home/mustardking/ws_sensor_combined/install/px4_msgs/include/px4_msgs/px4_msgs/msg/detail/rover_attitude_status__type_support.hpp\n'}
[1.373630] (px4_msgs) StdoutLine: {'line': b'-- Up-to-date: /home/mustardking/ws_sensor_combined/install/px4_msgs/include/px4_msgs/px4_msgs/msg/detail/transponder_report__type_support.hpp\n'}
[1.373653] (px4_msgs) StdoutLine: {'line': b'-- Up-to-date: /home/mustardking/ws_sensor_combined/install/px4_msgs/include/px4_msgs/px4_msgs/msg/detail/esc_status__struct.hpp\n'}
[1.373676] (px4_msgs) StdoutLine: {'line': b'-- Up-to-date: /home/mustardking/ws_sensor_combined/install/px4_msgs/include/px4_msgs/px4_msgs/msg/detail/ping__struct.hpp\n'}
[1.373707] (px4_msgs) StdoutLine: {'line': b'-- Up-to-date: /home/mustardking/ws_sensor_combined/install/px4_msgs/include/px4_msgs/px4_msgs/msg/detail/ekf2_timestamps__type_support.hpp\n'}
[1.373731] (px4_msgs) StdoutLine: {'line': b'-- Up-to-date: /home/mustardking/ws_sensor_combined/install/px4_msgs/include/px4_msgs/px4_msgs/msg/detail/vehicle_global_position__builder.hpp\n'}
[1.373753] (px4_msgs) StdoutLine: {'line': b'-- Up-to-date: /home/mustardking/ws_sensor_combined/install/px4_msgs/include/px4_msgs/px4_msgs\n'}
[1.373776] (px4_msgs) StdoutLine: {'line': b'-- Up-to-date: /home/mustardking/ws_sensor_combined/install/px4_msgs/include/px4_msgs/px4_msgs/srv\n'}
[1.373799] (px4_msgs) StdoutLine: {'line': b'-- Up-to-date: /home/mustardking/ws_sensor_combined/install/px4_msgs/include/px4_msgs/px4_msgs/srv/detail\n'}
[1.373852] (px4_msgs) StdoutLine: {'line': b'-- Up-to-date: /home/mustardking/ws_sensor_combined/install/px4_msgs/include/px4_msgs/px4_msgs/srv/detail/vehicle_command__rosidl_typesupport_fastrtps_cpp.hpp\n'}
[1.373877] (px4_msgs) StdoutLine: {'line': b'-- Up-to-date: /home/mustardking/ws_sensor_combined/install/px4_msgs/include/px4_msgs/px4_msgs/srv/detail/dds_fastrtps\n'}
[1.373899] (px4_msgs) StdoutLine: {'line': b'-- Up-to-date: /home/mustardking/ws_sensor_combined/install/px4_msgs/include/px4_msgs/px4_msgs/msg\n'}
[1.373922] (px4_msgs) StdoutLine: {'line': b'-- Up-to-date: /home/mustardking/ws_sensor_combined/install/px4_msgs/include/px4_msgs/px4_msgs/msg/rosidl_typesupport_fastrtps_cpp__visibility_control.h\n'}
[1.373944] (px4_msgs) StdoutLine: {'line': b'-- Up-to-date: /home/mustardking/ws_sensor_combined/install/px4_msgs/include/px4_msgs/px4_msgs/msg/detail\n'}
[1.373981] (px4_msgs) StdoutLine: {'line': b'-- Up-to-date: /home/mustardking/ws_sensor_combined/install/px4_msgs/include/px4_msgs/px4_msgs/msg/detail/parameter_set_value_response__rosidl_typesupport_fastrtps_cpp.hpp\n'}
[1.374005] (px4_msgs) StdoutLine: {'line': b'-- Up-to-date: /home/mustardking/ws_sensor_combined/install/px4_msgs/include/px4_msgs/px4_msgs/msg/detail/sensor_gps__rosidl_typesupport_fastrtps_cpp.hpp\n'}
[1.374034] (px4_msgs) StdoutLine: {'line': b'-- Up-to-date: /home/mustardking/ws_sensor_combined/install/px4_msgs/include/px4_msgs/px4_msgs/msg/detail/adc_report__rosidl_typesupport_fastrtps_cpp.hpp\n'}
[1.374068] (px4_msgs) StdoutLine: {'line': b'-- Up-to-date: /home/mustardking/ws_sensor_combined/install/px4_msgs/include/px4_msgs/px4_msgs/msg/detail/rtl_status__rosidl_typesupport_fastrtps_cpp.hpp\n'}
[1.374092] (px4_msgs) StdoutLine: {'line': b'-- Up-to-date: /home/mustardking/ws_sensor_combined/install/px4_msgs/include/px4_msgs/px4_msgs/msg/detail/power_button_state__rosidl_typesupport_fastrtps_cpp.hpp\n'}
[1.374115] (px4_msgs) StdoutLine: {'line': b'-- Up-to-date: /home/mustardking/ws_sensor_combined/install/px4_msgs/include/px4_msgs/px4_msgs/msg/detail/normalized_unsigned_setpoint__rosidl_typesupport_fastrtps_cpp.hpp\n'}
[1.374149] (px4_msgs) StdoutLine: {'line': b'-- Up-to-date: /home/mustardking/ws_sensor_combined/install/px4_msgs/include/px4_msgs/px4_msgs/msg/detail/rover_speed_setpoint__rosidl_typesupport_fastrtps_cpp.hpp\n'}
[1.374191] (px4_msgs) StdoutLine: {'line': b'-- Up-to-date: /home/mustardking/ws_sensor_combined/install/px4_msgs/include/px4_msgs/px4_msgs/msg/detail/rc_channels__rosidl_typesupport_fastrtps_cpp.hpp\n'}
[1.374273] (px4_msgs) StdoutLine: {'line': b'-- Up-to-date: /home/mustardking/ws_sensor_combined/install/px4_msgs/include/px4_msgs/px4_msgs/msg/detail/gimbal_manager_status__rosidl_typesupport_fastrtps_cpp.hpp\n'}
[1.374317] (px4_msgs) StdoutLine: {'line': b'-- Up-to-date: /home/mustardking/ws_sensor_combined/install/px4_msgs/include/px4_msgs/px4_msgs/msg/detail/sensor_gnss_status__rosidl_typesupport_fastrtps_cpp.hpp\n'}
[1.374383] (px4_msgs) StdoutLine: {'line': b'-- Up-to-date: /home/mustardking/ws_sensor_combined/install/px4_msgs/include/px4_msgs/px4_msgs/msg/detail/fixed_wing_lateral_setpoint__rosidl_typesupport_fastrtps_cpp.hpp\n'}
[1.374417] (px4_msgs) StdoutLine: {'line': b'-- Up-to-date: /home/mustardking/ws_sensor_combined/install/px4_msgs/include/px4_msgs/px4_msgs/msg/detail/landing_gear__rosidl_typesupport_fastrtps_cpp.hpp\n'}
[1.374440] (px4_msgs) StdoutLine: {'line': b'-- Up-to-date: /home/mustardking/ws_sensor_combined/install/px4_msgs/include/px4_msgs/px4_msgs/msg/detail/sensor_selection__rosidl_typesupport_fastrtps_cpp.hpp\n'}
[1.374462] (px4_msgs) StdoutLine: {'line': b'-- Up-to-date: /home/mustardking/ws_sensor_combined/install/px4_msgs/include/px4_msgs/px4_msgs/msg/detail/gimbal_controls__rosidl_typesupport_fastrtps_cpp.hpp\n'}
[1.374485] (px4_msgs) StdoutLine: {'line': b'-- Up-to-date: /home/mustardking/ws_sensor_combined/install/px4_msgs/include/px4_msgs/px4_msgs/msg/detail/follow_target_estimator__rosidl_typesupport_fastrtps_cpp.hpp\n'}
[1.374531] (px4_msgs) StdoutLine: {'line': b'-- Up-to-date: /home/mustardking/ws_sensor_combined/install/px4_msgs/include/px4_msgs/px4_msgs/msg/detail/wind__rosidl_typesupport_fastrtps_cpp.hpp\n'}
[1.374556] (px4_msgs) StdoutLine: {'line': b'-- Up-to-date: /home/mustardking/ws_sensor_combined/install/px4_msgs/include/px4_msgs/px4_msgs/msg/detail/message_format_response__rosidl_typesupport_fastrtps_cpp.hpp\n'}
[1.375175] (px4_msgs) StdoutLine: {'line': b'-- Up-to-date: /home/mustardking/ws_sensor_combined/install/px4_msgs/include/px4_msgs/px4_msgs/msg/detail/camera_status__rosidl_typesupport_fastrtps_cpp.hpp\n'}
[1.375202] (px4_msgs) StdoutLine: {'line': b'-- Up-to-date: /home/mustardking/ws_sensor_combined/install/px4_msgs/include/px4_msgs/px4_msgs/msg/detail/vehicle_constraints__rosidl_typesupport_fastrtps_cpp.hpp\n'}
[1.375241] (px4_msgs) StdoutLine: {'line': b'-- Up-to-date: /home/mustardking/ws_sensor_combined/install/px4_msgs/include/px4_msgs/px4_msgs/msg/detail/log_message__rosidl_typesupport_fastrtps_cpp.hpp\n'}
[1.375264] (px4_msgs) StdoutLine: {'line': b'-- Up-to-date: /home/mustardking/ws_sensor_combined/install/px4_msgs/include/px4_msgs/px4_msgs/msg/detail/distance_sensor_mode_change_request__rosidl_typesupport_fastrtps_cpp.hpp\n'}
[1.375301] (px4_msgs) StdoutLine: {'line': b'-- Up-to-date: /home/mustardking/ws_sensor_combined/install/px4_msgs/include/px4_msgs/px4_msgs/msg/detail/open_drone_id_operator_id__rosidl_typesupport_fastrtps_cpp.hpp\n'}
[1.375348] (px4_msgs) StdoutLine: {'line': b'-- Up-to-date: /home/mustardking/ws_sensor_combined/install/px4_msgs/include/px4_msgs/px4_msgs/msg/detail/gimbal_manager_set_manual_control__rosidl_typesupport_fastrtps_cpp.hpp\n'}
[1.375381] (px4_msgs) StdoutLine: {'line': b'-- Up-to-date: /home/mustardking/ws_sensor_combined/install/px4_msgs/include/px4_msgs/px4_msgs/msg/detail/config_overrides__rosidl_typesupport_fastrtps_cpp.hpp\n'}
[1.375406] (px4_msgs) StdoutLine: {'line': b'-- Up-to-date: /home/mustardking/ws_sensor_combined/install/px4_msgs/include/px4_msgs/px4_msgs/msg/detail/iridiumsbd_status__rosidl_typesupport_fastrtps_cpp.hpp\n'}
[1.375428] (px4_msgs) StdoutLine: {'line': b'-- Up-to-date: /home/mustardking/ws_sensor_combined/install/px4_msgs/include/px4_msgs/px4_msgs/msg/detail/parameter_update__rosidl_typesupport_fastrtps_cpp.hpp\n'}
[1.375451] (px4_msgs) StdoutLine: {'line': b'-- Up-to-date: /home/mustardking/ws_sensor_combined/install/px4_msgs/include/px4_msgs/px4_msgs/msg/detail/geofence_status__rosidl_typesupport_fastrtps_cpp.hpp\n'}
[1.375490] (px4_msgs) StdoutLine: {'line': b'-- Up-to-date: /home/mustardking/ws_sensor_combined/install/px4_msgs/include/px4_msgs/px4_msgs/msg/detail/estimator_aid_source3d__rosidl_typesupport_fastrtps_cpp.hpp\n'}
[1.375515] (px4_msgs) StdoutLine: {'line': b'-- Up-to-date: /home/mustardking/ws_sensor_combined/install/px4_msgs/include/px4_msgs/px4_msgs/msg/detail/pwm_input__rosidl_typesupport_fastrtps_cpp.hpp\n'}
[1.375541] (px4_msgs) StdoutLine: {'line': b'-- Up-to-date: /home/mustardking/ws_sensor_combined/install/px4_msgs/include/px4_msgs/px4_msgs/msg/detail/rpm__rosidl_typesupport_fastrtps_cpp.hpp\n'}
[1.375564] (px4_msgs) StdoutLine: {'line': b'-- Up-to-date: /home/mustardking/ws_sensor_combined/install/px4_msgs/include/px4_msgs/px4_msgs/msg/detail/pps_capture__rosidl_typesupport_fastrtps_cpp.hpp\n'}
[1.375587] (px4_msgs) StdoutLine: {'line': b'-- Up-to-date: /home/mustardking/ws_sensor_combined/install/px4_msgs/include/px4_msgs/px4_msgs/msg/detail/vehicle_land_detected__rosidl_typesupport_fastrtps_cpp.hpp\n'}
[1.375626] (px4_msgs) StdoutLine: {'line': b'-- Up-to-date: /home/mustardking/ws_sensor_combined/install/px4_msgs/include/px4_msgs/px4_msgs/msg/detail/vehicle_rates_setpoint__rosidl_typesupport_fastrtps_cpp.hpp\n'}
[1.375649] (px4_msgs) StdoutLine: {'line': b'-- Up-to-date: /home/mustardking/ws_sensor_combined/install/px4_msgs/include/px4_msgs/px4_msgs/msg/detail/lateral_control_configuration__rosidl_typesupport_fastrtps_cpp.hpp\n'}
[1.375675] (px4_msgs) StdoutLine: {'line': b'-- Up-to-date: /home/mustardking/ws_sensor_combined/install/px4_msgs/include/px4_msgs/px4_msgs/msg/detail/estimator_bias__rosidl_typesupport_fastrtps_cpp.hpp\n'}
[1.375707] (px4_msgs) StdoutLine: {'line': b'-- Up-to-date: /home/mustardking/ws_sensor_combined/install/px4_msgs/include/px4_msgs/px4_msgs/msg/detail/sensor_gyro_fifo__rosidl_typesupport_fastrtps_cpp.hpp\n'}
[1.375729] (px4_msgs) StdoutLine: {'line': b'-- Up-to-date: /home/mustardking/ws_sensor_combined/install/px4_msgs/include/px4_msgs/px4_msgs/msg/detail/can_interface_status__rosidl_typesupport_fastrtps_cpp.hpp\n'}
[1.375768] (px4_msgs) StdoutLine: {'line': b'-- Up-to-date: /home/mustardking/ws_sensor_combined/install/px4_msgs/include/px4_msgs/px4_msgs/msg/detail/actuator_armed__rosidl_typesupport_fastrtps_cpp.hpp\n'}
[1.375791] (px4_msgs) StdoutLine: {'line': b'-- Up-to-date: /home/mustardking/ws_sensor_combined/install/px4_msgs/include/px4_msgs/px4_msgs/msg/detail/sensor_combined__rosidl_typesupport_fastrtps_cpp.hpp\n'}
[1.375813] (px4_msgs) StdoutLine: {'line': b'-- Up-to-date: /home/mustardking/ws_sensor_combined/install/px4_msgs/include/px4_msgs/px4_msgs/msg/detail/vehicle_command__rosidl_typesupport_fastrtps_cpp.hpp\n'}
[1.375836] (px4_msgs) StdoutLine: {'line': b'-- Up-to-date: /home/mustardking/ws_sensor_combined/install/px4_msgs/include/px4_msgs/px4_msgs/msg/detail/launch_detection_status__rosidl_typesupport_fastrtps_cpp.hpp\n'}
[1.375883] (px4_msgs) StdoutLine: {'line': b'-- Up-to-date: /home/mustardking/ws_sensor_combined/install/px4_msgs/include/px4_msgs/px4_msgs/msg/detail/mission__rosidl_typesupport_fastrtps_cpp.hpp\n'}
[1.375910] (px4_msgs) StdoutLine: {'line': b'-- Up-to-date: /home/mustardking/ws_sensor_combined/install/px4_msgs/include/px4_msgs/px4_msgs/msg/detail/mode_completed__rosidl_typesupport_fastrtps_cpp.hpp\n'}
[1.375940] (px4_msgs) StdoutLine: {'line': b'-- Up-to-date: /home/mustardking/ws_sensor_combined/install/px4_msgs/include/px4_msgs/px4_msgs/msg/detail/sensor_airflow__rosidl_typesupport_fastrtps_cpp.hpp\n'}
[1.375963] (px4_msgs) StdoutLine: {'line': b'-- Up-to-date: /home/mustardking/ws_sensor_combined/install/px4_msgs/include/px4_msgs/px4_msgs/msg/detail/internal_combustion_engine_status__rosidl_typesupport_fastrtps_cpp.hpp\n'}
[1.376002] (px4_msgs) StdoutLine: {'line': b'-- Up-to-date: /home/mustardking/ws_sensor_combined/install/px4_msgs/include/px4_msgs/px4_msgs/msg/detail/actuator_servos__rosidl_typesupport_fastrtps_cpp.hpp\n'}
[1.376035] (px4_msgs) StdoutLine: {'line': b'-- Up-to-date: /home/mustardking/ws_sensor_combined/install/px4_msgs/include/px4_msgs/px4_msgs/msg/detail/internal_combustion_engine_control__rosidl_typesupport_fastrtps_cpp.hpp\n'}
[1.376057] (px4_msgs) StdoutLine: {'line': b'-- Up-to-date: /home/mustardking/ws_sensor_combined/install/px4_msgs/include/px4_msgs/px4_msgs/msg/detail/power_monitor__rosidl_typesupport_fastrtps_cpp.hpp\n'}
[1.376080] (px4_msgs) StdoutLine: {'line': b'-- Up-to-date: /home/mustardking/ws_sensor_combined/install/px4_msgs/include/px4_msgs/px4_msgs/msg/detail/follow_target__rosidl_typesupport_fastrtps_cpp.hpp\n'}
[1.376103] (px4_msgs) StdoutLine: {'line': b'-- Up-to-date: /home/mustardking/ws_sensor_combined/install/px4_msgs/include/px4_msgs/px4_msgs/msg/detail/mission_result__rosidl_typesupport_fastrtps_cpp.hpp\n'}
[1.376126] (px4_msgs) StdoutLine: {'line': b'-- Up-to-date: /home/mustardking/ws_sensor_combined/install/px4_msgs/include/px4_msgs/px4_msgs/msg/detail/tiltrotor_extra_controls__rosidl_typesupport_fastrtps_cpp.hpp\n'}
[1.376164] (px4_msgs) StdoutLine: {'line': b'-- Up-to-date: /home/mustardking/ws_sensor_combined/install/px4_msgs/include/px4_msgs/px4_msgs/msg/detail/transponder_report__rosidl_typesupport_fastrtps_cpp.hpp\n'}
[1.376189] (px4_msgs) StdoutLine: {'line': b'-- Up-to-date: /home/mustardking/ws_sensor_combined/install/px4_msgs/include/px4_msgs/px4_msgs/msg/detail/vehicle_imu_status__rosidl_typesupport_fastrtps_cpp.hpp\n'}
[1.376220] (px4_msgs) StdoutLine: {'line': b'-- Up-to-date: /home/mustardking/ws_sensor_combined/install/px4_msgs/include/px4_msgs/px4_msgs/msg/detail/home_position__rosidl_typesupport_fastrtps_cpp.hpp\n'}
[1.376249] (px4_msgs) StdoutLine: {'line': b'-- Up-to-date: /home/mustardking/ws_sensor_combined/install/px4_msgs/include/px4_msgs/px4_msgs/msg/detail/vehicle_roi__rosidl_typesupport_fastrtps_cpp.hpp\n'}
[1.376272] (px4_msgs) StdoutLine: {'line': b'-- Up-to-date: /home/mustardking/ws_sensor_combined/install/px4_msgs/include/px4_msgs/px4_msgs/msg/detail/camera_trigger__rosidl_typesupport_fastrtps_cpp.hpp\n'}
[1.376295] (px4_msgs) StdoutLine: {'line': b'-- Up-to-date: /home/mustardking/ws_sensor_combined/install/px4_msgs/include/px4_msgs/px4_msgs/msg/detail/gpio_in__rosidl_typesupport_fastrtps_cpp.hpp\n'}
[1.376338] (px4_msgs) StdoutLine: {'line': b'-- Up-to-date: /home/mustardking/ws_sensor_combined/install/px4_msgs/include/px4_msgs/px4_msgs/msg/detail/camera_capture__rosidl_typesupport_fastrtps_cpp.hpp\n'}
[1.376368] (px4_msgs) StdoutLine: {'line': b'-- Up-to-date: /home/mustardking/ws_sensor_combined/install/px4_msgs/include/px4_msgs/px4_msgs/msg/detail/open_drone_id_self_id__rosidl_typesupport_fastrtps_cpp.hpp\n'}
[1.376392] (px4_msgs) StdoutLine: {'line': b'-- Up-to-date: /home/mustardking/ws_sensor_combined/install/px4_msgs/include/px4_msgs/px4_msgs/msg/detail/flight_phase_estimation__rosidl_typesupport_fastrtps_cpp.hpp\n'}
[1.376414] (px4_msgs) StdoutLine: {'line': b'-- Up-to-date: /home/mustardking/ws_sensor_combined/install/px4_msgs/include/px4_msgs/px4_msgs/msg/detail/control_allocator_status__rosidl_typesupport_fastrtps_cpp.hpp\n'}
[1.376440] (px4_msgs) StdoutLine: {'line': b'-- Up-to-date: /home/mustardking/ws_sensor_combined/install/px4_msgs/include/px4_msgs/px4_msgs/msg/detail/button_event__rosidl_typesupport_fastrtps_cpp.hpp\n'}
[1.376478] (px4_msgs) StdoutLine: {'line': b'-- Up-to-date: /home/mustardking/ws_sensor_combined/install/px4_msgs/include/px4_msgs/px4_msgs/msg/detail/dronecan_node_status__rosidl_typesupport_fastrtps_cpp.hpp\n'}
[1.376501] (px4_msgs) StdoutLine: {'line': b'-- Up-to-date: /home/mustardking/ws_sensor_combined/install/px4_msgs/include/px4_msgs/px4_msgs/msg/detail/gimbal_manager_information__rosidl_typesupport_fastrtps_cpp.hpp\n'}
[1.376524] (px4_msgs) StdoutLine: {'line': b'-- Up-to-date: /home/mustardking/ws_sensor_combined/install/px4_msgs/include/px4_msgs/px4_msgs/msg/detail/rover_attitude_setpoint__rosidl_typesupport_fastrtps_cpp.hpp\n'}
[1.376547] (px4_msgs) StdoutLine: {'line': b'-- Up-to-date: /home/mustardking/ws_sensor_combined/install/px4_msgs/include/px4_msgs/px4_msgs/msg/detail/sensor_accel__rosidl_typesupport_fastrtps_cpp.hpp\n'}
[1.376570] (px4_msgs) StdoutLine: {'line': b'-- Up-to-date: /home/mustardking/ws_sensor_combined/install/px4_msgs/include/px4_msgs/px4_msgs/msg/detail/distance_sensor__rosidl_typesupport_fastrtps_cpp.hpp\n'}
[1.376607] (px4_msgs) StdoutLine: {'line': b'-- Up-to-date: /home/mustardking/ws_sensor_combined/install/px4_msgs/include/px4_msgs/px4_msgs/msg/detail/logger_status__rosidl_typesupport_fastrtps_cpp.hpp\n'}
[1.376631] (px4_msgs) StdoutLine: {'line': b'-- Up-to-date: /home/mustardking/ws_sensor_combined/install/px4_msgs/include/px4_msgs/px4_msgs/msg/detail/position_controller_status__rosidl_typesupport_fastrtps_cpp.hpp\n'}
[1.376677] (px4_msgs) StdoutLine: {'line': b'-- Up-to-date: /home/mustardking/ws_sensor_combined/install/px4_msgs/include/px4_msgs/px4_msgs/msg/detail/arming_check_reply__rosidl_typesupport_fastrtps_cpp.hpp\n'}
[1.376702] (px4_msgs) StdoutLine: {'line': b'-- Up-to-date: /home/mustardking/ws_sensor_combined/install/px4_msgs/include/px4_msgs/px4_msgs/msg/detail/mavlink_tunnel__rosidl_typesupport_fastrtps_cpp.hpp\n'}
[1.376724] (px4_msgs) StdoutLine: {'line': b'-- Up-to-date: /home/mustardking/ws_sensor_combined/install/px4_msgs/include/px4_msgs/px4_msgs/msg/detail/orb_test_large__rosidl_typesupport_fastrtps_cpp.hpp\n'}
[1.376747] (px4_msgs) StdoutLine: {'line': b'-- Up-to-date: /home/mustardking/ws_sensor_combined/install/px4_msgs/include/px4_msgs/px4_msgs/msg/detail/vehicle_command_ack__rosidl_typesupport_fastrtps_cpp.hpp\n'}
[1.376770] (px4_msgs) StdoutLine: {'line': b'-- Up-to-date: /home/mustardking/ws_sensor_combined/install/px4_msgs/include/px4_msgs/px4_msgs/msg/detail/estimator_states__rosidl_typesupport_fastrtps_cpp.hpp\n'}
[1.376812] (px4_msgs) StdoutLine: {'line': b'-- Up-to-date: /home/mustardking/ws_sensor_combined/install/px4_msgs/include/px4_msgs/px4_msgs/msg/detail/orb_test__rosidl_typesupport_fastrtps_cpp.hpp\n'}
[1.376836] (px4_msgs) StdoutLine: {'line': b'-- Up-to-date: /home/mustardking/ws_sensor_combined/install/px4_msgs/include/px4_msgs/px4_msgs/msg/detail/hover_thrust_estimate__rosidl_typesupport_fastrtps_cpp.hpp\n'}
[1.376870] (px4_msgs) StdoutLine: {'line': b'-- Up-to-date: /home/mustardking/ws_sensor_combined/install/px4_msgs/include/px4_msgs/px4_msgs/msg/detail/sensor_optical_flow__rosidl_typesupport_fastrtps_cpp.hpp\n'}
[1.376895] (px4_msgs) StdoutLine: {'line': b'-- Up-to-date: /home/mustardking/ws_sensor_combined/install/px4_msgs/include/px4_msgs/px4_msgs/msg/detail/pure_pursuit_status__rosidl_typesupport_fastrtps_cpp.hpp\n'}
[1.376917] (px4_msgs) StdoutLine: {'line': b'-- Up-to-date: /home/mustardking/ws_sensor_combined/install/px4_msgs/include/px4_msgs/px4_msgs/msg/detail/sensor_baro__rosidl_typesupport_fastrtps_cpp.hpp\n'}
[1.376940] (px4_msgs) StdoutLine: {'line': b'-- Up-to-date: /home/mustardking/ws_sensor_combined/install/px4_msgs/include/px4_msgs/px4_msgs/msg/detail/actuator_controls_status__rosidl_typesupport_fastrtps_cpp.hpp\n'}
[1.376982] (px4_msgs) StdoutLine: {'line': b'-- Up-to-date: /home/mustardking/ws_sensor_combined/install/px4_msgs/include/px4_msgs/px4_msgs/msg/detail/tecs_status__rosidl_typesupport_fastrtps_cpp.hpp\n'}
[1.377005] (px4_msgs) StdoutLine: {'line': b'-- Up-to-date: /home/mustardking/ws_sensor_combined/install/px4_msgs/include/px4_msgs/px4_msgs/msg/detail/sensor_correction__rosidl_typesupport_fastrtps_cpp.hpp\n'}
[1.377028] (px4_msgs) StdoutLine: {'line': b'-- Up-to-date: /home/mustardking/ws_sensor_combined/install/px4_msgs/include/px4_msgs/px4_msgs/msg/detail/sensor_gyro__rosidl_typesupport_fastrtps_cpp.hpp\n'}
[1.377051] (px4_msgs) StdoutLine: {'line': b'-- Up-to-date: /home/mustardking/ws_sensor_combined/install/px4_msgs/include/px4_msgs/px4_msgs/msg/detail/vehicle_global_position__rosidl_typesupport_fastrtps_cpp.hpp\n'}
[1.377074] (px4_msgs) StdoutLine: {'line': b'-- Up-to-date: /home/mustardking/ws_sensor_combined/install/px4_msgs/include/px4_msgs/px4_msgs/msg/detail/unregister_ext_component__rosidl_typesupport_fastrtps_cpp.hpp\n'}
[1.377113] (px4_msgs) StdoutLine: {'line': b'-- Up-to-date: /home/mustardking/ws_sensor_combined/install/px4_msgs/include/px4_msgs/px4_msgs/msg/detail/navigator_status__rosidl_typesupport_fastrtps_cpp.hpp\n'}
[1.377136] (px4_msgs) StdoutLine: {'line': b'-- Up-to-date: /home/mustardking/ws_sensor_combined/install/px4_msgs/include/px4_msgs/px4_msgs/msg/detail/neural_control__rosidl_typesupport_fastrtps_cpp.hpp\n'}
[1.377159] (px4_msgs) StdoutLine: {'line': b'-- Up-to-date: /home/mustardking/ws_sensor_combined/install/px4_msgs/include/px4_msgs/px4_msgs/msg/detail/landing_gear_wheel__rosidl_typesupport_fastrtps_cpp.hpp\n'}
[1.377181] (px4_msgs) StdoutLine: {'line': b'-- Up-to-date: /home/mustardking/ws_sensor_combined/install/px4_msgs/include/px4_msgs/px4_msgs/msg/detail/position_controller_landing_status__rosidl_typesupport_fastrtps_cpp.hpp\n'}
[1.377204] (px4_msgs) StdoutLine: {'line': b'-- Up-to-date: /home/mustardking/ws_sensor_combined/install/px4_msgs/include/px4_msgs/px4_msgs/msg/detail/estimator_selector_status__rosidl_typesupport_fastrtps_cpp.hpp\n'}
[1.377226] (px4_msgs) StdoutLine: {'line': b'-- Up-to-date: /home/mustardking/ws_sensor_combined/install/px4_msgs/include/px4_msgs/px4_msgs/msg/detail/orbit_status__rosidl_typesupport_fastrtps_cpp.hpp\n'}
[1.377261] (px4_msgs) StdoutLine: {'line': b'-- Up-to-date: /home/mustardking/ws_sensor_combined/install/px4_msgs/include/px4_msgs/px4_msgs/msg/detail/navigator_mission_item__rosidl_typesupport_fastrtps_cpp.hpp\n'}
[1.377285] (px4_msgs) StdoutLine: {'line': b'-- Up-to-date: /home/mustardking/ws_sensor_combined/install/px4_msgs/include/px4_msgs/px4_msgs/msg/detail/estimator_sensor_bias__rosidl_typesupport_fastrtps_cpp.hpp\n'}
[1.377307] (px4_msgs) StdoutLine: {'line': b'-- Up-to-date: /home/mustardking/ws_sensor_combined/install/px4_msgs/include/px4_msgs/px4_msgs/msg/detail/rover_steering_setpoint__rosidl_typesupport_fastrtps_cpp.hpp\n'}
[1.377330] (px4_msgs) StdoutLine: {'line': b'-- Up-to-date: /home/mustardking/ws_sensor_combined/install/px4_msgs/include/px4_msgs/px4_msgs/msg/detail/parameter_reset_request__rosidl_typesupport_fastrtps_cpp.hpp\n'}
[1.377352] (px4_msgs) StdoutLine: {'line': b'-- Up-to-date: /home/mustardking/ws_sensor_combined/install/px4_msgs/include/px4_msgs/px4_msgs/msg/detail/follow_target_status__rosidl_typesupport_fastrtps_cpp.hpp\n'}
[1.377375] (px4_msgs) StdoutLine: {'line': b'-- Up-to-date: /home/mustardking/ws_sensor_combined/install/px4_msgs/include/px4_msgs/px4_msgs/msg/detail/fixed_wing_longitudinal_setpoint__rosidl_typesupport_fastrtps_cpp.hpp\n'}
[1.377414] (px4_msgs) StdoutLine: {'line': b'-- Up-to-date: /home/mustardking/ws_sensor_combined/install/px4_msgs/include/px4_msgs/px4_msgs/msg/detail/figure_eight_status__rosidl_typesupport_fastrtps_cpp.hpp\n'}
[1.377436] (px4_msgs) StdoutLine: {'line': b'-- Up-to-date: /home/mustardking/ws_sensor_combined/install/px4_msgs/include/px4_msgs/px4_msgs/msg/detail/telemetry_status__rosidl_typesupport_fastrtps_cpp.hpp\n'}
[1.377468] (px4_msgs) StdoutLine: {'line': b'-- Up-to-date: /home/mustardking/ws_sensor_combined/install/px4_msgs/include/px4_msgs/px4_msgs/msg/detail/sensor_hygrometer__rosidl_typesupport_fastrtps_cpp.hpp\n'}
[1.377496] (px4_msgs) StdoutLine: {'line': b'-- Up-to-date: /home/mustardking/ws_sensor_combined/install/px4_msgs/include/px4_msgs/px4_msgs/msg/detail/rtl_time_estimate__rosidl_typesupport_fastrtps_cpp.hpp\n'}
[1.377519] (px4_msgs) StdoutLine: {'line': b'-- Up-to-date: /home/mustardking/ws_sensor_combined/install/px4_msgs/include/px4_msgs/px4_msgs/msg/detail/vehicle_thrust_setpoint__rosidl_typesupport_fastrtps_cpp.hpp\n'}
[1.377541] (px4_msgs) StdoutLine: {'line': b'-- Up-to-date: /home/mustardking/ws_sensor_combined/install/px4_msgs/include/px4_msgs/px4_msgs/msg/detail/irlock_report__rosidl_typesupport_fastrtps_cpp.hpp\n'}
[1.377583] (px4_msgs) StdoutLine: {'line': b'-- Up-to-date: /home/mustardking/ws_sensor_combined/install/px4_msgs/include/px4_msgs/px4_msgs/msg/detail/dataman_response__rosidl_typesupport_fastrtps_cpp.hpp\n'}
[1.377613] (px4_msgs) StdoutLine: {'line': b'-- Up-to-date: /home/mustardking/ws_sensor_combined/install/px4_msgs/include/px4_msgs/px4_msgs/msg/detail/vehicle_optical_flow__rosidl_typesupport_fastrtps_cpp.hpp\n'}
[1.377639] (px4_msgs) StdoutLine: {'line': b'-- Up-to-date: /home/mustardking/ws_sensor_combined/install/px4_msgs/include/px4_msgs/px4_msgs/msg/detail/generator_status__rosidl_typesupport_fastrtps_cpp.hpp\n'}
[1.377661] (px4_msgs) StdoutLine: {'line': b'-- Up-to-date: /home/mustardking/ws_sensor_combined/install/px4_msgs/include/px4_msgs/px4_msgs/msg/detail/sensor_accel_fifo__rosidl_typesupport_fastrtps_cpp.hpp\n'}
[1.377684] (px4_msgs) StdoutLine: {'line': b'-- Up-to-date: /home/mustardking/ws_sensor_combined/install/px4_msgs/include/px4_msgs/px4_msgs/msg/detail/onboard_computer_status__rosidl_typesupport_fastrtps_cpp.hpp\n'}
[1.377724] (px4_msgs) StdoutLine: {'line': b'-- Up-to-date: /home/mustardking/ws_sensor_combined/install/px4_msgs/include/px4_msgs/px4_msgs/msg/detail/mag_worker_data__rosidl_typesupport_fastrtps_cpp.hpp\n'}
[1.377747] (px4_msgs) StdoutLine: {'line': b'-- Up-to-date: /home/mustardking/ws_sensor_combined/install/px4_msgs/include/px4_msgs/px4_msgs/msg/detail/vehicle_angular_velocity__rosidl_typesupport_fastrtps_cpp.hpp\n'}
[1.377769] (px4_msgs) StdoutLine: {'line': b'-- Up-to-date: /home/mustardking/ws_sensor_combined/install/px4_msgs/include/px4_msgs/px4_msgs/msg/detail/manual_control_setpoint__rosidl_typesupport_fastrtps_cpp.hpp\n'}
[1.377802] (px4_msgs) StdoutLine: {'line': b'-- Up-to-date: /home/mustardking/ws_sensor_combined/install/px4_msgs/include/px4_msgs/px4_msgs/msg/detail/wheel_encoders__rosidl_typesupport_fastrtps_cpp.hpp\n'}
[1.377824] (px4_msgs) StdoutLine: {'line': b'-- Up-to-date: /home/mustardking/ws_sensor_combined/install/px4_msgs/include/px4_msgs/px4_msgs/msg/detail/cellular_status__rosidl_typesupport_fastrtps_cpp.hpp\n'}
[1.377847] (px4_msgs) StdoutLine: {'line': b'-- Up-to-date: /home/mustardking/ws_sensor_combined/install/px4_msgs/include/px4_msgs/px4_msgs/msg/detail/input_rc__rosidl_typesupport_fastrtps_cpp.hpp\n'}
[1.377870] (px4_msgs) StdoutLine: {'line': b'-- Up-to-date: /home/mustardking/ws_sensor_combined/install/px4_msgs/include/px4_msgs/px4_msgs/msg/detail/takeoff_status__rosidl_typesupport_fastrtps_cpp.hpp\n'}
[1.377914] (px4_msgs) StdoutLine: {'line': b'-- Up-to-date: /home/mustardking/ws_sensor_combined/install/px4_msgs/include/px4_msgs/px4_msgs/msg/detail/arming_check_request__rosidl_typesupport_fastrtps_cpp.hpp\n'}
[1.377941] (px4_msgs) StdoutLine: {'line': b'-- Up-to-date: /home/mustardking/ws_sensor_combined/install/px4_msgs/include/px4_msgs/px4_msgs/msg/detail/task_stack_info__rosidl_typesupport_fastrtps_cpp.hpp\n'}
[1.377964] (px4_msgs) StdoutLine: {'line': b'-- Up-to-date: /home/mustardking/ws_sensor_combined/install/px4_msgs/include/px4_msgs/px4_msgs/msg/detail/rover_attitude_status__rosidl_typesupport_fastrtps_cpp.hpp\n'}
[1.377986] (px4_msgs) StdoutLine: {'line': b'-- Up-to-date: /home/mustardking/ws_sensor_combined/install/px4_msgs/include/px4_msgs/px4_msgs/msg/detail/position_setpoint__rosidl_typesupport_fastrtps_cpp.hpp\n'}
[1.378043] (px4_msgs) StdoutLine: {'line': b'-- Up-to-date: /home/mustardking/ws_sensor_combined/install/px4_msgs/include/px4_msgs/px4_msgs/msg/detail/obstacle_distance__rosidl_typesupport_fastrtps_cpp.hpp\n'}
[1.378066] (px4_msgs) StdoutLine: {'line': b'-- Up-to-date: /home/mustardking/ws_sensor_combined/install/px4_msgs/include/px4_msgs/px4_msgs/msg/detail/estimator_bias3d__rosidl_typesupport_fastrtps_cpp.hpp\n'}
[1.378089] (px4_msgs) StdoutLine: {'line': b'-- Up-to-date: /home/mustardking/ws_sensor_combined/install/px4_msgs/include/px4_msgs/px4_msgs/msg/detail/airspeed__rosidl_typesupport_fastrtps_cpp.hpp\n'}
[1.378111] (px4_msgs) StdoutLine: {'line': b'-- Up-to-date: /home/mustardking/ws_sensor_combined/install/px4_msgs/include/px4_msgs/px4_msgs/msg/detail/airspeed_wind__rosidl_typesupport_fastrtps_cpp.hpp\n'}
[1.378143] (px4_msgs) StdoutLine: {'line': b'-- Up-to-date: /home/mustardking/ws_sensor_combined/install/px4_msgs/include/px4_msgs/px4_msgs/msg/detail/rover_rate_status__rosidl_typesupport_fastrtps_cpp.hpp\n'}
[1.378170] (px4_msgs) StdoutLine: {'line': b'-- Up-to-date: /home/mustardking/ws_sensor_combined/install/px4_msgs/include/px4_msgs/px4_msgs/msg/detail/dataman_request__rosidl_typesupport_fastrtps_cpp.hpp\n'}
[1.378193] (px4_msgs) StdoutLine: {'line': b'-- Up-to-date: /home/mustardking/ws_sensor_combined/install/px4_msgs/include/px4_msgs/px4_msgs/msg/detail/ekf2_timestamps__rosidl_typesupport_fastrtps_cpp.hpp\n'}
[1.378328] (px4_msgs) StdoutLine: {'line': b'-- Up-to-date: /home/mustardking/ws_sensor_combined/install/px4_msgs/include/px4_msgs/px4_msgs/msg/detail/register_ext_component_request__rosidl_typesupport_fastrtps_cpp.hpp\n'}
[1.378360] (px4_msgs) StdoutLine: {'line': b'-- Up-to-date: /home/mustardking/ws_sensor_combined/install/px4_msgs/include/px4_msgs/px4_msgs/msg/detail/event__rosidl_typesupport_fastrtps_cpp.hpp\n'}
[1.378385] (px4_msgs) StdoutLine: {'line': b'-- Up-to-date: /home/mustardking/ws_sensor_combined/install/px4_msgs/include/px4_msgs/px4_msgs/msg/detail/vehicle_imu__rosidl_typesupport_fastrtps_cpp.hpp\n'}
[1.379077] (px4_msgs) StdoutLine: {'line': b'-- Up-to-date: /home/mustardking/ws_sensor_combined/install/px4_msgs/include/px4_msgs/px4_msgs/msg/detail/health_report__rosidl_typesupport_fastrtps_cpp.hpp\n'}
[1.379110] (px4_msgs) StdoutLine: {'line': b'-- Up-to-date: /home/mustardking/ws_sensor_combined/install/px4_msgs/include/px4_msgs/px4_msgs/msg/detail/gimbal_device_attitude_status__rosidl_typesupport_fastrtps_cpp.hpp\n'}
[1.379136] (px4_msgs) StdoutLine: {'line': b'-- Up-to-date: /home/mustardking/ws_sensor_combined/install/px4_msgs/include/px4_msgs/px4_msgs/msg/detail/sensor_gyro_fft__rosidl_typesupport_fastrtps_cpp.hpp\n'}
[1.379160] (px4_msgs) StdoutLine: {'line': b'-- Up-to-date: /home/mustardking/ws_sensor_combined/install/px4_msgs/include/px4_msgs/px4_msgs/msg/detail/goto_setpoint__rosidl_typesupport_fastrtps_cpp.hpp\n'}
[1.379296] (px4_msgs) StdoutLine: {'line': b'-- Up-to-date: /home/mustardking/ws_sensor_combined/install/px4_msgs/include/px4_msgs/px4_msgs/msg/detail/uavcan_parameter_value__rosidl_typesupport_fastrtps_cpp.hpp\n'}
[1.379321] (px4_msgs) StdoutLine: {'line': b'-- Up-to-date: /home/mustardking/ws_sensor_combined/install/px4_msgs/include/px4_msgs/px4_msgs/msg/detail/vehicle_angular_acceleration_setpoint__rosidl_typesupport_fastrtps_cpp.hpp\n'}
[1.379366] (px4_msgs) StdoutLine: {'line': b'-- Up-to-date: /home/mustardking/ws_sensor_combined/install/px4_msgs/include/px4_msgs/px4_msgs/msg/detail/system_power__rosidl_typesupport_fastrtps_cpp.hpp\n'}
[1.379437] (px4_msgs) StdoutLine: {'line': b'-- Up-to-date: /home/mustardking/ws_sensor_combined/install/px4_msgs/include/px4_msgs/px4_msgs/msg/detail/battery_info__rosidl_typesupport_fastrtps_cpp.hpp\n'}
[1.379471] (px4_msgs) StdoutLine: {'line': b'-- Up-to-date: /home/mustardking/ws_sensor_combined/install/px4_msgs/include/px4_msgs/px4_msgs/msg/detail/fixed_wing_lateral_guidance_status__rosidl_typesupport_fastrtps_cpp.hpp\n'}
[1.379520] (px4_msgs) StdoutLine: {'line': b'-- Up-to-date: /home/mustardking/ws_sensor_combined/install/px4_msgs/include/px4_msgs/px4_msgs/msg/detail/tune_control__rosidl_typesupport_fastrtps_cpp.hpp\n'}
[1.379570] (px4_msgs) StdoutLine: {'line': b'-- Up-to-date: /home/mustardking/ws_sensor_combined/install/px4_msgs/include/px4_msgs/px4_msgs/msg/detail/rover_throttle_setpoint__rosidl_typesupport_fastrtps_cpp.hpp\n'}
[1.379595] (px4_msgs) StdoutLine: {'line': b'-- Up-to-date: /home/mustardking/ws_sensor_combined/install/px4_msgs/include/px4_msgs/px4_msgs/msg/detail/register_ext_component_reply__rosidl_typesupport_fastrtps_cpp.hpp\n'}
[1.379618] (px4_msgs) StdoutLine: {'line': b'-- Up-to-date: /home/mustardking/ws_sensor_combined/install/px4_msgs/include/px4_msgs/px4_msgs/msg/detail/sensor_preflight_mag__rosidl_typesupport_fastrtps_cpp.hpp\n'}
[1.379641] (px4_msgs) StdoutLine: {'line': b'-- Up-to-date: /home/mustardking/ws_sensor_combined/install/px4_msgs/include/px4_msgs/px4_msgs/msg/detail/sensors_status_imu__rosidl_typesupport_fastrtps_cpp.hpp\n'}
[1.379683] (px4_msgs) StdoutLine: {'line': b'-- Up-to-date: /home/mustardking/ws_sensor_combined/install/px4_msgs/include/px4_msgs/px4_msgs/msg/detail/vehicle_control_mode__rosidl_typesupport_fastrtps_cpp.hpp\n'}
[1.379714] (px4_msgs) StdoutLine: {'line': b'-- Up-to-date: /home/mustardking/ws_sensor_combined/install/px4_msgs/include/px4_msgs/px4_msgs/msg/detail/rate_ctrl_status__rosidl_typesupport_fastrtps_cpp.hpp\n'}
[1.379738] (px4_msgs) StdoutLine: {'line': b'-- Up-to-date: /home/mustardking/ws_sensor_combined/install/px4_msgs/include/px4_msgs/px4_msgs/msg/detail/esc_report__rosidl_typesupport_fastrtps_cpp.hpp\n'}
[1.379761] (px4_msgs) StdoutLine: {'line': b'-- Up-to-date: /home/mustardking/ws_sensor_combined/install/px4_msgs/include/px4_msgs/px4_msgs/msg/detail/actuator_test__rosidl_typesupport_fastrtps_cpp.hpp\n'}
[1.379785] (px4_msgs) StdoutLine: {'line': b'-- Up-to-date: /home/mustardking/ws_sensor_combined/install/px4_msgs/include/px4_msgs/px4_msgs/msg/detail/vehicle_attitude__rosidl_typesupport_fastrtps_cpp.hpp\n'}
[1.379827] (px4_msgs) StdoutLine: {'line': b'-- Up-to-date: /home/mustardking/ws_sensor_combined/install/px4_msgs/include/px4_msgs/px4_msgs/msg/detail/actuator_servos_trim__rosidl_typesupport_fastrtps_cpp.hpp\n'}
[1.379851] (px4_msgs) StdoutLine: {'line': b'-- Up-to-date: /home/mustardking/ws_sensor_combined/install/px4_msgs/include/px4_msgs/px4_msgs/msg/detail/vehicle_optical_flow_vel__rosidl_typesupport_fastrtps_cpp.hpp\n'}
[1.379874] (px4_msgs) StdoutLine: {'line': b'-- Up-to-date: /home/mustardking/ws_sensor_combined/install/px4_msgs/include/px4_msgs/px4_msgs/msg/detail/dds_fastrtps\n'}
[1.379897] (px4_msgs) StdoutLine: {'line': b'-- Up-to-date: /home/mustardking/ws_sensor_combined/install/px4_msgs/include/px4_msgs/px4_msgs/msg/detail/message_format_request__rosidl_typesupport_fastrtps_cpp.hpp\n'}
[1.379938] (px4_msgs) StdoutLine: {'line': b'-- Up-to-date: /home/mustardking/ws_sensor_combined/install/px4_msgs/include/px4_msgs/px4_msgs/msg/detail/offboard_control_mode__rosidl_typesupport_fastrtps_cpp.hpp\n'}
[1.379961] (px4_msgs) StdoutLine: {'line': b'-- Up-to-date: /home/mustardking/ws_sensor_combined/install/px4_msgs/include/px4_msgs/px4_msgs/msg/detail/qshell_req__rosidl_typesupport_fastrtps_cpp.hpp\n'}
[1.379985] (px4_msgs) StdoutLine: {'line': b'-- Up-to-date: /home/mustardking/ws_sensor_combined/install/px4_msgs/include/px4_msgs/px4_msgs/msg/detail/open_drone_id_system__rosidl_typesupport_fastrtps_cpp.hpp\n'}
[1.380012] (px4_msgs) StdoutLine: {'line': b'-- Up-to-date: /home/mustardking/ws_sensor_combined/install/px4_msgs/include/px4_msgs/px4_msgs/msg/detail/trajectory_setpoint6dof__rosidl_typesupport_fastrtps_cpp.hpp\n'}
[1.380036] (px4_msgs) StdoutLine: {'line': b'-- Up-to-date: /home/mustardking/ws_sensor_combined/install/px4_msgs/include/px4_msgs/px4_msgs/msg/detail/manual_control_switches__rosidl_typesupport_fastrtps_cpp.hpp\n'}
[1.380138] (px4_msgs) StdoutLine: {'line': b'-- Up-to-date: /home/mustardking/ws_sensor_combined/install/px4_msgs/include/px4_msgs/px4_msgs/msg/detail/debug_vect__rosidl_typesupport_fastrtps_cpp.hpp\n'}
[1.380166] (px4_msgs) StdoutLine: {'line': b'-- Up-to-date: /home/mustardking/ws_sensor_combined/install/px4_msgs/include/px4_msgs/px4_msgs/msg/detail/rover_rate_setpoint__rosidl_typesupport_fastrtps_cpp.hpp\n'}
[1.380190] (px4_msgs) StdoutLine: {'line': b'-- Up-to-date: /home/mustardking/ws_sensor_combined/install/px4_msgs/include/px4_msgs/px4_msgs/msg/detail/position_setpoint_triplet__rosidl_typesupport_fastrtps_cpp.hpp\n'}
[1.380231] (px4_msgs) StdoutLine: {'line': b'-- Up-to-date: /home/mustardking/ws_sensor_combined/install/px4_msgs/include/px4_msgs/px4_msgs/msg/detail/estimator_aid_source1d__rosidl_typesupport_fastrtps_cpp.hpp\n'}
[1.380254] (px4_msgs) StdoutLine: {'line': b'-- Up-to-date: /home/mustardking/ws_sensor_combined/install/px4_msgs/include/px4_msgs/px4_msgs/msg/detail/vehicle_acceleration__rosidl_typesupport_fastrtps_cpp.hpp\n'}
[1.380277] (px4_msgs) StdoutLine: {'line': b'-- Up-to-date: /home/mustardking/ws_sensor_combined/install/px4_msgs/include/px4_msgs/px4_msgs/msg/detail/uavcan_parameter_request__rosidl_typesupport_fastrtps_cpp.hpp\n'}
[1.380301] (px4_msgs) StdoutLine: {'line': b'-- Up-to-date: /home/mustardking/ws_sensor_combined/install/px4_msgs/include/px4_msgs/px4_msgs/msg/detail/geofence_result__rosidl_typesupport_fastrtps_cpp.hpp\n'}
[1.380324] (px4_msgs) StdoutLine: {'line': b'-- Up-to-date: /home/mustardking/ws_sensor_combined/install/px4_msgs/include/px4_msgs/px4_msgs/msg/detail/ulog_stream__rosidl_typesupport_fastrtps_cpp.hpp\n'}
[1.380347] (px4_msgs) StdoutLine: {'line': b'-- Up-to-date: /home/mustardking/ws_sensor_combined/install/px4_msgs/include/px4_msgs/px4_msgs/msg/detail/collision_constraints__rosidl_typesupport_fastrtps_cpp.hpp\n'}
[1.380370] (px4_msgs) StdoutLine: {'line': b'-- Up-to-date: /home/mustardking/ws_sensor_combined/install/px4_msgs/include/px4_msgs/px4_msgs/msg/detail/mavlink_log__rosidl_typesupport_fastrtps_cpp.hpp\n'}
[1.380410] (px4_msgs) StdoutLine: {'line': b'-- Up-to-date: /home/mustardking/ws_sensor_combined/install/px4_msgs/include/px4_msgs/px4_msgs/msg/detail/vehicle_local_position__rosidl_typesupport_fastrtps_cpp.hpp\n'}
[1.380433] (px4_msgs) StdoutLine: {'line': b'-- Up-to-date: /home/mustardking/ws_sensor_combined/install/px4_msgs/include/px4_msgs/px4_msgs/msg/detail/yaw_estimator_status__rosidl_typesupport_fastrtps_cpp.hpp\n'}
[1.380456] (px4_msgs) StdoutLine: {'line': b'-- Up-to-date: /home/mustardking/ws_sensor_combined/install/px4_msgs/include/px4_msgs/px4_msgs/msg/detail/estimator_aid_source2d__rosidl_typesupport_fastrtps_cpp.hpp\n'}
[1.380479] (px4_msgs) StdoutLine: {'line': b'-- Up-to-date: /home/mustardking/ws_sensor_combined/install/px4_msgs/include/px4_msgs/px4_msgs/msg/detail/estimator_gps_status__rosidl_typesupport_fastrtps_cpp.hpp\n'}
[1.380515] (px4_msgs) StdoutLine: {'line': b'-- Up-to-date: /home/mustardking/ws_sensor_combined/install/px4_msgs/include/px4_msgs/px4_msgs/msg/detail/estimator_status__rosidl_typesupport_fastrtps_cpp.hpp\n'}
[1.380540] (px4_msgs) StdoutLine: {'line': b'-- Up-to-date: /home/mustardking/ws_sensor_combined/install/px4_msgs/include/px4_msgs/px4_msgs/msg/detail/parameter_set_used_request__rosidl_typesupport_fastrtps_cpp.hpp\n'}
[1.380563] (px4_msgs) StdoutLine: {'line': b'-- Up-to-date: /home/mustardking/ws_sensor_combined/install/px4_msgs/include/px4_msgs/px4_msgs/msg/detail/debug_key_value__rosidl_typesupport_fastrtps_cpp.hpp\n'}
[1.380586] (px4_msgs) StdoutLine: {'line': b'-- Up-to-date: /home/mustardking/ws_sensor_combined/install/px4_msgs/include/px4_msgs/px4_msgs/msg/detail/fixed_wing_lateral_status__rosidl_typesupport_fastrtps_cpp.hpp\n'}
[1.380609] (px4_msgs) StdoutLine: {'line': b'-- Up-to-date: /home/mustardking/ws_sensor_combined/install/px4_msgs/include/px4_msgs/px4_msgs/msg/detail/gimbal_manager_set_attitude__rosidl_typesupport_fastrtps_cpp.hpp\n'}
[1.380632] (px4_msgs) StdoutLine: {'line': b'-- Up-to-date: /home/mustardking/ws_sensor_combined/install/px4_msgs/include/px4_msgs/px4_msgs/msg/detail/fixed_wing_runway_control__rosidl_typesupport_fastrtps_cpp.hpp\n'}
[1.380656] (px4_msgs) StdoutLine: {'line': b'-- Up-to-date: /home/mustardking/ws_sensor_combined/install/px4_msgs/include/px4_msgs/px4_msgs/msg/detail/gimbal_device_set_attitude__rosidl_typesupport_fastrtps_cpp.hpp\n'}
[1.380696] (px4_msgs) StdoutLine: {'line': b'-- Up-to-date: /home/mustardking/ws_sensor_combined/install/px4_msgs/include/px4_msgs/px4_msgs/msg/detail/cpuload__rosidl_typesupport_fastrtps_cpp.hpp\n'}
[1.380720] (px4_msgs) StdoutLine: {'line': b'-- Up-to-date: /home/mustardking/ws_sensor_combined/install/px4_msgs/include/px4_msgs/px4_msgs/msg/detail/gps_inject_data__rosidl_typesupport_fastrtps_cpp.hpp\n'}
[1.380743] (px4_msgs) StdoutLine: {'line': b'-- Up-to-date: /home/mustardking/ws_sensor_combined/install/px4_msgs/include/px4_msgs/px4_msgs/msg/detail/differential_pressure__rosidl_typesupport_fastrtps_cpp.hpp\n'}
[1.380770] (px4_msgs) StdoutLine: {'line': b'-- Up-to-date: /home/mustardking/ws_sensor_combined/install/px4_msgs/include/px4_msgs/px4_msgs/msg/detail/estimator_event_flags__rosidl_typesupport_fastrtps_cpp.hpp\n'}
[1.380810] (px4_msgs) StdoutLine: {'line': b'-- Up-to-date: /home/mustardking/ws_sensor_combined/install/px4_msgs/include/px4_msgs/px4_msgs/msg/detail/satellite_info__rosidl_typesupport_fastrtps_cpp.hpp\n'}
[1.380879] (px4_msgs) StdoutLine: {'line': b'-- Up-to-date: /home/mustardking/ws_sensor_combined/install/px4_msgs/include/px4_msgs/px4_msgs/msg/detail/gripper__rosidl_typesupport_fastrtps_cpp.hpp\n'}
[1.380952] (px4_msgs) StdoutLine: {'line': b'-- Up-to-date: /home/mustardking/ws_sensor_combined/install/px4_msgs/include/px4_msgs/px4_msgs/msg/detail/heater_status__rosidl_typesupport_fastrtps_cpp.hpp\n'}
[1.380977] (px4_msgs) StdoutLine: {'line': b'-- Up-to-date: /home/mustardking/ws_sensor_combined/install/px4_msgs/include/px4_msgs/px4_msgs/msg/detail/landing_target_innovations__rosidl_typesupport_fastrtps_cpp.hpp\n'}
[1.381001] (px4_msgs) StdoutLine: {'line': b'-- Up-to-date: /home/mustardking/ws_sensor_combined/install/px4_msgs/include/px4_msgs/px4_msgs/msg/detail/orb_test_medium__rosidl_typesupport_fastrtps_cpp.hpp\n'}
[1.381045] (px4_msgs) StdoutLine: {'line': b'-- Up-to-date: /home/mustardking/ws_sensor_combined/install/px4_msgs/include/px4_msgs/px4_msgs/msg/detail/gpio_out__rosidl_typesupport_fastrtps_cpp.hpp\n'}
[1.381068] (px4_msgs) StdoutLine: {'line': b'-- Up-to-date: /home/mustardking/ws_sensor_combined/install/px4_msgs/include/px4_msgs/px4_msgs/msg/detail/open_drone_id_arm_status__rosidl_typesupport_fastrtps_cpp.hpp\n'}
[1.381091] (px4_msgs) StdoutLine: {'line': b'-- Up-to-date: /home/mustardking/ws_sensor_combined/install/px4_msgs/include/px4_msgs/px4_msgs/msg/detail/parameter_set_value_request__rosidl_typesupport_fastrtps_cpp.hpp\n'}
[1.381114] (px4_msgs) StdoutLine: {'line': b'-- Up-to-date: /home/mustardking/ws_sensor_combined/install/px4_msgs/include/px4_msgs/px4_msgs/msg/detail/estimator_innovations__rosidl_typesupport_fastrtps_cpp.hpp\n'}
[1.381136] (px4_msgs) StdoutLine: {'line': b'-- Up-to-date: /home/mustardking/ws_sensor_combined/install/px4_msgs/include/px4_msgs/px4_msgs/msg/detail/ulog_stream_ack__rosidl_typesupport_fastrtps_cpp.hpp\n'}
[1.381177] (px4_msgs) StdoutLine: {'line': b'-- Up-to-date: /home/mustardking/ws_sensor_combined/install/px4_msgs/include/px4_msgs/px4_msgs/msg/detail/timesync_status__rosidl_typesupport_fastrtps_cpp.hpp\n'}
[1.381199] (px4_msgs) StdoutLine: {'line': b'-- Up-to-date: /home/mustardking/ws_sensor_combined/install/px4_msgs/include/px4_msgs/px4_msgs/msg/detail/gpio_request__rosidl_typesupport_fastrtps_cpp.hpp\n'}
[1.381228] (px4_msgs) StdoutLine: {'line': b'-- Up-to-date: /home/mustardking/ws_sensor_combined/install/px4_msgs/include/px4_msgs/px4_msgs/msg/detail/vtol_vehicle_status__rosidl_typesupport_fastrtps_cpp.hpp\n'}
[1.381256] (px4_msgs) StdoutLine: {'line': b'-- Up-to-date: /home/mustardking/ws_sensor_combined/install/px4_msgs/include/px4_msgs/px4_msgs/msg/detail/magnetometer_bias_estimate__rosidl_typesupport_fastrtps_cpp.hpp\n'}
[1.381281] (px4_msgs) StdoutLine: {'line': b'-- Up-to-date: /home/mustardking/ws_sensor_combined/install/px4_msgs/include/px4_msgs/px4_msgs/msg/detail/gps_dump__rosidl_typesupport_fastrtps_cpp.hpp\n'}
[1.381306] (px4_msgs) StdoutLine: {'line': b'-- Up-to-date: /home/mustardking/ws_sensor_combined/install/px4_msgs/include/px4_msgs/px4_msgs/msg/detail/rover_position_setpoint__rosidl_typesupport_fastrtps_cpp.hpp\n'}
[1.381346] (px4_msgs) StdoutLine: {'line': b'-- Up-to-date: /home/mustardking/ws_sensor_combined/install/px4_msgs/include/px4_msgs/px4_msgs/msg/detail/ping__rosidl_typesupport_fastrtps_cpp.hpp\n'}
[1.381369] (px4_msgs) StdoutLine: {'line': b'-- Up-to-date: /home/mustardking/ws_sensor_combined/install/px4_msgs/include/px4_msgs/px4_msgs/msg/detail/rover_speed_status__rosidl_typesupport_fastrtps_cpp.hpp\n'}
[1.381392] (px4_msgs) StdoutLine: {'line': b'-- Up-to-date: /home/mustardking/ws_sensor_combined/install/px4_msgs/include/px4_msgs/px4_msgs/msg/detail/trajectory_setpoint__rosidl_typesupport_fastrtps_cpp.hpp\n'}
[1.381414] (px4_msgs) StdoutLine: {'line': b'-- Up-to-date: /home/mustardking/ws_sensor_combined/install/px4_msgs/include/px4_msgs/px4_msgs/msg/detail/action_request__rosidl_typesupport_fastrtps_cpp.hpp\n'}
[1.381437] (px4_msgs) StdoutLine: {'line': b'-- Up-to-date: /home/mustardking/ws_sensor_combined/install/px4_msgs/include/px4_msgs/px4_msgs/msg/detail/longitudinal_control_configuration__rosidl_typesupport_fastrtps_cpp.hpp\n'}
[1.381501] (px4_msgs) StdoutLine: {'line': b'-- Up-to-date: /home/mustardking/ws_sensor_combined/install/px4_msgs/include/px4_msgs/px4_msgs/msg/detail/mount_orientation__rosidl_typesupport_fastrtps_cpp.hpp\n'}
[1.381525] (px4_msgs) StdoutLine: {'line': b'-- Up-to-date: /home/mustardking/ws_sensor_combined/install/px4_msgs/include/px4_msgs/px4_msgs/msg/detail/vehicle_status__rosidl_typesupport_fastrtps_cpp.hpp\n'}
[1.381558] (px4_msgs) StdoutLine: {'line': b'-- Up-to-date: /home/mustardking/ws_sensor_combined/install/px4_msgs/include/px4_msgs/px4_msgs/msg/detail/gimbal_device_information__rosidl_typesupport_fastrtps_cpp.hpp\n'}
[1.381587] (px4_msgs) StdoutLine: {'line': b'-- Up-to-date: /home/mustardking/ws_sensor_combined/install/px4_msgs/include/px4_msgs/px4_msgs/msg/detail/debug_value__rosidl_typesupport_fastrtps_cpp.hpp\n'}
[1.381610] (px4_msgs) StdoutLine: {'line': b'-- Up-to-date: /home/mustardking/ws_sensor_combined/install/px4_msgs/include/px4_msgs/px4_msgs/msg/detail/qshell_retval__rosidl_typesupport_fastrtps_cpp.hpp\n'}
[1.381632] (px4_msgs) StdoutLine: {'line': b'-- Up-to-date: /home/mustardking/ws_sensor_combined/install/px4_msgs/include/px4_msgs/px4_msgs/msg/detail/sensors_status__rosidl_typesupport_fastrtps_cpp.hpp\n'}
[1.381670] (px4_msgs) StdoutLine: {'line': b'-- Up-to-date: /home/mustardking/ws_sensor_combined/install/px4_msgs/include/px4_msgs/px4_msgs/msg/detail/led_control__rosidl_typesupport_fastrtps_cpp.hpp\n'}
[1.381693] (px4_msgs) StdoutLine: {'line': b'-- Up-to-date: /home/mustardking/ws_sensor_combined/install/px4_msgs/include/px4_msgs/px4_msgs/msg/detail/vehicle_attitude_setpoint__rosidl_typesupport_fastrtps_cpp.hpp\n'}
[1.381733] (px4_msgs) StdoutLine: {'line': b'-- Up-to-date: /home/mustardking/ws_sensor_combined/install/px4_msgs/include/px4_msgs/px4_msgs/msg/detail/px4io_status__rosidl_typesupport_fastrtps_cpp.hpp\n'}
[1.381756] (px4_msgs) StdoutLine: {'line': b'-- Up-to-date: /home/mustardking/ws_sensor_combined/install/px4_msgs/include/px4_msgs/px4_msgs/msg/detail/fuel_tank_status__rosidl_typesupport_fastrtps_cpp.hpp\n'}
[1.381779] (px4_msgs) StdoutLine: {'line': b'-- Up-to-date: /home/mustardking/ws_sensor_combined/install/px4_msgs/include/px4_msgs/px4_msgs/msg/detail/rc_parameter_map__rosidl_typesupport_fastrtps_cpp.hpp\n'}
[1.381817] (px4_msgs) StdoutLine: {'line': b'-- Up-to-date: /home/mustardking/ws_sensor_combined/install/px4_msgs/include/px4_msgs/px4_msgs/msg/detail/sensor_uwb__rosidl_typesupport_fastrtps_cpp.hpp\n'}
[1.381840] (px4_msgs) StdoutLine: {'line': b'-- Up-to-date: /home/mustardking/ws_sensor_combined/install/px4_msgs/include/px4_msgs/px4_msgs/msg/detail/failure_detector_status__rosidl_typesupport_fastrtps_cpp.hpp\n'}
[1.381874] (px4_msgs) StdoutLine: {'line': b'-- Up-to-date: /home/mustardking/ws_sensor_combined/install/px4_msgs/include/px4_msgs/px4_msgs/msg/detail/landing_target_pose__rosidl_typesupport_fastrtps_cpp.hpp\n'}
[1.381898] (px4_msgs) StdoutLine: {'line': b'-- Up-to-date: /home/mustardking/ws_sensor_combined/install/px4_msgs/include/px4_msgs/px4_msgs/msg/detail/debug_array__rosidl_typesupport_fastrtps_cpp.hpp\n'}
[1.381921] (px4_msgs) StdoutLine: {'line': b'-- Up-to-date: /home/mustardking/ws_sensor_combined/install/px4_msgs/include/px4_msgs/px4_msgs/msg/detail/velocity_limits__rosidl_typesupport_fastrtps_cpp.hpp\n'}
[1.381945] (px4_msgs) StdoutLine: {'line': b'-- Up-to-date: /home/mustardking/ws_sensor_combined/install/px4_msgs/include/px4_msgs/px4_msgs/msg/detail/vehicle_magnetometer__rosidl_typesupport_fastrtps_cpp.hpp\n'}
[1.381988] (px4_msgs) StdoutLine: {'line': b'-- Up-to-date: /home/mustardking/ws_sensor_combined/install/px4_msgs/include/px4_msgs/px4_msgs/msg/detail/airspeed_validated__rosidl_typesupport_fastrtps_cpp.hpp\n'}
[1.382011] (px4_msgs) StdoutLine: {'line': b'-- Up-to-date: /home/mustardking/ws_sensor_combined/install/px4_msgs/include/px4_msgs/px4_msgs/msg/detail/vehicle_local_position_setpoint__rosidl_typesupport_fastrtps_cpp.hpp\n'}
[1.382034] (px4_msgs) StdoutLine: {'line': b'-- Up-to-date: /home/mustardking/ws_sensor_combined/install/px4_msgs/include/px4_msgs/px4_msgs/msg/detail/vehicle_air_data__rosidl_typesupport_fastrtps_cpp.hpp\n'}
[1.382057] (px4_msgs) StdoutLine: {'line': b'-- Up-to-date: /home/mustardking/ws_sensor_combined/install/px4_msgs/include/px4_msgs/px4_msgs/msg/detail/autotune_attitude_control_status__rosidl_typesupport_fastrtps_cpp.hpp\n'}
[1.382080] (px4_msgs) StdoutLine: {'line': b'-- Up-to-date: /home/mustardking/ws_sensor_combined/install/px4_msgs/include/px4_msgs/px4_msgs/msg/detail/estimator_status_flags__rosidl_typesupport_fastrtps_cpp.hpp\n'}
[1.382120] (px4_msgs) StdoutLine: {'line': b'-- Up-to-date: /home/mustardking/ws_sensor_combined/install/px4_msgs/include/px4_msgs/px4_msgs/msg/detail/battery_status__rosidl_typesupport_fastrtps_cpp.hpp\n'}
[1.382143] (px4_msgs) StdoutLine: {'line': b'-- Up-to-date: /home/mustardking/ws_sensor_combined/install/px4_msgs/include/px4_msgs/px4_msgs/msg/detail/vehicle_torque_setpoint__rosidl_typesupport_fastrtps_cpp.hpp\n'}
[1.382166] (px4_msgs) StdoutLine: {'line': b'-- Up-to-date: /home/mustardking/ws_sensor_combined/install/px4_msgs/include/px4_msgs/px4_msgs/msg/detail/failsafe_flags__rosidl_typesupport_fastrtps_cpp.hpp\n'}
[1.382189] (px4_msgs) StdoutLine: {'line': b'-- Up-to-date: /home/mustardking/ws_sensor_combined/install/px4_msgs/include/px4_msgs/px4_msgs/msg/detail/gpio_config__rosidl_typesupport_fastrtps_cpp.hpp\n'}
[1.382211] (px4_msgs) StdoutLine: {'line': b'-- Up-to-date: /home/mustardking/ws_sensor_combined/install/px4_msgs/include/px4_msgs/px4_msgs/msg/detail/actuator_outputs__rosidl_typesupport_fastrtps_cpp.hpp\n'}
[1.382906] (px4_msgs) StdoutLine: {'line': b'-- Up-to-date: /home/mustardking/ws_sensor_combined/install/px4_msgs/include/px4_msgs/px4_msgs/msg/detail/esc_status__rosidl_typesupport_fastrtps_cpp.hpp\n'}
[1.382935] (px4_msgs) StdoutLine: {'line': b'-- Up-to-date: /home/mustardking/ws_sensor_combined/install/px4_msgs/include/px4_msgs/px4_msgs/msg/detail/radio_status__rosidl_typesupport_fastrtps_cpp.hpp\n'}
[1.382976] (px4_msgs) StdoutLine: {'line': b'-- Up-to-date: /home/mustardking/ws_sensor_combined/install/px4_msgs/include/px4_msgs/px4_msgs/msg/detail/vehicle_odometry__rosidl_typesupport_fastrtps_cpp.hpp\n'}
[1.382999] (px4_msgs) StdoutLine: {'line': b'-- Up-to-date: /home/mustardking/ws_sensor_combined/install/px4_msgs/include/px4_msgs/px4_msgs/msg/detail/sensor_gnss_relative__rosidl_typesupport_fastrtps_cpp.hpp\n'}
[1.383023] (px4_msgs) StdoutLine: {'line': b'-- Up-to-date: /home/mustardking/ws_sensor_combined/install/px4_msgs/include/px4_msgs/px4_msgs/msg/detail/actuator_motors__rosidl_typesupport_fastrtps_cpp.hpp\n'}
[1.383060] (px4_msgs) StdoutLine: {'line': b'-- Up-to-date: /home/mustardking/ws_sensor_combined/install/px4_msgs/include/px4_msgs/px4_msgs/msg/detail/sensor_mag__rosidl_typesupport_fastrtps_cpp.hpp\n'}
[1.383146] (px4_msgs) StdoutLine: {'line': b'-- Up-to-date: /home/mustardking/ws_sensor_combined/install/px4_msgs/lib/libpx4_msgs__rosidl_typesupport_fastrtps_cpp.so\n'}
[1.383171] (px4_msgs) StdoutLine: {'line': b'-- Up-to-date: /home/mustardking/ws_sensor_combined/install/px4_msgs/include/px4_msgs/px4_msgs\n'}
[1.383194] (px4_msgs) StdoutLine: {'line': b'-- Up-to-date: /home/mustardking/ws_sensor_combined/install/px4_msgs/include/px4_msgs/px4_msgs/srv\n'}
[1.383232] (px4_msgs) StdoutLine: {'line': b'-- Up-to-date: /home/mustardking/ws_sensor_combined/install/px4_msgs/include/px4_msgs/px4_msgs/srv/detail\n'}
[1.383256] (px4_msgs) StdoutLine: {'line': b'-- Up-to-date: /home/mustardking/ws_sensor_combined/install/px4_msgs/include/px4_msgs/px4_msgs/srv/detail/vehicle_command__rosidl_typesupport_introspection_c.h\n'}
[1.383279] (px4_msgs) StdoutLine: {'line': b'-- Up-to-date: /home/mustardking/ws_sensor_combined/install/px4_msgs/include/px4_msgs/px4_msgs/srv/detail/vehicle_command__type_support.c\n'}
[1.383301] (px4_msgs) StdoutLine: {'line': b'-- Up-to-date: /home/mustardking/ws_sensor_combined/install/px4_msgs/include/px4_msgs/px4_msgs/msg\n'}
[1.383326] (px4_msgs) StdoutLine: {'line': b'-- Up-to-date: /home/mustardking/ws_sensor_combined/install/px4_msgs/include/px4_msgs/px4_msgs/msg/rosidl_typesupport_introspection_c__visibility_control.h\n'}
[1.383375] (px4_msgs) StdoutLine: {'line': b'-- Up-to-date: /home/mustardking/ws_sensor_combined/install/px4_msgs/include/px4_msgs/px4_msgs/msg/detail\n'}
[1.383400] (px4_msgs) StdoutLine: {'line': b'-- Up-to-date: /home/mustardking/ws_sensor_combined/install/px4_msgs/include/px4_msgs/px4_msgs/msg/detail/mavlink_log__type_support.c\n'}
[1.383425] (px4_msgs) StdoutLine: {'line': b'-- Up-to-date: /home/mustardking/ws_sensor_combined/install/px4_msgs/include/px4_msgs/px4_msgs/msg/detail/position_setpoint_triplet__rosidl_typesupport_introspection_c.h\n'}
[1.383448] (px4_msgs) StdoutLine: {'line': b'-- Up-to-date: /home/mustardking/ws_sensor_combined/install/px4_msgs/include/px4_msgs/px4_msgs/msg/detail/normalized_unsigned_setpoint__type_support.c\n'}
[1.383481] (px4_msgs) StdoutLine: {'line': b'-- Up-to-date: /home/mustardking/ws_sensor_combined/install/px4_msgs/include/px4_msgs/px4_msgs/msg/detail/transponder_report__type_support.c\n'}
[1.383513] (px4_msgs) StdoutLine: {'line': b'-- Up-to-date: /home/mustardking/ws_sensor_combined/install/px4_msgs/include/px4_msgs/px4_msgs/msg/detail/register_ext_component_request__type_support.c\n'}
[1.383536] (px4_msgs) StdoutLine: {'line': b'-- Up-to-date: /home/mustardking/ws_sensor_combined/install/px4_msgs/include/px4_msgs/px4_msgs/msg/detail/irlock_report__type_support.c\n'}
[1.383559] (px4_msgs) StdoutLine: {'line': b'-- Up-to-date: /home/mustardking/ws_sensor_combined/install/px4_msgs/include/px4_msgs/px4_msgs/msg/detail/orb_test_large__rosidl_typesupport_introspection_c.h\n'}
[1.383582] (px4_msgs) StdoutLine: {'line': b'-- Up-to-date: /home/mustardking/ws_sensor_combined/install/px4_msgs/include/px4_msgs/px4_msgs/msg/detail/gimbal_controls__type_support.c\n'}
[1.383604] (px4_msgs) StdoutLine: {'line': b'-- Up-to-date: /home/mustardking/ws_sensor_combined/install/px4_msgs/include/px4_msgs/px4_msgs/msg/detail/airspeed__rosidl_typesupport_introspection_c.h\n'}
[1.383627] (px4_msgs) StdoutLine: {'line': b'-- Up-to-date: /home/mustardking/ws_sensor_combined/install/px4_msgs/include/px4_msgs/px4_msgs/msg/detail/internal_combustion_engine_status__rosidl_typesupport_introspection_c.h\n'}
[1.383666] (px4_msgs) StdoutLine: {'line': b'-- Up-to-date: /home/mustardking/ws_sensor_combined/install/px4_msgs/include/px4_msgs/px4_msgs/msg/detail/landing_target_pose__type_support.c\n'}
[1.383690] (px4_msgs) StdoutLine: {'line': b'-- Up-to-date: /home/mustardking/ws_sensor_combined/install/px4_msgs/include/px4_msgs/px4_msgs/msg/detail/fixed_wing_lateral_status__type_support.c\n'}
[1.383712] (px4_msgs) StdoutLine: {'line': b'-- Up-to-date: /home/mustardking/ws_sensor_combined/install/px4_msgs/include/px4_msgs/px4_msgs/msg/detail/config_overrides__type_support.c\n'}
[1.383737] (px4_msgs) StdoutLine: {'line': b'-- Up-to-date: /home/mustardking/ws_sensor_combined/install/px4_msgs/include/px4_msgs/px4_msgs/msg/detail/camera_trigger__type_support.c\n'}
[1.383784] (px4_msgs) StdoutLine: {'line': b'-- Up-to-date: /home/mustardking/ws_sensor_combined/install/px4_msgs/include/px4_msgs/px4_msgs/msg/detail/camera_capture__type_support.c\n'}
[1.383827] (px4_msgs) StdoutLine: {'line': b'-- Up-to-date: /home/mustardking/ws_sensor_combined/install/px4_msgs/include/px4_msgs/px4_msgs/msg/detail/magnetometer_bias_estimate__type_support.c\n'}
[1.383850] (px4_msgs) StdoutLine: {'line': b'-- Up-to-date: /home/mustardking/ws_sensor_combined/install/px4_msgs/include/px4_msgs/px4_msgs/msg/detail/vehicle_command__rosidl_typesupport_introspection_c.h\n'}
[1.383873] (px4_msgs) StdoutLine: {'line': b'-- Up-to-date: /home/mustardking/ws_sensor_combined/install/px4_msgs/include/px4_msgs/px4_msgs/msg/detail/sensors_status__rosidl_typesupport_introspection_c.h\n'}
[1.383896] (px4_msgs) StdoutLine: {'line': b'-- Up-to-date: /home/mustardking/ws_sensor_combined/install/px4_msgs/include/px4_msgs/px4_msgs/msg/detail/battery_info__type_support.c\n'}
[1.383918] (px4_msgs) StdoutLine: {'line': b'-- Up-to-date: /home/mustardking/ws_sensor_combined/install/px4_msgs/include/px4_msgs/px4_msgs/msg/detail/vehicle_imu_status__rosidl_typesupport_introspection_c.h\n'}
[1.383941] (px4_msgs) StdoutLine: {'line': b'-- Up-to-date: /home/mustardking/ws_sensor_combined/install/px4_msgs/include/px4_msgs/px4_msgs/msg/detail/estimator_gps_status__rosidl_typesupport_introspection_c.h\n'}
[1.383981] (px4_msgs) StdoutLine: {'line': b'-- Up-to-date: /home/mustardking/ws_sensor_combined/install/px4_msgs/include/px4_msgs/px4_msgs/msg/detail/uavcan_parameter_request__type_support.c\n'}
[1.384005] (px4_msgs) StdoutLine: {'line': b'-- Up-to-date: /home/mustardking/ws_sensor_combined/install/px4_msgs/include/px4_msgs/px4_msgs/msg/detail/landing_target_innovations__rosidl_typesupport_introspection_c.h\n'}
[1.384028] (px4_msgs) StdoutLine: {'line': b'-- Up-to-date: /home/mustardking/ws_sensor_combined/install/px4_msgs/include/px4_msgs/px4_msgs/msg/detail/estimator_aid_source1d__rosidl_typesupport_introspection_c.h\n'}
[1.384051] (px4_msgs) StdoutLine: {'line': b'-- Up-to-date: /home/mustardking/ws_sensor_combined/install/px4_msgs/include/px4_msgs/px4_msgs/msg/detail/estimator_innovations__rosidl_typesupport_introspection_c.h\n'}
[1.384073] (px4_msgs) StdoutLine: {'line': b'-- Up-to-date: /home/mustardking/ws_sensor_combined/install/px4_msgs/include/px4_msgs/px4_msgs/msg/detail/dataman_request__type_support.c\n'}
[1.384113] (px4_msgs) StdoutLine: {'line': b'-- Up-to-date: /home/mustardking/ws_sensor_combined/install/px4_msgs/include/px4_msgs/px4_msgs/msg/detail/parameter_set_value_request__type_support.c\n'}
[1.384137] (px4_msgs) StdoutLine: {'line': b'-- Up-to-date: /home/mustardking/ws_sensor_combined/install/px4_msgs/include/px4_msgs/px4_msgs/msg/detail/unregister_ext_component__rosidl_typesupport_introspection_c.h\n'}
[1.384160] (px4_msgs) StdoutLine: {'line': b'-- Up-to-date: /home/mustardking/ws_sensor_combined/install/px4_msgs/include/px4_msgs/px4_msgs/msg/detail/position_controller_status__type_support.c\n'}
[1.384183] (px4_msgs) StdoutLine: {'line': b'-- Up-to-date: /home/mustardking/ws_sensor_combined/install/px4_msgs/include/px4_msgs/px4_msgs/msg/detail/gimbal_manager_status__type_support.c\n'}
[1.384206] (px4_msgs) StdoutLine: {'line': b'-- Up-to-date: /home/mustardking/ws_sensor_combined/install/px4_msgs/include/px4_msgs/px4_msgs/msg/detail/fuel_tank_status__rosidl_typesupport_introspection_c.h\n'}
[1.384228] (px4_msgs) StdoutLine: {'line': b'-- Up-to-date: /home/mustardking/ws_sensor_combined/install/px4_msgs/include/px4_msgs/px4_msgs/msg/detail/vehicle_imu__type_support.c\n'}
[1.384264] (px4_msgs) StdoutLine: {'line': b'-- Up-to-date: /home/mustardking/ws_sensor_combined/install/px4_msgs/include/px4_msgs/px4_msgs/msg/detail/sensor_gps__type_support.c\n'}
[1.384290] (px4_msgs) StdoutLine: {'line': b'-- Up-to-date: /home/mustardking/ws_sensor_combined/install/px4_msgs/include/px4_msgs/px4_msgs/msg/detail/mavlink_tunnel__type_support.c\n'}
[1.384313] (px4_msgs) StdoutLine: {'line': b'-- Up-to-date: /home/mustardking/ws_sensor_combined/install/px4_msgs/include/px4_msgs/px4_msgs/msg/detail/gimbal_manager_set_attitude__rosidl_typesupport_introspection_c.h\n'}
[1.384335] (px4_msgs) StdoutLine: {'line': b'-- Up-to-date: /home/mustardking/ws_sensor_combined/install/px4_msgs/include/px4_msgs/px4_msgs/msg/detail/failsafe_flags__type_support.c\n'}
[1.384358] (px4_msgs) StdoutLine: {'line': b'-- Up-to-date: /home/mustardking/ws_sensor_combined/install/px4_msgs/include/px4_msgs/px4_msgs/msg/detail/manual_control_switches__rosidl_typesupport_introspection_c.h\n'}
[1.384393] (px4_msgs) StdoutLine: {'line': b'-- Up-to-date: /home/mustardking/ws_sensor_combined/install/px4_msgs/include/px4_msgs/px4_msgs/msg/detail/estimator_bias3d__type_support.c\n'}
[1.384417] (px4_msgs) StdoutLine: {'line': b'-- Up-to-date: /home/mustardking/ws_sensor_combined/install/px4_msgs/include/px4_msgs/px4_msgs/msg/detail/vehicle_command_ack__type_support.c\n'}
[1.384439] (px4_msgs) StdoutLine: {'line': b'-- Up-to-date: /home/mustardking/ws_sensor_combined/install/px4_msgs/include/px4_msgs/px4_msgs/msg/detail/rover_speed_status__type_support.c\n'}
[1.384461] (px4_msgs) StdoutLine: {'line': b'-- Up-to-date: /home/mustardking/ws_sensor_combined/install/px4_msgs/include/px4_msgs/px4_msgs/msg/detail/iridiumsbd_status__rosidl_typesupport_introspection_c.h\n'}
[1.384484] (px4_msgs) StdoutLine: {'line': b'-- Up-to-date: /home/mustardking/ws_sensor_combined/install/px4_msgs/include/px4_msgs/px4_msgs/msg/detail/estimator_aid_source2d__type_support.c\n'}
[1.384510] (px4_msgs) StdoutLine: {'line': b'-- Up-to-date: /home/mustardking/ws_sensor_combined/install/px4_msgs/include/px4_msgs/px4_msgs/msg/detail/sensor_airflow__type_support.c\n'}
[1.384549] (px4_msgs) StdoutLine: {'line': b'-- Up-to-date: /home/mustardking/ws_sensor_combined/install/px4_msgs/include/px4_msgs/px4_msgs/msg/detail/input_rc__type_support.c\n'}
[1.384572] (px4_msgs) StdoutLine: {'line': b'-- Up-to-date: /home/mustardking/ws_sensor_combined/install/px4_msgs/include/px4_msgs/px4_msgs/msg/detail/position_setpoint__rosidl_typesupport_introspection_c.h\n'}
[1.384595] (px4_msgs) StdoutLine: {'line': b'-- Up-to-date: /home/mustardking/ws_sensor_combined/install/px4_msgs/include/px4_msgs/px4_msgs/msg/detail/actuator_controls_status__type_support.c\n'}
[1.384618] (px4_msgs) StdoutLine: {'line': b'-- Up-to-date: /home/mustardking/ws_sensor_combined/install/px4_msgs/include/px4_msgs/px4_msgs/msg/detail/gimbal_manager_set_attitude__type_support.c\n'}
[1.384650] (px4_msgs) StdoutLine: {'line': b'-- Up-to-date: /home/mustardking/ws_sensor_combined/install/px4_msgs/include/px4_msgs/px4_msgs/msg/detail/satellite_info__rosidl_typesupport_introspection_c.h\n'}
[1.384680] (px4_msgs) StdoutLine: {'line': b'-- Up-to-date: /home/mustardking/ws_sensor_combined/install/px4_msgs/include/px4_msgs/px4_msgs/msg/detail/navigator_mission_item__type_support.c\n'}
[1.384703] (px4_msgs) StdoutLine: {'line': b'-- Up-to-date: /home/mustardking/ws_sensor_combined/install/px4_msgs/include/px4_msgs/px4_msgs/msg/detail/log_message__type_support.c\n'}
[1.384725] (px4_msgs) StdoutLine: {'line': b'-- Up-to-date: /home/mustardking/ws_sensor_combined/install/px4_msgs/include/px4_msgs/px4_msgs/msg/detail/gimbal_manager_status__rosidl_typesupport_introspection_c.h\n'}
[1.384748] (px4_msgs) StdoutLine: {'line': b'-- Up-to-date: /home/mustardking/ws_sensor_combined/install/px4_msgs/include/px4_msgs/px4_msgs/msg/detail/follow_target_status__rosidl_typesupport_introspection_c.h\n'}
[1.384771] (px4_msgs) StdoutLine: {'line': b'-- Up-to-date: /home/mustardking/ws_sensor_combined/install/px4_msgs/include/px4_msgs/px4_msgs/msg/detail/sensor_preflight_mag__rosidl_typesupport_introspection_c.h\n'}
[1.384795] (px4_msgs) StdoutLine: {'line': b'-- Up-to-date: /home/mustardking/ws_sensor_combined/install/px4_msgs/include/px4_msgs/px4_msgs/msg/detail/estimator_bias3d__rosidl_typesupport_introspection_c.h\n'}
[1.384832] (px4_msgs) StdoutLine: {'line': b'-- Up-to-date: /home/mustardking/ws_sensor_combined/install/px4_msgs/include/px4_msgs/px4_msgs/msg/detail/action_request__type_support.c\n'}
[1.384855] (px4_msgs) StdoutLine: {'line': b'-- Up-to-date: /home/mustardking/ws_sensor_combined/install/px4_msgs/include/px4_msgs/px4_msgs/msg/detail/qshell_req__rosidl_typesupport_introspection_c.h\n'}
[1.384878] (px4_msgs) StdoutLine: {'line': b'-- Up-to-date: /home/mustardking/ws_sensor_combined/install/px4_msgs/include/px4_msgs/px4_msgs/msg/detail/autotune_attitude_control_status__type_support.c\n'}
[1.384900] (px4_msgs) StdoutLine: {'line': b'-- Up-to-date: /home/mustardking/ws_sensor_combined/install/px4_msgs/include/px4_msgs/px4_msgs/msg/detail/vehicle_land_detected__rosidl_typesupport_introspection_c.h\n'}
[1.385130] (px4_msgs) StdoutLine: {'line': b'-- Up-to-date: /home/mustardking/ws_sensor_combined/install/px4_msgs/include/px4_msgs/px4_msgs/msg/detail/timesync_status__type_support.c\n'}
[1.385168] (px4_msgs) StdoutLine: {'line': b'-- Up-to-date: /home/mustardking/ws_sensor_combined/install/px4_msgs/include/px4_msgs/px4_msgs/msg/detail/landing_target_innovations__type_support.c\n'}
[1.385191] (px4_msgs) StdoutLine: {'line': b'-- Up-to-date: /home/mustardking/ws_sensor_combined/install/px4_msgs/include/px4_msgs/px4_msgs/msg/detail/rover_position_setpoint__type_support.c\n'}
[1.385214] (px4_msgs) StdoutLine: {'line': b'-- Up-to-date: /home/mustardking/ws_sensor_combined/install/px4_msgs/include/px4_msgs/px4_msgs/msg/detail/open_drone_id_self_id__type_support.c\n'}
[1.385264] (px4_msgs) StdoutLine: {'line': b'-- Up-to-date: /home/mustardking/ws_sensor_combined/install/px4_msgs/include/px4_msgs/px4_msgs/msg/detail/sensor_accel__rosidl_typesupport_introspection_c.h\n'}
[1.385295] (px4_msgs) StdoutLine: {'line': b'-- Up-to-date: /home/mustardking/ws_sensor_combined/install/px4_msgs/include/px4_msgs/px4_msgs/msg/detail/task_stack_info__type_support.c\n'}
[1.385318] (px4_msgs) StdoutLine: {'line': b'-- Up-to-date: /home/mustardking/ws_sensor_combined/install/px4_msgs/include/px4_msgs/px4_msgs/msg/detail/debug_vect__rosidl_typesupport_introspection_c.h\n'}
[1.385341] (px4_msgs) StdoutLine: {'line': b'-- Up-to-date: /home/mustardking/ws_sensor_combined/install/px4_msgs/include/px4_msgs/px4_msgs/msg/detail/vehicle_global_position__type_support.c\n'}
[1.385375] (px4_msgs) StdoutLine: {'line': b'-- Up-to-date: /home/mustardking/ws_sensor_combined/install/px4_msgs/include/px4_msgs/px4_msgs/msg/detail/ulog_stream_ack__type_support.c\n'}
[1.385464] (px4_msgs) StdoutLine: {'line': b'-- Up-to-date: /home/mustardking/ws_sensor_combined/install/px4_msgs/include/px4_msgs/px4_msgs/msg/detail/arming_check_reply__type_support.c\n'}
[1.385490] (px4_msgs) StdoutLine: {'line': b'-- Up-to-date: /home/mustardking/ws_sensor_combined/install/px4_msgs/include/px4_msgs/px4_msgs/msg/detail/magnetometer_bias_estimate__rosidl_typesupport_introspection_c.h\n'}
[1.385513] (px4_msgs) StdoutLine: {'line': b'-- Up-to-date: /home/mustardking/ws_sensor_combined/install/px4_msgs/include/px4_msgs/px4_msgs/msg/detail/actuator_servos_trim__rosidl_typesupport_introspection_c.h\n'}
[1.385562] (px4_msgs) StdoutLine: {'line': b'-- Up-to-date: /home/mustardking/ws_sensor_combined/install/px4_msgs/include/px4_msgs/px4_msgs/msg/detail/sensor_correction__rosidl_typesupport_introspection_c.h\n'}
[1.385607] (px4_msgs) StdoutLine: {'line': b'-- Up-to-date: /home/mustardking/ws_sensor_combined/install/px4_msgs/include/px4_msgs/px4_msgs/msg/detail/rtl_status__rosidl_typesupport_introspection_c.h\n'}
[1.385630] (px4_msgs) StdoutLine: {'line': b'-- Up-to-date: /home/mustardking/ws_sensor_combined/install/px4_msgs/include/px4_msgs/px4_msgs/msg/detail/gimbal_manager_information__rosidl_typesupport_introspection_c.h\n'}
[1.385653] (px4_msgs) StdoutLine: {'line': b'-- Up-to-date: /home/mustardking/ws_sensor_combined/install/px4_msgs/include/px4_msgs/px4_msgs/msg/detail/power_button_state__type_support.c\n'}
[1.385677] (px4_msgs) StdoutLine: {'line': b'-- Up-to-date: /home/mustardking/ws_sensor_combined/install/px4_msgs/include/px4_msgs/px4_msgs/msg/detail/rover_position_setpoint__rosidl_typesupport_introspection_c.h\n'}
[1.385700] (px4_msgs) StdoutLine: {'line': b'-- Up-to-date: /home/mustardking/ws_sensor_combined/install/px4_msgs/include/px4_msgs/px4_msgs/msg/detail/actuator_armed__rosidl_typesupport_introspection_c.h\n'}
[1.385722] (px4_msgs) StdoutLine: {'line': b'-- Up-to-date: /home/mustardking/ws_sensor_combined/install/px4_msgs/include/px4_msgs/px4_msgs/msg/detail/navigator_status__type_support.c\n'}
[1.385745] (px4_msgs) StdoutLine: {'line': b'-- Up-to-date: /home/mustardking/ws_sensor_combined/install/px4_msgs/include/px4_msgs/px4_msgs/msg/detail/wind__type_support.c\n'}
[1.385795] (px4_msgs) StdoutLine: {'line': b'-- Up-to-date: /home/mustardking/ws_sensor_combined/install/px4_msgs/include/px4_msgs/px4_msgs/msg/detail/neural_control__type_support.c\n'}
[1.385818] (px4_msgs) StdoutLine: {'line': b'-- Up-to-date: /home/mustardking/ws_sensor_combined/install/px4_msgs/include/px4_msgs/px4_msgs/msg/detail/radio_status__rosidl_typesupport_introspection_c.h\n'}
[1.385840] (px4_msgs) StdoutLine: {'line': b'-- Up-to-date: /home/mustardking/ws_sensor_combined/install/px4_msgs/include/px4_msgs/px4_msgs/msg/detail/sensor_gnss_status__rosidl_typesupport_introspection_c.h\n'}
[1.385862] (px4_msgs) StdoutLine: {'line': b'-- Up-to-date: /home/mustardking/ws_sensor_combined/install/px4_msgs/include/px4_msgs/px4_msgs/msg/detail/rover_throttle_setpoint__rosidl_typesupport_introspection_c.h\n'}
[1.385885] (px4_msgs) StdoutLine: {'line': b'-- Up-to-date: /home/mustardking/ws_sensor_combined/install/px4_msgs/include/px4_msgs/px4_msgs/msg/detail/orb_test__rosidl_typesupport_introspection_c.h\n'}
[1.385931] (px4_msgs) StdoutLine: {'line': b'-- Up-to-date: /home/mustardking/ws_sensor_combined/install/px4_msgs/include/px4_msgs/px4_msgs/msg/detail/estimator_event_flags__rosidl_typesupport_introspection_c.h\n'}
[1.385992] (px4_msgs) StdoutLine: {'line': b'-- Up-to-date: /home/mustardking/ws_sensor_combined/install/px4_msgs/include/px4_msgs/px4_msgs/msg/detail/parameter_reset_request__rosidl_typesupport_introspection_c.h\n'}
[1.386017] (px4_msgs) StdoutLine: {'line': b'-- Up-to-date: /home/mustardking/ws_sensor_combined/install/px4_msgs/include/px4_msgs/px4_msgs/msg/detail/fixed_wing_lateral_status__rosidl_typesupport_introspection_c.h\n'}
[1.386041] (px4_msgs) StdoutLine: {'line': b'-- Up-to-date: /home/mustardking/ws_sensor_combined/install/px4_msgs/include/px4_msgs/px4_msgs/msg/detail/follow_target_status__type_support.c\n'}
[1.386063] (px4_msgs) StdoutLine: {'line': b'-- Up-to-date: /home/mustardking/ws_sensor_combined/install/px4_msgs/include/px4_msgs/px4_msgs/msg/detail/logger_status__type_support.c\n'}
[1.386086] (px4_msgs) StdoutLine: {'line': b'-- Up-to-date: /home/mustardking/ws_sensor_combined/install/px4_msgs/include/px4_msgs/px4_msgs/msg/detail/position_setpoint__type_support.c\n'}
[1.386835] (px4_msgs) StdoutLine: {'line': b'-- Up-to-date: /home/mustardking/ws_sensor_combined/install/px4_msgs/include/px4_msgs/px4_msgs/msg/detail/logger_status__rosidl_typesupport_introspection_c.h\n'}
[1.386876] (px4_msgs) StdoutLine: {'line': b'-- Up-to-date: /home/mustardking/ws_sensor_combined/install/px4_msgs/include/px4_msgs/px4_msgs/msg/detail/follow_target__type_support.c\n'}
[1.386902] (px4_msgs) StdoutLine: {'line': b'-- Up-to-date: /home/mustardking/ws_sensor_combined/install/px4_msgs/include/px4_msgs/px4_msgs/msg/detail/manual_control_setpoint__rosidl_typesupport_introspection_c.h\n'}
[1.386926] (px4_msgs) StdoutLine: {'line': b'-- Up-to-date: /home/mustardking/ws_sensor_combined/install/px4_msgs/include/px4_msgs/px4_msgs/msg/detail/gimbal_device_information__type_support.c\n'}
[1.386964] (px4_msgs) StdoutLine: {'line': b'-- Up-to-date: /home/mustardking/ws_sensor_combined/install/px4_msgs/include/px4_msgs/px4_msgs/msg/detail/parameter_update__type_support.c\n'}
[1.386991] (px4_msgs) StdoutLine: {'line': b'-- Up-to-date: /home/mustardking/ws_sensor_combined/install/px4_msgs/include/px4_msgs/px4_msgs/msg/detail/open_drone_id_system__rosidl_typesupport_introspection_c.h\n'}
[1.387014] (px4_msgs) StdoutLine: {'line': b'-- Up-to-date: /home/mustardking/ws_sensor_combined/install/px4_msgs/include/px4_msgs/px4_msgs/msg/detail/vehicle_attitude_setpoint__type_support.c\n'}
[1.387041] (px4_msgs) StdoutLine: {'line': b'-- Up-to-date: /home/mustardking/ws_sensor_combined/install/px4_msgs/include/px4_msgs/px4_msgs/msg/detail/unregister_ext_component__type_support.c\n'}
[1.387063] (px4_msgs) StdoutLine: {'line': b'-- Up-to-date: /home/mustardking/ws_sensor_combined/install/px4_msgs/include/px4_msgs/px4_msgs/msg/detail/airspeed_validated__type_support.c\n'}
[1.387086] (px4_msgs) StdoutLine: {'line': b'-- Up-to-date: /home/mustardking/ws_sensor_combined/install/px4_msgs/include/px4_msgs/px4_msgs/msg/detail/fixed_wing_longitudinal_setpoint__type_support.c\n'}
[1.387125] (px4_msgs) StdoutLine: {'line': b'-- Up-to-date: /home/mustardking/ws_sensor_combined/install/px4_msgs/include/px4_msgs/px4_msgs/msg/detail/rpm__rosidl_typesupport_introspection_c.h\n'}
[1.387148] (px4_msgs) StdoutLine: {'line': b'-- Up-to-date: /home/mustardking/ws_sensor_combined/install/px4_msgs/include/px4_msgs/px4_msgs/msg/detail/normalized_unsigned_setpoint__rosidl_typesupport_introspection_c.h\n'}
[1.387171] (px4_msgs) StdoutLine: {'line': b'-- Up-to-date: /home/mustardking/ws_sensor_combined/install/px4_msgs/include/px4_msgs/px4_msgs/msg/detail/autotune_attitude_control_status__rosidl_typesupport_introspection_c.h\n'}
[1.387194] (px4_msgs) StdoutLine: {'line': b'-- Up-to-date: /home/mustardking/ws_sensor_combined/install/px4_msgs/include/px4_msgs/px4_msgs/msg/detail/gripper__type_support.c\n'}
[1.387219] (px4_msgs) StdoutLine: {'line': b'-- Up-to-date: /home/mustardking/ws_sensor_combined/install/px4_msgs/include/px4_msgs/px4_msgs/msg/detail/vehicle_constraints__rosidl_typesupport_introspection_c.h\n'}
[1.387260] (px4_msgs) StdoutLine: {'line': b'-- Up-to-date: /home/mustardking/ws_sensor_combined/install/px4_msgs/include/px4_msgs/px4_msgs/msg/detail/battery_info__rosidl_typesupport_introspection_c.h\n'}
[1.387283] (px4_msgs) StdoutLine: {'line': b'-- Up-to-date: /home/mustardking/ws_sensor_combined/install/px4_msgs/include/px4_msgs/px4_msgs/msg/detail/vehicle_roi__rosidl_typesupport_introspection_c.h\n'}
[1.387306] (px4_msgs) StdoutLine: {'line': b'-- Up-to-date: /home/mustardking/ws_sensor_combined/install/px4_msgs/include/px4_msgs/px4_msgs/msg/detail/mount_orientation__type_support.c\n'}
[1.387328] (px4_msgs) StdoutLine: {'line': b'-- Up-to-date: /home/mustardking/ws_sensor_combined/install/px4_msgs/include/px4_msgs/px4_msgs/msg/detail/open_drone_id_operator_id__type_support.c\n'}
[1.387351] (px4_msgs) StdoutLine: {'line': b'-- Up-to-date: /home/mustardking/ws_sensor_combined/install/px4_msgs/include/px4_msgs/px4_msgs/msg/detail/ping__rosidl_typesupport_introspection_c.h\n'}
[1.387373] (px4_msgs) StdoutLine: {'line': b'-- Up-to-date: /home/mustardking/ws_sensor_combined/install/px4_msgs/include/px4_msgs/px4_msgs/msg/detail/figure_eight_status__type_support.c\n'}
[1.387410] (px4_msgs) StdoutLine: {'line': b'-- Up-to-date: /home/mustardking/ws_sensor_combined/install/px4_msgs/include/px4_msgs/px4_msgs/msg/detail/adc_report__rosidl_typesupport_introspection_c.h\n'}
[1.387433] (px4_msgs) StdoutLine: {'line': b'-- Up-to-date: /home/mustardking/ws_sensor_combined/install/px4_msgs/include/px4_msgs/px4_msgs/msg/detail/mode_completed__rosidl_typesupport_introspection_c.h\n'}
[1.387456] (px4_msgs) StdoutLine: {'line': b'-- Up-to-date: /home/mustardking/ws_sensor_combined/install/px4_msgs/include/px4_msgs/px4_msgs/msg/detail/button_event__type_support.c\n'}
[1.387478] (px4_msgs) StdoutLine: {'line': b'-- Up-to-date: /home/mustardking/ws_sensor_combined/install/px4_msgs/include/px4_msgs/px4_msgs/msg/detail/led_control__rosidl_typesupport_introspection_c.h\n'}
[1.387500] (px4_msgs) StdoutLine: {'line': b'-- Up-to-date: /home/mustardking/ws_sensor_combined/install/px4_msgs/include/px4_msgs/px4_msgs/msg/detail/lateral_control_configuration__type_support.c\n'}
[1.387525] (px4_msgs) StdoutLine: {'line': b'-- Up-to-date: /home/mustardking/ws_sensor_combined/install/px4_msgs/include/px4_msgs/px4_msgs/msg/detail/vehicle_optical_flow__type_support.c\n'}
[1.387547] (px4_msgs) StdoutLine: {'line': b'-- Up-to-date: /home/mustardking/ws_sensor_combined/install/px4_msgs/include/px4_msgs/px4_msgs/msg/detail/vehicle_angular_acceleration_setpoint__type_support.c\n'}
[1.387570] (px4_msgs) StdoutLine: {'line': b'-- Up-to-date: /home/mustardking/ws_sensor_combined/install/px4_msgs/include/px4_msgs/px4_msgs/msg/detail/airspeed_validated__rosidl_typesupport_introspection_c.h\n'}
[1.387593] (px4_msgs) StdoutLine: {'line': b'-- Up-to-date: /home/mustardking/ws_sensor_combined/install/px4_msgs/include/px4_msgs/px4_msgs/msg/detail/button_event__rosidl_typesupport_introspection_c.h\n'}
[1.387616] (px4_msgs) StdoutLine: {'line': b'-- Up-to-date: /home/mustardking/ws_sensor_combined/install/px4_msgs/include/px4_msgs/px4_msgs/msg/detail/timesync_status__rosidl_typesupport_introspection_c.h\n'}
[1.387653] (px4_msgs) StdoutLine: {'line': b'-- Up-to-date: /home/mustardking/ws_sensor_combined/install/px4_msgs/include/px4_msgs/px4_msgs/msg/detail/vehicle_land_detected__type_support.c\n'}
[1.387675] (px4_msgs) StdoutLine: {'line': b'-- Up-to-date: /home/mustardking/ws_sensor_combined/install/px4_msgs/include/px4_msgs/px4_msgs/msg/detail/mission__type_support.c\n'}
[1.387698] (px4_msgs) StdoutLine: {'line': b'-- Up-to-date: /home/mustardking/ws_sensor_combined/install/px4_msgs/include/px4_msgs/px4_msgs/msg/detail/power_button_state__rosidl_typesupport_introspection_c.h\n'}
[1.387724] (px4_msgs) StdoutLine: {'line': b'-- Up-to-date: /home/mustardking/ws_sensor_combined/install/px4_msgs/include/px4_msgs/px4_msgs/msg/detail/yaw_estimator_status__rosidl_typesupport_introspection_c.h\n'}
[1.387746] (px4_msgs) StdoutLine: {'line': b'-- Up-to-date: /home/mustardking/ws_sensor_combined/install/px4_msgs/include/px4_msgs/px4_msgs/msg/detail/actuator_test__type_support.c\n'}
[1.387769] (px4_msgs) StdoutLine: {'line': b'-- Up-to-date: /home/mustardking/ws_sensor_combined/install/px4_msgs/include/px4_msgs/px4_msgs/msg/detail/sensor_accel__type_support.c\n'}
[1.387792] (px4_msgs) StdoutLine: {'line': b'-- Up-to-date: /home/mustardking/ws_sensor_combined/install/px4_msgs/include/px4_msgs/px4_msgs/msg/detail/gpio_in__rosidl_typesupport_introspection_c.h\n'}
[1.387832] (px4_msgs) StdoutLine: {'line': b'-- Up-to-date: /home/mustardking/ws_sensor_combined/install/px4_msgs/include/px4_msgs/px4_msgs/msg/detail/vehicle_magnetometer__type_support.c\n'}
[1.387855] (px4_msgs) StdoutLine: {'line': b'-- Up-to-date: /home/mustardking/ws_sensor_combined/install/px4_msgs/include/px4_msgs/px4_msgs/msg/detail/rover_throttle_setpoint__type_support.c\n'}
[1.387879] (px4_msgs) StdoutLine: {'line': b'-- Up-to-date: /home/mustardking/ws_sensor_combined/install/px4_msgs/include/px4_msgs/px4_msgs/msg/detail/cpuload__type_support.c\n'}
[1.387901] (px4_msgs) StdoutLine: {'line': b'-- Up-to-date: /home/mustardking/ws_sensor_combined/install/px4_msgs/include/px4_msgs/px4_msgs/msg/detail/satellite_info__type_support.c\n'}
[1.387924] (px4_msgs) StdoutLine: {'line': b'-- Up-to-date: /home/mustardking/ws_sensor_combined/install/px4_msgs/include/px4_msgs/px4_msgs/msg/detail/vehicle_acceleration__rosidl_typesupport_introspection_c.h\n'}
[1.387963] (px4_msgs) StdoutLine: {'line': b'-- Up-to-date: /home/mustardking/ws_sensor_combined/install/px4_msgs/include/px4_msgs/px4_msgs/msg/detail/action_request__rosidl_typesupport_introspection_c.h\n'}
[1.387985] (px4_msgs) StdoutLine: {'line': b'-- Up-to-date: /home/mustardking/ws_sensor_combined/install/px4_msgs/include/px4_msgs/px4_msgs/msg/detail/input_rc__rosidl_typesupport_introspection_c.h\n'}
[1.388008] (px4_msgs) StdoutLine: {'line': b'-- Up-to-date: /home/mustardking/ws_sensor_combined/install/px4_msgs/include/px4_msgs/px4_msgs/msg/detail/register_ext_component_reply__rosidl_typesupport_introspection_c.h\n'}
[1.388033] (px4_msgs) StdoutLine: {'line': b'-- Up-to-date: /home/mustardking/ws_sensor_combined/install/px4_msgs/include/px4_msgs/px4_msgs/msg/detail/rate_ctrl_status__rosidl_typesupport_introspection_c.h\n'}
[1.388055] (px4_msgs) StdoutLine: {'line': b'-- Up-to-date: /home/mustardking/ws_sensor_combined/install/px4_msgs/include/px4_msgs/px4_msgs/msg/detail/parameter_set_value_response__type_support.c\n'}
[1.388078] (px4_msgs) StdoutLine: {'line': b'-- Up-to-date: /home/mustardking/ws_sensor_combined/install/px4_msgs/include/px4_msgs/px4_msgs/msg/detail/can_interface_status__type_support.c\n'}
[1.388118] (px4_msgs) StdoutLine: {'line': b'-- Up-to-date: /home/mustardking/ws_sensor_combined/install/px4_msgs/include/px4_msgs/px4_msgs/msg/detail/system_power__rosidl_typesupport_introspection_c.h\n'}
[1.388141] (px4_msgs) StdoutLine: {'line': b'-- Up-to-date: /home/mustardking/ws_sensor_combined/install/px4_msgs/include/px4_msgs/px4_msgs/msg/detail/message_format_response__rosidl_typesupport_introspection_c.h\n'}
[1.388163] (px4_msgs) StdoutLine: {'line': b'-- Up-to-date: /home/mustardking/ws_sensor_combined/install/px4_msgs/include/px4_msgs/px4_msgs/msg/detail/internal_combustion_engine_status__type_support.c\n'}
[1.388185] (px4_msgs) StdoutLine: {'line': b'-- Up-to-date: /home/mustardking/ws_sensor_combined/install/px4_msgs/include/px4_msgs/px4_msgs/msg/detail/rover_attitude_setpoint__type_support.c\n'}
[1.388209] (px4_msgs) StdoutLine: {'line': b'-- Up-to-date: /home/mustardking/ws_sensor_combined/install/px4_msgs/include/px4_msgs/px4_msgs/msg/detail/estimator_event_flags__type_support.c\n'}
[1.388247] (px4_msgs) StdoutLine: {'line': b'-- Up-to-date: /home/mustardking/ws_sensor_combined/install/px4_msgs/include/px4_msgs/px4_msgs/msg/detail/register_ext_component_reply__type_support.c\n'}
[1.388270] (px4_msgs) StdoutLine: {'line': b'-- Up-to-date: /home/mustardking/ws_sensor_combined/install/px4_msgs/include/px4_msgs/px4_msgs/msg/detail/fixed_wing_lateral_setpoint__type_support.c\n'}
[1.388292] (px4_msgs) StdoutLine: {'line': b'-- Up-to-date: /home/mustardking/ws_sensor_combined/install/px4_msgs/include/px4_msgs/px4_msgs/msg/detail/gps_dump__rosidl_typesupport_introspection_c.h\n'}
[1.388315] (px4_msgs) StdoutLine: {'line': b'-- Up-to-date: /home/mustardking/ws_sensor_combined/install/px4_msgs/include/px4_msgs/px4_msgs/msg/detail/mission_result__type_support.c\n'}
[1.388337] (px4_msgs) StdoutLine: {'line': b'-- Up-to-date: /home/mustardking/ws_sensor_combined/install/px4_msgs/include/px4_msgs/px4_msgs/msg/detail/vehicle_torque_setpoint__rosidl_typesupport_introspection_c.h\n'}
[1.388360] (px4_msgs) StdoutLine: {'line': b'-- Up-to-date: /home/mustardking/ws_sensor_combined/install/px4_msgs/include/px4_msgs/px4_msgs/msg/detail/trajectory_setpoint6dof__rosidl_typesupport_introspection_c.h\n'}
[1.388394] (px4_msgs) StdoutLine: {'line': b'-- Up-to-date: /home/mustardking/ws_sensor_combined/install/px4_msgs/include/px4_msgs/px4_msgs/msg/detail/parameter_reset_request__type_support.c\n'}
[1.388422] (px4_msgs) StdoutLine: {'line': b'-- Up-to-date: /home/mustardking/ws_sensor_combined/install/px4_msgs/include/px4_msgs/px4_msgs/msg/detail/velocity_limits__rosidl_typesupport_introspection_c.h\n'}
[1.388444] (px4_msgs) StdoutLine: {'line': b'-- Up-to-date: /home/mustardking/ws_sensor_combined/install/px4_msgs/include/px4_msgs/px4_msgs/msg/detail/gpio_request__rosidl_typesupport_introspection_c.h\n'}
[1.388467] (px4_msgs) StdoutLine: {'line': b'-- Up-to-date: /home/mustardking/ws_sensor_combined/install/px4_msgs/include/px4_msgs/px4_msgs/msg/detail/rc_channels__type_support.c\n'}
[1.388489] (px4_msgs) StdoutLine: {'line': b'-- Up-to-date: /home/mustardking/ws_sensor_combined/install/px4_msgs/include/px4_msgs/px4_msgs/msg/detail/qshell_retval__type_support.c\n'}
[1.388527] (px4_msgs) StdoutLine: {'line': b'-- Up-to-date: /home/mustardking/ws_sensor_combined/install/px4_msgs/include/px4_msgs/px4_msgs/msg/detail/vehicle_local_position_setpoint__type_support.c\n'}
[1.388550] (px4_msgs) StdoutLine: {'line': b'-- Up-to-date: /home/mustardking/ws_sensor_combined/install/px4_msgs/include/px4_msgs/px4_msgs/msg/detail/vehicle_rates_setpoint__rosidl_typesupport_introspection_c.h\n'}
[1.388574] (px4_msgs) StdoutLine: {'line': b'-- Up-to-date: /home/mustardking/ws_sensor_combined/install/px4_msgs/include/px4_msgs/px4_msgs/msg/detail/estimator_sensor_bias__rosidl_typesupport_introspection_c.h\n'}
[1.388597] (px4_msgs) StdoutLine: {'line': b'-- Up-to-date: /home/mustardking/ws_sensor_combined/install/px4_msgs/include/px4_msgs/px4_msgs/msg/detail/mount_orientation__rosidl_typesupport_introspection_c.h\n'}
[1.388620] (px4_msgs) StdoutLine: {'line': b'-- Up-to-date: /home/mustardking/ws_sensor_combined/install/px4_msgs/include/px4_msgs/px4_msgs/msg/detail/uavcan_parameter_value__type_support.c\n'}
[1.388643] (px4_msgs) StdoutLine: {'line': b'-- Up-to-date: /home/mustardking/ws_sensor_combined/install/px4_msgs/include/px4_msgs/px4_msgs/msg/detail/debug_key_value__rosidl_typesupport_introspection_c.h\n'}
[1.388675] (px4_msgs) StdoutLine: {'line': b'-- Up-to-date: /home/mustardking/ws_sensor_combined/install/px4_msgs/include/px4_msgs/px4_msgs/msg/detail/longitudinal_control_configuration__rosidl_typesupport_introspection_c.h\n'}
[1.388705] (px4_msgs) StdoutLine: {'line': b'-- Up-to-date: /home/mustardking/ws_sensor_combined/install/px4_msgs/include/px4_msgs/px4_msgs/msg/detail/esc_status__rosidl_typesupport_introspection_c.h\n'}
[1.388728] (px4_msgs) StdoutLine: {'line': b'-- Up-to-date: /home/mustardking/ws_sensor_combined/install/px4_msgs/include/px4_msgs/px4_msgs/msg/detail/estimator_sensor_bias__type_support.c\n'}
[1.388751] (px4_msgs) StdoutLine: {'line': b'-- Up-to-date: /home/mustardking/ws_sensor_combined/install/px4_msgs/include/px4_msgs/px4_msgs/msg/detail/landing_gear__rosidl_typesupport_introspection_c.h\n'}
[1.388773] (px4_msgs) StdoutLine: {'line': b'-- Up-to-date: /home/mustardking/ws_sensor_combined/install/px4_msgs/include/px4_msgs/px4_msgs/msg/detail/rover_speed_setpoint__type_support.c\n'}
[1.388809] (px4_msgs) StdoutLine: {'line': b'-- Up-to-date: /home/mustardking/ws_sensor_combined/install/px4_msgs/include/px4_msgs/px4_msgs/msg/detail/sensor_gnss_status__type_support.c\n'}
[1.388832] (px4_msgs) StdoutLine: {'line': b'-- Up-to-date: /home/mustardking/ws_sensor_combined/install/px4_msgs/include/px4_msgs/px4_msgs/msg/detail/sensor_baro__rosidl_typesupport_introspection_c.h\n'}
[1.388854] (px4_msgs) StdoutLine: {'line': b'-- Up-to-date: /home/mustardking/ws_sensor_combined/install/px4_msgs/include/px4_msgs/px4_msgs/msg/detail/flight_phase_estimation__rosidl_typesupport_introspection_c.h\n'}
[1.388877] (px4_msgs) StdoutLine: {'line': b'-- Up-to-date: /home/mustardking/ws_sensor_combined/install/px4_msgs/include/px4_msgs/px4_msgs/msg/detail/follow_target__rosidl_typesupport_introspection_c.h\n'}
[1.388899] (px4_msgs) StdoutLine: {'line': b'-- Up-to-date: /home/mustardking/ws_sensor_combined/install/px4_msgs/include/px4_msgs/px4_msgs/msg/detail/estimator_aid_source2d__rosidl_typesupport_introspection_c.h\n'}
[1.388921] (px4_msgs) StdoutLine: {'line': b'-- Up-to-date: /home/mustardking/ws_sensor_combined/install/px4_msgs/include/px4_msgs/px4_msgs/msg/detail/sensor_gyro__type_support.c\n'}
[1.388944] (px4_msgs) StdoutLine: {'line': b'-- Up-to-date: /home/mustardking/ws_sensor_combined/install/px4_msgs/include/px4_msgs/px4_msgs/msg/detail/position_controller_status__rosidl_typesupport_introspection_c.h\n'}
[1.388983] (px4_msgs) StdoutLine: {'line': b'-- Up-to-date: /home/mustardking/ws_sensor_combined/install/px4_msgs/include/px4_msgs/px4_msgs/msg/detail/manual_control_switches__type_support.c\n'}
[1.389005] (px4_msgs) StdoutLine: {'line': b'-- Up-to-date: /home/mustardking/ws_sensor_combined/install/px4_msgs/include/px4_msgs/px4_msgs/msg/detail/landing_gear_wheel__rosidl_typesupport_introspection_c.h\n'}
[1.389029] (px4_msgs) StdoutLine: {'line': b'-- Up-to-date: /home/mustardking/ws_sensor_combined/install/px4_msgs/include/px4_msgs/px4_msgs/msg/detail/pps_capture__rosidl_typesupport_introspection_c.h\n'}
[1.389051] (px4_msgs) StdoutLine: {'line': b'-- Up-to-date: /home/mustardking/ws_sensor_combined/install/px4_msgs/include/px4_msgs/px4_msgs/msg/detail/tune_control__type_support.c\n'}
[1.389090] (px4_msgs) StdoutLine: {'line': b'-- Up-to-date: /home/mustardking/ws_sensor_combined/install/px4_msgs/include/px4_msgs/px4_msgs/msg/detail/tecs_status__type_support.c\n'}
[1.389116] (px4_msgs) StdoutLine: {'line': b'-- Up-to-date: /home/mustardking/ws_sensor_combined/install/px4_msgs/include/px4_msgs/px4_msgs/msg/detail/parameter_update__rosidl_typesupport_introspection_c.h\n'}
[1.389139] (px4_msgs) StdoutLine: {'line': b'-- Up-to-date: /home/mustardking/ws_sensor_combined/install/px4_msgs/include/px4_msgs/px4_msgs/msg/detail/gps_inject_data__type_support.c\n'}
[1.389163] (px4_msgs) StdoutLine: {'line': b'-- Up-to-date: /home/mustardking/ws_sensor_combined/install/px4_msgs/include/px4_msgs/px4_msgs/msg/detail/qshell_req__type_support.c\n'}
[1.389185] (px4_msgs) StdoutLine: {'line': b'-- Up-to-date: /home/mustardking/ws_sensor_combined/install/px4_msgs/include/px4_msgs/px4_msgs/msg/detail/esc_status__type_support.c\n'}
[1.389207] (px4_msgs) StdoutLine: {'line': b'-- Up-to-date: /home/mustardking/ws_sensor_combined/install/px4_msgs/include/px4_msgs/px4_msgs/msg/detail/mavlink_tunnel__rosidl_typesupport_introspection_c.h\n'}
[1.389245] (px4_msgs) StdoutLine: {'line': b'-- Up-to-date: /home/mustardking/ws_sensor_combined/install/px4_msgs/include/px4_msgs/px4_msgs/msg/detail/estimator_bias__rosidl_typesupport_introspection_c.h\n'}
[1.389268] (px4_msgs) StdoutLine: {'line': b'-- Up-to-date: /home/mustardking/ws_sensor_combined/install/px4_msgs/include/px4_msgs/px4_msgs/msg/detail/geofence_status__rosidl_typesupport_introspection_c.h\n'}
[1.389291] (px4_msgs) StdoutLine: {'line': b'-- Up-to-date: /home/mustardking/ws_sensor_combined/install/px4_msgs/include/px4_msgs/px4_msgs/msg/detail/rc_parameter_map__rosidl_typesupport_introspection_c.h\n'}
[1.389313] (px4_msgs) StdoutLine: {'line': b'-- Up-to-date: /home/mustardking/ws_sensor_combined/install/px4_msgs/include/px4_msgs/px4_msgs/msg/detail/landing_gear_wheel__type_support.c\n'}
[1.389335] (px4_msgs) StdoutLine: {'line': b'-- Up-to-date: /home/mustardking/ws_sensor_combined/install/px4_msgs/include/px4_msgs/px4_msgs/msg/detail/cellular_status__rosidl_typesupport_introspection_c.h\n'}
[1.389371] (px4_msgs) StdoutLine: {'line': b'-- Up-to-date: /home/mustardking/ws_sensor_combined/install/px4_msgs/include/px4_msgs/px4_msgs/msg/detail/gimbal_device_set_attitude__type_support.c\n'}
[1.389393] (px4_msgs) StdoutLine: {'line': b'-- Up-to-date: /home/mustardking/ws_sensor_combined/install/px4_msgs/include/px4_msgs/px4_msgs/msg/detail/estimator_status__rosidl_typesupport_introspection_c.h\n'}
[1.389416] (px4_msgs) StdoutLine: {'line': b'-- Up-to-date: /home/mustardking/ws_sensor_combined/install/px4_msgs/include/px4_msgs/px4_msgs/msg/detail/dronecan_node_status__rosidl_typesupport_introspection_c.h\n'}
[1.389439] (px4_msgs) StdoutLine: {'line': b'-- Up-to-date: /home/mustardking/ws_sensor_combined/install/px4_msgs/include/px4_msgs/px4_msgs/msg/detail/estimator_bias__type_support.c\n'}
[1.389461] (px4_msgs) StdoutLine: {'line': b'-- Up-to-date: /home/mustardking/ws_sensor_combined/install/px4_msgs/include/px4_msgs/px4_msgs/msg/detail/position_controller_landing_status__rosidl_typesupport_introspection_c.h\n'}
[1.389500] (px4_msgs) StdoutLine: {'line': b'-- Up-to-date: /home/mustardking/ws_sensor_combined/install/px4_msgs/include/px4_msgs/px4_msgs/msg/detail/estimator_innovations__type_support.c\n'}
[1.389523] (px4_msgs) StdoutLine: {'line': b'-- Up-to-date: /home/mustardking/ws_sensor_combined/install/px4_msgs/include/px4_msgs/px4_msgs/msg/detail/estimator_aid_source1d__type_support.c\n'}
[1.389545] (px4_msgs) StdoutLine: {'line': b'-- Up-to-date: /home/mustardking/ws_sensor_combined/install/px4_msgs/include/px4_msgs/px4_msgs/msg/detail/dataman_response__rosidl_typesupport_introspection_c.h\n'}
[1.389567] (px4_msgs) StdoutLine: {'line': b'-- Up-to-date: /home/mustardking/ws_sensor_combined/install/px4_msgs/include/px4_msgs/px4_msgs/msg/detail/actuator_servos_trim__type_support.c\n'}
[1.389619] (px4_msgs) StdoutLine: {'line': b'-- Up-to-date: /home/mustardking/ws_sensor_combined/install/px4_msgs/include/px4_msgs/px4_msgs/msg/detail/uavcan_parameter_request__rosidl_typesupport_introspection_c.h\n'}
[1.389643] (px4_msgs) StdoutLine: {'line': b'-- Up-to-date: /home/mustardking/ws_sensor_combined/install/px4_msgs/include/px4_msgs/px4_msgs/msg/detail/vehicle_roi__type_support.c\n'}
[1.389667] (px4_msgs) StdoutLine: {'line': b'-- Up-to-date: /home/mustardking/ws_sensor_combined/install/px4_msgs/include/px4_msgs/px4_msgs/msg/detail/hover_thrust_estimate__rosidl_typesupport_introspection_c.h\n'}
[1.389690] (px4_msgs) StdoutLine: {'line': b'-- Up-to-date: /home/mustardking/ws_sensor_combined/install/px4_msgs/include/px4_msgs/px4_msgs/msg/detail/vehicle_air_data__type_support.c\n'}
[1.389729] (px4_msgs) StdoutLine: {'line': b'-- Up-to-date: /home/mustardking/ws_sensor_combined/install/px4_msgs/include/px4_msgs/px4_msgs/msg/detail/health_report__rosidl_typesupport_introspection_c.h\n'}
[1.389752] (px4_msgs) StdoutLine: {'line': b'-- Up-to-date: /home/mustardking/ws_sensor_combined/install/px4_msgs/include/px4_msgs/px4_msgs/msg/detail/log_message__rosidl_typesupport_introspection_c.h\n'}
[1.389774] (px4_msgs) StdoutLine: {'line': b'-- Up-to-date: /home/mustardking/ws_sensor_combined/install/px4_msgs/include/px4_msgs/px4_msgs/msg/detail/rover_attitude_setpoint__rosidl_typesupport_introspection_c.h\n'}
[1.389797] (px4_msgs) StdoutLine: {'line': b'-- Up-to-date: /home/mustardking/ws_sensor_combined/install/px4_msgs/include/px4_msgs/px4_msgs/msg/detail/camera_capture__rosidl_typesupport_introspection_c.h\n'}
[1.389832] (px4_msgs) StdoutLine: {'line': b'-- Up-to-date: /home/mustardking/ws_sensor_combined/install/px4_msgs/include/px4_msgs/px4_msgs/msg/detail/orbit_status__rosidl_typesupport_introspection_c.h\n'}
[1.389863] (px4_msgs) StdoutLine: {'line': b'-- Up-to-date: /home/mustardking/ws_sensor_combined/install/px4_msgs/include/px4_msgs/px4_msgs/msg/detail/camera_trigger__rosidl_typesupport_introspection_c.h\n'}
[1.389887] (px4_msgs) StdoutLine: {'line': b'-- Up-to-date: /home/mustardking/ws_sensor_combined/install/px4_msgs/include/px4_msgs/px4_msgs/msg/detail/vehicle_angular_velocity__rosidl_typesupport_introspection_c.h\n'}
[1.389909] (px4_msgs) StdoutLine: {'line': b'-- Up-to-date: /home/mustardking/ws_sensor_combined/install/px4_msgs/include/px4_msgs/px4_msgs/msg/detail/launch_detection_status__type_support.c\n'}
[1.389932] (px4_msgs) StdoutLine: {'line': b'-- Up-to-date: /home/mustardking/ws_sensor_combined/install/px4_msgs/include/px4_msgs/px4_msgs/msg/detail/onboard_computer_status__type_support.c\n'}
[1.389955] (px4_msgs) StdoutLine: {'line': b'-- Up-to-date: /home/mustardking/ws_sensor_combined/install/px4_msgs/include/px4_msgs/px4_msgs/msg/detail/geofence_result__rosidl_typesupport_introspection_c.h\n'}
[1.389978] (px4_msgs) StdoutLine: {'line': b'-- Up-to-date: /home/mustardking/ws_sensor_combined/install/px4_msgs/include/px4_msgs/px4_msgs/msg/detail/position_setpoint_triplet__type_support.c\n'}
[1.390588] (px4_msgs) StdoutLine: {'line': b'-- Up-to-date: /home/mustardking/ws_sensor_combined/install/px4_msgs/include/px4_msgs/px4_msgs/msg/detail/onboard_computer_status__rosidl_typesupport_introspection_c.h\n'}
[1.390616] (px4_msgs) StdoutLine: {'line': b'-- Up-to-date: /home/mustardking/ws_sensor_combined/install/px4_msgs/include/px4_msgs/px4_msgs/msg/detail/vehicle_thrust_setpoint__type_support.c\n'}
[1.390639] (px4_msgs) StdoutLine: {'line': b'-- Up-to-date: /home/mustardking/ws_sensor_combined/install/px4_msgs/include/px4_msgs/px4_msgs/msg/detail/vehicle_status__type_support.c\n'}
[1.390663] (px4_msgs) StdoutLine: {'line': b'-- Up-to-date: /home/mustardking/ws_sensor_combined/install/px4_msgs/include/px4_msgs/px4_msgs/msg/detail/figure_eight_status__rosidl_typesupport_introspection_c.h\n'}
[1.390685] (px4_msgs) StdoutLine: {'line': b'-- Up-to-date: /home/mustardking/ws_sensor_combined/install/px4_msgs/include/px4_msgs/px4_msgs/msg/detail/rover_steering_setpoint__rosidl_typesupport_introspection_c.h\n'}
[1.390710] (px4_msgs) StdoutLine: {'line': b'-- Up-to-date: /home/mustardking/ws_sensor_combined/install/px4_msgs/include/px4_msgs/px4_msgs/msg/detail/vehicle_optical_flow_vel__type_support.c\n'}
[1.390750] (px4_msgs) StdoutLine: {'line': b'-- Up-to-date: /home/mustardking/ws_sensor_combined/install/px4_msgs/include/px4_msgs/px4_msgs/msg/detail/distance_sensor_mode_change_request__type_support.c\n'}
[1.390773] (px4_msgs) StdoutLine: {'line': b'-- Up-to-date: /home/mustardking/ws_sensor_combined/install/px4_msgs/include/px4_msgs/px4_msgs/msg/detail/yaw_estimator_status__type_support.c\n'}
[1.390795] (px4_msgs) StdoutLine: {'line': b'-- Up-to-date: /home/mustardking/ws_sensor_combined/install/px4_msgs/include/px4_msgs/px4_msgs/msg/detail/ekf2_timestamps__type_support.c\n'}
[1.390817] (px4_msgs) StdoutLine: {'line': b'-- Up-to-date: /home/mustardking/ws_sensor_combined/install/px4_msgs/include/px4_msgs/px4_msgs/msg/detail/camera_status__type_support.c\n'}
[1.390840] (px4_msgs) StdoutLine: {'line': b'-- Up-to-date: /home/mustardking/ws_sensor_combined/install/px4_msgs/include/px4_msgs/px4_msgs/msg/detail/estimator_selector_status__rosidl_typesupport_introspection_c.h\n'}
[1.390875] (px4_msgs) StdoutLine: {'line': b'-- Up-to-date: /home/mustardking/ws_sensor_combined/install/px4_msgs/include/px4_msgs/px4_msgs/msg/detail/vehicle_odometry__rosidl_typesupport_introspection_c.h\n'}
[1.390898] (px4_msgs) StdoutLine: {'line': b'-- Up-to-date: /home/mustardking/ws_sensor_combined/install/px4_msgs/include/px4_msgs/px4_msgs/msg/detail/vehicle_optical_flow__rosidl_typesupport_introspection_c.h\n'}
[1.390920] (px4_msgs) StdoutLine: {'line': b'-- Up-to-date: /home/mustardking/ws_sensor_combined/install/px4_msgs/include/px4_msgs/px4_msgs/msg/detail/navigator_mission_item__rosidl_typesupport_introspection_c.h\n'}
[1.390943] (px4_msgs) StdoutLine: {'line': b'-- Up-to-date: /home/mustardking/ws_sensor_combined/install/px4_msgs/include/px4_msgs/px4_msgs/msg/detail/gripper__rosidl_typesupport_introspection_c.h\n'}
[1.390965] (px4_msgs) StdoutLine: {'line': b'-- Up-to-date: /home/mustardking/ws_sensor_combined/install/px4_msgs/include/px4_msgs/px4_msgs/msg/detail/longitudinal_control_configuration__type_support.c\n'}
[1.390987] (px4_msgs) StdoutLine: {'line': b'-- Up-to-date: /home/mustardking/ws_sensor_combined/install/px4_msgs/include/px4_msgs/px4_msgs/msg/detail/power_monitor__rosidl_typesupport_introspection_c.h\n'}
[1.391022] (px4_msgs) StdoutLine: {'line': b'-- Up-to-date: /home/mustardking/ws_sensor_combined/install/px4_msgs/include/px4_msgs/px4_msgs/msg/detail/gpio_out__rosidl_typesupport_introspection_c.h\n'}
[1.391046] (px4_msgs) StdoutLine: {'line': b'-- Up-to-date: /home/mustardking/ws_sensor_combined/install/px4_msgs/include/px4_msgs/px4_msgs/msg/detail/rover_rate_status__type_support.c\n'}
[1.391073] (px4_msgs) StdoutLine: {'line': b'-- Up-to-date: /home/mustardking/ws_sensor_combined/install/px4_msgs/include/px4_msgs/px4_msgs/msg/detail/vehicle_status__rosidl_typesupport_introspection_c.h\n'}
[1.391095] (px4_msgs) StdoutLine: {'line': b'-- Up-to-date: /home/mustardking/ws_sensor_combined/install/px4_msgs/include/px4_msgs/px4_msgs/msg/detail/sensor_uwb__rosidl_typesupport_introspection_c.h\n'}
[1.391118] (px4_msgs) StdoutLine: {'line': b'-- Up-to-date: /home/mustardking/ws_sensor_combined/install/px4_msgs/include/px4_msgs/px4_msgs/msg/detail/lateral_control_configuration__rosidl_typesupport_introspection_c.h\n'}
[1.391154] (px4_msgs) StdoutLine: {'line': b'-- Up-to-date: /home/mustardking/ws_sensor_combined/install/px4_msgs/include/px4_msgs/px4_msgs/msg/detail/parameter_set_used_request__type_support.c\n'}
[1.391176] (px4_msgs) StdoutLine: {'line': b'-- Up-to-date: /home/mustardking/ws_sensor_combined/install/px4_msgs/include/px4_msgs/px4_msgs/msg/detail/open_drone_id_arm_status__rosidl_typesupport_introspection_c.h\n'}
[1.391198] (px4_msgs) StdoutLine: {'line': b'-- Up-to-date: /home/mustardking/ws_sensor_combined/install/px4_msgs/include/px4_msgs/px4_msgs/msg/detail/vehicle_local_position_setpoint__rosidl_typesupport_introspection_c.h\n'}
[1.391222] (px4_msgs) StdoutLine: {'line': b'-- Up-to-date: /home/mustardking/ws_sensor_combined/install/px4_msgs/include/px4_msgs/px4_msgs/msg/detail/rover_speed_setpoint__rosidl_typesupport_introspection_c.h\n'}
[1.391245] (px4_msgs) StdoutLine: {'line': b'-- Up-to-date: /home/mustardking/ws_sensor_combined/install/px4_msgs/include/px4_msgs/px4_msgs/msg/detail/launch_detection_status__rosidl_typesupport_introspection_c.h\n'}
[1.391268] (px4_msgs) StdoutLine: {'line': b'-- Up-to-date: /home/mustardking/ws_sensor_combined/install/px4_msgs/include/px4_msgs/px4_msgs/msg/detail/home_position__rosidl_typesupport_introspection_c.h\n'}
[1.391299] (px4_msgs) StdoutLine: {'line': b'-- Up-to-date: /home/mustardking/ws_sensor_combined/install/px4_msgs/include/px4_msgs/px4_msgs/msg/detail/esc_report__type_support.c\n'}
[1.391329] (px4_msgs) StdoutLine: {'line': b'-- Up-to-date: /home/mustardking/ws_sensor_combined/install/px4_msgs/include/px4_msgs/px4_msgs/msg/detail/differential_pressure__rosidl_typesupport_introspection_c.h\n'}
[1.391352] (px4_msgs) StdoutLine: {'line': b'-- Up-to-date: /home/mustardking/ws_sensor_combined/install/px4_msgs/include/px4_msgs/px4_msgs/msg/detail/fixed_wing_lateral_setpoint__rosidl_typesupport_introspection_c.h\n'}
[1.391374] (px4_msgs) StdoutLine: {'line': b'-- Up-to-date: /home/mustardking/ws_sensor_combined/install/px4_msgs/include/px4_msgs/px4_msgs/msg/detail/tune_control__rosidl_typesupport_introspection_c.h\n'}
[1.391396] (px4_msgs) StdoutLine: {'line': b'-- Up-to-date: /home/mustardking/ws_sensor_combined/install/px4_msgs/include/px4_msgs/px4_msgs/msg/detail/estimator_aid_source3d__rosidl_typesupport_introspection_c.h\n'}
[1.391434] (px4_msgs) StdoutLine: {'line': b'-- Up-to-date: /home/mustardking/ws_sensor_combined/install/px4_msgs/include/px4_msgs/px4_msgs/msg/detail/gimbal_manager_set_manual_control__type_support.c\n'}
[1.391457] (px4_msgs) StdoutLine: {'line': b'-- Up-to-date: /home/mustardking/ws_sensor_combined/install/px4_msgs/include/px4_msgs/px4_msgs/msg/detail/airspeed_wind__rosidl_typesupport_introspection_c.h\n'}
[1.391480] (px4_msgs) StdoutLine: {'line': b'-- Up-to-date: /home/mustardking/ws_sensor_combined/install/px4_msgs/include/px4_msgs/px4_msgs/msg/detail/trajectory_setpoint6dof__type_support.c\n'}
[1.391502] (px4_msgs) StdoutLine: {'line': b'-- Up-to-date: /home/mustardking/ws_sensor_combined/install/px4_msgs/include/px4_msgs/px4_msgs/msg/detail/fixed_wing_runway_control__rosidl_typesupport_introspection_c.h\n'}
[1.391525] (px4_msgs) StdoutLine: {'line': b'-- Up-to-date: /home/mustardking/ws_sensor_combined/install/px4_msgs/include/px4_msgs/px4_msgs/msg/detail/px4io_status__type_support.c\n'}
[1.391546] (px4_msgs) StdoutLine: {'line': b'-- Up-to-date: /home/mustardking/ws_sensor_combined/install/px4_msgs/include/px4_msgs/px4_msgs/msg/detail/collision_constraints__rosidl_typesupport_introspection_c.h\n'}
[1.391569] (px4_msgs) StdoutLine: {'line': b'-- Up-to-date: /home/mustardking/ws_sensor_combined/install/px4_msgs/include/px4_msgs/px4_msgs/msg/detail/gpio_config__rosidl_typesupport_introspection_c.h\n'}
[1.391604] (px4_msgs) StdoutLine: {'line': b'-- Up-to-date: /home/mustardking/ws_sensor_combined/install/px4_msgs/include/px4_msgs/px4_msgs/msg/detail/event__rosidl_typesupport_introspection_c.h\n'}
[1.391626] (px4_msgs) StdoutLine: {'line': b'-- Up-to-date: /home/mustardking/ws_sensor_combined/install/px4_msgs/include/px4_msgs/px4_msgs/msg/detail/vehicle_control_mode__rosidl_typesupport_introspection_c.h\n'}
[1.391648] (px4_msgs) StdoutLine: {'line': b'-- Up-to-date: /home/mustardking/ws_sensor_combined/install/px4_msgs/include/px4_msgs/px4_msgs/msg/detail/gimbal_manager_information__type_support.c\n'}
[1.391673] (px4_msgs) StdoutLine: {'line': b'-- Up-to-date: /home/mustardking/ws_sensor_combined/install/px4_msgs/include/px4_msgs/px4_msgs/msg/detail/power_monitor__type_support.c\n'}
[1.391695] (px4_msgs) StdoutLine: {'line': b'-- Up-to-date: /home/mustardking/ws_sensor_combined/install/px4_msgs/include/px4_msgs/px4_msgs/msg/detail/health_report__type_support.c\n'}
[1.391738] (px4_msgs) StdoutLine: {'line': b'-- Up-to-date: /home/mustardking/ws_sensor_combined/install/px4_msgs/include/px4_msgs/px4_msgs/msg/detail/mag_worker_data__type_support.c\n'}
[1.391761] (px4_msgs) StdoutLine: {'line': b'-- Up-to-date: /home/mustardking/ws_sensor_combined/install/px4_msgs/include/px4_msgs/px4_msgs/msg/detail/cpuload__rosidl_typesupport_introspection_c.h\n'}
[1.391783] (px4_msgs) StdoutLine: {'line': b'-- Up-to-date: /home/mustardking/ws_sensor_combined/install/px4_msgs/include/px4_msgs/px4_msgs/msg/detail/collision_constraints__type_support.c\n'}
[1.391805] (px4_msgs) StdoutLine: {'line': b'-- Up-to-date: /home/mustardking/ws_sensor_combined/install/px4_msgs/include/px4_msgs/px4_msgs/msg/detail/pps_capture__type_support.c\n'}
[1.391827] (px4_msgs) StdoutLine: {'line': b'-- Up-to-date: /home/mustardking/ws_sensor_combined/install/px4_msgs/include/px4_msgs/px4_msgs/msg/detail/sensors_status__type_support.c\n'}
[1.391849] (px4_msgs) StdoutLine: {'line': b'-- Up-to-date: /home/mustardking/ws_sensor_combined/install/px4_msgs/include/px4_msgs/px4_msgs/msg/detail/sensor_selection__type_support.c\n'}
[1.391886] (px4_msgs) StdoutLine: {'line': b'-- Up-to-date: /home/mustardking/ws_sensor_combined/install/px4_msgs/include/px4_msgs/px4_msgs/msg/detail/debug_key_value__type_support.c\n'}
[1.391909] (px4_msgs) StdoutLine: {'line': b'-- Up-to-date: /home/mustardking/ws_sensor_combined/install/px4_msgs/include/px4_msgs/px4_msgs/msg/detail/tecs_status__rosidl_typesupport_introspection_c.h\n'}
[1.391931] (px4_msgs) StdoutLine: {'line': b'-- Up-to-date: /home/mustardking/ws_sensor_combined/install/px4_msgs/include/px4_msgs/px4_msgs/msg/detail/event__type_support.c\n'}
[1.391953] (px4_msgs) StdoutLine: {'line': b'-- Up-to-date: /home/mustardking/ws_sensor_combined/install/px4_msgs/include/px4_msgs/px4_msgs/msg/detail/vehicle_command__type_support.c\n'}
[1.391975] (px4_msgs) StdoutLine: {'line': b'-- Up-to-date: /home/mustardking/ws_sensor_combined/install/px4_msgs/include/px4_msgs/px4_msgs/msg/detail/estimator_status_flags__type_support.c\n'}
[1.392012] (px4_msgs) StdoutLine: {'line': b'-- Up-to-date: /home/mustardking/ws_sensor_combined/install/px4_msgs/include/px4_msgs/px4_msgs/msg/detail/debug_vect__type_support.c\n'}
[1.392034] (px4_msgs) StdoutLine: {'line': b'-- Up-to-date: /home/mustardking/ws_sensor_combined/install/px4_msgs/include/px4_msgs/px4_msgs/msg/detail/rc_parameter_map__type_support.c\n'}
[1.392056] (px4_msgs) StdoutLine: {'line': b'-- Up-to-date: /home/mustardking/ws_sensor_combined/install/px4_msgs/include/px4_msgs/px4_msgs/msg/detail/uavcan_parameter_value__rosidl_typesupport_introspection_c.h\n'}
[1.392081] (px4_msgs) StdoutLine: {'line': b'-- Up-to-date: /home/mustardking/ws_sensor_combined/install/px4_msgs/include/px4_msgs/px4_msgs/msg/detail/rc_channels__rosidl_typesupport_introspection_c.h\n'}
[1.392103] (px4_msgs) StdoutLine: {'line': b'-- Up-to-date: /home/mustardking/ws_sensor_combined/install/px4_msgs/include/px4_msgs/px4_msgs/msg/detail/can_interface_status__rosidl_typesupport_introspection_c.h\n'}
[1.392126] (px4_msgs) StdoutLine: {'line': b'-- Up-to-date: /home/mustardking/ws_sensor_combined/install/px4_msgs/include/px4_msgs/px4_msgs/msg/detail/generator_status__rosidl_typesupport_introspection_c.h\n'}
[1.392161] (px4_msgs) StdoutLine: {'line': b'-- Up-to-date: /home/mustardking/ws_sensor_combined/install/px4_msgs/include/px4_msgs/px4_msgs/msg/detail/heater_status__rosidl_typesupport_introspection_c.h\n'}
[1.392184] (px4_msgs) StdoutLine: {'line': b'-- Up-to-date: /home/mustardking/ws_sensor_combined/install/px4_msgs/include/px4_msgs/px4_msgs/msg/detail/failsafe_flags__rosidl_typesupport_introspection_c.h\n'}
[1.392207] (px4_msgs) StdoutLine: {'line': b'-- Up-to-date: /home/mustardking/ws_sensor_combined/install/px4_msgs/include/px4_msgs/px4_msgs/msg/detail/obstacle_distance__type_support.c\n'}
[1.392229] (px4_msgs) StdoutLine: {'line': b'-- Up-to-date: /home/mustardking/ws_sensor_combined/install/px4_msgs/include/px4_msgs/px4_msgs/msg/detail/geofence_result__type_support.c\n'}
[1.392253] (px4_msgs) StdoutLine: {'line': b'-- Up-to-date: /home/mustardking/ws_sensor_combined/install/px4_msgs/include/px4_msgs/px4_msgs/msg/detail/sensor_airflow__rosidl_typesupport_introspection_c.h\n'}
[1.392292] (px4_msgs) StdoutLine: {'line': b'-- Up-to-date: /home/mustardking/ws_sensor_combined/install/px4_msgs/include/px4_msgs/px4_msgs/msg/detail/vehicle_thrust_setpoint__rosidl_typesupport_introspection_c.h\n'}
[1.392315] (px4_msgs) StdoutLine: {'line': b'-- Up-to-date: /home/mustardking/ws_sensor_combined/install/px4_msgs/include/px4_msgs/px4_msgs/msg/detail/goto_setpoint__rosidl_typesupport_introspection_c.h\n'}
[1.392338] (px4_msgs) StdoutLine: {'line': b'-- Up-to-date: /home/mustardking/ws_sensor_combined/install/px4_msgs/include/px4_msgs/px4_msgs/msg/detail/vehicle_control_mode__type_support.c\n'}
[1.392361] (px4_msgs) StdoutLine: {'line': b'-- Up-to-date: /home/mustardking/ws_sensor_combined/install/px4_msgs/include/px4_msgs/px4_msgs/msg/detail/open_drone_id_arm_status__type_support.c\n'}
[1.392383] (px4_msgs) StdoutLine: {'line': b'-- Up-to-date: /home/mustardking/ws_sensor_combined/install/px4_msgs/include/px4_msgs/px4_msgs/msg/detail/ulog_stream_ack__rosidl_typesupport_introspection_c.h\n'}
[1.392405] (px4_msgs) StdoutLine: {'line': b'-- Up-to-date: /home/mustardking/ws_sensor_combined/install/px4_msgs/include/px4_msgs/px4_msgs/msg/detail/flight_phase_estimation__type_support.c\n'}
[1.392439] (px4_msgs) StdoutLine: {'line': b'-- Up-to-date: /home/mustardking/ws_sensor_combined/install/px4_msgs/include/px4_msgs/px4_msgs/msg/detail/orbit_status__type_support.c\n'}
[1.392468] (px4_msgs) StdoutLine: {'line': b'-- Up-to-date: /home/mustardking/ws_sensor_combined/install/px4_msgs/include/px4_msgs/px4_msgs/msg/detail/sensor_optical_flow__type_support.c\n'}
[1.392492] (px4_msgs) StdoutLine: {'line': b'-- Up-to-date: /home/mustardking/ws_sensor_combined/install/px4_msgs/include/px4_msgs/px4_msgs/msg/detail/sensor_mag__type_support.c\n'}
[1.392514] (px4_msgs) StdoutLine: {'line': b'-- Up-to-date: /home/mustardking/ws_sensor_combined/install/px4_msgs/include/px4_msgs/px4_msgs/msg/detail/estimator_aid_source3d__type_support.c\n'}
[1.392536] (px4_msgs) StdoutLine: {'line': b'-- Up-to-date: /home/mustardking/ws_sensor_combined/install/px4_msgs/include/px4_msgs/px4_msgs/msg/detail/pwm_input__rosidl_typesupport_introspection_c.h\n'}
[1.392570] (px4_msgs) StdoutLine: {'line': b'-- Up-to-date: /home/mustardking/ws_sensor_combined/install/px4_msgs/include/px4_msgs/px4_msgs/msg/detail/arming_check_request__type_support.c\n'}
[1.392593] (px4_msgs) StdoutLine: {'line': b'-- Up-to-date: /home/mustardking/ws_sensor_combined/install/px4_msgs/include/px4_msgs/px4_msgs/msg/detail/sensor_preflight_mag__type_support.c\n'}
[1.392615] (px4_msgs) StdoutLine: {'line': b'-- Up-to-date: /home/mustardking/ws_sensor_combined/install/px4_msgs/include/px4_msgs/px4_msgs/msg/detail/velocity_limits__type_support.c\n'}
[1.392637] (px4_msgs) StdoutLine: {'line': b'-- Up-to-date: /home/mustardking/ws_sensor_combined/install/px4_msgs/include/px4_msgs/px4_msgs/msg/detail/estimator_states__rosidl_typesupport_introspection_c.h\n'}
[1.392660] (px4_msgs) StdoutLine: {'line': b'-- Up-to-date: /home/mustardking/ws_sensor_combined/install/px4_msgs/include/px4_msgs/px4_msgs/msg/detail/rover_rate_setpoint__rosidl_typesupport_introspection_c.h\n'}
[1.392696] (px4_msgs) StdoutLine: {'line': b'-- Up-to-date: /home/mustardking/ws_sensor_combined/install/px4_msgs/include/px4_msgs/px4_msgs/msg/detail/navigator_status__rosidl_typesupport_introspection_c.h\n'}
[1.392718] (px4_msgs) StdoutLine: {'line': b'-- Up-to-date: /home/mustardking/ws_sensor_combined/install/px4_msgs/include/px4_msgs/px4_msgs/msg/detail/sensor_gnss_relative__rosidl_typesupport_introspection_c.h\n'}
[1.392740] (px4_msgs) StdoutLine: {'line': b'-- Up-to-date: /home/mustardking/ws_sensor_combined/install/px4_msgs/include/px4_msgs/px4_msgs/msg/detail/px4io_status__rosidl_typesupport_introspection_c.h\n'}
[1.392762] (px4_msgs) StdoutLine: {'line': b'-- Up-to-date: /home/mustardking/ws_sensor_combined/install/px4_msgs/include/px4_msgs/px4_msgs/msg/detail/sensor_mag__rosidl_typesupport_introspection_c.h\n'}
[1.392798] (px4_msgs) StdoutLine: {'line': b'-- Up-to-date: /home/mustardking/ws_sensor_combined/install/px4_msgs/include/px4_msgs/px4_msgs/msg/detail/sensor_gps__rosidl_typesupport_introspection_c.h\n'}
[1.392821] (px4_msgs) StdoutLine: {'line': b'-- Up-to-date: /home/mustardking/ws_sensor_combined/install/px4_msgs/include/px4_msgs/px4_msgs/msg/detail/message_format_request__type_support.c\n'}
[1.392843] (px4_msgs) StdoutLine: {'line': b'-- Up-to-date: /home/mustardking/ws_sensor_combined/install/px4_msgs/include/px4_msgs/px4_msgs/msg/detail/offboard_control_mode__type_support.c\n'}
[1.392865] (px4_msgs) StdoutLine: {'line': b'-- Up-to-date: /home/mustardking/ws_sensor_combined/install/px4_msgs/include/px4_msgs/px4_msgs/msg/detail/vehicle_command_ack__rosidl_typesupport_introspection_c.h\n'}
[1.392914] (px4_msgs) StdoutLine: {'line': b'-- Up-to-date: /home/mustardking/ws_sensor_combined/install/px4_msgs/include/px4_msgs/px4_msgs/msg/detail/orb_test_medium__rosidl_typesupport_introspection_c.h\n'}
[1.392945] (px4_msgs) StdoutLine: {'line': b'-- Up-to-date: /home/mustardking/ws_sensor_combined/install/px4_msgs/include/px4_msgs/px4_msgs/msg/detail/vehicle_angular_acceleration_setpoint__rosidl_typesupport_introspection_c.h\n'}
[1.392968] (px4_msgs) StdoutLine: {'line': b'-- Up-to-date: /home/mustardking/ws_sensor_combined/install/px4_msgs/include/px4_msgs/px4_msgs/msg/detail/orb_test__type_support.c\n'}
[1.392991] (px4_msgs) StdoutLine: {'line': b'-- Up-to-date: /home/mustardking/ws_sensor_combined/install/px4_msgs/include/px4_msgs/px4_msgs/msg/detail/manual_control_setpoint__type_support.c\n'}
[1.393015] (px4_msgs) StdoutLine: {'line': b'-- Up-to-date: /home/mustardking/ws_sensor_combined/install/px4_msgs/include/px4_msgs/px4_msgs/msg/detail/rover_attitude_status__type_support.c\n'}
[1.393050] (px4_msgs) StdoutLine: {'line': b'-- Up-to-date: /home/mustardking/ws_sensor_combined/install/px4_msgs/include/px4_msgs/px4_msgs/msg/detail/sensor_gnss_relative__type_support.c\n'}
[1.393073] (px4_msgs) StdoutLine: {'line': b'-- Up-to-date: /home/mustardking/ws_sensor_combined/install/px4_msgs/include/px4_msgs/px4_msgs/msg/detail/takeoff_status__rosidl_typesupport_introspection_c.h\n'}
[1.393095] (px4_msgs) StdoutLine: {'line': b'-- Up-to-date: /home/mustardking/ws_sensor_combined/install/px4_msgs/include/px4_msgs/px4_msgs/msg/detail/vehicle_local_position__type_support.c\n'}
[1.393118] (px4_msgs) StdoutLine: {'line': b'-- Up-to-date: /home/mustardking/ws_sensor_combined/install/px4_msgs/include/px4_msgs/px4_msgs/msg/detail/vehicle_imu_status__type_support.c\n'}
[1.393156] (px4_msgs) StdoutLine: {'line': b'-- Up-to-date: /home/mustardking/ws_sensor_combined/install/px4_msgs/include/px4_msgs/px4_msgs/msg/detail/open_drone_id_self_id__rosidl_typesupport_introspection_c.h\n'}
[1.393187] (px4_msgs) StdoutLine: {'line': b'-- Up-to-date: /home/mustardking/ws_sensor_combined/install/px4_msgs/include/px4_msgs/px4_msgs/msg/detail/rover_rate_status__rosidl_typesupport_introspection_c.h\n'}
[1.393209] (px4_msgs) StdoutLine: {'line': b'-- Up-to-date: /home/mustardking/ws_sensor_combined/install/px4_msgs/include/px4_msgs/px4_msgs/msg/detail/debug_array__type_support.c\n'}
[1.393242] (px4_msgs) StdoutLine: {'line': b'-- Up-to-date: /home/mustardking/ws_sensor_combined/install/px4_msgs/include/px4_msgs/px4_msgs/msg/detail/estimator_states__type_support.c\n'}
[1.393272] (px4_msgs) StdoutLine: {'line': b'-- Up-to-date: /home/mustardking/ws_sensor_combined/install/px4_msgs/include/px4_msgs/px4_msgs/msg/detail/actuator_test__rosidl_typesupport_introspection_c.h\n'}
[1.393295] (px4_msgs) StdoutLine: {'line': b'-- Up-to-date: /home/mustardking/ws_sensor_combined/install/px4_msgs/include/px4_msgs/px4_msgs/msg/detail/sensor_accel_fifo__type_support.c\n'}
[1.393317] (px4_msgs) StdoutLine: {'line': b'-- Up-to-date: /home/mustardking/ws_sensor_combined/install/px4_msgs/include/px4_msgs/px4_msgs/msg/detail/task_stack_info__rosidl_typesupport_introspection_c.h\n'}
[1.393342] (px4_msgs) StdoutLine: {'line': b'-- Up-to-date: /home/mustardking/ws_sensor_combined/install/px4_msgs/include/px4_msgs/px4_msgs/msg/detail/system_power__type_support.c\n'}
[1.393376] (px4_msgs) StdoutLine: {'line': b'-- Up-to-date: /home/mustardking/ws_sensor_combined/install/px4_msgs/include/px4_msgs/px4_msgs/msg/detail/vehicle_attitude__rosidl_typesupport_introspection_c.h\n'}
[1.393399] (px4_msgs) StdoutLine: {'line': b'-- Up-to-date: /home/mustardking/ws_sensor_combined/install/px4_msgs/include/px4_msgs/px4_msgs/msg/detail/transponder_report__rosidl_typesupport_introspection_c.h\n'}
[1.393421] (px4_msgs) StdoutLine: {'line': b'-- Up-to-date: /home/mustardking/ws_sensor_combined/install/px4_msgs/include/px4_msgs/px4_msgs/msg/detail/internal_combustion_engine_control__type_support.c\n'}
[1.393443] (px4_msgs) StdoutLine: {'line': b'-- Up-to-date: /home/mustardking/ws_sensor_combined/install/px4_msgs/include/px4_msgs/px4_msgs/msg/detail/actuator_motors__rosidl_typesupport_introspection_c.h\n'}
[1.393465] (px4_msgs) StdoutLine: {'line': b'-- Up-to-date: /home/mustardking/ws_sensor_combined/install/px4_msgs/include/px4_msgs/px4_msgs/msg/detail/sensor_gyro__rosidl_typesupport_introspection_c.h\n'}
[1.393487] (px4_msgs) StdoutLine: {'line': b'-- Up-to-date: /home/mustardking/ws_sensor_combined/install/px4_msgs/include/px4_msgs/px4_msgs/msg/detail/mode_completed__type_support.c\n'}
[1.393510] (px4_msgs) StdoutLine: {'line': b'-- Up-to-date: /home/mustardking/ws_sensor_combined/install/px4_msgs/include/px4_msgs/px4_msgs/msg/detail/vehicle_optical_flow_vel__rosidl_typesupport_introspection_c.h\n'}
[1.393568] (px4_msgs) StdoutLine: {'line': b'-- Up-to-date: /home/mustardking/ws_sensor_combined/install/px4_msgs/include/px4_msgs/px4_msgs/msg/detail/parameter_set_value_request__rosidl_typesupport_introspection_c.h\n'}
[1.393591] (px4_msgs) StdoutLine: {'line': b'-- Up-to-date: /home/mustardking/ws_sensor_combined/install/px4_msgs/include/px4_msgs/px4_msgs/msg/detail/parameter_set_value_response__rosidl_typesupport_introspection_c.h\n'}
[1.393613] (px4_msgs) StdoutLine: {'line': b'-- Up-to-date: /home/mustardking/ws_sensor_combined/install/px4_msgs/include/px4_msgs/px4_msgs/msg/detail/position_controller_landing_status__type_support.c\n'}
[1.393636] (px4_msgs) StdoutLine: {'line': b'-- Up-to-date: /home/mustardking/ws_sensor_combined/install/px4_msgs/include/px4_msgs/px4_msgs/msg/detail/hover_thrust_estimate__type_support.c\n'}
[1.393658] (px4_msgs) StdoutLine: {'line': b'-- Up-to-date: /home/mustardking/ws_sensor_combined/install/px4_msgs/include/px4_msgs/px4_msgs/msg/detail/vehicle_magnetometer__rosidl_typesupport_introspection_c.h\n'}
[1.393699] (px4_msgs) StdoutLine: {'line': b'-- Up-to-date: /home/mustardking/ws_sensor_combined/install/px4_msgs/include/px4_msgs/px4_msgs/msg/detail/estimator_status_flags__rosidl_typesupport_introspection_c.h\n'}
[1.393721] (px4_msgs) StdoutLine: {'line': b'-- Up-to-date: /home/mustardking/ws_sensor_combined/install/px4_msgs/include/px4_msgs/px4_msgs/msg/detail/actuator_motors__type_support.c\n'}
[1.393743] (px4_msgs) StdoutLine: {'line': b'-- Up-to-date: /home/mustardking/ws_sensor_combined/install/px4_msgs/include/px4_msgs/px4_msgs/msg/detail/gimbal_device_attitude_status__type_support.c\n'}
[1.393780] (px4_msgs) StdoutLine: {'line': b'-- Up-to-date: /home/mustardking/ws_sensor_combined/install/px4_msgs/include/px4_msgs/px4_msgs/msg/detail/arming_check_request__rosidl_typesupport_introspection_c.h\n'}
[1.393803] (px4_msgs) StdoutLine: {'line': b'-- Up-to-date: /home/mustardking/ws_sensor_combined/install/px4_msgs/include/px4_msgs/px4_msgs/msg/detail/actuator_servos__rosidl_typesupport_introspection_c.h\n'}
[1.393825] (px4_msgs) StdoutLine: {'line': b'-- Up-to-date: /home/mustardking/ws_sensor_combined/install/px4_msgs/include/px4_msgs/px4_msgs/msg/detail/vehicle_attitude__type_support.c\n'}
[1.394493] (px4_msgs) StdoutLine: {'line': b'-- Up-to-date: /home/mustardking/ws_sensor_combined/install/px4_msgs/include/px4_msgs/px4_msgs/msg/detail/mission_result__rosidl_typesupport_introspection_c.h\n'}
[1.394521] (px4_msgs) StdoutLine: {'line': b'-- Up-to-date: /home/mustardking/ws_sensor_combined/install/px4_msgs/include/px4_msgs/px4_msgs/msg/detail/follow_target_estimator__type_support.c\n'}
[1.394544] (px4_msgs) StdoutLine: {'line': b'-- Up-to-date: /home/mustardking/ws_sensor_combined/install/px4_msgs/include/px4_msgs/px4_msgs/msg/detail/distance_sensor__type_support.c\n'}
[1.394579] (px4_msgs) StdoutLine: {'line': b'-- Up-to-date: /home/mustardking/ws_sensor_combined/install/px4_msgs/include/px4_msgs/px4_msgs/msg/detail/control_allocator_status__type_support.c\n'}
[1.394602] (px4_msgs) StdoutLine: {'line': b'-- Up-to-date: /home/mustardking/ws_sensor_combined/install/px4_msgs/include/px4_msgs/px4_msgs/msg/detail/wheel_encoders__type_support.c\n'}
[1.394625] (px4_msgs) StdoutLine: {'line': b'-- Up-to-date: /home/mustardking/ws_sensor_combined/install/px4_msgs/include/px4_msgs/px4_msgs/msg/detail/differential_pressure__type_support.c\n'}
[1.394647] (px4_msgs) StdoutLine: {'line': b'-- Up-to-date: /home/mustardking/ws_sensor_combined/install/px4_msgs/include/px4_msgs/px4_msgs/msg/detail/wind__rosidl_typesupport_introspection_c.h\n'}
[1.394669] (px4_msgs) StdoutLine: {'line': b'-- Up-to-date: /home/mustardking/ws_sensor_combined/install/px4_msgs/include/px4_msgs/px4_msgs/msg/detail/rpm__type_support.c\n'}
[1.394705] (px4_msgs) StdoutLine: {'line': b'-- Up-to-date: /home/mustardking/ws_sensor_combined/install/px4_msgs/include/px4_msgs/px4_msgs/msg/detail/pure_pursuit_status__type_support.c\n'}
[1.394728] (px4_msgs) StdoutLine: {'line': b'-- Up-to-date: /home/mustardking/ws_sensor_combined/install/px4_msgs/include/px4_msgs/px4_msgs/msg/detail/home_position__type_support.c\n'}
[1.394750] (px4_msgs) StdoutLine: {'line': b'-- Up-to-date: /home/mustardking/ws_sensor_combined/install/px4_msgs/include/px4_msgs/px4_msgs/msg/detail/radio_status__type_support.c\n'}
[1.394772] (px4_msgs) StdoutLine: {'line': b'-- Up-to-date: /home/mustardking/ws_sensor_combined/install/px4_msgs/include/px4_msgs/px4_msgs/msg/detail/sensor_accel_fifo__rosidl_typesupport_introspection_c.h\n'}
[1.394794] (px4_msgs) StdoutLine: {'line': b'-- Up-to-date: /home/mustardking/ws_sensor_combined/install/px4_msgs/include/px4_msgs/px4_msgs/msg/detail/vtol_vehicle_status__type_support.c\n'}
[1.394828] (px4_msgs) StdoutLine: {'line': b'-- Up-to-date: /home/mustardking/ws_sensor_combined/install/px4_msgs/include/px4_msgs/px4_msgs/msg/detail/follow_target_estimator__rosidl_typesupport_introspection_c.h\n'}
[1.394862] (px4_msgs) StdoutLine: {'line': b'-- Up-to-date: /home/mustardking/ws_sensor_combined/install/px4_msgs/include/px4_msgs/px4_msgs/msg/detail/gpio_request__type_support.c\n'}
[1.394892] (px4_msgs) StdoutLine: {'line': b'-- Up-to-date: /home/mustardking/ws_sensor_combined/install/px4_msgs/include/px4_msgs/px4_msgs/msg/detail/sensor_hygrometer__rosidl_typesupport_introspection_c.h\n'}
[1.394915] (px4_msgs) StdoutLine: {'line': b'-- Up-to-date: /home/mustardking/ws_sensor_combined/install/px4_msgs/include/px4_msgs/px4_msgs/msg/detail/rover_steering_setpoint__type_support.c\n'}
[1.394941] (px4_msgs) StdoutLine: {'line': b'-- Up-to-date: /home/mustardking/ws_sensor_combined/install/px4_msgs/include/px4_msgs/px4_msgs/msg/detail/qshell_retval__rosidl_typesupport_introspection_c.h\n'}
[1.394970] (px4_msgs) StdoutLine: {'line': b'-- Up-to-date: /home/mustardking/ws_sensor_combined/install/px4_msgs/include/px4_msgs/px4_msgs/msg/detail/fixed_wing_lateral_guidance_status__rosidl_typesupport_introspection_c.h\n'}
[1.395012] (px4_msgs) StdoutLine: {'line': b'-- Up-to-date: /home/mustardking/ws_sensor_combined/install/px4_msgs/include/px4_msgs/px4_msgs/msg/detail/gpio_out__type_support.c\n'}
[1.395036] (px4_msgs) StdoutLine: {'line': b'-- Up-to-date: /home/mustardking/ws_sensor_combined/install/px4_msgs/include/px4_msgs/px4_msgs/msg/detail/generator_status__type_support.c\n'}
[1.395059] (px4_msgs) StdoutLine: {'line': b'-- Up-to-date: /home/mustardking/ws_sensor_combined/install/px4_msgs/include/px4_msgs/px4_msgs/msg/detail/battery_status__rosidl_typesupport_introspection_c.h\n'}
[1.395099] (px4_msgs) StdoutLine: {'line': b'-- Up-to-date: /home/mustardking/ws_sensor_combined/install/px4_msgs/include/px4_msgs/px4_msgs/msg/detail/rtl_status__type_support.c\n'}
[1.395127] (px4_msgs) StdoutLine: {'line': b'-- Up-to-date: /home/mustardking/ws_sensor_combined/install/px4_msgs/include/px4_msgs/px4_msgs/msg/detail/tiltrotor_extra_controls__rosidl_typesupport_introspection_c.h\n'}
[1.395154] (px4_msgs) StdoutLine: {'line': b'-- Up-to-date: /home/mustardking/ws_sensor_combined/install/px4_msgs/include/px4_msgs/px4_msgs/msg/detail/wheel_encoders__rosidl_typesupport_introspection_c.h\n'}
[1.395186] (px4_msgs) StdoutLine: {'line': b'-- Up-to-date: /home/mustardking/ws_sensor_combined/install/px4_msgs/include/px4_msgs/px4_msgs/msg/detail/register_ext_component_request__rosidl_typesupport_introspection_c.h\n'}
[1.395217] (px4_msgs) StdoutLine: {'line': b'-- Up-to-date: /home/mustardking/ws_sensor_combined/install/px4_msgs/include/px4_msgs/px4_msgs/msg/detail/airspeed__type_support.c\n'}
[1.395239] (px4_msgs) StdoutLine: {'line': b'-- Up-to-date: /home/mustardking/ws_sensor_combined/install/px4_msgs/include/px4_msgs/px4_msgs/msg/detail/gimbal_controls__rosidl_typesupport_introspection_c.h\n'}
[1.395265] (px4_msgs) StdoutLine: {'line': b'-- Up-to-date: /home/mustardking/ws_sensor_combined/install/px4_msgs/include/px4_msgs/px4_msgs/msg/detail/vehicle_rates_setpoint__type_support.c\n'}
[1.395287] (px4_msgs) StdoutLine: {'line': b'-- Up-to-date: /home/mustardking/ws_sensor_combined/install/px4_msgs/include/px4_msgs/px4_msgs/msg/detail/orb_test_medium__type_support.c\n'}
[1.395318] (px4_msgs) StdoutLine: {'line': b'-- Up-to-date: /home/mustardking/ws_sensor_combined/install/px4_msgs/include/px4_msgs/px4_msgs/msg/detail/sensor_gyro_fifo__type_support.c\n'}
[1.395360] (px4_msgs) StdoutLine: {'line': b'-- Up-to-date: /home/mustardking/ws_sensor_combined/install/px4_msgs/include/px4_msgs/px4_msgs/msg/detail/sensors_status_imu__type_support.c\n'}
[1.395383] (px4_msgs) StdoutLine: {'line': b'-- Up-to-date: /home/mustardking/ws_sensor_combined/install/px4_msgs/include/px4_msgs/px4_msgs/msg/detail/telemetry_status__rosidl_typesupport_introspection_c.h\n'}
[1.395405] (px4_msgs) StdoutLine: {'line': b'-- Up-to-date: /home/mustardking/ws_sensor_combined/install/px4_msgs/include/px4_msgs/px4_msgs/msg/detail/rover_rate_setpoint__type_support.c\n'}
[1.395427] (px4_msgs) StdoutLine: {'line': b'-- Up-to-date: /home/mustardking/ws_sensor_combined/install/px4_msgs/include/px4_msgs/px4_msgs/msg/detail/obstacle_distance__rosidl_typesupport_introspection_c.h\n'}
[1.395450] (px4_msgs) StdoutLine: {'line': b'-- Up-to-date: /home/mustardking/ws_sensor_combined/install/px4_msgs/include/px4_msgs/px4_msgs/msg/detail/vehicle_torque_setpoint__type_support.c\n'}
[1.395492] (px4_msgs) StdoutLine: {'line': b'-- Up-to-date: /home/mustardking/ws_sensor_combined/install/px4_msgs/include/px4_msgs/px4_msgs/msg/detail/adc_report__type_support.c\n'}
[1.395528] (px4_msgs) StdoutLine: {'line': b'-- Up-to-date: /home/mustardking/ws_sensor_combined/install/px4_msgs/include/px4_msgs/px4_msgs/msg/detail/gpio_in__type_support.c\n'}
[1.395550] (px4_msgs) StdoutLine: {'line': b'-- Up-to-date: /home/mustardking/ws_sensor_combined/install/px4_msgs/include/px4_msgs/px4_msgs/msg/detail/gps_dump__type_support.c\n'}
[1.395572] (px4_msgs) StdoutLine: {'line': b'-- Up-to-date: /home/mustardking/ws_sensor_combined/install/px4_msgs/include/px4_msgs/px4_msgs/msg/detail/distance_sensor_mode_change_request__rosidl_typesupport_introspection_c.h\n'}
[1.395594] (px4_msgs) StdoutLine: {'line': b'-- Up-to-date: /home/mustardking/ws_sensor_combined/install/px4_msgs/include/px4_msgs/px4_msgs/msg/detail/vehicle_acceleration__type_support.c\n'}
[1.395617] (px4_msgs) StdoutLine: {'line': b'-- Up-to-date: /home/mustardking/ws_sensor_combined/install/px4_msgs/include/px4_msgs/px4_msgs/msg/detail/actuator_servos__type_support.c\n'}
[1.395651] (px4_msgs) StdoutLine: {'line': b'-- Up-to-date: /home/mustardking/ws_sensor_combined/install/px4_msgs/include/px4_msgs/px4_msgs/msg/detail/neural_control__rosidl_typesupport_introspection_c.h\n'}
[1.395675] (px4_msgs) StdoutLine: {'line': b'-- Up-to-date: /home/mustardking/ws_sensor_combined/install/px4_msgs/include/px4_msgs/px4_msgs/msg/detail/failure_detector_status__rosidl_typesupport_introspection_c.h\n'}
[1.395698] (px4_msgs) StdoutLine: {'line': b'-- Up-to-date: /home/mustardking/ws_sensor_combined/install/px4_msgs/include/px4_msgs/px4_msgs/msg/detail/arming_check_reply__rosidl_typesupport_introspection_c.h\n'}
[1.395720] (px4_msgs) StdoutLine: {'line': b'-- Up-to-date: /home/mustardking/ws_sensor_combined/install/px4_msgs/include/px4_msgs/px4_msgs/msg/detail/debug_value__type_support.c\n'}
[1.395753] (px4_msgs) StdoutLine: {'line': b'-- Up-to-date: /home/mustardking/ws_sensor_combined/install/px4_msgs/include/px4_msgs/px4_msgs/msg/detail/landing_gear__type_support.c\n'}
[1.395780] (px4_msgs) StdoutLine: {'line': b'-- Up-to-date: /home/mustardking/ws_sensor_combined/install/px4_msgs/include/px4_msgs/px4_msgs/msg/detail/sensor_gyro_fft__rosidl_typesupport_introspection_c.h\n'}
[1.395817] (px4_msgs) StdoutLine: {'line': b'-- Up-to-date: /home/mustardking/ws_sensor_combined/install/px4_msgs/include/px4_msgs/px4_msgs/msg/detail/sensor_correction__type_support.c\n'}
[1.395839] (px4_msgs) StdoutLine: {'line': b'-- Up-to-date: /home/mustardking/ws_sensor_combined/install/px4_msgs/include/px4_msgs/px4_msgs/msg/detail/estimator_selector_status__type_support.c\n'}
[1.395862] (px4_msgs) StdoutLine: {'line': b'-- Up-to-date: /home/mustardking/ws_sensor_combined/install/px4_msgs/include/px4_msgs/px4_msgs/msg/detail/vehicle_local_position__rosidl_typesupport_introspection_c.h\n'}
[1.395884] (px4_msgs) StdoutLine: {'line': b'-- Up-to-date: /home/mustardking/ws_sensor_combined/install/px4_msgs/include/px4_msgs/px4_msgs/msg/detail/estimator_gps_status__type_support.c\n'}
[1.395906] (px4_msgs) StdoutLine: {'line': b'-- Up-to-date: /home/mustardking/ws_sensor_combined/install/px4_msgs/include/px4_msgs/px4_msgs/msg/detail/debug_array__rosidl_typesupport_introspection_c.h\n'}
[1.395945] (px4_msgs) StdoutLine: {'line': b'-- Up-to-date: /home/mustardking/ws_sensor_combined/install/px4_msgs/include/px4_msgs/px4_msgs/msg/detail/takeoff_status__type_support.c\n'}
[1.395968] (px4_msgs) StdoutLine: {'line': b'-- Up-to-date: /home/mustardking/ws_sensor_combined/install/px4_msgs/include/px4_msgs/px4_msgs/msg/detail/failure_detector_status__type_support.c\n'}
[1.395990] (px4_msgs) StdoutLine: {'line': b'-- Up-to-date: /home/mustardking/ws_sensor_combined/install/px4_msgs/include/px4_msgs/px4_msgs/msg/detail/estimator_status__type_support.c\n'}
[1.396017] (px4_msgs) StdoutLine: {'line': b'-- Up-to-date: /home/mustardking/ws_sensor_combined/install/px4_msgs/include/px4_msgs/px4_msgs/msg/detail/fixed_wing_lateral_guidance_status__type_support.c\n'}
[1.396039] (px4_msgs) StdoutLine: {'line': b'-- Up-to-date: /home/mustardking/ws_sensor_combined/install/px4_msgs/include/px4_msgs/px4_msgs/msg/detail/vehicle_attitude_setpoint__rosidl_typesupport_introspection_c.h\n'}
[1.396078] (px4_msgs) StdoutLine: {'line': b'-- Up-to-date: /home/mustardking/ws_sensor_combined/install/px4_msgs/include/px4_msgs/px4_msgs/msg/detail/dataman_request__rosidl_typesupport_introspection_c.h\n'}
[1.396101] (px4_msgs) StdoutLine: {'line': b'-- Up-to-date: /home/mustardking/ws_sensor_combined/install/px4_msgs/include/px4_msgs/px4_msgs/msg/detail/ekf2_timestamps__rosidl_typesupport_introspection_c.h\n'}
[1.396123] (px4_msgs) StdoutLine: {'line': b'-- Up-to-date: /home/mustardking/ws_sensor_combined/install/px4_msgs/include/px4_msgs/px4_msgs/msg/detail/landing_target_pose__rosidl_typesupport_introspection_c.h\n'}
[1.396146] (px4_msgs) StdoutLine: {'line': b'-- Up-to-date: /home/mustardking/ws_sensor_combined/install/px4_msgs/include/px4_msgs/px4_msgs/msg/detail/rtl_time_estimate__rosidl_typesupport_introspection_c.h\n'}
[1.396168] (px4_msgs) StdoutLine: {'line': b'-- Up-to-date: /home/mustardking/ws_sensor_combined/install/px4_msgs/include/px4_msgs/px4_msgs/msg/detail/config_overrides__rosidl_typesupport_introspection_c.h\n'}
[1.396208] (px4_msgs) StdoutLine: {'line': b'-- Up-to-date: /home/mustardking/ws_sensor_combined/install/px4_msgs/include/px4_msgs/px4_msgs/msg/detail/led_control__type_support.c\n'}
[1.396230] (px4_msgs) StdoutLine: {'line': b'-- Up-to-date: /home/mustardking/ws_sensor_combined/install/px4_msgs/include/px4_msgs/px4_msgs/msg/detail/cellular_status__type_support.c\n'}
[1.396252] (px4_msgs) StdoutLine: {'line': b'-- Up-to-date: /home/mustardking/ws_sensor_combined/install/px4_msgs/include/px4_msgs/px4_msgs/msg/detail/sensors_status_imu__rosidl_typesupport_introspection_c.h\n'}
[1.396275] (px4_msgs) StdoutLine: {'line': b'-- Up-to-date: /home/mustardking/ws_sensor_combined/install/px4_msgs/include/px4_msgs/px4_msgs/msg/detail/tiltrotor_extra_controls__type_support.c\n'}
[1.396313] (px4_msgs) StdoutLine: {'line': b'-- Up-to-date: /home/mustardking/ws_sensor_combined/install/px4_msgs/include/px4_msgs/px4_msgs/msg/detail/pwm_input__type_support.c\n'}
[1.396343] (px4_msgs) StdoutLine: {'line': b'-- Up-to-date: /home/mustardking/ws_sensor_combined/install/px4_msgs/include/px4_msgs/px4_msgs/msg/detail/ping__type_support.c\n'}
[1.396367] (px4_msgs) StdoutLine: {'line': b'-- Up-to-date: /home/mustardking/ws_sensor_combined/install/px4_msgs/include/px4_msgs/px4_msgs/msg/detail/airspeed_wind__type_support.c\n'}
[1.396389] (px4_msgs) StdoutLine: {'line': b'-- Up-to-date: /home/mustardking/ws_sensor_combined/install/px4_msgs/include/px4_msgs/px4_msgs/msg/detail/sensor_combined__type_support.c\n'}
[1.396411] (px4_msgs) StdoutLine: {'line': b'-- Up-to-date: /home/mustardking/ws_sensor_combined/install/px4_msgs/include/px4_msgs/px4_msgs/msg/detail/ulog_stream__type_support.c\n'}
[1.396449] (px4_msgs) StdoutLine: {'line': b'-- Up-to-date: /home/mustardking/ws_sensor_combined/install/px4_msgs/include/px4_msgs/px4_msgs/msg/detail/gpio_config__type_support.c\n'}
[1.396471] (px4_msgs) StdoutLine: {'line': b'-- Up-to-date: /home/mustardking/ws_sensor_combined/install/px4_msgs/include/px4_msgs/px4_msgs/msg/detail/mission__rosidl_typesupport_introspection_c.h\n'}
[1.396493] (px4_msgs) StdoutLine: {'line': b'-- Up-to-date: /home/mustardking/ws_sensor_combined/install/px4_msgs/include/px4_msgs/px4_msgs/msg/detail/vehicle_angular_velocity__type_support.c\n'}
[1.396515] (px4_msgs) StdoutLine: {'line': b'-- Up-to-date: /home/mustardking/ws_sensor_combined/install/px4_msgs/include/px4_msgs/px4_msgs/msg/detail/dronecan_node_status__type_support.c\n'}
[1.396537] (px4_msgs) StdoutLine: {'line': b'-- Up-to-date: /home/mustardking/ws_sensor_combined/install/px4_msgs/include/px4_msgs/px4_msgs/msg/detail/gimbal_device_attitude_status__rosidl_typesupport_introspection_c.h\n'}
[1.396564] (px4_msgs) StdoutLine: {'line': b'-- Up-to-date: /home/mustardking/ws_sensor_combined/install/px4_msgs/include/px4_msgs/px4_msgs/msg/detail/offboard_control_mode__rosidl_typesupport_introspection_c.h\n'}
[1.396586] (px4_msgs) StdoutLine: {'line': b'-- Up-to-date: /home/mustardking/ws_sensor_combined/install/px4_msgs/include/px4_msgs/px4_msgs/msg/detail/parameter_set_used_request__rosidl_typesupport_introspection_c.h\n'}
[1.396624] (px4_msgs) StdoutLine: {'line': b'-- Up-to-date: /home/mustardking/ws_sensor_combined/install/px4_msgs/include/px4_msgs/px4_msgs/msg/detail/fixed_wing_longitudinal_setpoint__rosidl_typesupport_introspection_c.h\n'}
[1.396647] (px4_msgs) StdoutLine: {'line': b'-- Up-to-date: /home/mustardking/ws_sensor_combined/install/px4_msgs/include/px4_msgs/px4_msgs/msg/detail/gimbal_device_set_attitude__rosidl_typesupport_introspection_c.h\n'}
[1.396669] (px4_msgs) StdoutLine: {'line': b'-- Up-to-date: /home/mustardking/ws_sensor_combined/install/px4_msgs/include/px4_msgs/px4_msgs/msg/detail/internal_combustion_engine_control__rosidl_typesupport_introspection_c.h\n'}
[1.396695] (px4_msgs) StdoutLine: {'line': b'-- Up-to-date: /home/mustardking/ws_sensor_combined/install/px4_msgs/include/px4_msgs/px4_msgs/msg/detail/trajectory_setpoint__rosidl_typesupport_introspection_c.h\n'}
[1.396765] (px4_msgs) StdoutLine: {'line': b'-- Up-to-date: /home/mustardking/ws_sensor_combined/install/px4_msgs/include/px4_msgs/px4_msgs/msg/detail/rate_ctrl_status__type_support.c\n'}
[1.396787] (px4_msgs) StdoutLine: {'line': b'-- Up-to-date: /home/mustardking/ws_sensor_combined/install/px4_msgs/include/px4_msgs/px4_msgs/msg/detail/vehicle_air_data__rosidl_typesupport_introspection_c.h\n'}
[1.396810] (px4_msgs) StdoutLine: {'line': b'-- Up-to-date: /home/mustardking/ws_sensor_combined/install/px4_msgs/include/px4_msgs/px4_msgs/msg/detail/sensor_selection__rosidl_typesupport_introspection_c.h\n'}
[1.396832] (px4_msgs) StdoutLine: {'line': b'-- Up-to-date: /home/mustardking/ws_sensor_combined/install/px4_msgs/include/px4_msgs/px4_msgs/msg/detail/rover_attitude_status__rosidl_typesupport_introspection_c.h\n'}
[1.396854] (px4_msgs) StdoutLine: {'line': b'-- Up-to-date: /home/mustardking/ws_sensor_combined/install/px4_msgs/include/px4_msgs/px4_msgs/msg/detail/actuator_armed__type_support.c\n'}
[1.396876] (px4_msgs) StdoutLine: {'line': b'-- Up-to-date: /home/mustardking/ws_sensor_combined/install/px4_msgs/include/px4_msgs/px4_msgs/msg/detail/dataman_response__type_support.c\n'}
[1.396898] (px4_msgs) StdoutLine: {'line': b'-- Up-to-date: /home/mustardking/ws_sensor_combined/install/px4_msgs/include/px4_msgs/px4_msgs/msg/detail/ulog_stream__rosidl_typesupport_introspection_c.h\n'}
[1.396937] (px4_msgs) StdoutLine: {'line': b'-- Up-to-date: /home/mustardking/ws_sensor_combined/install/px4_msgs/include/px4_msgs/px4_msgs/msg/detail/actuator_outputs__type_support.c\n'}
[1.396959] (px4_msgs) StdoutLine: {'line': b'-- Up-to-date: /home/mustardking/ws_sensor_combined/install/px4_msgs/include/px4_msgs/px4_msgs/msg/detail/sensor_gyro_fifo__rosidl_typesupport_introspection_c.h\n'}
[1.396981] (px4_msgs) StdoutLine: {'line': b'-- Up-to-date: /home/mustardking/ws_sensor_combined/install/px4_msgs/include/px4_msgs/px4_msgs/msg/detail/geofence_status__type_support.c\n'}
[1.397004] (px4_msgs) StdoutLine: {'line': b'-- Up-to-date: /home/mustardking/ws_sensor_combined/install/px4_msgs/include/px4_msgs/px4_msgs/msg/detail/vehicle_imu__rosidl_typesupport_introspection_c.h\n'}
[1.397026] (px4_msgs) StdoutLine: {'line': b'-- Up-to-date: /home/mustardking/ws_sensor_combined/install/px4_msgs/include/px4_msgs/px4_msgs/msg/detail/sensor_uwb__type_support.c\n'}
[1.397063] (px4_msgs) StdoutLine: {'line': b'-- Up-to-date: /home/mustardking/ws_sensor_combined/install/px4_msgs/include/px4_msgs/px4_msgs/msg/detail/message_format_request__rosidl_typesupport_introspection_c.h\n'}
[1.397086] (px4_msgs) StdoutLine: {'line': b'-- Up-to-date: /home/mustardking/ws_sensor_combined/install/px4_msgs/include/px4_msgs/px4_msgs/msg/detail/mag_worker_data__rosidl_typesupport_introspection_c.h\n'}
[1.397110] (px4_msgs) StdoutLine: {'line': b'-- Up-to-date: /home/mustardking/ws_sensor_combined/install/px4_msgs/include/px4_msgs/px4_msgs/msg/detail/gimbal_manager_set_manual_control__rosidl_typesupport_introspection_c.h\n'}
[1.397132] (px4_msgs) StdoutLine: {'line': b'-- Up-to-date: /home/mustardking/ws_sensor_combined/install/px4_msgs/include/px4_msgs/px4_msgs/msg/detail/goto_setpoint__type_support.c\n'}
[1.397154] (px4_msgs) StdoutLine: {'line': b'-- Up-to-date: /home/mustardking/ws_sensor_combined/install/px4_msgs/include/px4_msgs/px4_msgs/msg/detail/rover_speed_status__rosidl_typesupport_introspection_c.h\n'}
[1.397176] (px4_msgs) StdoutLine: {'line': b'-- Up-to-date: /home/mustardking/ws_sensor_combined/install/px4_msgs/include/px4_msgs/px4_msgs/msg/detail/vtol_vehicle_status__rosidl_typesupport_introspection_c.h\n'}
[1.397211] (px4_msgs) StdoutLine: {'line': b'-- Up-to-date: /home/mustardking/ws_sensor_combined/install/px4_msgs/include/px4_msgs/px4_msgs/msg/detail/actuator_controls_status__rosidl_typesupport_introspection_c.h\n'}
[1.397234] (px4_msgs) StdoutLine: {'line': b'-- Up-to-date: /home/mustardking/ws_sensor_combined/install/px4_msgs/include/px4_msgs/px4_msgs/msg/detail/distance_sensor__rosidl_typesupport_introspection_c.h\n'}
[1.397256] (px4_msgs) StdoutLine: {'line': b'-- Up-to-date: /home/mustardking/ws_sensor_combined/install/px4_msgs/include/px4_msgs/px4_msgs/msg/detail/sensor_hygrometer__type_support.c\n'}
[1.397280] (px4_msgs) StdoutLine: {'line': b'-- Up-to-date: /home/mustardking/ws_sensor_combined/install/px4_msgs/include/px4_msgs/px4_msgs/msg/detail/control_allocator_status__rosidl_typesupport_introspection_c.h\n'}
[1.397302] (px4_msgs) StdoutLine: {'line': b'-- Up-to-date: /home/mustardking/ws_sensor_combined/install/px4_msgs/include/px4_msgs/px4_msgs/msg/detail/pure_pursuit_status__rosidl_typesupport_introspection_c.h\n'}
[1.397340] (px4_msgs) StdoutLine: {'line': b'-- Up-to-date: /home/mustardking/ws_sensor_combined/install/px4_msgs/include/px4_msgs/px4_msgs/msg/detail/fuel_tank_status__type_support.c\n'}
[1.397362] (px4_msgs) StdoutLine: {'line': b'-- Up-to-date: /home/mustardking/ws_sensor_combined/install/px4_msgs/include/px4_msgs/px4_msgs/msg/detail/message_format_response__type_support.c\n'}
[1.397384] (px4_msgs) StdoutLine: {'line': b'-- Up-to-date: /home/mustardking/ws_sensor_combined/install/px4_msgs/include/px4_msgs/px4_msgs/msg/detail/vehicle_global_position__rosidl_typesupport_introspection_c.h\n'}
[1.397410] (px4_msgs) StdoutLine: {'line': b'-- Up-to-date: /home/mustardking/ws_sensor_combined/install/px4_msgs/include/px4_msgs/px4_msgs/msg/detail/actuator_outputs__rosidl_typesupport_introspection_c.h\n'}
[1.397432] (px4_msgs) StdoutLine: {'line': b'-- Up-to-date: /home/mustardking/ws_sensor_combined/install/px4_msgs/include/px4_msgs/px4_msgs/msg/detail/sensor_combined__rosidl_typesupport_introspection_c.h\n'}
[1.397454] (px4_msgs) StdoutLine: {'line': b'-- Up-to-date: /home/mustardking/ws_sensor_combined/install/px4_msgs/include/px4_msgs/px4_msgs/msg/detail/irlock_report__rosidl_typesupport_introspection_c.h\n'}
[1.397489] (px4_msgs) StdoutLine: {'line': b'-- Up-to-date: /home/mustardking/ws_sensor_combined/install/px4_msgs/include/px4_msgs/px4_msgs/msg/detail/debug_value__rosidl_typesupport_introspection_c.h\n'}
[1.397511] (px4_msgs) StdoutLine: {'line': b'-- Up-to-date: /home/mustardking/ws_sensor_combined/install/px4_msgs/include/px4_msgs/px4_msgs/msg/detail/rtl_time_estimate__type_support.c\n'}
[1.397534] (px4_msgs) StdoutLine: {'line': b'-- Up-to-date: /home/mustardking/ws_sensor_combined/install/px4_msgs/include/px4_msgs/px4_msgs/msg/detail/orb_test_large__type_support.c\n'}
[1.397555] (px4_msgs) StdoutLine: {'line': b'-- Up-to-date: /home/mustardking/ws_sensor_combined/install/px4_msgs/include/px4_msgs/px4_msgs/msg/detail/vehicle_constraints__type_support.c\n'}
[1.397578] (px4_msgs) StdoutLine: {'line': b'-- Up-to-date: /home/mustardking/ws_sensor_combined/install/px4_msgs/include/px4_msgs/px4_msgs/msg/detail/sensor_optical_flow__rosidl_typesupport_introspection_c.h\n'}
[1.397613] (px4_msgs) StdoutLine: {'line': b'-- Up-to-date: /home/mustardking/ws_sensor_combined/install/px4_msgs/include/px4_msgs/px4_msgs/msg/detail/fixed_wing_runway_control__type_support.c\n'}
[1.397635] (px4_msgs) StdoutLine: {'line': b'-- Up-to-date: /home/mustardking/ws_sensor_combined/install/px4_msgs/include/px4_msgs/px4_msgs/msg/detail/vehicle_odometry__type_support.c\n'}
[1.397658] (px4_msgs) StdoutLine: {'line': b'-- Up-to-date: /home/mustardking/ws_sensor_combined/install/px4_msgs/include/px4_msgs/px4_msgs/msg/detail/sensor_baro__type_support.c\n'}
[1.398170] (px4_msgs) StdoutLine: {'line': b'-- Up-to-date: /home/mustardking/ws_sensor_combined/install/px4_msgs/include/px4_msgs/px4_msgs/msg/detail/gimbal_device_information__rosidl_typesupport_introspection_c.h\n'}
[1.398300] (px4_msgs) StdoutLine: {'line': b'-- Up-to-date: /home/mustardking/ws_sensor_combined/install/px4_msgs/include/px4_msgs/px4_msgs/msg/detail/open_drone_id_operator_id__rosidl_typesupport_introspection_c.h\n'}
[1.398358] (px4_msgs) StdoutLine: {'line': b'-- Up-to-date: /home/mustardking/ws_sensor_combined/install/px4_msgs/include/px4_msgs/px4_msgs/msg/detail/trajectory_setpoint__type_support.c\n'}
[1.398387] (px4_msgs) StdoutLine: {'line': b'-- Up-to-date: /home/mustardking/ws_sensor_combined/install/px4_msgs/include/px4_msgs/px4_msgs/msg/detail/gps_inject_data__rosidl_typesupport_introspection_c.h\n'}
[1.398414] (px4_msgs) StdoutLine: {'line': b'-- Up-to-date: /home/mustardking/ws_sensor_combined/install/px4_msgs/include/px4_msgs/px4_msgs/msg/detail/heater_status__type_support.c\n'}
[1.398439] (px4_msgs) StdoutLine: {'line': b'-- Up-to-date: /home/mustardking/ws_sensor_combined/install/px4_msgs/include/px4_msgs/px4_msgs/msg/detail/iridiumsbd_status__type_support.c\n'}
[1.398483] (px4_msgs) StdoutLine: {'line': b'-- Up-to-date: /home/mustardking/ws_sensor_combined/install/px4_msgs/include/px4_msgs/px4_msgs/msg/detail/open_drone_id_system__type_support.c\n'}
[1.398508] (px4_msgs) StdoutLine: {'line': b'-- Up-to-date: /home/mustardking/ws_sensor_combined/install/px4_msgs/include/px4_msgs/px4_msgs/msg/detail/sensor_gyro_fft__type_support.c\n'}
[1.398531] (px4_msgs) StdoutLine: {'line': b'-- Up-to-date: /home/mustardking/ws_sensor_combined/install/px4_msgs/include/px4_msgs/px4_msgs/msg/detail/battery_status__type_support.c\n'}
[1.398554] (px4_msgs) StdoutLine: {'line': b'-- Up-to-date: /home/mustardking/ws_sensor_combined/install/px4_msgs/include/px4_msgs/px4_msgs/msg/detail/esc_report__rosidl_typesupport_introspection_c.h\n'}
[1.398577] (px4_msgs) StdoutLine: {'line': b'-- Up-to-date: /home/mustardking/ws_sensor_combined/install/px4_msgs/include/px4_msgs/px4_msgs/msg/detail/telemetry_status__type_support.c\n'}
[1.398616] (px4_msgs) StdoutLine: {'line': b'-- Up-to-date: /home/mustardking/ws_sensor_combined/install/px4_msgs/include/px4_msgs/px4_msgs/msg/detail/mavlink_log__rosidl_typesupport_introspection_c.h\n'}
[1.398639] (px4_msgs) StdoutLine: {'line': b'-- Up-to-date: /home/mustardking/ws_sensor_combined/install/px4_msgs/include/px4_msgs/px4_msgs/msg/detail/camera_status__rosidl_typesupport_introspection_c.h\n'}
[1.398663] (px4_msgs) StdoutLine: {'line': b'-- Up-to-date: /home/mustardking/ws_sensor_combined/install/px4_msgs/lib/libpx4_msgs__rosidl_typesupport_introspection_c.so\n'}
[1.398686] (px4_msgs) StdoutLine: {'line': b'-- Up-to-date: /home/mustardking/ws_sensor_combined/install/px4_msgs/lib/libpx4_msgs__rosidl_typesupport_c.so\n'}
[1.398709] (px4_msgs) StdoutLine: {'line': b'-- Up-to-date: /home/mustardking/ws_sensor_combined/install/px4_msgs/include/px4_msgs/px4_msgs\n'}
[1.398732] (px4_msgs) StdoutLine: {'line': b'-- Up-to-date: /home/mustardking/ws_sensor_combined/install/px4_msgs/include/px4_msgs/px4_msgs/srv\n'}
[1.398770] (px4_msgs) StdoutLine: {'line': b'-- Up-to-date: /home/mustardking/ws_sensor_combined/install/px4_msgs/include/px4_msgs/px4_msgs/srv/detail\n'}
[1.398798] (px4_msgs) StdoutLine: {'line': b'-- Up-to-date: /home/mustardking/ws_sensor_combined/install/px4_msgs/include/px4_msgs/px4_msgs/srv/detail/vehicle_command__rosidl_typesupport_introspection_cpp.hpp\n'}
[1.398821] (px4_msgs) StdoutLine: {'line': b'-- Up-to-date: /home/mustardking/ws_sensor_combined/install/px4_msgs/include/px4_msgs/px4_msgs/srv/detail/vehicle_command__type_support.cpp\n'}
[1.398844] (px4_msgs) StdoutLine: {'line': b'-- Up-to-date: /home/mustardking/ws_sensor_combined/install/px4_msgs/include/px4_msgs/px4_msgs/msg\n'}
[1.398885] (px4_msgs) StdoutLine: {'line': b'-- Up-to-date: /home/mustardking/ws_sensor_combined/install/px4_msgs/include/px4_msgs/px4_msgs/msg/detail\n'}
[1.398917] (px4_msgs) StdoutLine: {'line': b'-- Up-to-date: /home/mustardking/ws_sensor_combined/install/px4_msgs/include/px4_msgs/px4_msgs/msg/detail/lateral_control_configuration__rosidl_typesupport_introspection_cpp.hpp\n'}
[1.398940] (px4_msgs) StdoutLine: {'line': b'-- Up-to-date: /home/mustardking/ws_sensor_combined/install/px4_msgs/include/px4_msgs/px4_msgs/msg/detail/cpuload__type_support.cpp\n'}
[1.398962] (px4_msgs) StdoutLine: {'line': b'-- Up-to-date: /home/mustardking/ws_sensor_combined/install/px4_msgs/include/px4_msgs/px4_msgs/msg/detail/rtl_time_estimate__rosidl_typesupport_introspection_cpp.hpp\n'}
[1.398985] (px4_msgs) StdoutLine: {'line': b'-- Up-to-date: /home/mustardking/ws_sensor_combined/install/px4_msgs/include/px4_msgs/px4_msgs/msg/detail/health_report__type_support.cpp\n'}
[1.399010] (px4_msgs) StdoutLine: {'line': b'-- Up-to-date: /home/mustardking/ws_sensor_combined/install/px4_msgs/include/px4_msgs/px4_msgs/msg/detail/camera_trigger__rosidl_typesupport_introspection_cpp.hpp\n'}
[1.399042] (px4_msgs) StdoutLine: {'line': b'-- Up-to-date: /home/mustardking/ws_sensor_combined/install/px4_msgs/include/px4_msgs/px4_msgs/msg/detail/landing_target_innovations__rosidl_typesupport_introspection_cpp.hpp\n'}
[1.399073] (px4_msgs) StdoutLine: {'line': b'-- Up-to-date: /home/mustardking/ws_sensor_combined/install/px4_msgs/include/px4_msgs/px4_msgs/msg/detail/sensor_baro__rosidl_typesupport_introspection_cpp.hpp\n'}
[1.399097] (px4_msgs) StdoutLine: {'line': b'-- Up-to-date: /home/mustardking/ws_sensor_combined/install/px4_msgs/include/px4_msgs/px4_msgs/msg/detail/actuator_servos__rosidl_typesupport_introspection_cpp.hpp\n'}
[1.399122] (px4_msgs) StdoutLine: {'line': b'-- Up-to-date: /home/mustardking/ws_sensor_combined/install/px4_msgs/include/px4_msgs/px4_msgs/msg/detail/estimator_aid_source1d__rosidl_typesupport_introspection_cpp.hpp\n'}
[1.399145] (px4_msgs) StdoutLine: {'line': b'-- Up-to-date: /home/mustardking/ws_sensor_combined/install/px4_msgs/include/px4_msgs/px4_msgs/msg/detail/fixed_wing_runway_control__type_support.cpp\n'}
[1.399182] (px4_msgs) StdoutLine: {'line': b'-- Up-to-date: /home/mustardking/ws_sensor_combined/install/px4_msgs/include/px4_msgs/px4_msgs/msg/detail/pps_capture__rosidl_typesupport_introspection_cpp.hpp\n'}
[1.399205] (px4_msgs) StdoutLine: {'line': b'-- Up-to-date: /home/mustardking/ws_sensor_combined/install/px4_msgs/include/px4_msgs/px4_msgs/msg/detail/rover_attitude_setpoint__type_support.cpp\n'}
[1.399227] (px4_msgs) StdoutLine: {'line': b'-- Up-to-date: /home/mustardking/ws_sensor_combined/install/px4_msgs/include/px4_msgs/px4_msgs/msg/detail/position_controller_landing_status__rosidl_typesupport_introspection_cpp.hpp\n'}
[1.399250] (px4_msgs) StdoutLine: {'line': b'-- Up-to-date: /home/mustardking/ws_sensor_combined/install/px4_msgs/include/px4_msgs/px4_msgs/msg/detail/arming_check_reply__rosidl_typesupport_introspection_cpp.hpp\n'}
[1.399273] (px4_msgs) StdoutLine: {'line': b'-- Up-to-date: /home/mustardking/ws_sensor_combined/install/px4_msgs/include/px4_msgs/px4_msgs/msg/detail/event__rosidl_typesupport_introspection_cpp.hpp\n'}
[1.399310] (px4_msgs) StdoutLine: {'line': b'-- Up-to-date: /home/mustardking/ws_sensor_combined/install/px4_msgs/include/px4_msgs/px4_msgs/msg/detail/sensors_status_imu__rosidl_typesupport_introspection_cpp.hpp\n'}
[1.399332] (px4_msgs) StdoutLine: {'line': b'-- Up-to-date: /home/mustardking/ws_sensor_combined/install/px4_msgs/include/px4_msgs/px4_msgs/msg/detail/camera_status__type_support.cpp\n'}
[1.399355] (px4_msgs) StdoutLine: {'line': b'-- Up-to-date: /home/mustardking/ws_sensor_combined/install/px4_msgs/include/px4_msgs/px4_msgs/msg/detail/debug_value__rosidl_typesupport_introspection_cpp.hpp\n'}
[1.399377] (px4_msgs) StdoutLine: {'line': b'-- Up-to-date: /home/mustardking/ws_sensor_combined/install/px4_msgs/include/px4_msgs/px4_msgs/msg/detail/control_allocator_status__type_support.cpp\n'}
[1.399418] (px4_msgs) StdoutLine: {'line': b'-- Up-to-date: /home/mustardking/ws_sensor_combined/install/px4_msgs/include/px4_msgs/px4_msgs/msg/detail/sensors_status_imu__type_support.cpp\n'}
[1.399440] (px4_msgs) StdoutLine: {'line': b'-- Up-to-date: /home/mustardking/ws_sensor_combined/install/px4_msgs/include/px4_msgs/px4_msgs/msg/detail/rpm__rosidl_typesupport_introspection_cpp.hpp\n'}
[1.399463] (px4_msgs) StdoutLine: {'line': b'-- Up-to-date: /home/mustardking/ws_sensor_combined/install/px4_msgs/include/px4_msgs/px4_msgs/msg/detail/tiltrotor_extra_controls__rosidl_typesupport_introspection_cpp.hpp\n'}
[1.399489] (px4_msgs) StdoutLine: {'line': b'-- Up-to-date: /home/mustardking/ws_sensor_combined/install/px4_msgs/include/px4_msgs/px4_msgs/msg/detail/vehicle_attitude__rosidl_typesupport_introspection_cpp.hpp\n'}
[1.399530] (px4_msgs) StdoutLine: {'line': b'-- Up-to-date: /home/mustardking/ws_sensor_combined/install/px4_msgs/include/px4_msgs/px4_msgs/msg/detail/rover_steering_setpoint__type_support.cpp\n'}
[1.399555] (px4_msgs) StdoutLine: {'line': b'-- Up-to-date: /home/mustardking/ws_sensor_combined/install/px4_msgs/include/px4_msgs/px4_msgs/msg/detail/pwm_input__type_support.cpp\n'}
[1.399578] (px4_msgs) StdoutLine: {'line': b'-- Up-to-date: /home/mustardking/ws_sensor_combined/install/px4_msgs/include/px4_msgs/px4_msgs/msg/detail/actuator_servos_trim__rosidl_typesupport_introspection_cpp.hpp\n'}
[1.399600] (px4_msgs) StdoutLine: {'line': b'-- Up-to-date: /home/mustardking/ws_sensor_combined/install/px4_msgs/include/px4_msgs/px4_msgs/msg/detail/power_button_state__rosidl_typesupport_introspection_cpp.hpp\n'}
[1.399636] (px4_msgs) StdoutLine: {'line': b'-- Up-to-date: /home/mustardking/ws_sensor_combined/install/px4_msgs/include/px4_msgs/px4_msgs/msg/detail/onboard_computer_status__rosidl_typesupport_introspection_cpp.hpp\n'}
[1.399659] (px4_msgs) StdoutLine: {'line': b'-- Up-to-date: /home/mustardking/ws_sensor_combined/install/px4_msgs/include/px4_msgs/px4_msgs/msg/detail/vehicle_status__type_support.cpp\n'}
[1.399682] (px4_msgs) StdoutLine: {'line': b'-- Up-to-date: /home/mustardking/ws_sensor_combined/install/px4_msgs/include/px4_msgs/px4_msgs/msg/detail/hover_thrust_estimate__type_support.cpp\n'}
[1.399704] (px4_msgs) StdoutLine: {'line': b'-- Up-to-date: /home/mustardking/ws_sensor_combined/install/px4_msgs/include/px4_msgs/px4_msgs/msg/detail/autotune_attitude_control_status__type_support.cpp\n'}
[1.399733] (px4_msgs) StdoutLine: {'line': b'-- Up-to-date: /home/mustardking/ws_sensor_combined/install/px4_msgs/include/px4_msgs/px4_msgs/msg/detail/vehicle_attitude_setpoint__type_support.cpp\n'}
[1.399757] (px4_msgs) StdoutLine: {'line': b'-- Up-to-date: /home/mustardking/ws_sensor_combined/install/px4_msgs/include/px4_msgs/px4_msgs/msg/detail/orb_test_medium__rosidl_typesupport_introspection_cpp.hpp\n'}
[1.399790] (px4_msgs) StdoutLine: {'line': b'-- Up-to-date: /home/mustardking/ws_sensor_combined/install/px4_msgs/include/px4_msgs/px4_msgs/msg/detail/fixed_wing_lateral_guidance_status__type_support.cpp\n'}
[1.399821] (px4_msgs) StdoutLine: {'line': b'-- Up-to-date: /home/mustardking/ws_sensor_combined/install/px4_msgs/include/px4_msgs/px4_msgs/msg/detail/position_controller_status__type_support.cpp\n'}
[1.399844] (px4_msgs) StdoutLine: {'line': b'-- Up-to-date: /home/mustardking/ws_sensor_combined/install/px4_msgs/include/px4_msgs/px4_msgs/msg/detail/rover_rate_setpoint__rosidl_typesupport_introspection_cpp.hpp\n'}
[1.399866] (px4_msgs) StdoutLine: {'line': b'-- Up-to-date: /home/mustardking/ws_sensor_combined/install/px4_msgs/include/px4_msgs/px4_msgs/msg/detail/button_event__rosidl_typesupport_introspection_cpp.hpp\n'}
[1.399888] (px4_msgs) StdoutLine: {'line': b'-- Up-to-date: /home/mustardking/ws_sensor_combined/install/px4_msgs/include/px4_msgs/px4_msgs/msg/detail/ping__rosidl_typesupport_introspection_cpp.hpp\n'}
[1.399938] (px4_msgs) StdoutLine: {'line': b'-- Up-to-date: /home/mustardking/ws_sensor_combined/install/px4_msgs/include/px4_msgs/px4_msgs/msg/detail/trajectory_setpoint6dof__type_support.cpp\n'}
[1.399964] (px4_msgs) StdoutLine: {'line': b'-- Up-to-date: /home/mustardking/ws_sensor_combined/install/px4_msgs/include/px4_msgs/px4_msgs/msg/detail/radio_status__type_support.cpp\n'}
[1.399987] (px4_msgs) StdoutLine: {'line': b'-- Up-to-date: /home/mustardking/ws_sensor_combined/install/px4_msgs/include/px4_msgs/px4_msgs/msg/detail/estimator_aid_source3d__type_support.cpp\n'}
[1.400009] (px4_msgs) StdoutLine: {'line': b'-- Up-to-date: /home/mustardking/ws_sensor_combined/install/px4_msgs/include/px4_msgs/px4_msgs/msg/detail/vehicle_status__rosidl_typesupport_introspection_cpp.hpp\n'}
[1.400032] (px4_msgs) StdoutLine: {'line': b'-- Up-to-date: /home/mustardking/ws_sensor_combined/install/px4_msgs/include/px4_msgs/px4_msgs/msg/detail/estimator_selector_status__type_support.cpp\n'}
[1.400054] (px4_msgs) StdoutLine: {'line': b'-- Up-to-date: /home/mustardking/ws_sensor_combined/install/px4_msgs/include/px4_msgs/px4_msgs/msg/detail/sensor_gps__rosidl_typesupport_introspection_cpp.hpp\n'}
[1.400089] (px4_msgs) StdoutLine: {'line': b'-- Up-to-date: /home/mustardking/ws_sensor_combined/install/px4_msgs/include/px4_msgs/px4_msgs/msg/detail/parameter_set_used_request__type_support.cpp\n'}
[1.400119] (px4_msgs) StdoutLine: {'line': b'-- Up-to-date: /home/mustardking/ws_sensor_combined/install/px4_msgs/include/px4_msgs/px4_msgs/msg/detail/magnetometer_bias_estimate__rosidl_typesupport_introspection_cpp.hpp\n'}
[1.400141] (px4_msgs) StdoutLine: {'line': b'-- Up-to-date: /home/mustardking/ws_sensor_combined/install/px4_msgs/include/px4_msgs/px4_msgs/msg/detail/tune_control__rosidl_typesupport_introspection_cpp.hpp\n'}
[1.400164] (px4_msgs) StdoutLine: {'line': b'-- Up-to-date: /home/mustardking/ws_sensor_combined/install/px4_msgs/include/px4_msgs/px4_msgs/msg/detail/orbit_status__rosidl_typesupport_introspection_cpp.hpp\n'}
[1.400187] (px4_msgs) StdoutLine: {'line': b'-- Up-to-date: /home/mustardking/ws_sensor_combined/install/px4_msgs/include/px4_msgs/px4_msgs/msg/detail/estimator_event_flags__type_support.cpp\n'}
[1.400229] (px4_msgs) StdoutLine: {'line': b'-- Up-to-date: /home/mustardking/ws_sensor_combined/install/px4_msgs/include/px4_msgs/px4_msgs/msg/detail/vehicle_odometry__type_support.cpp\n'}
[1.400252] (px4_msgs) StdoutLine: {'line': b'-- Up-to-date: /home/mustardking/ws_sensor_combined/install/px4_msgs/include/px4_msgs/px4_msgs/msg/detail/sensor_gnss_relative__type_support.cpp\n'}
[1.400274] (px4_msgs) StdoutLine: {'line': b'-- Up-to-date: /home/mustardking/ws_sensor_combined/install/px4_msgs/include/px4_msgs/px4_msgs/msg/detail/parameter_set_used_request__rosidl_typesupport_introspection_cpp.hpp\n'}
[1.400296] (px4_msgs) StdoutLine: {'line': b'-- Up-to-date: /home/mustardking/ws_sensor_combined/install/px4_msgs/include/px4_msgs/px4_msgs/msg/detail/qshell_req__type_support.cpp\n'}
[1.400318] (px4_msgs) StdoutLine: {'line': b'-- Up-to-date: /home/mustardking/ws_sensor_combined/install/px4_msgs/include/px4_msgs/px4_msgs/msg/detail/wheel_encoders__type_support.cpp\n'}
[1.400341] (px4_msgs) StdoutLine: {'line': b'-- Up-to-date: /home/mustardking/ws_sensor_combined/install/px4_msgs/include/px4_msgs/px4_msgs/msg/detail/gpio_in__rosidl_typesupport_introspection_cpp.hpp\n'}
[1.400373] (px4_msgs) StdoutLine: {'line': b'-- Up-to-date: /home/mustardking/ws_sensor_combined/install/px4_msgs/include/px4_msgs/px4_msgs/msg/detail/sensor_preflight_mag__rosidl_typesupport_introspection_cpp.hpp\n'}
[1.400403] (px4_msgs) StdoutLine: {'line': b'-- Up-to-date: /home/mustardking/ws_sensor_combined/install/px4_msgs/include/px4_msgs/px4_msgs/msg/detail/orb_test_medium__type_support.cpp\n'}
[1.400427] (px4_msgs) StdoutLine: {'line': b'-- Up-to-date: /home/mustardking/ws_sensor_combined/install/px4_msgs/include/px4_msgs/px4_msgs/msg/detail/vehicle_command_ack__rosidl_typesupport_introspection_cpp.hpp\n'}
[1.400450] (px4_msgs) StdoutLine: {'line': b'-- Up-to-date: /home/mustardking/ws_sensor_combined/install/px4_msgs/include/px4_msgs/px4_msgs/msg/detail/sensor_baro__type_support.cpp\n'}
[1.400472] (px4_msgs) StdoutLine: {'line': b'-- Up-to-date: /home/mustardking/ws_sensor_combined/install/px4_msgs/include/px4_msgs/px4_msgs/msg/detail/vehicle_control_mode__rosidl_typesupport_introspection_cpp.hpp\n'}
[1.400507] (px4_msgs) StdoutLine: {'line': b'-- Up-to-date: /home/mustardking/ws_sensor_combined/install/px4_msgs/include/px4_msgs/px4_msgs/msg/detail/telemetry_status__type_support.cpp\n'}
[1.400530] (px4_msgs) StdoutLine: {'line': b'-- Up-to-date: /home/mustardking/ws_sensor_combined/install/px4_msgs/include/px4_msgs/px4_msgs/msg/detail/parameter_update__rosidl_typesupport_introspection_cpp.hpp\n'}
[1.400552] (px4_msgs) StdoutLine: {'line': b'-- Up-to-date: /home/mustardking/ws_sensor_combined/install/px4_msgs/include/px4_msgs/px4_msgs/msg/detail/vehicle_acceleration__rosidl_typesupport_introspection_cpp.hpp\n'}
[1.400584] (px4_msgs) StdoutLine: {'line': b'-- Up-to-date: /home/mustardking/ws_sensor_combined/install/px4_msgs/include/px4_msgs/px4_msgs/msg/detail/home_position__rosidl_typesupport_introspection_cpp.hpp\n'}
[1.400608] (px4_msgs) StdoutLine: {'line': b'-- Up-to-date: /home/mustardking/ws_sensor_combined/install/px4_msgs/include/px4_msgs/px4_msgs/msg/detail/sensors_status__type_support.cpp\n'}
[1.400631] (px4_msgs) StdoutLine: {'line': b'-- Up-to-date: /home/mustardking/ws_sensor_combined/install/px4_msgs/include/px4_msgs/px4_msgs/msg/detail/fixed_wing_lateral_guidance_status__rosidl_typesupport_introspection_cpp.hpp\n'}
[1.400667] (px4_msgs) StdoutLine: {'line': b'-- Up-to-date: /home/mustardking/ws_sensor_combined/install/px4_msgs/include/px4_msgs/px4_msgs/msg/detail/vehicle_magnetometer__rosidl_typesupport_introspection_cpp.hpp\n'}
[1.400690] (px4_msgs) StdoutLine: {'line': b'-- Up-to-date: /home/mustardking/ws_sensor_combined/install/px4_msgs/include/px4_msgs/px4_msgs/msg/detail/vehicle_imu_status__type_support.cpp\n'}
[1.400712] (px4_msgs) StdoutLine: {'line': b'-- Up-to-date: /home/mustardking/ws_sensor_combined/install/px4_msgs/include/px4_msgs/px4_msgs/msg/detail/vehicle_optical_flow_vel__type_support.cpp\n'}
[1.400735] (px4_msgs) StdoutLine: {'line': b'-- Up-to-date: /home/mustardking/ws_sensor_combined/install/px4_msgs/include/px4_msgs/px4_msgs/msg/detail/sensor_gps__type_support.cpp\n'}
[1.400757] (px4_msgs) StdoutLine: {'line': b'-- Up-to-date: /home/mustardking/ws_sensor_combined/install/px4_msgs/include/px4_msgs/px4_msgs/msg/detail/rover_throttle_setpoint__rosidl_typesupport_introspection_cpp.hpp\n'}
[1.400809] (px4_msgs) StdoutLine: {'line': b'-- Up-to-date: /home/mustardking/ws_sensor_combined/install/px4_msgs/include/px4_msgs/px4_msgs/msg/detail/led_control__type_support.cpp\n'}
[1.400832] (px4_msgs) StdoutLine: {'line': b'-- Up-to-date: /home/mustardking/ws_sensor_combined/install/px4_msgs/include/px4_msgs/px4_msgs/msg/detail/px4io_status__type_support.cpp\n'}
[1.400855] (px4_msgs) StdoutLine: {'line': b'-- Up-to-date: /home/mustardking/ws_sensor_combined/install/px4_msgs/include/px4_msgs/px4_msgs/msg/detail/actuator_test__type_support.cpp\n'}
[1.400877] (px4_msgs) StdoutLine: {'line': b'-- Up-to-date: /home/mustardking/ws_sensor_combined/install/px4_msgs/include/px4_msgs/px4_msgs/msg/detail/open_drone_id_self_id__rosidl_typesupport_introspection_cpp.hpp\n'}
[1.400900] (px4_msgs) StdoutLine: {'line': b'-- Up-to-date: /home/mustardking/ws_sensor_combined/install/px4_msgs/include/px4_msgs/px4_msgs/msg/detail/mission__rosidl_typesupport_introspection_cpp.hpp\n'}
[1.400926] (px4_msgs) StdoutLine: {'line': b'-- Up-to-date: /home/mustardking/ws_sensor_combined/install/px4_msgs/include/px4_msgs/px4_msgs/msg/detail/orb_test_large__type_support.cpp\n'}
[1.400958] (px4_msgs) StdoutLine: {'line': b'-- Up-to-date: /home/mustardking/ws_sensor_combined/install/px4_msgs/include/px4_msgs/px4_msgs/msg/detail/sensors_status__rosidl_typesupport_introspection_cpp.hpp\n'}
[1.400988] (px4_msgs) StdoutLine: {'line': b'-- Up-to-date: /home/mustardking/ws_sensor_combined/install/px4_msgs/include/px4_msgs/px4_msgs/msg/detail/register_ext_component_reply__rosidl_typesupport_introspection_cpp.hpp\n'}
[1.401012] (px4_msgs) StdoutLine: {'line': b'-- Up-to-date: /home/mustardking/ws_sensor_combined/install/px4_msgs/include/px4_msgs/px4_msgs/msg/detail/estimator_innovations__rosidl_typesupport_introspection_cpp.hpp\n'}
[1.401034] (px4_msgs) StdoutLine: {'line': b'-- Up-to-date: /home/mustardking/ws_sensor_combined/install/px4_msgs/include/px4_msgs/px4_msgs/msg/detail/geofence_result__type_support.cpp\n'}
[1.401056] (px4_msgs) StdoutLine: {'line': b'-- Up-to-date: /home/mustardking/ws_sensor_combined/install/px4_msgs/include/px4_msgs/px4_msgs/msg/detail/actuator_controls_status__rosidl_typesupport_introspection_cpp.hpp\n'}
[1.401093] (px4_msgs) StdoutLine: {'line': b'-- Up-to-date: /home/mustardking/ws_sensor_combined/install/px4_msgs/include/px4_msgs/px4_msgs/msg/detail/estimator_bias__rosidl_typesupport_introspection_cpp.hpp\n'}
[1.401116] (px4_msgs) StdoutLine: {'line': b'-- Up-to-date: /home/mustardking/ws_sensor_combined/install/px4_msgs/include/px4_msgs/px4_msgs/msg/detail/sensor_accel__type_support.cpp\n'}
[1.401140] (px4_msgs) StdoutLine: {'line': b'-- Up-to-date: /home/mustardking/ws_sensor_combined/install/px4_msgs/include/px4_msgs/px4_msgs/msg/detail/gimbal_controls__type_support.cpp\n'}
[1.401162] (px4_msgs) StdoutLine: {'line': b'-- Up-to-date: /home/mustardking/ws_sensor_combined/install/px4_msgs/include/px4_msgs/px4_msgs/msg/detail/pwm_input__rosidl_typesupport_introspection_cpp.hpp\n'}
[1.401185] (px4_msgs) StdoutLine: {'line': b'-- Up-to-date: /home/mustardking/ws_sensor_combined/install/px4_msgs/include/px4_msgs/px4_msgs/msg/detail/ulog_stream__type_support.cpp\n'}
[1.401208] (px4_msgs) StdoutLine: {'line': b'-- Up-to-date: /home/mustardking/ws_sensor_combined/install/px4_msgs/include/px4_msgs/px4_msgs/msg/detail/collision_constraints__type_support.cpp\n'}
[1.401230] (px4_msgs) StdoutLine: {'line': b'-- Up-to-date: /home/mustardking/ws_sensor_combined/install/px4_msgs/include/px4_msgs/px4_msgs/msg/detail/vehicle_torque_setpoint__type_support.cpp\n'}
[1.401264] (px4_msgs) StdoutLine: {'line': b'-- Up-to-date: /home/mustardking/ws_sensor_combined/install/px4_msgs/include/px4_msgs/px4_msgs/msg/detail/gpio_in__type_support.cpp\n'}
[1.401287] (px4_msgs) StdoutLine: {'line': b'-- Up-to-date: /home/mustardking/ws_sensor_combined/install/px4_msgs/include/px4_msgs/px4_msgs/msg/detail/sensor_accel_fifo__rosidl_typesupport_introspection_cpp.hpp\n'}
[1.401310] (px4_msgs) StdoutLine: {'line': b'-- Up-to-date: /home/mustardking/ws_sensor_combined/install/px4_msgs/include/px4_msgs/px4_msgs/msg/detail/actuator_test__rosidl_typesupport_introspection_cpp.hpp\n'}
[1.401332] (px4_msgs) StdoutLine: {'line': b'-- Up-to-date: /home/mustardking/ws_sensor_combined/install/px4_msgs/include/px4_msgs/px4_msgs/msg/detail/rover_steering_setpoint__rosidl_typesupport_introspection_cpp.hpp\n'}
[1.401354] (px4_msgs) StdoutLine: {'line': b'-- Up-to-date: /home/mustardking/ws_sensor_combined/install/px4_msgs/include/px4_msgs/px4_msgs/msg/detail/power_monitor__type_support.cpp\n'}
[1.401393] (px4_msgs) StdoutLine: {'line': b'-- Up-to-date: /home/mustardking/ws_sensor_combined/install/px4_msgs/include/px4_msgs/px4_msgs/msg/detail/vehicle_thrust_setpoint__rosidl_typesupport_introspection_cpp.hpp\n'}
[1.401416] (px4_msgs) StdoutLine: {'line': b'-- Up-to-date: /home/mustardking/ws_sensor_combined/install/px4_msgs/include/px4_msgs/px4_msgs/msg/detail/neural_control__rosidl_typesupport_introspection_cpp.hpp\n'}
[1.401438] (px4_msgs) StdoutLine: {'line': b'-- Up-to-date: /home/mustardking/ws_sensor_combined/install/px4_msgs/include/px4_msgs/px4_msgs/msg/detail/obstacle_distance__type_support.cpp\n'}
[1.401460] (px4_msgs) StdoutLine: {'line': b'-- Up-to-date: /home/mustardking/ws_sensor_combined/install/px4_msgs/include/px4_msgs/px4_msgs/msg/detail/dronecan_node_status__rosidl_typesupport_introspection_cpp.hpp\n'}
[1.401483] (px4_msgs) StdoutLine: {'line': b'-- Up-to-date: /home/mustardking/ws_sensor_combined/install/px4_msgs/include/px4_msgs/px4_msgs/msg/detail/sensor_correction__rosidl_typesupport_introspection_cpp.hpp\n'}
[1.402133] (px4_msgs) StdoutLine: {'line': b'-- Up-to-date: /home/mustardking/ws_sensor_combined/install/px4_msgs/include/px4_msgs/px4_msgs/msg/detail/gps_dump__rosidl_typesupport_introspection_cpp.hpp\n'}
[1.402187] (px4_msgs) StdoutLine: {'line': b'-- Up-to-date: /home/mustardking/ws_sensor_combined/install/px4_msgs/include/px4_msgs/px4_msgs/msg/detail/unregister_ext_component__rosidl_typesupport_introspection_cpp.hpp\n'}
[1.402211] (px4_msgs) StdoutLine: {'line': b'-- Up-to-date: /home/mustardking/ws_sensor_combined/install/px4_msgs/include/px4_msgs/px4_msgs/msg/detail/esc_report__rosidl_typesupport_introspection_cpp.hpp\n'}
[1.402339] (px4_msgs) StdoutLine: {'line': b'-- Up-to-date: /home/mustardking/ws_sensor_combined/install/px4_msgs/include/px4_msgs/px4_msgs/msg/detail/rover_speed_status__rosidl_typesupport_introspection_cpp.hpp\n'}
[1.402364] (px4_msgs) StdoutLine: {'line': b'-- Up-to-date: /home/mustardking/ws_sensor_combined/install/px4_msgs/include/px4_msgs/px4_msgs/msg/detail/trajectory_setpoint__rosidl_typesupport_introspection_cpp.hpp\n'}
[1.402389] (px4_msgs) StdoutLine: {'line': b'-- Up-to-date: /home/mustardking/ws_sensor_combined/install/px4_msgs/include/px4_msgs/px4_msgs/msg/detail/ekf2_timestamps__type_support.cpp\n'}
[1.402412] (px4_msgs) StdoutLine: {'line': b'-- Up-to-date: /home/mustardking/ws_sensor_combined/install/px4_msgs/include/px4_msgs/px4_msgs/msg/detail/gripper__rosidl_typesupport_introspection_cpp.hpp\n'}
[1.402452] (px4_msgs) StdoutLine: {'line': b'-- Up-to-date: /home/mustardking/ws_sensor_combined/install/px4_msgs/include/px4_msgs/px4_msgs/msg/detail/rc_parameter_map__rosidl_typesupport_introspection_cpp.hpp\n'}
[1.402477] (px4_msgs) StdoutLine: {'line': b'-- Up-to-date: /home/mustardking/ws_sensor_combined/install/px4_msgs/include/px4_msgs/px4_msgs/msg/detail/config_overrides__rosidl_typesupport_introspection_cpp.hpp\n'}
[1.402499] (px4_msgs) StdoutLine: {'line': b'-- Up-to-date: /home/mustardking/ws_sensor_combined/install/px4_msgs/include/px4_msgs/px4_msgs/msg/detail/debug_vect__type_support.cpp\n'}
[1.402521] (px4_msgs) StdoutLine: {'line': b'-- Up-to-date: /home/mustardking/ws_sensor_combined/install/px4_msgs/include/px4_msgs/px4_msgs/msg/detail/wind__rosidl_typesupport_introspection_cpp.hpp\n'}
[1.402561] (px4_msgs) StdoutLine: {'line': b'-- Up-to-date: /home/mustardking/ws_sensor_combined/install/px4_msgs/include/px4_msgs/px4_msgs/msg/detail/power_monitor__rosidl_typesupport_introspection_cpp.hpp\n'}
[1.402584] (px4_msgs) StdoutLine: {'line': b'-- Up-to-date: /home/mustardking/ws_sensor_combined/install/px4_msgs/include/px4_msgs/px4_msgs/msg/detail/gimbal_device_attitude_status__type_support.cpp\n'}
[1.402607] (px4_msgs) StdoutLine: {'line': b'-- Up-to-date: /home/mustardking/ws_sensor_combined/install/px4_msgs/include/px4_msgs/px4_msgs/msg/detail/vehicle_imu__rosidl_typesupport_introspection_cpp.hpp\n'}
[1.402629] (px4_msgs) StdoutLine: {'line': b'-- Up-to-date: /home/mustardking/ws_sensor_combined/install/px4_msgs/include/px4_msgs/px4_msgs/msg/detail/rover_speed_status__type_support.cpp\n'}
[1.402664] (px4_msgs) StdoutLine: {'line': b'-- Up-to-date: /home/mustardking/ws_sensor_combined/install/px4_msgs/include/px4_msgs/px4_msgs/msg/detail/rover_rate_setpoint__type_support.cpp\n'}
[1.402687] (px4_msgs) StdoutLine: {'line': b'-- Up-to-date: /home/mustardking/ws_sensor_combined/install/px4_msgs/include/px4_msgs/px4_msgs/msg/detail/actuator_motors__type_support.cpp\n'}
[1.402709] (px4_msgs) StdoutLine: {'line': b'-- Up-to-date: /home/mustardking/ws_sensor_combined/install/px4_msgs/include/px4_msgs/px4_msgs/msg/detail/follow_target_status__rosidl_typesupport_introspection_cpp.hpp\n'}
[1.402731] (px4_msgs) StdoutLine: {'line': b'-- Up-to-date: /home/mustardking/ws_sensor_combined/install/px4_msgs/include/px4_msgs/px4_msgs/msg/detail/magnetometer_bias_estimate__type_support.cpp\n'}
[1.402754] (px4_msgs) StdoutLine: {'line': b'-- Up-to-date: /home/mustardking/ws_sensor_combined/install/px4_msgs/include/px4_msgs/px4_msgs/msg/detail/cpuload__rosidl_typesupport_introspection_cpp.hpp\n'}
[1.402790] (px4_msgs) StdoutLine: {'line': b'-- Up-to-date: /home/mustardking/ws_sensor_combined/install/px4_msgs/include/px4_msgs/px4_msgs/msg/detail/camera_capture__type_support.cpp\n'}
[1.402812] (-) TimerEvent: {}
[1.402864] (px4_msgs) StdoutLine: {'line': b'-- Up-to-date: /home/mustardking/ws_sensor_combined/install/px4_msgs/include/px4_msgs/px4_msgs/msg/detail/can_interface_status__rosidl_typesupport_introspection_cpp.hpp\n'}
[1.402888] (px4_msgs) StdoutLine: {'line': b'-- Up-to-date: /home/mustardking/ws_sensor_combined/install/px4_msgs/include/px4_msgs/px4_msgs/msg/detail/camera_status__rosidl_typesupport_introspection_cpp.hpp\n'}
[1.402911] (px4_msgs) StdoutLine: {'line': b'-- Up-to-date: /home/mustardking/ws_sensor_combined/install/px4_msgs/include/px4_msgs/px4_msgs/msg/detail/position_setpoint__rosidl_typesupport_introspection_cpp.hpp\n'}
[1.402934] (px4_msgs) StdoutLine: {'line': b'-- Up-to-date: /home/mustardking/ws_sensor_combined/install/px4_msgs/include/px4_msgs/px4_msgs/msg/detail/parameter_set_value_response__rosidl_typesupport_introspection_cpp.hpp\n'}
[1.402958] (px4_msgs) StdoutLine: {'line': b'-- Up-to-date: /home/mustardking/ws_sensor_combined/install/px4_msgs/include/px4_msgs/px4_msgs/msg/detail/arming_check_reply__type_support.cpp\n'}
[1.402993] (px4_msgs) StdoutLine: {'line': b'-- Up-to-date: /home/mustardking/ws_sensor_combined/install/px4_msgs/include/px4_msgs/px4_msgs/msg/detail/takeoff_status__type_support.cpp\n'}
[1.403017] (px4_msgs) StdoutLine: {'line': b'-- Up-to-date: /home/mustardking/ws_sensor_combined/install/px4_msgs/include/px4_msgs/px4_msgs/msg/detail/cellular_status__type_support.cpp\n'}
[1.403039] (px4_msgs) StdoutLine: {'line': b'-- Up-to-date: /home/mustardking/ws_sensor_combined/install/px4_msgs/include/px4_msgs/px4_msgs/msg/detail/fixed_wing_lateral_setpoint__rosidl_typesupport_introspection_cpp.hpp\n'}
[1.403065] (px4_msgs) StdoutLine: {'line': b'-- Up-to-date: /home/mustardking/ws_sensor_combined/install/px4_msgs/include/px4_msgs/px4_msgs/msg/detail/gimbal_manager_set_manual_control__type_support.cpp\n'}
[1.403087] (px4_msgs) StdoutLine: {'line': b'-- Up-to-date: /home/mustardking/ws_sensor_combined/install/px4_msgs/include/px4_msgs/px4_msgs/msg/detail/sensor_accel_fifo__type_support.cpp\n'}
[1.403126] (px4_msgs) StdoutLine: {'line': b'-- Up-to-date: /home/mustardking/ws_sensor_combined/install/px4_msgs/include/px4_msgs/px4_msgs/msg/detail/ulog_stream_ack__rosidl_typesupport_introspection_cpp.hpp\n'}
[1.403179] (px4_msgs) StdoutLine: {'line': b'-- Up-to-date: /home/mustardking/ws_sensor_combined/install/px4_msgs/include/px4_msgs/px4_msgs/msg/detail/sensor_hygrometer__rosidl_typesupport_introspection_cpp.hpp\n'}
[1.403257] (px4_msgs) StdoutLine: {'line': b'-- Up-to-date: /home/mustardking/ws_sensor_combined/install/px4_msgs/include/px4_msgs/px4_msgs/msg/detail/pure_pursuit_status__rosidl_typesupport_introspection_cpp.hpp\n'}
[1.403286] (px4_msgs) StdoutLine: {'line': b'-- Up-to-date: /home/mustardking/ws_sensor_combined/install/px4_msgs/include/px4_msgs/px4_msgs/msg/detail/internal_combustion_engine_status__type_support.cpp\n'}
[1.403326] (px4_msgs) StdoutLine: {'line': b'-- Up-to-date: /home/mustardking/ws_sensor_combined/install/px4_msgs/include/px4_msgs/px4_msgs/msg/detail/vehicle_local_position__type_support.cpp\n'}
[1.403349] (px4_msgs) StdoutLine: {'line': b'-- Up-to-date: /home/mustardking/ws_sensor_combined/install/px4_msgs/include/px4_msgs/px4_msgs/msg/detail/manual_control_switches__type_support.cpp\n'}
[1.403372] (px4_msgs) StdoutLine: {'line': b'-- Up-to-date: /home/mustardking/ws_sensor_combined/install/px4_msgs/include/px4_msgs/px4_msgs/msg/detail/estimator_gps_status__type_support.cpp\n'}
[1.403394] (px4_msgs) StdoutLine: {'line': b'-- Up-to-date: /home/mustardking/ws_sensor_combined/install/px4_msgs/include/px4_msgs/px4_msgs/msg/detail/home_position__type_support.cpp\n'}
[1.403417] (px4_msgs) StdoutLine: {'line': b'-- Up-to-date: /home/mustardking/ws_sensor_combined/install/px4_msgs/include/px4_msgs/px4_msgs/msg/detail/vehicle_rates_setpoint__type_support.cpp\n'}
[1.403448] (px4_msgs) StdoutLine: {'line': b'-- Up-to-date: /home/mustardking/ws_sensor_combined/install/px4_msgs/include/px4_msgs/px4_msgs/msg/detail/velocity_limits__rosidl_typesupport_introspection_cpp.hpp\n'}
[1.403479] (px4_msgs) StdoutLine: {'line': b'-- Up-to-date: /home/mustardking/ws_sensor_combined/install/px4_msgs/include/px4_msgs/px4_msgs/msg/detail/register_ext_component_request__rosidl_typesupport_introspection_cpp.hpp\n'}
[1.403502] (px4_msgs) StdoutLine: {'line': b'-- Up-to-date: /home/mustardking/ws_sensor_combined/install/px4_msgs/include/px4_msgs/px4_msgs/msg/detail/parameter_reset_request__rosidl_typesupport_introspection_cpp.hpp\n'}
[1.403525] (px4_msgs) StdoutLine: {'line': b'-- Up-to-date: /home/mustardking/ws_sensor_combined/install/px4_msgs/include/px4_msgs/px4_msgs/msg/detail/wheel_encoders__rosidl_typesupport_introspection_cpp.hpp\n'}
[1.403547] (px4_msgs) StdoutLine: {'line': b'-- Up-to-date: /home/mustardking/ws_sensor_combined/install/px4_msgs/include/px4_msgs/px4_msgs/msg/detail/rover_rate_status__rosidl_typesupport_introspection_cpp.hpp\n'}
[1.403571] (px4_msgs) StdoutLine: {'line': b'-- Up-to-date: /home/mustardking/ws_sensor_combined/install/px4_msgs/include/px4_msgs/px4_msgs/msg/detail/parameter_set_value_request__type_support.cpp\n'}
[1.403593] (px4_msgs) StdoutLine: {'line': b'-- Up-to-date: /home/mustardking/ws_sensor_combined/install/px4_msgs/include/px4_msgs/px4_msgs/msg/detail/dataman_request__type_support.cpp\n'}
[1.403630] (px4_msgs) StdoutLine: {'line': b'-- Up-to-date: /home/mustardking/ws_sensor_combined/install/px4_msgs/include/px4_msgs/px4_msgs/msg/detail/longitudinal_control_configuration__type_support.cpp\n'}
[1.403652] (px4_msgs) StdoutLine: {'line': b'-- Up-to-date: /home/mustardking/ws_sensor_combined/install/px4_msgs/include/px4_msgs/px4_msgs/msg/detail/flight_phase_estimation__rosidl_typesupport_introspection_cpp.hpp\n'}
[1.403683] (px4_msgs) StdoutLine: {'line': b'-- Up-to-date: /home/mustardking/ws_sensor_combined/install/px4_msgs/include/px4_msgs/px4_msgs/msg/detail/ekf2_timestamps__rosidl_typesupport_introspection_cpp.hpp\n'}
[1.403708] (px4_msgs) StdoutLine: {'line': b'-- Up-to-date: /home/mustardking/ws_sensor_combined/install/px4_msgs/include/px4_msgs/px4_msgs/msg/detail/input_rc__rosidl_typesupport_introspection_cpp.hpp\n'}
[1.403731] (px4_msgs) StdoutLine: {'line': b'-- Up-to-date: /home/mustardking/ws_sensor_combined/install/px4_msgs/include/px4_msgs/px4_msgs/msg/detail/rover_attitude_status__type_support.cpp\n'}
[1.403771] (px4_msgs) StdoutLine: {'line': b'-- Up-to-date: /home/mustardking/ws_sensor_combined/install/px4_msgs/include/px4_msgs/px4_msgs/msg/detail/sensor_selection__type_support.cpp\n'}
[1.403793] (px4_msgs) StdoutLine: {'line': b'-- Up-to-date: /home/mustardking/ws_sensor_combined/install/px4_msgs/include/px4_msgs/px4_msgs/msg/detail/mavlink_log__type_support.cpp\n'}
[1.403816] (px4_msgs) StdoutLine: {'line': b'-- Up-to-date: /home/mustardking/ws_sensor_combined/install/px4_msgs/include/px4_msgs/px4_msgs/msg/detail/longitudinal_control_configuration__rosidl_typesupport_introspection_cpp.hpp\n'}
[1.403853] (px4_msgs) StdoutLine: {'line': b'-- Up-to-date: /home/mustardking/ws_sensor_combined/install/px4_msgs/include/px4_msgs/px4_msgs/msg/detail/internal_combustion_engine_status__rosidl_typesupport_introspection_cpp.hpp\n'}
[1.403875] (px4_msgs) StdoutLine: {'line': b'-- Up-to-date: /home/mustardking/ws_sensor_combined/install/px4_msgs/include/px4_msgs/px4_msgs/msg/detail/gimbal_device_information__rosidl_typesupport_introspection_cpp.hpp\n'}
[1.403900] (px4_msgs) StdoutLine: {'line': b'-- Up-to-date: /home/mustardking/ws_sensor_combined/install/px4_msgs/include/px4_msgs/px4_msgs/msg/detail/rtl_status__rosidl_typesupport_introspection_cpp.hpp\n'}
[1.403938] (px4_msgs) StdoutLine: {'line': b'-- Up-to-date: /home/mustardking/ws_sensor_combined/install/px4_msgs/include/px4_msgs/px4_msgs/msg/detail/figure_eight_status__type_support.cpp\n'}
[1.403969] (px4_msgs) StdoutLine: {'line': b'-- Up-to-date: /home/mustardking/ws_sensor_combined/install/px4_msgs/include/px4_msgs/px4_msgs/msg/detail/fuel_tank_status__rosidl_typesupport_introspection_cpp.hpp\n'}
[1.403992] (px4_msgs) StdoutLine: {'line': b'-- Up-to-date: /home/mustardking/ws_sensor_combined/install/px4_msgs/include/px4_msgs/px4_msgs/msg/detail/estimator_sensor_bias__rosidl_typesupport_introspection_cpp.hpp\n'}
[1.404014] (px4_msgs) StdoutLine: {'line': b'-- Up-to-date: /home/mustardking/ws_sensor_combined/install/px4_msgs/include/px4_msgs/px4_msgs/msg/detail/transponder_report__rosidl_typesupport_introspection_cpp.hpp\n'}
[1.404036] (px4_msgs) StdoutLine: {'line': b'-- Up-to-date: /home/mustardking/ws_sensor_combined/install/px4_msgs/include/px4_msgs/px4_msgs/msg/detail/control_allocator_status__rosidl_typesupport_introspection_cpp.hpp\n'}
[1.404070] (px4_msgs) StdoutLine: {'line': b'-- Up-to-date: /home/mustardking/ws_sensor_combined/install/px4_msgs/include/px4_msgs/px4_msgs/msg/detail/qshell_retval__type_support.cpp\n'}
[1.404092] (px4_msgs) StdoutLine: {'line': b'-- Up-to-date: /home/mustardking/ws_sensor_combined/install/px4_msgs/include/px4_msgs/px4_msgs/msg/detail/camera_capture__rosidl_typesupport_introspection_cpp.hpp\n'}
[1.404117] (px4_msgs) StdoutLine: {'line': b'-- Up-to-date: /home/mustardking/ws_sensor_combined/install/px4_msgs/include/px4_msgs/px4_msgs/msg/detail/irlock_report__type_support.cpp\n'}
[1.404139] (px4_msgs) StdoutLine: {'line': b'-- Up-to-date: /home/mustardking/ws_sensor_combined/install/px4_msgs/include/px4_msgs/px4_msgs/msg/detail/differential_pressure__type_support.cpp\n'}
[1.404161] (px4_msgs) StdoutLine: {'line': b'-- Up-to-date: /home/mustardking/ws_sensor_combined/install/px4_msgs/include/px4_msgs/px4_msgs/msg/detail/esc_report__type_support.cpp\n'}
[1.404184] (px4_msgs) StdoutLine: {'line': b'-- Up-to-date: /home/mustardking/ws_sensor_combined/install/px4_msgs/include/px4_msgs/px4_msgs/msg/detail/estimator_status_flags__rosidl_typesupport_introspection_cpp.hpp\n'}
[1.404219] (px4_msgs) StdoutLine: {'line': b'-- Up-to-date: /home/mustardking/ws_sensor_combined/install/px4_msgs/include/px4_msgs/px4_msgs/msg/detail/vehicle_rates_setpoint__rosidl_typesupport_introspection_cpp.hpp\n'}
[1.404241] (px4_msgs) StdoutLine: {'line': b'-- Up-to-date: /home/mustardking/ws_sensor_combined/install/px4_msgs/include/px4_msgs/px4_msgs/msg/detail/gps_inject_data__type_support.cpp\n'}
[1.404264] (px4_msgs) StdoutLine: {'line': b'-- Up-to-date: /home/mustardking/ws_sensor_combined/install/px4_msgs/include/px4_msgs/px4_msgs/msg/detail/failsafe_flags__type_support.cpp\n'}
[1.404286] (px4_msgs) StdoutLine: {'line': b'-- Up-to-date: /home/mustardking/ws_sensor_combined/install/px4_msgs/include/px4_msgs/px4_msgs/msg/detail/mavlink_log__rosidl_typesupport_introspection_cpp.hpp\n'}
[1.404308] (px4_msgs) StdoutLine: {'line': b'-- Up-to-date: /home/mustardking/ws_sensor_combined/install/px4_msgs/include/px4_msgs/px4_msgs/msg/detail/open_drone_id_system__type_support.cpp\n'}
[1.404343] (px4_msgs) StdoutLine: {'line': b'-- Up-to-date: /home/mustardking/ws_sensor_combined/install/px4_msgs/include/px4_msgs/px4_msgs/msg/detail/px4io_status__rosidl_typesupport_introspection_cpp.hpp\n'}
[1.404366] (px4_msgs) StdoutLine: {'line': b'-- Up-to-date: /home/mustardking/ws_sensor_combined/install/px4_msgs/include/px4_msgs/px4_msgs/msg/detail/vtol_vehicle_status__rosidl_typesupport_introspection_cpp.hpp\n'}
[1.404388] (px4_msgs) StdoutLine: {'line': b'-- Up-to-date: /home/mustardking/ws_sensor_combined/install/px4_msgs/include/px4_msgs/px4_msgs/msg/detail/gimbal_device_set_attitude__rosidl_typesupport_introspection_cpp.hpp\n'}
[1.404410] (px4_msgs) StdoutLine: {'line': b'-- Up-to-date: /home/mustardking/ws_sensor_combined/install/px4_msgs/include/px4_msgs/px4_msgs/msg/detail/vehicle_optical_flow_vel__rosidl_typesupport_introspection_cpp.hpp\n'}
[1.404433] (px4_msgs) StdoutLine: {'line': b'-- Up-to-date: /home/mustardking/ws_sensor_combined/install/px4_msgs/include/px4_msgs/px4_msgs/msg/detail/qshell_retval__rosidl_typesupport_introspection_cpp.hpp\n'}
[1.404455] (px4_msgs) StdoutLine: {'line': b'-- Up-to-date: /home/mustardking/ws_sensor_combined/install/px4_msgs/include/px4_msgs/px4_msgs/msg/detail/sensor_correction__type_support.cpp\n'}
[1.404477] (px4_msgs) StdoutLine: {'line': b'-- Up-to-date: /home/mustardking/ws_sensor_combined/install/px4_msgs/include/px4_msgs/px4_msgs/msg/detail/normalized_unsigned_setpoint__type_support.cpp\n'}
[1.404514] (px4_msgs) StdoutLine: {'line': b'-- Up-to-date: /home/mustardking/ws_sensor_combined/install/px4_msgs/include/px4_msgs/px4_msgs/msg/detail/ulog_stream__rosidl_typesupport_introspection_cpp.hpp\n'}
[1.404539] (px4_msgs) StdoutLine: {'line': b'-- Up-to-date: /home/mustardking/ws_sensor_combined/install/px4_msgs/include/px4_msgs/px4_msgs/msg/detail/orbit_status__type_support.cpp\n'}
[1.404562] (px4_msgs) StdoutLine: {'line': b'-- Up-to-date: /home/mustardking/ws_sensor_combined/install/px4_msgs/include/px4_msgs/px4_msgs/msg/detail/iridiumsbd_status__type_support.cpp\n'}
[1.404584] (px4_msgs) StdoutLine: {'line': b'-- Up-to-date: /home/mustardking/ws_sensor_combined/install/px4_msgs/include/px4_msgs/px4_msgs/msg/detail/rover_speed_setpoint__rosidl_typesupport_introspection_cpp.hpp\n'}
[1.404617] (px4_msgs) StdoutLine: {'line': b'-- Up-to-date: /home/mustardking/ws_sensor_combined/install/px4_msgs/include/px4_msgs/px4_msgs/msg/detail/task_stack_info__rosidl_typesupport_introspection_cpp.hpp\n'}
[1.404646] (px4_msgs) StdoutLine: {'line': b'-- Up-to-date: /home/mustardking/ws_sensor_combined/install/px4_msgs/include/px4_msgs/px4_msgs/msg/detail/landing_target_pose__rosidl_typesupport_introspection_cpp.hpp\n'}
[1.404669] (px4_msgs) StdoutLine: {'line': b'-- Up-to-date: /home/mustardking/ws_sensor_combined/install/px4_msgs/include/px4_msgs/px4_msgs/msg/detail/landing_target_pose__type_support.cpp\n'}
[1.404691] (px4_msgs) StdoutLine: {'line': b'-- Up-to-date: /home/mustardking/ws_sensor_combined/install/px4_msgs/include/px4_msgs/px4_msgs/msg/detail/sensor_uwb__rosidl_typesupport_introspection_cpp.hpp\n'}
[1.404713] (px4_msgs) StdoutLine: {'line': b'-- Up-to-date: /home/mustardking/ws_sensor_combined/install/px4_msgs/include/px4_msgs/px4_msgs/msg/detail/neural_control__type_support.cpp\n'}
[1.404735] (px4_msgs) StdoutLine: {'line': b'-- Up-to-date: /home/mustardking/ws_sensor_combined/install/px4_msgs/include/px4_msgs/px4_msgs/msg/detail/log_message__rosidl_typesupport_introspection_cpp.hpp\n'}
[1.404757] (px4_msgs) StdoutLine: {'line': b'-- Up-to-date: /home/mustardking/ws_sensor_combined/install/px4_msgs/include/px4_msgs/px4_msgs/msg/detail/mode_completed__rosidl_typesupport_introspection_cpp.hpp\n'}
[1.404797] (px4_msgs) StdoutLine: {'line': b'-- Up-to-date: /home/mustardking/ws_sensor_combined/install/px4_msgs/include/px4_msgs/px4_msgs/msg/detail/heater_status__type_support.cpp\n'}
[1.404819] (px4_msgs) StdoutLine: {'line': b'-- Up-to-date: /home/mustardking/ws_sensor_combined/install/px4_msgs/include/px4_msgs/px4_msgs/msg/detail/distance_sensor__type_support.cpp\n'}
[1.404841] (px4_msgs) StdoutLine: {'line': b'-- Up-to-date: /home/mustardking/ws_sensor_combined/install/px4_msgs/include/px4_msgs/px4_msgs/msg/detail/register_ext_component_reply__type_support.cpp\n'}
[1.404863] (px4_msgs) StdoutLine: {'line': b'-- Up-to-date: /home/mustardking/ws_sensor_combined/install/px4_msgs/include/px4_msgs/px4_msgs/msg/detail/fixed_wing_lateral_status__rosidl_typesupport_introspection_cpp.hpp\n'}
[1.404885] (px4_msgs) StdoutLine: {'line': b'-- Up-to-date: /home/mustardking/ws_sensor_combined/install/px4_msgs/include/px4_msgs/px4_msgs/msg/detail/adc_report__type_support.cpp\n'}
[1.404921] (px4_msgs) StdoutLine: {'line': b'-- Up-to-date: /home/mustardking/ws_sensor_combined/install/px4_msgs/include/px4_msgs/px4_msgs/msg/detail/fuel_tank_status__type_support.cpp\n'}
[1.404943] (px4_msgs) StdoutLine: {'line': b'-- Up-to-date: /home/mustardking/ws_sensor_combined/install/px4_msgs/include/px4_msgs/px4_msgs/msg/detail/estimator_states__type_support.cpp\n'}
[1.404966] (px4_msgs) StdoutLine: {'line': b'-- Up-to-date: /home/mustardking/ws_sensor_combined/install/px4_msgs/include/px4_msgs/px4_msgs/msg/detail/estimator_bias__type_support.cpp\n'}
[1.404989] (px4_msgs) StdoutLine: {'line': b'-- Up-to-date: /home/mustardking/ws_sensor_combined/install/px4_msgs/include/px4_msgs/px4_msgs/msg/detail/parameter_reset_request__type_support.cpp\n'}
[1.405011] (px4_msgs) StdoutLine: {'line': b'-- Up-to-date: /home/mustardking/ws_sensor_combined/install/px4_msgs/include/px4_msgs/px4_msgs/msg/detail/ulog_stream_ack__type_support.cpp\n'}
[1.405033] (px4_msgs) StdoutLine: {'line': b'-- Up-to-date: /home/mustardking/ws_sensor_combined/install/px4_msgs/include/px4_msgs/px4_msgs/msg/detail/sensor_hygrometer__type_support.cpp\n'}
[1.405075] (px4_msgs) StdoutLine: {'line': b'-- Up-to-date: /home/mustardking/ws_sensor_combined/install/px4_msgs/include/px4_msgs/px4_msgs/msg/detail/vehicle_constraints__rosidl_typesupport_introspection_cpp.hpp\n'}
[1.405097] (px4_msgs) StdoutLine: {'line': b'-- Up-to-date: /home/mustardking/ws_sensor_combined/install/px4_msgs/include/px4_msgs/px4_msgs/msg/detail/heater_status__rosidl_typesupport_introspection_cpp.hpp\n'}
[1.405121] (px4_msgs) StdoutLine: {'line': b'-- Up-to-date: /home/mustardking/ws_sensor_combined/install/px4_msgs/include/px4_msgs/px4_msgs/msg/detail/gpio_config__rosidl_typesupport_introspection_cpp.hpp\n'}
[1.405143] (px4_msgs) StdoutLine: {'line': b'-- Up-to-date: /home/mustardking/ws_sensor_combined/install/px4_msgs/include/px4_msgs/px4_msgs/msg/detail/fixed_wing_longitudinal_setpoint__rosidl_typesupport_introspection_cpp.hpp\n'}
[1.405166] (px4_msgs) StdoutLine: {'line': b'-- Up-to-date: /home/mustardking/ws_sensor_combined/install/px4_msgs/include/px4_msgs/px4_msgs/msg/detail/estimator_sensor_bias__type_support.cpp\n'}
[1.405211] (px4_msgs) StdoutLine: {'line': b'-- Up-to-date: /home/mustardking/ws_sensor_combined/install/px4_msgs/include/px4_msgs/px4_msgs/msg/detail/vehicle_local_position_setpoint__type_support.cpp\n'}
[1.405234] (px4_msgs) StdoutLine: {'line': b'-- Up-to-date: /home/mustardking/ws_sensor_combined/install/px4_msgs/include/px4_msgs/px4_msgs/msg/detail/flight_phase_estimation__type_support.cpp\n'}
[1.405256] (px4_msgs) StdoutLine: {'line': b'-- Up-to-date: /home/mustardking/ws_sensor_combined/install/px4_msgs/include/px4_msgs/px4_msgs/msg/detail/rtl_time_estimate__type_support.cpp\n'}
[1.405277] (px4_msgs) StdoutLine: {'line': b'-- Up-to-date: /home/mustardking/ws_sensor_combined/install/px4_msgs/include/px4_msgs/px4_msgs/msg/detail/vehicle_land_detected__rosidl_typesupport_introspection_cpp.hpp\n'}
[1.405300] (px4_msgs) StdoutLine: {'line': b'-- Up-to-date: /home/mustardking/ws_sensor_combined/install/px4_msgs/include/px4_msgs/px4_msgs/msg/detail/cellular_status__rosidl_typesupport_introspection_cpp.hpp\n'}
[1.405327] (px4_msgs) StdoutLine: {'line': b'-- Up-to-date: /home/mustardking/ws_sensor_combined/install/px4_msgs/include/px4_msgs/px4_msgs/msg/detail/wind__type_support.cpp\n'}
[1.405881] (px4_msgs) StdoutLine: {'line': b'-- Up-to-date: /home/mustardking/ws_sensor_combined/install/px4_msgs/include/px4_msgs/px4_msgs/msg/detail/position_controller_status__rosidl_typesupport_introspection_cpp.hpp\n'}
[1.405918] (px4_msgs) StdoutLine: {'line': b'-- Up-to-date: /home/mustardking/ws_sensor_combined/install/px4_msgs/include/px4_msgs/px4_msgs/msg/detail/open_drone_id_self_id__type_support.cpp\n'}
[1.405941] (px4_msgs) StdoutLine: {'line': b'-- Up-to-date: /home/mustardking/ws_sensor_combined/install/px4_msgs/include/px4_msgs/px4_msgs/msg/detail/generator_status__type_support.cpp\n'}
[1.405970] (px4_msgs) StdoutLine: {'line': b'-- Up-to-date: /home/mustardking/ws_sensor_combined/install/px4_msgs/include/px4_msgs/px4_msgs/msg/detail/system_power__rosidl_typesupport_introspection_cpp.hpp\n'}
[1.405993] (px4_msgs) StdoutLine: {'line': b'-- Up-to-date: /home/mustardking/ws_sensor_combined/install/px4_msgs/include/px4_msgs/px4_msgs/msg/detail/normalized_unsigned_setpoint__rosidl_typesupport_introspection_cpp.hpp\n'}
[1.406087] (px4_msgs) StdoutLine: {'line': b'-- Up-to-date: /home/mustardking/ws_sensor_combined/install/px4_msgs/include/px4_msgs/px4_msgs/msg/detail/estimator_aid_source1d__type_support.cpp\n'}
[1.406109] (px4_msgs) StdoutLine: {'line': b'-- Up-to-date: /home/mustardking/ws_sensor_combined/install/px4_msgs/include/px4_msgs/px4_msgs/msg/detail/gimbal_manager_set_manual_control__rosidl_typesupport_introspection_cpp.hpp\n'}
[1.406131] (px4_msgs) StdoutLine: {'line': b'-- Up-to-date: /home/mustardking/ws_sensor_combined/install/px4_msgs/include/px4_msgs/px4_msgs/msg/detail/vehicle_magnetometer__type_support.cpp\n'}
[1.406154] (px4_msgs) StdoutLine: {'line': b'-- Up-to-date: /home/mustardking/ws_sensor_combined/install/px4_msgs/include/px4_msgs/px4_msgs/msg/detail/open_drone_id_arm_status__rosidl_typesupport_introspection_cpp.hpp\n'}
[1.406177] (px4_msgs) StdoutLine: {'line': b'-- Up-to-date: /home/mustardking/ws_sensor_combined/install/px4_msgs/include/px4_msgs/px4_msgs/msg/detail/task_stack_info__type_support.cpp\n'}
[1.406199] (px4_msgs) StdoutLine: {'line': b'-- Up-to-date: /home/mustardking/ws_sensor_combined/install/px4_msgs/include/px4_msgs/px4_msgs/msg/detail/sensor_mag__type_support.cpp\n'}
[1.406310] (px4_msgs) StdoutLine: {'line': b'-- Up-to-date: /home/mustardking/ws_sensor_combined/install/px4_msgs/include/px4_msgs/px4_msgs/msg/detail/gpio_request__rosidl_typesupport_introspection_cpp.hpp\n'}
[1.406368] (px4_msgs) StdoutLine: {'line': b'-- Up-to-date: /home/mustardking/ws_sensor_combined/install/px4_msgs/include/px4_msgs/px4_msgs/msg/detail/parameter_update__type_support.cpp\n'}
[1.406393] (px4_msgs) StdoutLine: {'line': b'-- Up-to-date: /home/mustardking/ws_sensor_combined/install/px4_msgs/include/px4_msgs/px4_msgs/msg/detail/fixed_wing_runway_control__rosidl_typesupport_introspection_cpp.hpp\n'}
[1.406417] (px4_msgs) StdoutLine: {'line': b'-- Up-to-date: /home/mustardking/ws_sensor_combined/install/px4_msgs/include/px4_msgs/px4_msgs/msg/detail/tecs_status__type_support.cpp\n'}
[1.406439] (px4_msgs) StdoutLine: {'line': b'-- Up-to-date: /home/mustardking/ws_sensor_combined/install/px4_msgs/include/px4_msgs/px4_msgs/msg/detail/airspeed_validated__type_support.cpp\n'}
[1.406481] (px4_msgs) StdoutLine: {'line': b'-- Up-to-date: /home/mustardking/ws_sensor_combined/install/px4_msgs/include/px4_msgs/px4_msgs/msg/detail/logger_status__rosidl_typesupport_introspection_cpp.hpp\n'}
[1.406505] (px4_msgs) StdoutLine: {'line': b'-- Up-to-date: /home/mustardking/ws_sensor_combined/install/px4_msgs/include/px4_msgs/px4_msgs/msg/detail/vehicle_command_ack__type_support.cpp\n'}
[1.406528] (px4_msgs) StdoutLine: {'line': b'-- Up-to-date: /home/mustardking/ws_sensor_combined/install/px4_msgs/include/px4_msgs/px4_msgs/msg/detail/rover_speed_setpoint__type_support.cpp\n'}
[1.406553] (px4_msgs) StdoutLine: {'line': b'-- Up-to-date: /home/mustardking/ws_sensor_combined/install/px4_msgs/include/px4_msgs/px4_msgs/msg/detail/dataman_request__rosidl_typesupport_introspection_cpp.hpp\n'}
[1.406575] (px4_msgs) StdoutLine: {'line': b'-- Up-to-date: /home/mustardking/ws_sensor_combined/install/px4_msgs/include/px4_msgs/px4_msgs/msg/detail/button_event__type_support.cpp\n'}
[1.406601] (px4_msgs) StdoutLine: {'line': b'-- Up-to-date: /home/mustardking/ws_sensor_combined/install/px4_msgs/include/px4_msgs/px4_msgs/msg/detail/position_setpoint__type_support.cpp\n'}
[1.406636] (px4_msgs) StdoutLine: {'line': b'-- Up-to-date: /home/mustardking/ws_sensor_combined/install/px4_msgs/include/px4_msgs/px4_msgs/msg/detail/sensor_airflow__rosidl_typesupport_introspection_cpp.hpp\n'}
[1.406659] (px4_msgs) StdoutLine: {'line': b'-- Up-to-date: /home/mustardking/ws_sensor_combined/install/px4_msgs/include/px4_msgs/px4_msgs/msg/detail/estimator_status__rosidl_typesupport_introspection_cpp.hpp\n'}
[1.406682] (px4_msgs) StdoutLine: {'line': b'-- Up-to-date: /home/mustardking/ws_sensor_combined/install/px4_msgs/include/px4_msgs/px4_msgs/msg/detail/sensor_gyro_fft__type_support.cpp\n'}
[1.406704] (px4_msgs) StdoutLine: {'line': b'-- Up-to-date: /home/mustardking/ws_sensor_combined/install/px4_msgs/include/px4_msgs/px4_msgs/msg/detail/estimator_aid_source3d__rosidl_typesupport_introspection_cpp.hpp\n'}
[1.406726] (px4_msgs) StdoutLine: {'line': b'-- Up-to-date: /home/mustardking/ws_sensor_combined/install/px4_msgs/include/px4_msgs/px4_msgs/msg/detail/uavcan_parameter_request__type_support.cpp\n'}
[1.406761] (px4_msgs) StdoutLine: {'line': b'-- Up-to-date: /home/mustardking/ws_sensor_combined/install/px4_msgs/include/px4_msgs/px4_msgs/msg/detail/sensor_gyro__rosidl_typesupport_introspection_cpp.hpp\n'}
[1.406784] (px4_msgs) StdoutLine: {'line': b'-- Up-to-date: /home/mustardking/ws_sensor_combined/install/px4_msgs/include/px4_msgs/px4_msgs/msg/detail/airspeed_validated__rosidl_typesupport_introspection_cpp.hpp\n'}
[1.406806] (px4_msgs) StdoutLine: {'line': b'-- Up-to-date: /home/mustardking/ws_sensor_combined/install/px4_msgs/include/px4_msgs/px4_msgs/msg/detail/can_interface_status__type_support.cpp\n'}
[1.406829] (px4_msgs) StdoutLine: {'line': b'-- Up-to-date: /home/mustardking/ws_sensor_combined/install/px4_msgs/include/px4_msgs/px4_msgs/msg/detail/vehicle_command__rosidl_typesupport_introspection_cpp.hpp\n'}
[1.406853] (px4_msgs) StdoutLine: {'line': b'-- Up-to-date: /home/mustardking/ws_sensor_combined/install/px4_msgs/include/px4_msgs/px4_msgs/msg/detail/rover_throttle_setpoint__type_support.cpp\n'}
[1.406875] (px4_msgs) StdoutLine: {'line': b'-- Up-to-date: /home/mustardking/ws_sensor_combined/install/px4_msgs/include/px4_msgs/px4_msgs/msg/detail/dronecan_node_status__type_support.cpp\n'}
[1.406897] (px4_msgs) StdoutLine: {'line': b'-- Up-to-date: /home/mustardking/ws_sensor_combined/install/px4_msgs/include/px4_msgs/px4_msgs/msg/detail/vehicle_odometry__rosidl_typesupport_introspection_cpp.hpp\n'}
[1.406933] (px4_msgs) StdoutLine: {'line': b'-- Up-to-date: /home/mustardking/ws_sensor_combined/install/px4_msgs/include/px4_msgs/px4_msgs/msg/detail/gimbal_device_attitude_status__rosidl_typesupport_introspection_cpp.hpp\n'}
[1.406956] (px4_msgs) StdoutLine: {'line': b'-- Up-to-date: /home/mustardking/ws_sensor_combined/install/px4_msgs/include/px4_msgs/px4_msgs/msg/detail/rover_attitude_status__rosidl_typesupport_introspection_cpp.hpp\n'}
[1.406978] (px4_msgs) StdoutLine: {'line': b'-- Up-to-date: /home/mustardking/ws_sensor_combined/install/px4_msgs/include/px4_msgs/px4_msgs/msg/detail/vehicle_imu_status__rosidl_typesupport_introspection_cpp.hpp\n'}
[1.407000] (px4_msgs) StdoutLine: {'line': b'-- Up-to-date: /home/mustardking/ws_sensor_combined/install/px4_msgs/include/px4_msgs/px4_msgs/msg/detail/camera_trigger__type_support.cpp\n'}
[1.407023] (px4_msgs) StdoutLine: {'line': b'-- Up-to-date: /home/mustardking/ws_sensor_combined/install/px4_msgs/include/px4_msgs/px4_msgs/msg/detail/mission_result__type_support.cpp\n'}
[1.407062] (px4_msgs) StdoutLine: {'line': b'-- Up-to-date: /home/mustardking/ws_sensor_combined/install/px4_msgs/include/px4_msgs/px4_msgs/msg/detail/estimator_status__type_support.cpp\n'}
[1.407084] (px4_msgs) StdoutLine: {'line': b'-- Up-to-date: /home/mustardking/ws_sensor_combined/install/px4_msgs/include/px4_msgs/px4_msgs/msg/detail/vehicle_thrust_setpoint__type_support.cpp\n'}
[1.407117] (px4_msgs) StdoutLine: {'line': b'-- Up-to-date: /home/mustardking/ws_sensor_combined/install/px4_msgs/include/px4_msgs/px4_msgs/msg/detail/follow_target_estimator__rosidl_typesupport_introspection_cpp.hpp\n'}
[1.407139] (px4_msgs) StdoutLine: {'line': b'-- Up-to-date: /home/mustardking/ws_sensor_combined/install/px4_msgs/include/px4_msgs/px4_msgs/msg/detail/sensor_gyro_fft__rosidl_typesupport_introspection_cpp.hpp\n'}
[1.407161] (px4_msgs) StdoutLine: {'line': b'-- Up-to-date: /home/mustardking/ws_sensor_combined/install/px4_msgs/include/px4_msgs/px4_msgs/msg/detail/gps_inject_data__rosidl_typesupport_introspection_cpp.hpp\n'}
[1.407185] (px4_msgs) StdoutLine: {'line': b'-- Up-to-date: /home/mustardking/ws_sensor_combined/install/px4_msgs/include/px4_msgs/px4_msgs/msg/detail/input_rc__type_support.cpp\n'}
[1.407225] (px4_msgs) StdoutLine: {'line': b'-- Up-to-date: /home/mustardking/ws_sensor_combined/install/px4_msgs/include/px4_msgs/px4_msgs/msg/detail/actuator_armed__rosidl_typesupport_introspection_cpp.hpp\n'}
[1.407248] (px4_msgs) StdoutLine: {'line': b'-- Up-to-date: /home/mustardking/ws_sensor_combined/install/px4_msgs/include/px4_msgs/px4_msgs/msg/detail/rover_position_setpoint__type_support.cpp\n'}
[1.407273] (px4_msgs) StdoutLine: {'line': b'-- Up-to-date: /home/mustardking/ws_sensor_combined/install/px4_msgs/include/px4_msgs/px4_msgs/msg/detail/health_report__rosidl_typesupport_introspection_cpp.hpp\n'}
[1.407296] (px4_msgs) StdoutLine: {'line': b'-- Up-to-date: /home/mustardking/ws_sensor_combined/install/px4_msgs/include/px4_msgs/px4_msgs/msg/detail/adc_report__rosidl_typesupport_introspection_cpp.hpp\n'}
[1.407319] (px4_msgs) StdoutLine: {'line': b'-- Up-to-date: /home/mustardking/ws_sensor_combined/install/px4_msgs/include/px4_msgs/px4_msgs/msg/detail/rc_channels__rosidl_typesupport_introspection_cpp.hpp\n'}
[1.407357] (px4_msgs) StdoutLine: {'line': b'-- Up-to-date: /home/mustardking/ws_sensor_combined/install/px4_msgs/include/px4_msgs/px4_msgs/msg/detail/esc_status__type_support.cpp\n'}
[1.407382] (px4_msgs) StdoutLine: {'line': b'-- Up-to-date: /home/mustardking/ws_sensor_combined/install/px4_msgs/include/px4_msgs/px4_msgs/msg/detail/tecs_status__rosidl_typesupport_introspection_cpp.hpp\n'}
[1.407405] (px4_msgs) StdoutLine: {'line': b'-- Up-to-date: /home/mustardking/ws_sensor_combined/install/px4_msgs/include/px4_msgs/px4_msgs/msg/detail/actuator_servos__type_support.cpp\n'}
[1.407427] (px4_msgs) StdoutLine: {'line': b'-- Up-to-date: /home/mustardking/ws_sensor_combined/install/px4_msgs/include/px4_msgs/px4_msgs/msg/detail/gpio_config__type_support.cpp\n'}
[1.407449] (px4_msgs) StdoutLine: {'line': b'-- Up-to-date: /home/mustardking/ws_sensor_combined/install/px4_msgs/include/px4_msgs/px4_msgs/msg/detail/mag_worker_data__type_support.cpp\n'}
[1.407471] (px4_msgs) StdoutLine: {'line': b'-- Up-to-date: /home/mustardking/ws_sensor_combined/install/px4_msgs/include/px4_msgs/px4_msgs/msg/detail/landing_gear__type_support.cpp\n'}
[1.407509] (px4_msgs) StdoutLine: {'line': b'-- Up-to-date: /home/mustardking/ws_sensor_combined/install/px4_msgs/include/px4_msgs/px4_msgs/msg/detail/config_overrides__type_support.cpp\n'}
[1.407532] (px4_msgs) StdoutLine: {'line': b'-- Up-to-date: /home/mustardking/ws_sensor_combined/install/px4_msgs/include/px4_msgs/px4_msgs/msg/detail/velocity_limits__type_support.cpp\n'}
[1.407554] (px4_msgs) StdoutLine: {'line': b'-- Up-to-date: /home/mustardking/ws_sensor_combined/install/px4_msgs/include/px4_msgs/px4_msgs/msg/detail/satellite_info__type_support.cpp\n'}
[1.407577] (px4_msgs) StdoutLine: {'line': b'-- Up-to-date: /home/mustardking/ws_sensor_combined/install/px4_msgs/include/px4_msgs/px4_msgs/msg/detail/follow_target__rosidl_typesupport_introspection_cpp.hpp\n'}
[1.407599] (px4_msgs) StdoutLine: {'line': b'-- Up-to-date: /home/mustardking/ws_sensor_combined/install/px4_msgs/include/px4_msgs/px4_msgs/msg/detail/manual_control_setpoint__rosidl_typesupport_introspection_cpp.hpp\n'}
[1.407637] (px4_msgs) StdoutLine: {'line': b'-- Up-to-date: /home/mustardking/ws_sensor_combined/install/px4_msgs/include/px4_msgs/px4_msgs/msg/detail/fixed_wing_lateral_setpoint__type_support.cpp\n'}
[1.407660] (px4_msgs) StdoutLine: {'line': b'-- Up-to-date: /home/mustardking/ws_sensor_combined/install/px4_msgs/include/px4_msgs/px4_msgs/msg/detail/trajectory_setpoint6dof__rosidl_typesupport_introspection_cpp.hpp\n'}
[1.407682] (px4_msgs) StdoutLine: {'line': b'-- Up-to-date: /home/mustardking/ws_sensor_combined/install/px4_msgs/include/px4_msgs/px4_msgs/msg/detail/navigator_status__type_support.cpp\n'}
[1.407704] (px4_msgs) StdoutLine: {'line': b'-- Up-to-date: /home/mustardking/ws_sensor_combined/install/px4_msgs/include/px4_msgs/px4_msgs/msg/detail/orb_test_large__rosidl_typesupport_introspection_cpp.hpp\n'}
[1.407727] (px4_msgs) StdoutLine: {'line': b'-- Up-to-date: /home/mustardking/ws_sensor_combined/install/px4_msgs/include/px4_msgs/px4_msgs/msg/detail/iridiumsbd_status__rosidl_typesupport_introspection_cpp.hpp\n'}
[1.407749] (px4_msgs) StdoutLine: {'line': b'-- Up-to-date: /home/mustardking/ws_sensor_combined/install/px4_msgs/include/px4_msgs/px4_msgs/msg/detail/sensor_accel__rosidl_typesupport_introspection_cpp.hpp\n'}
[1.407786] (px4_msgs) StdoutLine: {'line': b'-- Up-to-date: /home/mustardking/ws_sensor_combined/install/px4_msgs/include/px4_msgs/px4_msgs/msg/detail/uavcan_parameter_value__type_support.cpp\n'}
[1.407810] (px4_msgs) StdoutLine: {'line': b'-- Up-to-date: /home/mustardking/ws_sensor_combined/install/px4_msgs/include/px4_msgs/px4_msgs/msg/detail/airspeed_wind__type_support.cpp\n'}
[1.407835] (px4_msgs) StdoutLine: {'line': b'-- Up-to-date: /home/mustardking/ws_sensor_combined/install/px4_msgs/include/px4_msgs/px4_msgs/msg/detail/manual_control_setpoint__type_support.cpp\n'}
[1.407857] (px4_msgs) StdoutLine: {'line': b'-- Up-to-date: /home/mustardking/ws_sensor_combined/install/px4_msgs/include/px4_msgs/px4_msgs/msg/detail/sensor_mag__rosidl_typesupport_introspection_cpp.hpp\n'}
[1.407879] (px4_msgs) StdoutLine: {'line': b'-- Up-to-date: /home/mustardking/ws_sensor_combined/install/px4_msgs/include/px4_msgs/px4_msgs/msg/detail/manual_control_switches__rosidl_typesupport_introspection_cpp.hpp\n'}
[1.407915] (px4_msgs) StdoutLine: {'line': b'-- Up-to-date: /home/mustardking/ws_sensor_combined/install/px4_msgs/include/px4_msgs/px4_msgs/msg/detail/gimbal_manager_status__type_support.cpp\n'}
[1.407938] (px4_msgs) StdoutLine: {'line': b'-- Up-to-date: /home/mustardking/ws_sensor_combined/install/px4_msgs/include/px4_msgs/px4_msgs/msg/detail/gimbal_device_set_attitude__type_support.cpp\n'}
[1.407963] (px4_msgs) StdoutLine: {'line': b'-- Up-to-date: /home/mustardking/ws_sensor_combined/install/px4_msgs/include/px4_msgs/px4_msgs/msg/detail/timesync_status__type_support.cpp\n'}
[1.407986] (px4_msgs) StdoutLine: {'line': b'-- Up-to-date: /home/mustardking/ws_sensor_combined/install/px4_msgs/include/px4_msgs/px4_msgs/msg/detail/airspeed_wind__rosidl_typesupport_introspection_cpp.hpp\n'}
[1.408008] (px4_msgs) StdoutLine: {'line': b'-- Up-to-date: /home/mustardking/ws_sensor_combined/install/px4_msgs/include/px4_msgs/px4_msgs/msg/detail/vehicle_local_position__rosidl_typesupport_introspection_cpp.hpp\n'}
[1.408030] (px4_msgs) StdoutLine: {'line': b'-- Up-to-date: /home/mustardking/ws_sensor_combined/install/px4_msgs/include/px4_msgs/px4_msgs/msg/detail/landing_gear__rosidl_typesupport_introspection_cpp.hpp\n'}
[1.408052] (px4_msgs) StdoutLine: {'line': b'-- Up-to-date: /home/mustardking/ws_sensor_combined/install/px4_msgs/include/px4_msgs/px4_msgs/msg/detail/battery_info__type_support.cpp\n'}
[1.408090] (px4_msgs) StdoutLine: {'line': b'-- Up-to-date: /home/mustardking/ws_sensor_combined/install/px4_msgs/include/px4_msgs/px4_msgs/msg/detail/differential_pressure__rosidl_typesupport_introspection_cpp.hpp\n'}
[1.408113] (px4_msgs) StdoutLine: {'line': b'-- Up-to-date: /home/mustardking/ws_sensor_combined/install/px4_msgs/include/px4_msgs/px4_msgs/msg/detail/gpio_request__type_support.cpp\n'}
[1.408135] (px4_msgs) StdoutLine: {'line': b'-- Up-to-date: /home/mustardking/ws_sensor_combined/install/px4_msgs/include/px4_msgs/px4_msgs/msg/detail/message_format_response__rosidl_typesupport_introspection_cpp.hpp\n'}
[1.408157] (px4_msgs) StdoutLine: {'line': b'-- Up-to-date: /home/mustardking/ws_sensor_combined/install/px4_msgs/include/px4_msgs/px4_msgs/msg/detail/sensor_optical_flow__rosidl_typesupport_introspection_cpp.hpp\n'}
[1.408191] (px4_msgs) StdoutLine: {'line': b'-- Up-to-date: /home/mustardking/ws_sensor_combined/install/px4_msgs/include/px4_msgs/px4_msgs/msg/detail/sensor_gyro_fifo__rosidl_typesupport_introspection_cpp.hpp\n'}
[1.408220] (px4_msgs) StdoutLine: {'line': b'-- Up-to-date: /home/mustardking/ws_sensor_combined/install/px4_msgs/include/px4_msgs/px4_msgs/msg/detail/mission__type_support.cpp\n'}
[1.408242] (px4_msgs) StdoutLine: {'line': b'-- Up-to-date: /home/mustardking/ws_sensor_combined/install/px4_msgs/include/px4_msgs/px4_msgs/msg/detail/landing_gear_wheel__rosidl_typesupport_introspection_cpp.hpp\n'}
[1.408264] (px4_msgs) StdoutLine: {'line': b'-- Up-to-date: /home/mustardking/ws_sensor_combined/install/px4_msgs/include/px4_msgs/px4_msgs/msg/detail/estimator_bias3d__rosidl_typesupport_introspection_cpp.hpp\n'}
[1.408286] (px4_msgs) StdoutLine: {'line': b'-- Up-to-date: /home/mustardking/ws_sensor_combined/install/px4_msgs/include/px4_msgs/px4_msgs/msg/detail/autotune_attitude_control_status__rosidl_typesupport_introspection_cpp.hpp\n'}
[1.408308] (px4_msgs) StdoutLine: {'line': b'-- Up-to-date: /home/mustardking/ws_sensor_combined/install/px4_msgs/include/px4_msgs/px4_msgs/msg/detail/vehicle_attitude_setpoint__rosidl_typesupport_introspection_cpp.hpp\n'}
[1.408331] (px4_msgs) StdoutLine: {'line': b'-- Up-to-date: /home/mustardking/ws_sensor_combined/install/px4_msgs/include/px4_msgs/px4_msgs/msg/detail/logger_status__type_support.cpp\n'}
[1.408369] (px4_msgs) StdoutLine: {'line': b'-- Up-to-date: /home/mustardking/ws_sensor_combined/install/px4_msgs/include/px4_msgs/px4_msgs/msg/detail/actuator_servos_trim__type_support.cpp\n'}
[1.408391] (px4_msgs) StdoutLine: {'line': b'-- Up-to-date: /home/mustardking/ws_sensor_combined/install/px4_msgs/include/px4_msgs/px4_msgs/msg/detail/estimator_bias3d__type_support.cpp\n'}
[1.408416] (px4_msgs) StdoutLine: {'line': b'-- Up-to-date: /home/mustardking/ws_sensor_combined/install/px4_msgs/include/px4_msgs/px4_msgs/msg/detail/follow_target_estimator__type_support.cpp\n'}
[1.408438] (px4_msgs) StdoutLine: {'line': b'-- Up-to-date: /home/mustardking/ws_sensor_combined/install/px4_msgs/include/px4_msgs/px4_msgs/msg/detail/airspeed__rosidl_typesupport_introspection_cpp.hpp\n'}
[1.408462] (px4_msgs) StdoutLine: {'line': b'-- Up-to-date: /home/mustardking/ws_sensor_combined/install/px4_msgs/include/px4_msgs/px4_msgs/msg/detail/estimator_selector_status__rosidl_typesupport_introspection_cpp.hpp\n'}
[1.408535] (px4_msgs) StdoutLine: {'line': b'-- Up-to-date: /home/mustardking/ws_sensor_combined/install/px4_msgs/include/px4_msgs/px4_msgs/msg/detail/rpm__type_support.cpp\n'}
[1.408557] (px4_msgs) StdoutLine: {'line': b'-- Up-to-date: /home/mustardking/ws_sensor_combined/install/px4_msgs/include/px4_msgs/px4_msgs/msg/detail/open_drone_id_operator_id__type_support.cpp\n'}
[1.408580] (px4_msgs) StdoutLine: {'line': b'-- Up-to-date: /home/mustardking/ws_sensor_combined/install/px4_msgs/include/px4_msgs/px4_msgs/msg/detail/register_ext_component_request__type_support.cpp\n'}
[1.408603] (px4_msgs) StdoutLine: {'line': b'-- Up-to-date: /home/mustardking/ws_sensor_combined/install/px4_msgs/include/px4_msgs/px4_msgs/msg/detail/vehicle_command__type_support.cpp\n'}
[1.408637] (px4_msgs) StdoutLine: {'line': b'-- Up-to-date: /home/mustardking/ws_sensor_combined/install/px4_msgs/include/px4_msgs/px4_msgs/msg/detail/sensor_gyro__type_support.cpp\n'}
[1.408660] (px4_msgs) StdoutLine: {'line': b'-- Up-to-date: /home/mustardking/ws_sensor_combined/install/px4_msgs/include/px4_msgs/px4_msgs/msg/detail/uavcan_parameter_value__rosidl_typesupport_introspection_cpp.hpp\n'}
[1.408686] (px4_msgs) StdoutLine: {'line': b'-- Up-to-date: /home/mustardking/ws_sensor_combined/install/px4_msgs/include/px4_msgs/px4_msgs/msg/detail/parameter_set_value_response__type_support.cpp\n'}
[1.408708] (px4_msgs) StdoutLine: {'line': b'-- Up-to-date: /home/mustardking/ws_sensor_combined/install/px4_msgs/include/px4_msgs/px4_msgs/msg/detail/debug_vect__rosidl_typesupport_introspection_cpp.hpp\n'}
[1.408730] (px4_msgs) StdoutLine: {'line': b'-- Up-to-date: /home/mustardking/ws_sensor_combined/install/px4_msgs/include/px4_msgs/px4_msgs/msg/detail/radio_status__rosidl_typesupport_introspection_cpp.hpp\n'}
[1.408766] (px4_msgs) StdoutLine: {'line': b'-- Up-to-date: /home/mustardking/ws_sensor_combined/install/px4_msgs/include/px4_msgs/px4_msgs/msg/detail/battery_info__rosidl_typesupport_introspection_cpp.hpp\n'}
[1.408788] (px4_msgs) StdoutLine: {'line': b'-- Up-to-date: /home/mustardking/ws_sensor_combined/install/px4_msgs/include/px4_msgs/px4_msgs/msg/detail/navigator_mission_item__type_support.cpp\n'}
[1.408810] (px4_msgs) StdoutLine: {'line': b'-- Up-to-date: /home/mustardking/ws_sensor_combined/install/px4_msgs/include/px4_msgs/px4_msgs/msg/detail/open_drone_id_system__rosidl_typesupport_introspection_cpp.hpp\n'}
[1.408833] (px4_msgs) StdoutLine: {'line': b'-- Up-to-date: /home/mustardking/ws_sensor_combined/install/px4_msgs/include/px4_msgs/px4_msgs/msg/detail/offboard_control_mode__type_support.cpp\n'}
[1.408868] (px4_msgs) StdoutLine: {'line': b'-- Up-to-date: /home/mustardking/ws_sensor_combined/install/px4_msgs/include/px4_msgs/px4_msgs/msg/detail/rover_attitude_setpoint__rosidl_typesupport_introspection_cpp.hpp\n'}
[1.408891] (px4_msgs) StdoutLine: {'line': b'-- Up-to-date: /home/mustardking/ws_sensor_combined/install/px4_msgs/include/px4_msgs/px4_msgs/msg/detail/gripper__type_support.cpp\n'}
[1.408913] (px4_msgs) StdoutLine: {'line': b'-- Up-to-date: /home/mustardking/ws_sensor_combined/install/px4_msgs/include/px4_msgs/px4_msgs/msg/detail/rover_position_setpoint__rosidl_typesupport_introspection_cpp.hpp\n'}
[1.408935] (px4_msgs) StdoutLine: {'line': b'-- Up-to-date: /home/mustardking/ws_sensor_combined/install/px4_msgs/include/px4_msgs/px4_msgs/msg/detail/gps_dump__type_support.cpp\n'}
[1.408959] (px4_msgs) StdoutLine: {'line': b'-- Up-to-date: /home/mustardking/ws_sensor_combined/install/px4_msgs/include/px4_msgs/px4_msgs/msg/detail/vehicle_angular_velocity__type_support.cpp\n'}
[1.409000] (px4_msgs) StdoutLine: {'line': b'-- Up-to-date: /home/mustardking/ws_sensor_combined/install/px4_msgs/include/px4_msgs/px4_msgs/msg/detail/rc_parameter_map__type_support.cpp\n'}
[1.409022] (px4_msgs) StdoutLine: {'line': b'-- Up-to-date: /home/mustardking/ws_sensor_combined/install/px4_msgs/include/px4_msgs/px4_msgs/msg/detail/yaw_estimator_status__rosidl_typesupport_introspection_cpp.hpp\n'}
[1.409045] (px4_msgs) StdoutLine: {'line': b'-- Up-to-date: /home/mustardking/ws_sensor_combined/install/px4_msgs/include/px4_msgs/px4_msgs/msg/detail/sensor_gyro_fifo__type_support.cpp\n'}
[1.409066] (px4_msgs) StdoutLine: {'line': b'-- Up-to-date: /home/mustardking/ws_sensor_combined/install/px4_msgs/include/px4_msgs/px4_msgs/msg/detail/sensor_gnss_relative__rosidl_typesupport_introspection_cpp.hpp\n'}
[1.409088] (px4_msgs) StdoutLine: {'line': b'-- Up-to-date: /home/mustardking/ws_sensor_combined/install/px4_msgs/include/px4_msgs/px4_msgs/msg/detail/mode_completed__type_support.cpp\n'}
[1.409110] (px4_msgs) StdoutLine: {'line': b'-- Up-to-date: /home/mustardking/ws_sensor_combined/install/px4_msgs/include/px4_msgs/px4_msgs/msg/detail/pps_capture__type_support.cpp\n'}
[1.409134] (px4_msgs) StdoutLine: {'line': b'-- Up-to-date: /home/mustardking/ws_sensor_combined/install/px4_msgs/include/px4_msgs/px4_msgs/msg/detail/airspeed__type_support.cpp\n'}
[1.409173] (px4_msgs) StdoutLine: {'line': b'-- Up-to-date: /home/mustardking/ws_sensor_combined/install/px4_msgs/include/px4_msgs/px4_msgs/msg/detail/rate_ctrl_status__rosidl_typesupport_introspection_cpp.hpp\n'}
[1.409196] (px4_msgs) StdoutLine: {'line': b'-- Up-to-date: /home/mustardking/ws_sensor_combined/install/px4_msgs/include/px4_msgs/px4_msgs/msg/detail/vehicle_attitude__type_support.cpp\n'}
[1.409218] (px4_msgs) StdoutLine: {'line': b'-- Up-to-date: /home/mustardking/ws_sensor_combined/install/px4_msgs/include/px4_msgs/px4_msgs/msg/detail/failsafe_flags__rosidl_typesupport_introspection_cpp.hpp\n'}
[1.409240] (px4_msgs) StdoutLine: {'line': b'-- Up-to-date: /home/mustardking/ws_sensor_combined/install/px4_msgs/include/px4_msgs/px4_msgs/msg/detail/battery_status__type_support.cpp\n'}
[1.409901] (px4_msgs) StdoutLine: {'line': b'-- Up-to-date: /home/mustardking/ws_sensor_combined/install/px4_msgs/include/px4_msgs/px4_msgs/msg/detail/system_power__type_support.cpp\n'}
[1.409931] (px4_msgs) StdoutLine: {'line': b'-- Up-to-date: /home/mustardking/ws_sensor_combined/install/px4_msgs/include/px4_msgs/px4_msgs/msg/detail/open_drone_id_operator_id__rosidl_typesupport_introspection_cpp.hpp\n'}
[1.409955] (px4_msgs) StdoutLine: {'line': b'-- Up-to-date: /home/mustardking/ws_sensor_combined/install/px4_msgs/include/px4_msgs/px4_msgs/msg/detail/mission_result__rosidl_typesupport_introspection_cpp.hpp\n'}
[1.409982] (px4_msgs) StdoutLine: {'line': b'-- Up-to-date: /home/mustardking/ws_sensor_combined/install/px4_msgs/include/px4_msgs/px4_msgs/msg/detail/transponder_report__type_support.cpp\n'}
[1.410004] (px4_msgs) StdoutLine: {'line': b'-- Up-to-date: /home/mustardking/ws_sensor_combined/install/px4_msgs/include/px4_msgs/px4_msgs/msg/detail/ping__type_support.cpp\n'}
[1.410029] (px4_msgs) StdoutLine: {'line': b'-- Up-to-date: /home/mustardking/ws_sensor_combined/install/px4_msgs/include/px4_msgs/px4_msgs/msg/detail/rtl_status__type_support.cpp\n'}
[1.410051] (px4_msgs) StdoutLine: {'line': b'-- Up-to-date: /home/mustardking/ws_sensor_combined/install/px4_msgs/include/px4_msgs/px4_msgs/msg/detail/gpio_out__rosidl_typesupport_introspection_cpp.hpp\n'}
[1.410092] (px4_msgs) StdoutLine: {'line': b'-- Up-to-date: /home/mustardking/ws_sensor_combined/install/px4_msgs/include/px4_msgs/px4_msgs/msg/detail/action_request__type_support.cpp\n'}
[1.410114] (px4_msgs) StdoutLine: {'line': b'-- Up-to-date: /home/mustardking/ws_sensor_combined/install/px4_msgs/include/px4_msgs/px4_msgs/msg/detail/navigator_mission_item__rosidl_typesupport_introspection_cpp.hpp\n'}
[1.410138] (px4_msgs) StdoutLine: {'line': b'-- Up-to-date: /home/mustardking/ws_sensor_combined/install/px4_msgs/include/px4_msgs/px4_msgs/msg/detail/sensor_combined__type_support.cpp\n'}
[1.410160] (px4_msgs) StdoutLine: {'line': b'-- Up-to-date: /home/mustardking/ws_sensor_combined/install/px4_msgs/include/px4_msgs/px4_msgs/msg/detail/offboard_control_mode__rosidl_typesupport_introspection_cpp.hpp\n'}
[1.410182] (px4_msgs) StdoutLine: {'line': b'-- Up-to-date: /home/mustardking/ws_sensor_combined/install/px4_msgs/include/px4_msgs/px4_msgs/msg/detail/geofence_result__rosidl_typesupport_introspection_cpp.hpp\n'}
[1.410280] (px4_msgs) StdoutLine: {'line': b'-- Up-to-date: /home/mustardking/ws_sensor_combined/install/px4_msgs/include/px4_msgs/px4_msgs/msg/detail/gimbal_manager_set_attitude__rosidl_typesupport_introspection_cpp.hpp\n'}
[1.410308] (px4_msgs) StdoutLine: {'line': b'-- Up-to-date: /home/mustardking/ws_sensor_combined/install/px4_msgs/include/px4_msgs/px4_msgs/msg/detail/pure_pursuit_status__type_support.cpp\n'}
[1.410330] (px4_msgs) StdoutLine: {'line': b'-- Up-to-date: /home/mustardking/ws_sensor_combined/install/px4_msgs/include/px4_msgs/px4_msgs/msg/detail/mavlink_tunnel__type_support.cpp\n'}
[1.410352] (px4_msgs) StdoutLine: {'line': b'-- Up-to-date: /home/mustardking/ws_sensor_combined/install/px4_msgs/include/px4_msgs/px4_msgs/msg/detail/vehicle_roi__type_support.cpp\n'}
[1.410374] (px4_msgs) StdoutLine: {'line': b'-- Up-to-date: /home/mustardking/ws_sensor_combined/install/px4_msgs/include/px4_msgs/px4_msgs/msg/detail/orb_test__rosidl_typesupport_introspection_cpp.hpp\n'}
[1.410396] (px4_msgs) StdoutLine: {'line': b'-- Up-to-date: /home/mustardking/ws_sensor_combined/install/px4_msgs/include/px4_msgs/px4_msgs/msg/detail/follow_target_status__type_support.cpp\n'}
[1.410418] (px4_msgs) StdoutLine: {'line': b'-- Up-to-date: /home/mustardking/ws_sensor_combined/install/px4_msgs/include/px4_msgs/px4_msgs/msg/detail/estimator_status_flags__type_support.cpp\n'}
[1.410459] (px4_msgs) StdoutLine: {'line': b'-- Up-to-date: /home/mustardking/ws_sensor_combined/install/px4_msgs/include/px4_msgs/px4_msgs/msg/detail/gimbal_manager_set_attitude__type_support.cpp\n'}
[1.410481] (px4_msgs) StdoutLine: {'line': b'-- Up-to-date: /home/mustardking/ws_sensor_combined/install/px4_msgs/include/px4_msgs/px4_msgs/msg/detail/dataman_response__type_support.cpp\n'}
[1.410513] (px4_msgs) StdoutLine: {'line': b'-- Up-to-date: /home/mustardking/ws_sensor_combined/install/px4_msgs/include/px4_msgs/px4_msgs/msg/detail/navigator_status__rosidl_typesupport_introspection_cpp.hpp\n'}
[1.410536] (px4_msgs) StdoutLine: {'line': b'-- Up-to-date: /home/mustardking/ws_sensor_combined/install/px4_msgs/include/px4_msgs/px4_msgs/msg/detail/estimator_event_flags__rosidl_typesupport_introspection_cpp.hpp\n'}
[1.410572] (px4_msgs) StdoutLine: {'line': b'-- Up-to-date: /home/mustardking/ws_sensor_combined/install/px4_msgs/include/px4_msgs/px4_msgs/msg/detail/position_setpoint_triplet__rosidl_typesupport_introspection_cpp.hpp\n'}
[1.410595] (px4_msgs) StdoutLine: {'line': b'-- Up-to-date: /home/mustardking/ws_sensor_combined/install/px4_msgs/include/px4_msgs/px4_msgs/msg/detail/mount_orientation__rosidl_typesupport_introspection_cpp.hpp\n'}
[1.410617] (px4_msgs) StdoutLine: {'line': b'-- Up-to-date: /home/mustardking/ws_sensor_combined/install/px4_msgs/include/px4_msgs/px4_msgs/msg/detail/actuator_controls_status__type_support.cpp\n'}
[1.410639] (px4_msgs) StdoutLine: {'line': b'-- Up-to-date: /home/mustardking/ws_sensor_combined/install/px4_msgs/include/px4_msgs/px4_msgs/msg/detail/fixed_wing_lateral_status__type_support.cpp\n'}
[1.410661] (px4_msgs) StdoutLine: {'line': b'-- Up-to-date: /home/mustardking/ws_sensor_combined/install/px4_msgs/include/px4_msgs/px4_msgs/msg/detail/landing_gear_wheel__type_support.cpp\n'}
[1.410683] (px4_msgs) StdoutLine: {'line': b'-- Up-to-date: /home/mustardking/ws_sensor_combined/install/px4_msgs/include/px4_msgs/px4_msgs/msg/detail/rate_ctrl_status__type_support.cpp\n'}
[1.410707] (px4_msgs) StdoutLine: {'line': b'-- Up-to-date: /home/mustardking/ws_sensor_combined/install/px4_msgs/include/px4_msgs/px4_msgs/msg/detail/debug_array__rosidl_typesupport_introspection_cpp.hpp\n'}
[1.410747] (px4_msgs) StdoutLine: {'line': b'-- Up-to-date: /home/mustardking/ws_sensor_combined/install/px4_msgs/include/px4_msgs/px4_msgs/msg/detail/orb_test__type_support.cpp\n'}
[1.410769] (px4_msgs) StdoutLine: {'line': b'-- Up-to-date: /home/mustardking/ws_sensor_combined/install/px4_msgs/include/px4_msgs/px4_msgs/msg/detail/vehicle_optical_flow__rosidl_typesupport_introspection_cpp.hpp\n'}
[1.410791] (px4_msgs) StdoutLine: {'line': b'-- Up-to-date: /home/mustardking/ws_sensor_combined/install/px4_msgs/include/px4_msgs/px4_msgs/msg/detail/vehicle_global_position__rosidl_typesupport_introspection_cpp.hpp\n'}
[1.410813] (px4_msgs) StdoutLine: {'line': b'-- Up-to-date: /home/mustardking/ws_sensor_combined/install/px4_msgs/include/px4_msgs/px4_msgs/msg/detail/follow_target__type_support.cpp\n'}
[1.410835] (px4_msgs) StdoutLine: {'line': b'-- Up-to-date: /home/mustardking/ws_sensor_combined/install/px4_msgs/include/px4_msgs/px4_msgs/msg/detail/sensor_airflow__type_support.cpp\n'}
[1.410871] (px4_msgs) StdoutLine: {'line': b'-- Up-to-date: /home/mustardking/ws_sensor_combined/install/px4_msgs/include/px4_msgs/px4_msgs/msg/detail/takeoff_status__rosidl_typesupport_introspection_cpp.hpp\n'}
[1.410893] (px4_msgs) StdoutLine: {'line': b'-- Up-to-date: /home/mustardking/ws_sensor_combined/install/px4_msgs/include/px4_msgs/px4_msgs/msg/detail/failure_detector_status__rosidl_typesupport_introspection_cpp.hpp\n'}
[1.410915] (px4_msgs) StdoutLine: {'line': b'-- Up-to-date: /home/mustardking/ws_sensor_combined/install/px4_msgs/include/px4_msgs/px4_msgs/msg/detail/vehicle_torque_setpoint__rosidl_typesupport_introspection_cpp.hpp\n'}
[1.410938] (px4_msgs) StdoutLine: {'line': b'-- Up-to-date: /home/mustardking/ws_sensor_combined/install/px4_msgs/include/px4_msgs/px4_msgs/msg/detail/sensor_gnss_status__rosidl_typesupport_introspection_cpp.hpp\n'}
[1.410960] (px4_msgs) StdoutLine: {'line': b'-- Up-to-date: /home/mustardking/ws_sensor_combined/install/px4_msgs/include/px4_msgs/px4_msgs/msg/detail/vehicle_angular_velocity__rosidl_typesupport_introspection_cpp.hpp\n'}
[1.410982] (px4_msgs) StdoutLine: {'line': b'-- Up-to-date: /home/mustardking/ws_sensor_combined/install/px4_msgs/include/px4_msgs/px4_msgs/msg/detail/geofence_status__type_support.cpp\n'}
[1.411004] (px4_msgs) StdoutLine: {'line': b'-- Up-to-date: /home/mustardking/ws_sensor_combined/install/px4_msgs/include/px4_msgs/px4_msgs/msg/detail/goto_setpoint__type_support.cpp\n'}
[1.411051] (px4_msgs) StdoutLine: {'line': b'-- Up-to-date: /home/mustardking/ws_sensor_combined/install/px4_msgs/include/px4_msgs/px4_msgs/msg/detail/rc_channels__type_support.cpp\n'}
[1.411075] (px4_msgs) StdoutLine: {'line': b'-- Up-to-date: /home/mustardking/ws_sensor_combined/install/px4_msgs/include/px4_msgs/px4_msgs/msg/detail/rover_rate_status__type_support.cpp\n'}
[1.411097] (px4_msgs) StdoutLine: {'line': b'-- Up-to-date: /home/mustardking/ws_sensor_combined/install/px4_msgs/include/px4_msgs/px4_msgs/msg/detail/vehicle_air_data__type_support.cpp\n'}
[1.411129] (px4_msgs) StdoutLine: {'line': b'-- Up-to-date: /home/mustardking/ws_sensor_combined/install/px4_msgs/include/px4_msgs/px4_msgs/msg/detail/vtol_vehicle_status__type_support.cpp\n'}
[1.411170] (px4_msgs) StdoutLine: {'line': b'-- Up-to-date: /home/mustardking/ws_sensor_combined/install/px4_msgs/include/px4_msgs/px4_msgs/msg/detail/goto_setpoint__rosidl_typesupport_introspection_cpp.hpp\n'}
[1.411200] (px4_msgs) StdoutLine: {'line': b'-- Up-to-date: /home/mustardking/ws_sensor_combined/install/px4_msgs/include/px4_msgs/px4_msgs/msg/detail/actuator_armed__type_support.cpp\n'}
[1.411222] (px4_msgs) StdoutLine: {'line': b'-- Up-to-date: /home/mustardking/ws_sensor_combined/install/px4_msgs/include/px4_msgs/px4_msgs/msg/detail/vehicle_roi__rosidl_typesupport_introspection_cpp.hpp\n'}
[1.411246] (px4_msgs) StdoutLine: {'line': b'-- Up-to-date: /home/mustardking/ws_sensor_combined/install/px4_msgs/include/px4_msgs/px4_msgs/msg/detail/yaw_estimator_status__type_support.cpp\n'}
[1.411268] (px4_msgs) StdoutLine: {'line': b'-- Up-to-date: /home/mustardking/ws_sensor_combined/install/px4_msgs/include/px4_msgs/px4_msgs/msg/detail/arming_check_request__type_support.cpp\n'}
[1.411290] (px4_msgs) StdoutLine: {'line': b'-- Up-to-date: /home/mustardking/ws_sensor_combined/install/px4_msgs/include/px4_msgs/px4_msgs/msg/detail/gimbal_manager_information__rosidl_typesupport_introspection_cpp.hpp\n'}
[1.411312] (px4_msgs) StdoutLine: {'line': b'-- Up-to-date: /home/mustardking/ws_sensor_combined/install/px4_msgs/include/px4_msgs/px4_msgs/msg/detail/message_format_response__type_support.cpp\n'}
[1.411355] (px4_msgs) StdoutLine: {'line': b'-- Up-to-date: /home/mustardking/ws_sensor_combined/install/px4_msgs/include/px4_msgs/px4_msgs/msg/detail/onboard_computer_status__type_support.cpp\n'}
[1.411378] (px4_msgs) StdoutLine: {'line': b'-- Up-to-date: /home/mustardking/ws_sensor_combined/install/px4_msgs/include/px4_msgs/px4_msgs/msg/detail/message_format_request__type_support.cpp\n'}
[1.411400] (px4_msgs) StdoutLine: {'line': b'-- Up-to-date: /home/mustardking/ws_sensor_combined/install/px4_msgs/include/px4_msgs/px4_msgs/msg/detail/gpio_out__type_support.cpp\n'}
[1.411423] (px4_msgs) StdoutLine: {'line': b'-- Up-to-date: /home/mustardking/ws_sensor_combined/install/px4_msgs/include/px4_msgs/px4_msgs/msg/detail/internal_combustion_engine_control__rosidl_typesupport_introspection_cpp.hpp\n'}
[1.411448] (px4_msgs) StdoutLine: {'line': b'-- Up-to-date: /home/mustardking/ws_sensor_combined/install/px4_msgs/include/px4_msgs/px4_msgs/msg/detail/irlock_report__rosidl_typesupport_introspection_cpp.hpp\n'}
[1.411487] (px4_msgs) StdoutLine: {'line': b'-- Up-to-date: /home/mustardking/ws_sensor_combined/install/px4_msgs/include/px4_msgs/px4_msgs/msg/detail/fixed_wing_longitudinal_setpoint__type_support.cpp\n'}
[1.411509] (px4_msgs) StdoutLine: {'line': b'-- Up-to-date: /home/mustardking/ws_sensor_combined/install/px4_msgs/include/px4_msgs/px4_msgs/msg/detail/debug_value__type_support.cpp\n'}
[1.411531] (px4_msgs) StdoutLine: {'line': b'-- Up-to-date: /home/mustardking/ws_sensor_combined/install/px4_msgs/include/px4_msgs/px4_msgs/msg/detail/estimator_innovations__type_support.cpp\n'}
[1.411554] (px4_msgs) StdoutLine: {'line': b'-- Up-to-date: /home/mustardking/ws_sensor_combined/install/px4_msgs/include/px4_msgs/px4_msgs/msg/detail/generator_status__rosidl_typesupport_introspection_cpp.hpp\n'}
[1.411577] (px4_msgs) StdoutLine: {'line': b'-- Up-to-date: /home/mustardking/ws_sensor_combined/install/px4_msgs/include/px4_msgs/px4_msgs/msg/detail/unregister_ext_component__type_support.cpp\n'}
[1.411599] (px4_msgs) StdoutLine: {'line': b'-- Up-to-date: /home/mustardking/ws_sensor_combined/install/px4_msgs/include/px4_msgs/px4_msgs/msg/detail/gimbal_device_information__type_support.cpp\n'}
[1.411633] (px4_msgs) StdoutLine: {'line': b'-- Up-to-date: /home/mustardking/ws_sensor_combined/install/px4_msgs/include/px4_msgs/px4_msgs/msg/detail/vehicle_optical_flow__type_support.cpp\n'}
[1.411656] (px4_msgs) StdoutLine: {'line': b'-- Up-to-date: /home/mustardking/ws_sensor_combined/install/px4_msgs/include/px4_msgs/px4_msgs/msg/detail/obstacle_distance__rosidl_typesupport_introspection_cpp.hpp\n'}
[1.411678] (px4_msgs) StdoutLine: {'line': b'-- Up-to-date: /home/mustardking/ws_sensor_combined/install/px4_msgs/include/px4_msgs/px4_msgs/msg/detail/mag_worker_data__rosidl_typesupport_introspection_cpp.hpp\n'}
[1.411701] (px4_msgs) StdoutLine: {'line': b'-- Up-to-date: /home/mustardking/ws_sensor_combined/install/px4_msgs/include/px4_msgs/px4_msgs/msg/detail/debug_key_value__rosidl_typesupport_introspection_cpp.hpp\n'}
[1.411723] (px4_msgs) StdoutLine: {'line': b'-- Up-to-date: /home/mustardking/ws_sensor_combined/install/px4_msgs/include/px4_msgs/px4_msgs/msg/detail/sensor_gnss_status__type_support.cpp\n'}
[1.411759] (px4_msgs) StdoutLine: {'line': b'-- Up-to-date: /home/mustardking/ws_sensor_combined/install/px4_msgs/include/px4_msgs/px4_msgs/msg/detail/launch_detection_status__type_support.cpp\n'}
[1.411781] (px4_msgs) StdoutLine: {'line': b'-- Up-to-date: /home/mustardking/ws_sensor_combined/install/px4_msgs/include/px4_msgs/px4_msgs/msg/detail/gimbal_manager_status__rosidl_typesupport_introspection_cpp.hpp\n'}
[1.411805] (px4_msgs) StdoutLine: {'line': b'-- Up-to-date: /home/mustardking/ws_sensor_combined/install/px4_msgs/include/px4_msgs/px4_msgs/msg/detail/distance_sensor_mode_change_request__rosidl_typesupport_introspection_cpp.hpp\n'}
[1.411828] (px4_msgs) StdoutLine: {'line': b'-- Up-to-date: /home/mustardking/ws_sensor_combined/install/px4_msgs/include/px4_msgs/px4_msgs/msg/detail/power_button_state__type_support.cpp\n'}
[1.411850] (px4_msgs) StdoutLine: {'line': b'-- Up-to-date: /home/mustardking/ws_sensor_combined/install/px4_msgs/include/px4_msgs/px4_msgs/msg/detail/esc_status__rosidl_typesupport_introspection_cpp.hpp\n'}
[1.411872] (px4_msgs) StdoutLine: {'line': b'-- Up-to-date: /home/mustardking/ws_sensor_combined/install/px4_msgs/include/px4_msgs/px4_msgs/msg/detail/event__type_support.cpp\n'}
[1.411894] (px4_msgs) StdoutLine: {'line': b'-- Up-to-date: /home/mustardking/ws_sensor_combined/install/px4_msgs/include/px4_msgs/px4_msgs/msg/detail/distance_sensor__rosidl_typesupport_introspection_cpp.hpp\n'}
[1.411932] (px4_msgs) StdoutLine: {'line': b'-- Up-to-date: /home/mustardking/ws_sensor_combined/install/px4_msgs/include/px4_msgs/px4_msgs/msg/detail/led_control__rosidl_typesupport_introspection_cpp.hpp\n'}
[1.411955] (px4_msgs) StdoutLine: {'line': b'-- Up-to-date: /home/mustardking/ws_sensor_combined/install/px4_msgs/include/px4_msgs/px4_msgs/msg/detail/actuator_motors__rosidl_typesupport_introspection_cpp.hpp\n'}
[1.411976] (px4_msgs) StdoutLine: {'line': b'-- Up-to-date: /home/mustardking/ws_sensor_combined/install/px4_msgs/include/px4_msgs/px4_msgs/msg/detail/gimbal_controls__rosidl_typesupport_introspection_cpp.hpp\n'}
[1.411999] (px4_msgs) StdoutLine: {'line': b'-- Up-to-date: /home/mustardking/ws_sensor_combined/install/px4_msgs/include/px4_msgs/px4_msgs/msg/detail/gimbal_manager_information__type_support.cpp\n'}
[1.412021] (px4_msgs) StdoutLine: {'line': b'-- Up-to-date: /home/mustardking/ws_sensor_combined/install/px4_msgs/include/px4_msgs/px4_msgs/msg/detail/collision_constraints__rosidl_typesupport_introspection_cpp.hpp\n'}
[1.412059] (px4_msgs) StdoutLine: {'line': b'-- Up-to-date: /home/mustardking/ws_sensor_combined/install/px4_msgs/include/px4_msgs/px4_msgs/msg/detail/position_setpoint_triplet__type_support.cpp\n'}
[1.412082] (px4_msgs) StdoutLine: {'line': b'-- Up-to-date: /home/mustardking/ws_sensor_combined/install/px4_msgs/include/px4_msgs/px4_msgs/msg/detail/vehicle_acceleration__type_support.cpp\n'}
[1.412107] (px4_msgs) StdoutLine: {'line': b'-- Up-to-date: /home/mustardking/ws_sensor_combined/install/px4_msgs/include/px4_msgs/px4_msgs/msg/detail/estimator_aid_source2d__type_support.cpp\n'}
[1.412129] (px4_msgs) StdoutLine: {'line': b'-- Up-to-date: /home/mustardking/ws_sensor_combined/install/px4_msgs/include/px4_msgs/px4_msgs/msg/detail/mavlink_tunnel__rosidl_typesupport_introspection_cpp.hpp\n'}
[1.412170] (px4_msgs) StdoutLine: {'line': b'-- Up-to-date: /home/mustardking/ws_sensor_combined/install/px4_msgs/include/px4_msgs/px4_msgs/msg/detail/debug_key_value__type_support.cpp\n'}
[1.412193] (px4_msgs) StdoutLine: {'line': b'-- Up-to-date: /home/mustardking/ws_sensor_combined/install/px4_msgs/include/px4_msgs/px4_msgs/msg/detail/action_request__rosidl_typesupport_introspection_cpp.hpp\n'}
[1.412215] (px4_msgs) StdoutLine: {'line': b'-- Up-to-date: /home/mustardking/ws_sensor_combined/install/px4_msgs/include/px4_msgs/px4_msgs/msg/detail/uavcan_parameter_request__rosidl_typesupport_introspection_cpp.hpp\n'}
[1.412237] (px4_msgs) StdoutLine: {'line': b'-- Up-to-date: /home/mustardking/ws_sensor_combined/install/px4_msgs/include/px4_msgs/px4_msgs/msg/detail/tune_control__type_support.cpp\n'}
[1.412291] (px4_msgs) StdoutLine: {'line': b'-- Up-to-date: /home/mustardking/ws_sensor_combined/install/px4_msgs/include/px4_msgs/px4_msgs/msg/detail/telemetry_status__rosidl_typesupport_introspection_cpp.hpp\n'}
[1.412324] (px4_msgs) StdoutLine: {'line': b'-- Up-to-date: /home/mustardking/ws_sensor_combined/install/px4_msgs/include/px4_msgs/px4_msgs/msg/detail/vehicle_control_mode__type_support.cpp\n'}
[1.412347] (px4_msgs) StdoutLine: {'line': b'-- Up-to-date: /home/mustardking/ws_sensor_combined/install/px4_msgs/include/px4_msgs/px4_msgs/msg/detail/vehicle_air_data__rosidl_typesupport_introspection_cpp.hpp\n'}
[1.412369] (px4_msgs) StdoutLine: {'line': b'-- Up-to-date: /home/mustardking/ws_sensor_combined/install/px4_msgs/include/px4_msgs/px4_msgs/msg/detail/tiltrotor_extra_controls__type_support.cpp\n'}
[1.412407] (px4_msgs) StdoutLine: {'line': b'-- Up-to-date: /home/mustardking/ws_sensor_combined/install/px4_msgs/include/px4_msgs/px4_msgs/msg/detail/dataman_response__rosidl_typesupport_introspection_cpp.hpp\n'}
[1.412429] (px4_msgs) StdoutLine: {'line': b'-- Up-to-date: /home/mustardking/ws_sensor_combined/install/px4_msgs/include/px4_msgs/px4_msgs/msg/detail/vehicle_angular_acceleration_setpoint__type_support.cpp\n'}
[1.412452] (px4_msgs) StdoutLine: {'line': b'-- Up-to-date: /home/mustardking/ws_sensor_combined/install/px4_msgs/include/px4_msgs/px4_msgs/msg/detail/vehicle_imu__type_support.cpp\n'}
[1.412476] (px4_msgs) StdoutLine: {'line': b'-- Up-to-date: /home/mustardking/ws_sensor_combined/install/px4_msgs/include/px4_msgs/px4_msgs/msg/detail/sensor_preflight_mag__type_support.cpp\n'}
[1.412498] (px4_msgs) StdoutLine: {'line': b'-- Up-to-date: /home/mustardking/ws_sensor_combined/install/px4_msgs/include/px4_msgs/px4_msgs/msg/detail/actuator_outputs__rosidl_typesupport_introspection_cpp.hpp\n'}
[1.412520] (px4_msgs) StdoutLine: {'line': b'-- Up-to-date: /home/mustardking/ws_sensor_combined/install/px4_msgs/include/px4_msgs/px4_msgs/msg/detail/sensor_optical_flow__type_support.cpp\n'}
[1.412554] (px4_msgs) StdoutLine: {'line': b'-- Up-to-date: /home/mustardking/ws_sensor_combined/install/px4_msgs/include/px4_msgs/px4_msgs/msg/detail/vehicle_angular_acceleration_setpoint__rosidl_typesupport_introspection_cpp.hpp\n'}
[1.412577] (px4_msgs) StdoutLine: {'line': b'-- Up-to-date: /home/mustardking/ws_sensor_combined/install/px4_msgs/include/px4_msgs/px4_msgs/msg/detail/vehicle_land_detected__type_support.cpp\n'}
[1.412599] (px4_msgs) StdoutLine: {'line': b'-- Up-to-date: /home/mustardking/ws_sensor_combined/install/px4_msgs/include/px4_msgs/px4_msgs/msg/detail/lateral_control_configuration__type_support.cpp\n'}
[1.412621] (px4_msgs) StdoutLine: {'line': b'-- Up-to-date: /home/mustardking/ws_sensor_combined/install/px4_msgs/include/px4_msgs/px4_msgs/msg/detail/failure_detector_status__type_support.cpp\n'}
[1.412643] (px4_msgs) StdoutLine: {'line': b'-- Up-to-date: /home/mustardking/ws_sensor_combined/install/px4_msgs/include/px4_msgs/px4_msgs/msg/detail/internal_combustion_engine_control__type_support.cpp\n'}
[1.412666] (px4_msgs) StdoutLine: {'line': b'-- Up-to-date: /home/mustardking/ws_sensor_combined/install/px4_msgs/include/px4_msgs/px4_msgs/msg/detail/message_format_request__rosidl_typesupport_introspection_cpp.hpp\n'}
[1.412698] (px4_msgs) StdoutLine: {'line': b'-- Up-to-date: /home/mustardking/ws_sensor_combined/install/px4_msgs/include/px4_msgs/px4_msgs/msg/detail/open_drone_id_arm_status__type_support.cpp\n'}
[1.412727] (px4_msgs) StdoutLine: {'line': b'-- Up-to-date: /home/mustardking/ws_sensor_combined/install/px4_msgs/include/px4_msgs/px4_msgs/msg/detail/vehicle_constraints__type_support.cpp\n'}
[1.412749] (px4_msgs) StdoutLine: {'line': b'-- Up-to-date: /home/mustardking/ws_sensor_combined/install/px4_msgs/include/px4_msgs/px4_msgs/msg/detail/estimator_gps_status__rosidl_typesupport_introspection_cpp.hpp\n'}
[1.412772] (px4_msgs) StdoutLine: {'line': b'-- Up-to-date: /home/mustardking/ws_sensor_combined/install/px4_msgs/include/px4_msgs/px4_msgs/msg/detail/distance_sensor_mode_change_request__type_support.cpp\n'}
[1.412796] (px4_msgs) StdoutLine: {'line': b'-- Up-to-date: /home/mustardking/ws_sensor_combined/install/px4_msgs/include/px4_msgs/px4_msgs/msg/detail/sensor_uwb__type_support.cpp\n'}
[1.412833] (px4_msgs) StdoutLine: {'line': b'-- Up-to-date: /home/mustardking/ws_sensor_combined/install/px4_msgs/include/px4_msgs/px4_msgs/msg/detail/estimator_states__rosidl_typesupport_introspection_cpp.hpp\n'}
[1.412856] (px4_msgs) StdoutLine: {'line': b'-- Up-to-date: /home/mustardking/ws_sensor_combined/install/px4_msgs/include/px4_msgs/px4_msgs/msg/detail/vehicle_local_position_setpoint__rosidl_typesupport_introspection_cpp.hpp\n'}
[1.412878] (px4_msgs) StdoutLine: {'line': b'-- Up-to-date: /home/mustardking/ws_sensor_combined/install/px4_msgs/include/px4_msgs/px4_msgs/msg/detail/sensor_selection__rosidl_typesupport_introspection_cpp.hpp\n'}
[1.412900] (px4_msgs) StdoutLine: {'line': b'-- Up-to-date: /home/mustardking/ws_sensor_combined/install/px4_msgs/include/px4_msgs/px4_msgs/msg/detail/mount_orientation__type_support.cpp\n'}
[1.412922] (px4_msgs) StdoutLine: {'line': b'-- Up-to-date: /home/mustardking/ws_sensor_combined/install/px4_msgs/include/px4_msgs/px4_msgs/msg/detail/timesync_status__rosidl_typesupport_introspection_cpp.hpp\n'}
[1.412944] (px4_msgs) StdoutLine: {'line': b'-- Up-to-date: /home/mustardking/ws_sensor_combined/install/px4_msgs/include/px4_msgs/px4_msgs/msg/detail/launch_detection_status__rosidl_typesupport_introspection_cpp.hpp\n'}
[1.412966] (px4_msgs) StdoutLine: {'line': b'-- Up-to-date: /home/mustardking/ws_sensor_combined/install/px4_msgs/include/px4_msgs/px4_msgs/msg/detail/landing_target_innovations__type_support.cpp\n'}
[1.412997] (px4_msgs) StdoutLine: {'line': b'-- Up-to-date: /home/mustardking/ws_sensor_combined/install/px4_msgs/include/px4_msgs/px4_msgs/msg/detail/arming_check_request__rosidl_typesupport_introspection_cpp.hpp\n'}
[1.413020] (px4_msgs) StdoutLine: {'line': b'-- Up-to-date: /home/mustardking/ws_sensor_combined/install/px4_msgs/include/px4_msgs/px4_msgs/msg/detail/parameter_set_value_request__rosidl_typesupport_introspection_cpp.hpp\n'}
[1.413042] (px4_msgs) StdoutLine: {'line': b'-- Up-to-date: /home/mustardking/ws_sensor_combined/install/px4_msgs/include/px4_msgs/px4_msgs/msg/detail/estimator_aid_source2d__rosidl_typesupport_introspection_cpp.hpp\n'}
[1.413064] (px4_msgs) StdoutLine: {'line': b'-- Up-to-date: /home/mustardking/ws_sensor_combined/install/px4_msgs/include/px4_msgs/px4_msgs/msg/detail/debug_array__type_support.cpp\n'}
[1.413762] (px4_msgs) StdoutLine: {'line': b'-- Up-to-date: /home/mustardking/ws_sensor_combined/install/px4_msgs/include/px4_msgs/px4_msgs/msg/detail/vehicle_global_position__type_support.cpp\n'}
[1.413797] (px4_msgs) StdoutLine: {'line': b'-- Up-to-date: /home/mustardking/ws_sensor_combined/install/px4_msgs/include/px4_msgs/px4_msgs/msg/detail/figure_eight_status__rosidl_typesupport_introspection_cpp.hpp\n'}
[1.413820] (px4_msgs) StdoutLine: {'line': b'-- Up-to-date: /home/mustardking/ws_sensor_combined/install/px4_msgs/include/px4_msgs/px4_msgs/msg/detail/hover_thrust_estimate__rosidl_typesupport_introspection_cpp.hpp\n'}
[1.413843] (px4_msgs) StdoutLine: {'line': b'-- Up-to-date: /home/mustardking/ws_sensor_combined/install/px4_msgs/include/px4_msgs/px4_msgs/msg/detail/log_message__type_support.cpp\n'}
[1.413876] (px4_msgs) StdoutLine: {'line': b'-- Up-to-date: /home/mustardking/ws_sensor_combined/install/px4_msgs/include/px4_msgs/px4_msgs/msg/detail/qshell_req__rosidl_typesupport_introspection_cpp.hpp\n'}
[1.413922] (px4_msgs) StdoutLine: {'line': b'-- Up-to-date: /home/mustardking/ws_sensor_combined/install/px4_msgs/include/px4_msgs/px4_msgs/msg/detail/position_controller_landing_status__type_support.cpp\n'}
[1.413944] (px4_msgs) StdoutLine: {'line': b'-- Up-to-date: /home/mustardking/ws_sensor_combined/install/px4_msgs/include/px4_msgs/px4_msgs/msg/detail/geofence_status__rosidl_typesupport_introspection_cpp.hpp\n'}
[1.413967] (px4_msgs) StdoutLine: {'line': b'-- Up-to-date: /home/mustardking/ws_sensor_combined/install/px4_msgs/include/px4_msgs/px4_msgs/msg/detail/sensor_combined__rosidl_typesupport_introspection_cpp.hpp\n'}
[1.414001] (px4_msgs) StdoutLine: {'line': b'-- Up-to-date: /home/mustardking/ws_sensor_combined/install/px4_msgs/include/px4_msgs/px4_msgs/msg/detail/actuator_outputs__type_support.cpp\n'}
[1.414023] (px4_msgs) StdoutLine: {'line': b'-- Up-to-date: /home/mustardking/ws_sensor_combined/install/px4_msgs/include/px4_msgs/px4_msgs/msg/detail/satellite_info__rosidl_typesupport_introspection_cpp.hpp\n'}
[1.414045] (px4_msgs) StdoutLine: {'line': b'-- Up-to-date: /home/mustardking/ws_sensor_combined/install/px4_msgs/include/px4_msgs/px4_msgs/msg/detail/trajectory_setpoint__type_support.cpp\n'}
[1.414082] (px4_msgs) StdoutLine: {'line': b'-- Up-to-date: /home/mustardking/ws_sensor_combined/install/px4_msgs/include/px4_msgs/px4_msgs/msg/detail/battery_status__rosidl_typesupport_introspection_cpp.hpp\n'}
[1.414111] (px4_msgs) StdoutLine: {'line': b'-- Up-to-date: /home/mustardking/ws_sensor_combined/install/px4_msgs/lib/libpx4_msgs__rosidl_typesupport_introspection_cpp.so\n'}
[1.414134] (px4_msgs) StdoutLine: {'line': b'-- Up-to-date: /home/mustardking/ws_sensor_combined/install/px4_msgs/lib/libpx4_msgs__rosidl_typesupport_cpp.so\n'}
[1.414156] (px4_msgs) StdoutLine: {'line': b'-- Up-to-date: /home/mustardking/ws_sensor_combined/install/px4_msgs/share/px4_msgs/environment/pythonpath.sh\n'}
[1.414195] (px4_msgs) StdoutLine: {'line': b'-- Up-to-date: /home/mustardking/ws_sensor_combined/install/px4_msgs/share/px4_msgs/environment/pythonpath.dsv\n'}
[1.414328] (px4_msgs) StdoutLine: {'line': b'-- Up-to-date: /home/mustardking/ws_sensor_combined/install/px4_msgs/local/lib/python3.10/dist-packages/px4_msgs-2.0.1-py3.10.egg-info\n'}
[1.414353] (px4_msgs) StdoutLine: {'line': b'-- Installing: /home/mustardking/ws_sensor_combined/install/px4_msgs/local/lib/python3.10/dist-packages/px4_msgs-2.0.1-py3.10.egg-info/SOURCES.txt\n'}
[1.414376] (px4_msgs) StdoutLine: {'line': b'-- Installing: /home/mustardking/ws_sensor_combined/install/px4_msgs/local/lib/python3.10/dist-packages/px4_msgs-2.0.1-py3.10.egg-info/PKG-INFO\n'}
[1.414398] (px4_msgs) StdoutLine: {'line': b'-- Installing: /home/mustardking/ws_sensor_combined/install/px4_msgs/local/lib/python3.10/dist-packages/px4_msgs-2.0.1-py3.10.egg-info/dependency_links.txt\n'}
[1.414420] (px4_msgs) StdoutLine: {'line': b'-- Installing: /home/mustardking/ws_sensor_combined/install/px4_msgs/local/lib/python3.10/dist-packages/px4_msgs-2.0.1-py3.10.egg-info/top_level.txt\n'}
[1.414460] (px4_msgs) StdoutLine: {'line': b'-- Up-to-date: /home/mustardking/ws_sensor_combined/install/px4_msgs/local/lib/python3.10/dist-packages/px4_msgs\n'}
[1.414482] (px4_msgs) StdoutLine: {'line': b'-- Up-to-date: /home/mustardking/ws_sensor_combined/install/px4_msgs/local/lib/python3.10/dist-packages/px4_msgs/px4_msgs_s__rosidl_typesupport_introspection_c.cpython-310-aarch64-linux-gnu.so\n'}
[1.414505] (px4_msgs) StdoutLine: {'line': b'-- Up-to-date: /home/mustardking/ws_sensor_combined/install/px4_msgs/local/lib/python3.10/dist-packages/px4_msgs/_px4_msgs_s.ep.rosidl_typesupport_fastrtps_c.c\n'}
[1.414528] (px4_msgs) StdoutLine: {'line': b'-- Up-to-date: /home/mustardking/ws_sensor_combined/install/px4_msgs/local/lib/python3.10/dist-packages/px4_msgs/_px4_msgs_s.ep.rosidl_typesupport_introspection_c.c\n'}
[1.414550] (px4_msgs) StdoutLine: {'line': b'-- Up-to-date: /home/mustardking/ws_sensor_combined/install/px4_msgs/local/lib/python3.10/dist-packages/px4_msgs/srv\n'}
[1.414587] (px4_msgs) StdoutLine: {'line': b'-- Up-to-date: /home/mustardking/ws_sensor_combined/install/px4_msgs/local/lib/python3.10/dist-packages/px4_msgs/srv/__init__.py\n'}
[1.414609] (px4_msgs) StdoutLine: {'line': b'-- Up-to-date: /home/mustardking/ws_sensor_combined/install/px4_msgs/local/lib/python3.10/dist-packages/px4_msgs/srv/_vehicle_command.py\n'}
[1.414631] (px4_msgs) StdoutLine: {'line': b'-- Up-to-date: /home/mustardking/ws_sensor_combined/install/px4_msgs/local/lib/python3.10/dist-packages/px4_msgs/srv/_vehicle_command_s.c\n'}
[1.414654] (px4_msgs) StdoutLine: {'line': b'-- Up-to-date: /home/mustardking/ws_sensor_combined/install/px4_msgs/local/lib/python3.10/dist-packages/px4_msgs/msg\n'}
[1.414691] (px4_msgs) StdoutLine: {'line': b'-- Up-to-date: /home/mustardking/ws_sensor_combined/install/px4_msgs/local/lib/python3.10/dist-packages/px4_msgs/msg/_mission_s.c\n'}
[1.414714] (px4_msgs) StdoutLine: {'line': b'-- Up-to-date: /home/mustardking/ws_sensor_combined/install/px4_msgs/local/lib/python3.10/dist-packages/px4_msgs/msg/_mission_result.py\n'}
[1.414751] (px4_msgs) StdoutLine: {'line': b'-- Up-to-date: /home/mustardking/ws_sensor_combined/install/px4_msgs/local/lib/python3.10/dist-packages/px4_msgs/msg/_rover_attitude_status_s.c\n'}
[1.414773] (px4_msgs) StdoutLine: {'line': b'-- Up-to-date: /home/mustardking/ws_sensor_combined/install/px4_msgs/local/lib/python3.10/dist-packages/px4_msgs/msg/_gimbal_device_set_attitude.py\n'}
[1.414796] (px4_msgs) StdoutLine: {'line': b'-- Up-to-date: /home/mustardking/ws_sensor_combined/install/px4_msgs/local/lib/python3.10/dist-packages/px4_msgs/msg/_dronecan_node_status_s.c\n'}
[1.414818] (px4_msgs) StdoutLine: {'line': b'-- Up-to-date: /home/mustardking/ws_sensor_combined/install/px4_msgs/local/lib/python3.10/dist-packages/px4_msgs/msg/_sensor_accel_fifo.py\n'}
[1.414840] (px4_msgs) StdoutLine: {'line': b'-- Up-to-date: /home/mustardking/ws_sensor_combined/install/px4_msgs/local/lib/python3.10/dist-packages/px4_msgs/msg/_follow_target.py\n'}
[1.414872] (px4_msgs) StdoutLine: {'line': b'-- Up-to-date: /home/mustardking/ws_sensor_combined/install/px4_msgs/local/lib/python3.10/dist-packages/px4_msgs/msg/_tiltrotor_extra_controls_s.c\n'}
[1.414901] (px4_msgs) StdoutLine: {'line': b'-- Up-to-date: /home/mustardking/ws_sensor_combined/install/px4_msgs/local/lib/python3.10/dist-packages/px4_msgs/msg/_iridiumsbd_status.py\n'}
[1.414924] (px4_msgs) StdoutLine: {'line': b'-- Up-to-date: /home/mustardking/ws_sensor_combined/install/px4_msgs/local/lib/python3.10/dist-packages/px4_msgs/msg/_estimator_innovations.py\n'}
[1.414946] (px4_msgs) StdoutLine: {'line': b'-- Up-to-date: /home/mustardking/ws_sensor_combined/install/px4_msgs/local/lib/python3.10/dist-packages/px4_msgs/msg/_gimbal_manager_information.py\n'}
[1.414967] (px4_msgs) StdoutLine: {'line': b'-- Up-to-date: /home/mustardking/ws_sensor_combined/install/px4_msgs/local/lib/python3.10/dist-packages/px4_msgs/msg/_open_drone_id_operator_id.py\n'}
[1.414989] (px4_msgs) StdoutLine: {'line': b'-- Up-to-date: /home/mustardking/ws_sensor_combined/install/px4_msgs/local/lib/python3.10/dist-packages/px4_msgs/msg/_vehicle_rates_setpoint_s.c\n'}
[1.415011] (px4_msgs) StdoutLine: {'line': b'-- Up-to-date: /home/mustardking/ws_sensor_combined/install/px4_msgs/local/lib/python3.10/dist-packages/px4_msgs/msg/_register_ext_component_request.py\n'}
[1.415085] (px4_msgs) StdoutLine: {'line': b'-- Up-to-date: /home/mustardking/ws_sensor_combined/install/px4_msgs/local/lib/python3.10/dist-packages/px4_msgs/msg/_actuator_armed.py\n'}
[1.415110] (px4_msgs) StdoutLine: {'line': b'-- Up-to-date: /home/mustardking/ws_sensor_combined/install/px4_msgs/local/lib/python3.10/dist-packages/px4_msgs/msg/_sensor_hygrometer_s.c\n'}
[1.415132] (px4_msgs) StdoutLine: {'line': b'-- Up-to-date: /home/mustardking/ws_sensor_combined/install/px4_msgs/local/lib/python3.10/dist-packages/px4_msgs/msg/_power_button_state_s.c\n'}
[1.415167] (px4_msgs) StdoutLine: {'line': b'-- Up-to-date: /home/mustardking/ws_sensor_combined/install/px4_msgs/local/lib/python3.10/dist-packages/px4_msgs/msg/_vehicle_optical_flow_s.c\n'}
[1.415196] (px4_msgs) StdoutLine: {'line': b'-- Up-to-date: /home/mustardking/ws_sensor_combined/install/px4_msgs/local/lib/python3.10/dist-packages/px4_msgs/msg/_sensors_status.py\n'}
[1.415218] (px4_msgs) StdoutLine: {'line': b'-- Up-to-date: /home/mustardking/ws_sensor_combined/install/px4_msgs/local/lib/python3.10/dist-packages/px4_msgs/msg/_fuel_tank_status.py\n'}
[1.415240] (px4_msgs) StdoutLine: {'line': b'-- Up-to-date: /home/mustardking/ws_sensor_combined/install/px4_msgs/local/lib/python3.10/dist-packages/px4_msgs/msg/_parameter_set_value_request.py\n'}
[1.415264] (px4_msgs) StdoutLine: {'line': b'-- Up-to-date: /home/mustardking/ws_sensor_combined/install/px4_msgs/local/lib/python3.10/dist-packages/px4_msgs/msg/_system_power_s.c\n'}
[1.415287] (px4_msgs) StdoutLine: {'line': b'-- Up-to-date: /home/mustardking/ws_sensor_combined/install/px4_msgs/local/lib/python3.10/dist-packages/px4_msgs/msg/_battery_info.py\n'}
[1.415310] (px4_msgs) StdoutLine: {'line': b'-- Up-to-date: /home/mustardking/ws_sensor_combined/install/px4_msgs/local/lib/python3.10/dist-packages/px4_msgs/msg/_cellular_status.py\n'}
[1.415348] (px4_msgs) StdoutLine: {'line': b'-- Up-to-date: /home/mustardking/ws_sensor_combined/install/px4_msgs/local/lib/python3.10/dist-packages/px4_msgs/msg/_rover_rate_status_s.c\n'}
[1.415370] (px4_msgs) StdoutLine: {'line': b'-- Up-to-date: /home/mustardking/ws_sensor_combined/install/px4_msgs/local/lib/python3.10/dist-packages/px4_msgs/msg/_follow_target_s.c\n'}
[1.415392] (px4_msgs) StdoutLine: {'line': b'-- Up-to-date: /home/mustardking/ws_sensor_combined/install/px4_msgs/local/lib/python3.10/dist-packages/px4_msgs/msg/_dronecan_node_status.py\n'}
[1.415414] (px4_msgs) StdoutLine: {'line': b'-- Up-to-date: /home/mustardking/ws_sensor_combined/install/px4_msgs/local/lib/python3.10/dist-packages/px4_msgs/msg/_rate_ctrl_status.py\n'}
[1.415436] (px4_msgs) StdoutLine: {'line': b'-- Up-to-date: /home/mustardking/ws_sensor_combined/install/px4_msgs/local/lib/python3.10/dist-packages/px4_msgs/msg/_radio_status.py\n'}
[1.415470] (px4_msgs) StdoutLine: {'line': b'-- Up-to-date: /home/mustardking/ws_sensor_combined/install/px4_msgs/local/lib/python3.10/dist-packages/px4_msgs/msg/_px4io_status.py\n'}
[1.415492] (px4_msgs) StdoutLine: {'line': b'-- Up-to-date: /home/mustardking/ws_sensor_combined/install/px4_msgs/local/lib/python3.10/dist-packages/px4_msgs/msg/_rc_parameter_map.py\n'}
[1.415515] (px4_msgs) StdoutLine: {'line': b'-- Up-to-date: /home/mustardking/ws_sensor_combined/install/px4_msgs/local/lib/python3.10/dist-packages/px4_msgs/msg/_dataman_response_s.c\n'}
[1.415536] (px4_msgs) StdoutLine: {'line': b'-- Up-to-date: /home/mustardking/ws_sensor_combined/install/px4_msgs/local/lib/python3.10/dist-packages/px4_msgs/msg/_unregister_ext_component.py\n'}
[1.415567] (px4_msgs) StdoutLine: {'line': b'-- Up-to-date: /home/mustardking/ws_sensor_combined/install/px4_msgs/local/lib/python3.10/dist-packages/px4_msgs/msg/_estimator_status_flags.py\n'}
[1.415596] (px4_msgs) StdoutLine: {'line': b'-- Up-to-date: /home/mustardking/ws_sensor_combined/install/px4_msgs/local/lib/python3.10/dist-packages/px4_msgs/msg/_telemetry_status_s.c\n'}
[1.415618] (px4_msgs) StdoutLine: {'line': b'-- Up-to-date: /home/mustardking/ws_sensor_combined/install/px4_msgs/local/lib/python3.10/dist-packages/px4_msgs/msg/_parameter_set_value_request_s.c\n'}
[1.415640] (px4_msgs) StdoutLine: {'line': b'-- Up-to-date: /home/mustardking/ws_sensor_combined/install/px4_msgs/local/lib/python3.10/dist-packages/px4_msgs/msg/_vehicle_rates_setpoint.py\n'}
[1.415662] (px4_msgs) StdoutLine: {'line': b'-- Up-to-date: /home/mustardking/ws_sensor_combined/install/px4_msgs/local/lib/python3.10/dist-packages/px4_msgs/msg/_manual_control_setpoint.py\n'}
[1.415722] (px4_msgs) StdoutLine: {'line': b'-- Up-to-date: /home/mustardking/ws_sensor_combined/install/px4_msgs/local/lib/python3.10/dist-packages/px4_msgs/msg/_obstacle_distance.py\n'}
[1.415744] (px4_msgs) StdoutLine: {'line': b'-- Up-to-date: /home/mustardking/ws_sensor_combined/install/px4_msgs/local/lib/python3.10/dist-packages/px4_msgs/msg/_power_button_state.py\n'}
[1.415766] (px4_msgs) StdoutLine: {'line': b'-- Up-to-date: /home/mustardking/ws_sensor_combined/install/px4_msgs/local/lib/python3.10/dist-packages/px4_msgs/msg/_gpio_in.py\n'}
[1.415803] (px4_msgs) StdoutLine: {'line': b'-- Up-to-date: /home/mustardking/ws_sensor_combined/install/px4_msgs/local/lib/python3.10/dist-packages/px4_msgs/msg/_fixed_wing_runway_control.py\n'}
[1.415825] (px4_msgs) StdoutLine: {'line': b'-- Up-to-date: /home/mustardking/ws_sensor_combined/install/px4_msgs/local/lib/python3.10/dist-packages/px4_msgs/msg/_esc_status.py\n'}
[1.415849] (px4_msgs) StdoutLine: {'line': b'-- Up-to-date: /home/mustardking/ws_sensor_combined/install/px4_msgs/local/lib/python3.10/dist-packages/px4_msgs/msg/_yaw_estimator_status.py\n'}
[1.415875] (px4_msgs) StdoutLine: {'line': b'-- Up-to-date: /home/mustardking/ws_sensor_combined/install/px4_msgs/local/lib/python3.10/dist-packages/px4_msgs/msg/_vehicle_attitude.py\n'}
[1.415896] (px4_msgs) StdoutLine: {'line': b'-- Up-to-date: /home/mustardking/ws_sensor_combined/install/px4_msgs/local/lib/python3.10/dist-packages/px4_msgs/msg/_vehicle_air_data_s.c\n'}
[1.415942] (px4_msgs) StdoutLine: {'line': b'-- Up-to-date: /home/mustardking/ws_sensor_combined/install/px4_msgs/local/lib/python3.10/dist-packages/px4_msgs/msg/_rover_rate_status.py\n'}
[1.415964] (px4_msgs) StdoutLine: {'line': b'-- Up-to-date: /home/mustardking/ws_sensor_combined/install/px4_msgs/local/lib/python3.10/dist-packages/px4_msgs/msg/_gpio_out.py\n'}
[1.415987] (px4_msgs) StdoutLine: {'line': b'-- Up-to-date: /home/mustardking/ws_sensor_combined/install/px4_msgs/local/lib/python3.10/dist-packages/px4_msgs/msg/_rc_parameter_map_s.c\n'}
[1.416008] (px4_msgs) StdoutLine: {'line': b'-- Up-to-date: /home/mustardking/ws_sensor_combined/install/px4_msgs/local/lib/python3.10/dist-packages/px4_msgs/msg/_sensor_combined.py\n'}
[1.416030] (px4_msgs) StdoutLine: {'line': b'-- Up-to-date: /home/mustardking/ws_sensor_combined/install/px4_msgs/local/lib/python3.10/dist-packages/px4_msgs/msg/_position_controller_status_s.c\n'}
[1.416067] (px4_msgs) StdoutLine: {'line': b'-- Up-to-date: /home/mustardking/ws_sensor_combined/install/px4_msgs/local/lib/python3.10/dist-packages/px4_msgs/msg/_estimator_innovations_s.c\n'}
[1.416111] (px4_msgs) StdoutLine: {'line': b'-- Up-to-date: /home/mustardking/ws_sensor_combined/install/px4_msgs/local/lib/python3.10/dist-packages/px4_msgs/msg/_vehicle_imu_s.c\n'}
[1.416134] (px4_msgs) StdoutLine: {'line': b'-- Up-to-date: /home/mustardking/ws_sensor_combined/install/px4_msgs/local/lib/python3.10/dist-packages/px4_msgs/msg/_estimator_bias3d_s.c\n'}
[1.416156] (px4_msgs) StdoutLine: {'line': b'-- Up-to-date: /home/mustardking/ws_sensor_combined/install/px4_msgs/local/lib/python3.10/dist-packages/px4_msgs/msg/_input_rc.py\n'}
[1.416178] (px4_msgs) StdoutLine: {'line': b'-- Up-to-date: /home/mustardking/ws_sensor_combined/install/px4_msgs/local/lib/python3.10/dist-packages/px4_msgs/msg/_vehicle_angular_acceleration_setpoint.py\n'}
[1.416200] (px4_msgs) StdoutLine: {'line': b'-- Up-to-date: /home/mustardking/ws_sensor_combined/install/px4_msgs/local/lib/python3.10/dist-packages/px4_msgs/msg/_gpio_config_s.c\n'}
[1.416238] (px4_msgs) StdoutLine: {'line': b'-- Up-to-date: /home/mustardking/ws_sensor_combined/install/px4_msgs/local/lib/python3.10/dist-packages/px4_msgs/msg/_rtl_status_s.c\n'}
[1.416260] (px4_msgs) StdoutLine: {'line': b'-- Up-to-date: /home/mustardking/ws_sensor_combined/install/px4_msgs/local/lib/python3.10/dist-packages/px4_msgs/msg/_sensors_status_s.c\n'}
[1.416282] (px4_msgs) StdoutLine: {'line': b'-- Up-to-date: /home/mustardking/ws_sensor_combined/install/px4_msgs/local/lib/python3.10/dist-packages/px4_msgs/msg/_px4io_status_s.c\n'}
[1.416304] (px4_msgs) StdoutLine: {'line': b'-- Up-to-date: /home/mustardking/ws_sensor_combined/install/px4_msgs/local/lib/python3.10/dist-packages/px4_msgs/msg/_parameter_reset_request_s.c\n'}
[1.416326] (px4_msgs) StdoutLine: {'line': b'-- Up-to-date: /home/mustardking/ws_sensor_combined/install/px4_msgs/local/lib/python3.10/dist-packages/px4_msgs/msg/_estimator_status_s.c\n'}
[1.416349] (px4_msgs) StdoutLine: {'line': b'-- Up-to-date: /home/mustardking/ws_sensor_combined/install/px4_msgs/local/lib/python3.10/dist-packages/px4_msgs/msg/_internal_combustion_engine_status.py\n'}
[1.416380] (px4_msgs) StdoutLine: {'line': b'-- Up-to-date: /home/mustardking/ws_sensor_combined/install/px4_msgs/local/lib/python3.10/dist-packages/px4_msgs/msg/_battery_info_s.c\n'}
[1.416409] (px4_msgs) StdoutLine: {'line': b'-- Up-to-date: /home/mustardking/ws_sensor_combined/install/px4_msgs/local/lib/python3.10/dist-packages/px4_msgs/msg/_estimator_bias.py\n'}
[1.416433] (px4_msgs) StdoutLine: {'line': b'-- Up-to-date: /home/mustardking/ws_sensor_combined/install/px4_msgs/local/lib/python3.10/dist-packages/px4_msgs/msg/_sensor_mag_s.c\n'}
[1.416455] (px4_msgs) StdoutLine: {'line': b'-- Up-to-date: /home/mustardking/ws_sensor_combined/install/px4_msgs/local/lib/python3.10/dist-packages/px4_msgs/msg/_manual_control_switches_s.c\n'}
[1.416477] (px4_msgs) StdoutLine: {'line': b'-- Up-to-date: /home/mustardking/ws_sensor_combined/install/px4_msgs/local/lib/python3.10/dist-packages/px4_msgs/msg/_camera_status_s.c\n'}
[1.416514] (px4_msgs) StdoutLine: {'line': b'-- Up-to-date: /home/mustardking/ws_sensor_combined/install/px4_msgs/local/lib/python3.10/dist-packages/px4_msgs/msg/_wind_s.c\n'}
[1.416536] (px4_msgs) StdoutLine: {'line': b'-- Up-to-date: /home/mustardking/ws_sensor_combined/install/px4_msgs/local/lib/python3.10/dist-packages/px4_msgs/msg/_fixed_wing_lateral_status.py\n'}
[1.416559] (px4_msgs) StdoutLine: {'line': b'-- Up-to-date: /home/mustardking/ws_sensor_combined/install/px4_msgs/local/lib/python3.10/dist-packages/px4_msgs/msg/_autotune_attitude_control_status.py\n'}
[1.416581] (px4_msgs) StdoutLine: {'line': b'-- Up-to-date: /home/mustardking/ws_sensor_combined/install/px4_msgs/local/lib/python3.10/dist-packages/px4_msgs/msg/_goto_setpoint_s.c\n'}
[1.416603] (px4_msgs) StdoutLine: {'line': b'-- Up-to-date: /home/mustardking/ws_sensor_combined/install/px4_msgs/local/lib/python3.10/dist-packages/px4_msgs/msg/_position_setpoint_triplet.py\n'}
[1.416643] (px4_msgs) StdoutLine: {'line': b'-- Up-to-date: /home/mustardking/ws_sensor_combined/install/px4_msgs/local/lib/python3.10/dist-packages/px4_msgs/msg/_uavcan_parameter_request_s.c\n'}
[1.416684] (px4_msgs) StdoutLine: {'line': b'-- Up-to-date: /home/mustardking/ws_sensor_combined/install/px4_msgs/local/lib/python3.10/dist-packages/px4_msgs/msg/_actuator_armed_s.c\n'}
[1.416706] (px4_msgs) StdoutLine: {'line': b'-- Up-to-date: /home/mustardking/ws_sensor_combined/install/px4_msgs/local/lib/python3.10/dist-packages/px4_msgs/msg/_sensor_gnss_relative_s.c\n'}
[1.416728] (px4_msgs) StdoutLine: {'line': b'-- Up-to-date: /home/mustardking/ws_sensor_combined/install/px4_msgs/local/lib/python3.10/dist-packages/px4_msgs/msg/_offboard_control_mode.py\n'}
[1.416750] (px4_msgs) StdoutLine: {'line': b'-- Up-to-date: /home/mustardking/ws_sensor_combined/install/px4_msgs/local/lib/python3.10/dist-packages/px4_msgs/msg/_register_ext_component_reply.py\n'}
[1.416782] (px4_msgs) StdoutLine: {'line': b'-- Up-to-date: /home/mustardking/ws_sensor_combined/install/px4_msgs/local/lib/python3.10/dist-packages/px4_msgs/msg/_sensor_gyro_fifo_s.c\n'}
[1.416821] (px4_msgs) StdoutLine: {'line': b'-- Up-to-date: /home/mustardking/ws_sensor_combined/install/px4_msgs/local/lib/python3.10/dist-packages/px4_msgs/msg/_action_request_s.c\n'}
[1.416843] (px4_msgs) StdoutLine: {'line': b'-- Up-to-date: /home/mustardking/ws_sensor_combined/install/px4_msgs/local/lib/python3.10/dist-packages/px4_msgs/msg/_sensor_accel.py\n'}
[1.416865] (px4_msgs) StdoutLine: {'line': b'-- Up-to-date: /home/mustardking/ws_sensor_combined/install/px4_msgs/local/lib/python3.10/dist-packages/px4_msgs/msg/_esc_status_s.c\n'}
[1.416887] (px4_msgs) StdoutLine: {'line': b'-- Up-to-date: /home/mustardking/ws_sensor_combined/install/px4_msgs/local/lib/python3.10/dist-packages/px4_msgs/msg/_qshell_retval.py\n'}
[1.416909] (px4_msgs) StdoutLine: {'line': b'-- Up-to-date: /home/mustardking/ws_sensor_combined/install/px4_msgs/local/lib/python3.10/dist-packages/px4_msgs/msg/_tecs_status.py\n'}
[1.416930] (px4_msgs) StdoutLine: {'line': b'-- Up-to-date: /home/mustardking/ws_sensor_combined/install/px4_msgs/local/lib/python3.10/dist-packages/px4_msgs/msg/_flight_phase_estimation.py\n'}
[1.417550] (px4_msgs) StdoutLine: {'line': b'-- Up-to-date: /home/mustardking/ws_sensor_combined/install/px4_msgs/local/lib/python3.10/dist-packages/px4_msgs/msg/_neural_control_s.c\n'}
[1.417579] (px4_msgs) StdoutLine: {'line': b'-- Up-to-date: /home/mustardking/ws_sensor_combined/install/px4_msgs/local/lib/python3.10/dist-packages/px4_msgs/msg/_transponder_report_s.c\n'}
[1.417627] (px4_msgs) StdoutLine: {'line': b'-- Up-to-date: /home/mustardking/ws_sensor_combined/install/px4_msgs/local/lib/python3.10/dist-packages/px4_msgs/msg/_gps_inject_data.py\n'}
[1.417652] (px4_msgs) StdoutLine: {'line': b'-- Up-to-date: /home/mustardking/ws_sensor_combined/install/px4_msgs/local/lib/python3.10/dist-packages/px4_msgs/msg/_sensor_preflight_mag.py\n'}
[1.417674] (px4_msgs) StdoutLine: {'line': b'-- Up-to-date: /home/mustardking/ws_sensor_combined/install/px4_msgs/local/lib/python3.10/dist-packages/px4_msgs/msg/_log_message_s.c\n'}
[1.417696] (px4_msgs) StdoutLine: {'line': b'-- Up-to-date: /home/mustardking/ws_sensor_combined/install/px4_msgs/local/lib/python3.10/dist-packages/px4_msgs/msg/_gps_inject_data_s.c\n'}
[1.417717] (px4_msgs) StdoutLine: {'line': b'-- Up-to-date: /home/mustardking/ws_sensor_combined/install/px4_msgs/local/lib/python3.10/dist-packages/px4_msgs/msg/_rate_ctrl_status_s.c\n'}
[1.417754] (px4_msgs) StdoutLine: {'line': b'-- Up-to-date: /home/mustardking/ws_sensor_combined/install/px4_msgs/local/lib/python3.10/dist-packages/px4_msgs/msg/_gimbal_device_set_attitude_s.c\n'}
[1.417777] (px4_msgs) StdoutLine: {'line': b'-- Up-to-date: /home/mustardking/ws_sensor_combined/install/px4_msgs/local/lib/python3.10/dist-packages/px4_msgs/msg/_mode_completed_s.c\n'}
[1.417799] (px4_msgs) StdoutLine: {'line': b'-- Up-to-date: /home/mustardking/ws_sensor_combined/install/px4_msgs/local/lib/python3.10/dist-packages/px4_msgs/msg/_longitudinal_control_configuration.py\n'}
[1.417821] (px4_msgs) StdoutLine: {'line': b'-- Up-to-date: /home/mustardking/ws_sensor_combined/install/px4_msgs/local/lib/python3.10/dist-packages/px4_msgs/msg/_mag_worker_data.py\n'}
[1.417843] (px4_msgs) StdoutLine: {'line': b'-- Up-to-date: /home/mustardking/ws_sensor_combined/install/px4_msgs/local/lib/python3.10/dist-packages/px4_msgs/msg/_uavcan_parameter_value.py\n'}
[1.417865] (px4_msgs) StdoutLine: {'line': b'-- Up-to-date: /home/mustardking/ws_sensor_combined/install/px4_msgs/local/lib/python3.10/dist-packages/px4_msgs/msg/_gpio_in_s.c\n'}
[1.417887] (px4_msgs) StdoutLine: {'line': b'-- Up-to-date: /home/mustardking/ws_sensor_combined/install/px4_msgs/local/lib/python3.10/dist-packages/px4_msgs/msg/_landing_gear.py\n'}
[1.417925] (px4_msgs) StdoutLine: {'line': b'-- Up-to-date: /home/mustardking/ws_sensor_combined/install/px4_msgs/local/lib/python3.10/dist-packages/px4_msgs/msg/_esc_report.py\n'}
[1.417948] (px4_msgs) StdoutLine: {'line': b'-- Up-to-date: /home/mustardking/ws_sensor_combined/install/px4_msgs/local/lib/python3.10/dist-packages/px4_msgs/msg/_vehicle_torque_setpoint.py\n'}
[1.417970] (px4_msgs) StdoutLine: {'line': b'-- Up-to-date: /home/mustardking/ws_sensor_combined/install/px4_msgs/local/lib/python3.10/dist-packages/px4_msgs/msg/_mount_orientation.py\n'}
[1.417996] (px4_msgs) StdoutLine: {'line': b'-- Up-to-date: /home/mustardking/ws_sensor_combined/install/px4_msgs/local/lib/python3.10/dist-packages/px4_msgs/msg/_config_overrides_s.c\n'}
[1.418018] (px4_msgs) StdoutLine: {'line': b'-- Up-to-date: /home/mustardking/ws_sensor_combined/install/px4_msgs/local/lib/python3.10/dist-packages/px4_msgs/msg/_yaw_estimator_status_s.c\n'}
[1.418053] (px4_msgs) StdoutLine: {'line': b'-- Up-to-date: /home/mustardking/ws_sensor_combined/install/px4_msgs/local/lib/python3.10/dist-packages/px4_msgs/msg/_rover_speed_status_s.c\n'}
[1.418075] (px4_msgs) StdoutLine: {'line': b'-- Up-to-date: /home/mustardking/ws_sensor_combined/install/px4_msgs/local/lib/python3.10/dist-packages/px4_msgs/msg/_position_setpoint_s.c\n'}
[1.418098] (px4_msgs) StdoutLine: {'line': b'-- Up-to-date: /home/mustardking/ws_sensor_combined/install/px4_msgs/local/lib/python3.10/dist-packages/px4_msgs/msg/_actuator_test.py\n'}
[1.418120] (px4_msgs) StdoutLine: {'line': b'-- Up-to-date: /home/mustardking/ws_sensor_combined/install/px4_msgs/local/lib/python3.10/dist-packages/px4_msgs/msg/_position_setpoint_triplet_s.c\n'}
[1.418144] (px4_msgs) StdoutLine: {'line': b'-- Up-to-date: /home/mustardking/ws_sensor_combined/install/px4_msgs/local/lib/python3.10/dist-packages/px4_msgs/msg/_pps_capture.py\n'}
[1.418166] (px4_msgs) StdoutLine: {'line': b'-- Up-to-date: /home/mustardking/ws_sensor_combined/install/px4_msgs/local/lib/python3.10/dist-packages/px4_msgs/msg/_ping.py\n'}
[1.418206] (px4_msgs) StdoutLine: {'line': b'-- Up-to-date: /home/mustardking/ws_sensor_combined/install/px4_msgs/local/lib/python3.10/dist-packages/px4_msgs/msg/_navigator_status.py\n'}
[1.418256] (px4_msgs) StdoutLine: {'line': b'-- Up-to-date: /home/mustardking/ws_sensor_combined/install/px4_msgs/local/lib/python3.10/dist-packages/px4_msgs/msg/_vehicle_acceleration_s.c\n'}
[1.418281] (px4_msgs) StdoutLine: {'line': b'-- Up-to-date: /home/mustardking/ws_sensor_combined/install/px4_msgs/local/lib/python3.10/dist-packages/px4_msgs/msg/_control_allocator_status_s.c\n'}
[1.418303] (px4_msgs) StdoutLine: {'line': b'-- Up-to-date: /home/mustardking/ws_sensor_combined/install/px4_msgs/local/lib/python3.10/dist-packages/px4_msgs/msg/_failure_detector_status_s.c\n'}
[1.418325] (px4_msgs) StdoutLine: {'line': b'-- Up-to-date: /home/mustardking/ws_sensor_combined/install/px4_msgs/local/lib/python3.10/dist-packages/px4_msgs/msg/_sensor_optical_flow.py\n'}
[1.418347] (px4_msgs) StdoutLine: {'line': b'-- Up-to-date: /home/mustardking/ws_sensor_combined/install/px4_msgs/local/lib/python3.10/dist-packages/px4_msgs/msg/_health_report_s.c\n'}
[1.418369] (px4_msgs) StdoutLine: {'line': b'-- Up-to-date: /home/mustardking/ws_sensor_combined/install/px4_msgs/local/lib/python3.10/dist-packages/px4_msgs/msg/_trajectory_setpoint6dof.py\n'}
[1.418406] (px4_msgs) StdoutLine: {'line': b'-- Up-to-date: /home/mustardking/ws_sensor_combined/install/px4_msgs/local/lib/python3.10/dist-packages/px4_msgs/msg/_open_drone_id_arm_status_s.c\n'}
[1.418428] (px4_msgs) StdoutLine: {'line': b'-- Up-to-date: /home/mustardking/ws_sensor_combined/install/px4_msgs/local/lib/python3.10/dist-packages/px4_msgs/msg/_debug_vect.py\n'}
[1.418450] (px4_msgs) StdoutLine: {'line': b'-- Up-to-date: /home/mustardking/ws_sensor_combined/install/px4_msgs/local/lib/python3.10/dist-packages/px4_msgs/msg/_rtl_status.py\n'}
[1.418472] (px4_msgs) StdoutLine: {'line': b'-- Up-to-date: /home/mustardking/ws_sensor_combined/install/px4_msgs/local/lib/python3.10/dist-packages/px4_msgs/msg/_camera_status.py\n'}
[1.418494] (px4_msgs) StdoutLine: {'line': b'-- Up-to-date: /home/mustardking/ws_sensor_combined/install/px4_msgs/local/lib/python3.10/dist-packages/px4_msgs/msg/_sensors_status_imu.py\n'}
[1.418530] (px4_msgs) StdoutLine: {'line': b'-- Up-to-date: /home/mustardking/ws_sensor_combined/install/px4_msgs/local/lib/python3.10/dist-packages/px4_msgs/msg/_vehicle_angular_acceleration_setpoint_s.c\n'}
[1.418553] (px4_msgs) StdoutLine: {'line': b'-- Up-to-date: /home/mustardking/ws_sensor_combined/install/px4_msgs/local/lib/python3.10/dist-packages/px4_msgs/msg/_can_interface_status.py\n'}
[1.418575] (px4_msgs) StdoutLine: {'line': b'-- Up-to-date: /home/mustardking/ws_sensor_combined/install/px4_msgs/local/lib/python3.10/dist-packages/px4_msgs/msg/_cpuload.py\n'}
[1.418597] (px4_msgs) StdoutLine: {'line': b'-- Up-to-date: /home/mustardking/ws_sensor_combined/install/px4_msgs/local/lib/python3.10/dist-packages/px4_msgs/msg/_rtl_time_estimate_s.c\n'}
[1.418628] (px4_msgs) StdoutLine: {'line': b'-- Up-to-date: /home/mustardking/ws_sensor_combined/install/px4_msgs/local/lib/python3.10/dist-packages/px4_msgs/msg/_geofence_result_s.c\n'}
[1.418657] (px4_msgs) StdoutLine: {'line': b'-- Up-to-date: /home/mustardking/ws_sensor_combined/install/px4_msgs/local/lib/python3.10/dist-packages/px4_msgs/msg/_arming_check_reply.py\n'}
[1.418679] (px4_msgs) StdoutLine: {'line': b'-- Up-to-date: /home/mustardking/ws_sensor_combined/install/px4_msgs/local/lib/python3.10/dist-packages/px4_msgs/msg/_camera_trigger_s.c\n'}
[1.418701] (px4_msgs) StdoutLine: {'line': b'-- Up-to-date: /home/mustardking/ws_sensor_combined/install/px4_msgs/local/lib/python3.10/dist-packages/px4_msgs/msg/_estimator_selector_status.py\n'}
[1.418725] (px4_msgs) StdoutLine: {'line': b'-- Up-to-date: /home/mustardking/ws_sensor_combined/install/px4_msgs/local/lib/python3.10/dist-packages/px4_msgs/msg/_failsafe_flags_s.c\n'}
[1.418760] (px4_msgs) StdoutLine: {'line': b'-- Up-to-date: /home/mustardking/ws_sensor_combined/install/px4_msgs/local/lib/python3.10/dist-packages/px4_msgs/msg/_parameter_reset_request.py\n'}
[1.418785] (px4_msgs) StdoutLine: {'line': b'-- Up-to-date: /home/mustardking/ws_sensor_combined/install/px4_msgs/local/lib/python3.10/dist-packages/px4_msgs/msg/_arming_check_request_s.c\n'}
[1.418807] (px4_msgs) StdoutLine: {'line': b'-- Up-to-date: /home/mustardking/ws_sensor_combined/install/px4_msgs/local/lib/python3.10/dist-packages/px4_msgs/msg/_lateral_control_configuration.py\n'}
[1.418831] (px4_msgs) StdoutLine: {'line': b'-- Up-to-date: /home/mustardking/ws_sensor_combined/install/px4_msgs/local/lib/python3.10/dist-packages/px4_msgs/msg/_vehicle_air_data.py\n'}
[1.418853] (px4_msgs) StdoutLine: {'line': b'-- Up-to-date: /home/mustardking/ws_sensor_combined/install/px4_msgs/local/lib/python3.10/dist-packages/px4_msgs/msg/_estimator_aid_source3d.py\n'}
[1.418887] (px4_msgs) StdoutLine: {'line': b'-- Up-to-date: /home/mustardking/ws_sensor_combined/install/px4_msgs/local/lib/python3.10/dist-packages/px4_msgs/msg/_vehicle_attitude_setpoint_s.c\n'}
[1.418910] (px4_msgs) StdoutLine: {'line': b'-- Up-to-date: /home/mustardking/ws_sensor_combined/install/px4_msgs/local/lib/python3.10/dist-packages/px4_msgs/msg/_generator_status_s.c\n'}
[1.418932] (px4_msgs) StdoutLine: {'line': b'-- Up-to-date: /home/mustardking/ws_sensor_combined/install/px4_msgs/local/lib/python3.10/dist-packages/px4_msgs/msg/_open_drone_id_system_s.c\n'}
[1.418954] (px4_msgs) StdoutLine: {'line': b'-- Up-to-date: /home/mustardking/ws_sensor_combined/install/px4_msgs/local/lib/python3.10/dist-packages/px4_msgs/msg/_normalized_unsigned_setpoint.py\n'}
[1.418976] (px4_msgs) StdoutLine: {'line': b'-- Up-to-date: /home/mustardking/ws_sensor_combined/install/px4_msgs/local/lib/python3.10/dist-packages/px4_msgs/msg/_mount_orientation_s.c\n'}
[1.418998] (px4_msgs) StdoutLine: {'line': b'-- Up-to-date: /home/mustardking/ws_sensor_combined/install/px4_msgs/local/lib/python3.10/dist-packages/px4_msgs/msg/_mavlink_log_s.c\n'}
[1.419025] (px4_msgs) StdoutLine: {'line': b'-- Up-to-date: /home/mustardking/ws_sensor_combined/install/px4_msgs/local/lib/python3.10/dist-packages/px4_msgs/msg/_estimator_aid_source2d.py\n'}
[1.419063] (px4_msgs) StdoutLine: {'line': b'-- Up-to-date: /home/mustardking/ws_sensor_combined/install/px4_msgs/local/lib/python3.10/dist-packages/px4_msgs/msg/_mission_result_s.c\n'}
[1.419085] (px4_msgs) StdoutLine: {'line': b'-- Up-to-date: /home/mustardking/ws_sensor_combined/install/px4_msgs/local/lib/python3.10/dist-packages/px4_msgs/msg/_button_event_s.c\n'}
[1.419107] (px4_msgs) StdoutLine: {'line': b'-- Up-to-date: /home/mustardking/ws_sensor_combined/install/px4_msgs/local/lib/python3.10/dist-packages/px4_msgs/msg/_estimator_aid_source1d.py\n'}
[1.419129] (px4_msgs) StdoutLine: {'line': b'-- Up-to-date: /home/mustardking/ws_sensor_combined/install/px4_msgs/local/lib/python3.10/dist-packages/px4_msgs/msg/_register_ext_component_reply_s.c\n'}
[1.419151] (px4_msgs) StdoutLine: {'line': b'-- Up-to-date: /home/mustardking/ws_sensor_combined/install/px4_msgs/local/lib/python3.10/dist-packages/px4_msgs/msg/_rtl_time_estimate.py\n'}
[1.419184] (px4_msgs) StdoutLine: {'line': b'-- Up-to-date: /home/mustardking/ws_sensor_combined/install/px4_msgs/local/lib/python3.10/dist-packages/px4_msgs/msg/_sensor_baro.py\n'}
[1.419206] (px4_msgs) StdoutLine: {'line': b'-- Up-to-date: /home/mustardking/ws_sensor_combined/install/px4_msgs/local/lib/python3.10/dist-packages/px4_msgs/msg/_input_rc_s.c\n'}
[1.419229] (px4_msgs) StdoutLine: {'line': b'-- Up-to-date: /home/mustardking/ws_sensor_combined/install/px4_msgs/local/lib/python3.10/dist-packages/px4_msgs/msg/_rc_channels_s.c\n'}
[1.419252] (px4_msgs) StdoutLine: {'line': b'-- Up-to-date: /home/mustardking/ws_sensor_combined/install/px4_msgs/local/lib/python3.10/dist-packages/px4_msgs/msg/_mag_worker_data_s.c\n'}
[1.419274] (px4_msgs) StdoutLine: {'line': b'-- Up-to-date: /home/mustardking/ws_sensor_combined/install/px4_msgs/local/lib/python3.10/dist-packages/px4_msgs/msg/_gimbal_controls.py\n'}
[1.419296] (px4_msgs) StdoutLine: {'line': b'-- Up-to-date: /home/mustardking/ws_sensor_combined/install/px4_msgs/local/lib/python3.10/dist-packages/px4_msgs/msg/_trajectory_setpoint6dof_s.c\n'}
[1.419330] (px4_msgs) StdoutLine: {'line': b'-- Up-to-date: /home/mustardking/ws_sensor_combined/install/px4_msgs/local/lib/python3.10/dist-packages/px4_msgs/msg/_sensor_combined_s.c\n'}
[1.419353] (px4_msgs) StdoutLine: {'line': b'-- Up-to-date: /home/mustardking/ws_sensor_combined/install/px4_msgs/local/lib/python3.10/dist-packages/px4_msgs/msg/_vehicle_status.py\n'}
[1.419375] (px4_msgs) StdoutLine: {'line': b'-- Up-to-date: /home/mustardking/ws_sensor_combined/install/px4_msgs/local/lib/python3.10/dist-packages/px4_msgs/msg/_estimator_aid_source1d_s.c\n'}
[1.419397] (px4_msgs) StdoutLine: {'line': b'-- Up-to-date: /home/mustardking/ws_sensor_combined/install/px4_msgs/local/lib/python3.10/dist-packages/px4_msgs/msg/_vehicle_local_position.py\n'}
[1.419419] (px4_msgs) StdoutLine: {'line': b'-- Up-to-date: /home/mustardking/ws_sensor_combined/install/px4_msgs/local/lib/python3.10/dist-packages/px4_msgs/msg/_estimator_selector_status_s.c\n'}
[1.419451] (px4_msgs) StdoutLine: {'line': b'-- Up-to-date: /home/mustardking/ws_sensor_combined/install/px4_msgs/local/lib/python3.10/dist-packages/px4_msgs/msg/_adc_report_s.c\n'}
[1.419479] (px4_msgs) StdoutLine: {'line': b'-- Up-to-date: /home/mustardking/ws_sensor_combined/install/px4_msgs/local/lib/python3.10/dist-packages/px4_msgs/msg/_trajectory_setpoint_s.c\n'}
[1.419506] (px4_msgs) StdoutLine: {'line': b'-- Up-to-date: /home/mustardking/ws_sensor_combined/install/px4_msgs/local/lib/python3.10/dist-packages/px4_msgs/msg/_gimbal_device_attitude_status.py\n'}
[1.419529] (px4_msgs) StdoutLine: {'line': b'-- Up-to-date: /home/mustardking/ws_sensor_combined/install/px4_msgs/local/lib/python3.10/dist-packages/px4_msgs/msg/_vehicle_command_ack_s.c\n'}
[1.419551] (px4_msgs) StdoutLine: {'line': b'-- Up-to-date: /home/mustardking/ws_sensor_combined/install/px4_msgs/local/lib/python3.10/dist-packages/px4_msgs/msg/_magnetometer_bias_estimate.py\n'}
[1.419573] (px4_msgs) StdoutLine: {'line': b'-- Up-to-date: /home/mustardking/ws_sensor_combined/install/px4_msgs/local/lib/python3.10/dist-packages/px4_msgs/msg/_landing_target_pose.py\n'}
[1.419595] (px4_msgs) StdoutLine: {'line': b'-- Up-to-date: /home/mustardking/ws_sensor_combined/install/px4_msgs/local/lib/python3.10/dist-packages/px4_msgs/msg/_sensor_hygrometer.py\n'}
[1.419635] (px4_msgs) StdoutLine: {'line': b'-- Up-to-date: /home/mustardking/ws_sensor_combined/install/px4_msgs/local/lib/python3.10/dist-packages/px4_msgs/msg/_vehicle_local_position_s.c\n'}
[1.419657] (px4_msgs) StdoutLine: {'line': b'-- Up-to-date: /home/mustardking/ws_sensor_combined/install/px4_msgs/local/lib/python3.10/dist-packages/px4_msgs/msg/_rover_attitude_setpoint.py\n'}
[1.419678] (px4_msgs) StdoutLine: {'line': b'-- Up-to-date: /home/mustardking/ws_sensor_combined/install/px4_msgs/local/lib/python3.10/dist-packages/px4_msgs/msg/_qshell_retval_s.c\n'}
[1.419700] (px4_msgs) StdoutLine: {'line': b'-- Up-to-date: /home/mustardking/ws_sensor_combined/install/px4_msgs/local/lib/python3.10/dist-packages/px4_msgs/msg/_vtol_vehicle_status.py\n'}
[1.419722] (px4_msgs) StdoutLine: {'line': b'-- Up-to-date: /home/mustardking/ws_sensor_combined/install/px4_msgs/local/lib/python3.10/dist-packages/px4_msgs/msg/_mavlink_tunnel_s.c\n'}
[1.419760] (px4_msgs) StdoutLine: {'line': b'-- Up-to-date: /home/mustardking/ws_sensor_combined/install/px4_msgs/local/lib/python3.10/dist-packages/px4_msgs/msg/_follow_target_estimator.py\n'}
[1.419782] (px4_msgs) StdoutLine: {'line': b'-- Up-to-date: /home/mustardking/ws_sensor_combined/install/px4_msgs/local/lib/python3.10/dist-packages/px4_msgs/msg/_vehicle_local_position_setpoint.py\n'}
[1.419806] (px4_msgs) StdoutLine: {'line': b'-- Up-to-date: /home/mustardking/ws_sensor_combined/install/px4_msgs/local/lib/python3.10/dist-packages/px4_msgs/msg/_vehicle_roi.py\n'}
[1.419834] (px4_msgs) StdoutLine: {'line': b'-- Up-to-date: /home/mustardking/ws_sensor_combined/install/px4_msgs/local/lib/python3.10/dist-packages/px4_msgs/msg/__init__.py\n'}
[1.419857] (px4_msgs) StdoutLine: {'line': b'-- Up-to-date: /home/mustardking/ws_sensor_combined/install/px4_msgs/local/lib/python3.10/dist-packages/px4_msgs/msg/_rover_position_setpoint.py\n'}
[1.419879] (px4_msgs) StdoutLine: {'line': b'-- Up-to-date: /home/mustardking/ws_sensor_combined/install/px4_msgs/local/lib/python3.10/dist-packages/px4_msgs/msg/_orb_test_s.c\n'}
[1.419914] (px4_msgs) StdoutLine: {'line': b'-- Up-to-date: /home/mustardking/ws_sensor_combined/install/px4_msgs/local/lib/python3.10/dist-packages/px4_msgs/msg/_iridiumsbd_status_s.c\n'}
[1.419937] (px4_msgs) StdoutLine: {'line': b'-- Up-to-date: /home/mustardking/ws_sensor_combined/install/px4_msgs/local/lib/python3.10/dist-packages/px4_msgs/msg/_sensors_status_imu_s.c\n'}
[1.419959] (px4_msgs) StdoutLine: {'line': b'-- Up-to-date: /home/mustardking/ws_sensor_combined/install/px4_msgs/local/lib/python3.10/dist-packages/px4_msgs/msg/_estimator_event_flags.py\n'}
[1.419981] (px4_msgs) StdoutLine: {'line': b'-- Up-to-date: /home/mustardking/ws_sensor_combined/install/px4_msgs/local/lib/python3.10/dist-packages/px4_msgs/msg/_sensor_gyro.py\n'}
[1.420003] (px4_msgs) StdoutLine: {'line': b'-- Up-to-date: /home/mustardking/ws_sensor_combined/install/px4_msgs/local/lib/python3.10/dist-packages/px4_msgs/msg/_arming_check_reply_s.c\n'}
[1.420038] (px4_msgs) StdoutLine: {'line': b'-- Up-to-date: /home/mustardking/ws_sensor_combined/install/px4_msgs/local/lib/python3.10/dist-packages/px4_msgs/msg/_follow_target_estimator_s.c\n'}
[1.420060] (px4_msgs) StdoutLine: {'line': b'-- Up-to-date: /home/mustardking/ws_sensor_combined/install/px4_msgs/local/lib/python3.10/dist-packages/px4_msgs/msg/_uavcan_parameter_request.py\n'}
[1.420082] (px4_msgs) StdoutLine: {'line': b'-- Up-to-date: /home/mustardking/ws_sensor_combined/install/px4_msgs/local/lib/python3.10/dist-packages/px4_msgs/msg/_distance_sensor_s.c\n'}
[1.420105] (px4_msgs) StdoutLine: {'line': b'-- Up-to-date: /home/mustardking/ws_sensor_combined/install/px4_msgs/local/lib/python3.10/dist-packages/px4_msgs/msg/_led_control.py\n'}
[1.420129] (px4_msgs) StdoutLine: {'line': b'-- Up-to-date: /home/mustardking/ws_sensor_combined/install/px4_msgs/local/lib/python3.10/dist-packages/px4_msgs/msg/_debug_value_s.c\n'}
[1.420151] (px4_msgs) StdoutLine: {'line': b'-- Up-to-date: /home/mustardking/ws_sensor_combined/install/px4_msgs/local/lib/python3.10/dist-packages/px4_msgs/msg/_rover_steering_setpoint_s.c\n'}
[1.420175] (px4_msgs) StdoutLine: {'line': b'-- Up-to-date: /home/mustardking/ws_sensor_combined/install/px4_msgs/local/lib/python3.10/dist-packages/px4_msgs/msg/_mavlink_tunnel.py\n'}
[1.420214] (px4_msgs) StdoutLine: {'line': b'-- Up-to-date: /home/mustardking/ws_sensor_combined/install/px4_msgs/local/lib/python3.10/dist-packages/px4_msgs/msg/_home_position.py\n'}
[1.420241] (px4_msgs) StdoutLine: {'line': b'-- Up-to-date: /home/mustardking/ws_sensor_combined/install/px4_msgs/local/lib/python3.10/dist-packages/px4_msgs/msg/_radio_status_s.c\n'}
[1.420263] (px4_msgs) StdoutLine: {'line': b'-- Up-to-date: /home/mustardking/ws_sensor_combined/install/px4_msgs/local/lib/python3.10/dist-packages/px4_msgs/msg/_sensor_gyro_s.c\n'}
[1.420285] (px4_msgs) StdoutLine: {'line': b'-- Up-to-date: /home/mustardking/ws_sensor_combined/install/px4_msgs/local/lib/python3.10/dist-packages/px4_msgs/msg/_heater_status_s.c\n'}
[1.420307] (px4_msgs) StdoutLine: {'line': b'-- Up-to-date: /home/mustardking/ws_sensor_combined/install/px4_msgs/local/lib/python3.10/dist-packages/px4_msgs/msg/_vehicle_control_mode_s.c\n'}
[1.420341] (px4_msgs) StdoutLine: {'line': b'-- Up-to-date: /home/mustardking/ws_sensor_combined/install/px4_msgs/local/lib/python3.10/dist-packages/px4_msgs/msg/_actuator_outputs_s.c\n'}
[1.420365] (px4_msgs) StdoutLine: {'line': b'-- Up-to-date: /home/mustardking/ws_sensor_combined/install/px4_msgs/local/lib/python3.10/dist-packages/px4_msgs/msg/_actuator_outputs.py\n'}
[1.420387] (px4_msgs) StdoutLine: {'line': b'-- Up-to-date: /home/mustardking/ws_sensor_combined/install/px4_msgs/local/lib/python3.10/dist-packages/px4_msgs/msg/_gimbal_manager_status_s.c\n'}
[1.420409] (px4_msgs) StdoutLine: {'line': b'-- Up-to-date: /home/mustardking/ws_sensor_combined/install/px4_msgs/local/lib/python3.10/dist-packages/px4_msgs/msg/_vehicle_optical_flow.py\n'}
[1.420431] (px4_msgs) StdoutLine: {'line': b'-- Up-to-date: /home/mustardking/ws_sensor_combined/install/px4_msgs/local/lib/python3.10/dist-packages/px4_msgs/msg/_vehicle_constraints_s.c\n'}
[1.420453] (px4_msgs) StdoutLine: {'line': b'-- Up-to-date: /home/mustardking/ws_sensor_combined/install/px4_msgs/local/lib/python3.10/dist-packages/px4_msgs/msg/_wheel_encoders_s.c\n'}
[1.420487] (px4_msgs) StdoutLine: {'line': b'-- Up-to-date: /home/mustardking/ws_sensor_combined/install/px4_msgs/local/lib/python3.10/dist-packages/px4_msgs/msg/_gimbal_manager_status.py\n'}
[1.420510] (px4_msgs) StdoutLine: {'line': b'-- Up-to-date: /home/mustardking/ws_sensor_combined/install/px4_msgs/local/lib/python3.10/dist-packages/px4_msgs/msg/_rover_attitude_setpoint_s.c\n'}
[1.420532] (px4_msgs) StdoutLine: {'line': b'-- Up-to-date: /home/mustardking/ws_sensor_combined/install/px4_msgs/local/lib/python3.10/dist-packages/px4_msgs/msg/_rover_rate_setpoint.py\n'}
[1.420554] (px4_msgs) StdoutLine: {'line': b'-- Up-to-date: /home/mustardking/ws_sensor_combined/install/px4_msgs/local/lib/python3.10/dist-packages/px4_msgs/msg/_landing_target_innovations_s.c\n'}
[1.420576] (px4_msgs) StdoutLine: {'line': b'-- Up-to-date: /home/mustardking/ws_sensor_combined/install/px4_msgs/local/lib/python3.10/dist-packages/px4_msgs/msg/_uavcan_parameter_value_s.c\n'}
[1.420607] (px4_msgs) StdoutLine: {'line': b'-- Up-to-date: /home/mustardking/ws_sensor_combined/install/px4_msgs/local/lib/python3.10/dist-packages/px4_msgs/msg/_airspeed_validated.py\n'}
[1.420644] (px4_msgs) StdoutLine: {'line': b'-- Up-to-date: /home/mustardking/ws_sensor_combined/install/px4_msgs/local/lib/python3.10/dist-packages/px4_msgs/msg/_gripper.py\n'}
[1.420666] (px4_msgs) StdoutLine: {'line': b'-- Up-to-date: /home/mustardking/ws_sensor_combined/install/px4_msgs/local/lib/python3.10/dist-packages/px4_msgs/msg/_control_allocator_status.py\n'}
[1.420688] (px4_msgs) StdoutLine: {'line': b'-- Up-to-date: /home/mustardking/ws_sensor_combined/install/px4_msgs/local/lib/python3.10/dist-packages/px4_msgs/msg/_wind.py\n'}
[1.420710] (px4_msgs) StdoutLine: {'line': b'-- Up-to-date: /home/mustardking/ws_sensor_combined/install/px4_msgs/local/lib/python3.10/dist-packages/px4_msgs/msg/_arming_check_request.py\n'}
[1.420732] (px4_msgs) StdoutLine: {'line': b'-- Up-to-date: /home/mustardking/ws_sensor_combined/install/px4_msgs/local/lib/python3.10/dist-packages/px4_msgs/msg/_figure_eight_status.py\n'}
[1.420754] (px4_msgs) StdoutLine: {'line': b'-- Up-to-date: /home/mustardking/ws_sensor_combined/install/px4_msgs/local/lib/python3.10/dist-packages/px4_msgs/msg/_parameter_set_used_request.py\n'}
[1.421514] (px4_msgs) StdoutLine: {'line': b'-- Up-to-date: /home/mustardking/ws_sensor_combined/install/px4_msgs/local/lib/python3.10/dist-packages/px4_msgs/msg/_gimbal_manager_set_manual_control_s.c\n'}
[1.421555] (px4_msgs) StdoutLine: {'line': b'-- Up-to-date: /home/mustardking/ws_sensor_combined/install/px4_msgs/local/lib/python3.10/dist-packages/px4_msgs/msg/_rover_rate_setpoint_s.c\n'}
[1.421613] (px4_msgs) StdoutLine: {'line': b'-- Up-to-date: /home/mustardking/ws_sensor_combined/install/px4_msgs/local/lib/python3.10/dist-packages/px4_msgs/msg/_gps_dump_s.c\n'}
[1.421641] (px4_msgs) StdoutLine: {'line': b'-- Up-to-date: /home/mustardking/ws_sensor_combined/install/px4_msgs/local/lib/python3.10/dist-packages/px4_msgs/msg/_sensor_baro_s.c\n'}
[1.421674] (px4_msgs) StdoutLine: {'line': b'-- Up-to-date: /home/mustardking/ws_sensor_combined/install/px4_msgs/local/lib/python3.10/dist-packages/px4_msgs/msg/_longitudinal_control_configuration_s.c\n'}
[1.421699] (px4_msgs) StdoutLine: {'line': b'-- Up-to-date: /home/mustardking/ws_sensor_combined/install/px4_msgs/local/lib/python3.10/dist-packages/px4_msgs/msg/_offboard_control_mode_s.c\n'}
[1.421740] (px4_msgs) StdoutLine: {'line': b'-- Up-to-date: /home/mustardking/ws_sensor_combined/install/px4_msgs/local/lib/python3.10/dist-packages/px4_msgs/msg/_wheel_encoders.py\n'}
[1.421770] (px4_msgs) StdoutLine: {'line': b'-- Up-to-date: /home/mustardking/ws_sensor_combined/install/px4_msgs/local/lib/python3.10/dist-packages/px4_msgs/msg/_airspeed_s.c\n'}
[1.421794] (px4_msgs) StdoutLine: {'line': b'-- Up-to-date: /home/mustardking/ws_sensor_combined/install/px4_msgs/local/lib/python3.10/dist-packages/px4_msgs/msg/_register_ext_component_request_s.c\n'}
[1.421838] (px4_msgs) StdoutLine: {'line': b'-- Up-to-date: /home/mustardking/ws_sensor_combined/install/px4_msgs/local/lib/python3.10/dist-packages/px4_msgs/msg/_navigator_mission_item.py\n'}
[1.421863] (px4_msgs) StdoutLine: {'line': b'-- Up-to-date: /home/mustardking/ws_sensor_combined/install/px4_msgs/local/lib/python3.10/dist-packages/px4_msgs/msg/_failsafe_flags.py\n'}
[1.421887] (px4_msgs) StdoutLine: {'line': b'-- Up-to-date: /home/mustardking/ws_sensor_combined/install/px4_msgs/local/lib/python3.10/dist-packages/px4_msgs/msg/_logger_status_s.c\n'}
[1.421912] (px4_msgs) StdoutLine: {'line': b'-- Up-to-date: /home/mustardking/ws_sensor_combined/install/px4_msgs/local/lib/python3.10/dist-packages/px4_msgs/msg/_rover_steering_setpoint.py\n'}
[1.421952] (px4_msgs) StdoutLine: {'line': b'-- Up-to-date: /home/mustardking/ws_sensor_combined/install/px4_msgs/local/lib/python3.10/dist-packages/px4_msgs/msg/_power_monitor.py\n'}
[1.421977] (px4_msgs) StdoutLine: {'line': b'-- Up-to-date: /home/mustardking/ws_sensor_combined/install/px4_msgs/local/lib/python3.10/dist-packages/px4_msgs/msg/_open_drone_id_self_id.py\n'}
[1.422001] (px4_msgs) StdoutLine: {'line': b'-- Up-to-date: /home/mustardking/ws_sensor_combined/install/px4_msgs/local/lib/python3.10/dist-packages/px4_msgs/msg/_vehicle_status_s.c\n'}
[1.422026] (px4_msgs) StdoutLine: {'line': b'-- Up-to-date: /home/mustardking/ws_sensor_combined/install/px4_msgs/local/lib/python3.10/dist-packages/px4_msgs/msg/_vehicle_thrust_setpoint_s.c\n'}
[1.422050] (px4_msgs) StdoutLine: {'line': b'-- Up-to-date: /home/mustardking/ws_sensor_combined/install/px4_msgs/local/lib/python3.10/dist-packages/px4_msgs/msg/_sensor_mag.py\n'}
[1.422087] (px4_msgs) StdoutLine: {'line': b'-- Up-to-date: /home/mustardking/ws_sensor_combined/install/px4_msgs/local/lib/python3.10/dist-packages/px4_msgs/msg/_rpm.py\n'}
[1.422113] (px4_msgs) StdoutLine: {'line': b'-- Up-to-date: /home/mustardking/ws_sensor_combined/install/px4_msgs/local/lib/python3.10/dist-packages/px4_msgs/msg/_estimator_bias_s.c\n'}
[1.422137] (px4_msgs) StdoutLine: {'line': b'-- Up-to-date: /home/mustardking/ws_sensor_combined/install/px4_msgs/local/lib/python3.10/dist-packages/px4_msgs/msg/_led_control_s.c\n'}
[1.422160] (px4_msgs) StdoutLine: {'line': b'-- Up-to-date: /home/mustardking/ws_sensor_combined/install/px4_msgs/local/lib/python3.10/dist-packages/px4_msgs/msg/_sensor_gyro_fft.py\n'}
[1.422184] (px4_msgs) StdoutLine: {'line': b'-- Up-to-date: /home/mustardking/ws_sensor_combined/install/px4_msgs/local/lib/python3.10/dist-packages/px4_msgs/msg/_actuator_servos.py\n'}
[1.422208] (px4_msgs) StdoutLine: {'line': b'-- Up-to-date: /home/mustardking/ws_sensor_combined/install/px4_msgs/local/lib/python3.10/dist-packages/px4_msgs/msg/_orb_test_large_s.c\n'}
[1.422297] (px4_msgs) StdoutLine: {'line': b'-- Up-to-date: /home/mustardking/ws_sensor_combined/install/px4_msgs/local/lib/python3.10/dist-packages/px4_msgs/msg/_fixed_wing_lateral_guidance_status.py\n'}
[1.422341] (px4_msgs) StdoutLine: {'line': b'-- Up-to-date: /home/mustardking/ws_sensor_combined/install/px4_msgs/local/lib/python3.10/dist-packages/px4_msgs/msg/_generator_status.py\n'}
[1.422366] (px4_msgs) StdoutLine: {'line': b'-- Up-to-date: /home/mustardking/ws_sensor_combined/install/px4_msgs/local/lib/python3.10/dist-packages/px4_msgs/msg/_gimbal_device_attitude_status_s.c\n'}
[1.422388] (px4_msgs) StdoutLine: {'line': b'-- Up-to-date: /home/mustardking/ws_sensor_combined/install/px4_msgs/local/lib/python3.10/dist-packages/px4_msgs/msg/_sensor_gnss_status_s.c\n'}
[1.422410] (px4_msgs) StdoutLine: {'line': b'-- Up-to-date: /home/mustardking/ws_sensor_combined/install/px4_msgs/local/lib/python3.10/dist-packages/px4_msgs/msg/_camera_trigger.py\n'}
[1.422432] (px4_msgs) StdoutLine: {'line': b'-- Up-to-date: /home/mustardking/ws_sensor_combined/install/px4_msgs/local/lib/python3.10/dist-packages/px4_msgs/msg/_orbit_status_s.c\n'}
[1.422454] (px4_msgs) StdoutLine: {'line': b'-- Up-to-date: /home/mustardking/ws_sensor_combined/install/px4_msgs/local/lib/python3.10/dist-packages/px4_msgs/msg/_message_format_response_s.c\n'}
[1.422491] (px4_msgs) StdoutLine: {'line': b'-- Up-to-date: /home/mustardking/ws_sensor_combined/install/px4_msgs/local/lib/python3.10/dist-packages/px4_msgs/msg/_vehicle_constraints.py\n'}
[1.422513] (px4_msgs) StdoutLine: {'line': b'-- Up-to-date: /home/mustardking/ws_sensor_combined/install/px4_msgs/local/lib/python3.10/dist-packages/px4_msgs/msg/_timesync_status_s.c\n'}
[1.422535] (px4_msgs) StdoutLine: {'line': b'-- Up-to-date: /home/mustardking/ws_sensor_combined/install/px4_msgs/local/lib/python3.10/dist-packages/px4_msgs/msg/_navigator_status_s.c\n'}
[1.422557] (px4_msgs) StdoutLine: {'line': b'-- Up-to-date: /home/mustardking/ws_sensor_combined/install/px4_msgs/local/lib/python3.10/dist-packages/px4_msgs/msg/_obstacle_distance_s.c\n'}
[1.422579] (px4_msgs) StdoutLine: {'line': b'-- Up-to-date: /home/mustardking/ws_sensor_combined/install/px4_msgs/local/lib/python3.10/dist-packages/px4_msgs/msg/_parameter_set_value_response.py\n'}
[1.422605] (px4_msgs) StdoutLine: {'line': b'-- Up-to-date: /home/mustardking/ws_sensor_combined/install/px4_msgs/local/lib/python3.10/dist-packages/px4_msgs/msg/_vehicle_acceleration.py\n'}
[1.422627] (px4_msgs) StdoutLine: {'line': b'-- Up-to-date: /home/mustardking/ws_sensor_combined/install/px4_msgs/local/lib/python3.10/dist-packages/px4_msgs/msg/_rc_channels.py\n'}
[1.422666] (px4_msgs) StdoutLine: {'line': b'-- Up-to-date: /home/mustardking/ws_sensor_combined/install/px4_msgs/local/lib/python3.10/dist-packages/px4_msgs/msg/_velocity_limits_s.c\n'}
[1.422689] (px4_msgs) StdoutLine: {'line': b'-- Up-to-date: /home/mustardking/ws_sensor_combined/install/px4_msgs/local/lib/python3.10/dist-packages/px4_msgs/msg/_estimator_states.py\n'}
[1.422711] (px4_msgs) StdoutLine: {'line': b'-- Up-to-date: /home/mustardking/ws_sensor_combined/install/px4_msgs/local/lib/python3.10/dist-packages/px4_msgs/msg/_config_overrides.py\n'}
[1.422732] (px4_msgs) StdoutLine: {'line': b'-- Up-to-date: /home/mustardking/ws_sensor_combined/install/px4_msgs/local/lib/python3.10/dist-packages/px4_msgs/msg/_pps_capture_s.c\n'}
[1.422754] (px4_msgs) StdoutLine: {'line': b'-- Up-to-date: /home/mustardking/ws_sensor_combined/install/px4_msgs/local/lib/python3.10/dist-packages/px4_msgs/msg/_pwm_input.py\n'}
[1.422789] (px4_msgs) StdoutLine: {'line': b'-- Up-to-date: /home/mustardking/ws_sensor_combined/install/px4_msgs/local/lib/python3.10/dist-packages/px4_msgs/msg/_vehicle_land_detected_s.c\n'}
[1.422811] (px4_msgs) StdoutLine: {'line': b'-- Up-to-date: /home/mustardking/ws_sensor_combined/install/px4_msgs/local/lib/python3.10/dist-packages/px4_msgs/msg/_vehicle_magnetometer_s.c\n'}
[1.422833] (px4_msgs) StdoutLine: {'line': b'-- Up-to-date: /home/mustardking/ws_sensor_combined/install/px4_msgs/local/lib/python3.10/dist-packages/px4_msgs/msg/_vehicle_command_ack.py\n'}
[1.422855] (px4_msgs) StdoutLine: {'line': b'-- Up-to-date: /home/mustardking/ws_sensor_combined/install/px4_msgs/local/lib/python3.10/dist-packages/px4_msgs/msg/_vehicle_local_position_setpoint_s.c\n'}
[1.422905] (px4_msgs) StdoutLine: {'line': b'-- Up-to-date: /home/mustardking/ws_sensor_combined/install/px4_msgs/local/lib/python3.10/dist-packages/px4_msgs/msg/_pure_pursuit_status_s.c\n'}
[1.422927] (px4_msgs) StdoutLine: {'line': b'-- Up-to-date: /home/mustardking/ws_sensor_combined/install/px4_msgs/local/lib/python3.10/dist-packages/px4_msgs/msg/_event.py\n'}
[1.422966] (px4_msgs) StdoutLine: {'line': b'-- Up-to-date: /home/mustardking/ws_sensor_combined/install/px4_msgs/local/lib/python3.10/dist-packages/px4_msgs/msg/_camera_capture_s.c\n'}
[1.422988] (px4_msgs) StdoutLine: {'line': b'-- Up-to-date: /home/mustardking/ws_sensor_combined/install/px4_msgs/local/lib/python3.10/dist-packages/px4_msgs/msg/_launch_detection_status_s.c\n'}
[1.423010] (px4_msgs) StdoutLine: {'line': b'-- Up-to-date: /home/mustardking/ws_sensor_combined/install/px4_msgs/local/lib/python3.10/dist-packages/px4_msgs/msg/_dataman_request.py\n'}
[1.423032] (px4_msgs) StdoutLine: {'line': b'-- Up-to-date: /home/mustardking/ws_sensor_combined/install/px4_msgs/local/lib/python3.10/dist-packages/px4_msgs/msg/_sensor_gnss_status.py\n'}
[1.423054] (px4_msgs) StdoutLine: {'line': b'-- Up-to-date: /home/mustardking/ws_sensor_combined/install/px4_msgs/local/lib/python3.10/dist-packages/px4_msgs/msg/_rover_position_setpoint_s.c\n'}
[1.423092] (px4_msgs) StdoutLine: {'line': b'-- Up-to-date: /home/mustardking/ws_sensor_combined/install/px4_msgs/local/lib/python3.10/dist-packages/px4_msgs/msg/_collision_constraints_s.c\n'}
[1.423114] (px4_msgs) StdoutLine: {'line': b'-- Up-to-date: /home/mustardking/ws_sensor_combined/install/px4_msgs/local/lib/python3.10/dist-packages/px4_msgs/msg/_internal_combustion_engine_control_s.c\n'}
[1.423136] (px4_msgs) StdoutLine: {'line': b'-- Up-to-date: /home/mustardking/ws_sensor_combined/install/px4_msgs/local/lib/python3.10/dist-packages/px4_msgs/msg/_landing_target_innovations.py\n'}
[1.423158] (px4_msgs) StdoutLine: {'line': b'-- Up-to-date: /home/mustardking/ws_sensor_combined/install/px4_msgs/local/lib/python3.10/dist-packages/px4_msgs/msg/_follow_target_status.py\n'}
[1.423182] (px4_msgs) StdoutLine: {'line': b'-- Up-to-date: /home/mustardking/ws_sensor_combined/install/px4_msgs/local/lib/python3.10/dist-packages/px4_msgs/msg/_telemetry_status.py\n'}
[1.423204] (px4_msgs) StdoutLine: {'line': b'-- Up-to-date: /home/mustardking/ws_sensor_combined/install/px4_msgs/local/lib/python3.10/dist-packages/px4_msgs/msg/_orbit_status.py\n'}
[1.423235] (px4_msgs) StdoutLine: {'line': b'-- Up-to-date: /home/mustardking/ws_sensor_combined/install/px4_msgs/local/lib/python3.10/dist-packages/px4_msgs/msg/_sensor_optical_flow_s.c\n'}
[1.423264] (px4_msgs) StdoutLine: {'line': b'-- Up-to-date: /home/mustardking/ws_sensor_combined/install/px4_msgs/local/lib/python3.10/dist-packages/px4_msgs/msg/_message_format_request_s.c\n'}
[1.423286] (px4_msgs) StdoutLine: {'line': b'-- Up-to-date: /home/mustardking/ws_sensor_combined/install/px4_msgs/local/lib/python3.10/dist-packages/px4_msgs/msg/_vehicle_control_mode.py\n'}
[1.423308] (px4_msgs) StdoutLine: {'line': b'-- Up-to-date: /home/mustardking/ws_sensor_combined/install/px4_msgs/local/lib/python3.10/dist-packages/px4_msgs/msg/_autotune_attitude_control_status_s.c\n'}
[1.423330] (px4_msgs) StdoutLine: {'line': b'-- Up-to-date: /home/mustardking/ws_sensor_combined/install/px4_msgs/local/lib/python3.10/dist-packages/px4_msgs/msg/_camera_capture.py\n'}
[1.423365] (px4_msgs) StdoutLine: {'line': b'-- Up-to-date: /home/mustardking/ws_sensor_combined/install/px4_msgs/local/lib/python3.10/dist-packages/px4_msgs/msg/_position_setpoint.py\n'}
[1.423394] (px4_msgs) StdoutLine: {'line': b'-- Up-to-date: /home/mustardking/ws_sensor_combined/install/px4_msgs/local/lib/python3.10/dist-packages/px4_msgs/msg/_heater_status.py\n'}
[1.423425] (px4_msgs) StdoutLine: {'line': b'-- Up-to-date: /home/mustardking/ws_sensor_combined/install/px4_msgs/local/lib/python3.10/dist-packages/px4_msgs/msg/_open_drone_id_self_id_s.c\n'}
[1.423457] (px4_msgs) StdoutLine: {'line': b'-- Up-to-date: /home/mustardking/ws_sensor_combined/install/px4_msgs/local/lib/python3.10/dist-packages/px4_msgs/msg/_system_power.py\n'}
[1.423484] (px4_msgs) StdoutLine: {'line': b'-- Up-to-date: /home/mustardking/ws_sensor_combined/install/px4_msgs/local/lib/python3.10/dist-packages/px4_msgs/msg/_open_drone_id_arm_status.py\n'}
[1.423506] (px4_msgs) StdoutLine: {'line': b'-- Up-to-date: /home/mustardking/ws_sensor_combined/install/px4_msgs/local/lib/python3.10/dist-packages/px4_msgs/msg/_vehicle_imu.py\n'}
[1.423528] (px4_msgs) StdoutLine: {'line': b'-- Up-to-date: /home/mustardking/ws_sensor_combined/install/px4_msgs/local/lib/python3.10/dist-packages/px4_msgs/msg/_debug_array_s.c\n'}
[1.423569] (px4_msgs) StdoutLine: {'line': b'-- Up-to-date: /home/mustardking/ws_sensor_combined/install/px4_msgs/local/lib/python3.10/dist-packages/px4_msgs/msg/_tune_control.py\n'}
[1.423592] (px4_msgs) StdoutLine: {'line': b'-- Up-to-date: /home/mustardking/ws_sensor_combined/install/px4_msgs/local/lib/python3.10/dist-packages/px4_msgs/msg/_ulog_stream_ack.py\n'}
[1.423623] (px4_msgs) StdoutLine: {'line': b'-- Up-to-date: /home/mustardking/ws_sensor_combined/install/px4_msgs/local/lib/python3.10/dist-packages/px4_msgs/msg/_actuator_servos_s.c\n'}
[1.423646] (px4_msgs) StdoutLine: {'line': b'-- Up-to-date: /home/mustardking/ws_sensor_combined/install/px4_msgs/local/lib/python3.10/dist-packages/px4_msgs/msg/_pure_pursuit_status.py\n'}
[1.423668] (px4_msgs) StdoutLine: {'line': b'-- Up-to-date: /home/mustardking/ws_sensor_combined/install/px4_msgs/local/lib/python3.10/dist-packages/px4_msgs/msg/_debug_value.py\n'}
[1.423712] (px4_msgs) StdoutLine: {'line': b'-- Up-to-date: /home/mustardking/ws_sensor_combined/install/px4_msgs/local/lib/python3.10/dist-packages/px4_msgs/msg/_irlock_report_s.c\n'}
[1.423734] (px4_msgs) StdoutLine: {'line': b'-- Up-to-date: /home/mustardking/ws_sensor_combined/install/px4_msgs/local/lib/python3.10/dist-packages/px4_msgs/msg/_fuel_tank_status_s.c\n'}
[1.423756] (px4_msgs) StdoutLine: {'line': b'-- Up-to-date: /home/mustardking/ws_sensor_combined/install/px4_msgs/local/lib/python3.10/dist-packages/px4_msgs/msg/_gimbal_manager_set_attitude.py\n'}
[1.423778] (px4_msgs) StdoutLine: {'line': b'-- Up-to-date: /home/mustardking/ws_sensor_combined/install/px4_msgs/local/lib/python3.10/dist-packages/px4_msgs/msg/_flight_phase_estimation_s.c\n'}
[1.423800] (px4_msgs) StdoutLine: {'line': b'-- Up-to-date: /home/mustardking/ws_sensor_combined/install/px4_msgs/local/lib/python3.10/dist-packages/px4_msgs/msg/_neural_control.py\n'}
[1.423822] (px4_msgs) StdoutLine: {'line': b'-- Up-to-date: /home/mustardking/ws_sensor_combined/install/px4_msgs/local/lib/python3.10/dist-packages/px4_msgs/msg/_takeoff_status.py\n'}
[1.423844] (px4_msgs) StdoutLine: {'line': b'-- Up-to-date: /home/mustardking/ws_sensor_combined/install/px4_msgs/local/lib/python3.10/dist-packages/px4_msgs/msg/_adc_report.py\n'}
[1.423880] (px4_msgs) StdoutLine: {'line': b'-- Up-to-date: /home/mustardking/ws_sensor_combined/install/px4_msgs/local/lib/python3.10/dist-packages/px4_msgs/msg/_event_s.c\n'}
[1.423903] (px4_msgs) StdoutLine: {'line': b'-- Up-to-date: /home/mustardking/ws_sensor_combined/install/px4_msgs/local/lib/python3.10/dist-packages/px4_msgs/msg/_goto_setpoint.py\n'}
[1.423927] (px4_msgs) StdoutLine: {'line': b'-- Up-to-date: /home/mustardking/ws_sensor_combined/install/px4_msgs/local/lib/python3.10/dist-packages/px4_msgs/msg/_rover_throttle_setpoint_s.c\n'}
[1.423949] (px4_msgs) StdoutLine: {'line': b'-- Up-to-date: /home/mustardking/ws_sensor_combined/install/px4_msgs/local/lib/python3.10/dist-packages/px4_msgs/msg/_open_drone_id_system.py\n'}
[1.423971] (px4_msgs) StdoutLine: {'line': b'-- Up-to-date: /home/mustardking/ws_sensor_combined/install/px4_msgs/local/lib/python3.10/dist-packages/px4_msgs/msg/_manual_control_switches.py\n'}
[1.424007] (px4_msgs) StdoutLine: {'line': b'-- Up-to-date: /home/mustardking/ws_sensor_combined/install/px4_msgs/local/lib/python3.10/dist-packages/px4_msgs/msg/_geofence_result.py\n'}
[1.424029] (px4_msgs) StdoutLine: {'line': b'-- Up-to-date: /home/mustardking/ws_sensor_combined/install/px4_msgs/local/lib/python3.10/dist-packages/px4_msgs/msg/_mode_completed.py\n'}
[1.424054] (px4_msgs) StdoutLine: {'line': b'-- Up-to-date: /home/mustardking/ws_sensor_combined/install/px4_msgs/local/lib/python3.10/dist-packages/px4_msgs/msg/_vehicle_attitude_setpoint.py\n'}
[1.424076] (px4_msgs) StdoutLine: {'line': b'-- Up-to-date: /home/mustardking/ws_sensor_combined/install/px4_msgs/local/lib/python3.10/dist-packages/px4_msgs/msg/_debug_key_value_s.c\n'}
[1.424098] (px4_msgs) StdoutLine: {'line': b'-- Up-to-date: /home/mustardking/ws_sensor_combined/install/px4_msgs/local/lib/python3.10/dist-packages/px4_msgs/msg/_vehicle_imu_status_s.c\n'}
[1.424120] (px4_msgs) StdoutLine: {'line': b'-- Up-to-date: /home/mustardking/ws_sensor_combined/install/px4_msgs/local/lib/python3.10/dist-packages/px4_msgs/msg/_vehicle_odometry.py\n'}
[1.424156] (px4_msgs) StdoutLine: {'line': b'-- Up-to-date: /home/mustardking/ws_sensor_combined/install/px4_msgs/local/lib/python3.10/dist-packages/px4_msgs/msg/_geofence_status.py\n'}
[1.424179] (px4_msgs) StdoutLine: {'line': b'-- Up-to-date: /home/mustardking/ws_sensor_combined/install/px4_msgs/local/lib/python3.10/dist-packages/px4_msgs/msg/_actuator_servos_trim_s.c\n'}
[1.424201] (px4_msgs) StdoutLine: {'line': b'-- Up-to-date: /home/mustardking/ws_sensor_combined/install/px4_msgs/local/lib/python3.10/dist-packages/px4_msgs/msg/_airspeed_validated_s.c\n'}
[1.424223] (px4_msgs) StdoutLine: {'line': b'-- Up-to-date: /home/mustardking/ws_sensor_combined/install/px4_msgs/local/lib/python3.10/dist-packages/px4_msgs/msg/_navigator_mission_item_s.c\n'}
[1.424245] (px4_msgs) StdoutLine: {'line': b'-- Up-to-date: /home/mustardking/ws_sensor_combined/install/px4_msgs/local/lib/python3.10/dist-packages/px4_msgs/msg/_qshell_req_s.c\n'}
[1.424276] (px4_msgs) StdoutLine: {'line': b'-- Up-to-date: /home/mustardking/ws_sensor_combined/install/px4_msgs/local/lib/python3.10/dist-packages/px4_msgs/msg/_actuator_servos_trim.py\n'}
[1.424305] (px4_msgs) StdoutLine: {'line': b'-- Up-to-date: /home/mustardking/ws_sensor_combined/install/px4_msgs/local/lib/python3.10/dist-packages/px4_msgs/msg/_magnetometer_bias_estimate_s.c\n'}
[1.424327] (px4_msgs) StdoutLine: {'line': b'-- Up-to-date: /home/mustardking/ws_sensor_combined/install/px4_msgs/local/lib/python3.10/dist-packages/px4_msgs/msg/_fixed_wing_lateral_status_s.c\n'}
[1.424349] (px4_msgs) StdoutLine: {'line': b'-- Up-to-date: /home/mustardking/ws_sensor_combined/install/px4_msgs/local/lib/python3.10/dist-packages/px4_msgs/msg/_sensor_gyro_fft_s.c\n'}
[1.424371] (px4_msgs) StdoutLine: {'line': b'-- Up-to-date: /home/mustardking/ws_sensor_combined/install/px4_msgs/local/lib/python3.10/dist-packages/px4_msgs/msg/_sensor_accel_fifo_s.c\n'}
[1.424393] (px4_msgs) StdoutLine: {'line': b'-- Up-to-date: /home/mustardking/ws_sensor_combined/install/px4_msgs/local/lib/python3.10/dist-packages/px4_msgs/msg/_position_controller_landing_status.py\n'}
[1.424415] (px4_msgs) StdoutLine: {'line': b'-- Up-to-date: /home/mustardking/ws_sensor_combined/install/px4_msgs/local/lib/python3.10/dist-packages/px4_msgs/msg/_task_stack_info.py\n'}
[1.424450] (px4_msgs) StdoutLine: {'line': b'-- Up-to-date: /home/mustardking/ws_sensor_combined/install/px4_msgs/local/lib/python3.10/dist-packages/px4_msgs/msg/_sensor_selection_s.c\n'}
[1.424472] (px4_msgs) StdoutLine: {'line': b'-- Up-to-date: /home/mustardking/ws_sensor_combined/install/px4_msgs/local/lib/python3.10/dist-packages/px4_msgs/msg/_estimator_states_s.c\n'}
[1.424494] (px4_msgs) StdoutLine: {'line': b'-- Up-to-date: /home/mustardking/ws_sensor_combined/install/px4_msgs/local/lib/python3.10/dist-packages/px4_msgs/msg/_tecs_status_s.c\n'}
[1.424516] (px4_msgs) StdoutLine: {'line': b'-- Up-to-date: /home/mustardking/ws_sensor_combined/install/px4_msgs/local/lib/python3.10/dist-packages/px4_msgs/msg/_trajectory_setpoint.py\n'}
[1.424538] (px4_msgs) StdoutLine: {'line': b'-- Up-to-date: /home/mustardking/ws_sensor_combined/install/px4_msgs/local/lib/python3.10/dist-packages/px4_msgs/msg/_rover_attitude_status.py\n'}
[1.424576] (px4_msgs) StdoutLine: {'line': b'-- Up-to-date: /home/mustardking/ws_sensor_combined/install/px4_msgs/local/lib/python3.10/dist-packages/px4_msgs/msg/_parameter_update_s.c\n'}
[1.424599] (px4_msgs) StdoutLine: {'line': b'-- Up-to-date: /home/mustardking/ws_sensor_combined/install/px4_msgs/local/lib/python3.10/dist-packages/px4_msgs/msg/_gimbal_manager_set_attitude_s.c\n'}
[1.424622] (px4_msgs) StdoutLine: {'line': b'-- Up-to-date: /home/mustardking/ws_sensor_combined/install/px4_msgs/local/lib/python3.10/dist-packages/px4_msgs/msg/_vehicle_optical_flow_vel.py\n'}
[1.425180] (px4_msgs) StdoutLine: {'line': b'-- Up-to-date: /home/mustardking/ws_sensor_combined/install/px4_msgs/local/lib/python3.10/dist-packages/px4_msgs/msg/_estimator_gps_status_s.c\n'}
[1.425206] (px4_msgs) StdoutLine: {'line': b'-- Up-to-date: /home/mustardking/ws_sensor_combined/install/px4_msgs/local/lib/python3.10/dist-packages/px4_msgs/msg/_gimbal_manager_information_s.c\n'}
[1.425242] (px4_msgs) StdoutLine: {'line': b'-- Up-to-date: /home/mustardking/ws_sensor_combined/install/px4_msgs/local/lib/python3.10/dist-packages/px4_msgs/msg/_internal_combustion_engine_control.py\n'}
[1.425265] (px4_msgs) StdoutLine: {'line': b'-- Up-to-date: /home/mustardking/ws_sensor_combined/install/px4_msgs/local/lib/python3.10/dist-packages/px4_msgs/msg/_ekf2_timestamps_s.c\n'}
[1.425287] (px4_msgs) StdoutLine: {'line': b'-- Up-to-date: /home/mustardking/ws_sensor_combined/install/px4_msgs/local/lib/python3.10/dist-packages/px4_msgs/msg/_follow_target_status_s.c\n'}
[1.425309] (px4_msgs) StdoutLine: {'line': b'-- Up-to-date: /home/mustardking/ws_sensor_combined/install/px4_msgs/local/lib/python3.10/dist-packages/px4_msgs/msg/_landing_gear_wheel_s.c\n'}
[1.425331] (px4_msgs) StdoutLine: {'line': b'-- Up-to-date: /home/mustardking/ws_sensor_combined/install/px4_msgs/local/lib/python3.10/dist-packages/px4_msgs/msg/_pwm_input_s.c\n'}
[1.425367] (px4_msgs) StdoutLine: {'line': b'-- Up-to-date: /home/mustardking/ws_sensor_combined/install/px4_msgs/local/lib/python3.10/dist-packages/px4_msgs/msg/_landing_gear_wheel.py\n'}
[1.425393] (px4_msgs) StdoutLine: {'line': b'-- Up-to-date: /home/mustardking/ws_sensor_combined/install/px4_msgs/local/lib/python3.10/dist-packages/px4_msgs/msg/_gimbal_manager_set_manual_control.py\n'}
[1.425416] (px4_msgs) StdoutLine: {'line': b'-- Up-to-date: /home/mustardking/ws_sensor_combined/install/px4_msgs/local/lib/python3.10/dist-packages/px4_msgs/msg/_vehicle_global_position.py\n'}
[1.425438] (px4_msgs) StdoutLine: {'line': b'-- Up-to-date: /home/mustardking/ws_sensor_combined/install/px4_msgs/local/lib/python3.10/dist-packages/px4_msgs/msg/_message_format_request.py\n'}
[1.425460] (px4_msgs) StdoutLine: {'line': b'-- Up-to-date: /home/mustardking/ws_sensor_combined/install/px4_msgs/local/lib/python3.10/dist-packages/px4_msgs/msg/_satellite_info_s.c\n'}
[1.425482] (px4_msgs) StdoutLine: {'line': b'-- Up-to-date: /home/mustardking/ws_sensor_combined/install/px4_msgs/local/lib/python3.10/dist-packages/px4_msgs/msg/_mavlink_log.py\n'}
[1.425504] (px4_msgs) StdoutLine: {'line': b'-- Up-to-date: /home/mustardking/ws_sensor_combined/install/px4_msgs/local/lib/python3.10/dist-packages/px4_msgs/msg/_open_drone_id_operator_id_s.c\n'}
[1.425544] (px4_msgs) StdoutLine: {'line': b'-- Up-to-date: /home/mustardking/ws_sensor_combined/install/px4_msgs/local/lib/python3.10/dist-packages/px4_msgs/msg/_actuator_motors_s.c\n'}
[1.425566] (px4_msgs) StdoutLine: {'line': b'-- Up-to-date: /home/mustardking/ws_sensor_combined/install/px4_msgs/local/lib/python3.10/dist-packages/px4_msgs/msg/_can_interface_status_s.c\n'}
[1.425588] (px4_msgs) StdoutLine: {'line': b'-- Up-to-date: /home/mustardking/ws_sensor_combined/install/px4_msgs/local/lib/python3.10/dist-packages/px4_msgs/msg/_parameter_set_value_response_s.c\n'}
[1.425610] (px4_msgs) StdoutLine: {'line': b'-- Up-to-date: /home/mustardking/ws_sensor_combined/install/px4_msgs/local/lib/python3.10/dist-packages/px4_msgs/msg/_fixed_wing_longitudinal_setpoint_s.c\n'}
[1.425632] (px4_msgs) StdoutLine: {'line': b'-- Up-to-date: /home/mustardking/ws_sensor_combined/install/px4_msgs/local/lib/python3.10/dist-packages/px4_msgs/msg/_rover_speed_setpoint.py\n'}
[1.425671] (px4_msgs) StdoutLine: {'line': b'-- Up-to-date: /home/mustardking/ws_sensor_combined/install/px4_msgs/local/lib/python3.10/dist-packages/px4_msgs/msg/_gimbal_device_information_s.c\n'}
[1.425694] (px4_msgs) StdoutLine: {'line': b'-- Up-to-date: /home/mustardking/ws_sensor_combined/install/px4_msgs/local/lib/python3.10/dist-packages/px4_msgs/msg/_home_position_s.c\n'}
[1.425715] (px4_msgs) StdoutLine: {'line': b'-- Up-to-date: /home/mustardking/ws_sensor_combined/install/px4_msgs/local/lib/python3.10/dist-packages/px4_msgs/msg/_vehicle_global_position_s.c\n'}
[1.425756] (px4_msgs) StdoutLine: {'line': b'-- Up-to-date: /home/mustardking/ws_sensor_combined/install/px4_msgs/local/lib/python3.10/dist-packages/px4_msgs/msg/_gimbal_controls_s.c\n'}
[1.425780] (px4_msgs) StdoutLine: {'line': b'-- Up-to-date: /home/mustardking/ws_sensor_combined/install/px4_msgs/local/lib/python3.10/dist-packages/px4_msgs/msg/_actuator_controls_status_s.c\n'}
[1.425802] (px4_msgs) StdoutLine: {'line': b'-- Up-to-date: /home/mustardking/ws_sensor_combined/install/px4_msgs/local/lib/python3.10/dist-packages/px4_msgs/msg/_position_controller_landing_status_s.c\n'}
[1.425839] (px4_msgs) StdoutLine: {'line': b'-- Up-to-date: /home/mustardking/ws_sensor_combined/install/px4_msgs/local/lib/python3.10/dist-packages/px4_msgs/msg/_estimator_status.py\n'}
[1.425862] (px4_msgs) StdoutLine: {'line': b'-- Up-to-date: /home/mustardking/ws_sensor_combined/install/px4_msgs/local/lib/python3.10/dist-packages/px4_msgs/msg/_hover_thrust_estimate.py\n'}
[1.425883] (px4_msgs) StdoutLine: {'line': b'-- Up-to-date: /home/mustardking/ws_sensor_combined/install/px4_msgs/local/lib/python3.10/dist-packages/px4_msgs/msg/_lateral_control_configuration_s.c\n'}
[1.425905] (px4_msgs) StdoutLine: {'line': b'-- Up-to-date: /home/mustardking/ws_sensor_combined/install/px4_msgs/local/lib/python3.10/dist-packages/px4_msgs/msg/_estimator_status_flags_s.c\n'}
[1.425927] (px4_msgs) StdoutLine: {'line': b'-- Up-to-date: /home/mustardking/ws_sensor_combined/install/px4_msgs/local/lib/python3.10/dist-packages/px4_msgs/msg/_qshell_req.py\n'}
[1.425963] (px4_msgs) StdoutLine: {'line': b'-- Up-to-date: /home/mustardking/ws_sensor_combined/install/px4_msgs/local/lib/python3.10/dist-packages/px4_msgs/msg/_manual_control_setpoint_s.c\n'}
[1.425985] (px4_msgs) StdoutLine: {'line': b'-- Up-to-date: /home/mustardking/ws_sensor_combined/install/px4_msgs/local/lib/python3.10/dist-packages/px4_msgs/msg/_tiltrotor_extra_controls.py\n'}
[1.426007] (px4_msgs) StdoutLine: {'line': b'-- Up-to-date: /home/mustardking/ws_sensor_combined/install/px4_msgs/local/lib/python3.10/dist-packages/px4_msgs/msg/_vehicle_angular_velocity.py\n'}
[1.426029] (px4_msgs) StdoutLine: {'line': b'-- Up-to-date: /home/mustardking/ws_sensor_combined/install/px4_msgs/local/lib/python3.10/dist-packages/px4_msgs/msg/_ulog_stream_ack_s.c\n'}
[1.426051] (px4_msgs) StdoutLine: {'line': b'-- Up-to-date: /home/mustardking/ws_sensor_combined/install/px4_msgs/local/lib/python3.10/dist-packages/px4_msgs/msg/_vehicle_command.py\n'}
[1.426073] (px4_msgs) StdoutLine: {'line': b'-- Up-to-date: /home/mustardking/ws_sensor_combined/install/px4_msgs/local/lib/python3.10/dist-packages/px4_msgs/msg/_gripper_s.c\n'}
[1.426095] (px4_msgs) StdoutLine: {'line': b'-- Up-to-date: /home/mustardking/ws_sensor_combined/install/px4_msgs/local/lib/python3.10/dist-packages/px4_msgs/msg/_estimator_sensor_bias_s.c\n'}
[1.426137] (px4_msgs) StdoutLine: {'line': b'-- Up-to-date: /home/mustardking/ws_sensor_combined/install/px4_msgs/local/lib/python3.10/dist-packages/px4_msgs/msg/_sensor_correction_s.c\n'}
[1.426159] (px4_msgs) StdoutLine: {'line': b'-- Up-to-date: /home/mustardking/ws_sensor_combined/install/px4_msgs/local/lib/python3.10/dist-packages/px4_msgs/msg/_fixed_wing_lateral_setpoint.py\n'}
[1.426182] (px4_msgs) StdoutLine: {'line': b'-- Up-to-date: /home/mustardking/ws_sensor_combined/install/px4_msgs/local/lib/python3.10/dist-packages/px4_msgs/msg/_differential_pressure_s.c\n'}
[1.426205] (px4_msgs) StdoutLine: {'line': b'-- Up-to-date: /home/mustardking/ws_sensor_combined/install/px4_msgs/local/lib/python3.10/dist-packages/px4_msgs/msg/_logger_status.py\n'}
[1.426339] (px4_msgs) StdoutLine: {'line': b'-- Up-to-date: /home/mustardking/ws_sensor_combined/install/px4_msgs/local/lib/python3.10/dist-packages/px4_msgs/msg/_velocity_limits.py\n'}
[1.426371] (px4_msgs) StdoutLine: {'line': b'-- Up-to-date: /home/mustardking/ws_sensor_combined/install/px4_msgs/local/lib/python3.10/dist-packages/px4_msgs/msg/_battery_status.py\n'}
[1.426397] (px4_msgs) StdoutLine: {'line': b'-- Up-to-date: /home/mustardking/ws_sensor_combined/install/px4_msgs/local/lib/python3.10/dist-packages/px4_msgs/msg/_sensor_gnss_relative.py\n'}
[1.426421] (px4_msgs) StdoutLine: {'line': b'-- Up-to-date: /home/mustardking/ws_sensor_combined/install/px4_msgs/local/lib/python3.10/dist-packages/px4_msgs/msg/_gimbal_device_information.py\n'}
[1.426444] (px4_msgs) StdoutLine: {'line': b'-- Up-to-date: /home/mustardking/ws_sensor_combined/install/px4_msgs/local/lib/python3.10/dist-packages/px4_msgs/msg/_health_report.py\n'}
[1.426482] (px4_msgs) StdoutLine: {'line': b'-- Up-to-date: /home/mustardking/ws_sensor_combined/install/px4_msgs/local/lib/python3.10/dist-packages/px4_msgs/msg/_transponder_report.py\n'}
[1.426507] (px4_msgs) StdoutLine: {'line': b'-- Up-to-date: /home/mustardking/ws_sensor_combined/install/px4_msgs/local/lib/python3.10/dist-packages/px4_msgs/msg/_gpio_config.py\n'}
[1.426530] (px4_msgs) StdoutLine: {'line': b'-- Up-to-date: /home/mustardking/ws_sensor_combined/install/px4_msgs/local/lib/python3.10/dist-packages/px4_msgs/msg/_geofence_status_s.c\n'}
[1.426554] (px4_msgs) StdoutLine: {'line': b'-- Up-to-date: /home/mustardking/ws_sensor_combined/install/px4_msgs/local/lib/python3.10/dist-packages/px4_msgs/msg/_rover_speed_setpoint_s.c\n'}
[1.426577] (px4_msgs) StdoutLine: {'line': b'-- Up-to-date: /home/mustardking/ws_sensor_combined/install/px4_msgs/local/lib/python3.10/dist-packages/px4_msgs/msg/_vehicle_land_detected.py\n'}
[1.426614] (px4_msgs) StdoutLine: {'line': b'-- Up-to-date: /home/mustardking/ws_sensor_combined/install/px4_msgs/local/lib/python3.10/dist-packages/px4_msgs/msg/_orb_test_medium.py\n'}
[1.426638] (px4_msgs) StdoutLine: {'line': b'-- Up-to-date: /home/mustardking/ws_sensor_combined/install/px4_msgs/local/lib/python3.10/dist-packages/px4_msgs/msg/_power_monitor_s.c\n'}
[1.426663] (px4_msgs) StdoutLine: {'line': b'-- Up-to-date: /home/mustardking/ws_sensor_combined/install/px4_msgs/local/lib/python3.10/dist-packages/px4_msgs/msg/_estimator_sensor_bias.py\n'}
[1.426686] (px4_msgs) StdoutLine: {'line': b'-- Up-to-date: /home/mustardking/ws_sensor_combined/install/px4_msgs/local/lib/python3.10/dist-packages/px4_msgs/msg/_vehicle_attitude_s.c\n'}
[1.426710] (px4_msgs) StdoutLine: {'line': b'-- Up-to-date: /home/mustardking/ws_sensor_combined/install/px4_msgs/local/lib/python3.10/dist-packages/px4_msgs/msg/_sensor_accel_s.c\n'}
[1.426739] (px4_msgs) StdoutLine: {'line': b'-- Up-to-date: /home/mustardking/ws_sensor_combined/install/px4_msgs/local/lib/python3.10/dist-packages/px4_msgs/msg/_normalized_unsigned_setpoint_s.c\n'}
[1.426786] (px4_msgs) StdoutLine: {'line': b'-- Up-to-date: /home/mustardking/ws_sensor_combined/install/px4_msgs/local/lib/python3.10/dist-packages/px4_msgs/msg/_landing_target_pose_s.c\n'}
[1.426811] (px4_msgs) StdoutLine: {'line': b'-- Up-to-date: /home/mustardking/ws_sensor_combined/install/px4_msgs/local/lib/python3.10/dist-packages/px4_msgs/msg/_fixed_wing_longitudinal_setpoint.py\n'}
[1.426834] (px4_msgs) StdoutLine: {'line': b'-- Up-to-date: /home/mustardking/ws_sensor_combined/install/px4_msgs/local/lib/python3.10/dist-packages/px4_msgs/msg/_airspeed_wind_s.c\n'}
[1.426857] (px4_msgs) StdoutLine: {'line': b'-- Up-to-date: /home/mustardking/ws_sensor_combined/install/px4_msgs/local/lib/python3.10/dist-packages/px4_msgs/msg/_onboard_computer_status_s.c\n'}
[1.426883] (px4_msgs) StdoutLine: {'line': b'-- Up-to-date: /home/mustardking/ws_sensor_combined/install/px4_msgs/local/lib/python3.10/dist-packages/px4_msgs/msg/_sensor_airflow.py\n'}
[1.426919] (px4_msgs) StdoutLine: {'line': b'-- Up-to-date: /home/mustardking/ws_sensor_combined/install/px4_msgs/local/lib/python3.10/dist-packages/px4_msgs/msg/_ekf2_timestamps.py\n'}
[1.426943] (px4_msgs) StdoutLine: {'line': b'-- Up-to-date: /home/mustardking/ws_sensor_combined/install/px4_msgs/local/lib/python3.10/dist-packages/px4_msgs/msg/_message_format_response.py\n'}
[1.426966] (px4_msgs) StdoutLine: {'line': b'-- Up-to-date: /home/mustardking/ws_sensor_combined/install/px4_msgs/local/lib/python3.10/dist-packages/px4_msgs/msg/_battery_status_s.c\n'}
[1.426989] (px4_msgs) StdoutLine: {'line': b'-- Up-to-date: /home/mustardking/ws_sensor_combined/install/px4_msgs/local/lib/python3.10/dist-packages/px4_msgs/msg/_log_message.py\n'}
[1.427016] (px4_msgs) StdoutLine: {'line': b'-- Up-to-date: /home/mustardking/ws_sensor_combined/install/px4_msgs/local/lib/python3.10/dist-packages/px4_msgs/msg/_ulog_stream_s.c\n'}
[1.427039] (px4_msgs) StdoutLine: {'line': b'-- Up-to-date: /home/mustardking/ws_sensor_combined/install/px4_msgs/local/lib/python3.10/dist-packages/px4_msgs/msg/_position_controller_status.py\n'}
[1.427062] (px4_msgs) StdoutLine: {'line': b'-- Up-to-date: /home/mustardking/ws_sensor_combined/install/px4_msgs/local/lib/python3.10/dist-packages/px4_msgs/msg/_button_event.py\n'}
[1.427099] (px4_msgs) StdoutLine: {'line': b'-- Up-to-date: /home/mustardking/ws_sensor_combined/install/px4_msgs/local/lib/python3.10/dist-packages/px4_msgs/msg/_orb_test_medium_s.c\n'}
[1.427122] (px4_msgs) StdoutLine: {'line': b'-- Up-to-date: /home/mustardking/ws_sensor_combined/install/px4_msgs/local/lib/python3.10/dist-packages/px4_msgs/msg/_sensor_uwb_s.c\n'}
[1.427145] (px4_msgs) StdoutLine: {'line': b'-- Up-to-date: /home/mustardking/ws_sensor_combined/install/px4_msgs/local/lib/python3.10/dist-packages/px4_msgs/msg/_takeoff_status_s.c\n'}
[1.427167] (px4_msgs) StdoutLine: {'line': b'-- Up-to-date: /home/mustardking/ws_sensor_combined/install/px4_msgs/local/lib/python3.10/dist-packages/px4_msgs/msg/_fixed_wing_lateral_guidance_status_s.c\n'}
[1.427190] (px4_msgs) StdoutLine: {'line': b'-- Up-to-date: /home/mustardking/ws_sensor_combined/install/px4_msgs/local/lib/python3.10/dist-packages/px4_msgs/msg/_actuator_motors.py\n'}
[1.427232] (px4_msgs) StdoutLine: {'line': b'-- Up-to-date: /home/mustardking/ws_sensor_combined/install/px4_msgs/local/lib/python3.10/dist-packages/px4_msgs/msg/_vtol_vehicle_status_s.c\n'}
[1.427255] (px4_msgs) StdoutLine: {'line': b'-- Up-to-date: /home/mustardking/ws_sensor_combined/install/px4_msgs/local/lib/python3.10/dist-packages/px4_msgs/msg/_sensor_selection.py\n'}
[1.427277] (px4_msgs) StdoutLine: {'line': b'-- Up-to-date: /home/mustardking/ws_sensor_combined/install/px4_msgs/local/lib/python3.10/dist-packages/px4_msgs/msg/_sensor_uwb.py\n'}
[1.427300] (px4_msgs) StdoutLine: {'line': b'-- Up-to-date: /home/mustardking/ws_sensor_combined/install/px4_msgs/local/lib/python3.10/dist-packages/px4_msgs/msg/_timesync_status.py\n'}
[1.427323] (px4_msgs) StdoutLine: {'line': b'-- Up-to-date: /home/mustardking/ws_sensor_combined/install/px4_msgs/local/lib/python3.10/dist-packages/px4_msgs/msg/_parameter_set_used_request_s.c\n'}
[1.427346] (px4_msgs) StdoutLine: {'line': b'-- Up-to-date: /home/mustardking/ws_sensor_combined/install/px4_msgs/local/lib/python3.10/dist-packages/px4_msgs/msg/_esc_report_s.c\n'}
[1.427386] (px4_msgs) StdoutLine: {'line': b'-- Up-to-date: /home/mustardking/ws_sensor_combined/install/px4_msgs/local/lib/python3.10/dist-packages/px4_msgs/msg/_vehicle_angular_velocity_s.c\n'}
[1.427409] (px4_msgs) StdoutLine: {'line': b'-- Up-to-date: /home/mustardking/ws_sensor_combined/install/px4_msgs/local/lib/python3.10/dist-packages/px4_msgs/msg/_vehicle_optical_flow_vel_s.c\n'}
[1.427432] (px4_msgs) StdoutLine: {'line': b'-- Up-to-date: /home/mustardking/ws_sensor_combined/install/px4_msgs/local/lib/python3.10/dist-packages/px4_msgs/msg/_cpuload_s.c\n'}
[1.427456] (px4_msgs) StdoutLine: {'line': b'-- Up-to-date: /home/mustardking/ws_sensor_combined/install/px4_msgs/local/lib/python3.10/dist-packages/px4_msgs/msg/_debug_key_value.py\n'}
[1.427479] (px4_msgs) StdoutLine: {'line': b'-- Up-to-date: /home/mustardking/ws_sensor_combined/install/px4_msgs/local/lib/python3.10/dist-packages/px4_msgs/msg/_orb_test.py\n'}
[1.427520] (px4_msgs) StdoutLine: {'line': b'-- Up-to-date: /home/mustardking/ws_sensor_combined/install/px4_msgs/local/lib/python3.10/dist-packages/px4_msgs/msg/_task_stack_info_s.c\n'}
[1.427542] (px4_msgs) StdoutLine: {'line': b'-- Up-to-date: /home/mustardking/ws_sensor_combined/install/px4_msgs/local/lib/python3.10/dist-packages/px4_msgs/msg/_figure_eight_status_s.c\n'}
[1.427565] (px4_msgs) StdoutLine: {'line': b'-- Up-to-date: /home/mustardking/ws_sensor_combined/install/px4_msgs/local/lib/python3.10/dist-packages/px4_msgs/msg/_estimator_aid_source3d_s.c\n'}
[1.427588] (px4_msgs) StdoutLine: {'line': b'-- Up-to-date: /home/mustardking/ws_sensor_combined/install/px4_msgs/local/lib/python3.10/dist-packages/px4_msgs/msg/_vehicle_roi_s.c\n'}
[1.427610] (px4_msgs) StdoutLine: {'line': b'-- Up-to-date: /home/mustardking/ws_sensor_combined/install/px4_msgs/local/lib/python3.10/dist-packages/px4_msgs/msg/_rover_throttle_setpoint.py\n'}
[1.427633] (px4_msgs) StdoutLine: {'line': b'-- Up-to-date: /home/mustardking/ws_sensor_combined/install/px4_msgs/local/lib/python3.10/dist-packages/px4_msgs/msg/_landing_gear_s.c\n'}
[1.427669] (px4_msgs) StdoutLine: {'line': b'-- Up-to-date: /home/mustardking/ws_sensor_combined/install/px4_msgs/local/lib/python3.10/dist-packages/px4_msgs/msg/_actuator_controls_status.py\n'}
[1.427693] (px4_msgs) StdoutLine: {'line': b'-- Up-to-date: /home/mustardking/ws_sensor_combined/install/px4_msgs/local/lib/python3.10/dist-packages/px4_msgs/msg/_satellite_info.py\n'}
[1.427716] (px4_msgs) StdoutLine: {'line': b'-- Up-to-date: /home/mustardking/ws_sensor_combined/install/px4_msgs/local/lib/python3.10/dist-packages/px4_msgs/msg/_estimator_gps_status.py\n'}
[1.427739] (px4_msgs) StdoutLine: {'line': b'-- Up-to-date: /home/mustardking/ws_sensor_combined/install/px4_msgs/local/lib/python3.10/dist-packages/px4_msgs/msg/_mission.py\n'}
[1.427762] (px4_msgs) StdoutLine: {'line': b'-- Up-to-date: /home/mustardking/ws_sensor_combined/install/px4_msgs/local/lib/python3.10/dist-packages/px4_msgs/msg/_estimator_aid_source2d_s.c\n'}
[1.427801] (px4_msgs) StdoutLine: {'line': b'-- Up-to-date: /home/mustardking/ws_sensor_combined/install/px4_msgs/local/lib/python3.10/dist-packages/px4_msgs/msg/_sensor_gps_s.c\n'}
[1.427824] (px4_msgs) StdoutLine: {'line': b'-- Up-to-date: /home/mustardking/ws_sensor_combined/install/px4_msgs/local/lib/python3.10/dist-packages/px4_msgs/msg/_sensor_gyro_fifo.py\n'}
[1.427846] (px4_msgs) StdoutLine: {'line': b'-- Up-to-date: /home/mustardking/ws_sensor_combined/install/px4_msgs/local/lib/python3.10/dist-packages/px4_msgs/msg/_airspeed_wind.py\n'}
[1.427869] (px4_msgs) StdoutLine: {'line': b'-- Up-to-date: /home/mustardking/ws_sensor_combined/install/px4_msgs/local/lib/python3.10/dist-packages/px4_msgs/msg/_vehicle_imu_status.py\n'}
[1.427891] (px4_msgs) StdoutLine: {'line': b'-- Up-to-date: /home/mustardking/ws_sensor_combined/install/px4_msgs/local/lib/python3.10/dist-packages/px4_msgs/msg/_onboard_computer_status.py\n'}
[1.427914] (px4_msgs) StdoutLine: {'line': b'-- Up-to-date: /home/mustardking/ws_sensor_combined/install/px4_msgs/local/lib/python3.10/dist-packages/px4_msgs/msg/_vehicle_thrust_setpoint.py\n'}
[1.427937] (px4_msgs) StdoutLine: {'line': b'-- Up-to-date: /home/mustardking/ws_sensor_combined/install/px4_msgs/local/lib/python3.10/dist-packages/px4_msgs/msg/_tune_control_s.c\n'}
[1.427973] (px4_msgs) StdoutLine: {'line': b'-- Up-to-date: /home/mustardking/ws_sensor_combined/install/px4_msgs/local/lib/python3.10/dist-packages/px4_msgs/msg/_fixed_wing_runway_control_s.c\n'}
[1.427996] (px4_msgs) StdoutLine: {'line': b'-- Up-to-date: /home/mustardking/ws_sensor_combined/install/px4_msgs/local/lib/python3.10/dist-packages/px4_msgs/msg/_debug_array.py\n'}
[1.428021] (px4_msgs) StdoutLine: {'line': b'-- Up-to-date: /home/mustardking/ws_sensor_combined/install/px4_msgs/local/lib/python3.10/dist-packages/px4_msgs/msg/_fixed_wing_lateral_setpoint_s.c\n'}
[1.428044] (px4_msgs) StdoutLine: {'line': b'-- Up-to-date: /home/mustardking/ws_sensor_combined/install/px4_msgs/local/lib/python3.10/dist-packages/px4_msgs/msg/_gpio_request.py\n'}
[1.428075] (px4_msgs) StdoutLine: {'line': b'-- Up-to-date: /home/mustardking/ws_sensor_combined/install/px4_msgs/local/lib/python3.10/dist-packages/px4_msgs/msg/_internal_combustion_engine_status_s.c\n'}
[1.428107] (px4_msgs) StdoutLine: {'line': b'-- Up-to-date: /home/mustardking/ws_sensor_combined/install/px4_msgs/local/lib/python3.10/dist-packages/px4_msgs/msg/_differential_pressure.py\n'}
[1.428130] (px4_msgs) StdoutLine: {'line': b'-- Up-to-date: /home/mustardking/ws_sensor_combined/install/px4_msgs/local/lib/python3.10/dist-packages/px4_msgs/msg/_orb_test_large.py\n'}
[1.428153] (px4_msgs) StdoutLine: {'line': b'-- Up-to-date: /home/mustardking/ws_sensor_combined/install/px4_msgs/local/lib/python3.10/dist-packages/px4_msgs/msg/_rover_speed_status.py\n'}
[1.428176] (px4_msgs) StdoutLine: {'line': b'-- Up-to-date: /home/mustardking/ws_sensor_combined/install/px4_msgs/local/lib/python3.10/dist-packages/px4_msgs/msg/_actuator_test_s.c\n'}
[1.428198] (px4_msgs) StdoutLine: {'line': b'-- Up-to-date: /home/mustardking/ws_sensor_combined/install/px4_msgs/local/lib/python3.10/dist-packages/px4_msgs/msg/_cellular_status_s.c\n'}
[1.428221] (px4_msgs) StdoutLine: {'line': b'-- Up-to-date: /home/mustardking/ws_sensor_combined/install/px4_msgs/local/lib/python3.10/dist-packages/px4_msgs/msg/_distance_sensor.py\n'}
[1.428243] (px4_msgs) StdoutLine: {'line': b'-- Up-to-date: /home/mustardking/ws_sensor_combined/install/px4_msgs/local/lib/python3.10/dist-packages/px4_msgs/msg/_collision_constraints.py\n'}
[1.428265] (px4_msgs) StdoutLine: {'line': b'-- Up-to-date: /home/mustardking/ws_sensor_combined/install/px4_msgs/local/lib/python3.10/dist-packages/px4_msgs/msg/_sensor_preflight_mag_s.c\n'}
[1.428288] (px4_msgs) StdoutLine: {'line': b'-- Up-to-date: /home/mustardking/ws_sensor_combined/install/px4_msgs/local/lib/python3.10/dist-packages/px4_msgs/msg/_airspeed.py\n'}
[1.428310] (px4_msgs) StdoutLine: {'line': b'-- Up-to-date: /home/mustardking/ws_sensor_combined/install/px4_msgs/local/lib/python3.10/dist-packages/px4_msgs/msg/_gpio_request_s.c\n'}
[1.428333] (px4_msgs) StdoutLine: {'line': b'-- Up-to-date: /home/mustardking/ws_sensor_combined/install/px4_msgs/local/lib/python3.10/dist-packages/px4_msgs/msg/_irlock_report.py\n'}
[1.428355] (px4_msgs) StdoutLine: {'line': b'-- Up-to-date: /home/mustardking/ws_sensor_combined/install/px4_msgs/local/lib/python3.10/dist-packages/px4_msgs/msg/_debug_vect_s.c\n'}
[1.428377] (px4_msgs) StdoutLine: {'line': b'-- Up-to-date: /home/mustardking/ws_sensor_combined/install/px4_msgs/local/lib/python3.10/dist-packages/px4_msgs/msg/_failure_detector_status.py\n'}
[1.428400] (px4_msgs) StdoutLine: {'line': b'-- Up-to-date: /home/mustardking/ws_sensor_combined/install/px4_msgs/local/lib/python3.10/dist-packages/px4_msgs/msg/_rpm_s.c\n'}
[1.428422] (px4_msgs) StdoutLine: {'line': b'-- Up-to-date: /home/mustardking/ws_sensor_combined/install/px4_msgs/local/lib/python3.10/dist-packages/px4_msgs/msg/_estimator_event_flags_s.c\n'}
[1.428445] (px4_msgs) StdoutLine: {'line': b'-- Up-to-date: /home/mustardking/ws_sensor_combined/install/px4_msgs/local/lib/python3.10/dist-packages/px4_msgs/msg/_dataman_response.py\n'}
[1.428467] (px4_msgs) StdoutLine: {'line': b'-- Up-to-date: /home/mustardking/ws_sensor_combined/install/px4_msgs/local/lib/python3.10/dist-packages/px4_msgs/msg/_vehicle_torque_setpoint_s.c\n'}
[1.429087] (px4_msgs) StdoutLine: {'line': b'-- Up-to-date: /home/mustardking/ws_sensor_combined/install/px4_msgs/local/lib/python3.10/dist-packages/px4_msgs/msg/_action_request.py\n'}
[1.429114] (px4_msgs) StdoutLine: {'line': b'-- Up-to-date: /home/mustardking/ws_sensor_combined/install/px4_msgs/local/lib/python3.10/dist-packages/px4_msgs/msg/_launch_detection_status.py\n'}
[1.429141] (px4_msgs) StdoutLine: {'line': b'-- Up-to-date: /home/mustardking/ws_sensor_combined/install/px4_msgs/local/lib/python3.10/dist-packages/px4_msgs/msg/_hover_thrust_estimate_s.c\n'}
[1.429164] (px4_msgs) StdoutLine: {'line': b'-- Up-to-date: /home/mustardking/ws_sensor_combined/install/px4_msgs/local/lib/python3.10/dist-packages/px4_msgs/msg/_gps_dump.py\n'}
[1.429188] (px4_msgs) StdoutLine: {'line': b'-- Up-to-date: /home/mustardking/ws_sensor_combined/install/px4_msgs/local/lib/python3.10/dist-packages/px4_msgs/msg/_sensor_gps.py\n'}
[1.429210] (px4_msgs) StdoutLine: {'line': b'-- Up-to-date: /home/mustardking/ws_sensor_combined/install/px4_msgs/local/lib/python3.10/dist-packages/px4_msgs/msg/_unregister_ext_component_s.c\n'}
[1.429256] (px4_msgs) StdoutLine: {'line': b'-- Up-to-date: /home/mustardking/ws_sensor_combined/install/px4_msgs/local/lib/python3.10/dist-packages/px4_msgs/msg/_sensor_airflow_s.c\n'}
[1.429279] (px4_msgs) StdoutLine: {'line': b'-- Up-to-date: /home/mustardking/ws_sensor_combined/install/px4_msgs/local/lib/python3.10/dist-packages/px4_msgs/msg/_vehicle_command_s.c\n'}
[1.429302] (px4_msgs) StdoutLine: {'line': b'-- Up-to-date: /home/mustardking/ws_sensor_combined/install/px4_msgs/local/lib/python3.10/dist-packages/px4_msgs/msg/_distance_sensor_mode_change_request.py\n'}
[1.429325] (px4_msgs) StdoutLine: {'line': b'-- Up-to-date: /home/mustardking/ws_sensor_combined/install/px4_msgs/local/lib/python3.10/dist-packages/px4_msgs/msg/_gpio_out_s.c\n'}
[1.429365] (px4_msgs) StdoutLine: {'line': b'-- Up-to-date: /home/mustardking/ws_sensor_combined/install/px4_msgs/local/lib/python3.10/dist-packages/px4_msgs/msg/_dataman_request_s.c\n'}
[1.429388] (px4_msgs) StdoutLine: {'line': b'-- Up-to-date: /home/mustardking/ws_sensor_combined/install/px4_msgs/local/lib/python3.10/dist-packages/px4_msgs/msg/_parameter_update.py\n'}
[1.429410] (px4_msgs) StdoutLine: {'line': b'-- Up-to-date: /home/mustardking/ws_sensor_combined/install/px4_msgs/local/lib/python3.10/dist-packages/px4_msgs/msg/_distance_sensor_mode_change_request_s.c\n'}
[1.429433] (px4_msgs) StdoutLine: {'line': b'-- Up-to-date: /home/mustardking/ws_sensor_combined/install/px4_msgs/local/lib/python3.10/dist-packages/px4_msgs/msg/_estimator_bias3d.py\n'}
[1.429456] (px4_msgs) StdoutLine: {'line': b'-- Up-to-date: /home/mustardking/ws_sensor_combined/install/px4_msgs/local/lib/python3.10/dist-packages/px4_msgs/msg/_vehicle_odometry_s.c\n'}
[1.429501] (px4_msgs) StdoutLine: {'line': b'-- Up-to-date: /home/mustardking/ws_sensor_combined/install/px4_msgs/local/lib/python3.10/dist-packages/px4_msgs/msg/_sensor_correction.py\n'}
[1.429533] (px4_msgs) StdoutLine: {'line': b'-- Up-to-date: /home/mustardking/ws_sensor_combined/install/px4_msgs/local/lib/python3.10/dist-packages/px4_msgs/msg/_vehicle_magnetometer.py\n'}
[1.429556] (px4_msgs) StdoutLine: {'line': b'-- Up-to-date: /home/mustardking/ws_sensor_combined/install/px4_msgs/local/lib/python3.10/dist-packages/px4_msgs/msg/_ping_s.c\n'}
[1.429578] (px4_msgs) StdoutLine: {'line': b'-- Up-to-date: /home/mustardking/ws_sensor_combined/install/px4_msgs/local/lib/python3.10/dist-packages/px4_msgs/msg/_ulog_stream.py\n'}
[1.429601] (px4_msgs) StdoutLine: {'line': b'-- Up-to-date: /home/mustardking/ws_sensor_combined/install/px4_msgs/local/lib/python3.10/dist-packages/px4_msgs/__init__.py\n'}
[1.429637] (px4_msgs) StdoutLine: {'line': b'-- Up-to-date: /home/mustardking/ws_sensor_combined/install/px4_msgs/local/lib/python3.10/dist-packages/px4_msgs/_px4_msgs_s.ep.rosidl_typesupport_c.c\n'}
[1.429661] (px4_msgs) StdoutLine: {'line': b'-- Up-to-date: /home/mustardking/ws_sensor_combined/install/px4_msgs/local/lib/python3.10/dist-packages/px4_msgs/libpx4_msgs__rosidl_generator_py.so\n'}
[1.429684] (px4_msgs) StdoutLine: {'line': b'-- Up-to-date: /home/mustardking/ws_sensor_combined/install/px4_msgs/local/lib/python3.10/dist-packages/px4_msgs/px4_msgs_s__rosidl_typesupport_fastrtps_c.cpython-310-aarch64-linux-gnu.so\n'}
[1.429709] (px4_msgs) StdoutLine: {'line': b'-- Up-to-date: /home/mustardking/ws_sensor_combined/install/px4_msgs/local/lib/python3.10/dist-packages/px4_msgs/px4_msgs_s__rosidl_typesupport_c.cpython-310-aarch64-linux-gnu.so\n'}
[1.429732] (px4_msgs) StdoutLine: {'line': b"Listing '/home/mustardking/ws_sensor_combined/install/px4_msgs/local/lib/python3.10/dist-packages/px4_msgs'...\n"}
[1.429755] (px4_msgs) StdoutLine: {'line': b"Listing '/home/mustardking/ws_sensor_combined/install/px4_msgs/local/lib/python3.10/dist-packages/px4_msgs/msg'...\n"}
[1.429779] (px4_msgs) StdoutLine: {'line': b"Listing '/home/mustardking/ws_sensor_combined/install/px4_msgs/local/lib/python3.10/dist-packages/px4_msgs/srv'...\n"}
[1.429820] (px4_msgs) StdoutLine: {'line': b'-- Up-to-date: /home/mustardking/ws_sensor_combined/install/px4_msgs/local/lib/python3.10/dist-packages/px4_msgs/px4_msgs_s__rosidl_typesupport_fastrtps_c.cpython-310-aarch64-linux-gnu.so\n'}
[1.429844] (px4_msgs) StdoutLine: {'line': b'-- Up-to-date: /home/mustardking/ws_sensor_combined/install/px4_msgs/local/lib/python3.10/dist-packages/px4_msgs/px4_msgs_s__rosidl_typesupport_introspection_c.cpython-310-aarch64-linux-gnu.so\n'}
[1.429871] (px4_msgs) StdoutLine: {'line': b'-- Up-to-date: /home/mustardking/ws_sensor_combined/install/px4_msgs/local/lib/python3.10/dist-packages/px4_msgs/px4_msgs_s__rosidl_typesupport_c.cpython-310-aarch64-linux-gnu.so\n'}
[1.429894] (px4_msgs) StdoutLine: {'line': b'-- Up-to-date: /home/mustardking/ws_sensor_combined/install/px4_msgs/lib/libpx4_msgs__rosidl_generator_py.so\n'}
[1.429917] (px4_msgs) StdoutLine: {'line': b'-- Up-to-date: /home/mustardking/ws_sensor_combined/install/px4_msgs/share/px4_msgs/msg/ActionRequest.idl\n'}
[1.429940] (px4_msgs) StdoutLine: {'line': b'-- Up-to-date: /home/mustardking/ws_sensor_combined/install/px4_msgs/share/px4_msgs/msg/ActuatorArmed.idl\n'}
[1.429963] (px4_msgs) StdoutLine: {'line': b'-- Up-to-date: /home/mustardking/ws_sensor_combined/install/px4_msgs/share/px4_msgs/msg/ActuatorControlsStatus.idl\n'}
[1.429998] (px4_msgs) StdoutLine: {'line': b'-- Up-to-date: /home/mustardking/ws_sensor_combined/install/px4_msgs/share/px4_msgs/msg/ActuatorMotors.idl\n'}
[1.430021] (px4_msgs) StdoutLine: {'line': b'-- Up-to-date: /home/mustardking/ws_sensor_combined/install/px4_msgs/share/px4_msgs/msg/ActuatorOutputs.idl\n'}
[1.430044] (px4_msgs) StdoutLine: {'line': b'-- Up-to-date: /home/mustardking/ws_sensor_combined/install/px4_msgs/share/px4_msgs/msg/ActuatorServos.idl\n'}
[1.430066] (px4_msgs) StdoutLine: {'line': b'-- Up-to-date: /home/mustardking/ws_sensor_combined/install/px4_msgs/share/px4_msgs/msg/ActuatorServosTrim.idl\n'}
[1.430091] (px4_msgs) StdoutLine: {'line': b'-- Up-to-date: /home/mustardking/ws_sensor_combined/install/px4_msgs/share/px4_msgs/msg/ActuatorTest.idl\n'}
[1.430114] (px4_msgs) StdoutLine: {'line': b'-- Up-to-date: /home/mustardking/ws_sensor_combined/install/px4_msgs/share/px4_msgs/msg/AdcReport.idl\n'}
[1.430150] (px4_msgs) StdoutLine: {'line': b'-- Up-to-date: /home/mustardking/ws_sensor_combined/install/px4_msgs/share/px4_msgs/msg/Airspeed.idl\n'}
[1.430174] (px4_msgs) StdoutLine: {'line': b'-- Up-to-date: /home/mustardking/ws_sensor_combined/install/px4_msgs/share/px4_msgs/msg/AirspeedValidated.idl\n'}
[1.430196] (px4_msgs) StdoutLine: {'line': b'-- Up-to-date: /home/mustardking/ws_sensor_combined/install/px4_msgs/share/px4_msgs/msg/AirspeedWind.idl\n'}
[1.430318] (px4_msgs) StdoutLine: {'line': b'-- Up-to-date: /home/mustardking/ws_sensor_combined/install/px4_msgs/share/px4_msgs/msg/ArmingCheckReply.idl\n'}
[1.430376] (px4_msgs) StdoutLine: {'line': b'-- Up-to-date: /home/mustardking/ws_sensor_combined/install/px4_msgs/share/px4_msgs/msg/ArmingCheckRequest.idl\n'}
[1.430402] (px4_msgs) StdoutLine: {'line': b'-- Up-to-date: /home/mustardking/ws_sensor_combined/install/px4_msgs/share/px4_msgs/msg/AutotuneAttitudeControlStatus.idl\n'}
[1.430426] (px4_msgs) StdoutLine: {'line': b'-- Up-to-date: /home/mustardking/ws_sensor_combined/install/px4_msgs/share/px4_msgs/msg/BatteryInfo.idl\n'}
[1.430454] (px4_msgs) StdoutLine: {'line': b'-- Up-to-date: /home/mustardking/ws_sensor_combined/install/px4_msgs/share/px4_msgs/msg/BatteryStatus.idl\n'}
[1.430478] (px4_msgs) StdoutLine: {'line': b'-- Up-to-date: /home/mustardking/ws_sensor_combined/install/px4_msgs/share/px4_msgs/msg/ButtonEvent.idl\n'}
[1.430501] (px4_msgs) StdoutLine: {'line': b'-- Up-to-date: /home/mustardking/ws_sensor_combined/install/px4_msgs/share/px4_msgs/msg/CameraCapture.idl\n'}
[1.430542] (px4_msgs) StdoutLine: {'line': b'-- Up-to-date: /home/mustardking/ws_sensor_combined/install/px4_msgs/share/px4_msgs/msg/CameraStatus.idl\n'}
[1.430566] (px4_msgs) StdoutLine: {'line': b'-- Up-to-date: /home/mustardking/ws_sensor_combined/install/px4_msgs/share/px4_msgs/msg/CameraTrigger.idl\n'}
[1.430590] (px4_msgs) StdoutLine: {'line': b'-- Up-to-date: /home/mustardking/ws_sensor_combined/install/px4_msgs/share/px4_msgs/msg/CanInterfaceStatus.idl\n'}
[1.430613] (px4_msgs) StdoutLine: {'line': b'-- Up-to-date: /home/mustardking/ws_sensor_combined/install/px4_msgs/share/px4_msgs/msg/CellularStatus.idl\n'}
[1.430648] (px4_msgs) StdoutLine: {'line': b'-- Up-to-date: /home/mustardking/ws_sensor_combined/install/px4_msgs/share/px4_msgs/msg/CollisionConstraints.idl\n'}
[1.430681] (px4_msgs) StdoutLine: {'line': b'-- Up-to-date: /home/mustardking/ws_sensor_combined/install/px4_msgs/share/px4_msgs/msg/ConfigOverrides.idl\n'}
[1.430706] (px4_msgs) StdoutLine: {'line': b'-- Up-to-date: /home/mustardking/ws_sensor_combined/install/px4_msgs/share/px4_msgs/msg/ControlAllocatorStatus.idl\n'}
[1.430730] (px4_msgs) StdoutLine: {'line': b'-- Up-to-date: /home/mustardking/ws_sensor_combined/install/px4_msgs/share/px4_msgs/msg/Cpuload.idl\n'}
[1.430754] (px4_msgs) StdoutLine: {'line': b'-- Up-to-date: /home/mustardking/ws_sensor_combined/install/px4_msgs/share/px4_msgs/msg/DatamanRequest.idl\n'}
[1.430778] (px4_msgs) StdoutLine: {'line': b'-- Up-to-date: /home/mustardking/ws_sensor_combined/install/px4_msgs/share/px4_msgs/msg/DatamanResponse.idl\n'}
[1.430811] (px4_msgs) StdoutLine: {'line': b'-- Up-to-date: /home/mustardking/ws_sensor_combined/install/px4_msgs/share/px4_msgs/msg/DebugArray.idl\n'}
[1.430843] (px4_msgs) StdoutLine: {'line': b'-- Up-to-date: /home/mustardking/ws_sensor_combined/install/px4_msgs/share/px4_msgs/msg/DebugKeyValue.idl\n'}
[1.430867] (px4_msgs) StdoutLine: {'line': b'-- Up-to-date: /home/mustardking/ws_sensor_combined/install/px4_msgs/share/px4_msgs/msg/DebugValue.idl\n'}
[1.430890] (px4_msgs) StdoutLine: {'line': b'-- Up-to-date: /home/mustardking/ws_sensor_combined/install/px4_msgs/share/px4_msgs/msg/DebugVect.idl\n'}
[1.430913] (px4_msgs) StdoutLine: {'line': b'-- Up-to-date: /home/mustardking/ws_sensor_combined/install/px4_msgs/share/px4_msgs/msg/DifferentialPressure.idl\n'}
[1.430952] (px4_msgs) StdoutLine: {'line': b'-- Up-to-date: /home/mustardking/ws_sensor_combined/install/px4_msgs/share/px4_msgs/msg/DistanceSensor.idl\n'}
[1.430981] (px4_msgs) StdoutLine: {'line': b'-- Up-to-date: /home/mustardking/ws_sensor_combined/install/px4_msgs/share/px4_msgs/msg/DistanceSensorModeChangeRequest.idl\n'}
[1.431004] (px4_msgs) StdoutLine: {'line': b'-- Up-to-date: /home/mustardking/ws_sensor_combined/install/px4_msgs/share/px4_msgs/msg/DronecanNodeStatus.idl\n'}
[1.431028] (px4_msgs) StdoutLine: {'line': b'-- Up-to-date: /home/mustardking/ws_sensor_combined/install/px4_msgs/share/px4_msgs/msg/Ekf2Timestamps.idl\n'}
[1.431051] (px4_msgs) StdoutLine: {'line': b'-- Up-to-date: /home/mustardking/ws_sensor_combined/install/px4_msgs/share/px4_msgs/msg/EscReport.idl\n'}
[1.431074] (px4_msgs) StdoutLine: {'line': b'-- Up-to-date: /home/mustardking/ws_sensor_combined/install/px4_msgs/share/px4_msgs/msg/EscStatus.idl\n'}
[1.431112] (px4_msgs) StdoutLine: {'line': b'-- Up-to-date: /home/mustardking/ws_sensor_combined/install/px4_msgs/share/px4_msgs/msg/EstimatorAidSource1d.idl\n'}
[1.431136] (px4_msgs) StdoutLine: {'line': b'-- Up-to-date: /home/mustardking/ws_sensor_combined/install/px4_msgs/share/px4_msgs/msg/EstimatorAidSource2d.idl\n'}
[1.431162] (px4_msgs) StdoutLine: {'line': b'-- Up-to-date: /home/mustardking/ws_sensor_combined/install/px4_msgs/share/px4_msgs/msg/EstimatorAidSource3d.idl\n'}
[1.431187] (px4_msgs) StdoutLine: {'line': b'-- Up-to-date: /home/mustardking/ws_sensor_combined/install/px4_msgs/share/px4_msgs/msg/EstimatorBias.idl\n'}
[1.431211] (px4_msgs) StdoutLine: {'line': b'-- Up-to-date: /home/mustardking/ws_sensor_combined/install/px4_msgs/share/px4_msgs/msg/EstimatorBias3d.idl\n'}
[1.431234] (px4_msgs) StdoutLine: {'line': b'-- Up-to-date: /home/mustardking/ws_sensor_combined/install/px4_msgs/share/px4_msgs/msg/EstimatorEventFlags.idl\n'}
[1.431258] (px4_msgs) StdoutLine: {'line': b'-- Up-to-date: /home/mustardking/ws_sensor_combined/install/px4_msgs/share/px4_msgs/msg/EstimatorGpsStatus.idl\n'}
[1.431281] (px4_msgs) StdoutLine: {'line': b'-- Up-to-date: /home/mustardking/ws_sensor_combined/install/px4_msgs/share/px4_msgs/msg/EstimatorInnovations.idl\n'}
[1.431304] (px4_msgs) StdoutLine: {'line': b'-- Up-to-date: /home/mustardking/ws_sensor_combined/install/px4_msgs/share/px4_msgs/msg/EstimatorSelectorStatus.idl\n'}
[1.431326] (px4_msgs) StdoutLine: {'line': b'-- Up-to-date: /home/mustardking/ws_sensor_combined/install/px4_msgs/share/px4_msgs/msg/EstimatorSensorBias.idl\n'}
[1.431349] (px4_msgs) StdoutLine: {'line': b'-- Up-to-date: /home/mustardking/ws_sensor_combined/install/px4_msgs/share/px4_msgs/msg/EstimatorStates.idl\n'}
[1.431374] (px4_msgs) StdoutLine: {'line': b'-- Up-to-date: /home/mustardking/ws_sensor_combined/install/px4_msgs/share/px4_msgs/msg/EstimatorStatus.idl\n'}
[1.431397] (px4_msgs) StdoutLine: {'line': b'-- Up-to-date: /home/mustardking/ws_sensor_combined/install/px4_msgs/share/px4_msgs/msg/EstimatorStatusFlags.idl\n'}
[1.431421] (px4_msgs) StdoutLine: {'line': b'-- Up-to-date: /home/mustardking/ws_sensor_combined/install/px4_msgs/share/px4_msgs/msg/Event.idl\n'}
[1.431447] (px4_msgs) StdoutLine: {'line': b'-- Up-to-date: /home/mustardking/ws_sensor_combined/install/px4_msgs/share/px4_msgs/msg/FailsafeFlags.idl\n'}
[1.431479] (px4_msgs) StdoutLine: {'line': b'-- Up-to-date: /home/mustardking/ws_sensor_combined/install/px4_msgs/share/px4_msgs/msg/FailureDetectorStatus.idl\n'}
[1.431503] (px4_msgs) StdoutLine: {'line': b'-- Up-to-date: /home/mustardking/ws_sensor_combined/install/px4_msgs/share/px4_msgs/msg/FigureEightStatus.idl\n'}
[1.431526] (px4_msgs) StdoutLine: {'line': b'-- Up-to-date: /home/mustardking/ws_sensor_combined/install/px4_msgs/share/px4_msgs/msg/FixedWingLateralGuidanceStatus.idl\n'}
[1.431553] (px4_msgs) StdoutLine: {'line': b'-- Up-to-date: /home/mustardking/ws_sensor_combined/install/px4_msgs/share/px4_msgs/msg/FixedWingLateralSetpoint.idl\n'}
[1.431587] (px4_msgs) StdoutLine: {'line': b'-- Up-to-date: /home/mustardking/ws_sensor_combined/install/px4_msgs/share/px4_msgs/msg/FixedWingLateralStatus.idl\n'}
[1.431621] (px4_msgs) StdoutLine: {'line': b'-- Up-to-date: /home/mustardking/ws_sensor_combined/install/px4_msgs/share/px4_msgs/msg/FixedWingLongitudinalSetpoint.idl\n'}
[1.431645] (px4_msgs) StdoutLine: {'line': b'-- Up-to-date: /home/mustardking/ws_sensor_combined/install/px4_msgs/share/px4_msgs/msg/FixedWingRunwayControl.idl\n'}
[1.431668] (px4_msgs) StdoutLine: {'line': b'-- Up-to-date: /home/mustardking/ws_sensor_combined/install/px4_msgs/share/px4_msgs/msg/FlightPhaseEstimation.idl\n'}
[1.431691] (px4_msgs) StdoutLine: {'line': b'-- Up-to-date: /home/mustardking/ws_sensor_combined/install/px4_msgs/share/px4_msgs/msg/FollowTarget.idl\n'}
[1.431715] (px4_msgs) StdoutLine: {'line': b'-- Up-to-date: /home/mustardking/ws_sensor_combined/install/px4_msgs/share/px4_msgs/msg/FollowTargetEstimator.idl\n'}
[1.431738] (px4_msgs) StdoutLine: {'line': b'-- Up-to-date: /home/mustardking/ws_sensor_combined/install/px4_msgs/share/px4_msgs/msg/FollowTargetStatus.idl\n'}
[1.431761] (px4_msgs) StdoutLine: {'line': b'-- Up-to-date: /home/mustardking/ws_sensor_combined/install/px4_msgs/share/px4_msgs/msg/FuelTankStatus.idl\n'}
[1.431785] (px4_msgs) StdoutLine: {'line': b'-- Up-to-date: /home/mustardking/ws_sensor_combined/install/px4_msgs/share/px4_msgs/msg/GeneratorStatus.idl\n'}
[1.431810] (px4_msgs) StdoutLine: {'line': b'-- Up-to-date: /home/mustardking/ws_sensor_combined/install/px4_msgs/share/px4_msgs/msg/GeofenceResult.idl\n'}
[1.431833] (px4_msgs) StdoutLine: {'line': b'-- Up-to-date: /home/mustardking/ws_sensor_combined/install/px4_msgs/share/px4_msgs/msg/GeofenceStatus.idl\n'}
[1.431856] (px4_msgs) StdoutLine: {'line': b'-- Up-to-date: /home/mustardking/ws_sensor_combined/install/px4_msgs/share/px4_msgs/msg/GimbalControls.idl\n'}
[1.431879] (px4_msgs) StdoutLine: {'line': b'-- Up-to-date: /home/mustardking/ws_sensor_combined/install/px4_msgs/share/px4_msgs/msg/GimbalDeviceAttitudeStatus.idl\n'}
[1.431918] (px4_msgs) StdoutLine: {'line': b'-- Up-to-date: /home/mustardking/ws_sensor_combined/install/px4_msgs/share/px4_msgs/msg/GimbalDeviceInformation.idl\n'}
[1.431944] (px4_msgs) StdoutLine: {'line': b'-- Up-to-date: /home/mustardking/ws_sensor_combined/install/px4_msgs/share/px4_msgs/msg/GimbalDeviceSetAttitude.idl\n'}
[1.431967] (px4_msgs) StdoutLine: {'line': b'-- Up-to-date: /home/mustardking/ws_sensor_combined/install/px4_msgs/share/px4_msgs/msg/GimbalManagerInformation.idl\n'}
[1.431991] (px4_msgs) StdoutLine: {'line': b'-- Up-to-date: /home/mustardking/ws_sensor_combined/install/px4_msgs/share/px4_msgs/msg/GimbalManagerSetAttitude.idl\n'}
[1.432016] (px4_msgs) StdoutLine: {'line': b'-- Up-to-date: /home/mustardking/ws_sensor_combined/install/px4_msgs/share/px4_msgs/msg/GimbalManagerSetManualControl.idl\n'}
[1.432039] (px4_msgs) StdoutLine: {'line': b'-- Up-to-date: /home/mustardking/ws_sensor_combined/install/px4_msgs/share/px4_msgs/msg/GimbalManagerStatus.idl\n'}
[1.432062] (px4_msgs) StdoutLine: {'line': b'-- Up-to-date: /home/mustardking/ws_sensor_combined/install/px4_msgs/share/px4_msgs/msg/GotoSetpoint.idl\n'}
[1.432085] (px4_msgs) StdoutLine: {'line': b'-- Up-to-date: /home/mustardking/ws_sensor_combined/install/px4_msgs/share/px4_msgs/msg/GpioConfig.idl\n'}
[1.432108] (px4_msgs) StdoutLine: {'line': b'-- Up-to-date: /home/mustardking/ws_sensor_combined/install/px4_msgs/share/px4_msgs/msg/GpioIn.idl\n'}
[1.432131] (px4_msgs) StdoutLine: {'line': b'-- Up-to-date: /home/mustardking/ws_sensor_combined/install/px4_msgs/share/px4_msgs/msg/GpioOut.idl\n'}
[1.432154] (px4_msgs) StdoutLine: {'line': b'-- Up-to-date: /home/mustardking/ws_sensor_combined/install/px4_msgs/share/px4_msgs/msg/GpioRequest.idl\n'}
[1.432189] (px4_msgs) StdoutLine: {'line': b'-- Up-to-date: /home/mustardking/ws_sensor_combined/install/px4_msgs/share/px4_msgs/msg/GpsDump.idl\n'}
[1.432214] (px4_msgs) StdoutLine: {'line': b'-- Up-to-date: /home/mustardking/ws_sensor_combined/install/px4_msgs/share/px4_msgs/msg/GpsInjectData.idl\n'}
[1.432238] (px4_msgs) StdoutLine: {'line': b'-- Up-to-date: /home/mustardking/ws_sensor_combined/install/px4_msgs/share/px4_msgs/msg/Gripper.idl\n'}
[1.432261] (px4_msgs) StdoutLine: {'line': b'-- Up-to-date: /home/mustardking/ws_sensor_combined/install/px4_msgs/share/px4_msgs/msg/HealthReport.idl\n'}
[1.432284] (px4_msgs) StdoutLine: {'line': b'-- Up-to-date: /home/mustardking/ws_sensor_combined/install/px4_msgs/share/px4_msgs/msg/HeaterStatus.idl\n'}
[1.432307] (px4_msgs) StdoutLine: {'line': b'-- Up-to-date: /home/mustardking/ws_sensor_combined/install/px4_msgs/share/px4_msgs/msg/HomePosition.idl\n'}
[1.432939] (px4_msgs) StdoutLine: {'line': b'-- Up-to-date: /home/mustardking/ws_sensor_combined/install/px4_msgs/share/px4_msgs/msg/HoverThrustEstimate.idl\n'}
[1.432967] (px4_msgs) StdoutLine: {'line': b'-- Up-to-date: /home/mustardking/ws_sensor_combined/install/px4_msgs/share/px4_msgs/msg/InputRc.idl\n'}
[1.432991] (px4_msgs) StdoutLine: {'line': b'-- Up-to-date: /home/mustardking/ws_sensor_combined/install/px4_msgs/share/px4_msgs/msg/InternalCombustionEngineControl.idl\n'}
[1.433015] (px4_msgs) StdoutLine: {'line': b'-- Up-to-date: /home/mustardking/ws_sensor_combined/install/px4_msgs/share/px4_msgs/msg/InternalCombustionEngineStatus.idl\n'}
[1.433039] (px4_msgs) StdoutLine: {'line': b'-- Up-to-date: /home/mustardking/ws_sensor_combined/install/px4_msgs/share/px4_msgs/msg/IridiumsbdStatus.idl\n'}
[1.433065] (px4_msgs) StdoutLine: {'line': b'-- Up-to-date: /home/mustardking/ws_sensor_combined/install/px4_msgs/share/px4_msgs/msg/IrlockReport.idl\n'}
[1.433088] (px4_msgs) StdoutLine: {'line': b'-- Up-to-date: /home/mustardking/ws_sensor_combined/install/px4_msgs/share/px4_msgs/msg/LandingGear.idl\n'}
[1.433111] (px4_msgs) StdoutLine: {'line': b'-- Up-to-date: /home/mustardking/ws_sensor_combined/install/px4_msgs/share/px4_msgs/msg/LandingGearWheel.idl\n'}
[1.433134] (px4_msgs) StdoutLine: {'line': b'-- Up-to-date: /home/mustardking/ws_sensor_combined/install/px4_msgs/share/px4_msgs/msg/LandingTargetInnovations.idl\n'}
[1.433159] (px4_msgs) StdoutLine: {'line': b'-- Up-to-date: /home/mustardking/ws_sensor_combined/install/px4_msgs/share/px4_msgs/msg/LandingTargetPose.idl\n'}
[1.433182] (px4_msgs) StdoutLine: {'line': b'-- Up-to-date: /home/mustardking/ws_sensor_combined/install/px4_msgs/share/px4_msgs/msg/LateralControlConfiguration.idl\n'}
[1.433206] (px4_msgs) StdoutLine: {'line': b'-- Up-to-date: /home/mustardking/ws_sensor_combined/install/px4_msgs/share/px4_msgs/msg/LaunchDetectionStatus.idl\n'}
[1.433229] (px4_msgs) StdoutLine: {'line': b'-- Up-to-date: /home/mustardking/ws_sensor_combined/install/px4_msgs/share/px4_msgs/msg/LedControl.idl\n'}
[1.433252] (px4_msgs) StdoutLine: {'line': b'-- Up-to-date: /home/mustardking/ws_sensor_combined/install/px4_msgs/share/px4_msgs/msg/LogMessage.idl\n'}
[1.433274] (px4_msgs) StdoutLine: {'line': b'-- Up-to-date: /home/mustardking/ws_sensor_combined/install/px4_msgs/share/px4_msgs/msg/LoggerStatus.idl\n'}
[1.433297] (px4_msgs) StdoutLine: {'line': b'-- Up-to-date: /home/mustardking/ws_sensor_combined/install/px4_msgs/share/px4_msgs/msg/LongitudinalControlConfiguration.idl\n'}
[1.433320] (px4_msgs) StdoutLine: {'line': b'-- Up-to-date: /home/mustardking/ws_sensor_combined/install/px4_msgs/share/px4_msgs/msg/MagWorkerData.idl\n'}
[1.433343] (px4_msgs) StdoutLine: {'line': b'-- Up-to-date: /home/mustardking/ws_sensor_combined/install/px4_msgs/share/px4_msgs/msg/MagnetometerBiasEstimate.idl\n'}
[1.433366] (px4_msgs) StdoutLine: {'line': b'-- Up-to-date: /home/mustardking/ws_sensor_combined/install/px4_msgs/share/px4_msgs/msg/ManualControlSetpoint.idl\n'}
[1.433389] (px4_msgs) StdoutLine: {'line': b'-- Up-to-date: /home/mustardking/ws_sensor_combined/install/px4_msgs/share/px4_msgs/msg/ManualControlSwitches.idl\n'}
[1.433415] (px4_msgs) StdoutLine: {'line': b'-- Up-to-date: /home/mustardking/ws_sensor_combined/install/px4_msgs/share/px4_msgs/msg/MavlinkLog.idl\n'}
[1.433439] (px4_msgs) StdoutLine: {'line': b'-- Up-to-date: /home/mustardking/ws_sensor_combined/install/px4_msgs/share/px4_msgs/msg/MavlinkTunnel.idl\n'}
[1.433464] (px4_msgs) StdoutLine: {'line': b'-- Up-to-date: /home/mustardking/ws_sensor_combined/install/px4_msgs/share/px4_msgs/msg/MessageFormatRequest.idl\n'}
[1.433489] (px4_msgs) StdoutLine: {'line': b'-- Up-to-date: /home/mustardking/ws_sensor_combined/install/px4_msgs/share/px4_msgs/msg/MessageFormatResponse.idl\n'}
[1.433512] (px4_msgs) StdoutLine: {'line': b'-- Up-to-date: /home/mustardking/ws_sensor_combined/install/px4_msgs/share/px4_msgs/msg/Mission.idl\n'}
[1.433534] (px4_msgs) StdoutLine: {'line': b'-- Up-to-date: /home/mustardking/ws_sensor_combined/install/px4_msgs/share/px4_msgs/msg/MissionResult.idl\n'}
[1.433557] (px4_msgs) StdoutLine: {'line': b'-- Up-to-date: /home/mustardking/ws_sensor_combined/install/px4_msgs/share/px4_msgs/msg/ModeCompleted.idl\n'}
[1.433580] (px4_msgs) StdoutLine: {'line': b'-- Up-to-date: /home/mustardking/ws_sensor_combined/install/px4_msgs/share/px4_msgs/msg/MountOrientation.idl\n'}
[1.433603] (px4_msgs) StdoutLine: {'line': b'-- Up-to-date: /home/mustardking/ws_sensor_combined/install/px4_msgs/share/px4_msgs/msg/NavigatorMissionItem.idl\n'}
[1.433626] (px4_msgs) StdoutLine: {'line': b'-- Up-to-date: /home/mustardking/ws_sensor_combined/install/px4_msgs/share/px4_msgs/msg/NavigatorStatus.idl\n'}
[1.433649] (px4_msgs) StdoutLine: {'line': b'-- Up-to-date: /home/mustardking/ws_sensor_combined/install/px4_msgs/share/px4_msgs/msg/NeuralControl.idl\n'}
[1.433673] (px4_msgs) StdoutLine: {'line': b'-- Up-to-date: /home/mustardking/ws_sensor_combined/install/px4_msgs/share/px4_msgs/msg/NormalizedUnsignedSetpoint.idl\n'}
[1.433737] (px4_msgs) StdoutLine: {'line': b'-- Up-to-date: /home/mustardking/ws_sensor_combined/install/px4_msgs/share/px4_msgs/msg/ObstacleDistance.idl\n'}
[1.433761] (px4_msgs) StdoutLine: {'line': b'-- Up-to-date: /home/mustardking/ws_sensor_combined/install/px4_msgs/share/px4_msgs/msg/OffboardControlMode.idl\n'}
[1.433784] (px4_msgs) StdoutLine: {'line': b'-- Up-to-date: /home/mustardking/ws_sensor_combined/install/px4_msgs/share/px4_msgs/msg/OnboardComputerStatus.idl\n'}
[1.433807] (px4_msgs) StdoutLine: {'line': b'-- Up-to-date: /home/mustardking/ws_sensor_combined/install/px4_msgs/share/px4_msgs/msg/OpenDroneIdArmStatus.idl\n'}
[1.433860] (px4_msgs) StdoutLine: {'line': b'-- Up-to-date: /home/mustardking/ws_sensor_combined/install/px4_msgs/share/px4_msgs/msg/OpenDroneIdOperatorId.idl\n'}
[1.433902] (px4_msgs) StdoutLine: {'line': b'-- Up-to-date: /home/mustardking/ws_sensor_combined/install/px4_msgs/share/px4_msgs/msg/OpenDroneIdSelfId.idl\n'}
[1.433927] (px4_msgs) StdoutLine: {'line': b'-- Up-to-date: /home/mustardking/ws_sensor_combined/install/px4_msgs/share/px4_msgs/msg/OpenDroneIdSystem.idl\n'}
[1.433950] (px4_msgs) StdoutLine: {'line': b'-- Up-to-date: /home/mustardking/ws_sensor_combined/install/px4_msgs/share/px4_msgs/msg/OrbTest.idl\n'}
[1.433973] (px4_msgs) StdoutLine: {'line': b'-- Up-to-date: /home/mustardking/ws_sensor_combined/install/px4_msgs/share/px4_msgs/msg/OrbTestLarge.idl\n'}
[1.434005] (px4_msgs) StdoutLine: {'line': b'-- Up-to-date: /home/mustardking/ws_sensor_combined/install/px4_msgs/share/px4_msgs/msg/OrbTestMedium.idl\n'}
[1.434920] (px4_msgs) StdoutLine: {'line': b'-- Up-to-date: /home/mustardking/ws_sensor_combined/install/px4_msgs/share/px4_msgs/msg/OrbitStatus.idl\n'}
[1.434949] (px4_msgs) StdoutLine: {'line': b'-- Up-to-date: /home/mustardking/ws_sensor_combined/install/px4_msgs/share/px4_msgs/msg/ParameterResetRequest.idl\n'}
[1.434974] (px4_msgs) StdoutLine: {'line': b'-- Up-to-date: /home/mustardking/ws_sensor_combined/install/px4_msgs/share/px4_msgs/msg/ParameterSetUsedRequest.idl\n'}
[1.434999] (px4_msgs) StdoutLine: {'line': b'-- Up-to-date: /home/mustardking/ws_sensor_combined/install/px4_msgs/share/px4_msgs/msg/ParameterSetValueRequest.idl\n'}
[1.435022] (px4_msgs) StdoutLine: {'line': b'-- Up-to-date: /home/mustardking/ws_sensor_combined/install/px4_msgs/share/px4_msgs/msg/ParameterSetValueResponse.idl\n'}
[1.435046] (px4_msgs) StdoutLine: {'line': b'-- Up-to-date: /home/mustardking/ws_sensor_combined/install/px4_msgs/share/px4_msgs/msg/ParameterUpdate.idl\n'}
[1.435069] (px4_msgs) StdoutLine: {'line': b'-- Up-to-date: /home/mustardking/ws_sensor_combined/install/px4_msgs/share/px4_msgs/msg/Ping.idl\n'}
[1.435107] (px4_msgs) StdoutLine: {'line': b'-- Up-to-date: /home/mustardking/ws_sensor_combined/install/px4_msgs/share/px4_msgs/msg/PositionControllerLandingStatus.idl\n'}
[1.435132] (px4_msgs) StdoutLine: {'line': b'-- Up-to-date: /home/mustardking/ws_sensor_combined/install/px4_msgs/share/px4_msgs/msg/PositionControllerStatus.idl\n'}
[1.435155] (px4_msgs) StdoutLine: {'line': b'-- Up-to-date: /home/mustardking/ws_sensor_combined/install/px4_msgs/share/px4_msgs/msg/PositionSetpoint.idl\n'}
[1.435179] (px4_msgs) StdoutLine: {'line': b'-- Up-to-date: /home/mustardking/ws_sensor_combined/install/px4_msgs/share/px4_msgs/msg/PositionSetpointTriplet.idl\n'}
[1.435202] (px4_msgs) StdoutLine: {'line': b'-- Up-to-date: /home/mustardking/ws_sensor_combined/install/px4_msgs/share/px4_msgs/msg/PowerButtonState.idl\n'}
[1.435248] (px4_msgs) StdoutLine: {'line': b'-- Up-to-date: /home/mustardking/ws_sensor_combined/install/px4_msgs/share/px4_msgs/msg/PowerMonitor.idl\n'}
[1.435275] (px4_msgs) StdoutLine: {'line': b'-- Up-to-date: /home/mustardking/ws_sensor_combined/install/px4_msgs/share/px4_msgs/msg/PpsCapture.idl\n'}
[1.435302] (px4_msgs) StdoutLine: {'line': b'-- Up-to-date: /home/mustardking/ws_sensor_combined/install/px4_msgs/share/px4_msgs/msg/PurePursuitStatus.idl\n'}
[1.435330] (px4_msgs) StdoutLine: {'line': b'-- Up-to-date: /home/mustardking/ws_sensor_combined/install/px4_msgs/share/px4_msgs/msg/PwmInput.idl\n'}
[1.435354] (px4_msgs) StdoutLine: {'line': b'-- Up-to-date: /home/mustardking/ws_sensor_combined/install/px4_msgs/share/px4_msgs/msg/Px4ioStatus.idl\n'}
[1.435377] (px4_msgs) StdoutLine: {'line': b'-- Up-to-date: /home/mustardking/ws_sensor_combined/install/px4_msgs/share/px4_msgs/msg/QshellReq.idl\n'}
[1.435399] (px4_msgs) StdoutLine: {'line': b'-- Up-to-date: /home/mustardking/ws_sensor_combined/install/px4_msgs/share/px4_msgs/msg/QshellRetval.idl\n'}
[1.435440] (px4_msgs) StdoutLine: {'line': b'-- Up-to-date: /home/mustardking/ws_sensor_combined/install/px4_msgs/share/px4_msgs/msg/RadioStatus.idl\n'}
[1.435464] (px4_msgs) StdoutLine: {'line': b'-- Up-to-date: /home/mustardking/ws_sensor_combined/install/px4_msgs/share/px4_msgs/msg/RateCtrlStatus.idl\n'}
[1.435487] (px4_msgs) StdoutLine: {'line': b'-- Up-to-date: /home/mustardking/ws_sensor_combined/install/px4_msgs/share/px4_msgs/msg/RcChannels.idl\n'}
[1.435510] (px4_msgs) StdoutLine: {'line': b'-- Up-to-date: /home/mustardking/ws_sensor_combined/install/px4_msgs/share/px4_msgs/msg/RcParameterMap.idl\n'}
[1.435533] (px4_msgs) StdoutLine: {'line': b'-- Up-to-date: /home/mustardking/ws_sensor_combined/install/px4_msgs/share/px4_msgs/msg/RegisterExtComponentReply.idl\n'}
[1.435572] (px4_msgs) StdoutLine: {'line': b'-- Up-to-date: /home/mustardking/ws_sensor_combined/install/px4_msgs/share/px4_msgs/msg/RegisterExtComponentRequest.idl\n'}
[1.435595] (px4_msgs) StdoutLine: {'line': b'-- Up-to-date: /home/mustardking/ws_sensor_combined/install/px4_msgs/share/px4_msgs/msg/RoverAttitudeSetpoint.idl\n'}
[1.435618] (px4_msgs) StdoutLine: {'line': b'-- Up-to-date: /home/mustardking/ws_sensor_combined/install/px4_msgs/share/px4_msgs/msg/RoverAttitudeStatus.idl\n'}
[1.435641] (px4_msgs) StdoutLine: {'line': b'-- Up-to-date: /home/mustardking/ws_sensor_combined/install/px4_msgs/share/px4_msgs/msg/RoverPositionSetpoint.idl\n'}
[1.435664] (px4_msgs) StdoutLine: {'line': b'-- Up-to-date: /home/mustardking/ws_sensor_combined/install/px4_msgs/share/px4_msgs/msg/RoverRateSetpoint.idl\n'}
[1.435687] (px4_msgs) StdoutLine: {'line': b'-- Up-to-date: /home/mustardking/ws_sensor_combined/install/px4_msgs/share/px4_msgs/msg/RoverRateStatus.idl\n'}
[1.435725] (px4_msgs) StdoutLine: {'line': b'-- Up-to-date: /home/mustardking/ws_sensor_combined/install/px4_msgs/share/px4_msgs/msg/RoverSpeedSetpoint.idl\n'}
[1.435748] (px4_msgs) StdoutLine: {'line': b'-- Up-to-date: /home/mustardking/ws_sensor_combined/install/px4_msgs/share/px4_msgs/msg/RoverSpeedStatus.idl\n'}
[1.435771] (px4_msgs) StdoutLine: {'line': b'-- Up-to-date: /home/mustardking/ws_sensor_combined/install/px4_msgs/share/px4_msgs/msg/RoverSteeringSetpoint.idl\n'}
[1.435794] (px4_msgs) StdoutLine: {'line': b'-- Up-to-date: /home/mustardking/ws_sensor_combined/install/px4_msgs/share/px4_msgs/msg/RoverThrottleSetpoint.idl\n'}
[1.435852] (px4_msgs) StdoutLine: {'line': b'-- Up-to-date: /home/mustardking/ws_sensor_combined/install/px4_msgs/share/px4_msgs/msg/Rpm.idl\n'}
[1.435875] (px4_msgs) StdoutLine: {'line': b'-- Up-to-date: /home/mustardking/ws_sensor_combined/install/px4_msgs/share/px4_msgs/msg/RtlStatus.idl\n'}
[1.435898] (px4_msgs) StdoutLine: {'line': b'-- Up-to-date: /home/mustardking/ws_sensor_combined/install/px4_msgs/share/px4_msgs/msg/RtlTimeEstimate.idl\n'}
[1.435921] (px4_msgs) StdoutLine: {'line': b'-- Up-to-date: /home/mustardking/ws_sensor_combined/install/px4_msgs/share/px4_msgs/msg/SatelliteInfo.idl\n'}
[1.435943] (px4_msgs) StdoutLine: {'line': b'-- Up-to-date: /home/mustardking/ws_sensor_combined/install/px4_msgs/share/px4_msgs/msg/SensorAccel.idl\n'}
[1.435980] (px4_msgs) StdoutLine: {'line': b'-- Up-to-date: /home/mustardking/ws_sensor_combined/install/px4_msgs/share/px4_msgs/msg/SensorAccelFifo.idl\n'}
[1.436004] (px4_msgs) StdoutLine: {'line': b'-- Up-to-date: /home/mustardking/ws_sensor_combined/install/px4_msgs/share/px4_msgs/msg/SensorAirflow.idl\n'}
[1.436034] (px4_msgs) StdoutLine: {'line': b'-- Up-to-date: /home/mustardking/ws_sensor_combined/install/px4_msgs/share/px4_msgs/msg/SensorBaro.idl\n'}
[1.436057] (px4_msgs) StdoutLine: {'line': b'-- Up-to-date: /home/mustardking/ws_sensor_combined/install/px4_msgs/share/px4_msgs/msg/SensorCombined.idl\n'}
[1.437301] (px4_msgs) StdoutLine: {'line': b'-- Up-to-date: /home/mustardking/ws_sensor_combined/install/px4_msgs/share/px4_msgs/msg/SensorCorrection.idl\n'}
[1.437333] (px4_msgs) StdoutLine: {'line': b'-- Up-to-date: /home/mustardking/ws_sensor_combined/install/px4_msgs/share/px4_msgs/msg/SensorGnssRelative.idl\n'}
[1.437358] (px4_msgs) StdoutLine: {'line': b'-- Up-to-date: /home/mustardking/ws_sensor_combined/install/px4_msgs/share/px4_msgs/msg/SensorGnssStatus.idl\n'}
[1.437398] (px4_msgs) StdoutLine: {'line': b'-- Up-to-date: /home/mustardking/ws_sensor_combined/install/px4_msgs/share/px4_msgs/msg/SensorGps.idl\n'}
[1.437423] (px4_msgs) StdoutLine: {'line': b'-- Up-to-date: /home/mustardking/ws_sensor_combined/install/px4_msgs/share/px4_msgs/msg/SensorGyro.idl\n'}
[1.437446] (px4_msgs) StdoutLine: {'line': b'-- Up-to-date: /home/mustardking/ws_sensor_combined/install/px4_msgs/share/px4_msgs/msg/SensorGyroFft.idl\n'}
[1.437469] (px4_msgs) StdoutLine: {'line': b'-- Up-to-date: /home/mustardking/ws_sensor_combined/install/px4_msgs/share/px4_msgs/msg/SensorGyroFifo.idl\n'}
[1.437495] (px4_msgs) StdoutLine: {'line': b'-- Up-to-date: /home/mustardking/ws_sensor_combined/install/px4_msgs/share/px4_msgs/msg/SensorHygrometer.idl\n'}
[1.437519] (px4_msgs) StdoutLine: {'line': b'-- Up-to-date: /home/mustardking/ws_sensor_combined/install/px4_msgs/share/px4_msgs/msg/SensorMag.idl\n'}
[1.437559] (px4_msgs) StdoutLine: {'line': b'-- Up-to-date: /home/mustardking/ws_sensor_combined/install/px4_msgs/share/px4_msgs/msg/SensorOpticalFlow.idl\n'}
[1.437587] (px4_msgs) StdoutLine: {'line': b'-- Up-to-date: /home/mustardking/ws_sensor_combined/install/px4_msgs/share/px4_msgs/msg/SensorPreflightMag.idl\n'}
[1.437610] (px4_msgs) StdoutLine: {'line': b'-- Up-to-date: /home/mustardking/ws_sensor_combined/install/px4_msgs/share/px4_msgs/msg/SensorSelection.idl\n'}
[1.437633] (px4_msgs) StdoutLine: {'line': b'-- Up-to-date: /home/mustardking/ws_sensor_combined/install/px4_msgs/share/px4_msgs/msg/SensorUwb.idl\n'}
[1.437656] (px4_msgs) StdoutLine: {'line': b'-- Up-to-date: /home/mustardking/ws_sensor_combined/install/px4_msgs/share/px4_msgs/msg/SensorsStatus.idl\n'}
[1.437698] (px4_msgs) StdoutLine: {'line': b'-- Up-to-date: /home/mustardking/ws_sensor_combined/install/px4_msgs/share/px4_msgs/msg/SensorsStatusImu.idl\n'}
[1.437721] (px4_msgs) StdoutLine: {'line': b'-- Up-to-date: /home/mustardking/ws_sensor_combined/install/px4_msgs/share/px4_msgs/msg/SystemPower.idl\n'}
[1.437744] (px4_msgs) StdoutLine: {'line': b'-- Up-to-date: /home/mustardking/ws_sensor_combined/install/px4_msgs/share/px4_msgs/msg/TakeoffStatus.idl\n'}
[1.437767] (px4_msgs) StdoutLine: {'line': b'-- Up-to-date: /home/mustardking/ws_sensor_combined/install/px4_msgs/share/px4_msgs/msg/TaskStackInfo.idl\n'}
[1.437790] (px4_msgs) StdoutLine: {'line': b'-- Up-to-date: /home/mustardking/ws_sensor_combined/install/px4_msgs/share/px4_msgs/msg/TecsStatus.idl\n'}
[1.437813] (px4_msgs) StdoutLine: {'line': b'-- Up-to-date: /home/mustardking/ws_sensor_combined/install/px4_msgs/share/px4_msgs/msg/TelemetryStatus.idl\n'}
[1.437851] (px4_msgs) StdoutLine: {'line': b'-- Up-to-date: /home/mustardking/ws_sensor_combined/install/px4_msgs/share/px4_msgs/msg/TiltrotorExtraControls.idl\n'}
[1.437875] (px4_msgs) StdoutLine: {'line': b'-- Up-to-date: /home/mustardking/ws_sensor_combined/install/px4_msgs/share/px4_msgs/msg/TimesyncStatus.idl\n'}
[1.437898] (px4_msgs) StdoutLine: {'line': b'-- Up-to-date: /home/mustardking/ws_sensor_combined/install/px4_msgs/share/px4_msgs/msg/TrajectorySetpoint.idl\n'}
[1.437921] (px4_msgs) StdoutLine: {'line': b'-- Up-to-date: /home/mustardking/ws_sensor_combined/install/px4_msgs/share/px4_msgs/msg/TrajectorySetpoint6dof.idl\n'}
[1.437946] (px4_msgs) StdoutLine: {'line': b'-- Up-to-date: /home/mustardking/ws_sensor_combined/install/px4_msgs/share/px4_msgs/msg/TransponderReport.idl\n'}
[1.437982] (px4_msgs) StdoutLine: {'line': b'-- Up-to-date: /home/mustardking/ws_sensor_combined/install/px4_msgs/share/px4_msgs/msg/TuneControl.idl\n'}
[1.438006] (px4_msgs) StdoutLine: {'line': b'-- Up-to-date: /home/mustardking/ws_sensor_combined/install/px4_msgs/share/px4_msgs/msg/UavcanParameterRequest.idl\n'}
[1.438029] (px4_msgs) StdoutLine: {'line': b'-- Up-to-date: /home/mustardking/ws_sensor_combined/install/px4_msgs/share/px4_msgs/msg/UavcanParameterValue.idl\n'}
[1.438051] (px4_msgs) StdoutLine: {'line': b'-- Up-to-date: /home/mustardking/ws_sensor_combined/install/px4_msgs/share/px4_msgs/msg/UlogStream.idl\n'}
[1.438074] (px4_msgs) StdoutLine: {'line': b'-- Up-to-date: /home/mustardking/ws_sensor_combined/install/px4_msgs/share/px4_msgs/msg/UlogStreamAck.idl\n'}
[1.438097] (px4_msgs) StdoutLine: {'line': b'-- Up-to-date: /home/mustardking/ws_sensor_combined/install/px4_msgs/share/px4_msgs/msg/UnregisterExtComponent.idl\n'}
[1.438130] (px4_msgs) StdoutLine: {'line': b'-- Up-to-date: /home/mustardking/ws_sensor_combined/install/px4_msgs/share/px4_msgs/msg/VehicleAcceleration.idl\n'}
[1.438161] (px4_msgs) StdoutLine: {'line': b'-- Up-to-date: /home/mustardking/ws_sensor_combined/install/px4_msgs/share/px4_msgs/msg/VehicleAirData.idl\n'}
[1.438184] (px4_msgs) StdoutLine: {'line': b'-- Up-to-date: /home/mustardking/ws_sensor_combined/install/px4_msgs/share/px4_msgs/msg/VehicleAngularAccelerationSetpoint.idl\n'}
[1.438207] (px4_msgs) StdoutLine: {'line': b'-- Up-to-date: /home/mustardking/ws_sensor_combined/install/px4_msgs/share/px4_msgs/msg/VehicleAngularVelocity.idl\n'}
[1.438308] (px4_msgs) StdoutLine: {'line': b'-- Up-to-date: /home/mustardking/ws_sensor_combined/install/px4_msgs/share/px4_msgs/msg/VehicleAttitude.idl\n'}
[1.438350] (px4_msgs) StdoutLine: {'line': b'-- Up-to-date: /home/mustardking/ws_sensor_combined/install/px4_msgs/share/px4_msgs/msg/VehicleAttitudeSetpoint.idl\n'}
[1.438374] (px4_msgs) StdoutLine: {'line': b'-- Up-to-date: /home/mustardking/ws_sensor_combined/install/px4_msgs/share/px4_msgs/msg/VehicleCommand.idl\n'}
[1.438398] (px4_msgs) StdoutLine: {'line': b'-- Up-to-date: /home/mustardking/ws_sensor_combined/install/px4_msgs/share/px4_msgs/msg/VehicleCommandAck.idl\n'}
[1.438421] (px4_msgs) StdoutLine: {'line': b'-- Up-to-date: /home/mustardking/ws_sensor_combined/install/px4_msgs/share/px4_msgs/msg/VehicleConstraints.idl\n'}
[1.438443] (px4_msgs) StdoutLine: {'line': b'-- Up-to-date: /home/mustardking/ws_sensor_combined/install/px4_msgs/share/px4_msgs/msg/VehicleControlMode.idl\n'}
[1.438470] (px4_msgs) StdoutLine: {'line': b'-- Up-to-date: /home/mustardking/ws_sensor_combined/install/px4_msgs/share/px4_msgs/msg/VehicleGlobalPosition.idl\n'}
[1.438493] (px4_msgs) StdoutLine: {'line': b'-- Up-to-date: /home/mustardking/ws_sensor_combined/install/px4_msgs/share/px4_msgs/msg/VehicleImu.idl\n'}
[1.438529] (px4_msgs) StdoutLine: {'line': b'-- Up-to-date: /home/mustardking/ws_sensor_combined/install/px4_msgs/share/px4_msgs/msg/VehicleImuStatus.idl\n'}
[1.438553] (px4_msgs) StdoutLine: {'line': b'-- Up-to-date: /home/mustardking/ws_sensor_combined/install/px4_msgs/share/px4_msgs/msg/VehicleLandDetected.idl\n'}
[1.438576] (px4_msgs) StdoutLine: {'line': b'-- Up-to-date: /home/mustardking/ws_sensor_combined/install/px4_msgs/share/px4_msgs/msg/VehicleLocalPosition.idl\n'}
[1.438606] (px4_msgs) StdoutLine: {'line': b'-- Up-to-date: /home/mustardking/ws_sensor_combined/install/px4_msgs/share/px4_msgs/msg/VehicleLocalPositionSetpoint.idl\n'}
[1.438633] (px4_msgs) StdoutLine: {'line': b'-- Up-to-date: /home/mustardking/ws_sensor_combined/install/px4_msgs/share/px4_msgs/msg/VehicleMagnetometer.idl\n'}
[1.438670] (px4_msgs) StdoutLine: {'line': b'-- Up-to-date: /home/mustardking/ws_sensor_combined/install/px4_msgs/share/px4_msgs/msg/VehicleOdometry.idl\n'}
[1.438695] (px4_msgs) StdoutLine: {'line': b'-- Up-to-date: /home/mustardking/ws_sensor_combined/install/px4_msgs/share/px4_msgs/msg/VehicleOpticalFlow.idl\n'}
[1.438717] (px4_msgs) StdoutLine: {'line': b'-- Up-to-date: /home/mustardking/ws_sensor_combined/install/px4_msgs/share/px4_msgs/msg/VehicleOpticalFlowVel.idl\n'}
[1.438740] (px4_msgs) StdoutLine: {'line': b'-- Up-to-date: /home/mustardking/ws_sensor_combined/install/px4_msgs/share/px4_msgs/msg/VehicleRatesSetpoint.idl\n'}
[1.438762] (px4_msgs) StdoutLine: {'line': b'-- Up-to-date: /home/mustardking/ws_sensor_combined/install/px4_msgs/share/px4_msgs/msg/VehicleRoi.idl\n'}
[1.438785] (px4_msgs) StdoutLine: {'line': b'-- Up-to-date: /home/mustardking/ws_sensor_combined/install/px4_msgs/share/px4_msgs/msg/VehicleStatus.idl\n'}
[1.438808] (px4_msgs) StdoutLine: {'line': b'-- Up-to-date: /home/mustardking/ws_sensor_combined/install/px4_msgs/share/px4_msgs/msg/VehicleThrustSetpoint.idl\n'}
[1.438844] (px4_msgs) StdoutLine: {'line': b'-- Up-to-date: /home/mustardking/ws_sensor_combined/install/px4_msgs/share/px4_msgs/msg/VehicleTorqueSetpoint.idl\n'}
[1.438867] (px4_msgs) StdoutLine: {'line': b'-- Up-to-date: /home/mustardking/ws_sensor_combined/install/px4_msgs/share/px4_msgs/msg/VelocityLimits.idl\n'}
[1.438889] (px4_msgs) StdoutLine: {'line': b'-- Up-to-date: /home/mustardking/ws_sensor_combined/install/px4_msgs/share/px4_msgs/msg/VtolVehicleStatus.idl\n'}
[1.438912] (px4_msgs) StdoutLine: {'line': b'-- Up-to-date: /home/mustardking/ws_sensor_combined/install/px4_msgs/share/px4_msgs/msg/WheelEncoders.idl\n'}
[1.438934] (px4_msgs) StdoutLine: {'line': b'-- Up-to-date: /home/mustardking/ws_sensor_combined/install/px4_msgs/share/px4_msgs/msg/Wind.idl\n'}
[1.438975] (px4_msgs) StdoutLine: {'line': b'-- Up-to-date: /home/mustardking/ws_sensor_combined/install/px4_msgs/share/px4_msgs/msg/YawEstimatorStatus.idl\n'}
[1.438998] (px4_msgs) StdoutLine: {'line': b'-- Up-to-date: /home/mustardking/ws_sensor_combined/install/px4_msgs/share/px4_msgs/srv/VehicleCommand.idl\n'}
[1.439022] (px4_msgs) StdoutLine: {'line': b'-- Up-to-date: /home/mustardking/ws_sensor_combined/install/px4_msgs/share/px4_msgs/msg/ActionRequest.msg\n'}
[1.439044] (px4_msgs) StdoutLine: {'line': b'-- Up-to-date: /home/mustardking/ws_sensor_combined/install/px4_msgs/share/px4_msgs/msg/ActuatorArmed.msg\n'}
[1.439067] (px4_msgs) StdoutLine: {'line': b'-- Up-to-date: /home/mustardking/ws_sensor_combined/install/px4_msgs/share/px4_msgs/msg/ActuatorControlsStatus.msg\n'}
[1.439090] (px4_msgs) StdoutLine: {'line': b'-- Up-to-date: /home/mustardking/ws_sensor_combined/install/px4_msgs/share/px4_msgs/msg/ActuatorMotors.msg\n'}
[1.439126] (px4_msgs) StdoutLine: {'line': b'-- Up-to-date: /home/mustardking/ws_sensor_combined/install/px4_msgs/share/px4_msgs/msg/ActuatorOutputs.msg\n'}
[1.439149] (px4_msgs) StdoutLine: {'line': b'-- Up-to-date: /home/mustardking/ws_sensor_combined/install/px4_msgs/share/px4_msgs/msg/ActuatorServos.msg\n'}
[1.439172] (px4_msgs) StdoutLine: {'line': b'-- Up-to-date: /home/mustardking/ws_sensor_combined/install/px4_msgs/share/px4_msgs/msg/ActuatorServosTrim.msg\n'}
[1.439195] (px4_msgs) StdoutLine: {'line': b'-- Up-to-date: /home/mustardking/ws_sensor_combined/install/px4_msgs/share/px4_msgs/msg/ActuatorTest.msg\n'}
[1.439218] (px4_msgs) StdoutLine: {'line': b'-- Up-to-date: /home/mustardking/ws_sensor_combined/install/px4_msgs/share/px4_msgs/msg/AdcReport.msg\n'}
[1.439254] (px4_msgs) StdoutLine: {'line': b'-- Up-to-date: /home/mustardking/ws_sensor_combined/install/px4_msgs/share/px4_msgs/msg/Airspeed.msg\n'}
[1.439278] (px4_msgs) StdoutLine: {'line': b'-- Up-to-date: /home/mustardking/ws_sensor_combined/install/px4_msgs/share/px4_msgs/msg/AirspeedValidated.msg\n'}
[1.439300] (px4_msgs) StdoutLine: {'line': b'-- Up-to-date: /home/mustardking/ws_sensor_combined/install/px4_msgs/share/px4_msgs/msg/AirspeedWind.msg\n'}
[1.439323] (px4_msgs) StdoutLine: {'line': b'-- Up-to-date: /home/mustardking/ws_sensor_combined/install/px4_msgs/share/px4_msgs/msg/ArmingCheckReply.msg\n'}
[1.439347] (px4_msgs) StdoutLine: {'line': b'-- Up-to-date: /home/mustardking/ws_sensor_combined/install/px4_msgs/share/px4_msgs/msg/ArmingCheckRequest.msg\n'}
[1.439372] (px4_msgs) StdoutLine: {'line': b'-- Up-to-date: /home/mustardking/ws_sensor_combined/install/px4_msgs/share/px4_msgs/msg/AutotuneAttitudeControlStatus.msg\n'}
[1.439395] (px4_msgs) StdoutLine: {'line': b'-- Up-to-date: /home/mustardking/ws_sensor_combined/install/px4_msgs/share/px4_msgs/msg/BatteryInfo.msg\n'}
[1.439442] (px4_msgs) StdoutLine: {'line': b'-- Up-to-date: /home/mustardking/ws_sensor_combined/install/px4_msgs/share/px4_msgs/msg/BatteryStatus.msg\n'}
[1.439465] (px4_msgs) StdoutLine: {'line': b'-- Up-to-date: /home/mustardking/ws_sensor_combined/install/px4_msgs/share/px4_msgs/msg/ButtonEvent.msg\n'}
[1.439488] (px4_msgs) StdoutLine: {'line': b'-- Up-to-date: /home/mustardking/ws_sensor_combined/install/px4_msgs/share/px4_msgs/msg/CameraCapture.msg\n'}
[1.439510] (px4_msgs) StdoutLine: {'line': b'-- Up-to-date: /home/mustardking/ws_sensor_combined/install/px4_msgs/share/px4_msgs/msg/CameraStatus.msg\n'}
[1.439547] (px4_msgs) StdoutLine: {'line': b'-- Up-to-date: /home/mustardking/ws_sensor_combined/install/px4_msgs/share/px4_msgs/msg/CameraTrigger.msg\n'}
[1.439570] (px4_msgs) StdoutLine: {'line': b'-- Up-to-date: /home/mustardking/ws_sensor_combined/install/px4_msgs/share/px4_msgs/msg/CanInterfaceStatus.msg\n'}
[1.439593] (px4_msgs) StdoutLine: {'line': b'-- Up-to-date: /home/mustardking/ws_sensor_combined/install/px4_msgs/share/px4_msgs/msg/CellularStatus.msg\n'}
[1.439619] (px4_msgs) StdoutLine: {'line': b'-- Up-to-date: /home/mustardking/ws_sensor_combined/install/px4_msgs/share/px4_msgs/msg/CollisionConstraints.msg\n'}
[1.439642] (px4_msgs) StdoutLine: {'line': b'-- Up-to-date: /home/mustardking/ws_sensor_combined/install/px4_msgs/share/px4_msgs/msg/ConfigOverrides.msg\n'}
[1.439682] (px4_msgs) StdoutLine: {'line': b'-- Up-to-date: /home/mustardking/ws_sensor_combined/install/px4_msgs/share/px4_msgs/msg/ControlAllocatorStatus.msg\n'}
[1.439705] (px4_msgs) StdoutLine: {'line': b'-- Up-to-date: /home/mustardking/ws_sensor_combined/install/px4_msgs/share/px4_msgs/msg/Cpuload.msg\n'}
[1.439727] (px4_msgs) StdoutLine: {'line': b'-- Up-to-date: /home/mustardking/ws_sensor_combined/install/px4_msgs/share/px4_msgs/msg/DatamanRequest.msg\n'}
[1.439750] (px4_msgs) StdoutLine: {'line': b'-- Up-to-date: /home/mustardking/ws_sensor_combined/install/px4_msgs/share/px4_msgs/msg/DatamanResponse.msg\n'}
[1.439788] (px4_msgs) StdoutLine: {'line': b'-- Up-to-date: /home/mustardking/ws_sensor_combined/install/px4_msgs/share/px4_msgs/msg/DebugArray.msg\n'}
[1.439810] (px4_msgs) StdoutLine: {'line': b'-- Up-to-date: /home/mustardking/ws_sensor_combined/install/px4_msgs/share/px4_msgs/msg/DebugKeyValue.msg\n'}
[1.439833] (px4_msgs) StdoutLine: {'line': b'-- Up-to-date: /home/mustardking/ws_sensor_combined/install/px4_msgs/share/px4_msgs/msg/DebugValue.msg\n'}
[1.439856] (px4_msgs) StdoutLine: {'line': b'-- Up-to-date: /home/mustardking/ws_sensor_combined/install/px4_msgs/share/px4_msgs/msg/DebugVect.msg\n'}
[1.439892] (px4_msgs) StdoutLine: {'line': b'-- Up-to-date: /home/mustardking/ws_sensor_combined/install/px4_msgs/share/px4_msgs/msg/DifferentialPressure.msg\n'}
[1.439915] (px4_msgs) StdoutLine: {'line': b'-- Up-to-date: /home/mustardking/ws_sensor_combined/install/px4_msgs/share/px4_msgs/msg/DistanceSensor.msg\n'}
[1.439938] (px4_msgs) StdoutLine: {'line': b'-- Up-to-date: /home/mustardking/ws_sensor_combined/install/px4_msgs/share/px4_msgs/msg/DistanceSensorModeChangeRequest.msg\n'}
[1.439961] (px4_msgs) StdoutLine: {'line': b'-- Up-to-date: /home/mustardking/ws_sensor_combined/install/px4_msgs/share/px4_msgs/msg/DronecanNodeStatus.msg\n'}
[1.439984] (px4_msgs) StdoutLine: {'line': b'-- Up-to-date: /home/mustardking/ws_sensor_combined/install/px4_msgs/share/px4_msgs/msg/Ekf2Timestamps.msg\n'}
[1.440018] (px4_msgs) StdoutLine: {'line': b'-- Up-to-date: /home/mustardking/ws_sensor_combined/install/px4_msgs/share/px4_msgs/msg/EscReport.msg\n'}
[1.440044] (px4_msgs) StdoutLine: {'line': b'-- Up-to-date: /home/mustardking/ws_sensor_combined/install/px4_msgs/share/px4_msgs/msg/EscStatus.msg\n'}
[1.440067] (px4_msgs) StdoutLine: {'line': b'-- Up-to-date: /home/mustardking/ws_sensor_combined/install/px4_msgs/share/px4_msgs/msg/EstimatorAidSource1d.msg\n'}
[1.440090] (px4_msgs) StdoutLine: {'line': b'-- Up-to-date: /home/mustardking/ws_sensor_combined/install/px4_msgs/share/px4_msgs/msg/EstimatorAidSource2d.msg\n'}
[1.440112] (px4_msgs) StdoutLine: {'line': b'-- Up-to-date: /home/mustardking/ws_sensor_combined/install/px4_msgs/share/px4_msgs/msg/EstimatorAidSource3d.msg\n'}
[1.440135] (px4_msgs) StdoutLine: {'line': b'-- Up-to-date: /home/mustardking/ws_sensor_combined/install/px4_msgs/share/px4_msgs/msg/EstimatorBias.msg\n'}
[1.440157] (px4_msgs) StdoutLine: {'line': b'-- Up-to-date: /home/mustardking/ws_sensor_combined/install/px4_msgs/share/px4_msgs/msg/EstimatorBias3d.msg\n'}
[1.440193] (px4_msgs) StdoutLine: {'line': b'-- Up-to-date: /home/mustardking/ws_sensor_combined/install/px4_msgs/share/px4_msgs/msg/EstimatorEventFlags.msg\n'}
[1.440217] (px4_msgs) StdoutLine: {'line': b'-- Up-to-date: /home/mustardking/ws_sensor_combined/install/px4_msgs/share/px4_msgs/msg/EstimatorGpsStatus.msg\n'}
[1.440240] (px4_msgs) StdoutLine: {'line': b'-- Up-to-date: /home/mustardking/ws_sensor_combined/install/px4_msgs/share/px4_msgs/msg/EstimatorInnovations.msg\n'}
[1.440264] (px4_msgs) StdoutLine: {'line': b'-- Up-to-date: /home/mustardking/ws_sensor_combined/install/px4_msgs/share/px4_msgs/msg/EstimatorSelectorStatus.msg\n'}
[1.440288] (px4_msgs) StdoutLine: {'line': b'-- Up-to-date: /home/mustardking/ws_sensor_combined/install/px4_msgs/share/px4_msgs/msg/EstimatorSensorBias.msg\n'}
[1.440329] (px4_msgs) StdoutLine: {'line': b'-- Up-to-date: /home/mustardking/ws_sensor_combined/install/px4_msgs/share/px4_msgs/msg/EstimatorStates.msg\n'}
[1.440353] (px4_msgs) StdoutLine: {'line': b'-- Up-to-date: /home/mustardking/ws_sensor_combined/install/px4_msgs/share/px4_msgs/msg/EstimatorStatus.msg\n'}
[1.441007] (px4_msgs) StdoutLine: {'line': b'-- Up-to-date: /home/mustardking/ws_sensor_combined/install/px4_msgs/share/px4_msgs/msg/EstimatorStatusFlags.msg\n'}
[1.441031] (px4_msgs) StdoutLine: {'line': b'-- Up-to-date: /home/mustardking/ws_sensor_combined/install/px4_msgs/share/px4_msgs/msg/Event.msg\n'}
[1.441055] (px4_msgs) StdoutLine: {'line': b'-- Up-to-date: /home/mustardking/ws_sensor_combined/install/px4_msgs/share/px4_msgs/msg/FailsafeFlags.msg\n'}
[1.441091] (px4_msgs) StdoutLine: {'line': b'-- Up-to-date: /home/mustardking/ws_sensor_combined/install/px4_msgs/share/px4_msgs/msg/FailureDetectorStatus.msg\n'}
[1.441115] (px4_msgs) StdoutLine: {'line': b'-- Up-to-date: /home/mustardking/ws_sensor_combined/install/px4_msgs/share/px4_msgs/msg/FigureEightStatus.msg\n'}
[1.441137] (px4_msgs) StdoutLine: {'line': b'-- Up-to-date: /home/mustardking/ws_sensor_combined/install/px4_msgs/share/px4_msgs/msg/FixedWingLateralGuidanceStatus.msg\n'}
[1.441160] (px4_msgs) StdoutLine: {'line': b'-- Up-to-date: /home/mustardking/ws_sensor_combined/install/px4_msgs/share/px4_msgs/msg/FixedWingLateralSetpoint.msg\n'}
[1.441183] (px4_msgs) StdoutLine: {'line': b'-- Up-to-date: /home/mustardking/ws_sensor_combined/install/px4_msgs/share/px4_msgs/msg/FixedWingLateralStatus.msg\n'}
[1.441222] (px4_msgs) StdoutLine: {'line': b'-- Up-to-date: /home/mustardking/ws_sensor_combined/install/px4_msgs/share/px4_msgs/msg/FixedWingLongitudinalSetpoint.msg\n'}
[1.441250] (px4_msgs) StdoutLine: {'line': b'-- Up-to-date: /home/mustardking/ws_sensor_combined/install/px4_msgs/share/px4_msgs/msg/FixedWingRunwayControl.msg\n'}
[1.441272] (px4_msgs) StdoutLine: {'line': b'-- Up-to-date: /home/mustardking/ws_sensor_combined/install/px4_msgs/share/px4_msgs/msg/FlightPhaseEstimation.msg\n'}
[1.441295] (px4_msgs) StdoutLine: {'line': b'-- Up-to-date: /home/mustardking/ws_sensor_combined/install/px4_msgs/share/px4_msgs/msg/FollowTarget.msg\n'}
[1.441318] (px4_msgs) StdoutLine: {'line': b'-- Up-to-date: /home/mustardking/ws_sensor_combined/install/px4_msgs/share/px4_msgs/msg/FollowTargetEstimator.msg\n'}
[1.441342] (px4_msgs) StdoutLine: {'line': b'-- Up-to-date: /home/mustardking/ws_sensor_combined/install/px4_msgs/share/px4_msgs/msg/FollowTargetStatus.msg\n'}
[1.441375] (px4_msgs) StdoutLine: {'line': b'-- Up-to-date: /home/mustardking/ws_sensor_combined/install/px4_msgs/share/px4_msgs/msg/FuelTankStatus.msg\n'}
[1.441405] (px4_msgs) StdoutLine: {'line': b'-- Up-to-date: /home/mustardking/ws_sensor_combined/install/px4_msgs/share/px4_msgs/msg/GeneratorStatus.msg\n'}
[1.441429] (px4_msgs) StdoutLine: {'line': b'-- Up-to-date: /home/mustardking/ws_sensor_combined/install/px4_msgs/share/px4_msgs/msg/GeofenceResult.msg\n'}
[1.441451] (px4_msgs) StdoutLine: {'line': b'-- Up-to-date: /home/mustardking/ws_sensor_combined/install/px4_msgs/share/px4_msgs/msg/GeofenceStatus.msg\n'}
[1.441474] (px4_msgs) StdoutLine: {'line': b'-- Up-to-date: /home/mustardking/ws_sensor_combined/install/px4_msgs/share/px4_msgs/msg/GimbalControls.msg\n'}
[1.441509] (px4_msgs) StdoutLine: {'line': b'-- Up-to-date: /home/mustardking/ws_sensor_combined/install/px4_msgs/share/px4_msgs/msg/GimbalDeviceAttitudeStatus.msg\n'}
[1.441533] (px4_msgs) StdoutLine: {'line': b'-- Up-to-date: /home/mustardking/ws_sensor_combined/install/px4_msgs/share/px4_msgs/msg/GimbalDeviceInformation.msg\n'}
[1.441556] (px4_msgs) StdoutLine: {'line': b'-- Up-to-date: /home/mustardking/ws_sensor_combined/install/px4_msgs/share/px4_msgs/msg/GimbalDeviceSetAttitude.msg\n'}
[1.441579] (px4_msgs) StdoutLine: {'line': b'-- Up-to-date: /home/mustardking/ws_sensor_combined/install/px4_msgs/share/px4_msgs/msg/GimbalManagerInformation.msg\n'}
[1.441601] (px4_msgs) StdoutLine: {'line': b'-- Up-to-date: /home/mustardking/ws_sensor_combined/install/px4_msgs/share/px4_msgs/msg/GimbalManagerSetAttitude.msg\n'}
[1.441624] (px4_msgs) StdoutLine: {'line': b'-- Up-to-date: /home/mustardking/ws_sensor_combined/install/px4_msgs/share/px4_msgs/msg/GimbalManagerSetManualControl.msg\n'}
[1.441646] (px4_msgs) StdoutLine: {'line': b'-- Up-to-date: /home/mustardking/ws_sensor_combined/install/px4_msgs/share/px4_msgs/msg/GimbalManagerStatus.msg\n'}
[1.441682] (px4_msgs) StdoutLine: {'line': b'-- Up-to-date: /home/mustardking/ws_sensor_combined/install/px4_msgs/share/px4_msgs/msg/GotoSetpoint.msg\n'}
[1.441705] (px4_msgs) StdoutLine: {'line': b'-- Up-to-date: /home/mustardking/ws_sensor_combined/install/px4_msgs/share/px4_msgs/msg/GpioConfig.msg\n'}
[1.441728] (px4_msgs) StdoutLine: {'line': b'-- Up-to-date: /home/mustardking/ws_sensor_combined/install/px4_msgs/share/px4_msgs/msg/GpioIn.msg\n'}
[1.441750] (px4_msgs) StdoutLine: {'line': b'-- Up-to-date: /home/mustardking/ws_sensor_combined/install/px4_msgs/share/px4_msgs/msg/GpioOut.msg\n'}
[1.441773] (px4_msgs) StdoutLine: {'line': b'-- Up-to-date: /home/mustardking/ws_sensor_combined/install/px4_msgs/share/px4_msgs/msg/GpioRequest.msg\n'}
[1.441810] (px4_msgs) StdoutLine: {'line': b'-- Up-to-date: /home/mustardking/ws_sensor_combined/install/px4_msgs/share/px4_msgs/msg/GpsDump.msg\n'}
[1.441834] (px4_msgs) StdoutLine: {'line': b'-- Up-to-date: /home/mustardking/ws_sensor_combined/install/px4_msgs/share/px4_msgs/msg/GpsInjectData.msg\n'}
[1.441856] (px4_msgs) StdoutLine: {'line': b'-- Up-to-date: /home/mustardking/ws_sensor_combined/install/px4_msgs/share/px4_msgs/msg/Gripper.msg\n'}
[1.441878] (px4_msgs) StdoutLine: {'line': b'-- Up-to-date: /home/mustardking/ws_sensor_combined/install/px4_msgs/share/px4_msgs/msg/HealthReport.msg\n'}
[1.441900] (px4_msgs) StdoutLine: {'line': b'-- Up-to-date: /home/mustardking/ws_sensor_combined/install/px4_msgs/share/px4_msgs/msg/HeaterStatus.msg\n'}
[1.441923] (px4_msgs) StdoutLine: {'line': b'-- Up-to-date: /home/mustardking/ws_sensor_combined/install/px4_msgs/share/px4_msgs/msg/HomePosition.msg\n'}
[1.441945] (px4_msgs) StdoutLine: {'line': b'-- Up-to-date: /home/mustardking/ws_sensor_combined/install/px4_msgs/share/px4_msgs/msg/HoverThrustEstimate.msg\n'}
[1.441981] (px4_msgs) StdoutLine: {'line': b'-- Up-to-date: /home/mustardking/ws_sensor_combined/install/px4_msgs/share/px4_msgs/msg/InputRc.msg\n'}
[1.442006] (px4_msgs) StdoutLine: {'line': b'-- Up-to-date: /home/mustardking/ws_sensor_combined/install/px4_msgs/share/px4_msgs/msg/InternalCombustionEngineControl.msg\n'}
[1.442029] (px4_msgs) StdoutLine: {'line': b'-- Up-to-date: /home/mustardking/ws_sensor_combined/install/px4_msgs/share/px4_msgs/msg/InternalCombustionEngineStatus.msg\n'}
[1.442052] (px4_msgs) StdoutLine: {'line': b'-- Up-to-date: /home/mustardking/ws_sensor_combined/install/px4_msgs/share/px4_msgs/msg/IridiumsbdStatus.msg\n'}
[1.442074] (px4_msgs) StdoutLine: {'line': b'-- Up-to-date: /home/mustardking/ws_sensor_combined/install/px4_msgs/share/px4_msgs/msg/IrlockReport.msg\n'}
[1.442113] (px4_msgs) StdoutLine: {'line': b'-- Up-to-date: /home/mustardking/ws_sensor_combined/install/px4_msgs/share/px4_msgs/msg/LandingGear.msg\n'}
[1.442135] (px4_msgs) StdoutLine: {'line': b'-- Up-to-date: /home/mustardking/ws_sensor_combined/install/px4_msgs/share/px4_msgs/msg/LandingGearWheel.msg\n'}
[1.443091] (px4_msgs) StdoutLine: {'line': b'-- Up-to-date: /home/mustardking/ws_sensor_combined/install/px4_msgs/share/px4_msgs/msg/LandingTargetInnovations.msg\n'}
[1.443121] (px4_msgs) StdoutLine: {'line': b'-- Up-to-date: /home/mustardking/ws_sensor_combined/install/px4_msgs/share/px4_msgs/msg/LandingTargetPose.msg\n'}
[1.443157] (px4_msgs) StdoutLine: {'line': b'-- Up-to-date: /home/mustardking/ws_sensor_combined/install/px4_msgs/share/px4_msgs/msg/LateralControlConfiguration.msg\n'}
[1.443180] (px4_msgs) StdoutLine: {'line': b'-- Up-to-date: /home/mustardking/ws_sensor_combined/install/px4_msgs/share/px4_msgs/msg/LaunchDetectionStatus.msg\n'}
[1.443203] (px4_msgs) StdoutLine: {'line': b'-- Up-to-date: /home/mustardking/ws_sensor_combined/install/px4_msgs/share/px4_msgs/msg/LedControl.msg\n'}
[1.443226] (px4_msgs) StdoutLine: {'line': b'-- Up-to-date: /home/mustardking/ws_sensor_combined/install/px4_msgs/share/px4_msgs/msg/LogMessage.msg\n'}
[1.443261] (px4_msgs) StdoutLine: {'line': b'-- Up-to-date: /home/mustardking/ws_sensor_combined/install/px4_msgs/share/px4_msgs/msg/LoggerStatus.msg\n'}
[1.443284] (px4_msgs) StdoutLine: {'line': b'-- Up-to-date: /home/mustardking/ws_sensor_combined/install/px4_msgs/share/px4_msgs/msg/LongitudinalControlConfiguration.msg\n'}
[1.443306] (px4_msgs) StdoutLine: {'line': b'-- Up-to-date: /home/mustardking/ws_sensor_combined/install/px4_msgs/share/px4_msgs/msg/MagWorkerData.msg\n'}
[1.443329] (px4_msgs) StdoutLine: {'line': b'-- Up-to-date: /home/mustardking/ws_sensor_combined/install/px4_msgs/share/px4_msgs/msg/MagnetometerBiasEstimate.msg\n'}
[1.443352] (px4_msgs) StdoutLine: {'line': b'-- Up-to-date: /home/mustardking/ws_sensor_combined/install/px4_msgs/share/px4_msgs/msg/ManualControlSetpoint.msg\n'}
[1.443387] (px4_msgs) StdoutLine: {'line': b'-- Up-to-date: /home/mustardking/ws_sensor_combined/install/px4_msgs/share/px4_msgs/msg/ManualControlSwitches.msg\n'}
[1.443409] (px4_msgs) StdoutLine: {'line': b'-- Up-to-date: /home/mustardking/ws_sensor_combined/install/px4_msgs/share/px4_msgs/msg/MavlinkLog.msg\n'}
[1.443432] (px4_msgs) StdoutLine: {'line': b'-- Up-to-date: /home/mustardking/ws_sensor_combined/install/px4_msgs/share/px4_msgs/msg/MavlinkTunnel.msg\n'}
[1.443454] (px4_msgs) StdoutLine: {'line': b'-- Up-to-date: /home/mustardking/ws_sensor_combined/install/px4_msgs/share/px4_msgs/msg/MessageFormatRequest.msg\n'}
[1.443477] (px4_msgs) StdoutLine: {'line': b'-- Up-to-date: /home/mustardking/ws_sensor_combined/install/px4_msgs/share/px4_msgs/msg/MessageFormatResponse.msg\n'}
[1.443517] (px4_msgs) StdoutLine: {'line': b'-- Up-to-date: /home/mustardking/ws_sensor_combined/install/px4_msgs/share/px4_msgs/msg/Mission.msg\n'}
[1.443540] (px4_msgs) StdoutLine: {'line': b'-- Up-to-date: /home/mustardking/ws_sensor_combined/install/px4_msgs/share/px4_msgs/msg/MissionResult.msg\n'}
[1.443563] (px4_msgs) StdoutLine: {'line': b'-- Up-to-date: /home/mustardking/ws_sensor_combined/install/px4_msgs/share/px4_msgs/msg/ModeCompleted.msg\n'}
[1.443587] (px4_msgs) StdoutLine: {'line': b'-- Up-to-date: /home/mustardking/ws_sensor_combined/install/px4_msgs/share/px4_msgs/msg/MountOrientation.msg\n'}
[1.443610] (px4_msgs) StdoutLine: {'line': b'-- Up-to-date: /home/mustardking/ws_sensor_combined/install/px4_msgs/share/px4_msgs/msg/NavigatorMissionItem.msg\n'}
[1.443635] (px4_msgs) StdoutLine: {'line': b'-- Up-to-date: /home/mustardking/ws_sensor_combined/install/px4_msgs/share/px4_msgs/msg/NavigatorStatus.msg\n'}
[1.443671] (px4_msgs) StdoutLine: {'line': b'-- Up-to-date: /home/mustardking/ws_sensor_combined/install/px4_msgs/share/px4_msgs/msg/NeuralControl.msg\n'}
[1.443694] (px4_msgs) StdoutLine: {'line': b'-- Up-to-date: /home/mustardking/ws_sensor_combined/install/px4_msgs/share/px4_msgs/msg/NormalizedUnsignedSetpoint.msg\n'}
[1.443716] (px4_msgs) StdoutLine: {'line': b'-- Up-to-date: /home/mustardking/ws_sensor_combined/install/px4_msgs/share/px4_msgs/msg/ObstacleDistance.msg\n'}
[1.443739] (px4_msgs) StdoutLine: {'line': b'-- Up-to-date: /home/mustardking/ws_sensor_combined/install/px4_msgs/share/px4_msgs/msg/OffboardControlMode.msg\n'}
[1.443761] (px4_msgs) StdoutLine: {'line': b'-- Up-to-date: /home/mustardking/ws_sensor_combined/install/px4_msgs/share/px4_msgs/msg/OnboardComputerStatus.msg\n'}
[1.443799] (px4_msgs) StdoutLine: {'line': b'-- Up-to-date: /home/mustardking/ws_sensor_combined/install/px4_msgs/share/px4_msgs/msg/OpenDroneIdArmStatus.msg\n'}
[1.443822] (px4_msgs) StdoutLine: {'line': b'-- Up-to-date: /home/mustardking/ws_sensor_combined/install/px4_msgs/share/px4_msgs/msg/OpenDroneIdOperatorId.msg\n'}
[1.443845] (px4_msgs) StdoutLine: {'line': b'-- Up-to-date: /home/mustardking/ws_sensor_combined/install/px4_msgs/share/px4_msgs/msg/OpenDroneIdSelfId.msg\n'}
[1.443867] (px4_msgs) StdoutLine: {'line': b'-- Up-to-date: /home/mustardking/ws_sensor_combined/install/px4_msgs/share/px4_msgs/msg/OpenDroneIdSystem.msg\n'}
[1.443890] (px4_msgs) StdoutLine: {'line': b'-- Up-to-date: /home/mustardking/ws_sensor_combined/install/px4_msgs/share/px4_msgs/msg/OrbTest.msg\n'}
[1.443912] (px4_msgs) StdoutLine: {'line': b'-- Up-to-date: /home/mustardking/ws_sensor_combined/install/px4_msgs/share/px4_msgs/msg/OrbTestLarge.msg\n'}
[1.443934] (px4_msgs) StdoutLine: {'line': b'-- Up-to-date: /home/mustardking/ws_sensor_combined/install/px4_msgs/share/px4_msgs/msg/OrbTestMedium.msg\n'}
[1.443973] (px4_msgs) StdoutLine: {'line': b'-- Up-to-date: /home/mustardking/ws_sensor_combined/install/px4_msgs/share/px4_msgs/msg/OrbitStatus.msg\n'}
[1.443996] (px4_msgs) StdoutLine: {'line': b'-- Up-to-date: /home/mustardking/ws_sensor_combined/install/px4_msgs/share/px4_msgs/msg/ParameterResetRequest.msg\n'}
[1.444019] (px4_msgs) StdoutLine: {'line': b'-- Up-to-date: /home/mustardking/ws_sensor_combined/install/px4_msgs/share/px4_msgs/msg/ParameterSetUsedRequest.msg\n'}
[1.444042] (px4_msgs) StdoutLine: {'line': b'-- Up-to-date: /home/mustardking/ws_sensor_combined/install/px4_msgs/share/px4_msgs/msg/ParameterSetValueRequest.msg\n'}
[1.444068] (px4_msgs) StdoutLine: {'line': b'-- Up-to-date: /home/mustardking/ws_sensor_combined/install/px4_msgs/share/px4_msgs/msg/ParameterSetValueResponse.msg\n'}
[1.444103] (px4_msgs) StdoutLine: {'line': b'-- Up-to-date: /home/mustardking/ws_sensor_combined/install/px4_msgs/share/px4_msgs/msg/ParameterUpdate.msg\n'}
[1.444127] (px4_msgs) StdoutLine: {'line': b'-- Up-to-date: /home/mustardking/ws_sensor_combined/install/px4_msgs/share/px4_msgs/msg/Ping.msg\n'}
[1.444150] (px4_msgs) StdoutLine: {'line': b'-- Up-to-date: /home/mustardking/ws_sensor_combined/install/px4_msgs/share/px4_msgs/msg/PositionControllerLandingStatus.msg\n'}
[1.444173] (px4_msgs) StdoutLine: {'line': b'-- Up-to-date: /home/mustardking/ws_sensor_combined/install/px4_msgs/share/px4_msgs/msg/PositionControllerStatus.msg\n'}
[1.444197] (px4_msgs) StdoutLine: {'line': b'-- Up-to-date: /home/mustardking/ws_sensor_combined/install/px4_msgs/share/px4_msgs/msg/PositionSetpoint.msg\n'}
[1.444696] (px4_msgs) StdoutLine: {'line': b'-- Up-to-date: /home/mustardking/ws_sensor_combined/install/px4_msgs/share/px4_msgs/msg/PositionSetpointTriplet.msg\n'}
[1.444732] (px4_msgs) StdoutLine: {'line': b'-- Up-to-date: /home/mustardking/ws_sensor_combined/install/px4_msgs/share/px4_msgs/msg/PowerButtonState.msg\n'}
[1.444756] (px4_msgs) StdoutLine: {'line': b'-- Up-to-date: /home/mustardking/ws_sensor_combined/install/px4_msgs/share/px4_msgs/msg/PowerMonitor.msg\n'}
[1.444779] (px4_msgs) StdoutLine: {'line': b'-- Up-to-date: /home/mustardking/ws_sensor_combined/install/px4_msgs/share/px4_msgs/msg/PpsCapture.msg\n'}
[1.444802] (px4_msgs) StdoutLine: {'line': b'-- Up-to-date: /home/mustardking/ws_sensor_combined/install/px4_msgs/share/px4_msgs/msg/PurePursuitStatus.msg\n'}
[1.444825] (px4_msgs) StdoutLine: {'line': b'-- Up-to-date: /home/mustardking/ws_sensor_combined/install/px4_msgs/share/px4_msgs/msg/PwmInput.msg\n'}
[1.444848] (px4_msgs) StdoutLine: {'line': b'-- Up-to-date: /home/mustardking/ws_sensor_combined/install/px4_msgs/share/px4_msgs/msg/Px4ioStatus.msg\n'}
[1.444886] (px4_msgs) StdoutLine: {'line': b'-- Up-to-date: /home/mustardking/ws_sensor_combined/install/px4_msgs/share/px4_msgs/msg/QshellReq.msg\n'}
[1.444908] (px4_msgs) StdoutLine: {'line': b'-- Up-to-date: /home/mustardking/ws_sensor_combined/install/px4_msgs/share/px4_msgs/msg/QshellRetval.msg\n'}
[1.444931] (px4_msgs) StdoutLine: {'line': b'-- Up-to-date: /home/mustardking/ws_sensor_combined/install/px4_msgs/share/px4_msgs/msg/RadioStatus.msg\n'}
[1.444953] (px4_msgs) StdoutLine: {'line': b'-- Up-to-date: /home/mustardking/ws_sensor_combined/install/px4_msgs/share/px4_msgs/msg/RateCtrlStatus.msg\n'}
[1.444978] (px4_msgs) StdoutLine: {'line': b'-- Up-to-date: /home/mustardking/ws_sensor_combined/install/px4_msgs/share/px4_msgs/msg/RcChannels.msg\n'}
[1.445013] (px4_msgs) StdoutLine: {'line': b'-- Up-to-date: /home/mustardking/ws_sensor_combined/install/px4_msgs/share/px4_msgs/msg/RcParameterMap.msg\n'}
[1.445035] (px4_msgs) StdoutLine: {'line': b'-- Up-to-date: /home/mustardking/ws_sensor_combined/install/px4_msgs/share/px4_msgs/msg/RegisterExtComponentReply.msg\n'}
[1.445058] (px4_msgs) StdoutLine: {'line': b'-- Up-to-date: /home/mustardking/ws_sensor_combined/install/px4_msgs/share/px4_msgs/msg/RegisterExtComponentRequest.msg\n'}
[1.445080] (px4_msgs) StdoutLine: {'line': b'-- Up-to-date: /home/mustardking/ws_sensor_combined/install/px4_msgs/share/px4_msgs/msg/RoverAttitudeSetpoint.msg\n'}
[1.445103] (px4_msgs) StdoutLine: {'line': b'-- Up-to-date: /home/mustardking/ws_sensor_combined/install/px4_msgs/share/px4_msgs/msg/RoverAttitudeStatus.msg\n'}
[1.445125] (px4_msgs) StdoutLine: {'line': b'-- Up-to-date: /home/mustardking/ws_sensor_combined/install/px4_msgs/share/px4_msgs/msg/RoverPositionSetpoint.msg\n'}
[1.445160] (px4_msgs) StdoutLine: {'line': b'-- Up-to-date: /home/mustardking/ws_sensor_combined/install/px4_msgs/share/px4_msgs/msg/RoverRateSetpoint.msg\n'}
[1.445184] (px4_msgs) StdoutLine: {'line': b'-- Up-to-date: /home/mustardking/ws_sensor_combined/install/px4_msgs/share/px4_msgs/msg/RoverRateStatus.msg\n'}
[1.445206] (px4_msgs) StdoutLine: {'line': b'-- Up-to-date: /home/mustardking/ws_sensor_combined/install/px4_msgs/share/px4_msgs/msg/RoverSpeedSetpoint.msg\n'}
[1.445229] (px4_msgs) StdoutLine: {'line': b'-- Up-to-date: /home/mustardking/ws_sensor_combined/install/px4_msgs/share/px4_msgs/msg/RoverSpeedStatus.msg\n'}
[1.445251] (px4_msgs) StdoutLine: {'line': b'-- Up-to-date: /home/mustardking/ws_sensor_combined/install/px4_msgs/share/px4_msgs/msg/RoverSteeringSetpoint.msg\n'}
[1.445274] (px4_msgs) StdoutLine: {'line': b'-- Up-to-date: /home/mustardking/ws_sensor_combined/install/px4_msgs/share/px4_msgs/msg/RoverThrottleSetpoint.msg\n'}
[1.445309] (px4_msgs) StdoutLine: {'line': b'-- Up-to-date: /home/mustardking/ws_sensor_combined/install/px4_msgs/share/px4_msgs/msg/Rpm.msg\n'}
[1.445332] (px4_msgs) StdoutLine: {'line': b'-- Up-to-date: /home/mustardking/ws_sensor_combined/install/px4_msgs/share/px4_msgs/msg/RtlStatus.msg\n'}
[1.445355] (px4_msgs) StdoutLine: {'line': b'-- Up-to-date: /home/mustardking/ws_sensor_combined/install/px4_msgs/share/px4_msgs/msg/RtlTimeEstimate.msg\n'}
[1.445379] (px4_msgs) StdoutLine: {'line': b'-- Up-to-date: /home/mustardking/ws_sensor_combined/install/px4_msgs/share/px4_msgs/msg/SatelliteInfo.msg\n'}
[1.445401] (px4_msgs) StdoutLine: {'line': b'-- Up-to-date: /home/mustardking/ws_sensor_combined/install/px4_msgs/share/px4_msgs/msg/SensorAccel.msg\n'}
[1.445424] (px4_msgs) StdoutLine: {'line': b'-- Up-to-date: /home/mustardking/ws_sensor_combined/install/px4_msgs/share/px4_msgs/msg/SensorAccelFifo.msg\n'}
[1.445458] (px4_msgs) StdoutLine: {'line': b'-- Up-to-date: /home/mustardking/ws_sensor_combined/install/px4_msgs/share/px4_msgs/msg/SensorAirflow.msg\n'}
[1.445481] (px4_msgs) StdoutLine: {'line': b'-- Up-to-date: /home/mustardking/ws_sensor_combined/install/px4_msgs/share/px4_msgs/msg/SensorBaro.msg\n'}
[1.445508] (px4_msgs) StdoutLine: {'line': b'-- Up-to-date: /home/mustardking/ws_sensor_combined/install/px4_msgs/share/px4_msgs/msg/SensorCombined.msg\n'}
[1.445530] (px4_msgs) StdoutLine: {'line': b'-- Up-to-date: /home/mustardking/ws_sensor_combined/install/px4_msgs/share/px4_msgs/msg/SensorCorrection.msg\n'}
[1.445553] (px4_msgs) StdoutLine: {'line': b'-- Up-to-date: /home/mustardking/ws_sensor_combined/install/px4_msgs/share/px4_msgs/msg/SensorGnssRelative.msg\n'}
[1.445591] (px4_msgs) StdoutLine: {'line': b'-- Up-to-date: /home/mustardking/ws_sensor_combined/install/px4_msgs/share/px4_msgs/msg/SensorGnssStatus.msg\n'}
[1.445614] (px4_msgs) StdoutLine: {'line': b'-- Up-to-date: /home/mustardking/ws_sensor_combined/install/px4_msgs/share/px4_msgs/msg/SensorGps.msg\n'}
[1.445636] (px4_msgs) StdoutLine: {'line': b'-- Up-to-date: /home/mustardking/ws_sensor_combined/install/px4_msgs/share/px4_msgs/msg/SensorGyro.msg\n'}
[1.445659] (px4_msgs) StdoutLine: {'line': b'-- Up-to-date: /home/mustardking/ws_sensor_combined/install/px4_msgs/share/px4_msgs/msg/SensorGyroFft.msg\n'}
[1.445681] (px4_msgs) StdoutLine: {'line': b'-- Up-to-date: /home/mustardking/ws_sensor_combined/install/px4_msgs/share/px4_msgs/msg/SensorGyroFifo.msg\n'}
[1.445704] (px4_msgs) StdoutLine: {'line': b'-- Up-to-date: /home/mustardking/ws_sensor_combined/install/px4_msgs/share/px4_msgs/msg/SensorHygrometer.msg\n'}
[1.445726] (px4_msgs) StdoutLine: {'line': b'-- Up-to-date: /home/mustardking/ws_sensor_combined/install/px4_msgs/share/px4_msgs/msg/SensorMag.msg\n'}
[1.446703] (px4_msgs) StdoutLine: {'line': b'-- Up-to-date: /home/mustardking/ws_sensor_combined/install/px4_msgs/share/px4_msgs/msg/SensorOpticalFlow.msg\n'}
[1.446747] (px4_msgs) StdoutLine: {'line': b'-- Up-to-date: /home/mustardking/ws_sensor_combined/install/px4_msgs/share/px4_msgs/msg/SensorPreflightMag.msg\n'}
[1.446777] (px4_msgs) StdoutLine: {'line': b'-- Up-to-date: /home/mustardking/ws_sensor_combined/install/px4_msgs/share/px4_msgs/msg/SensorSelection.msg\n'}
[1.446799] (px4_msgs) StdoutLine: {'line': b'-- Up-to-date: /home/mustardking/ws_sensor_combined/install/px4_msgs/share/px4_msgs/msg/SensorUwb.msg\n'}
[1.446824] (px4_msgs) StdoutLine: {'line': b'-- Up-to-date: /home/mustardking/ws_sensor_combined/install/px4_msgs/share/px4_msgs/msg/SensorsStatus.msg\n'}
[1.446847] (px4_msgs) StdoutLine: {'line': b'-- Up-to-date: /home/mustardking/ws_sensor_combined/install/px4_msgs/share/px4_msgs/msg/SensorsStatusImu.msg\n'}
[1.446870] (px4_msgs) StdoutLine: {'line': b'-- Up-to-date: /home/mustardking/ws_sensor_combined/install/px4_msgs/share/px4_msgs/msg/SystemPower.msg\n'}
[1.446905] (px4_msgs) StdoutLine: {'line': b'-- Up-to-date: /home/mustardking/ws_sensor_combined/install/px4_msgs/share/px4_msgs/msg/TakeoffStatus.msg\n'}
[1.446928] (px4_msgs) StdoutLine: {'line': b'-- Up-to-date: /home/mustardking/ws_sensor_combined/install/px4_msgs/share/px4_msgs/msg/TaskStackInfo.msg\n'}
[1.446950] (px4_msgs) StdoutLine: {'line': b'-- Up-to-date: /home/mustardking/ws_sensor_combined/install/px4_msgs/share/px4_msgs/msg/TecsStatus.msg\n'}
[1.446973] (px4_msgs) StdoutLine: {'line': b'-- Up-to-date: /home/mustardking/ws_sensor_combined/install/px4_msgs/share/px4_msgs/msg/TelemetryStatus.msg\n'}
[1.446997] (px4_msgs) StdoutLine: {'line': b'-- Up-to-date: /home/mustardking/ws_sensor_combined/install/px4_msgs/share/px4_msgs/msg/TiltrotorExtraControls.msg\n'}
[1.447033] (px4_msgs) StdoutLine: {'line': b'-- Up-to-date: /home/mustardking/ws_sensor_combined/install/px4_msgs/share/px4_msgs/msg/TimesyncStatus.msg\n'}
[1.447055] (px4_msgs) StdoutLine: {'line': b'-- Up-to-date: /home/mustardking/ws_sensor_combined/install/px4_msgs/share/px4_msgs/msg/TrajectorySetpoint.msg\n'}
[1.447077] (px4_msgs) StdoutLine: {'line': b'-- Up-to-date: /home/mustardking/ws_sensor_combined/install/px4_msgs/share/px4_msgs/msg/TrajectorySetpoint6dof.msg\n'}
[1.447100] (px4_msgs) StdoutLine: {'line': b'-- Up-to-date: /home/mustardking/ws_sensor_combined/install/px4_msgs/share/px4_msgs/msg/TransponderReport.msg\n'}
[1.447122] (px4_msgs) StdoutLine: {'line': b'-- Up-to-date: /home/mustardking/ws_sensor_combined/install/px4_msgs/share/px4_msgs/msg/TuneControl.msg\n'}
[1.447145] (px4_msgs) StdoutLine: {'line': b'-- Up-to-date: /home/mustardking/ws_sensor_combined/install/px4_msgs/share/px4_msgs/msg/UavcanParameterRequest.msg\n'}
[1.447167] (px4_msgs) StdoutLine: {'line': b'-- Up-to-date: /home/mustardking/ws_sensor_combined/install/px4_msgs/share/px4_msgs/msg/UavcanParameterValue.msg\n'}
[1.447206] (px4_msgs) StdoutLine: {'line': b'-- Up-to-date: /home/mustardking/ws_sensor_combined/install/px4_msgs/share/px4_msgs/msg/UlogStream.msg\n'}
[1.447229] (px4_msgs) StdoutLine: {'line': b'-- Up-to-date: /home/mustardking/ws_sensor_combined/install/px4_msgs/share/px4_msgs/msg/UlogStreamAck.msg\n'}
[1.447251] (px4_msgs) StdoutLine: {'line': b'-- Up-to-date: /home/mustardking/ws_sensor_combined/install/px4_msgs/share/px4_msgs/msg/UnregisterExtComponent.msg\n'}
[1.447274] (px4_msgs) StdoutLine: {'line': b'-- Up-to-date: /home/mustardking/ws_sensor_combined/install/px4_msgs/share/px4_msgs/msg/VehicleAcceleration.msg\n'}
[1.447296] (px4_msgs) StdoutLine: {'line': b'-- Up-to-date: /home/mustardking/ws_sensor_combined/install/px4_msgs/share/px4_msgs/msg/VehicleAirData.msg\n'}
[1.447332] (px4_msgs) StdoutLine: {'line': b'-- Up-to-date: /home/mustardking/ws_sensor_combined/install/px4_msgs/share/px4_msgs/msg/VehicleAngularAccelerationSetpoint.msg\n'}
[1.447355] (px4_msgs) StdoutLine: {'line': b'-- Up-to-date: /home/mustardking/ws_sensor_combined/install/px4_msgs/share/px4_msgs/msg/VehicleAngularVelocity.msg\n'}
[1.447377] (px4_msgs) StdoutLine: {'line': b'-- Up-to-date: /home/mustardking/ws_sensor_combined/install/px4_msgs/share/px4_msgs/msg/VehicleAttitude.msg\n'}
[1.447400] (px4_msgs) StdoutLine: {'line': b'-- Up-to-date: /home/mustardking/ws_sensor_combined/install/px4_msgs/share/px4_msgs/msg/VehicleAttitudeSetpoint.msg\n'}
[1.447425] (px4_msgs) StdoutLine: {'line': b'-- Up-to-date: /home/mustardking/ws_sensor_combined/install/px4_msgs/share/px4_msgs/msg/VehicleCommand.msg\n'}
[1.447447] (px4_msgs) StdoutLine: {'line': b'-- Up-to-date: /home/mustardking/ws_sensor_combined/install/px4_msgs/share/px4_msgs/msg/VehicleCommandAck.msg\n'}
[1.447470] (px4_msgs) StdoutLine: {'line': b'-- Up-to-date: /home/mustardking/ws_sensor_combined/install/px4_msgs/share/px4_msgs/msg/VehicleConstraints.msg\n'}
[1.447505] (px4_msgs) StdoutLine: {'line': b'-- Up-to-date: /home/mustardking/ws_sensor_combined/install/px4_msgs/share/px4_msgs/msg/VehicleControlMode.msg\n'}
[1.447527] (px4_msgs) StdoutLine: {'line': b'-- Up-to-date: /home/mustardking/ws_sensor_combined/install/px4_msgs/share/px4_msgs/msg/VehicleGlobalPosition.msg\n'}
[1.447550] (px4_msgs) StdoutLine: {'line': b'-- Up-to-date: /home/mustardking/ws_sensor_combined/install/px4_msgs/share/px4_msgs/msg/VehicleImu.msg\n'}
[1.447572] (px4_msgs) StdoutLine: {'line': b'-- Up-to-date: /home/mustardking/ws_sensor_combined/install/px4_msgs/share/px4_msgs/msg/VehicleImuStatus.msg\n'}
[1.447594] (px4_msgs) StdoutLine: {'line': b'-- Up-to-date: /home/mustardking/ws_sensor_combined/install/px4_msgs/share/px4_msgs/msg/VehicleLandDetected.msg\n'}
[1.447633] (px4_msgs) StdoutLine: {'line': b'-- Up-to-date: /home/mustardking/ws_sensor_combined/install/px4_msgs/share/px4_msgs/msg/VehicleLocalPosition.msg\n'}
[1.447658] (px4_msgs) StdoutLine: {'line': b'-- Up-to-date: /home/mustardking/ws_sensor_combined/install/px4_msgs/share/px4_msgs/msg/VehicleLocalPositionSetpoint.msg\n'}
[1.447681] (px4_msgs) StdoutLine: {'line': b'-- Up-to-date: /home/mustardking/ws_sensor_combined/install/px4_msgs/share/px4_msgs/msg/VehicleMagnetometer.msg\n'}
[1.447705] (px4_msgs) StdoutLine: {'line': b'-- Up-to-date: /home/mustardking/ws_sensor_combined/install/px4_msgs/share/px4_msgs/msg/VehicleOdometry.msg\n'}
[1.447727] (px4_msgs) StdoutLine: {'line': b'-- Up-to-date: /home/mustardking/ws_sensor_combined/install/px4_msgs/share/px4_msgs/msg/VehicleOpticalFlow.msg\n'}
[1.447749] (px4_msgs) StdoutLine: {'line': b'-- Up-to-date: /home/mustardking/ws_sensor_combined/install/px4_msgs/share/px4_msgs/msg/VehicleOpticalFlowVel.msg\n'}
[1.447785] (px4_msgs) StdoutLine: {'line': b'-- Up-to-date: /home/mustardking/ws_sensor_combined/install/px4_msgs/share/px4_msgs/msg/VehicleRatesSetpoint.msg\n'}
[1.447808] (px4_msgs) StdoutLine: {'line': b'-- Up-to-date: /home/mustardking/ws_sensor_combined/install/px4_msgs/share/px4_msgs/msg/VehicleRoi.msg\n'}
[1.447831] (px4_msgs) StdoutLine: {'line': b'-- Up-to-date: /home/mustardking/ws_sensor_combined/install/px4_msgs/share/px4_msgs/msg/VehicleStatus.msg\n'}
[1.447853] (px4_msgs) StdoutLine: {'line': b'-- Up-to-date: /home/mustardking/ws_sensor_combined/install/px4_msgs/share/px4_msgs/msg/VehicleThrustSetpoint.msg\n'}
[1.447913] (px4_msgs) StdoutLine: {'line': b'-- Up-to-date: /home/mustardking/ws_sensor_combined/install/px4_msgs/share/px4_msgs/msg/VehicleTorqueSetpoint.msg\n'}
[1.448599] (px4_msgs) StdoutLine: {'line': b'-- Up-to-date: /home/mustardking/ws_sensor_combined/install/px4_msgs/share/px4_msgs/msg/VelocityLimits.msg\n'}
[1.448633] (px4_msgs) StdoutLine: {'line': b'-- Up-to-date: /home/mustardking/ws_sensor_combined/install/px4_msgs/share/px4_msgs/msg/VtolVehicleStatus.msg\n'}
[1.448657] (px4_msgs) StdoutLine: {'line': b'-- Up-to-date: /home/mustardking/ws_sensor_combined/install/px4_msgs/share/px4_msgs/msg/WheelEncoders.msg\n'}
[1.448694] (px4_msgs) StdoutLine: {'line': b'-- Up-to-date: /home/mustardking/ws_sensor_combined/install/px4_msgs/share/px4_msgs/msg/Wind.msg\n'}
[1.448718] (px4_msgs) StdoutLine: {'line': b'-- Up-to-date: /home/mustardking/ws_sensor_combined/install/px4_msgs/share/px4_msgs/msg/YawEstimatorStatus.msg\n'}
[1.448809] (px4_msgs) StdoutLine: {'line': b'-- Up-to-date: /home/mustardking/ws_sensor_combined/install/px4_msgs/share/px4_msgs/srv/VehicleCommand.srv\n'}
[1.448980] (px4_msgs) StdoutLine: {'line': b'-- Up-to-date: /home/mustardking/ws_sensor_combined/install/px4_msgs/share/px4_msgs/srv/VehicleCommand_Request.msg\n'}
[1.449115] (px4_msgs) StdoutLine: {'line': b'-- Up-to-date: /home/mustardking/ws_sensor_combined/install/px4_msgs/share/px4_msgs/srv/VehicleCommand_Response.msg\n'}
[1.449258] (px4_msgs) StdoutLine: {'line': b'-- Up-to-date: /home/mustardking/ws_sensor_combined/install/px4_msgs/share/ament_index/resource_index/package_run_dependencies/px4_msgs\n'}
[1.449382] (px4_msgs) StdoutLine: {'line': b'-- Up-to-date: /home/mustardking/ws_sensor_combined/install/px4_msgs/share/ament_index/resource_index/parent_prefix_path/px4_msgs\n'}
[1.450396] (px4_msgs) StdoutLine: {'line': b'-- Up-to-date: /home/mustardking/ws_sensor_combined/install/px4_msgs/share/px4_msgs/environment/ament_prefix_path.sh\n'}
[1.450456] (px4_msgs) StdoutLine: {'line': b'-- Up-to-date: /home/mustardking/ws_sensor_combined/install/px4_msgs/share/px4_msgs/environment/ament_prefix_path.dsv\n'}
[1.450482] (px4_msgs) StdoutLine: {'line': b'-- Up-to-date: /home/mustardking/ws_sensor_combined/install/px4_msgs/share/px4_msgs/environment/path.sh\n'}
[1.450506] (px4_msgs) StdoutLine: {'line': b'-- Up-to-date: /home/mustardking/ws_sensor_combined/install/px4_msgs/share/px4_msgs/environment/path.dsv\n'}
[1.450530] (px4_msgs) StdoutLine: {'line': b'-- Up-to-date: /home/mustardking/ws_sensor_combined/install/px4_msgs/share/px4_msgs/local_setup.bash\n'}
[1.450568] (px4_msgs) StdoutLine: {'line': b'-- Up-to-date: /home/mustardking/ws_sensor_combined/install/px4_msgs/share/px4_msgs/local_setup.sh\n'}
[1.450594] (px4_msgs) StdoutLine: {'line': b'-- Up-to-date: /home/mustardking/ws_sensor_combined/install/px4_msgs/share/px4_msgs/local_setup.zsh\n'}
[1.450618] (px4_msgs) StdoutLine: {'line': b'-- Up-to-date: /home/mustardking/ws_sensor_combined/install/px4_msgs/share/px4_msgs/local_setup.dsv\n'}
[1.450735] (px4_msgs) StdoutLine: {'line': b'-- Installing: /home/mustardking/ws_sensor_combined/install/px4_msgs/share/px4_msgs/package.dsv\n'}
[1.451035] (px4_msgs) StdoutLine: {'line': b'-- Up-to-date: /home/mustardking/ws_sensor_combined/install/px4_msgs/share/ament_index/resource_index/packages/px4_msgs\n'}
[1.451265] (px4_msgs) StdoutLine: {'line': b'-- Up-to-date: /home/mustardking/ws_sensor_combined/install/px4_msgs/share/px4_msgs/cmake/export_px4_msgs__rosidl_generator_cExport.cmake\n'}
[1.451410] (px4_msgs) StdoutLine: {'line': b'-- Up-to-date: /home/mustardking/ws_sensor_combined/install/px4_msgs/share/px4_msgs/cmake/export_px4_msgs__rosidl_generator_cExport-noconfig.cmake\n'}
[1.451651] (px4_msgs) StdoutLine: {'line': b'-- Up-to-date: /home/mustardking/ws_sensor_combined/install/px4_msgs/share/px4_msgs/cmake/export_px4_msgs__rosidl_typesupport_fastrtps_cExport.cmake\n'}
[1.451786] (px4_msgs) StdoutLine: {'line': b'-- Up-to-date: /home/mustardking/ws_sensor_combined/install/px4_msgs/share/px4_msgs/cmake/export_px4_msgs__rosidl_typesupport_fastrtps_cExport-noconfig.cmake\n'}
[1.452529] (px4_msgs) StdoutLine: {'line': b'-- Up-to-date: /home/mustardking/ws_sensor_combined/install/px4_msgs/share/px4_msgs/cmake/export_px4_msgs__rosidl_generator_cppExport.cmake\n'}
[1.452592] (px4_msgs) StdoutLine: {'line': b'-- Up-to-date: /home/mustardking/ws_sensor_combined/install/px4_msgs/share/px4_msgs/cmake/export_px4_msgs__rosidl_typesupport_fastrtps_cppExport.cmake\n'}
[1.452618] (px4_msgs) StdoutLine: {'line': b'-- Up-to-date: /home/mustardking/ws_sensor_combined/install/px4_msgs/share/px4_msgs/cmake/export_px4_msgs__rosidl_typesupport_fastrtps_cppExport-noconfig.cmake\n'}
[1.452642] (px4_msgs) StdoutLine: {'line': b'-- Up-to-date: /home/mustardking/ws_sensor_combined/install/px4_msgs/share/px4_msgs/cmake/px4_msgs__rosidl_typesupport_introspection_cExport.cmake\n'}
[1.452698] (px4_msgs) StdoutLine: {'line': b'-- Up-to-date: /home/mustardking/ws_sensor_combined/install/px4_msgs/share/px4_msgs/cmake/px4_msgs__rosidl_typesupport_introspection_cExport-noconfig.cmake\n'}
[1.452831] (px4_msgs) StdoutLine: {'line': b'-- Up-to-date: /home/mustardking/ws_sensor_combined/install/px4_msgs/share/px4_msgs/cmake/px4_msgs__rosidl_typesupport_cExport.cmake\n'}
[1.452959] (px4_msgs) StdoutLine: {'line': b'-- Up-to-date: /home/mustardking/ws_sensor_combined/install/px4_msgs/share/px4_msgs/cmake/px4_msgs__rosidl_typesupport_cExport-noconfig.cmake\n'}
[1.453121] (px4_msgs) StdoutLine: {'line': b'-- Up-to-date: /home/mustardking/ws_sensor_combined/install/px4_msgs/share/px4_msgs/cmake/px4_msgs__rosidl_typesupport_introspection_cppExport.cmake\n'}
[1.453295] (px4_msgs) StdoutLine: {'line': b'-- Up-to-date: /home/mustardking/ws_sensor_combined/install/px4_msgs/share/px4_msgs/cmake/px4_msgs__rosidl_typesupport_introspection_cppExport-noconfig.cmake\n'}
[1.453446] (px4_msgs) StdoutLine: {'line': b'-- Up-to-date: /home/mustardking/ws_sensor_combined/install/px4_msgs/share/px4_msgs/cmake/px4_msgs__rosidl_typesupport_cppExport.cmake\n'}
[1.453617] (px4_msgs) StdoutLine: {'line': b'-- Up-to-date: /home/mustardking/ws_sensor_combined/install/px4_msgs/share/px4_msgs/cmake/px4_msgs__rosidl_typesupport_cppExport-noconfig.cmake\n'}
[1.453780] (px4_msgs) StdoutLine: {'line': b'-- Up-to-date: /home/mustardking/ws_sensor_combined/install/px4_msgs/share/px4_msgs/cmake/export_px4_msgs__rosidl_generator_pyExport.cmake\n'}
[1.453981] (px4_msgs) StdoutLine: {'line': b'-- Up-to-date: /home/mustardking/ws_sensor_combined/install/px4_msgs/share/px4_msgs/cmake/export_px4_msgs__rosidl_generator_pyExport-noconfig.cmake\n'}
[1.454103] (px4_msgs) StdoutLine: {'line': b'-- Up-to-date: /home/mustardking/ws_sensor_combined/install/px4_msgs/share/px4_msgs/cmake/rosidl_cmake-extras.cmake\n'}
[1.470087] (px4_msgs) StdoutLine: {'line': b'-- Up-to-date: /home/mustardking/ws_sensor_combined/install/px4_msgs/share/px4_msgs/cmake/ament_cmake_export_dependencies-extras.cmake\n'}
[1.470143] (px4_msgs) StdoutLine: {'line': b'-- Up-to-date: /home/mustardking/ws_sensor_combined/install/px4_msgs/share/px4_msgs/cmake/ament_cmake_export_include_directories-extras.cmake\n'}
[1.470181] (px4_msgs) StdoutLine: {'line': b'-- Up-to-date: /home/mustardking/ws_sensor_combined/install/px4_msgs/share/px4_msgs/cmake/ament_cmake_export_libraries-extras.cmake\n'}
[1.470208] (px4_msgs) StdoutLine: {'line': b'-- Up-to-date: /home/mustardking/ws_sensor_combined/install/px4_msgs/share/px4_msgs/cmake/ament_cmake_export_targets-extras.cmake\n'}
[1.470430] (px4_msgs) StdoutLine: {'line': b'-- Up-to-date: /home/mustardking/ws_sensor_combined/install/px4_msgs/share/px4_msgs/cmake/rosidl_cmake_export_typesupport_targets-extras.cmake\n'}
[1.470455] (px4_msgs) StdoutLine: {'line': b'-- Up-to-date: /home/mustardking/ws_sensor_combined/install/px4_msgs/share/px4_msgs/cmake/rosidl_cmake_export_typesupport_libraries-extras.cmake\n'}
[1.470479] (px4_msgs) StdoutLine: {'line': b'-- Up-to-date: /home/mustardking/ws_sensor_combined/install/px4_msgs/share/px4_msgs/cmake/px4_msgsConfig.cmake\n'}
[1.470503] (px4_msgs) StdoutLine: {'line': b'-- Up-to-date: /home/mustardking/ws_sensor_combined/install/px4_msgs/share/px4_msgs/cmake/px4_msgsConfig-version.cmake\n'}
[1.470526] (px4_msgs) StdoutLine: {'line': b'-- Up-to-date: /home/mustardking/ws_sensor_combined/install/px4_msgs/share/px4_msgs/package.xml\n'}
[1.470550] (px4_msgs) CommandEnded: {'returncode': 0}
[1.472893] (px4_msgs) JobEnded: {'identifier': 'px4_msgs', 'rc': 0}
[1.473109] (px4_ros_com) JobStarted: {'identifier': 'px4_ros_com'}
[1.480130] (px4_ros_com) JobProgress: {'identifier': 'px4_ros_com', 'progress': 'cmake'}
[1.480447] (px4_ros_com) JobProgress: {'identifier': 'px4_ros_com', 'progress': 'build'}
[1.481037] (px4_ros_com) Command: {'cmd': ['/usr/bin/cmake', '--build', '/home/mustardking/ws_sensor_combined/build/px4_ros_com', '--', '-j4', '-l4'], 'cwd': '/home/mustardking/ws_sensor_combined/build/px4_ros_com', 'env': OrderedDict([('LESSOPEN', '| /usr/bin/lesspipe %s'), ('USER', 'mustardking'), ('XDG_SESSION_TYPE', 'wayland'), ('SHLVL', '1'), ('LD_LIBRARY_PATH', '/home/mustardking/ws_sensor_combined/install/px4_msgs/lib:/opt/ros/humble/opt/rviz_ogre_vendor/lib:/opt/ros/humble/lib/aarch64-linux-gnu:/opt/ros/humble/lib'), ('HOME', '/home/mustardking'), ('OLDPWD', '/home/mustardking'), ('DESKTOP_SESSION', 'ubuntu'), ('ROS_PYTHON_VERSION', '3'), ('GNOME_SHELL_SESSION_MODE', 'ubuntu'), ('GTK_MODULES', 'gail:atk-bridge'), ('SYSTEMD_EXEC_PID', '1955'), ('DBUS_SESSION_BUS_ADDRESS', 'unix:path=/run/user/1000/bus'), ('COLORTERM', 'truecolor'), ('IM_CONFIG_PHASE', '1'), ('WAYLAND_DISPLAY', 'wayland-0'), ('ROS_DISTRO', 'humble'), ('LOGNAME', 'mustardking'), ('_', '/usr/bin/colcon'), ('ROS_VERSION', '2'), ('XDG_SESSION_CLASS', 'user'), ('USERNAME', 'mustardking'), ('TERM', 'xterm-256color'), ('GNOME_DESKTOP_SESSION_ID', 'this-is-deprecated'), ('ROS_LOCALHOST_ONLY', '0'), ('PATH', '/opt/ros/humble/bin:/opt/gcc-arm-none-eabi-9-2020-q2-update/bin:/home/mustardking/.local/bin:/usr/local/sbin:/usr/local/bin:/usr/sbin:/usr/bin:/sbin:/bin:/usr/games:/usr/local/games:/snap/bin:/snap/bin'), ('SESSION_MANAGER', 'local/hektors-mac:@/tmp/.ICE-unix/1460,unix/hektors-mac:/tmp/.ICE-unix/1460'), ('XDG_MENU_PREFIX', 'gnome-'), ('GNOME_TERMINAL_SCREEN', '/org/gnome/Terminal/screen/1f95d2b5_5b51_4009_ad3d_92472308b1b1'), ('GNOME_SETUP_DISPLAY', ':1'), ('XDG_RUNTIME_DIR', '/run/user/1000'), ('DISPLAY', ':0'), ('LANG', 'en_US.UTF-8'), ('XDG_CURRENT_DESKTOP', 'ubuntu:GNOME'), ('XMODIFIERS', '@im=ibus'), ('XDG_SESSION_DESKTOP', 'ubuntu'), ('XAUTHORITY', '/run/user/1000/.mutter-Xwaylandauth.Q6BCF3'), ('LS_COLORS', 'rs=0:di=01;34:ln=01;36:mh=00:pi=40;33:so=01;35:do=01;35:bd=40;33;01:cd=40;33;01:or=40;31;01:mi=00:su=37;41:sg=30;43:ca=30;41:tw=30;42:ow=34;42:st=37;44:ex=01;32:*.tar=01;31:*.tgz=01;31:*.arc=01;31:*.arj=01;31:*.taz=01;31:*.lha=01;31:*.lz4=01;31:*.lzh=01;31:*.lzma=01;31:*.tlz=01;31:*.txz=01;31:*.tzo=01;31:*.t7z=01;31:*.zip=01;31:*.z=01;31:*.dz=01;31:*.gz=01;31:*.lrz=01;31:*.lz=01;31:*.lzo=01;31:*.xz=01;31:*.zst=01;31:*.tzst=01;31:*.bz2=01;31:*.bz=01;31:*.tbz=01;31:*.tbz2=01;31:*.tz=01;31:*.deb=01;31:*.rpm=01;31:*.jar=01;31:*.war=01;31:*.ear=01;31:*.sar=01;31:*.rar=01;31:*.alz=01;31:*.ace=01;31:*.zoo=01;31:*.cpio=01;31:*.7z=01;31:*.rz=01;31:*.cab=01;31:*.wim=01;31:*.swm=01;31:*.dwm=01;31:*.esd=01;31:*.jpg=01;35:*.jpeg=01;35:*.mjpg=01;35:*.mjpeg=01;35:*.gif=01;35:*.bmp=01;35:*.pbm=01;35:*.pgm=01;35:*.ppm=01;35:*.tga=01;35:*.xbm=01;35:*.xpm=01;35:*.tif=01;35:*.tiff=01;35:*.png=01;35:*.svg=01;35:*.svgz=01;35:*.mng=01;35:*.pcx=01;35:*.mov=01;35:*.mpg=01;35:*.mpeg=01;35:*.m2v=01;35:*.mkv=01;35:*.webm=01;35:*.webp=01;35:*.ogm=01;35:*.mp4=01;35:*.m4v=01;35:*.mp4v=01;35:*.vob=01;35:*.qt=01;35:*.nuv=01;35:*.wmv=01;35:*.asf=01;35:*.rm=01;35:*.rmvb=01;35:*.flc=01;35:*.avi=01;35:*.fli=01;35:*.flv=01;35:*.gl=01;35:*.dl=01;35:*.xcf=01;35:*.xwd=01;35:*.yuv=01;35:*.cgm=01;35:*.emf=01;35:*.ogv=01;35:*.ogx=01;35:*.aac=00;36:*.au=00;36:*.flac=00;36:*.m4a=00;36:*.mid=00;36:*.midi=00;36:*.mka=00;36:*.mp3=00;36:*.mpc=00;36:*.ogg=00;36:*.ra=00;36:*.wav=00;36:*.oga=00;36:*.opus=00;36:*.spx=00;36:*.xspf=00;36:'), ('GNOME_TERMINAL_SERVICE', ':1.101'), ('SSH_AGENT_LAUNCHER', 'gnome-keyring'), ('SSH_AUTH_SOCK', '/run/user/1000/keyring/ssh'), ('AMENT_PREFIX_PATH', '/home/mustardking/ws_sensor_combined/install/px4_msgs:/opt/ros/humble'), ('SHELL', '/bin/bash'), ('QT_ACCESSIBILITY', '1'), ('GDMSESSION', 'ubuntu'), ('LESSCLOSE', '/usr/bin/lesspipe %s %s'), ('QT_IM_MODULE', 'ibus'), ('PWD', '/home/mustardking/ws_sensor_combined/build/px4_ros_com'), ('LC_ALL', 'en_US.UTF-8'), ('XDG_CONFIG_DIRS', '/etc/xdg/xdg-ubuntu:/etc/xdg'), ('XDG_DATA_DIRS', '/usr/share/ubuntu:/home/mustardking/.local/share/flatpak/exports/share:/var/lib/flatpak/exports/share:/usr/local/share/:/usr/share/:/var/lib/snapd/desktop'), ('PYTHONPATH', '/home/mustardking/ws_sensor_combined/install/px4_msgs/local/lib/python3.10/dist-packages:/opt/ros/humble/lib/python3.10/site-packages:/opt/ros/humble/local/lib/python3.10/dist-packages'), ('COLCON', '1'), ('VTE_VERSION', '6800'), ('CMAKE_PREFIX_PATH', '/home/mustardking/ws_sensor_combined/install/px4_msgs:/opt/ros/humble')]), 'shell': False}
[1.506337] (-) TimerEvent: {}
[1.544349] (px4_ros_com) StdoutLine: {'line': b'[ 16%] Built target frame_transforms\n'}
[1.561761] (px4_ros_com) StdoutLine: {'line': b'[ 33%] Built target debug_vect_advertiser\n'}
[1.574593] (px4_ros_com) StdoutLine: {'line': b'[ 50%] Built target offboard_control\n'}
[1.602403] (px4_ros_com) StdoutLine: {'line': b'[ 66%] Built target offboard_control_srv\n'}
[1.606414] (-) TimerEvent: {}
[1.618551] (px4_ros_com) StdoutLine: {'line': b'[ 66%] Built target ament_cmake_python_copy_px4_ros_com\n'}
[1.637737] (px4_ros_com) StdoutLine: {'line': b'[ 83%] Built target vehicle_gps_position_listener\n'}
[1.707015] (-) TimerEvent: {}
[1.809468] (-) TimerEvent: {}
[1.910044] (px4_ros_com) StdoutLine: {'line': b'running egg_info\n'}
[1.910678] (-) TimerEvent: {}
[1.916704] (px4_ros_com) StdoutLine: {'line': b'writing px4_ros_com.egg-info/PKG-INFO\n'}
[1.917209] (px4_ros_com) StdoutLine: {'line': b'writing dependency_links to px4_ros_com.egg-info/dependency_links.txt\n'}
[1.917580] (px4_ros_com) StdoutLine: {'line': b'writing top-level names to px4_ros_com.egg-info/top_level.txt\n'}
[1.938184] (px4_ros_com) StdoutLine: {'line': b"reading manifest file 'px4_ros_com.egg-info/SOURCES.txt'\n"}
[1.938694] (px4_ros_com) StdoutLine: {'line': b"writing manifest file 'px4_ros_com.egg-info/SOURCES.txt'\n"}
[1.973530] (px4_ros_com) StdoutLine: {'line': b'[ 83%] Built target ament_cmake_python_build_px4_ros_com_egg\n'}
[1.988174] (px4_ros_com) StdoutLine: {'line': b'[100%] Built target sensor_combined_listener\n'}
[2.008059] (px4_ros_com) CommandEnded: {'returncode': 0}
[2.009608] (px4_ros_com) JobProgress: {'identifier': 'px4_ros_com', 'progress': 'install'}
[2.009891] (px4_ros_com) Command: {'cmd': ['/usr/bin/cmake', '--install', '/home/mustardking/ws_sensor_combined/build/px4_ros_com'], 'cwd': '/home/mustardking/ws_sensor_combined/build/px4_ros_com', 'env': OrderedDict([('LESSOPEN', '| /usr/bin/lesspipe %s'), ('USER', 'mustardking'), ('XDG_SESSION_TYPE', 'wayland'), ('SHLVL', '1'), ('LD_LIBRARY_PATH', '/home/mustardking/ws_sensor_combined/install/px4_msgs/lib:/opt/ros/humble/opt/rviz_ogre_vendor/lib:/opt/ros/humble/lib/aarch64-linux-gnu:/opt/ros/humble/lib'), ('HOME', '/home/mustardking'), ('OLDPWD', '/home/mustardking'), ('DESKTOP_SESSION', 'ubuntu'), ('ROS_PYTHON_VERSION', '3'), ('GNOME_SHELL_SESSION_MODE', 'ubuntu'), ('GTK_MODULES', 'gail:atk-bridge'), ('SYSTEMD_EXEC_PID', '1955'), ('DBUS_SESSION_BUS_ADDRESS', 'unix:path=/run/user/1000/bus'), ('COLORTERM', 'truecolor'), ('IM_CONFIG_PHASE', '1'), ('WAYLAND_DISPLAY', 'wayland-0'), ('ROS_DISTRO', 'humble'), ('LOGNAME', 'mustardking'), ('_', '/usr/bin/colcon'), ('ROS_VERSION', '2'), ('XDG_SESSION_CLASS', 'user'), ('USERNAME', 'mustardking'), ('TERM', 'xterm-256color'), ('GNOME_DESKTOP_SESSION_ID', 'this-is-deprecated'), ('ROS_LOCALHOST_ONLY', '0'), ('PATH', '/opt/ros/humble/bin:/opt/gcc-arm-none-eabi-9-2020-q2-update/bin:/home/mustardking/.local/bin:/usr/local/sbin:/usr/local/bin:/usr/sbin:/usr/bin:/sbin:/bin:/usr/games:/usr/local/games:/snap/bin:/snap/bin'), ('SESSION_MANAGER', 'local/hektors-mac:@/tmp/.ICE-unix/1460,unix/hektors-mac:/tmp/.ICE-unix/1460'), ('XDG_MENU_PREFIX', 'gnome-'), ('GNOME_TERMINAL_SCREEN', '/org/gnome/Terminal/screen/1f95d2b5_5b51_4009_ad3d_92472308b1b1'), ('GNOME_SETUP_DISPLAY', ':1'), ('XDG_RUNTIME_DIR', '/run/user/1000'), ('DISPLAY', ':0'), ('LANG', 'en_US.UTF-8'), ('XDG_CURRENT_DESKTOP', 'ubuntu:GNOME'), ('XMODIFIERS', '@im=ibus'), ('XDG_SESSION_DESKTOP', 'ubuntu'), ('XAUTHORITY', '/run/user/1000/.mutter-Xwaylandauth.Q6BCF3'), ('LS_COLORS', 'rs=0:di=01;34:ln=01;36:mh=00:pi=40;33:so=01;35:do=01;35:bd=40;33;01:cd=40;33;01:or=40;31;01:mi=00:su=37;41:sg=30;43:ca=30;41:tw=30;42:ow=34;42:st=37;44:ex=01;32:*.tar=01;31:*.tgz=01;31:*.arc=01;31:*.arj=01;31:*.taz=01;31:*.lha=01;31:*.lz4=01;31:*.lzh=01;31:*.lzma=01;31:*.tlz=01;31:*.txz=01;31:*.tzo=01;31:*.t7z=01;31:*.zip=01;31:*.z=01;31:*.dz=01;31:*.gz=01;31:*.lrz=01;31:*.lz=01;31:*.lzo=01;31:*.xz=01;31:*.zst=01;31:*.tzst=01;31:*.bz2=01;31:*.bz=01;31:*.tbz=01;31:*.tbz2=01;31:*.tz=01;31:*.deb=01;31:*.rpm=01;31:*.jar=01;31:*.war=01;31:*.ear=01;31:*.sar=01;31:*.rar=01;31:*.alz=01;31:*.ace=01;31:*.zoo=01;31:*.cpio=01;31:*.7z=01;31:*.rz=01;31:*.cab=01;31:*.wim=01;31:*.swm=01;31:*.dwm=01;31:*.esd=01;31:*.jpg=01;35:*.jpeg=01;35:*.mjpg=01;35:*.mjpeg=01;35:*.gif=01;35:*.bmp=01;35:*.pbm=01;35:*.pgm=01;35:*.ppm=01;35:*.tga=01;35:*.xbm=01;35:*.xpm=01;35:*.tif=01;35:*.tiff=01;35:*.png=01;35:*.svg=01;35:*.svgz=01;35:*.mng=01;35:*.pcx=01;35:*.mov=01;35:*.mpg=01;35:*.mpeg=01;35:*.m2v=01;35:*.mkv=01;35:*.webm=01;35:*.webp=01;35:*.ogm=01;35:*.mp4=01;35:*.m4v=01;35:*.mp4v=01;35:*.vob=01;35:*.qt=01;35:*.nuv=01;35:*.wmv=01;35:*.asf=01;35:*.rm=01;35:*.rmvb=01;35:*.flc=01;35:*.avi=01;35:*.fli=01;35:*.flv=01;35:*.gl=01;35:*.dl=01;35:*.xcf=01;35:*.xwd=01;35:*.yuv=01;35:*.cgm=01;35:*.emf=01;35:*.ogv=01;35:*.ogx=01;35:*.aac=00;36:*.au=00;36:*.flac=00;36:*.m4a=00;36:*.mid=00;36:*.midi=00;36:*.mka=00;36:*.mp3=00;36:*.mpc=00;36:*.ogg=00;36:*.ra=00;36:*.wav=00;36:*.oga=00;36:*.opus=00;36:*.spx=00;36:*.xspf=00;36:'), ('GNOME_TERMINAL_SERVICE', ':1.101'), ('SSH_AGENT_LAUNCHER', 'gnome-keyring'), ('SSH_AUTH_SOCK', '/run/user/1000/keyring/ssh'), ('AMENT_PREFIX_PATH', '/home/mustardking/ws_sensor_combined/install/px4_msgs:/opt/ros/humble'), ('SHELL', '/bin/bash'), ('QT_ACCESSIBILITY', '1'), ('GDMSESSION', 'ubuntu'), ('LESSCLOSE', '/usr/bin/lesspipe %s %s'), ('QT_IM_MODULE', 'ibus'), ('PWD', '/home/mustardking/ws_sensor_combined/build/px4_ros_com'), ('LC_ALL', 'en_US.UTF-8'), ('XDG_CONFIG_DIRS', '/etc/xdg/xdg-ubuntu:/etc/xdg'), ('XDG_DATA_DIRS', '/usr/share/ubuntu:/home/mustardking/.local/share/flatpak/exports/share:/var/lib/flatpak/exports/share:/usr/local/share/:/usr/share/:/var/lib/snapd/desktop'), ('PYTHONPATH', '/home/mustardking/ws_sensor_combined/install/px4_msgs/local/lib/python3.10/dist-packages:/opt/ros/humble/lib/python3.10/site-packages:/opt/ros/humble/local/lib/python3.10/dist-packages'), ('COLCON', '1'), ('VTE_VERSION', '6800'), ('CMAKE_PREFIX_PATH', '/home/mustardking/ws_sensor_combined/install/px4_msgs:/opt/ros/humble')]), 'shell': False}
[2.011224] (-) TimerEvent: {}
[2.022880] (px4_ros_com) StdoutLine: {'line': b'-- Install configuration: ""\n'}
[2.023158] (px4_ros_com) StdoutLine: {'line': b'-- Up-to-date: /home/mustardking/ws_sensor_combined/install/px4_ros_com/lib/px4_ros_com/sensor_combined_listener\n'}
[2.023424] (px4_ros_com) StdoutLine: {'line': b'-- Up-to-date: /home/mustardking/ws_sensor_combined/install/px4_ros_com/lib/px4_ros_com/vehicle_gps_position_listener\n'}
[2.023671] (px4_ros_com) StdoutLine: {'line': b'-- Up-to-date: /home/mustardking/ws_sensor_combined/install/px4_ros_com/lib/px4_ros_com/debug_vect_advertiser\n'}
[2.023880] (px4_ros_com) StdoutLine: {'line': b'-- Up-to-date: /home/mustardking/ws_sensor_combined/install/px4_ros_com/lib/px4_ros_com/offboard_control\n'}
[2.024092] (px4_ros_com) StdoutLine: {'line': b'-- Up-to-date: /home/mustardking/ws_sensor_combined/install/px4_ros_com/lib/px4_ros_com/offboard_control_srv\n'}
[2.024248] (px4_ros_com) StdoutLine: {'line': b'-- Up-to-date: /home/mustardking/ws_sensor_combined/install/px4_ros_com/share/px4_ros_com/environment/library_path.sh\n'}
[2.024324] (px4_ros_com) StdoutLine: {'line': b'-- Up-to-date: /home/mustardking/ws_sensor_combined/install/px4_ros_com/share/px4_ros_com/environment/library_path.dsv\n'}
[2.024395] (px4_ros_com) StdoutLine: {'line': b'-- Up-to-date: /home/mustardking/ws_sensor_combined/install/px4_ros_com/include/px4_ros_com\n'}
[2.024504] (px4_ros_com) StdoutLine: {'line': b'-- Up-to-date: /home/mustardking/ws_sensor_combined/install/px4_ros_com/include/px4_ros_com/frame_transforms.h\n'}
[2.024639] (px4_ros_com) StdoutLine: {'line': b'-- Up-to-date: /home/mustardking/ws_sensor_combined/install/px4_ros_com/lib/libframe_transforms.so\n'}
[2.024770] (px4_ros_com) StdoutLine: {'line': b'-- Up-to-date: /home/mustardking/ws_sensor_combined/install/px4_ros_com/share/px4_ros_com//launch\n'}
[2.024858] (px4_ros_com) StdoutLine: {'line': b'-- Up-to-date: /home/mustardking/ws_sensor_combined/install/px4_ros_com/share/px4_ros_com//launch/offboard_control_launch.yaml\n'}
[2.024921] (px4_ros_com) StdoutLine: {'line': b'-- Up-to-date: /home/mustardking/ws_sensor_combined/install/px4_ros_com/share/px4_ros_com//launch/sensor_combined_listener.launch.py\n'}
[2.025009] (px4_ros_com) StdoutLine: {'line': b'-- Up-to-date: /home/mustardking/ws_sensor_combined/install/px4_ros_com/share/px4_ros_com//test\n'}
[2.025176] (px4_ros_com) StdoutLine: {'line': b'-- Up-to-date: /home/mustardking/ws_sensor_combined/install/px4_ros_com/share/px4_ros_com//test/test_output.py\n'}
[2.025277] (px4_ros_com) StdoutLine: {'line': b'-- Up-to-date: /home/mustardking/ws_sensor_combined/install/px4_ros_com/share/px4_ros_com//test/__init__.py\n'}
[2.025317] (px4_ros_com) StdoutLine: {'line': b'-- Up-to-date: /home/mustardking/ws_sensor_combined/install/px4_ros_com/share/px4_ros_com//test/pipeline_io_test.py\n'}
[2.025386] (px4_ros_com) StdoutLine: {'line': b'-- Up-to-date: /home/mustardking/ws_sensor_combined/install/px4_ros_com/share/px4_ros_com//test/test_input.py\n'}
[2.025478] (px4_ros_com) StdoutLine: {'line': b'-- Up-to-date: /home/mustardking/ws_sensor_combined/install/px4_ros_com/share/px4_ros_com/environment/pythonpath.sh\n'}
[2.025552] (px4_ros_com) StdoutLine: {'line': b'-- Up-to-date: /home/mustardking/ws_sensor_combined/install/px4_ros_com/share/px4_ros_com/environment/pythonpath.dsv\n'}
[2.025678] (px4_ros_com) StdoutLine: {'line': b'-- Up-to-date: /home/mustardking/ws_sensor_combined/install/px4_ros_com/local/lib/python3.10/dist-packages/px4_ros_com-0.1.0-py3.10.egg-info\n'}
[2.025759] (px4_ros_com) StdoutLine: {'line': b'-- Installing: /home/mustardking/ws_sensor_combined/install/px4_ros_com/local/lib/python3.10/dist-packages/px4_ros_com-0.1.0-py3.10.egg-info/SOURCES.txt\n'}
[2.026311] (px4_ros_com) StdoutLine: {'line': b'-- Installing: /home/mustardking/ws_sensor_combined/install/px4_ros_com/local/lib/python3.10/dist-packages/px4_ros_com-0.1.0-py3.10.egg-info/PKG-INFO\n'}
[2.026449] (px4_ros_com) StdoutLine: {'line': b'-- Installing: /home/mustardking/ws_sensor_combined/install/px4_ros_com/local/lib/python3.10/dist-packages/px4_ros_com-0.1.0-py3.10.egg-info/dependency_links.txt\n'}
[2.026599] (px4_ros_com) StdoutLine: {'line': b'-- Installing: /home/mustardking/ws_sensor_combined/install/px4_ros_com/local/lib/python3.10/dist-packages/px4_ros_com-0.1.0-py3.10.egg-info/top_level.txt\n'}
[2.026757] (px4_ros_com) StdoutLine: {'line': b'-- Up-to-date: /home/mustardking/ws_sensor_combined/install/px4_ros_com/local/lib/python3.10/dist-packages/px4_ros_com\n'}
[2.026856] (px4_ros_com) StdoutLine: {'line': b'-- Up-to-date: /home/mustardking/ws_sensor_combined/install/px4_ros_com/local/lib/python3.10/dist-packages/px4_ros_com/module_to_import.py\n'}
[2.026881] (px4_ros_com) StdoutLine: {'line': b'-- Up-to-date: /home/mustardking/ws_sensor_combined/install/px4_ros_com/local/lib/python3.10/dist-packages/px4_ros_com/__init__.py\n'}
[2.053958] (px4_ros_com) StdoutLine: {'line': b"Listing '/home/mustardking/ws_sensor_combined/install/px4_ros_com/local/lib/python3.10/dist-packages/px4_ros_com'...\n"}
[2.054755] (px4_ros_com) StdoutLine: {'line': b'-- Up-to-date: /home/mustardking/ws_sensor_combined/install/px4_ros_com/lib/px4_ros_com/offboard_control.py\n'}
[2.054873] (px4_ros_com) StdoutLine: {'line': b'-- Up-to-date: /home/mustardking/ws_sensor_combined/install/px4_ros_com/share/ament_index/resource_index/package_run_dependencies/px4_ros_com\n'}
[2.055040] (px4_ros_com) StdoutLine: {'line': b'-- Up-to-date: /home/mustardking/ws_sensor_combined/install/px4_ros_com/share/ament_index/resource_index/parent_prefix_path/px4_ros_com\n'}
[2.055112] (px4_ros_com) StdoutLine: {'line': b'-- Up-to-date: /home/mustardking/ws_sensor_combined/install/px4_ros_com/share/px4_ros_com/environment/ament_prefix_path.sh\n'}
[2.055155] (px4_ros_com) StdoutLine: {'line': b'-- Up-to-date: /home/mustardking/ws_sensor_combined/install/px4_ros_com/share/px4_ros_com/environment/ament_prefix_path.dsv\n'}
[2.055196] (px4_ros_com) StdoutLine: {'line': b'-- Up-to-date: /home/mustardking/ws_sensor_combined/install/px4_ros_com/share/px4_ros_com/environment/path.sh\n'}
[2.055243] (px4_ros_com) StdoutLine: {'line': b'-- Up-to-date: /home/mustardking/ws_sensor_combined/install/px4_ros_com/share/px4_ros_com/environment/path.dsv\n'}
[2.055328] (px4_ros_com) StdoutLine: {'line': b'-- Up-to-date: /home/mustardking/ws_sensor_combined/install/px4_ros_com/share/px4_ros_com/local_setup.bash\n'}
[2.055362] (px4_ros_com) StdoutLine: {'line': b'-- Up-to-date: /home/mustardking/ws_sensor_combined/install/px4_ros_com/share/px4_ros_com/local_setup.sh\n'}
[2.055385] (px4_ros_com) StdoutLine: {'line': b'-- Up-to-date: /home/mustardking/ws_sensor_combined/install/px4_ros_com/share/px4_ros_com/local_setup.zsh\n'}
[2.055433] (px4_ros_com) StdoutLine: {'line': b'-- Up-to-date: /home/mustardking/ws_sensor_combined/install/px4_ros_com/share/px4_ros_com/local_setup.dsv\n'}
[2.055469] (px4_ros_com) StdoutLine: {'line': b'-- Installing: /home/mustardking/ws_sensor_combined/install/px4_ros_com/share/px4_ros_com/package.dsv\n'}
[2.055505] (px4_ros_com) StdoutLine: {'line': b'-- Up-to-date: /home/mustardking/ws_sensor_combined/install/px4_ros_com/share/ament_index/resource_index/packages/px4_ros_com\n'}
[2.055592] (px4_ros_com) StdoutLine: {'line': b'-- Up-to-date: /home/mustardking/ws_sensor_combined/install/px4_ros_com/share/px4_ros_com/cmake/export_frame_transformsExport.cmake\n'}
[2.055659] (px4_ros_com) StdoutLine: {'line': b'-- Up-to-date: /home/mustardking/ws_sensor_combined/install/px4_ros_com/share/px4_ros_com/cmake/export_frame_transformsExport-noconfig.cmake\n'}
[2.055706] (px4_ros_com) StdoutLine: {'line': b'-- Up-to-date: /home/mustardking/ws_sensor_combined/install/px4_ros_com/share/px4_ros_com/cmake/ament_cmake_export_dependencies-extras.cmake\n'}
[2.055816] (px4_ros_com) StdoutLine: {'line': b'-- Up-to-date: /home/mustardking/ws_sensor_combined/install/px4_ros_com/share/px4_ros_com/cmake/ament_cmake_export_targets-extras.cmake\n'}
[2.055842] (px4_ros_com) StdoutLine: {'line': b'-- Up-to-date: /home/mustardking/ws_sensor_combined/install/px4_ros_com/share/px4_ros_com/cmake/ament_cmake_export_include_directories-extras.cmake\n'}
[2.055866] (px4_ros_com) StdoutLine: {'line': b'-- Up-to-date: /home/mustardking/ws_sensor_combined/install/px4_ros_com/share/px4_ros_com/cmake/ament_cmake_export_libraries-extras.cmake\n'}
[2.055888] (px4_ros_com) StdoutLine: {'line': b'-- Up-to-date: /home/mustardking/ws_sensor_combined/install/px4_ros_com/share/px4_ros_com/cmake/px4_ros_comConfig.cmake\n'}
[2.055911] (px4_ros_com) StdoutLine: {'line': b'-- Up-to-date: /home/mustardking/ws_sensor_combined/install/px4_ros_com/share/px4_ros_com/cmake/px4_ros_comConfig-version.cmake\n'}
[2.055933] (px4_ros_com) StdoutLine: {'line': b'-- Up-to-date: /home/mustardking/ws_sensor_combined/install/px4_ros_com/share/px4_ros_com/package.xml\n'}
[2.061184] (px4_ros_com) CommandEnded: {'returncode': 0}
[2.081560] (px4_ros_com) JobEnded: {'identifier': 'px4_ros_com', 'rc': 0}
[2.083090] (-) EventReactorShutdown: {}
